<?xml version="1.0" encoding="utf-8"?>
<!DOCTYPE datafile PUBLIC "-//Logiqx//DTD ROM Management Datafile//EN" "http://www.logiqx.com/Dats/datafile.dtd">
<datafile>
	<header>
		<name>amiga_cd</name>
		<description>Commodore AmigaCD images</description>
		<version></version>
		<author></author>
	</header>
	<machine name="10on10">
		<description>Ten on Ten Compilation (Europe)</description>
		<year>1995</year>
		<publisher>Almathera</publisher>
		<disk name="almathera clipart &amp; fonts cd, the (europe)" sha1="dba531dac0190bd355b8a7cd4128355c3b077641" />
		<disk name="almathera comms &amp; networking cd (europe)" sha1="9996f33406c3c26b4e2be9d7f86d59156fdd48d0" />
		<disk name="almathera photo library cd, the (europe)" sha1="abcba2861161369b3394344792d491c85f6cb24d" />
		<disk name="cdpd 1 (europe)" sha1="dcb79ff4d466778cc92d5ccd177f2c97ef7f1d02" />
		<disk name="cdpd 2 (europe)" sha1="9c3f2a0cb7933fd10694d80f75bb93fbab5c755e" />
		<disk name="demo 1 (europe)" sha1="ef7c7c992fd7bc7fea080ec43357314999e6785b" />
		<disk name="illustrated works of shakespeare (europe)" sha1="5e54c12eda0c560b48f96df7dfba53990a6cdeea" />
		<disk name="pandora's cd (europe) (alt)" sha1="488241b997f026533444b05e60357be3b5d78f41" />
		<disk name="team yankee (europe) (ten on ten)" sha1="70e8946f4b161ca3011c523cb007180196762d8c" />
		<disk name="world vista (europe)" sha1="7b73c1ac1a25cc7b10b2a91b118dde3684128482" />
	</machine>
	<machine name="17bit5th">
		<description>17 Bit - The Fifth Dimension (Europe)</description>
		<year>1995</year>
		<publisher>17 Bit Software</publisher>
		<disk name="17_bit_-_the_fifth_dimension_(europe)" sha1="a294d8426310f7fe46be156050958c5322d6aad2" />
	</machine>
	<machine name="17bitlv6">
		<description>17 Bit - Level 6 (Europe)</description>
		<year>1997</year>
		<publisher>Epic Marketing / Quartz Public Domain</publisher>
		<disk name="17_bit_-_level_6_(europe)" sha1="cd0d8bfc52861fd98eefe991343c9969b2ffa513" />
	</machine>
	<machine name="17bitph4">
		<description>17 Bit - Phase Four (Europe)</description>
		<year>1994</year>
		<publisher>Almathera</publisher>
		<disk name="17_bit_-_phase_four_(europe)" sha1="1673a4027e1a581996c14b5d062610fffb92856e" />
	</machine>
	<machine name="amigames">
		<description>Aminet Games</description>
		<year>2000</year>
		<publisher>Schatztruhe</publisher>
		<disk name="aminet_games" sha1="2c95d94df50fbe9c4f11a90ca926cf880693e49b" />
	</machine>
	<machine name="bigred">
		<description>The Big Red Adventure (Europe)</description>
		<year>1997</year>
		<publisher>Power Computing</publisher>
		<disk name="big_red_adventure_(1997)(ludomedia-power_computing)[m4]" sha1="4883a7e4418321c649e4df9a66958b51697656fb" />
	</machine>
	<machine name="emuplus">
		<description>Emulators Unlimited Plus (Germany)</description>
		<year>1995?</year>
		<publisher>&lt;unknown&gt;</publisher>
		<disk name="emulators_unlimited_plus_(germany)_(en,de)" sha1="51ac9436545afdc39def039eeffea69d3f0e110c" />
	</machine>
	<machine name="finlodys">
		<description>Final Odyssey: Theseus Verses the Minotaur (Europe)</description>
		<year>1997</year>
		<publisher>Vulcan Software</publisher>
		<disk name="final_odyssey_-_theseus_verses_the_minotaur_(europe)_(en,de,es,it,no,da,fi)" sha1="db1763b926a90175470871361e02047d0cc457f8" />
	</machine>
	<machine name="gunbee">
		<description>Gunbee F-99: The Kidnapping of Lady Akiko (Europe)</description>
		<year>1998</year>
		<publisher>&lt;coverdisk&gt;</publisher>
		<disk name="gunbee_f-99_-_the_kidnapping_of_lady_akiko_(europe)_(en,de)" sha1="123d4efea6a0587e47c3cf61fc2e0909737939b1" />
	</machine>
	<machine name="kangfu">
		<description>Kang Fu</description>
		<year>1996</year>
		<publisher>GREat Effects Development (GREED)</publisher>
		<disk name="kangfu_cd32" sha1="804503915194e87ac44ab4cc9f412444efbc2ee6" />
	</machine>
	<machine name="pballdmg">
		<description>Pinball Brain Damage (Europe)</description>
		<year>1997</year>
		<publisher>APC &amp; TCP</publisher>
		<disk name="pinball_brain_damage_(europe)" sha1="883518fb03b69ec1460b22cbb57a52845b9324cd" />
	</machine>
	<machine name="redhat51">
		<description>Red Hat Linux 5.1</description>
		<year>1998</year>
		<publisher>Red Hat</publisher>
		<disk name="redhat_5_1_m68k" sha1="d61a967ca60fe1f85dd485ad6b535fa07b5cee8b" />
	</machine>
</datafile>