<?xml version="1.0" encoding="utf-8"?>
<!DOCTYPE datafile PUBLIC "-//Logiqx//DTD ROM Management Datafile//EN" "http://www.logiqx.com/Dats/datafile.dtd">
<datafile>
	<header>
		<name>cdi</name>
		<description>Philips CD-i CD-ROMs</description>
		<version></version>
		<author></author>
	</header>
	<machine name="valdisc">
		<description>Validation Disc (Version 1.0)</description>
		<year>1990</year>
		<publisher>Philips / Sony</publisher>
		<disk name="validation disc (europe) (disc 1)" sha1="22849106cf51975e36366cd6caeeba9bb8cee8aa" />
		<disk name="validation disc (japan) (disc 2)" sha1="daeb82a2f563e8a8fda89c8ddc76f4a79644ad34" />
	</machine>
</datafile>