<?xml version="1.0" encoding="utf-8"?>
<!DOCTYPE datafile PUBLIC "-//Logiqx//DTD ROM Management Datafile//EN" "http://www.logiqx.com/Dats/datafile.dtd">
<datafile>
	<header>
		<name>ibm5170_cdrom</name>
		<description>IBM PC/AT CD-ROM images</description>
		<version></version>
		<author></author>
	</header>
	<machine name="soniccd">
		<description>Sonic CD (USA)</description>
		<year>2000</year>
		<publisher>Sega / Expert Software</publisher>
		<disk name="sonic cd (usa 2000 release)" sha1="e93a6b4da206b06e4094c70eeebb0ae7db980c13" />
	</machine>
	<machine name="soniccde">
		<description>Sonic CD (Europe)</description>
		<year>1996</year>
		<publisher>Sega / Expert Software</publisher>
		<disk name="sonic cd (europe)" sha1="74414fef89e25d6187e09bce7256e783bae76beb" />
	</machine>
	<machine name="soniccdo1">
		<description>Sonic CD (USA, 1996 release)</description>
		<year>1996</year>
		<publisher>Sega / Expert Software</publisher>
		<disk name="sonic cd (usa 1996 release)" sha1="e1c3fca9a192a94b15c758ea11cdd6221759e048" />
	</machine>
	<machine name="soniccdo">
		<description>Sonic CD (USA, 1997 release)</description>
		<year>1997</year>
		<publisher>Sega / Expert Software</publisher>
		<disk name="sonic cd (usa 1997 release)" sha1="82eb717a15b65bd0853892f242b8c67b2afab2b3" />
	</machine>
	<machine name="soniccdoem1">
		<description>Sonic CD (USA, Pentium Processor Edition alt)</description>
		<year>1995</year>
		<publisher>Sega / Intel</publisher>
		<disk name="sonic cd (pentium processor edition alt)" sha1="4cd719c7f16d21316d7d798606f8e621814e48c4" />
	</machine>
	<machine name="soniccdoem2">
		<description>Sonic CD (USA, Packard Bell)</description>
		<year>1996</year>
		<publisher>Sega / Packard Bell</publisher>
		<disk name="sonic cd (packard bell)" sha1="046bb546be4f42c9871ffb351aee064b4ac240ac" />
	</machine>
	<machine name="soniccdoem">
		<description>Sonic CD (USA, Pentium Processor Edition)</description>
		<year>1996</year>
		<publisher>Sega / Intel</publisher>
		<disk name="sonic cd (pentium processor edition)" sha1="5682e9c4b629e423ac310867df61345d9126d45b" />
	</machine>
	<machine name="soniccdzh">
		<description>Sonic CD (China)</description>
		<year>2001</year>
		<publisher>Sega / Expert Software</publisher>
		<disk name="sonic cd (china)" sha1="14aba3162a0ed8c734c7713a1986f80aa58c6e47" />
	</machine>
	<machine name="win32sdk">
		<description>Win32 Software Development Kit (version 3.51)</description>
		<year>1995</year>
		<publisher>Microsoft</publisher>
		<disk name="en-us win32 sdk 3.51.1057.1" sha1="56b0e2b3ec8976bac7f702dcb504cc788ba3edeb" />
	</machine>
	<machine name="winnt31rk">
		<description>Windows NT Resource Kit (version 3.1)</description>
		<year>1993</year>
		<publisher>Microsoft</publisher>
		<disk name="en-us windows nt resource kit 3.1" sha1="47cf0f58d254837f6ccfcdbf9f97da2a18954ac0" />
	</machine>
	<machine name="winnt31sdk">
		<description>Win32 Software Development Kit and Device Driver Kit (version 3.1)</description>
		<year>1994</year>
		<publisher>Microsoft</publisher>
		<disk name="en-us win32 sdk and ddk 3.10.528.1" sha1="57c11eed25ff459ee793ed8dea867c3e498436f7" />
	</machine>
	<machine name="winnt31sp2">
		<description>Windows NT 3.1 Service Pack 2</description>
		<year>1994</year>
		<publisher>Microsoft</publisher>
		<disk name="de-de,es-es,fr-fr,it-it,nl-nl,sv-se windows nt 3.1 service pack 2" sha1="80a87b68916e88f737e51a97b25d7c7491bbca1a" />
		<disk name="en-us,no-no windows nt 3.1 service pack 2.chd" sha1="f3fee15a27e2b12754780221557bcb45f94547f6" />
	</machine>
	<machine name="winnt31sp3">
		<description>Windows NT 3.1 Service Pack 3</description>
		<year>1994</year>
		<publisher>Microsoft</publisher>
		<disk name="de-de,es-es,fr-fr,it-it,nl-nl windows nt 3.1 service pack 3" sha1="5df436edf008ca65ff52935c4a5648a9f0700bfa" />
		<disk name="en-us,sv-se windows nt 3.1 service pack 3" sha1="3694700981f128bce3c5ab0802804c5ce53437d5" />
	</machine>
	<machine name="winnt35rk">
		<description>Windows NT Resource Kit (version 3.5)</description>
		<year>1994</year>
		<publisher>Microsoft</publisher>
		<disk name="en-us windows nt resource kit 3.5" sha1="aadea0f25dae3f8030e490eb2d86a68be6530031" />
	</machine>
	<machine name="winnt35sp2">
		<description>Windows NT 3.5 Service Pack 2</description>
		<year>1995</year>
		<publisher>Microsoft</publisher>
		<disk name="da-dk,fi-fi,no-no windows nt 3.5 service pack 2" sha1="edbe147248471922dad9ebbc0ef2078c489e8de6" />
		<disk name="de-de,es-es,fr-fr,it-it,nl-nl windows nt 3.5 service pack 2" sha1="7db03d847f44a9a4a9eec601b5c0f1065919a76e" />
		<disk name="en-us windows nt 3.5 service pack 2" sha1="e166f63dbb17ec2712b2838f00e932b6f61d9228" />
		<disk name="pt-br,sv-se windows nt 3.5 service pack 2" sha1="76f466c14433a5f5baed963e06d657ca1c06f8ef" />
	</machine>
	<machine name="winnt40opt">
		<description>Windows NT 4.0 Option Pack</description>
		<year>1998</year>
		<publisher>Microsoft</publisher>
		<disk name="en-us windows nt 4.0 option pack" sha1="19fc52af4301a33a1a0e6cca6b815e8d19005a39" />
	</machine>
	<machine name="winnt40rk">
		<description>Windows NT Workstation Resource Kit (version 4.0)</description>
		<year>1996</year>
		<publisher>Microsoft</publisher>
		<disk name="en-us windows nt workstation resource kit 4.0" sha1="44631b02771339ae053366ad1766a272a57bd96f" />
	</machine>
	<machine name="winnt40sp6">
		<description>Windows NT 4.0 Service Pack 6a</description>
		<year>2000</year>
		<publisher>Microsoft</publisher>
		<disk name="en-us windows nt 4.0 service pack 6a" sha1="06f03cea52be42dc4c08390be3f031fc12a5434a" />
	</machine>
	<machine name="winnt40srk">
		<description>Windows NT Server Resource Kit (version 3.1)</description>
		<year>1996</year>
		<publisher>Microsoft</publisher>
		<disk name="en-us windows nt server resource kit 4.0" sha1="c1111892c995c76d0cba8c9667fab569ec3fd178" />
	</machine>
	<machine name="winnt351rk">
		<description>Windows NT Resource Kit (version 3.51)</description>
		<year>1995</year>
		<publisher>Microsoft</publisher>
		<disk name="en-us windows nt resource kit 3.51" sha1="ff198e230549abeaf45a5b5af9a5d414ac04a9ec" />
	</machine>
	<machine name="winnt351sp1">
		<description>Windows NT 3.51 Service Pack 1</description>
		<year>1995</year>
		<publisher>Microsoft</publisher>
		<disk name="en-us windows nt 3.51 service pack 1" sha1="56cc61a75db266cfbfd3c84c750a567dd50ae6a5" />
	</machine>
	<machine name="winnt351sp3">
		<description>Windows NT 3.51 Service Pack 3</description>
		<year>1995</year>
		<publisher>Microsoft</publisher>
		<disk name="en-us windows nt 3.51 service pack 3" sha1="07f0a5063a6de68ce45c48d50259925362cae7f3" />
	</machine>
	<machine name="winnt351sp4">
		<description>Windows NT 3.51 Service Pack 4</description>
		<year>1996</year>
		<publisher>Microsoft</publisher>
		<disk name="de-de,en-us,fr-fr,it-it windows nt 3.51 service pack 4" sha1="cbb9f303b2c67d5a51a3c91c6026f1b0331db61d" />
	</machine>
</datafile>