<?xml version="1.0" encoding="utf-8"?>
<!DOCTYPE datafile PUBLIC "-//Logiqx//DTD ROM Management Datafile//EN" "http://www.logiqx.com/Dats/datafile.dtd">
<datafile>
	<header>
		<name>psx</name>
		<description>Sony Playstation CD-ROMs</description>
		<version></version>
		<author></author>
	</header>
	<machine name="007rcng">
		<description>007 Racing (USA)</description>
		<year>2000</year>
		<publisher>Electronic Arts</publisher>
		<disk name="007 Racing (USA)" sha1="c0fffd6939c403a0b7a179b472ae768c06c05c26" />
	</machine>
	<machine name="007rcng_de">
		<description>007 Racing (Germany)</description>
		<year>2000</year>
		<publisher>Electronic Arts</publisher>
		<disk name="007 Racing (Germany)" sha1="44587b1a0cef32efab55ae12cedba3c6d2d90f84" />
	</machine>
	<machine name="007rcng_eu">
		<description>007 Racing (Europe)</description>
		<year>2000</year>
		<publisher>Electronic Arts</publisher>
		<disk name="007 Racing (Europe)" sha1="ac3cd9c8e4e733c271977d479a4691f06dd27b48" />
	</machine>
	<machine name="007rcng_fr">
		<description>007 Racing (France)</description>
		<year>2000</year>
		<publisher>Electronic Arts</publisher>
		<disk name="007 Racing (France)" sha1="abd3135dadc605c0f73ae50f81dacc8ae795d999" />
	</machine>
	<machine name="007tnd">
		<description>007 - Tomorrow Never Dies (USA)</description>
		<year>1999</year>
		<publisher>Electronic Arts</publisher>
		<disk name="007 - Tomorrow Never Dies (USA)" sha1="603abd8d718ddb72cf34a0d8eece062c03463dc5" />
	</machine>
	<machine name="007tnd_de">
		<description>007 - Der Morgen Stirbt Nie (Germany)</description>
		<year>1999</year>
		<publisher>Electronic Arts</publisher>
		<disk name="007 - Der Morgen Stirbt Nie (Germany)" sha1="18f50fbfc857c874c4a89a3689b99ea870f20d54" />
	</machine>
	<machine name="007tnd_eu">
		<description>007 - Tomorrow Never Dies (Europe)</description>
		<year>1999</year>
		<publisher>Electronic Arts</publisher>
		<disk name="007 - Tomorrow Never Dies (Europe)" sha1="0d341a0e7b704eaa1d44d4450666c4a8a95ce158" />
	</machine>
	<machine name="007tnd_fr">
		<description>007 - Demain ne Meurt Jamais (France)</description>
		<year>1999</year>
		<publisher>Electronic Arts</publisher>
		<disk name="007 - Demain ne Meurt Jamais (France)" sha1="93e62f8c5d1fcbb32aceda03f6b319df2a238b5a" />
	</machine>
	<machine name="007tnd_jp">
		<description>007 - Tomorrow Never Dies (Japan)</description>
		<year>2000</year>
		<publisher>Electronic Arts Square</publisher>
		<disk name="007 - Tomorrow Never Dies (Japan)" sha1="7ee3f0181a623f760884417eadd070a02b59d605" />
	</machine>
	<machine name="007twine">
		<description>007 - The World Is Not Enough (USA)</description>
		<year>2000</year>
		<publisher>Electronic Arts</publisher>
		<disk name="007 - The World Is Not Enough (USA)" sha1="3af01c1f0a584751d161dc2c102639cd8c892ea9" />
	</machine>
	<machine name="007twine_de">
		<description>007 - Die Welt Ist Nicht Genug (Germany)</description>
		<year>2000</year>
		<publisher>Electronic Arts</publisher>
		<disk name="007 - Die Welt Ist Nicht Genug (Germany)" sha1="63e6b4667bad77fc9ecabf23d889cc06883e70d7" />
	</machine>
	<machine name="007twine_es">
		<description>007 - El Mundo Nunca es Suficiente (Spain)</description>
		<year>2000</year>
		<publisher>Electronic Arts</publisher>
		<disk name="007 - El Mundo Nunca es Suficiente (Spain)" sha1="2d1c93aa8452e051e30ba5045b1eb19ef0182538" />
	</machine>
	<machine name="007twine_eu">
		<description>007 - The World Is Not Enough (Europe)</description>
		<year>2000</year>
		<publisher>Electronic Arts</publisher>
		<disk name="007 - The World Is Not Enough (Europe)" sha1="9626cffce3e2713aa9bbc3e2c07d1cc1b95c9831" />
	</machine>
	<machine name="007twine_fr">
		<description>007 - Le Monde ne Suffit Pas (France)</description>
		<year>2000</year>
		<publisher>Electronic Arts</publisher>
		<disk name="007 - Le Monde ne Suffit Pas (France)" sha1="c6725b155f2ac290d80a7e99fee18147c79e17b4" />
	</machine>
	<machine name="007twine_p">
		<description>007 - The World Is Not Enough (USA, prototype 20000826)</description>
		<year>2000</year>
		<publisher>Electronic Arts</publisher>
		<disk name="007 - The World Is Not Enough (USA) (Beta) (2000-08-26)" sha1="385715ee6e34fa375a25582b9f3ebf03f46a1418" />
	</machine>
	<machine name="007twine_sv">
		<description>007 - The World Is Not Enough (Sweden)</description>
		<year>2000</year>
		<publisher>Electronic Arts</publisher>
		<disk name="007 - The World Is Not Enough (Sweden)" sha1="3e7f2b632ef1c5db17d8c17cc26ff75cada9382d" />
	</machine>
	<machine name="a4evolgl">
		<description>A.IV - Evolution Global (Europe)</description>
		<year>1996</year>
		<publisher>Sony Computer Entertainment Europe</publisher>
		<disk name="A.IV - Evolution Global (Europe) (En,Ja,Fr,De)" sha1="b2bbc457e6567bf388e2c6644c949b3580287532" />
	</machine>
	<machine name="actgolf2">
		<description>Actua Golf 2 (Europe)</description>
		<year>1997</year>
		<publisher>Gremlin Graphics</publisher>
		<disk name="Actua Golf 2 (Europe)" sha1="356be2129a8aface3ca5a31e674d5642343431ae" />
	</machine>
	<machine name="actgolf3">
		<description>Actua Golf 3 (Europe)</description>
		<year>1998</year>
		<publisher>Gremlin Graphics</publisher>
		<disk name="Actua Golf 3 (Europe)" sha1="4081d7f5dfdfc9c319ecdb34fdaf132dbbca2f0c" />
	</machine>
	<machine name="actgolf">
		<description>Actua Golf (Europe)</description>
		<year>1996</year>
		<publisher>Gremlin Interactive</publisher>
		<disk name="Actua Golf (Europe) (En,Fr,De)" sha1="3f4818413b409ef3ef2cb55274793457a2c4db95" />
	</machine>
	<machine name="actgolf_jp">
		<description>Actua Golf (Japan)</description>
		<year>1996</year>
		<publisher>Naxat Soft</publisher>
		<disk name="Actua Golf (Japan)" sha1="6e74c663af2d33f71ad08b686ebb90663554b9a9" />
	</machine>
	<machine name="aressh4pb">
		<description>A Ressha de Ikou 4 - Evolution Global (Japan) (PlayStation the Best)</description>
		<year>1997</year>
		<publisher>Artdink</publisher>
		<disk name="A Ressha de Ikou 4 - Evolution Global (Japan) (En,Ja,Fr,De) (PlayStation the Best)" sha1="7aca811cde075c9f20f53aef7b1e909387ce0fae" />
	</machine>
	<machine name="aressh4">
		<description>A Ressha de Ikou 4 - Evolution Global (Japan)</description>
		<year>1995</year>
		<publisher>Artdink</publisher>
		<disk name="A Ressha de Ikou 4 - Evolution Global (Japan) (En,Ja,Fr,De)" sha1="816d8e0e9b0c478e38a83c786a2a2ee938c6dd67" />
	</machine>
	<machine name="atrain">
		<description>A-Train - Trains, Power, Money (USA)</description>
		<year>1996</year>
		<publisher>Maxis</publisher>
		<disk name="A-Train - Trains, Power, Money (USA) (En,Ja,Fr,De)" sha1="21eac61b3966fe28ab404933aa616a51a29b5133" />
	</machine>
</datafile>