<?xml version="1.0" encoding="utf-8"?>
<!DOCTYPE datafile PUBLIC "-//Logiqx//DTD ROM Management Datafile//EN" "http://www.logiqx.com/Dats/datafile.dtd">
<datafile>
	<header>
		<name>Future Pinball Recreated Tables [Flipperless]</name>
		<description>Future Pinball Recreated Tables [Flipperless] (2024-11-09)</description>
		<version></version>
		<date>2024-11-09</date>
		<author></author>
	</header>
	<machine name="Action (Exhibit Supply Company)(1943)(fpozo45)(1.0)[Flipperless]">
		<description>Action (Exhibit Supply Company)(1943)(fpozo45)(1.0)[Flipperless]</description>
		<rom name="Action (Exhibit '43).fpt" size="29061120" crc="7426d80b" md5="1461adaad5e545f196255257173f5728" sha1="109d693102712ee33e1bea05b765d87a60b00ed0" />
	</machine>
	<machine name="Argentine (Genco)(1941)(fpozo45)(1.1)[Flipperless]">
		<description>Argentine (Genco)(1941)(fpozo45)(1.1)[Flipperless]</description>
		<rom name="Argentine ( Genco'41)v1.1.fpt" size="27847680" crc="319a5638" md5="34c56300d1672cc46c9a9cd7667f2996" sha1="b0e621adf10d1b0a70456a606d0544c9c0b3b988" />
		<rom name="vista-lateral-derecha.jpg" size="280395" crc="7561989a" md5="e21d018aabf8f5799ab74b6e523c83d8" sha1="5cda43fd2d1d06c6cfd467d629d02d775576dcbe" />
		<rom name="vista-lateral-izquierda.jpg" size="275177" crc="89aab105" md5="e2cddfee48040ec32fbc78763bc10578" sha1="8f6c06e7ab070b65e2677b3f65080f437da87d50" />
		<rom name="vista-principal.jpg" size="274431" crc="a57ca202" md5="6b6330b9eaae3c5c0180f683ef3bc798" sha1="ced9af0ca61c77bebe8718546ee356a795ad99c4" />
	</machine>
	<machine name="Arizona (United Manufactoring Company)(1943)(80sVideoKid)(1.7)[Flipperless]">
		<description>Arizona (United Manufactoring Company)(1943)(80sVideoKid)(1.7)[Flipperless]</description>
		<rom name="Arizona Backglass2.jpg" size="334686" crc="dc0b1508" md5="1fcc7e9b56a90ea815b3556df3b885e7" sha1="a7b296a96e5a2342856d26a1fe02e9b506e46381" />
		<rom name="Arizona Playfield2.jpg" size="104142" crc="8920cce1" md5="efa173697bcfb2ce7047f1bc7db61c06" sha1="a0df80ab42780a4e292e24f4f5896aebc6d1d0b3" />
		<rom name="Arizona v1-7.fpt" size="2283008" crc="16a14ecb" md5="d3e5b742acdabf683ff9768b0bb63dec" sha1="d5c84a6e40aef1cc0f67259b295a50c9f2ae0b3a" />
		<rom name="ReadMe.txt" size="513" crc="3a7e1105" md5="674a1bf7a01c62b5a2134ea15886c67c" sha1="a5a91b89a47bc2b13ca0dcb51c9685fb40fd8595" />
	</machine>
	<machine name="Arizona (United Manufacturing Company)(1943)(fpozo45, Jerry Schuller)(1.0)[Flipperless]">
		<description>Arizona (United Manufacturing Company)(1943)(fpozo45, Jerry Schuller)(1.0)[Flipperless]</description>
		<rom name="Arizona (United'43).fpt" size="29801984" crc="583fb0c2" md5="a6ca3a3b3c9b0ac45f6b42cd73d44366" sha1="dba6c3ac34cebe09d1a64bebdccbe2952ea58a47" />
		<rom name="vista-derecha.jpg" size="247438" crc="0960ad13" md5="62adaedbca34de5251e1972b4c7b0423" sha1="cbe1d3daa8d1cce7cff506e317eab044d4a58a89" />
		<rom name="vista-izquierda.jpg" size="261245" crc="fe975be0" md5="d6b8a7853636cd57d3b773d80ed75b26" sha1="77d0d064077653300cf2ecfb21b9a48f1dae7f8b" />
		<rom name="vista-principal.jpg" size="265388" crc="acc268ce" md5="24e43a8b18d2759fa123d63d85e4dd87" sha1="9e2f11ea58328aebe3a6caef35b5bac19975f184" />
	</machine>
	<machine name="Bally Rocket (Bally)(1947)(fpozo45)(1.0)[Flipperless]">
		<description>Bally Rocket (Bally)(1947)(fpozo45)(1.0)[Flipperless]</description>
		<rom name="Bally Rocket (Bally '47).fpt" size="37726208" crc="a190a907" md5="f5d48913552a58a7f7e2464231cca741" sha1="20e764691ef10a75796d1b5ffd41aa3edd47aa3b" />
		<rom name="vista-frontal.jpg" size="279432" crc="ac1ad238" md5="3d62c95ccfd9dbcf4b17c71330ae68f7" sha1="89155572417498d803c8338924e5f85fc1c25173" />
	</machine>
	<machine name="Ballyhoo (Bally)(1932)(Patrick, tiltjlp)(1.2)[Flipperless]">
		<description>Ballyhoo (Bally)(1932)(Patrick, tiltjlp)(1.2)[Flipperless]</description>
		<rom name="1.0/Ballyhoo.fpt" size="1336320" crc="e8ec63ad" md5="0cc7531c995f9b99535b870626ea0d7c" sha1="3e9af4a76a29c2eac3082eeaf0774b37fee08a3a" />
		<rom name="1.2/Ballyhoo.fpt" size="1329664" crc="517062c6" md5="7a820f762f29efb426032d59f1b83152" sha1="76143dc8908eef189a58ff405a945a6c11515198" />
		<rom name="screenshot.jpg" size="84694" crc="28730bed" md5="6fcae21eb6ba9a25d74d408de99bc9e4" sha1="6acb10de767bc05eb178890277bd8033bb2c87de" />
	</machine>
	<machine name="Ballyhoo (Bally)(1947)(fpozo45)(1.0)[Flipperless]">
		<description>Ballyhoo (Bally)(1947)(fpozo45)(1.0)[Flipperless]</description>
		<rom name="Ballyhoo (Bally'47)v1.0.fpt" size="36935680" crc="349783d8" md5="168bb05666f00888983d6a4cf7548bfc" sha1="4e8792b0a9f89abf150ede98c9ac95a5bde7a4cf" />
		<rom name="lado-derecho.jpg" size="282801" crc="0b2794bd" md5="1d2c60dc6a06e8bca6355036c6a33f37" sha1="e1e3b674de69e00d9619cc540d47f3200ae7eacb" />
		<rom name="lado-izquierdo.jpg" size="283740" crc="b0bec06f" md5="6d16dc0b4180475e9fce2df5e1a7cec9" sha1="40fdda769b92b4330df27a02de707bfa1b188ae0" />
		<rom name="vista-principal.jpg" size="290237" crc="25268ddf" md5="5c9b786037d6924ef123976c2eb75834" sha1="46c16f478a63499ef83e49fff61ae143a170cb72" />
	</machine>
	<machine name="Bang (Genco)(1939)(fpozo45, Danazo)(1.2)[Flipperless][Cabinet + Desktop]">
		<description>Bang (Genco)(1939)(fpozo45, Danazo)(1.2)[Flipperless][Cabinet + Desktop]</description>
		<rom name="Bang (Genco ' 39)1.2 CAB.fpt" size="12781568" crc="c5ba2661" md5="64ddc8ecf262a785d981ee124eaac15b" sha1="628a245ec8be0851faedeed7ea146cf8f86179ae" />
		<rom name="Bang (Genco ' 39)1.2 PC.fpt" size="12734464" crc="20eebf04" md5="90d9593e5217e79749e8cccfe6f038c9" sha1="196c19dcbb37104d6610dd72cb4ce23223d825a7" />
	</machine>
	<machine name="Beach Club (Bally)(1953)(Bingo)(YamYam)(1.1)[Bingo]">
		<description>Beach Club (Bally)(1953)(Bingo)(YamYam)(1.1)[Bingo]</description>
		<rom name="1.0/Bally-Beach Club.fpt" size="6572032" crc="e3b727a8" md5="2216bd1718ae10f1eb98c046c7a626b3" sha1="d847d355be6f7042a901355e9af2d760128cdf00" />
		<rom name="1.1/Bally-Beach Club.fpt" size="6675968" crc="b59231ed" md5="3edabebd581f31b5344a74f9006bf13f" sha1="616f1e7ba1a6d8da06ac427589d122d202fc5707" />
		<rom name="flyer 1.jpg" size="1098467" crc="aa8b6ce7" md5="4870a7257cf59999e64f8cfd1a7b5d3d" sha1="68aff7013c252547370fd0c26df412c68efe6c81" />
		<rom name="flyer 2.jpg" size="979171" crc="6f6eaa21" md5="21830343530073d23a497efed230935b" sha1="c9a494cd337bbb35b0e59a7f639e41fd912e51fd" />
		<rom name="screenshot.jpg" size="64222" crc="a7149e21" md5="2c0514ca8f4f14ab506f425605aaaf2a" sha1="8ec38979ca7fb16dcc065a1e27220ab1b960d80e" />
	</machine>
	<machine name="Big Hit (Exhibit Supply Company)(1946)(fpozo45)(1.0)[Flipperless]">
		<description>Big Hit (Exhibit Supply Company)(1946)(fpozo45)(1.0)[Flipperless]</description>
		<rom name="Big Hit ( Exhibit'46).fpt" size="19152384" crc="91d4dce4" md5="5bea3024592f333f4ed738d553f820c9" sha1="b4d2ae6170f1cf88f64ffe9d5ce19f793ead4bbb" />
		<rom name="vista-lateral-derecha.jpg" size="265772" crc="cdb8290b" md5="a1dfd3ab23d7c58089295022e7d69cc1" sha1="291baa8d219762c591dc8a1705f3f04589f9914a" />
	</machine>
	<machine name="Big Show (Bally)(1956)(YamYam)(1.0)[Bingo]">
		<description>Big Show (Bally)(1956)(YamYam)(1.0)[Bingo]</description>
		<rom name="Bally-BigShow-V1.0.fpt" size="11134464" crc="64608a5a" md5="7d0b80cd0e4bbad0a22bf5db8453f08e" sha1="93ba95bf0ac033a30b6ceca11ba1c8231b93cc27" />
		<rom name="flyer.jpg" size="1000331" crc="5b849c0b" md5="0136d58a5396662d30eeecd176b8cb5a" sha1="b265dbbba236fbf3cb451a922f0266c0b69a1ad7" />
		<rom name="screenshot.jpg" size="352170" crc="c18e5bfe" md5="73078ee99f9ab136c7f33a613e5825c3" sha1="9d64ab6396d42ca107544222d904b0543beb67c4" />
	</machine>
	<machine name="Bikini (Bally)(1961)(YaMYaM)(1.0)[Bingo Machine]">
		<description>Bikini (Bally)(1961)(YaMYaM)(1.0)[Bingo Machine]</description>
		<rom name="Bally-Bikini-V1.0.fpt" size="11587072" crc="b7efcb06" md5="304428e129450af99d54cc8be79007a5" sha1="840049a0bb385c3f5e1ee7925ececf5a44f6306a" />
		<rom name="flyer.jpg" size="677045" crc="a99822ef" md5="f5d4497ea994ac445d2f5dda98717116" sha1="e73b2a8873094d4ac8bd2ba69e5b3d25fdb82ec0" />
		<rom name="screenshot.jpg" size="220827" crc="e98cdd38" md5="9f3f65234bd874f37b790f16be5b5aef" sha1="fbc57d3bae8b3c62befaa2589d57f6b33acef3d7" />
	</machine>
	<machine name="Broncho (Genco)(1947)(FranciscoPozo)(1.3)[Flipperless]">
		<description>Broncho (Genco)(1947)(FranciscoPozo)(1.3)[Flipperless]</description>
		<rom name="Broncho (Genco'47) v 1.2.fpt" size="45590016" crc="bc757f19" md5="453ff9827be63bcd4f09b0a7a874ec51" sha1="c899a06b8437a73bbe00991fd7e5f6bb0944e2d2" />
		<rom name="Broncho (Genco'47) v 1.3.fpt" size="45590016" crc="bc757f19" md5="453ff9827be63bcd4f09b0a7a874ec51" sha1="c899a06b8437a73bbe00991fd7e5f6bb0944e2d2" />
		<rom name="vista-frontal.jpg" size="281287" crc="cbcc5180" md5="98a73b71e7d009111ff1037f1c736ddf" sha1="def83eb7ed70a06efc097cad9c4b47cdb4a7f219" />
	</machine>
	<machine name="Captain Kidd (Genco)(1941)(fpozo45)(1.0)[Flipperless]">
		<description>Captain Kidd (Genco)(1941)(fpozo45)(1.0)[Flipperless]</description>
		<rom name="Captain Kidd (Genco'41).fpt" size="28549120" crc="d07a5504" md5="f3d38fde843cc8b49e590ab1d8f6a0fa" sha1="2f7bc69982f08e9dbd9cdee5d3997c9bb6279b73" />
		<rom name="vista-completa.jpg" size="303165" crc="19b06ec6" md5="edd5017b7da4a080c224d0218fc50fe3" sha1="d39afd27fa728069dce94228c30e3e73496546c3" />
		<rom name="vista-lateral-der.jpg" size="293846" crc="3efd0810" md5="e539e3326f58f4010998a1d62d666b3d" sha1="0d837c8aa43e50aed10c12eaf4cfd75ade218f55" />
		<rom name="vista-lateral-izq.jpg" size="295816" crc="f98d8321" md5="0248f6aa443d05a072bb2aa7c516ff4f" sha1="e76c4d671df80d6d2fca08b4e6ab696cec935fc4" />
	</machine>
	<machine name="Champion (Bally)(1939)(fpozo45)(1.1)[Flipperless]">
		<description>Champion (Bally)(1939)(fpozo45)(1.1)[Flipperless]</description>
		<rom name="Champion (Bally'39).fpt" size="58367488" crc="3f10c8a2" md5="aecadd8baaf3aebc7b0fe09e94dddde1" sha1="3195dd3bf344fac28f50d276564c7f38d993c7ea" />
		<rom name="Vista lateral derecha.png" size="1516397" crc="62092689" md5="85de706ad2131249b86f3f9bea06a233" sha1="0e6e013e5d107724b64a31c7e03e9ed627d7eb26" />
		<rom name="Vista Lateral Izquierda.png" size="1420727" crc="453372f7" md5="b911225e11f7a770a5854c452b20db15" sha1="6a84f3da5796abb1026f901f2d2838a258c68649" />
		<rom name="Vista principal.png" size="1498530" crc="5c502a80" md5="f17c53a265f0c105b9728e9060bd8e44" sha1="7598ab3fc7fbb64adbf8f420249cb0131ffd134a" />
	</machine>
	<machine name="Continental (Bally)(1980)(MaxModel)(Sample WIP)[Bagatelle]">
		<description>Continental (Bally)(1980)(MaxModel)(Sample WIP)[Bagatelle]</description>
		<rom name="Continental.fpt" size="1530880" crc="f858d1b8" md5="4e01d1b7224038032d8d33c05e765e5c" sha1="c78a8068013518a57d7972c6ff8d02d96f5efd7a" />
		<rom name="screenshot.jpg" size="129131" crc="b55f5baa" md5="1e964356f52f32e7ef0f956811354c3b" sha1="8cbedc3138916c9dd31605035b3882702d9bf492" />
	</machine>
	<machine name="Doctor Maboul (Milton Bradley Games)(197x)(Patrick, tiltjlp)(1.0)[Bagatelle]">
		<description>Doctor Maboul (Milton Bradley Games)(197x)(Patrick, tiltjlp)(1.0)[Bagatelle]</description>
		<rom name="DoctorMaboul.fpt" size="1133056" crc="c2f0027e" md5="e4243b9f4fa846c90e1dde339e991451" sha1="b99a0dc3758b9bea78715e2abceb64c91ccba378" />
		<rom name="screenshot.jpg" size="43491" crc="763f93ab" md5="1dc83910c38ff987205ca3a74780f5a5" sha1="974c22b4794b5569089f613d77b9787a2d3d2347" />
	</machine>
	<machine name="Favorite (Buckley Manufacturing Company)(1932)(Patrick)(1.0)[Flipperless]">
		<description>Favorite (Buckley Manufacturing Company)(1932)(Patrick)(1.0)[Flipperless]</description>
		<rom name="favorite.fpt" size="1997312" crc="1ba748f7" md5="3d82cbe97770a00c3c0d33828d34c2bc" sha1="2c7c4431022c8e565bf131cf234bd23dff6bcb9a" />
		<rom name="screenshot.jpg" size="100422" crc="295ff715" md5="bdbf25c34d248154dd4013245a711f8c" sha1="fccfa0e1499fd4294b1636682dd782e0c12893e8" />
	</machine>
	<machine name="Four Roses (Genco)(1940)(fpozo45)(1.0)[Flipperless]">
		<description>Four Roses (Genco)(1940)(fpozo45)(1.0)[Flipperless]</description>
		<rom name="Four Roses (Genco'40).fpt" size="20731904" crc="d3e64bc1" md5="4e544766f3700482a4e538ca3cbbbe82" sha1="443d9231b77ac5ffa63689a43c7818bd3ff26790" />
		<rom name="vista-lateral-derecha.jpg" size="286108" crc="c4f24939" md5="32cd9c13b33ab81ce007f36e4e7d6374" sha1="cd3a0bbbbc46cf55ead058fcf69a038c0c8bdb65" />
		<rom name="vista-lateral-izquierda.jpg" size="274779" crc="ad8054e0" md5="39b673def99cd56cccacea48ac379066" sha1="0df1e048db199a2e93319837d5d4a8a1d2586218" />
		<rom name="vista-principal.jpg" size="270836" crc="4dfd1179" md5="691dccb069ebde32dc0a4832880a01bc" sha1="6d8f5140990ba2cb332ac149fbfb7ccb910f9541" />
	</machine>
	<machine name="Gruesome Mansion (New Vintage)(1965)(Patrick)(1.0)[Mini toy pinball]">
		<description>Gruesome Mansion (New Vintage)(1965)(Patrick)(1.0)[Mini toy pinball]</description>
		<rom name="gruesomemansion.fpt" size="885248" crc="ac05958e" md5="4d069bc7112b7935b178684f7909d75f" sha1="b25cb1731ea0f93b34c727a01b7569f97e7652f0" />
		<rom name="screenshot.jpg" size="53876" crc="d5531248" md5="fe8e921b34aa298675910331c7c44e4a" sha1="f2768fddd398b6ee99fd7194131031ac898532d1" />
	</machine>
	<machine name="Junior (Genco)(1937)(80sVideoKid)(1.0)[Flipperless]">
		<description>Junior (Genco)(1937)(80sVideoKid)(1.0)[Flipperless]</description>
		<rom name="image-1.jpg" size="108811" crc="8cb07f94" md5="427173b2df469c315fd4ec9ddc7224d0" sha1="b629566d591649ac7ff1f3554bd7ee5f5bbec43b" />
		<rom name="Junior.fpt" size="1398272" crc="98e997c8" md5="4441c33da6a863acde464a9d2e9f8002" sha1="526015ef202e57b62239f34cc0a2c916bdab4230" />
		<rom name="Junior.jpg" size="202400" crc="8df89dea" md5="24f5f2a945a7c504fc9aec66e36932c5" sha1="410475c3cc4075fe3ee334ecaba103be0d8f8f5c" />
		<rom name="ReadMe.txt" size="230" crc="b24c3dfc" md5="2ad3fae7af96f33cbcc36f9c385d7947" sha1="afa33d6854eb2c41bdfd51975a3f354b293d999e" />
	</machine>
	<machine name="Kilroy (Chicago Coin)(1947)(fpozo45)(1.1)[Flipperless]">
		<description>Kilroy (Chicago Coin)(1947)(fpozo45)(1.1)[Flipperless]</description>
		<rom name="Kilroy (Chicago Coin'47)v1.0.fpt" size="25315840" crc="e23614ca" md5="fb3ef32377954a9b09f7943c5bd3d1cc" sha1="cf8c6180f312f1d11e7a7a641f4af483e553d006" />
		<rom name="Kilroy (Chicago Coin'47)v1.1.fpt" size="31442944" crc="9b717b42" md5="91faa587f9feccc3f0345a2504bbaf40" sha1="709ce79038f1a25f6d1fad336ed85f15a8aea033" />
		<rom name="vista-derecha.jpg" size="298020" crc="3c09fb71" md5="a6132b63833ddbcb95909fe29883361d" sha1="99170e342ed9ab1fc8aef47e86506b52d7e3aaac" />
		<rom name="vista-izquierda.jpg" size="294093" crc="ceca7b48" md5="05fbb8362cba50b53576851f231496b0" sha1="de5242665496494c33d09b9a20e9725e1696f19c" />
		<rom name="vista-principal.jpg" size="295545" crc="9d43cdd7" md5="d9ae416f4c5dd5546e35028c0488e5c9" sha1="a12deea1210bf0b26cb56b70a4f9f7ff6fe03db7" />
	</machine>
	<machine name="Maisie (Gottlieb)(1947)(fpozo45)(1.1)[Flipperless]">
		<description>Maisie (Gottlieb)(1947)(fpozo45)(1.1)[Flipperless]</description>
		<rom name="Maisie (Gottlieb'47)v1.0.fpt" size="13370880" crc="cb2e644b" md5="1e120903406fa575660ada8b1df4e400" sha1="306ff04a72f7950fbe6be98fa704a7cadc7dae68" />
		<rom name="Maisie (Gottlieb'47)v1.1.fpt" size="13393920" crc="f1ec8b30" md5="40a6c69b693067333171e162e29d25f4" sha1="f0de242d84be8258131f3eda27f95218f13defb1" />
		<rom name="vista-completa.jpg" size="255383" crc="97b8b78f" md5="e80fc82da6e38e2b1762ba5ed2041da0" sha1="482c47824e9c52c9e4c5949b48a28140acca702d" />
		<rom name="vista-frontal.jpg" size="244892" crc="9a7577ce" md5="ad8a61793bf751fbe5731e787b6995eb" sha1="c0d97908620e98b700d02517eb1c37a40e06223c" />
		<rom name="vista-lateral-derecha--2-.jpg" size="181180" crc="4eb44251" md5="e8ee492caf1f45fbd7f80fa43b0bfd6a" sha1="287aa6a91132f3d346fc9485be3559ded5c35315" />
		<rom name="vista-lateral-derecha.jpg" size="246031" crc="b5043591" md5="f8567a48f88ff83d5a8bd830285cd95f" sha1="a82e7bfa7b6e7bef2a311988cd6ac580f968f4a4" />
		<rom name="vista-parcial-izquierda.jpg" size="247146" crc="a0f8210b" md5="d34598bd69168a11ac68b7c1dd8216c5" sha1="a0a5ff62eab41240aca1a20f24de441d50b65e8f" />
	</machine>
	<machine name="Maisie (Gottlieb)(1947)(Okobojimusky, fpozo45)(1.2)[Flipperless]">
		<description>Maisie (Gottlieb)(1947)(Okobojimusky, fpozo45)(1.2)[Flipperless]</description>
		<rom name="Maisie (Gottlieb'47)v1.2.fpt" size="13671424" crc="78203693" md5="ccc54518308631a991620273a8309797" sha1="8c89cce34d6c8410042e8a3db0315296cf01db54" />
	</machine>
	<machine name="Marjorie (Gottlieb)(1947)(fpozo45)(1.0)[Flipperless]">
		<description>Marjorie (Gottlieb)(1947)(fpozo45)(1.0)[Flipperless]</description>
		<rom name="Marjorie (Gottlieb'47)v1.0.fpt" size="19316736" crc="0e769685" md5="7ede4becdfd338d1c2b0f9e612bbdd26" sha1="c4a61f3de94b9bfd6acf15e3ae663ffad3c3040a" />
		<rom name="vista-derecha.jpg" size="264916" crc="ed15a6fa" md5="cd65428987e8bc474773c64456a1400d" sha1="7f4c84f1de100a80cc5e1cb2ba305bc155c3f9a2" />
		<rom name="vista-izquierda.jpg" size="265608" crc="aebc558d" md5="e435baf1fac86ae9ed083d7045913c3f" sha1="44d63523289420b0db602a56f3a29af6fa20a1a3" />
		<rom name="vista-principal.jpg" size="273249" crc="6b89ba36" md5="d40f52a18539788d6e259314097cc273" sha1="cafd0f4dafb3c3c329d6a16cc6a7ad5fca8b88ab" />
		<rom name="vista-superior.jpg" size="247531" crc="90112fde" md5="2eea10bde040e0e37d6291a665902f94" sha1="a1d55995a3bec8413c1ae32fb3ea0207c35eaccb" />
	</machine>
	<machine name="Marjorie (Gottlieb)(1947)(Okobojimusky, fpozo45)(1.1)[Flipperless]">
		<description>Marjorie (Gottlieb)(1947)(Okobojimusky, fpozo45)(1.1)[Flipperless]</description>
		<rom name="Marjorie (Gottlieb'47)v1.1.fpt" size="20147200" crc="9028d0e2" md5="9b84d295bed5e8a432b045e3445282b0" sha1="951e15e23e53f9206058e2d9733aaf4311355c91" />
	</machine>
	<machine name="Metro (Genco)(1940)(fpozo45)(1.0)[Flipperless]">
		<description>Metro (Genco)(1940)(fpozo45)(1.0)[Flipperless]</description>
		<rom name="Metro (Genco'40).fpt" size="37872640" crc="499ce9ea" md5="9d711c0ba83a5b0dc4facfc4bf0c03cc" sha1="007821353af854b7b13e866228ab7a9619343b41" />
		<rom name="vista-lateral-derecha.jpg" size="262987" crc="f68a51ff" md5="5705a128e8784429237ae0065a2e00d0" sha1="83be26827df440ab68cf8de8e548f4114deac8c0" />
		<rom name="vista-lateral-izquierda.jpg" size="275868" crc="9e17b325" md5="749c520557aa1e44b317150d46d0ef35" sha1="568c36cbbe73d78ad3eeacc30d4d2c53fb173e1b" />
		<rom name="vista-principal.jpg" size="295845" crc="ba732ee6" md5="618b35cb0bb81d71eeaf05f7aaa167d4" sha1="f5e8a16271f053f64acd4a6dcb95ccbf7493e30c" />
	</machine>
	<machine name="Nesting Birds (Lindstrom Toy &amp; Tool Co.)(1934)(unclewilly)(1.0)[Bagatelle]">
		<description>Nesting Birds (Lindstrom Toy &amp; Tool Co.)(1934)(unclewilly)(1.0)[Bagatelle]</description>
		<rom name="NestingBirds.fpt" size="6064640" crc="b1ac70c8" md5="ac22e4bf5c1a817dd8ae5b9bfbe4d763" sha1="50fec72e136ec55d9ed6a2482423b36ae6f98e3d" />
		<rom name="NestingBirdsReadMe.txt" size="504" crc="93092506" md5="7bb90419a0549f3efeaf78645ac5c5e0" sha1="0d15f5f22011b9043d7174e569e2c3f87cc96116" />
		<rom name="screenshot.jpg" size="58822" crc="cfe6adbd" md5="7579e413babae4a8c68293c60a385aac" sha1="ed471850a857e2575f63749a718e1ae1a1752b5b" />
	</machine>
	<machine name="Nudgy (Bally)(1947)(fpozo45)(1.0)[Flipperless]">
		<description>Nudgy (Bally)(1947)(fpozo45)(1.0)[Flipperless]</description>
		<rom name="Nudgy (Bally'47).fpt" size="25062912" crc="4d9db879" md5="8106c40ab368ddb9ca3a75984eaf5b75" sha1="0397d4237139d5e2cd2cfa98d867a2072172d354" />
		<rom name="Vista Lado Derecho.png" size="1315737" crc="150740b4" md5="115b9f4d9794a1f62bdc23116a7a883e" sha1="fce9f4b6fdb30cc2d6d5b7d01e2be423ae6de624" />
		<rom name="Vista Lado Izq..png" size="1291959" crc="1ca47f3c" md5="f3488853f24f56348714e179de29613a" sha1="009456da26a007dd1ba3294fbec07e1d3549426c" />
		<rom name="Vista Principal.png" size="1344009" crc="4a133875" md5="3eb74e1c37d3d02682966d857c318f99" sha1="79a8808bf1f884430f3365fd9c1bc920116687fd" />
	</machine>
	<machine name="Pennant Fever (Williams)(1984)(Daninwoody)(1.0)[Baseball Pitch and Bat machine]">
		<description>Pennant Fever (Williams)(1984)(Daninwoody)(1.0)[Baseball Pitch and Bat machine]</description>
		<rom name="Pennant Fever spinners.fpt" size="13427712" crc="f3a9accc" md5="2a9205c0468e56e2dfa3e2effa8c10fa" sha1="3f55874bc29fd3ad660f95adeeadb92ea7c574fb" />
		<rom name="screenshot.jpg" size="155022" crc="d454566c" md5="a9509299b26bba3e0f479fc472561a3c" sha1="a7e1ff5368ee9b3de59d4091b9a8fa2e7c3992a5" />
	</machine>
	<machine name="Rat Race (Williams)(1983)(Gimli, Wild)(1.0)[Solid State Flipperless]">
		<description>Rat Race (Williams)(1983)(Gimli, Wild)(1.0)[Solid State Flipperless]</description>
		<rom name="Rat_Race_pinball_July1.cfg" size="3072" crc="a59ef815" md5="7704680257aab31873259d637e4bd68c" sha1="60ff9749679122bf01378985c88d5ee21d2cad2b" />
		<rom name="Rat_Race_pinball_July1.fpt" size="102751744" crc="fd712061" md5="32d3e3d221a69f075819f6b721780384" sha1="4e13064604d62ee8200e35953fc4b7ae3201502e" />
	</machine>
	<machine name="Stage Door Canteen (Gottlieb)(1945)(fpozo45)(1.0)[Flipperless]">
		<description>Stage Door Canteen (Gottlieb)(1945)(fpozo45)(1.0)[Flipperless]</description>
		<rom name="Stage Door Canteen (Gottlieb'45).fpt" size="32777728" crc="11976f8c" md5="3ee149c698f545f8ef8b3ec17f94d777" sha1="6a71f30390c0c119835eacea908d2286433bda60" />
		<rom name="vista-derecha.jpg" size="266592" crc="808dc681" md5="59ff97df6563e41f6d5a124fc3f6477f" sha1="82a1742d3d5d05cd031f828eb62baa6a4361392d" />
		<rom name="vista-izquierda.jpg" size="269810" crc="f35a6b18" md5="296d9565b5729fc596418482147050a7" sha1="17f7c0d843efb25577af522e0f6e3934dad90d8f" />
		<rom name="vista-principal.jpg" size="282573" crc="1f3bea7d" md5="e2d8cb240ec256aa4735e4426b1e9677" sha1="8cc9de9a554dcde551af6dd8472942f9bbe9b813" />
	</machine>
	<machine name="Stage Door Canteen (Gottlieb)(1945)(Okobojimusky, fpozo45)(1.1)[Flipperless]">
		<description>Stage Door Canteen (Gottlieb)(1945)(Okobojimusky, fpozo45)(1.1)[Flipperless]</description>
		<rom name="Stage Door Canteen (Gottlieb'45).fpt" size="33060864" crc="e2cd67e3" md5="1826586e0fb05c82b22cd0987c80f005" sha1="02baa2b100134778d4d1a99090b666d145d00b9e" />
	</machine>
	<machine name="Tit for Tat (Chicago Coin)(1935)(Patrick)(2.0)[Tic Tac Toe pin]">
		<description>Tit for Tat (Chicago Coin)(1935)(Patrick)(2.0)[Tic Tac Toe pin]</description>
		<rom name="1.0/titfortat.fpt" size="1022464" crc="37446c3a" md5="dfd459b2253dbc66bb1a50fcbc9a2da8" sha1="d22ffddc915fc7fc3ba6cb01b9521eb8a4189ab0" />
		<rom name="2.0/titfortat.fpt" size="1022464" crc="fe054e2b" md5="a73fa983102f23874d92ef0b17dc8919" sha1="f48c87e8d6ecfdef413d11706a4ebfa84259701f" />
		<rom name="screenshot.jpg" size="109659" crc="6e296e79" md5="1357ad06340c0c68d68981b5a6675f5c" sha1="077ea1bd7ed03a050fb75610d72d366c49b39572" />
	</machine>
</datafile>