<?xml version="1.0" encoding="utf-8"?>
<!DOCTYPE datafile PUBLIC "-//Logiqx//DTD ROM Management Datafile//EN" "http://www.logiqx.com/Dats/datafile.dtd">
<datafile>
	<header>
		<name>cdi</name>
		<description>Philips CD-i CD-ROMs</description>
		<version></version>
		<author></author>
	</header>
	<machine name="aliengat">
		<description>Alien Gate (Euro)</description>
		<year>1992</year>
		<publisher>The Vision Factory</publisher>
		<disk name="alien gate (euro)" sha1="8ad4d0c5b875a04a7db3abbe236ba18eb2696a96" />
	</machine>
	<machine name="aliengatu1">
		<description>Alien Gate (US, set 1)</description>
		<year>1992</year>
		<publisher>The Vision Factory</publisher>
		<disk name="alien gate (us, set 1)(cdi-ready)" sha1="823a5b692a87b51a7c2f35ac0d63865494e253f7" />
	</machine>
	<machine name="aliengatu">
		<description>Alien Gate (US)</description>
		<year>1992</year>
		<publisher>The Vision Factory</publisher>
		<disk name="alien gate (us)(cdi-ready)" sha1="16009503b1fadb28b9fff293a7099b7cab062325" />
	</machine>
	<machine name="apprentc">
		<description>The Apprentice [CDi Ready]</description>
		<year>????</year>
		<publisher>The Vision Factory</publisher>
		<disk name="the apprentice (cdi-ready)" sha1="3a66337c20b9157e64228847ee3d153f80c25e4e" />
	</machine>
	<machine name="dimos">
		<description>Dimo's Quest [CDi Ready]</description>
		<year>????</year>
		<publisher>The Vision Factory</publisher>
		<disk name="dimo's quest (cdi-ready)" sha1="4264e939dc76c3f8386390c597be4dde765207d1" />
	</machine>
	<machine name="luckluke">
		<description>Lucky Luke: The Video Game [CDi Ready]</description>
		<year>1996</year>
		<publisher>Philips Media GmbH</publisher>
		<disk name="lucky luke (cdi-ready)" sha1="88982afebcfcd9fb171855ffd575efc63450d341" />
	</machine>
</datafile>