<?xml version="1.0" encoding="utf-8"?>
<!DOCTYPE datafile PUBLIC "-//Logiqx//DTD ROM Management Datafile//EN" "http://www.logiqx.com/Dats/datafile.dtd">
<datafile>
	<header>
		<name>dc</name>
		<description>Sega Dreamcast GD-ROMs</description>
		<version></version>
		<author></author>
	</header>
	<machine name="chkgd">
		<description>GD Drive Repair Program v0.1 (World)</description>
		<year>1998</year>
		<publisher>Sega</publisher>
		<disk name="gd drive repair program ver 0.1 (world)" sha1="4b302df1d4bdffcbad2f2475687000352bb08311" />
	</machine>
	<machine name="chkrepair205r">
		<description>DC Checker for Repair v2.05R (World)</description>
		<year>1999</year>
		<publisher>Sega</publisher>
		<disk name="dc checker for repair v2.05r (world)" sha1="2acfd570b14795da6339eda36a1e3dd0f8dce102" />
	</machine>
	<machine name="loopchk">
		<description>Loop Checker v1.00 (World)</description>
		<year>1999</year>
		<publisher>Sega</publisher>
		<disk name="loop checker Ver 1.00 (world)" sha1="cd63dc2bdad2c6ce20af052871bcc77276808910" />
	</machine>
</datafile>