<?xml version="1.0" encoding="utf-8"?>
<!DOCTYPE datafile PUBLIC "-//Logiqx//DTD ROM Management Datafile//EN" "http://www.logiqx.com/Dats/datafile.dtd">
<datafile>
	<header>
		<name>fmtowns_cd</name>
		<description>Fujitsu FM Towns CD-ROMs</description>
		<version></version>
		<author></author>
	</header>
	<machine name="beast">
		<description>Shadow of the Beast - Mashou no Okite (1991-10-11)</description>
		<year>1991</year>
		<publisher>ビクター音楽産業 (Victor Musical Industries)</publisher>
		<disk name="shadow of the beast - mashou no okite (japan) (rev 1)" sha1="89a710a473fb364b97ab9cf3768fef2be59518d6" />
	</machine>
	<machine name="chinsei">
		<description>Technostress Yobouhou Series - Chinsei</description>
		<year>1989</year>
		<publisher>東芝EMI (Toshiba EMI)</publisher>
		<disk name="technostress yobou-hou series - chinsei (japan)" sha1="4a56ee0db62782316a0c074ece19c03caab05bb2" />
	</machine>
	<machine name="dodamega">
		<description>Doda Mega-Mix!!!</description>
		<year>1989</year>
		<publisher>FNC</publisher>
		<disk name="doda-mega mix (japan)" sha1="8f22b6018c1451d6d22fea585c9457e2138ce489" />
	</machine>
	<machine name="fbas1110b">
		<description>F-BASIC386 v1.1 L10B</description>
		<year>1989</year>
		<publisher>富士通 (Fujitsu)</publisher>
		<disk name="f-basic386 v1.1 l10 (japan) (rev b)" sha1="4d0623451f45655131b88b02905cb7be0baa021e" />
	</machine>
	<machine name="fbas1110">
		<description>F-BASIC386 v1.1 L10</description>
		<year>1989</year>
		<publisher>富士通 (Fujitsu)</publisher>
		<disk name="f-basic386 v1.1 l10 (japan)" sha1="55d0c4fa89e9407a2d8a6a068ccbd6e459dc7b4a" />
	</machine>
	<machine name="hcc1713">
		<description>High C Compiler Multimedia Kaihatsu Kit v1.7 L13</description>
		<year>1995</year>
		<publisher>富士通 (Fujitsu)</publisher>
		<disk name="high c compiler multimedia kaihatsu kit v1.7 l13 (japan)" sha1="20462e195d35084e11b5282ad63d88f3da3e3629" />
	</machine>
	<machine name="kyofmt1">
		<description>Kyouiku &amp; FM Towns</description>
		<year>1990?</year>
		<publisher>富士通 (Fujitsu)</publisher>
		<disk name="kyouiku &amp; fm towns (japan)" sha1="79686cdf1abba0959b5fba7e1060248d59559946" />
	</machine>
	<machine name="nihonch">
		<description>Nihon no Chou</description>
		<year>1991</year>
		<publisher>富士通ソーシアルサイエンスラボラトリ (Fujitsu Social Science Laboratory)</publisher>
		<disk name="nihon no chou (japan) (rev 1)" sha1="c0a4104fc1b09cc0f5803ee4b94fc65d032f6b43" />
	</machine>
	<machine name="ppersia">
		<description>Prince of Persia</description>
		<year>1992</year>
		<publisher>リバーヒルソフト (Riverhill Soft)</publisher>
		<disk name="prince of persia (japan)" sha1="f7423a6949ba6e0655e6e2e2b0c8e3ddd2e6c671" />
	</machine>
	<machine name="psydet3r">
		<description>Psychic Detective Series Vol. 3 - Aya (DCCS remake)</description>
		<year>1994</year>
		<publisher>データウエスト (Data West)</publisher>
		<disk name="psychic detective series vol. 3 - aya (japan) (remake)" sha1="1c887f76a96952b058d74335ce73eb6b06c803f7" />
	</machine>
	<machine name="psydet5r">
		<description>Psychic Detective Series Vol. 5 - Nightmare (DCCS remake)</description>
		<year>1995</year>
		<publisher>データウエスト (Data West)</publisher>
		<disk name="psychic detective series vol. 5 - nightmare (japan) (remake)" sha1="b0a088b71f05c1afa037e3dddff116fa95aee503" />
	</machine>
	<machine name="stress">
		<description>Technostress Yobouhou Series - Stress</description>
		<year>1989</year>
		<publisher>東芝EMI (Toshiba EMI)</publisher>
		<disk name="technostress yobou-hou series - stress (japan)" sha1="0117809c22c87992438dc16632039f597eb6cf68" />
	</machine>
	<machine name="toukou2">
		<description>That's Toukou Part 2</description>
		<year>1994</year>
		<publisher>バーディーソフト (Birdy Soft)</publisher>
		<disk name="that's toukou part 2 (japan)" sha1="b805b2979455a467d2072766870efa8bdeb63199" />
	</machine>
	<machine name="tsound1110">
		<description>TownsSOUND V1.1 L10</description>
		<year>1989</year>
		<publisher>富士通 (Fujitsu)</publisher>
		<disk name="towns sound v1.1 l10 (japan)" sha1="a9ec91a5fb0b6d5aecdf087ab2d97216e2160b73" />
	</machine>
	<machine name="tss1110b">
		<description>Towns System Software V1.1 L10B</description>
		<year>1989</year>
		<publisher>富士通 (Fujitsu)</publisher>
		<disk name="towns system software v1.1 l10 (japan) (rev a)" sha1="9fa8e5611885f38d124dc4e6b6f4a7aa1e444252" />
	</machine>
	<machine name="wang3">
		<description>Wrestle Angels 3 - Mezasu wa Saikyou Dantai!</description>
		<year>1994</year>
		<publisher>グレイト (Great)</publisher>
		<disk name="wrestle angels 3 - mezasu wa saikyou dantai (japan)" sha1="24328f62e8f717179df4902f9ad425960d91b1b7" />
	</machine>
</datafile>