<?xml version="1.0" encoding="utf-8"?>
<!DOCTYPE datafile PUBLIC "-//Logiqx//DTD ROM Management Datafile//EN" "http://www.logiqx.com/Dats/datafile.dtd">
<datafile>
	<header>
		<name>coco_flop</name>
		<description>Tandy Radio Shack Color Computer disk images</description>
		<version></version>
		<author></author>
	</header>
	<machine name="zonx">
		<description>Zonx (The Rainbow)</description>
		<year>1985</year>
		<publisher>Falsoft</publisher>
		<rom name="ZONX.DSK" size="161280" crc="da6a8b6c" sha1="fdd3ef04a6e2fcc854a467ae735f2af43c838af2" />
	</machine>
</datafile>