<?xml version="1.0" encoding="utf-8"?>
<!DOCTYPE datafile PUBLIC "-//Logiqx//DTD ROM Management Datafile//EN" "http://www.logiqx.com/Dats/datafile.dtd">
<datafile>
	<header>
		<name>coleco_homebrew</name>
		<description>Coleco ColecoVision homebrew cartridges</description>
		<version></version>
		<author></author>
	</header>
	<machine name="antiair">
		<description>AntiAir</description>
		<year>2024</year>
		<publisher>Inufuto</publisher>
		<rom name="antiair.rom" size="7941" crc="8fabe383" sha1="4d211840ea17045556b977255b9d858337335c49" />
	</machine>
	<machine name="ascend">
		<description>Ascend</description>
		<year>2022</year>
		<publisher>Inufuto</publisher>
		<rom name="ascend.rom" size="9371" crc="c7f84f5f" sha1="1ddcc477841cf393197f40729ae70a8a472771ea" />
	</machine>
	<machine name="battlot">
		<description>Battlot</description>
		<year>2022</year>
		<publisher>Inufuto</publisher>
		<rom name="battlot.rom" size="9601" crc="115d32a3" sha1="8c44d7edf81f2234ac51422990cdfe16a280d17a" />
	</machine>
	<machine name="cacorm">
		<description>Cacorm</description>
		<year>2022</year>
		<publisher>Inufuto</publisher>
		<rom name="cacorm.rom" size="8423" crc="60000902" sha1="59a4cb2f041b527104ca0849b1355a71d186a9af" />
	</machine>
	<machine name="cracky">
		<description>Cracky</description>
		<year>2023</year>
		<publisher>Inufuto</publisher>
		<rom name="cracky.rom" size="7332" crc="bb13bc66" sha1="2579ee67448f0b5cc30d447107dd17cb93b7acff" />
	</machine>
	<machine name="guntus">
		<description>Guntus</description>
		<year>2022</year>
		<publisher>Inufuto</publisher>
		<rom name="guntus.rom" size="11740" crc="64488291" sha1="df5bfad174d0b27d2be798d6ec206b92ac4c3052" />
	</machine>
	<machine name="hopman">
		<description>Hopman</description>
		<year>2023</year>
		<publisher>Inufuto</publisher>
		<rom name="hopman.rom" size="9834" crc="856fc7b8" sha1="0778be62035e08cdf9adf7a8a1784f80156be73d" />
	</machine>
	<machine name="yewdow">
		<description>Yewdow</description>
		<year>2023</year>
		<publisher>Inufuto</publisher>
		<rom name="yewdow.rom" size="16384" crc="706895db" sha1="751506cf08734397d63b84993e5f9f28930290c7" />
	</machine>
</datafile>