<?xml version="1.0" encoding="utf-8"?>
<!DOCTYPE datafile PUBLIC "-//Logiqx//DTD ROM Management Datafile//EN" "http://www.logiqx.com/Dats/datafile.dtd">
<datafile>
	<header>
		<name>gameking3</name>
		<description>TimeTop GameKing 3 cartridges</description>
		<version></version>
		<author></author>
	</header>
	<machine name="2030">
		<description>2030</description>
		<year>200?</year>
		<publisher>TimeTop</publisher>
		<rom name="2030.gk3" size="524288" crc="b9a69404" sha1="19e0a6ba1deafcb5307119cc312eb3f4a3da58cd" />
	</machine>
</datafile>