<?xml version="1.0" encoding="utf-8"?>
<!DOCTYPE datafile PUBLIC "-//Logiqx//DTD ROM Management Datafile//EN" "http://www.logiqx.com/Dats/datafile.dtd">
<datafile>
	<header>
		<name>ibm5150</name>
		<description>IBM PC floppy disk images</description>
		<version></version>
		<author></author>
	</header>
	<machine name="gunship_35">
		<description>Gunship (3.5", Futura Games)</description>
		<year>1995</year>
		<publisher>Futura Publishing</publisher>
		<rom name="Gunship [Futura] [1995] [3.5DD] [Disk 1 of 1].img" size="737280" crc="5588c20b" sha1="bee3b0b23a34d99cada655bbfa950bdc58da9f2d" />
	</machine>
	<machine name="stuntcar">
		<description>Stunt Car Racer (Big Games)</description>
		<year>1995</year>
		<publisher>Jackson Libri</publisher>
		<rom name="Stunt Car Racer (Big Games) [1995] [3.5DD] [Disk 1 of 1].img" size="737280" crc="904f17f0" sha1="bdaec36517fa972eba064c358c4149fdc1157d5d" />
	</machine>
	<machine name="term2_a">
		<description>Terminator 2: Judgment Day (Big Games)</description>
		<year>1995</year>
		<publisher>Jackson Libri</publisher>
		<rom name="Terminator 2 Judgment Day [Big Games] [1995] [3.5DD] [Disk 1 of 2].img" size="737280" crc="9128102d" sha1="a129185b35858e6b60817df92ba11816c85e3e7f" />
		<rom name="Terminator 2 Judgment Day [Big Games] [1995] [3.5DD] [Disk 2 of 2].img" size="737280" crc="7a2555be" sha1="5ab1e41adafbc8da553eef856b0adfeedb1a65b0" />
	</machine>
</datafile>