<?xml version="1.0" encoding="utf-8"?>
<!DOCTYPE datafile PUBLIC "-//Logiqx//DTD ROM Management Datafile//EN" "http://www.logiqx.com/Dats/datafile.dtd">
<datafile>
	<header>
		<name>msx2_flop</name>
		<description>MSX2 disk images</description>
		<version></version>
		<author></author>
	</header>
	<machine name="sg1000">
		<description>SG1000 (v0.96)</description>
		<year>2020</year>
		<publisher>GDX</publisher>
		<rom name="sg1000 - gdx (v0.96).dsk" size="737280" crc="5a208500" sha1="25bb3937e3a67d43808f0da3f64a8eb4d5a2fa32" />
	</machine>
	<machine name="sofasms">
		<description>SofaSMS (v1.1)</description>
		<year>2024</year>
		<publisher>Louthrax</publisher>
		<rom name="sofasms - louthrax (v1.1).dsk" size="737280" crc="606110da" sha1="af361d8bd8d9309f57dbc24cae88a8acb1cadeb2" />
	</machine>
</datafile>