<?xml version="1.0" encoding="utf-8"?>
<!DOCTYPE datafile PUBLIC "-//Logiqx//DTD ROM Management Datafile//EN" "http://www.logiqx.com/Dats/datafile.dtd">
<datafile>
	<header>
		<name>sony_news</name>
		<description>Sony NEWS software</description>
		<version></version>
		<author></author>
	</header>
	<machine name="nwf_672rb">
		<description>NEWS-OS Release 4.1R Version Up Kit</description>
		<year>1991</year>
		<publisher>Sony</publisher>
		<rom name="nwf_672rb_format_program.img" size="1474560" crc="690016ec" sha1="64ff03dace6e8b91569bef6f2f8855fa59c39abe" />
		<rom name="nwf_672rb_installation_program.img" size="1474560" crc="4fda104d" sha1="ed9499211ccf133570defa136199f331a38368f5" />
	</machine>
</datafile>