<?xml version="1.0" encoding="utf-8"?>
<!DOCTYPE datafile PUBLIC "-//Logiqx//DTD ROM Management Datafile//EN" "http://www.logiqx.com/Dats/datafile.dtd">
<datafile>
	<header>
		<name>spectrum_cass</name>
		<description>Sinclair ZX Spectrum cassettes</description>
		<version></version>
		<author></author>
	</header>
	<machine name="19part1b_b">
		<description>19 Part 1 - Boot Camp (Zafiro)</description>
		<year>1989</year>
		<publisher>Zafiro Software Division</publisher>
		<rom name="Nineteen Boot Camp - Side 1 (Zafiro).tzx" size="44081" crc="50a7f612" sha1="0bcf633a67c773631afc9a14d7d4241cfa3da061" />
		<rom name="Nineteen Boot Camp - Side 2 (Zafiro).tzx" size="169600" crc="93eec164" sha1="87556114536a7ed5bbc3449bc13199dca7d19abb" />
	</machine>
	<machine name="androide_a">
		<description>Androide (1984, ERE Informatique, alt)</description>
		<year>1984</year>
		<publisher>ERE Informatique</publisher>
		<rom name="Androide (ERE).tzx" size="9790" crc="1bebc2c2" sha1="43c21bd62f92f6d7cbbc2bc5960f253e42d515cf" />
	</machine>
	<machine name="antattac">
		<description>Ant Attack (JRS)</description>
		<year>1983</year>
		<publisher>JRS Software</publisher>
		<rom name="Ant Attack (JRS).tzx" size="8899" crc="855eebce" sha1="878bb3056f26b3ad659ff5e78273cf9a1ddba043" />
	</machine>
	<machine name="awariere">
		<description>Awari (ERE)</description>
		<year>1983</year>
		<publisher>ERE Informatique</publisher>
		<rom name="Awari (ERE).tzx" size="8410" crc="41916d54" sha1="249f359187dbee12d7d1f19f450ea5aadfb57bdd" />
	</machine>
	<machine name="bingoast">
		<description>Bingo (Astor)</description>
		<year>1984</year>
		<publisher>Astor Software</publisher>
		<rom name="Bingo (Astor).tzx" size="16308" crc="854ecf50" sha1="75acee2fc3133744e25c622f5fca8effdda8d83d" />
	</machine>
	<machine name="bombmnch">
		<description>Bomb Munchies (version 2350)</description>
		<year>2021</year>
		<publisher>Matthew Carrier</publisher>
		<rom name="BombMunchies.tap" size="50675" crc="0f97714f" sha1="6ba6b216843492cc2100cd7a6504807440307120" />
	</machine>
	<machine name="bruxolc">
		<description>Bruxólico (English, demo 2.0)</description>
		<year>2023</year>
		<publisher>Amaweks</publisher>
		<rom name="Bruxolico - Side A 01 - Game (ENG) (QAOPM).tap" size="42030" crc="ba3566d4" sha1="7273a9b9b9925dc3ddcf3f9f7d1df1f1435745eb" />
		<rom name="Bruxolico - Side A 01 - Game (ENG) (QAOPW).tap" size="42030" crc="5ff69aee" sha1="b9e7ad527b1a2333f12cfd39c92e742f73f825a3" />
		<rom name="Bruxolico - Side A 01 - Game (ENG) (WASDENTER).tap" size="42030" crc="8241a244" sha1="7b4df89a17cd4686218b35081b4cd483df827a1a" />
		<rom name="Bruxolico - Side A 02 - Narrative (ENG).mp3" size="1017204" crc="d14ad1d3" sha1="d3d68144ecf4dca4ca866377c15159a5c0964d66" />
		<rom name="Bruxolico - Side A 03 - Narrative (ENG).mp3" size="1565376" crc="45420b4b" sha1="84fedbc905ec684d36313a58fa8a03763abf9d57" />
	</machine>
	<machine name="bruxolc_en_dm1">
		<description>Bruxólico (demo 1.0, English)</description>
		<year>2022</year>
		<publisher>Amaweks</publisher>
		<rom name="brux_demo1_eng.tap" size="42031" crc="6bf4b891" sha1="42d9788df6eee697a48389472706f6f380ca2984" />
	</machine>
	<machine name="bruxolc_pt_dm1">
		<description>Bruxólico (demo 1.0, Portuguese)</description>
		<year>2022</year>
		<publisher>Amaweks</publisher>
		<rom name="brux_demo1_ptbr.tap" size="42031" crc="585cda67" sha1="c3927bb1fc2a517bcd6d690e2bfff28363263262" />
	</machine>
	<machine name="bruxolc_pt_dm2">
		<description>Bruxólico (Portuguese, demo 2.0)</description>
		<year>2023</year>
		<publisher>Amaweks</publisher>
		<rom name="Bruxolico - Lado A 01 - Jogo (PT-BR) (QAOPM).tap" size="42030" crc="3748bc18" sha1="e3c21e116db5992d74ad53ea75df7a5539b9c46d" />
		<rom name="Bruxolico - Lado A 01 - Jogo (PT-BR) (QAOPW).tap" size="42030" crc="3abea4a6" sha1="37b2099bf004e6b811abcf77520cafca7a175bf4" />
		<rom name="Bruxolico - Lado A 01 - Jogo (PT-BR) (WASDENTER).tap" size="42030" crc="1db35fb1" sha1="3bfbcf16ead4a1bec0686f6ce0c2d1a193596a06" />
		<rom name="Bruxolico - Lado A 02 - Narrativa (PT-BR).mp3" size="923089" crc="6f62ad96" sha1="9d404a6e8593e46418111f9a2f437ffe400a8839" />
		<rom name="Bruxolico - Lado A 03 - Narrativa (PT-BR).mp3" size="1740891" crc="1e3464ef" sha1="5157e8ed9b9ecb472e15f365d33eecf77692f12a" />
	</machine>
	<machine name="btlbulge_a">
		<description>The Battle of the Bulge (System 4)</description>
		<year>1991</year>
		<publisher>System 4</publisher>
		<rom name="Battle Of The Bulge (System 4) - Side 1.tzx" size="41381" crc="dd0db405" sha1="895a9e4d1c6d1cc9082934f5e0ebacd77edef099" />
		<rom name="Battle Of The Bulge (System 4) - Side 2.tzx" size="41381" crc="ca2a90fb" sha1="c0e101871f7348291aa9b707ee81605ba18e22ce" />
	</machine>
	<machine name="cobrasar_b">
		<description>Cobra's Arc (ERE)</description>
		<year>1986</year>
		<publisher>ERE Informatique</publisher>
		<rom name="CobrasArc.FR.tzx" size="49244" crc="968752a8" sha1="3f23821f1570ed3e6dac546bfb9cd01631098c3a" />
	</machine>
	<machine name="cobrasar_c">
		<description>Cobra's Arc (English)</description>
		<year>1986</year>
		<publisher>Dinamic Software</publisher>
		<rom name="CobrasArc.EN.tzx" size="49235" crc="e98756c6" sha1="725a25bf509ae23706aaa11fddb95d60d902434f" />
	</machine>
	<machine name="cobrasar_d">
		<description>Cobra's Arc (newer release)</description>
		<year>1986</year>
		<publisher>Dinamic Software</publisher>
		<rom name="CobraArc.tzx" size="48757" crc="1faa61b4" sha1="4ae53e0381c9208d5dfb9c48fbd5063632cab6a0" />
	</machine>
	<machine name="cosmicco">
		<description>Comercio Cosmico</description>
		<year>1987</year>
		<publisher>ZX-SOFT Brasil</publisher>
		<rom name="ComercioCosmico.tzx" size="16222" crc="ebcfbd4b" sha1="a5a8b0cfec868a8951ee5953d970c9890cf840d2" />
	</machine>
	<machine name="cosmicco_a">
		<description>Cosmic Commerce (English)</description>
		<year>1987</year>
		<publisher>Einar Saukas</publisher>
		<rom name="ComercioCosmico(EinarSaukas).tzx" size="15739" crc="abe5cb80" sha1="f129fde0aa75fc0a854a19de8b1549060546389e" />
	</machine>
	<machine name="ddragon2_c">
		<description>Double Dragon II - The Revenge (Dro Soft)</description>
		<year>1990</year>
		<publisher>Dro Soft</publisher>
		<rom name="Double Dragon 2 The Revenge - Side 1 (Dro Soft).tzx" size="181626" crc="71187d63" sha1="bac630907d1a0bec0acfa1aed97bb29a95b3f191" />
		<rom name="Double Dragon 2 The Revenge - Side 2 (Dro Soft).tzx" size="179040" crc="f887318d" sha1="072a9adb17ce9369a53e8c6ef96c8523f7ca9f3f" />
	</machine>
	<machine name="ddragon2_d">
		<description>Double Dragon II - The Revenge (Dro Soft, small case)</description>
		<year>1990</year>
		<publisher>Dro Soft</publisher>
		<rom name="Double Dragon 2 The Revenge - Small Case - Side 1 (Dro Soft).tzx" size="181581" crc="0d61df58" sha1="e53938b0ddffd2ded6361acd67d966ed42b7cfe5" />
		<rom name="Double Dragon 2 The Revenge - Small Case - Side 2 (Dro Soft).tzx" size="178995" crc="7667d240" sha1="08c1d457d55cb6dc7e9ba1120f274c83851c54f9" />
	</machine>
	<machine name="ddragon3_a">
		<description>Double Dragon III - The Rosetta Stone (Dro Soft)</description>
		<year>1991</year>
		<publisher>Dro Soft</publisher>
		<rom name="Double Dragon III - Side 1 (Dro Soft).tzx" size="25777" crc="51b29c8d" sha1="eac42e23390548ca3cbddc2c58a581874a3b6e7a" />
		<rom name="Double Dragon III - Side 2 (Dro Soft).tzx" size="287304" crc="6fdd102d" sha1="0dd7f040e8ecd129a2211c618e217e4792a0a43c" />
	</machine>
	<machine name="donjuan">
		<description>Don Juan et Dragueurs</description>
		<year>1984</year>
		<publisher>ERE Informatique</publisher>
		<rom name="Don Juans et Dragueurs.tzx" size="40641" crc="47645e10" sha1="23726860cf3b5b5f4957872b7c45a7ff39e028b2" />
	</machine>
	<machine name="donjuan_a">
		<description>Don Juan et Dragueurs (ATMOS/Spectrum release)</description>
		<year>1984</year>
		<publisher>ERE Informatique</publisher>
		<rom name="Don Juans et Dragueurs (alt).tzx" size="40559" crc="a1071cdc" sha1="5ee57f48984811d8edf2a1e7d5c7809a9ead21c8" />
	</machine>
	<machine name="dossierg">
		<description>Dossier "G"</description>
		<year>1985</year>
		<publisher>Cobra Soft</publisher>
		<rom name="DossierG(sideA).tzx" size="35722" crc="4f698545" sha1="006253bfb5d70774a5fad416aa54b95c424a6104" />
		<rom name="DossierG(sideB).tzx" size="35722" crc="8f44796b" sha1="ae0bac4cfa7f73ae3056bdb136c5919b9cda0d77" />
	</machine>
	<machine name="gesstock">
		<description>Gestion de Stock</description>
		<year>1984</year>
		<publisher>Sprites</publisher>
		<rom name="Gestion de Stock - Sprites.tzx" size="20656" crc="eac2d8fc" sha1="e43fa09b59959493959aa59b132ff7381600b1b0" />
	</machine>
	<machine name="gliderri_b">
		<description>Glider Rider (Zafiro)</description>
		<year>1988</year>
		<publisher>Zafiro Software Division</publisher>
		<rom name="Glider Rider (Zafiro).tzx" size="73118" crc="6a5a503a" sha1="558fdafdd8956ec922532ecd1d5215e17521ebe8" />
	</machine>
	<machine name="hewson">
		<description>Hewson (compilation)</description>
		<year>19??</year>
		<publisher>ERE Informatique</publisher>
		<rom name="Hewson - Face A.tzx" size="128353" crc="0a3dd809" sha1="85049f296d757dee33e3e7bf39e73bfabc9d5a8b" />
		<rom name="Hewson - Face B.tzx" size="89880" crc="df8001d0" sha1="ebc9b08f12f8b7e5cbe2dcd01f30e6481aef9054" />
	</machine>
	<machine name="histoire_a">
		<description>Histoire (alt)</description>
		<year>1983</year>
		<publisher>ERE Informatique</publisher>
		<rom name="Histoire (ERE).tzx" size="8917" crc="9225055c" sha1="eb90a18a8e95b0f60fd4510bd88fcfc3dd824e99" />
	</machine>
	<machine name="impossab_c">
		<description>Impossaball (PIM)</description>
		<year>1987</year>
		<publisher>PIM Software</publisher>
		<rom name="Impossaball - PIM Software.tzx" size="44572" crc="078e2231" sha1="fc140d93aab0dcc76aa71ef252b815883b265480" />
	</machine>
	<machine name="inbasic1">
		<description>Initiation au Basic 1</description>
		<year>1984</year>
		<publisher>Infogrames</publisher>
		<rom name="Initiation au basic 1.tzx" size="76499" crc="391f5167" sha1="63b6a267d315fd8780b51e7edf4da162323a0947" />
	</machine>
	<machine name="inbasic2">
		<description>Initiation au Basic 2</description>
		<year>1984</year>
		<publisher>Infogrames</publisher>
		<rom name="Initiation au basic 2.tzx" size="30350" crc="a266f6b7" sha1="3962d9e5fcc21ab987820f747fb9d020ed3da502" />
	</machine>
	<machine name="inbasic3">
		<description>Initiation au Basic 3</description>
		<year>1984</year>
		<publisher>Infogrames</publisher>
		<rom name="Initiation au basic 3.tzx" size="57384" crc="a112bfc8" sha1="313ed7d9b9dd787179881328b17699275cc5a690" />
	</machine>
	<machine name="inbasic4">
		<description>Initiation au Basic 4</description>
		<year>1984</year>
		<publisher>Infogrames</publisher>
		<rom name="Initiation au basic 4.tzx" size="21356" crc="fb9c3bea" sha1="3a158ec456d697ddcf3ac7a23052ef30840435f5" />
	</machine>
	<machine name="letuciel">
		<description>Simulátor Letu + Cielová Zástava</description>
		<year>19??</year>
		<publisher>Didaktik</publisher>
		<rom name="Simulator Letu - Cielova Zastava - Didaktik.tzx" size="80354" crc="cc637b16" sha1="982e2b61c7e929379913b8136abcc6245989e68d" />
	</machine>
	<machine name="lilemaud_b">
		<description>L'Ile Maudite (two sides)</description>
		<year>1984</year>
		<publisher>Loriciels</publisher>
		<rom name="L'Ile Maudite (Logiciels) - Side A.tzx" size="50985" crc="e1a10e8c" sha1="58c94abffafda214b339e542af13e6f075132f8c" />
		<rom name="L'Ile Maudite (Logiciels) - Side B.tzx" size="27037" crc="8c7b7366" sha1="37990e2a3c55c6f35edbcbe4b0462e6c98d393d3" />
	</machine>
	<machine name="linearpr_a">
		<description>Linear Programming (alt)</description>
		<year>1983</year>
		<publisher>University Software</publisher>
		<rom name="Side A - Optimize.tzx" size="13890" crc="abcb52c1" sha1="bee682ecc11dd8f12650e0630a79dd2e6a0e31fe" />
		<rom name="Side B - Equations.tzx" size="3376" crc="0e7b1fdd" sha1="a7307605c1f783b059b2a401545402e1127ffc06" />
	</machine>
	<machine name="managere_c">
		<description>Manager (Software Center)</description>
		<year>1984</year>
		<publisher>Software Center</publisher>
		<rom name="Manager - Side 1 (Software Center).tzx" size="41178" crc="77633505" sha1="ae8599662e7d54721c636a4b5226753eeb08876c" />
		<rom name="Manager - Side 2 (Software Center).tzx" size="10968" crc="87a4692e" sha1="72edb2166a7dd726de3f6cce9a00921432dc7319" />
	</machine>
	<machine name="manchest_b">
		<description>Manchester United (System 4)</description>
		<year>1990</year>
		<publisher>System 4</publisher>
		<rom name="Manchester United - Side 1 (System 4).tzx" size="53317" crc="64f8df3e" sha1="383aca07999fd415d08febff1848e8d7281e7346" />
		<rom name="Manchester United - Side 2 (System 4).tzx" size="32907" crc="1e1ca057" sha1="cc7142e8e06cc9eee4eaa07cccd008e81fe9b955" />
	</machine>
	<machine name="mancheur_b">
		<description>Manchester United Europe (System 4)</description>
		<year>1991</year>
		<publisher>System 4</publisher>
		<rom name="Manchester United Europe (System 4).tzx" size="80170" crc="1c700c38" sha1="b38b899eae8cc8f9ea41cbf2da28546291927b6f" />
	</machine>
	<machine name="mathere_a">
		<description>Math (ERE, alt)</description>
		<year>1983</year>
		<publisher>ERE Informatique</publisher>
		<rom name="Math (ERE).tzx" size="9425" crc="6f897ff9" sha1="041ddb8c3f1a3b3cd5bef40158e5cae4957f4ca8" />
	</machine>
	<machine name="nebulus_b">
		<description>Nebulus (Erbe)</description>
		<year>1987</year>
		<publisher>Erbe Software</publisher>
		<rom name="Nebulus (Erbe).tzx" size="44322" crc="ad3cee15" sha1="9a91eedf8bc60b59bd81807e2ca20734b843c8ef" />
	</machine>
	<machine name="othere_a">
		<description>Othello (1983, ERE, alt)</description>
		<year>1983</year>
		<publisher>ERE Informatique</publisher>
		<rom name="Othello (ERE, alt).tzx" size="9479" crc="74f579e0" sha1="521c00c79e1af54a30e9efda6bcc78a866992e1f" />
	</machine>
	<machine name="plinearp_pt">
		<description>Optimisa (Portuguese)</description>
		<year>198?</year>
		<publisher>&lt;unknown&gt;</publisher>
		<rom name="Optimisa.tzx" size="6559" crc="6c5286f8" sha1="0979be669a316bc1b399cd1a0c56c385539b26db" />
	</machine>
	<machine name="prohibit_b">
		<description>Prohibition (Zafi Chip)</description>
		<year>1987</year>
		<publisher>Zafi Chip</publisher>
		<rom name="Prohibition (Zafiro).tzx" size="42571" crc="2d322f94" sha1="72ae31918aeee17e02909ec2b924939413dfae31" />
	</machine>
	<machine name="ranarama_d">
		<description>Rana Rama (PIM)</description>
		<year>1987</year>
		<publisher>PIM Software</publisher>
		<rom name="Rana Rama - PIM Software.tzx" size="52509" crc="a9d843a2" sha1="4adf7df92c8f0bb4838dce6fddc7061dd866b4d7" />
	</machine>
	<machine name="simcity_a">
		<description>Sim City (Erbe)</description>
		<year>1990</year>
		<publisher>Erbe Software</publisher>
		<rom name="Sim City (Erbe).tzx" size="56214" crc="a58ce85a" sha1="90d7cebe9cc282b97d68644adeb78a194ec3e6b9" />
	</machine>
	<machine name="splitimg_b">
		<description>Split Images (PIM)</description>
		<year>1986</year>
		<publisher>PIM Software</publisher>
		<rom name="SplitPersonalities(PIMSoftware).tzx" size="50544" crc="476c1c42" sha1="97ab6487d1ae1c4c9ee5504ad341c079768e2cd2" />
	</machine>
	<machine name="splitimg_c">
		<description>Split Personalities (Zafi Chip)</description>
		<year>1986</year>
		<publisher>Domark</publisher>
		<rom name="Split Personalities - Side 1 (Zafi Chip).tzx" size="91384" crc="49485f89" sha1="51f99d0f24876fe0d83ba0b4c92726c0e57fccf9" />
		<rom name="Split Personalities - Side 2 (Zafi Chip).tzx" size="50265" crc="3fa63e9f" sha1="5f898eea2544e31d83086d2f70d4ad3bea2dbd53" />
	</machine>
	<machine name="tartist2_48">
		<description>The Artist II (48K)</description>
		<year>1986</year>
		<publisher>Softechnics</publisher>
		<rom name="the artist 2 - 48k.tap" size="99329" crc="1e06b9c3" sha1="0da18b5ca553adfd4f345e18640155b347da7b00" />
	</machine>
	<machine name="wecleman_a">
		<description>WEC Le Mans (Erbe)</description>
		<year>1989</year>
		<publisher>Erbe Software</publisher>
		<rom name="Wec Le Mans (Erbe).tzx" size="113001" crc="22f6bb2a" sha1="e5adbf567e83e3bda3938446965176a0c7f3d9dc" />
	</machine>
</datafile>