<?xml version="1.0" encoding="utf-8"?>
<!DOCTYPE datafile PUBLIC "-//Logiqx//DTD ROM Management Datafile//EN" "http://www.logiqx.com/Dats/datafile.dtd">
<datafile>
	<header>
		<name>x68k_flop</name>
		<description>Sharp X68k disk images</description>
		<version></version>
		<author></author>
	</header>
	<machine name="chorensa100a">
		<description>Chourensha 68k (v1.00, alt)</description>
		<year>1995</year>
		<publisher>&lt;doujin&gt;</publisher>
		<rom name="crs_1_00.dim" size="1278208" crc="3f2969cc" sha1="49201e2099469bcd6371a41f9533d425f09b0f97" />
	</machine>
</datafile>