<?xml version="1.0" encoding="utf-8"?>
<!DOCTYPE datafile PUBLIC "-//Logiqx//DTD ROM Management Datafile//EN" "http://www.logiqx.com/Dats/datafile.dtd">
<datafile>
	<header>
		<name>ibm5170_hdd</name>
		<description>IBM PC/AT hard disk images</description>
		<version>0.267</version>
		<author>Pleasuredome</author>
	</header>
	<machine name="drdos6">
		<description>DR DOS 6.0</description>
		<year>1991</year>
		<publisher>Digital Research</publisher>
		<disk name="drdos6" sha1="4421e76e30a4f83a73684a879212041aa860a3d9" />
	</machine>
	<machine name="drdos703">
		<description>DR DOS 7.03</description>
		<year>1999</year>
		<publisher>Caldera</publisher>
		<disk name="drdos703" sha1="5dc226a7f8df239f0085266a8e8db7bb12e5f3eb" />
		<disk name="drdosl703" sha1="a71ab60140d2dfe4da7f3dd4da03820aab836aa2" />
	</machine>
	<machine name="freedos10">
		<description>FreeDOS 1.0</description>
		<year>2006</year>
		<publisher>The FreeDOS Project</publisher>
		<disk name="freedos10" sha1="49a47fe1778f335319eb0ed9888b3c80aae569f7" />
	</machine>
	<machine name="freedos13rc4">
		<description>FreeDOS 1.3 Release Candidate 4</description>
		<year>2021</year>
		<publisher>The FreeDOS Project</publisher>
		<disk name="freedos13rc4" sha1="bb81d708746f4e5cfd4207af598cd7691a8e33bf" />
	</machine>
	<machine name="msdos5">
		<description>MS-DOS (Version 5.00)</description>
		<year>1991</year>
		<publisher>Microsoft</publisher>
		<disk name="msdos5" sha1="2c585ce9193b5420bfe4f6fca591226bf69a8664" />
	</machine>
	<machine name="msdos6">
		<description>MS-DOS (Version 6.00)</description>
		<year>1992</year>
		<publisher>Microsoft</publisher>
		<disk name="msdos6" sha1="b90a3e039ba35234124e7cd9a3793b36cad6fa0c" />
	</machine>
	<machine name="msdos62">
		<description>MS-DOS (Version 6.20)</description>
		<year>1993</year>
		<publisher>Microsoft</publisher>
		<disk name="msdos62" sha1="a31ce09d250c5cbbb3dd455f428a58dde808f68a" />
	</machine>
	<machine name="msdos331">
		<description>MS-DOS (Version 3.31)</description>
		<year>1987</year>
		<publisher>Microsoft</publisher>
		<disk name="msdos331" sha1="8dcd18e7edbba516efca297181cbf452e7f944d6" />
	</machine>
	<machine name="msdos622">
		<description>MS-DOS (Version 6.22)</description>
		<year>1994</year>
		<publisher>Microsoft</publisher>
		<disk name="msdos622" sha1="ceaa0a963ae2b301c8d799e3f7c733f13eebe8bc" />
	</machine>
	<machine name="nvldos7">
		<description>Novell DOS 7</description>
		<year>1994</year>
		<publisher>Novell</publisher>
		<disk name="nvldos7" sha1="c3f67f44c015141a09d6aeb104847b9bc90a0fd7" />
	</machine>
	<machine name="nvldos51">
		<description>Novell DR Multiuser DOS Release 5.1</description>
		<year>1992</year>
		<publisher>Novell</publisher>
		<disk name="nvldos51" sha1="06b08d107a1d7272008805dbda33e59244c5364d" />
	</machine>
	<machine name="odos701">
		<description>Caldera OpenDOS 7.01</description>
		<year>1997</year>
		<publisher>Caldera</publisher>
		<disk name="odos701" sha1="b8fbb4ef751ecef8d5992f2f849f5f11f936c947" />
	</machine>
	<machine name="odosl701">
		<description>Caldera OpenDOS Lite 7.01</description>
		<year>1997</year>
		<publisher>Caldera</publisher>
		<disk name="odosl701" sha1="0d73b04dfbe8dc57bb9ed5f08969d4e222f17ae7" />
	</machine>
	<machine name="os2warp3b">
		<description>OS/2 Warp with Win-OS/2</description>
		<year>1995</year>
		<publisher>IBM</publisher>
		<disk name="os2warp3b" sha1="28923439271f44700986325fb7219456a94c7831" />
	</machine>
	<machine name="os2warp3cb">
		<description>OS/2 Warp Connect with Win-OS/2</description>
		<year>1995</year>
		<publisher>IBM</publisher>
		<disk name="os2warp3cb" sha1="f48d5fe6f2df2002877b98c19da2abdae896dd70" />
	</machine>
	<machine name="pcdos2k">
		<description>IBM PC DOS 2000</description>
		<year>1998</year>
		<publisher>IBM</publisher>
		<disk name="pcdos2k" sha1="96addad58a341c5ac005bbec700e7e52e2ae091f" />
	</machine>
	<machine name="pcdos5">
		<description>IBM DOS (Version 5.00)</description>
		<year>1991</year>
		<publisher>IBM</publisher>
		<disk name="pcdos5" sha1="13e5d55c5d8ee2572e4a4b235d67bab85cdc3551" />
	</machine>
	<machine name="pcdos61">
		<description>IBM DOS (Version 6.1)</description>
		<year>1993</year>
		<publisher>IBM</publisher>
		<disk name="pcdos61" sha1="87feeccc64414792c16d4b1e5fefc1aa7de8d3c2" />
	</machine>
	<machine name="pcdos63">
		<description>PC DOS (Version 6.3)</description>
		<year>1993</year>
		<publisher>IBM</publisher>
		<disk name="pcdos63" sha1="6811617bf057b35ea5879a1cabb1001f5606c0e2" />
	</machine>
	<machine name="pcdos502">
		<description>IBM DOS (Version 5.02)</description>
		<year>1992</year>
		<publisher>IBM</publisher>
		<disk name="pcdos502" sha1="cd80077357318245d0aac7090844c3d1179df6e2" />
	</machine>
	<machine name="wfw31">
		<description>Windows for Workgroups Version 3.1</description>
		<year>1992</year>
		<publisher>Microsoft</publisher>
		<disk name="wfw31" sha1="6b37720cfb1607c66ebb42ce337fb597fda1f920" />
	</machine>
	<machine name="wfw311">
		<description>Windows for Workgroups Version 3.11</description>
		<year>1993</year>
		<publisher>Microsoft</publisher>
		<disk name="wfw311" sha1="c87f3a1e2e5b848aaa7a75c8cdf0cc2da7c95659" />
	</machine>
	<machine name="wi211386">
		<description>Microsoft Windows/386 Version 2.11</description>
		<year>1989</year>
		<publisher>Microsoft</publisher>
		<disk name="wi211386" sha1="6c5dee6d39263238ed429870892d84c5c1fe670e" />
	</machine>
	<machine name="win30">
		<description>Microsoft Windows Version 3.0</description>
		<year>1990</year>
		<publisher>Microsoft</publisher>
		<disk name="win30" sha1="64c7099b65b6561c8e346d240796bf4c00d381ab" />
	</machine>
	<machine name="win31">
		<description>Windows Version 3.1</description>
		<year>1992</year>
		<publisher>Microsoft</publisher>
		<disk name="win31" sha1="15a7f0cee36fb8c80b1f378375c70b6dc94d531d" />
	</machine>
	<machine name="win95">
		<description>Windows 95</description>
		<year>1995</year>
		<publisher>Microsoft</publisher>
		<disk name="win95" sha1="284bfaac43d484d097b832cec48620a0f87dd890" />
	</machine>
	<machine name="win98se">
		<description>Windows 98 Second Edition</description>
		<year>1999</year>
		<publisher>Microsoft</publisher>
		<disk name="win98se_eng" sha1="950aec51ec66fee95da4f85979adc1abfde4a62b" />
	</machine>
	<machine name="win311">
		<description>Windows Version 3.11</description>
		<year>1993</year>
		<publisher>Microsoft</publisher>
		<disk name="win311" sha1="1bbf5ce3305e1d6d22409ae35d755181ddb36321" />
	</machine>
	<machine name="win21386">
		<description>Microsoft Windows/386 Version 2.1</description>
		<year>1988</year>
		<publisher>Microsoft</publisher>
		<disk name="win21386" sha1="c30769289e5aac9e40123941deb3586ab7f588ba" />
	</machine>
	<machine name="winnt31w">
		<description>Windows NT 3.1 Workstation (3.10.511.1)</description>
		<year>1993</year>
		<publisher>Microsoft</publisher>
		<disk name="winnt31w" sha1="5c1cd3934cfcbd7b22f5f507c23d9b8826678c58" />
	</machine>
	<machine name="winnt351w">
		<description>Windows NT 3.51 Workstation (3.51.1057.1)</description>
		<year>1995</year>
		<publisher>Microsoft</publisher>
		<disk name="winnt351w" sha1="b59a2f9254a0023afa37d036638863882906a2e1" />
	</machine>
</datafile>