<?xml version="1.0" encoding="utf-8"?>
<!DOCTYPE datafile PUBLIC "-//Logiqx//DTD ROM Management Datafile//EN" "http://www.logiqx.com/Dats/datafile.dtd">
<datafile>
	<header>
		<name>pc1512_hdd</name>
		<description>Amstrad PC1512 hard disks</description>
		<version>0.267</version>
		<author>Pleasuredome</author>
	</header>
	<machine name="hd20">
		<description>Amstrad PC1512 HD20</description>
		<year>1986</year>
		<publisher>Amstrad</publisher>
		<disk name="hd20" sha1="f341f9ef8f6a47fd66b6977cacaa93e155c699aa" />
	</machine>
</datafile>