<?xml version="1.0" encoding="utf-8"?>
<!DOCTYPE datafile PUBLIC "-//Logiqx//DTD ROM Management Datafile//EN" "http://www.logiqx.com/Dats/datafile.dtd">
<datafile>
	<header>
		<name>pico</name>
		<description>Sega Pico cartridges</description>
		<version>0.267</version>
		<author>Pleasuredome</author>
	</header>
	<machine name="sanouk5">
		<description>Sanou Kaihatsu Series 5 Meiro - Kioku (Japan, CD Tsuki)</description>
		<year>1995</year>
		<publisher>Imagineer</publisher>
		<disk name="imgpico-001" sha1="c9330bbf118405c02347bd83a1cc24ab2bb4310d" />
	</machine>
</datafile>