<?xml version="1.0" encoding="utf-8"?>
<!DOCTYPE datafile PUBLIC "-//Logiqx//DTD ROM Management Datafile//EN" "http://www.logiqx.com/Dats/datafile.dtd">
<datafile>
	<header>
		<name>a800_flop</name>
		<description>Atari 400 / 800 floppy disks</description>
		<version></version>
		<author></author>
	</header>
	<machine name="alleycat">
		<description>Alley Cat</description>
		<year>1983</year>
		<publisher>Synapse</publisher>
		<rom name="alleycat.atr" size="65552" crc="12e2eb0d" sha1="a99e131f024e5df10316860b6d174a16aadc8651" />
	</machine>
	<machine name="azteccha">
		<description>Aztec Challenge</description>
		<year>1983</year>
		<publisher>Cosmi</publisher>
		<rom name="Aztec Challenge.atr" size="13584" crc="ea4be8e7" sha1="bd9362aa4023a54a35ef2c3f3c7100523100820b" />
	</machine>
	<machine name="b1bomber">
		<description>B1-Nuclear Bomber</description>
		<year>1981</year>
		<publisher>Avalon Hill</publisher>
		<rom name="b-1 nuclear bomber (1981)(avalon hill)(us)[basic].atr" size="92176" crc="1d4a3876" sha1="aba9f4e932cf0d15d9752b385e016c795c8411ba" />
	</machine>
	<machine name="ballyhoo">
		<description>Ballyhoo</description>
		<year>1986</year>
		<publisher>Infocom</publisher>
		<rom name="ballyhoo rel 97 (1986)(infocom)(us)(side a).atr" size="92176" crc="c00ee466" sha1="529fc60d79c3a4b4d9b4d394ef869a9b441c36ae" />
		<rom name="ballyhoo rel 97 (1986)(infocom)(us)(side b).atr" size="92176" crc="0b532b18" sha1="ce13da4e8a2f557983142384adfebffd7a5641f3" />
	</machine>
	<machine name="basxe41x">
		<description>Basic XE Programming Language v4.1 (Extensions)</description>
		<year>1986</year>
		<publisher>OSS</publisher>
		<rom name="basic xe v4.1 extension disk.atr" size="92176" crc="e1c6d065" sha1="8749107e28cfa7add26a5628562c708fa62e0ce0" />
	</machine>
	<machine name="bcastwlf">
		<description>Beyond Castle Wolfenstein</description>
		<year>1984</year>
		<publisher>Muse Software</publisher>
		<rom name="beyond castle wolfenstein.atr" size="92176" crc="78ef8db7" sha1="a0916bd0dde1b748834411c96cb2ae058b38f3c2" />
	</machine>
	<machine name="bdash2">
		<description>Boulder Dash II</description>
		<year>1985</year>
		<publisher>First Star</publisher>
		<rom name="Boulder Dash II (v4).atr" size="92176" crc="1145500d" sha1="6cbbe6c497f6462b1e3aabaa72a91ce5daa35fb6" />
	</machine>
	<machine name="bmax2001">
		<description>Blue Max 2001</description>
		<year>1984</year>
		<publisher>Synapse</publisher>
		<rom name="Blue Max 2001.atr" size="65552" crc="e8fb6d8f" sha1="2b3fe701ea1a7d4660d5d6d403228fbabf4cc711" />
	</machine>
	<machine name="brucelee">
		<description>Bruce Lee</description>
		<year>1984</year>
		<publisher>Datasoft</publisher>
		<rom name="Bruce Lee (v1).atr" size="92176" crc="5870eb7f" sha1="789b4c0ce4ade89559179999751a29f250325787" />
	</machine>
	<machine name="castwolf">
		<description>Castle Wolfenstein</description>
		<year>1983</year>
		<publisher>Muse Software</publisher>
		<rom name="castle wolfenstein.atr" size="92176" crc="7745cd05" sha1="03ba4218d20f260f3e17c7ce540c952cd071bdf5" />
	</machine>
	<machine name="ccchomp">
		<description>Crush, Crumble and Chomp!</description>
		<year>1981</year>
		<publisher>Epyx</publisher>
		<rom name="crush, crumble and chomp (1981)(epyx)(us)[basic][os-b].atr" size="92176" crc="419fce77" sha1="513ff8617ebf45e95d19a1ec9e067d1a3121ecf6" />
	</machine>
	<machine name="ckhafka">
		<description>Caverns of Khafka</description>
		<year>1983</year>
		<publisher>Cosmi</publisher>
		<rom name="Caverns of Khafka.atr" size="92176" crc="587862ff" sha1="53ec7aa10e7f7231b4cc7d194b21fda735135263" />
	</machine>
	<machine name="cloderun">
		<description>Championship Lode Runner</description>
		<year>1985</year>
		<publisher>Broderbund</publisher>
		<rom name="Championship Lode Runner.atr" size="92176" crc="53e02689" sha1="dc92e8616fa2e00432b388df97d508c1a0b6db3c" />
	</machine>
	<machine name="countdwn">
		<description>Countdown</description>
		<year>1984</year>
		<publisher>Synapse</publisher>
		<rom name="Countdown.atr" size="92176" crc="0471796a" sha1="d02b8ad67b2f1f27b340e6fa94aa0c9bc03d2ad7" />
	</machine>
	<machine name="croschck">
		<description>Crosscheck</description>
		<year>1986</year>
		<publisher>Datasoft</publisher>
		<rom name="crosscheck (1986)(datasoft)(us).atr" size="92176" crc="b4cef936" sha1="1bb9efe6ce4829388f933ae85dd0836749ca9e55" />
	</machine>
	<machine name="cutthroa">
		<description>Cutthroats</description>
		<year>1984</year>
		<publisher>Infocom</publisher>
		<rom name="cutthroats rel 23 (1984-08-09)(infocom)(us)(side a).atr" size="92176" crc="15e554b5" sha1="e02c321efa35fcde2ce43e9ea755d73c30beebe2" />
		<rom name="cutthroats rel 23 (1984-08-09)(infocom)(us)(side b).atr" size="92176" crc="ec7cd1cf" sha1="3c63670d88e7238cce902cb689e6764152941bff" />
	</machine>
	<machine name="cvrnmars">
		<description>Caverns of Mars</description>
		<year>1982</year>
		<publisher>Atari</publisher>
		<rom name="caverns of mars (1982)(atari)(us).atr" size="92176" crc="b5b08100" sha1="e4cfd18a24734ae2b038810f10765fd440522adc" />
	</machine>
	<machine name="dandydgn">
		<description>Dandy Dungeon</description>
		<year>1985</year>
		<publisher>Antic</publisher>
		<rom name="dandy dungeon (1985)(antic software)(us)(side a).atr" size="92176" crc="da5f16f3" sha1="fa2e4622eae7db965ae53f21977ead1b0da5aded" />
		<rom name="dandy dungeon (1985)(antic software)(us)(side b)(documentation).atr" size="92176" crc="a9906be8" sha1="c569bc924d6808217c244ebf7eca122c10be60e4" />
	</machine>
	<machine name="elktrgld">
		<description>Elektra Glide</description>
		<year>1986</year>
		<publisher>Mastertronic</publisher>
		<rom name="elektraglide.xfd" size="92160" crc="96185b1c" sha1="fb9825a432b83a2a7e623a2f617d0fa11de08158" />
	</machine>
	<machine name="enchantr">
		<description>Enchanter</description>
		<year>1985</year>
		<publisher>Infocom</publisher>
		<rom name="enchanter rel 16 (1983)(infocom)(us)(side a).atr" size="92176" crc="835bb352" sha1="e1d1e3faf0a44612de187701dd4dee568879d966" />
		<rom name="enchanter rel 16 (1983)(infocom)(us)(side b).atr" size="92176" crc="6bcf1f25" sha1="82ed9f84b24ea45fa947f655ea9bfdd22ec135c3" />
	</machine>
	<machine name="essex">
		<description>Essex</description>
		<year>1985</year>
		<publisher>Synapse Software</publisher>
		<rom name="essex (1985)(synapse software)(us)(disk 1 of 2 side a)(disk 1, side 1).atr" size="92176" crc="551e10de" sha1="9bd38275b73a9f5b814dc7375ee7139693bc179b" />
		<rom name="essex (1985)(synapse software)(us)(disk 1 of 2 side b)(disk 1, side 2).atr" size="92176" crc="61416032" sha1="fca4ceee1fde5f140f10a836f2958cd629dbaed8" />
		<rom name="essex (1985)(synapse software)(us)(disk 2 of 2 side a)(disk 2, side 1).atr" size="92176" crc="68e9cfc6" sha1="90e6bd592d99d7d10e2d0c8ee896424cba6b8bdc" />
		<rom name="essex (1985)(synapse software)(us)(disk 2 of 2 side b)(disk 2, side 2).atr" size="92176" crc="70b697d2" sha1="a26e4765740e9e4986cd55b3209de4bd77503d90" />
	</machine>
	<machine name="fforest">
		<description>Forbidden Forest</description>
		<year>1983</year>
		<publisher>Cosmi</publisher>
		<rom name="forbidden forest (1983)(cosmi)(us).atr" size="92176" crc="3faaa34c" sha1="3e122297fe9f891785e59eb9b607403aae21719f" />
	</machine>
	<machine name="galahad">
		<description>Galahad and the Holy Grail</description>
		<year>1982</year>
		<publisher>Atari Program Exchange</publisher>
		<rom name="galahad and the holy grail (1982)(apx)(us).atr" size="92176" crc="d575a0bb" sha1="9f03ddbd745919e93113daed1117a59751f22ae5" />
	</machine>
	<machine name="jumpman">
		<description>Jumpman</description>
		<year>1983</year>
		<publisher>Epyx</publisher>
		<rom name="jumpman.atr" size="92176" crc="290a9e56" sha1="96c411a65cfd0b45ac68603021793701d27244b9" />
	</machine>
	<machine name="kangaroo">
		<description>Kangaroo</description>
		<year>1982</year>
		<publisher>Atari Program Exchange</publisher>
		<rom name="kangaroo v1.0 (1982)(apx)(us).atr" size="92176" crc="2ca28d46" sha1="6df7378e51465bca6f7c64bbd7d736354d24680e" />
	</machine>
	<machine name="koalapnt">
		<description>KoalaPainter (Light Pen)</description>
		<year>1984</year>
		<publisher>Koala Technologies</publisher>
		<rom name="koalapainter.xfd" size="92160" crc="f1447be4" sha1="834d906748f9f4f089912289ab592cf091456d49" />
	</machine>
	<machine name="litedosse">
		<description>Atari LiteDOS-SE</description>
		<year>2022</year>
		<publisher>Mr.Atari</publisher>
		<rom name="LiteDOS-SE (build 2022-01-14).atr" size="92176" crc="779dbfae" sha1="5cbbe75cf0489213d87e2c7cdaf2f8bfc802cf56" />
		<rom name="TBasic UBasic (No DOS).atr" size="92176" crc="22213f8f" sha1="994787ec0b3f487aca22d943fb82d60138d6e68f" />
	</machine>
	<machine name="loderunr">
		<description>Lode Runner</description>
		<year>1983</year>
		<publisher>Broderbund</publisher>
		<rom name="Lode Runner (1983)(Broderbund).atr" size="92176" crc="3a6f19ae" sha1="1add070c088b73488fb83e815294cd1d0e38e039" />
	</machine>
	<machine name="marsmis2">
		<description>Mars Mission II</description>
		<year>1981</year>
		<publisher>Antic</publisher>
		<rom name="Mars Mission II.atr" size="92176" crc="59694595" sha1="4b2ad8bdcbbd4c8f5aef154e55bf4950b15798f3" />
	</machine>
	<machine name="mbasic2x">
		<description>Microsoft BASIC II Programming Language (Extensions)</description>
		<year>1982</year>
		<publisher>Atari</publisher>
		<rom name="microsoft basic ii extension disk.atr" size="92176" crc="9d6c44ea" sha1="8f305bf916fc6df9cf469a413686de8933ac36e8" />
	</machine>
	<machine name="montzuma">
		<description>Montezuma's Revenge</description>
		<year>1984</year>
		<publisher>Parker Brothers</publisher>
		<rom name="Montezuma's Revenge _ Parker Brothers.atr" size="92176" crc="3ec0b7e2" sha1="3535dfc1cf25f59c8bdc050689bb89877fef9da0" />
	</machine>
	<machine name="montzump">
		<description>Montezuma's Revenge! (Prototype)</description>
		<year>1983</year>
		<publisher>Utopia Software</publisher>
		<rom name="Montezuma's Revenge.atr" size="34960" crc="fd7387dd" sha1="563832104dd0658d09411b24cc0c251be5041d33" />
	</machine>
	<machine name="moonmist">
		<description>Moonmist</description>
		<year>1986</year>
		<publisher>Infocom</publisher>
		<rom name="moonmist rel 4 (1986-09-18)(infocom)(us)(side a).atr" size="92176" crc="64d2f0a5" sha1="037d34f53e7b74c86cf86ba3cbcf8971dc374190" />
		<rom name="moonmist rel 4 (1986-09-18)(infocom)(us)(side b).atr" size="92176" crc="b08d5f2e" sha1="e2ca92e25bc0a472f54ecb3be42f87e60848e0f1" />
	</machine>
	<machine name="mrrobot">
		<description>Mr. Robot and his Robot Factory</description>
		<year>1983</year>
		<publisher>Datamost</publisher>
		<rom name="mr robot and his robot factory.atr" size="92176" crc="36f3bdb0" sha1="8bb1f04783e883bb20aec5b83e3493632d9dd0bd" />
	</machine>
	<machine name="necroman">
		<description>Necromancer</description>
		<year>1982</year>
		<publisher>Synapse</publisher>
		<rom name="Necromancer (v3).atr" size="92176" crc="e88a29c6" sha1="2445a652bb2980b7def4b189718332997f9fa584" />
	</machine>
	<machine name="ninja">
		<description>Ninja</description>
		<year>1986</year>
		<publisher>Mastertronic</publisher>
		<rom name="Ninja (v1).atr" size="92176" crc="54c732ed" sha1="8cd6d106904d62bb417acc0c58928dc40e10c462" />
	</machine>
	<machine name="phantas">
		<description>Phantasie</description>
		<year>1987</year>
		<publisher>SSI</publisher>
		<rom name="phantasie v1.0 (1987)(ssi)(us)(disk 1 of 2 side a)(disk 1).atr" size="92176" crc="4f6d019f" sha1="d1ddaaac1ec56b6080cf3f28e43a6d021e6089c2" />
		<rom name="phantasie v1.0 (1987)(ssi)(us)(disk 1 of 2 side b)(disk 2).atr" size="92176" crc="d49b5aa8" sha1="fe5adccc9876e1b9568009fb5850f58449199385" />
		<rom name="phantasie v1.0 (1987)(ssi)(us)(disk 2 of 2 side a)(disk 3)[m].atr" size="92176" crc="2be4ac66" sha1="c31cae2144e7eed0695d9453f6407994dc1a6d6a" />
		<rom name="phantasie v1.0 (1987)(ssi)(us)(disk 2 of 2 side b)(disk 4).atr" size="92176" crc="a7cbc846" sha1="c82837ee05eea44cd407927dc4b9f7de80633c61" />
	</machine>
	<machine name="phobos">
		<description>Phobos v1.1</description>
		<year>1983</year>
		<publisher>Atari Program Exchange</publisher>
		<rom name="phobos v1.1 (1983-03-03)(apx)(us).atr" size="92176" crc="d104a7c3" sha1="401464d1ddf55bc29626c39275fddf335be9508d" />
	</machine>
	<machine name="planetfa">
		<description>Planetfall</description>
		<year>1983</year>
		<publisher>Infocom</publisher>
		<rom name="planetfall rel 20 (1983)(infocom)(us)(side a).atr" size="92176" crc="72322fd8" sha1="e5fc69a474c11468e3c2422fc0ce75a4366b3943" />
		<rom name="planetfall rel 20 (1983)(infocom)(us)(side b).atr" size="92176" crc="8d7c4c39" sha1="8f5a2619743b1144af8a1db0df878e6f69603802" />
	</machine>
	<machine name="pogoman">
		<description>Pogoman</description>
		<year>1982</year>
		<publisher>Computer Magic</publisher>
		<rom name="pogoman (1982)(computer magic)(us).atr" size="92176" crc="6d1cc0dc" sha1="872f39d0ede185b4eff5391a50055ca3d1d53fed" />
	</machine>
	<machine name="quasmodo">
		<description>Quasimodo</description>
		<year>1984</year>
		<publisher>Synapse</publisher>
		<rom name="quasmodo.atr" size="27024" crc="0a2e0469" sha1="ae973c2b8f7863ce7b519a2a4dd689ad1a4b20a3" />
	</machine>
	<machine name="sam">
		<description>S.A.M.</description>
		<year>1982</year>
		<publisher>Don't Ask</publisher>
		<rom name="sam.atr" size="92176" crc="a5895d13" sha1="da2118f26dd46b0435ba6a486f17069734bad812" />
	</machine>
	<machine name="saracen">
		<description>Saracen</description>
		<year>1987</year>
		<publisher>Datasoft</publisher>
		<rom name="saracen (1987)(datasoft)(us)(side a).atr" size="92176" crc="512b4ab7" sha1="3b91a79a49c699ea458a85fe81612a55e494c1ec" />
		<rom name="saracen (1987)(datasoft)(us)(side b).atr" size="92176" crc="40217012" sha1="13675d252b391f1e177bf7b5d97b4d813ac0cdbe" />
	</machine>
	<machine name="shamus2">
		<description>Shamus: Case II</description>
		<year>1983</year>
		<publisher>Synapse</publisher>
		<rom name="Shamus - Case II.atr" size="92176" crc="2b6696c6" sha1="f3079c19f54ae5dc6fc9de6ca80341e9a2527c05" />
	</machine>
	<machine name="shatalli">
		<description>Chronicles of Osgorth: The Shattered Alliance</description>
		<year>1981</year>
		<publisher>SSI</publisher>
		<rom name="chronicles of osgorth - the shattered alliance (1981)(ssi)(us)[basic].atr" size="92176" crc="3bed0e22" sha1="e8fd2abf5a8a3666d3872cb8853d9e9f9b6f8560" />
	</machine>
	<machine name="silents">
		<description>Silent Service</description>
		<year>1985</year>
		<publisher>Microprose</publisher>
		<rom name="Silent Service.atr" size="92176" crc="bda9ac46" sha1="312c76e40f0941749e3909afd4a7d7a83f398210" />
	</machine>
	<machine name="softprna">
		<description>Softporn Adventure</description>
		<year>1981</year>
		<publisher>On-Line Systems</publisher>
		<rom name="softporn adventure (1981)(on-line systems)(us)[basic].atr" size="92176" crc="6a0c2d66" sha1="cf0dbfbb3405c9360a14131f3efae7003c4e748d" />
	</machine>
	<machine name="specdemo">
		<description>Spectraview II Demo Disk</description>
		<year>198?</year>
		<publisher>Display Systems International</publisher>
		<rom name="spectraview-ii demo disk.atr" size="183952" crc="50b3fb52" sha1="d3bc5b6bb03ad648b79ebb536dba4af4af078bdc" />
	</machine>
	<machine name="spellbrk">
		<description>Spellbreaker</description>
		<year>1985</year>
		<publisher>Infocom</publisher>
		<rom name="spellbreaker rel 63 (1985-09-16)(infocom)(us)(side a).atr" size="92176" crc="c8d46edd" sha1="5f7aef1cff9ba58f4a2178c967e2c9b49fce9e34" />
		<rom name="spellbreaker rel 63 (1985-09-16)(infocom)(us)(side b).atr" size="92176" crc="27595ca6" sha1="ca66381b5b28da9838b3416985c06b3530efbe34" />
	</machine>
	<machine name="spitfr40">
		<description>Spitfire 40</description>
		<year>1986</year>
		<publisher>Avalon Hill</publisher>
		<rom name="spitfire 40 (1986)(avalon hill)(us).atr" size="92176" crc="875a404f" sha1="49e6c560d38137944c1cd9bc6c5f37a012045a84" />
	</machine>
	<machine name="spyvspy">
		<description>Spy Vs Spy</description>
		<year>1984</year>
		<publisher>First Star</publisher>
		<rom name="Spy Vs Spy (1984)(First Star).atr" size="92176" crc="91940f40" sha1="d57d8ecbb0b14987c8fc64b27fe1511779c62f4d" />
	</machine>
	<machine name="spyvspya">
		<description>Spy Vs Spy - Arctic Antics</description>
		<year>1987</year>
		<publisher>First Star</publisher>
		<rom name="Spy Vs Spy - Arctic Antics (1987)(First Star).atr" size="92176" crc="0bd44669" sha1="e6fe39584e5facc62116c7c4f5952e4d5046323a" />
	</machine>
	<machine name="spyvspyi">
		<description>Spy Vs Spy - The Island Caper</description>
		<year>1985</year>
		<publisher>First Star Software</publisher>
		<rom name="Spy Vs Spy - The Island Caper (1985)(First Star).atr" size="92176" crc="7ac8a99a" sha1="ce4241641a3d0981beaa766f01bf0093552c70de" />
	</machine>
	<machine name="strraid2">
		<description>Star Raiders II [Aric Wilmunder]</description>
		<year>1984</year>
		<publisher>Atari</publisher>
		<rom name="Wilmunder_Star_Raiders_II_8-2.atr" size="92176" crc="fd4e3401" sha1="90a53c361bb3a89f6c5db93b0441d04feccc6d90" />
	</machine>
	<machine name="swatpant">
		<description>L.A. SWAT + Panther</description>
		<year>1988</year>
		<publisher>Mastertronic</publisher>
		<rom name="l.a. swat + panther (1988)(mastertronic)(us).atr" size="92176" crc="6c4752f6" sha1="df6a82e8946d7100620c3947d9e7e106f513fa26" />
	</machine>
	<machine name="t34">
		<description>T-34: The Battle</description>
		<year>1994</year>
		<publisher>A.N.G. Software</publisher>
		<rom name="t-34 - the battle (1994)(a.n.g. software)(nl)(fw)(side a).atr" size="133136" crc="4c276dc4" sha1="7720e199b7061852668979feb1a67aa042eac76c" />
		<rom name="t-34 - the battle (1994)(a.n.g. software)(nl)(fw)(side b).atr" size="133136" crc="01e1127c" sha1="1477761c8208432f72a013855b85c415f34d2f9d" />
	</machine>
	<machine name="tagalon">
		<description>Tagalon</description>
		<year>1986</year>
		<publisher>Tynesoft</publisher>
		<rom name="Tagalon.ATR" size="92176" crc="f1d7bc3b" sha1="ced50da056a9fc208b613dbf1a51c0053ec251d1" />
	</machine>
	<machine name="templtri">
		<description>Temple Of Apshai Triology</description>
		<year>1985</year>
		<publisher>Epyx</publisher>
		<rom name="Temple of Apshai Trilogy (The).atr" size="92176" crc="a5cdca88" sha1="e9955303ba855beeafb0e5bf9b5b683d0fbb8701" />
	</machine>
	<machine name="transltr">
		<description>Atari Translator (USA)</description>
		<year>1983</year>
		<publisher>Atari</publisher>
		<rom name="atari translator (1983)(atari)(us)(side a)[req 64k].atr" size="92176" crc="003cb47c" sha1="ad74be8f96742892c4c33373ca96372b58d88a68" />
		<rom name="atari translator (1983)(atari)(us)(side b)[req 64k].atr" size="92176" crc="861ac5d7" sha1="70ec2f2cb8cfb83dd528a9eabcf028a3b154e8cd" />
	</machine>
	<machine name="turbican">
		<description>Turbican</description>
		<year>1993</year>
		<publisher>ASF s.c.</publisher>
		<rom name="turbican (1993)(asf s.c.)(pal)(pl).atr" size="133136" crc="e259549c" sha1="f3a817648a4825ef167b601445d1ad3d00b9d1bc" />
	</machine>
	<machine name="ulysses">
		<description>Ulysses and the Golden Fleece</description>
		<year>1986</year>
		<publisher>Sierra On-Line</publisher>
		<rom name="Ulysses And The Golden Fleece [Rel. 1] [Side A].atr" size="92176" crc="e16b8dc8" sha1="4e55312b5259c96138f48703fcaa58a6edd0d922" />
		<rom name="Ulysses And The Golden Fleece [Side B].atr" size="92176" crc="40915a46" sha1="a0c539aba57f93a44e23fd20bf444b0ae59c582c" />
		<rom name="Ulysses And The Golden Fleece [Side C].atr" size="92176" crc="525a47fb" sha1="6afd6d46af274d96a3cce97dfb4ec7776fe47a6b" />
	</machine>
	<machine name="wkarate">
		<description>World Karate Championship</description>
		<year>1986</year>
		<publisher>Epyx</publisher>
		<rom name="World Karate Championship (v4).atr" size="133136" crc="a89bf1e6" sha1="97fbaf575d9f9ddbecd1528c7d5090d2fdac6f3e" />
	</machine>
	<machine name="writer">
		<description>The Writer's Tool</description>
		<year>1985</year>
		<publisher>OSS</publisher>
		<rom name="writer's tool dictionary.atr" size="92176" crc="18c875b0" sha1="7c727bcc488892dfd83cfbc09b3e1e642d1beff9" />
		<rom name="writer's tool.atr" size="92176" crc="5a6e2133" sha1="c6d4c49fb53a41b28634b209176c74ed86fbfc64" />
	</machine>
	<machine name="yoomp">
		<description>Yoomp!</description>
		<year>2007</year>
		<publisher>&lt;homebrew&gt;</publisher>
		<rom name="yoomp (2007)(self-published)(pl)[req 64k].atr" size="92176" crc="5d993a16" sha1="703b6eb652d7e6f8c08c70fb56115d4f516280d8" />
	</machine>
	<machine name="zorro">
		<description>Zorro</description>
		<year>1985</year>
		<publisher>Datasoft</publisher>
		<rom name="zorro.atr" size="92176" crc="df552763" sha1="c219f6eb373df61e620b40d19aef66f8f03e7356" />
	</machine>
	<machine name="zybex">
		<description>Zybex (Ned)</description>
		<year>1994</year>
		<publisher>A.N.G. Software</publisher>
		<rom name="zybex (1994)(a.n.g. software)(nl)[req 64k].atr" size="92176" crc="f3774dfc" sha1="17740e3bc981d5eee8c52840db830c8e41de5175" />
	</machine>
</datafile>