<?xml version="1.0" encoding="utf-8"?>
<!DOCTYPE datafile PUBLIC "-//Logiqx//DTD ROM Management Datafile//EN" "http://www.logiqx.com/Dats/datafile.dtd">
<datafile>
	<header>
		<name>apple2gs_flop_clcracked</name>
		<description>Apple IIgs cleanly cracked disks</description>
		<version></version>
		<author></author>
	</header>
	<machine name="4thinchs">
		<description>4th &amp; Inches (cleanly cracked)</description>
		<year>1987</year>
		<publisher>Accolade</publisher>
		<rom name="4th &amp; inches iigs (trex crack).2mg" size="819264" crc="63566084" sha1="2f2780317b64acfee335f14df333f2e6d275632a" />
		<rom name="4th &amp; inches team construction disk iigs (trex crack).2mg" size="819264" crc="85a18133" sha1="3a45fb29a5b0b4ecebd99c396a6c1d2859087e50" />
	</machine>
	<machine name="adsinbad">
		<description>The Adventures of Sinbad (cleanly cracked)</description>
		<year>1988</year>
		<publisher>Unicorn Software</publisher>
		<rom name="the adventures of sinbad iigs - disk 1 (trex crack).2mg" size="819264" crc="f91b3855" sha1="a003757ff7d4edb9d34e0252bc4dd8f190e29751" />
		<rom name="the adventures of sinbad iigs - disk 2 (trex crack).2mg" size="819264" crc="db032980" sha1="ba2b15a79e9a03eb6cc3cf12eaea425f28e24973" />
	</machine>
	<machine name="aesopfbl">
		<description>Aesop's Fables (cleanly cracked)</description>
		<year>1988</year>
		<publisher>Unicorn Software</publisher>
		<rom name="aesop's fables iigs - disk 1 (trex crack).2mg" size="819264" crc="45eceb6d" sha1="82fa0b3d9e303b576ac4e469708860c1cbd88e5b" />
		<rom name="aesop's fables iigs - disk 2 (trex crack).2mg" size="819264" crc="87c1d3ae" sha1="44531b8c40a966d7999397a2f41fbcbff47b4ceb" />
	</machine>
	<machine name="alandofys">
		<description>Ancient Land of Ys (cleanly cracked)</description>
		<year>1989</year>
		<publisher>Kyodai</publisher>
		<rom name="ancient land of ys iigs - disk 1 - program disk (trex crack).2mg" size="819264" crc="1770d1a8" sha1="f298033c84a26f8835a7c29327dffee09ddefcf6" />
		<rom name="ancient land of ys iigs - disk 2 - data disk (trex crack).2mg" size="819264" crc="b4056419" sha1="2a6141344cbaa09b01aae468a86c40c8f9cce1e6" />
	</machine>
	<machine name="allabamr">
		<description>All About America (cleanly cracked)</description>
		<year>1988</year>
		<publisher>Unicorn Software</publisher>
		<rom name="all about america iigs - disk 1 (trex crack).2mg" size="819264" crc="0ffc52de" sha1="147395c621f0c1075995da84c11980df3add6403" />
		<rom name="all about america iigs - disk 2 (trex crack).2mg" size="819264" crc="dbc50936" sha1="faf94b81dfe45af084ceb82dcc2a08e750aa24f3" />
	</machine>
	<machine name="arkanoid">
		<description>Arkanoid (Version 12-Jan-89) (cleanly cracked)</description>
		<year>1988</year>
		<publisher>Taito</publisher>
		<rom name="arkandb\arkanoid (1988)(taito)(trex crack).2mg" size="819264" crc="15aef159" sha1="3691ef5908d48fadab3c9602a2becfc8160dd7ad" />
		<rom name="arkanoid iigs (12-jan-89) (trex crack).2mg" size="819264" crc="1cd0cc32" sha1="0c8fda06f1ddd7a53d7a0e36276f1fb45e993c42" />
	</machine>
	<machine name="arknoid2">
		<description>Arkanoid II: Revenge of Doh (Version 29-Aug-89) (cleanly cracked)</description>
		<year>1989</year>
		<publisher>Taito</publisher>
		<rom name="arknd2b\arkanoid ii - revenge of doh (1988)(taito)(trex crack).2mg" size="819264" crc="21e92966" sha1="ff1143ee948490666b02c09f6bb532b077cff130" />
		<rom name="arknoid2a\arkanoid ii - revenge of doh iigs (18-jul-89) (trex crack).2mg" size="819264" crc="b3b4cd5b" sha1="4d302c876001cf638afa0c58d8254b7f2d138c51" />
		<rom name="arkanoid ii - revenge of doh iigs (29-aug-89) (trex crack).2mg" size="819264" crc="d9207384" sha1="b04253e088b65df6189268c6e5eade67fb155827" />
	</machine>
	<machine name="arnights">
		<description>Tales From The Arabian Nights (cleanly cracked)</description>
		<year>1988</year>
		<publisher>Unicorn Software</publisher>
		<rom name="tales from the arabian nights iigs - disk 1 (trex crack).2mg" size="819264" crc="8cbcd73b" sha1="edcf50bf0feaf4aeea58b37249bcff6d0dd74416" />
		<rom name="tales from the arabian nights iigs - disk 2 (trex crack).2mg" size="819264" crc="f02bef73" sha1="f2637f0729b9adedb74e212f486c16b5e46acc34" />
	</machine>
	<machine name="bghost">
		<description>Bubble Ghost (cleanly cracked)</description>
		<year>1988</year>
		<publisher>Accolade</publisher>
		<rom name="bghosthd\bubble ghost iigs (hard drive mod) (trex crack).2mg" size="819264" crc="6a612172" sha1="02b32bee6e79055f0436f693a6e12563f2d4c1a1" />
		<rom name="bubble ghost iigs (trex crack).2mg" size="819264" crc="cba0efd6" sha1="e6ac73d5415aab87d4206d49bd1aa5cbc2d558f5" />
	</machine>
	<machine name="blockout">
		<description>Block Out (Version 1.0) (cleanly cracked)</description>
		<year>1989</year>
		<publisher>California Dreams</publisher>
		<rom name="block out v1.0 iigs (trex crack).2mg" size="819264" crc="c15e712f" sha1="fe037f0ac74aea08a82bb7ee748fba77b563d58a" />
	</machine>
	<machine name="btlchess">
		<description>Battle Chess (cleanly cracked)</description>
		<year>1989</year>
		<publisher>Interplay</publisher>
		<rom name="battle chess iigs (trex crack).2mg" size="819264" crc="f40de0f7" sha1="8cd2fc36064fe531172d532db948865bce36307a" />
	</machine>
	<machine name="calcraft">
		<description>Calendar Crafter (Version 1.2) (cleanly cracked)</description>
		<year>1987</year>
		<publisher>MECC</publisher>
		<rom name="calendar crafter v1.2 iigs(trex crack).2mg" size="819264" crc="65717231" sha1="2f2415385a699fc78a68a3a73ff8470a5fc8df6f" />
	</machine>
	<machine name="calgames">
		<description>California Games (cleanly cracked)</description>
		<year>1988</year>
		<publisher>Epyx</publisher>
		<rom name="california games iigs (trex crack).2mg" size="819264" crc="908b7825" sha1="d276969f7e11b493d10fb2d7b2943c3e668864aa" />
	</machine>
	<machine name="captbld">
		<description>Captain Blood (cleanly cracked)</description>
		<year>1989</year>
		<publisher>Mindscape</publisher>
		<rom name="captain blood iigs (trex crack).2mg" size="819264" crc="7b2dede6" sha1="6ead26e7e2c4d3bb65b3d91e13df784503c9e643" />
	</machine>
	<machine name="carmnusa">
		<description>Where in the U.S.A. is Carmen Sandiego? (cleanly cracked)</description>
		<year>1989</year>
		<publisher>Brøderbund Software</publisher>
		<rom name="where in the u.s.a. is carmen sandiego iigs - disk 1 (trex crack).2mg" size="819264" crc="43b00548" sha1="6b6a07afdd81acb4bb6493f0248004a449854a4f" />
		<rom name="where in the u.s.a. is carmen sandiego iigs - disk 2 (trex crack).2mg" size="819264" crc="21ccbf7c" sha1="cd74b2163039f448c5b765a6f3d12264df2a3910" />
	</machine>
	<machine name="carmnwld">
		<description>Where in the World is Carmen Sandiego? (cleanly cracked)</description>
		<year>1989</year>
		<publisher>Brøderbund Software</publisher>
		<rom name="where in the world is carmen sandiego iigs - disk 1 (trex crack).2mg" size="819264" crc="5953ba60" sha1="ee78c790a74b8ea401eb7ea66f91651d9e5286d7" />
		<rom name="where in the world is carmen sandiego iigs - disk 2 (trex crack).2mg" size="819264" crc="93417ba2" sha1="76b70ebd2d0974ba3b77de31e0f3f96aee6ed332" />
	</machine>
	<machine name="cavcobra">
		<description>Cavern Cobra (cleanly cracked)</description>
		<year>1987</year>
		<publisher>PBI Software</publisher>
		<rom name="cavern cobra iigs (trex crack).2mg" size="819264" crc="8345e4a2" sha1="8a3c05ce714b5f3bbbc5bc1d6649530e21c093b3" />
	</machine>
	<machine name="chsm2100">
		<description>The Fidelity Chessmaster 2100 (Version 1.1 17-Nov-88) (cleanly cracked)</description>
		<year>1988</year>
		<publisher>The Software Toolworks</publisher>
		<rom name="chsm2100a\the fidelity chessmaster 2100 v1.01 iigs - disk 1 (trex crack).2mg" size="819264" crc="e14b444b" sha1="3cc6b7ba5d58bdbde2331ee5f91f0c97fca47924" />
		<rom name="chsm2100a\the fidelity chessmaster 2100 v1.01 iigs - disk 2 (trex crack).2mg" size="819264" crc="470bcb76" sha1="f635bcd19ce4f48a2a274144256c7ddf1c63924d" />
		<rom name="the fidelity chessmaster 2100 v1.1 iigs - disk 1 (trex crack).2mg" size="819264" crc="eeff8600" sha1="c6ce1d02383ccdbdab9d7b800e2079c046d873a3" />
		<rom name="the fidelity chessmaster 2100 v1.1 iigs - disk 2 (trex crack).2mg" size="819264" crc="b5a1edda" sha1="02a6312ae3a72b8f8d08f27d8ac448df61c70790" />
	</machine>
	<machine name="clbbgmn">
		<description>Club Backgammon (Version 2.0) (cleanly cracked)</description>
		<year>1988</year>
		<publisher>California Dreams</publisher>
		<rom name="clbbgmna\club backgammon v1.0 iigs (trex crack).2mg" size="819264" crc="b511a503" sha1="e0dbfb6311329ca50b88fe4c94b618f360988d88" />
		<rom name="club backgammon v2.0 iigs (trex crack).2mg" size="819264" crc="94bc57d4" sha1="bd32dd7098ddbbeaf89620e1faf32b66df91a4f7" />
	</machine>
	<machine name="cribgin">
		<description>Cribbage King / Gin King (Version 1.01) (cleanly cracked)</description>
		<year>1989</year>
		<publisher>The Software Toolworks</publisher>
		<rom name="cribbage king - gin king v1.01 iigs - disk 1 - system.2mg" size="819264" crc="13734d39" sha1="5c501b2e3d17eb8dbc518a7be038953b5eef6f86" />
		<rom name="cribbage king - gin king v1.01 iigs - disk 2 - program (trex crack).2mg" size="819264" crc="a94cd6a5" sha1="50f215f226f14effcb1c29974b94e34a11e66783" />
	</machine>
	<machine name="defcrown">
		<description>Defender of the Crown (cleanly cracked)</description>
		<year>1988</year>
		<publisher>Cinemaware</publisher>
		<rom name="defender of the crown iigs - reel 1 (trex crack).2mg" size="819264" crc="c6e42ad9" sha1="798e460a036cd089e714fa4c42477c807942b55d" />
		<rom name="defender of the crown iigs - reel 2 (trex crack).2mg" size="819264" crc="cecd1d4c" sha1="9a25fc96e8ed25cc5afeab36396e8f376268258b" />
	</machine>
	<machine name="dejavu2">
		<description>Déjà Vu II: Lost in Las Vegas (cleanly cracked)</description>
		<year>1989</year>
		<publisher>Mindscape</publisher>
		<rom name="deja vu ii lost in las vegas - disk 1 - system disk (trex crack).2mg" size="819264" crc="9dd61c1e" sha1="ef2237b9d2a8af21f991ee611fc6be16fa370399" />
		<rom name="deja vu ii lost in las vegas iigs - disk 2 - program disk (trex crack).2mg" size="819264" crc="c0361def" sha1="420226429cfb3cf015d7540251863b8445aaa0d7" />
	</machine>
	<machine name="dejavu">
		<description>Déjà Vu (cleanly cracked)</description>
		<year>1988</year>
		<publisher>ICOM Simulations</publisher>
		<rom name="deja vu iigs - disk 1 - system disk (trex crack).2mg" size="819264" crc="cc772518" sha1="dc2426407b1177a717d93d09416875228b971ce0" />
		<rom name="deja vu iigs - disk 2 - program disk (trex crack).2mg" size="819264" crc="6d60c03b" sha1="f99fee8c3870bfdf4f2483f7801f3c7f9a11a3ff" />
	</machine>
	<machine name="destryr">
		<description>Destroyer (cleanly cracked)</description>
		<year>1987</year>
		<publisher>Epyx</publisher>
		<rom name="destroyer iigs (trex crack).2mg" size="819264" crc="a6943b6d" sha1="2160a034da86a894a0615490d55b8c585f0e1fcc" />
	</machine>
	<machine name="dhilchl">
		<description>Downhill Challenge (cleanly cracked)</description>
		<year>1989</year>
		<publisher>Brøderbund Software</publisher>
		<rom name="downhill challenge iigs - disk 1 - system disk (trex crack).2mg" size="819264" crc="0168462f" sha1="bd7dba9c84634a93360b9a1615debf7908603e95" />
		<rom name="downhill challenge iigs - disk 2 - game disk (trex crack).2mg" size="819264" crc="01d4dd29" sha1="3ae9ec0b5eb5893327eef32167ae3c95fb7c89e3" />
	</machine>
	<machine name="dsgnprnt">
		<description>Designer Prints (Version 1.0) (cleanly cracked)</description>
		<year>1989</year>
		<publisher>MECC</publisher>
		<rom name="designer prints v1.0 iigs - disk 1 - system (trex crack).2mg" size="819264" crc="40720257" sha1="91cde62b8b6a1d8420af13580f707cb910ad1e22" />
		<rom name="designer prints v1.0 iigs - disk 2 - program (trex crack).2mg" size="819264" crc="aa1887a9" sha1="2727f3bb37d8cfaae85af20562e0d9f080fa1857" />
	</machine>
	<machine name="dsgnpuzl">
		<description>Designer Puzzles (Version 1.0) (cleanly cracked)</description>
		<year>1989</year>
		<publisher>MECC</publisher>
		<rom name="designer puzzles v1.0 iigs - disk 1 - system (trex crack).2mg" size="819264" crc="e1c43cca" sha1="e81f5fb94098806ea04f1d911b21ba46dc4ff4ef" />
		<rom name="designer puzzles v1.0 iigs - disk 2 - program (trex crack).2mg" size="819264" crc="3ac9cb9a" sha1="a48e900f2699fcc85a505a6486fb7635c0d1e1de" />
	</machine>
	<machine name="fantavsn">
		<description>Fantavision (Version 2.1) (cleanly cracked)</description>
		<year>1987</year>
		<publisher>Brøderbund Software</publisher>
		<rom name="fantavsna\fantavision v1.0 iigs (trex crack).2mg" size="819264" crc="0a94d284" sha1="09ee33786fef5f1d1eaadeb85ba275c9a451f003" />
		<rom name="fantavision v2.1 iigs (trex crack).2mg" size="819264" crc="e0430e48" sha1="cb7762e193296cb3648687424b5911ea4c8d3902" />
	</machine>
	<machine name="fastbrk">
		<description>Fast Break (cleanly cracked)</description>
		<year>1989</year>
		<publisher>Accolade</publisher>
		<rom name="fast break iigs (trex crack).2mg" size="819264" crc="b112c95f" sha1="f145e9973b4849f7cd1759a461832b34d2bf6df4" />
	</machine>
	<machine name="finalass">
		<description>Final Assault (cleanly cracked)</description>
		<year>1988</year>
		<publisher>Epyx</publisher>
		<rom name="final assault iigs (trex crack).2mg" size="819264" crc="1de1fae5" sha1="ae7329a9614f2be55232d2f7584b885b3ee3ed61" />
	</machine>
	<machine name="gauntlet">
		<description>Gauntlet (cleanly cracked)</description>
		<year>1988</year>
		<publisher>Mindscape</publisher>
		<rom name="gauntlet iigs (trex crack).2mg" size="819264" crc="9350598a" sha1="e594829ae86956a4e86a5e7243e82bf7d3606c17" />
	</machine>
	<machine name="geometry">
		<description>Geometry (Version 1.0) (cleanly cracked)</description>
		<year>1988</year>
		<publisher>Brøderbund</publisher>
		<rom name="geometry v1.0 iigs - disk 1 - System disk (trex crack).2mg" size="819264" crc="8f090d9b" sha1="c0620fd5df319357f830e109600da3cab2d1f0d4" />
		<rom name="geometry v1.0 iigs - disk 2 (trex crack).2mg" size="819264" crc="e01d0b28" sha1="545c72635f0cc2ff5498ae457fea07c11e09840e" />
		<rom name="geometry v1.0 iigs - disk 3 (trex crack).2mg" size="819264" crc="6b68ee23" sha1="c5ff132dbdb9deed4a791ab07659563378ed2dee" />
	</machine>
	<machine name="gnrlgolf">
		<description>Gnarly Golf (cleanly cracked)</description>
		<year>1989</year>
		<publisher>Fanfare by Britannica</publisher>
		<rom name="gnarly golf iigs disk 1 - program (trex crack).2mg" size="819264" crc="b1a3cc99" sha1="6823ceb096d707670168af9e97549fc8787004a1" />
		<rom name="gnarly golf iigs disk 2 - course (trex crack).2mg" size="819264" crc="92373f7e" sha1="a14134e2cf97f11c540c3c2a3016db1bab490b5b" />
	</machine>
	<machine name="gpcirc">
		<description>Grand Prix Circuit (cleanly cracked)</description>
		<year>1989</year>
		<publisher>Accolade</publisher>
		<rom name="grand prix circuit iigs (trex crack).2mg" size="819264" crc="a8877cb5" sha1="27b4c207a0bcda52c45bffd26302c2e5739e1152" />
	</machine>
	<machine name="grphstd">
		<description>The Graphics Studio (cleanly cracked)</description>
		<year>1987</year>
		<publisher>Accolade</publisher>
		<rom name="the graphics studio iigs (trex crack).2mg" size="819264" crc="dda653b4" sha1="a7aa41f2286a0f11c20acdac5b7fe4372114aad6" />
	</machine>
	<machine name="gwshoot">
		<description>Great Western Shootout (cleanly cracked)</description>
		<year>1989</year>
		<publisher>Britannica Software</publisher>
		<rom name="great western shootout iigs - back-up game disk (trex crack).2mg" size="819264" crc="1a4d1dd5" sha1="fe023cce106c4dfac512a215277de15a4eb6992e" />
		<rom name="great western shootout iigs - game disk (trex crack).2mg" size="819264" crc="1a4d1dd5" sha1="fe023cce106c4dfac512a215277de15a4eb6992e" />
	</machine>
	<machine name="hacker2">
		<description>Hacker II: The Doomsday Papers (cleanly cracked)</description>
		<year>1987</year>
		<publisher>Activision</publisher>
		<rom name="hacker ii - the doomsday papers iigs (trex crack).2mg" size="819264" crc="89341016" sha1="e4a4a4cf5e4a723de531cf90825bbe8b97115109" />
	</machine>
	<machine name="hardball">
		<description>Hardball! (cleanly cracked)</description>
		<year>1987</year>
		<publisher>Accolade</publisher>
		<rom name="hardball iigs (trex crack).2mg" size="819264" crc="5dac9206" sha1="55ffa3a5931449ae6c6de43f52f288f7ef3258e5" />
	</machine>
	<machine name="hostage">
		<description>Hostage: Rescue Mission (cleanly cracked)</description>
		<year>1990</year>
		<publisher>Mindscape</publisher>
		<rom name="hostage - rescue mission iigs (trex crack).2mg" size="819264" crc="96b1c5b2" sha1="8c541ef7455a4cd5f9cb90093b158b618cdb131c" />
	</machine>
	<machine name="immortal">
		<description>The Immortal (cleanly cracked)</description>
		<year>1990</year>
		<publisher>Electronic Arts</publisher>
		<rom name="the immortal iigs - disk 1 - play (trex crack).2mg" size="819264" crc="d63f3611" sha1="5ddefe34356f43f4af3d8dff6c3c4dc4180fcdb0" />
		<rom name="the immortal iigs - disk 2 - graphics (trex crack).2mg" size="819264" crc="c7a0e1a2" sha1="71d2811ed2c00f78de995e96f577874503d12a69" />
	</machine>
	<machine name="impmiss2">
		<description>Impossible Mission II (cleanly cracked)</description>
		<year>1989</year>
		<publisher>Epyx</publisher>
		<rom name="impossible mission ii iigs (trex crack).2mg" size="819264" crc="74ff8279" sha1="53daf3ca16a5f2bee0104e1d6688ce45ead599bc" />
	</machine>
	<machine name="jigsaw">
		<description>Jigsaw (Version 1.4 - 022988) (cleanly cracked)</description>
		<year>1988</year>
		<publisher>Britannica Software</publisher>
		<rom name="jigsaw v1.4 (022988) iigs - disk 1 - program disk (trex crack).2mg" size="819264" crc="24002d06" sha1="b901d7064f5cd65b36f6b9d3767d9692142c8a6b" />
		<rom name="jigsaw v1.4 (022988) iigs - disk 2 - picture library (trex crack).2mg" size="819264" crc="a513c0cb" sha1="d62c330b6e2b1debe2b1b1e5b9d70c6295335658" />
	</machine>
	<machine name="kingchgo">
		<description>The King of Chicago (cleanly cracked)</description>
		<year>1988</year>
		<publisher>Cinemaware</publisher>
		<rom name="the king of chicago iigs - reel 1 (trex crack).2mg" size="819264" crc="6404e2c0" sha1="ddf23e10ca17712f943ed2e88e95ec6226599fe1" />
		<rom name="the king of chicago iigs - reel 2 (trex crack).2mg" size="819264" crc="74d2e6cc" sha1="4067dcaa7bd4d0a8efac6359677aeaf35b7bc916" />
	</machine>
	<machine name="kingqst2">
		<description>King's Quest II - Romancing The Throne (cleanly cracked)</description>
		<year>1987</year>
		<publisher>Sierra On-Line</publisher>
		<rom name="king's quest ii - romancing the throne iigs - disk 1 (trex crack).2mg" size="819264" crc="b9471715" sha1="c5030ccde3bd9bbb7d4f2735733269ebcb0fc7b4" />
		<rom name="king's quest ii - romancing the throne iigs - disk 2 (trex crack).2mg" size="819264" crc="ca9f6588" sha1="d8f755e80185b6e6e7af43fcb23b72e497941da3" />
	</machine>
	<machine name="kingqst3">
		<description>King's Quest III - To Hier is Human (cleanly cracked)</description>
		<year>1988</year>
		<publisher>Sierra On-Line</publisher>
		<rom name="king's quest iii - to hier is human iigs - disk 1 (trex crack).2mg" size="819264" crc="01929d52" sha1="1861372f15165e7e65c011a721f6488d576ad465" />
		<rom name="king's quest iii - to hier is human iigs - disk 2 (trex crack).2mg" size="819264" crc="55741036" sha1="5a57837dbd0a1dedb054b661fd2527edbc936011" />
	</machine>
	<machine name="kingqst">
		<description>King's Quest - Quest for the Crown (cleanly cracked)</description>
		<year>1987</year>
		<publisher>Sierra On-Line</publisher>
		<rom name="king's quest - quest for the crown iigs - disk 1 (trex crack).2mg" size="819264" crc="fd8ec559" sha1="ecd22526d022247393e7eb69b76c2ef7e48bee5f" />
		<rom name="king's quest - quest for the crown iigs - disk 2 (trex crack).2mg" size="819264" crc="3f71d689" sha1="d961c10eba23a15f1df851e3d7150c0615d5b78d" />
	</machine>
	<machine name="lasrforc">
		<description>LaserForce (cleanly cracked)</description>
		<year>1989</year>
		<publisher>Fanfare</publisher>
		<rom name="laserforce iigs - disk 1 (trex crack).2mg" size="819264" crc="1d6599e8" sha1="631a55cd0efba1fec91674112b7a945f5e29b6b5" />
		<rom name="laserforce iigs - disk 2 (trex crack).2mg" size="819264" crc="fb6e89bb" sha1="660199a65ec7328fd0757f0581c07014d55f0c1a" />
	</machine>
	<machine name="logcmstr">
		<description>The Logic Master (Version 1.5) (cleanly cracked)</description>
		<year>1990</year>
		<publisher>Unicorn Software</publisher>
		<rom name="the logic master v1.5 iigs - disk 1 (trex crack).2mg" size="819264" crc="01ac34b3" sha1="b18c2021f3360684a2156e59de69074c5c3d5b79" />
		<rom name="the logic master v1.5 iigs - disk 2 (trex crack).2mg" size="819264" crc="ce00fefc" sha1="a842bb884202af66e865117290c24a279003263e" />
	</machine>
	<machine name="lslarry">
		<description>Leisure Suit Larry in the Land of the Lounge Lizards (cleanly cracked)</description>
		<year>1987</year>
		<publisher>Sierra On-Line</publisher>
		<rom name="leisure suit larry in the land of the lounge lizards iigs - disk 1 (trex crack).2mg" size="819264" crc="9d33056d" sha1="425395bdda7c2a80969d91e950edeb03a1b212c6" />
		<rom name="leisure suit larry in the land of the lounge lizards iigs - disk 2 (trex crack).2mg" size="819264" crc="e1fa7b20" sha1="cc16b8f8e06f6d22febe375a2ac1372ef81989dd" />
	</machine>
	<machine name="lstninja">
		<description>The Last Ninja (cleanly cracked)</description>
		<year>1988</year>
		<publisher>Activision</publisher>
		<rom name="the last ninja iigs (trex crack).2mg" size="819264" crc="1935b58c" sha1="1b4542cd11fa2678a3647b83e35aec5f12a6633b" />
	</machine>
	<machine name="magicmth">
		<description>Magical Myths (cleanly cracked)</description>
		<year>1988</year>
		<publisher>Unicorn Software</publisher>
		<rom name="magical myths iigs - disk 1 (trex crack).2mg" size="819264" crc="5857246f" sha1="2107f5fd5341414c1fd8e85474b0ca2a98f01748" />
		<rom name="magical myths iigs - disk 2 (trex crack).2mg" size="819264" crc="bf41ab59" sha1="1077a37340c212ff9e875a6c2deac4a3142770a0" />
	</machine>
	<machine name="mancala">
		<description>Mancala (Version 1.0) (cleanly cracked)</description>
		<year>1988</year>
		<publisher>California Dreams</publisher>
		<rom name="mancala v1.0 iigs (trex crack).2mg" size="819264" crc="027b7cfb" sha1="e7772d01109045cb4f036a8a799fa18a01e2508e" />
	</machine>
	<machine name="marble">
		<description>Marble Madness (cleanly cracked)</description>
		<year>1986</year>
		<publisher>Electronic Arts</publisher>
		<rom name="marble madness iigs (trex crack).2mg" size="819264" crc="d400455e" sha1="68526119d1f3b31e01d9b9b52a364323f88b2b58" />
	</machine>
	<machine name="mathblst">
		<description>Math Blaster Plus! (Version 1.1) (cleanly cracked)</description>
		<year>1989</year>
		<publisher>Davidson and Associates</publisher>
		<rom name="mathblsta\math blaster plus v1.0 iigs (trex crack).2mg" size="819264" crc="37120366" sha1="b6a585415cbac0f69182da911bf7ec298df5fcbc" />
		<rom name="math blaster plus v1.1 iigs (trex crack).2mg" size="819264" crc="96b3a909" sha1="5c7a1e8172f25ef328239971175b1f28a317fe2a" />
	</machine>
	<machine name="mavisbcn">
		<description>Mavis Beacon Teaches Typing (Version 1.8 21-Dec-88) (cleanly cracked)</description>
		<year>1987</year>
		<publisher>The Software Toolworks</publisher>
		<rom name="mavisbcna\mavis beacon teaches typing v1.2 iigs - disk 1 - program disk (trex crack).2mg" size="819264" crc="c2306cf4" sha1="3dbf4c6ec0ec222958d34a60e997784e1bde97b5" />
		<rom name="mavisbcna\mavis beacon teaches typing v1.2 iigs - disk 2 - data disk (trex crack).2mg" size="819264" crc="ad1aa08d" sha1="66cd3fe6817d70151c9fbcdae9ba42fa13a9cec5" />
		<rom name="mavis beacon teaches typing v1.8 iigs - disk 1 - program disk (trex crack).2mg" size="819264" crc="273ae0b2" sha1="4bea4f4e1d7af7e2e9b69343f1e10c36ccd8cbd4" />
		<rom name="mavis beacon teaches typing v1.8 iigs - disk 2 - data disk (trex crack).2mg" size="819264" crc="bcc4a599" sha1="38ed4ebd59f8795ff32ab3e4f6052b91c2380a2c" />
	</machine>
	<machine name="mcs">
		<description>Music Construction Set (Version 1.0) (cleanly cracked)</description>
		<year>1986</year>
		<publisher>Electronic Arts</publisher>
		<rom name="music construction set v1.0 iigs (trex crack).2mg" size="819264" crc="278ef676" sha1="22808e777a37118c7cfd0bc639aac756843ce8ce" />
	</machine>
	<machine name="mean18">
		<description>Mean 18 (cleanly cracked)</description>
		<year>1987</year>
		<publisher>Accolade</publisher>
		<rom name="mean 18 iigs - disk 1 - program disk (trex crack).2mg" size="819264" crc="9471fe69" sha1="2deee7df5ddf5a87dd418fb2973eb12fc2ba6a99" />
		<rom name="mean 18 iigs - disk 2 - famous courses volume ii.2mg" size="819264" crc="0cf5db03" sha1="c71365d8f90dad599de57f094b79d31b27c22394" />
		<rom name="mean 18 iigs - disk 3 - famous courses volume iii.2mg" size="819264" crc="25ca69e1" sha1="801e200a3024f951f5d3fb38f4e1790c645f5009" />
		<rom name="mean 18 iigs - disk 4 - famous courses volume iv.2mg" size="819264" crc="6859eba1" sha1="556a7457104d22f500dc3429087053e9a1056ea5" />
	</machine>
	<machine name="mercury">
		<description>Mercury (Version 1.0) (cleanly cracked)</description>
		<year>1989</year>
		<publisher>MECC</publisher>
		<rom name="mercury v1.0 iigs - disk 1 - system (trex crack).2mg" size="819264" crc="d28c1950" sha1="aeef36625bfdd12e5a7df000222725a2126cfc5d" />
		<rom name="mercury v1.0 iigs - disk 2 - program (trex crack).2mg" size="819264" crc="2682521b" sha1="5fd3948bac00b1ca4e08c79ccb437483798f25a9" />
	</machine>
	<machine name="mthwizrd">
		<description>Math Wizard (cleanly cracked)</description>
		<year>1988</year>
		<publisher>Unicorn Software</publisher>
		<rom name="math wizard iigs - disk 1 (trex crack).2mg" size="819264" crc="c02b08b4" sha1="be668ddd56133162ee24cff499bb8bb34590a6c8" />
		<rom name="math wizard iigs - disk 2 (trex crack).2mg" size="819264" crc="81550924" sha1="cc1291f2ba15ad234414b28af3fff34ddc975d49" />
	</machine>
	<machine name="neuromnc">
		<description>Neuromancer (cleanly cracked)</description>
		<year>1989</year>
		<publisher>Interplay Productions</publisher>
		<rom name="neuromancer iigs (trex crack).2mg" size="819264" crc="158c6c93" sha1="aee79701fdcbc9204f979087cd420c4b462c3b66" />
	</machine>
	<machine name="nicklaus">
		<description>Jack Nicklaus' Greatest 18 Holes of Major Championship Golf (cleanly cracked)</description>
		<year>1989</year>
		<publisher>Accolade</publisher>
		<rom name="jack nicklaus' greatest 18 holes of major championship golf iigs - disk 1 - program disk (trex crack).2mg" size="819264" crc="fe61da3c" sha1="534a006bc861f17340df146e7735c0c566862b34" />
		<rom name="jack nicklaus' greatest 18 holes of major championship golf iigs - disk 2 - course disk (trex crack).2mg" size="819264" crc="600ed4ff" sha1="42dbe44b840c9512455184c64e1fc0f9b29706d4" />
	</machine>
	<machine name="paperboy">
		<description>Paperboy (cleanly cracked)</description>
		<year>1988</year>
		<publisher>Mindscape</publisher>
		<rom name="paperboy iigs (trex crack).2mg" size="819264" crc="a914d4a0" sha1="16990a565fdd157e58481113f30bb6725b38e958" />
	</machine>
	<machine name="pipedrm">
		<description>Pipe Dream (cleanly cracked)</description>
		<year>1990</year>
		<publisher>Lucasfilm Games</publisher>
		<rom name="pipe dream iigs (trex crack).2mg" size="819264" crc="f6e7fdba" sha1="79a4bc5ad012f5ede72bd7336a3f9b7a5b69523b" />
	</machine>
	<machine name="printshp">
		<description>The Print Shop (Version 1.0) (cleanly cracked)</description>
		<year>1987</year>
		<publisher>Brøderbund Software</publisher>
		<rom name="the print shop v1.0 iigs (trex crack).2mg" size="819264" crc="0b761d41" sha1="69b56345568b39fd8aa59455b44a341a600c848e" />
	</machine>
	<machine name="qix">
		<description>Qix (Version 1.4? 16-Jan-90) (cleanly cracked)</description>
		<year>1990</year>
		<publisher>Taito</publisher>
		<rom name="qix iigs (trex crack).2mg" size="819264" crc="fb968ce0" sha1="2479e40e4477d5a5066225222860cbbaf3235603" />
	</machine>
	<machine name="readarma">
		<description>Read-a-Rama (cleanly cracked)</description>
		<year>1989</year>
		<publisher>Unicorn Software</publisher>
		<rom name="read-a-rama iigs - disk 1 - boot disk (trex crack).2mg" size="819264" crc="5fdb496c" sha1="118e4c715ea81eb2b966dd3a5ef4b51f49ecb55e" />
		<rom name="read-a-rama iigs - disk 2 - level 1 (trex crack).2mg" size="819264" crc="a935524e" sha1="206ef9a96e4c6fcfec6993023122143c030def7b" />
		<rom name="read-a-rama iigs - disk 3 - level 2 (trex crack).2mg" size="819264" crc="d7db9400" sha1="e982c1b621eaf5e6995294c74657c60d4ff96f2f" />
	</machine>
	<machine name="readingme">
		<description>Reading and Me (Version 1.0) (cleanly cracked)</description>
		<year>1988</year>
		<publisher>Davidson and Associates</publisher>
		<rom name="reading and me v1.0 iigs - disk 1 - Program (trex crack).2mg" size="819264" crc="b8b3f7fe" sha1="aa86579b20b745639ad4df1f005f81f3b08e351c" />
		<rom name="reading and me v1.0 iigs - disk 2 - Data (trex crack).2mg" size="819264" crc="18fb2177" sha1="23ecb57d3d935a3c07f18e83bf00676193f9a10a" />
	</machine>
	<machine name="readrhym">
		<description>Read and Rhyme (cleanly cracked)</description>
		<year>1988</year>
		<publisher>Unicorn Software</publisher>
		<rom name="read and rhyme iigs - disk 1 (trex crack).2mg" size="819264" crc="eb44fed7" sha1="95c4d134ee9b4da201d285fcee8aaedad1d2aa39" />
		<rom name="read and rhyme iigs - disk 2 (trex crack).2mg" size="819264" crc="629bdb2a" sha1="28de9f9b2cef057342a9b000d61d7cc40f32dbcf" />
	</machine>
	<machine name="rrabbit">
		<description>Reader Rabbit (Version 2.3) (cleanly cracked)</description>
		<year>1987</year>
		<publisher>The Learning Company</publisher>
		<rom name="rrabbita\reader rabbit v2.2 iigs (trex crack).2mg" size="819264" crc="518994ed" sha1="48290f00ea231e7df039b89c74bafcf00ee28854" />
		<rom name="reader rabbit v2.3 iigs (trex crack).2mg" size="819264" crc="b59cc9f2" sha1="3cb739ae7b6c2a967ea649f944cd3d41221f6ba4" />
	</machine>
	<machine name="seastrke">
		<description>Sea Strike (Version 1.0) (cleanly cracked)</description>
		<year>1987</year>
		<publisher>PBI Software</publisher>
		<rom name="sea strike v1.0 iigs (trex crack).2mg" size="819264" crc="66f0fc4b" sha1="53c69ba174b0a278ed734f60a10c6cf0adaa64d3" />
	</machine>
	<machine name="shanghai">
		<description>Shanghai (Version 15-Sep-87) (cleanly cracked)</description>
		<year>1987</year>
		<publisher>Activision</publisher>
		<rom name="shanghaia\shanghai (20-jan-87) iigs (trex crack).2mg" size="819264" crc="c07f0cc5" sha1="03a08b9dbd14a7f672a203b27c90cc120621a4e5" />
		<rom name="shanghai (15-sep-87) iigs (trex crack).2mg" size="819264" crc="df346841" sha1="04b4006b904d597c2ca848ce496bff86f433e268" />
	</machine>
	<machine name="showoff">
		<description>ShowOff (Version 1.1) (cleanly cracked)</description>
		<year>1987</year>
		<publisher>Brøderbund Software</publisher>
		<rom name="showoff iigs - disk 2 - slide show (trex crack).2mg" size="819264" crc="52348475" sha1="2fc72e0fcd0c398a56e4b4ef5e247c9961bc5a8c" />
		<rom name="showoff iigs - disk 3 - graphics collection - world events (trex crack).2mg" size="819264" crc="fa1a5ceb" sha1="b64402b6ace256145ba3bae31682520dca7c79af" />
		<rom name="showoff v1.1 iigs - disk 1 - program (trex crack).2mg" size="819264" crc="f0ab3f1c" sha1="33260ca055d031b237eca650c9bf054b341170b5" />
	</machine>
	<machine name="silpheed">
		<description>Silpheed - Super Dogfighter (cleanly cracked)</description>
		<year>1987</year>
		<publisher>Sierra On-Line</publisher>
		<rom name="silpheed - super dogfighter iigs - disk 1 (trex crack).2mg" size="819264" crc="dd81fea4" sha1="14ad4ba49b5e4720ca067694c2d3fdcb8501e3e0" />
		<rom name="silpheed - super dogfighter iigs - disk 2 (trex crack).2mg" size="819264" crc="591e8595" sha1="44160e8078077aaa8e88d4e15338db0fc5098055" />
	</machine>
	<machine name="skatedie">
		<description>Skate or Die (Version 1.1 07-Oct-88) (cleanly cracked)</description>
		<year>1988</year>
		<publisher>Electronic Arts</publisher>
		<rom name="skatediea\skate or die v1.0 iigs (trex crack).2mg" size="819264" crc="466b7067" sha1="776c78d962d46b6b20ca464bbbed2e2f746f4099" />
		<rom name="skate or die v1.1 iigs (trex crack).2mg" size="819264" crc="dde655cd" sha1="cf40c92a699cf9e7c79f1a25c3f22f32f5a28d46" />
	</machine>
	<machine name="slntsvce">
		<description>Silent Service (Version 925.01) (cleanly cracked)</description>
		<year>1987</year>
		<publisher>Microprose</publisher>
		<rom name="silent service v925.01 iigs (trex crack).2mg" size="819264" crc="1551b534" sha1="2f1c466c647bb448b081d69233f11d2c45092242" />
	</machine>
	<machine name="spiritex">
		<description>Spirit of Excalibur (cleanly cracked)</description>
		<year>1991</year>
		<publisher>Virgin Mastertronic</publisher>
		<rom name="spirit of excalibur - disk 1 (trex crack).2mg" size="819264" crc="feb72edf" sha1="3aae270167a6402d7c029dc476a5d420ccf37cd9" />
		<rom name="spirit of excalibur - disk 2 (trex crack).2mg" size="819264" crc="4116b15e" sha1="7f8784313f36bc882207fdc1c15e40f956281734" />
		<rom name="spirit of excalibur - disk 3 (trex crack).2mg" size="819264" crc="771e825c" sha1="5290f731aa988e6a34a3d6b284f653c02fb9e254" />
	</machine>
	<machine name="spquest2">
		<description>Space Quest II - Vohual's Revenge (cleanly cracked)</description>
		<year>1988</year>
		<publisher>Sierra On-Line</publisher>
		<rom name="space quest ii - vohual's revenge  iigs - disk 2 (trex crack).2mg" size="819264" crc="809875fc" sha1="d90165d8c51d7d54d8a17c4082e8688048950389" />
		<rom name="space quest ii - vohual's revenge iigs - disk 1 (trex crack).2mg" size="819264" crc="4d463103" sha1="50df27602f17af84e2a2e4e3b221bd87aa98dad0" />
	</machine>
	<machine name="spquest">
		<description>Space Quest - The Sarien Encounter (cleanly cracked)</description>
		<year>1987</year>
		<publisher>Sierra On-Line</publisher>
		<rom name="space quest - the sarien encounter iigs - disk 1 (trex crack).2mg" size="819264" crc="867688f8" sha1="a882bd87ec2843ab7c1409baf0cbfd32e91ac920" />
		<rom name="space quest - the sarien encounter iigs - disk 2 (trex crack).2mg" size="819264" crc="0ec7a0e8" sha1="e0fce1e36f99fcca7cfd9c3441269294154aa659" />
	</machine>
	<machine name="srvvly">
		<description>Serve and Volley (cleanly cracked)</description>
		<year>1988</year>
		<publisher>Accolade</publisher>
		<rom name="serve and volley iigs (trex crack).2mg" size="819264" crc="cd53d374" sha1="4f88eaf4855d6ff2bcc1b1c47c73c5a63a0c9cde" />
	</machine>
	<machine name="sshockey">
		<description>Superstar Ice Hockey (cleanly cracked)</description>
		<year>1988</year>
		<publisher>Mindscape</publisher>
		<rom name="superstar ice hockey iigs (trex crack).2mg" size="819264" crc="6f405a10" sha1="41e963da1f389f94697c024190bbb89ac3c14421" />
	</machine>
	<machine name="strsoccr">
		<description>Street Sports Soccer (cleanly cracked)</description>
		<year>1988</year>
		<publisher>Epyx</publisher>
		<rom name="street sports soccer iigs (trex crack).2mg" size="819264" crc="28862df6" sha1="8154843041284a59017021d4783cbe2c4f22c929" />
	</machine>
	<machine name="strybkwv">
		<description>Storybook Weaver (Version 1.0) (cleanly cracked)</description>
		<year>1990</year>
		<publisher>MECC</publisher>
		<rom name="storybook weaver v1.0 iigs - disk 1 - system (trex crack).2mg" size="819264" crc="c6acd3b2" sha1="814f84b31bab49e29f80797dced8bc8692055e4e" />
		<rom name="storybook weaver v1.0 iigs - disk 2 - program (trex crack).2mg" size="819264" crc="5bafb45c" sha1="ddb7117bb3e096be90f638e538c0551409131bec" />
	</machine>
	<machine name="strywvmb">
		<description>Storybook Weaver - World of Make-Believe (Version 1.0) (cleanly cracked)</description>
		<year>1991</year>
		<publisher>MECC</publisher>
		<rom name="storybook weaver - world of make-believe v1.0 iigs - disk 1 - system (trex crack).2mg" size="819264" crc="54e1fb99" sha1="3fc4031f0bda54e2c73ffc3f2ac8a17c1f73fc71" />
		<rom name="storybook weaver - world of make-believe v1.0 iigs - disk 2 - program (trex crack).2mg" size="819264" crc="0c778c48" sha1="91b4b8d9264985b63eda4b34d3140d4414a800fa" />
	</machine>
	<machine name="strywvwa">
		<description>Storybook Weaver - World of Adventure (Version 1.0) (cleanly cracked)</description>
		<year>1991</year>
		<publisher>MECC</publisher>
		<rom name="storybook weaver - world of adventure v1.0 iigs - disk 1 - system (trex crack).2mg" size="819264" crc="589e942d" sha1="25ee4d9872302c2f235e3d775a0536a426e610d5" />
		<rom name="storybook weaver - world of adventure v1.0 iigs - disk 2 - program (trex crack).2mg" size="819264" crc="03e3ce87" sha1="86aca233933b10f3f25cdae7692375e60c3f6650" />
	</machine>
	<machine name="taskfrce">
		<description>Task Force (cleanly cracked)</description>
		<year>1990</year>
		<publisher>Britannica Software</publisher>
		<rom name="task force iigs - disk 1 (trex crack).2mg" size="819264" crc="f6292a39" sha1="2b0f1e7316340adae862ec38f88832a40e258deb" />
		<rom name="task force iigs - disk 2 (trex crack).2mg" size="819264" crc="c4388a54" sha1="722b9cb8fb66a1eb1897efc18bdbd42a94d6d63d" />
	</machine>
	<machine name="td2">
		<description>The Duel: Test Drive II (cleanly cracked)</description>
		<year>1989</year>
		<publisher>Accolade</publisher>
		<rom name="the duel - test drive ii iigs (trex crack).2mg" size="819264" crc="24ca8ac2" sha1="3e73dabd7d07f6f38241e03d01404918904943b5" />
		<rom name="the duel - test drive ii iigs - california challenge.2mg" size="819264" crc="81f34f15" sha1="1fc3a54f01053023086d435ecbd7be702bd93aa1" />
		<rom name="the duel - test drive ii iigs - european challenge.2mg" size="819264" crc="c5ed070e" sha1="a1785f6e152d5d8e92335fb691d14a82a98d57ce" />
		<rom name="the duel - test drive ii iigs - the muscle cars.2mg" size="819264" crc="4f7d4aaf" sha1="88a813bb0dbf50b0c11f979341dcc337495f45ce" />
		<rom name="the duel - test drive ii iigs - the supercars.2mg" size="819264" crc="4c4b4713" sha1="313ccd55d4dd19c767fb51edbfd41036c34218f1" />
	</machine>
	<machine name="tetris">
		<description>Tetris (cleanly cracked)</description>
		<year>1988</year>
		<publisher>Spectrum HoloByte</publisher>
		<rom name="tetris iigs (trex crack).2mg" size="819264" crc="84975e86" sha1="3d3ad67086d6284359b9512282556f174c529b44" />
	</machine>
	<machine name="thexder">
		<description>Thexder (Version 2.7) (cleanly cracked)</description>
		<year>1987</year>
		<publisher>Sierra On-Line</publisher>
		<rom name="thexdero\thexder v1.0 iigs (trex crack).2mg" size="819264" crc="5a105720" sha1="31061b4561c967d824936c94ce882f2efcb017da" />
		<rom name="thexder v2.7 iigs (trex crack).2mg" size="819264" crc="7fa5ad73" sha1="acb227363d426c86ab5ac80c126fc430616cb535" />
	</machine>
	<machine name="thrdcrir">
		<description>The Third Courier (cleanly cracked)</description>
		<year>1989</year>
		<publisher>Accolade</publisher>
		<rom name="the third courier iigs - disk 1 (trex crack).2mg" size="819264" crc="a3a2c00f" sha1="3773681ec07b65085e6e0e311974c0ad28e5f7c7" />
		<rom name="the third courier iigs - disk 2 (trex crack).2mg" size="819264" crc="619ff292" sha1="521c9c171ab84cc6a670e541502890c605db3df8" />
	</machine>
	<machine name="topdraw">
		<description>Topdraw (Version 1.00A) (cleanly cracked)</description>
		<year>1987</year>
		<publisher>Styleware Software</publisher>
		<rom name="topdraw v1.00a iigs (trex crack).2mg" size="819264" crc="39e7967f" sha1="35746bbc2232251d96264989705a6e6286bafef5" />
	</machine>
	<machine name="triango">
		<description>TrianGo (Version 1.0) (cleanly cracked)</description>
		<year>1988</year>
		<publisher>California Dreams</publisher>
		<rom name="triango v1.0 iigs (trex crack).2mg" size="819264" crc="719968cf" sha1="8cfcb54548794c179d7e394f1ada2f53f0578a5e" />
	</machine>
	<machine name="twrmyrgl">
		<description>The Tower of Myraglen (Version 1.0) (cleanly cracked)</description>
		<year>1987</year>
		<publisher>PBI Software</publisher>
		<rom name="the tower of myraglen v1.0 iigs - disk 1 - start-up disk (trex crack).2mg" size="819264" crc="ec1b6795" sha1="8bb9f1a286fe7ec3abcfae2fddf3b3da5eab1507" />
		<rom name="the tower of myraglen v1.0 iigs - disk 2 - program disk (trex crack).2mg" size="819264" crc="2173bd50" sha1="8ed4b7fde77680225a0d124d079eacd49563c8bd" />
	</machine>
	<machine name="uninvite">
		<description>Uninvited (cleanly cracked)</description>
		<year>1988</year>
		<publisher>ICOM Simulations</publisher>
		<rom name="uninvited iigs - disk 1 - system disk (trex crack).2mg" size="819264" crc="e76d0516" sha1="1ce51656aa8274517d3ecd0314b55294e76023e2" />
		<rom name="uninvited iigs - disk 2 - program disk (trex crack).2mg" size="819264" crc="dcd37fdd" sha1="486497733c8a341982709c87fc864570d630da7d" />
	</machine>
	<machine name="vegasgmb">
		<description>Vegas Gambler (Version 1.1 25-Jul-88) (cleanly cracked)</description>
		<year>1988</year>
		<publisher>California Dreams</publisher>
		<rom name="vegasgmba\vegas gambler v1.0 iigs (trex crack).2mg" size="819264" crc="fb0db877" sha1="89662ac60bde13b8f54db4730a9fd3ee4d5c6b3e" />
		<rom name="vegas gambler v1.1 iigs (trex crack).2mg" size="819264" crc="53f1a66e" sha1="f49918fbe8a32f83a17558e1764b14a0b26ca35c" />
	</machine>
	<machine name="vgscraps">
		<description>Vegas Craps (Version 1.0) (cleanly cracked)</description>
		<year>1988</year>
		<publisher>California Dreams</publisher>
		<rom name="vegas craps v1.0 iigs (trex crack).2mg" size="819264" crc="cf206b2a" sha1="eb1731663bd71f9beb0e66f129e3103ac236b629" />
	</machine>
	<machine name="warmidle">
		<description>War in Middle Earth (cleanly cracked)</description>
		<year>1989</year>
		<publisher>Melbourne House</publisher>
		<rom name="war in middle earth - disk 1 (trex crack).2mg" size="819264" crc="8f6287f7" sha1="4864416d025f1b9b17aba10b8ce47c1075b84279" />
		<rom name="war in middle earth - disk 2 (trex crack).2mg" size="819264" crc="5ced6c65" sha1="83aa06b12b3741e18028da966aa317dce7001d89" />
	</machine>
	<machine name="wcelite">
		<description>Writer's Choice Elite (cleanly cracked)</description>
		<year>1987</year>
		<publisher>Activision</publisher>
		<rom name="writer's choice elite iigs (trex crack).2mg" size="819264" crc="d4d891e1" sha1="d7a386e9fc286018505d61eff800ca892bcae304" />
	</machine>
	<machine name="wingames">
		<description>Winter Games (cleanly cracked)</description>
		<year>1987</year>
		<publisher>Epyx</publisher>
		<rom name="winter games iigs (trex crack).2mg" size="819264" crc="03f522af" sha1="467d2782f572c107f2b9fa7789761d789ce21763" />
	</machine>
	<machine name="wldgames">
		<description>World Games (cleanly cracked)</description>
		<year>1987</year>
		<publisher>Epyx</publisher>
		<rom name="world games iigs (trex crack).2mg" size="819264" crc="6b94c2b7" sha1="34bb9fbd79847d2cbf7c1ad9ba087faa986a16a0" />
	</machine>
	<machine name="wltrgolf">
		<description>World Tour Golf (cleanly cracked)</description>
		<year>1987</year>
		<publisher>Electronic Arts</publisher>
		<rom name="world tour golf iigs (trex crack).2mg" size="819264" crc="bf54fe36" sha1="3b1082b75860d10493c9015c5fd22ef3150c686b" />
	</machine>
	<machine name="wndanimk">
		<description>The Wonders of the Animal Kingdom (cleanly cracked)</description>
		<year>1989</year>
		<publisher>Unicorn Software</publisher>
		<rom name="the wonders of the animal kingdom iigs - disk 1 (trex crack).2mg" size="819264" crc="d577eacc" sha1="80fd89fe895c4a40ba9b137804307924308cd0b8" />
		<rom name="the wonders of the animal kingdom iigs - disk 2 (trex crack).2mg" size="819264" crc="56212d49" sha1="1126a5de1294aa72dcacba28d3ee32c6754528f8" />
	</machine>
	<machine name="wordmstr">
		<description>The Word Master (cleanly cracked)</description>
		<year>1989</year>
		<publisher>Unicorn Software</publisher>
		<rom name="the word master iigs (trex crack).2mg" size="819264" crc="a1223d2c" sha1="c22fe72a7f88f7dbea37970f77fd0555589016f3" />
	</machine>
	<machine name="xenocide">
		<description>Xenocide (Version 25-Sep-89) (unprotected)</description>
		<year>1989</year>
		<publisher>Micro Revelations</publisher>
		<rom name="xenocidea\xenocide (11-aug-89) iigs (trex crack).2mg" size="819264" crc="00bf834e" sha1="0818389d9586d5e46e0e400a1da51f8a7dd35bcb" />
		<rom name="xenocide (25-sep-89) iigs.2mg" size="819264" crc="ea4f3204" sha1="a85cca9ca740ecad53a8ccb153a53228989115fb" />
	</machine>
	<machine name="zanygolf">
		<description>Zany Golf (cleanly cracked)</description>
		<year>1988</year>
		<publisher>Electronic Arts</publisher>
		<rom name="zany golf iigs (trex crack).2mg" size="819264" crc="5e917b13" sha1="37658ef75ca9a35277023e66fe0280058d8a237a" />
	</machine>
</datafile>