<?xml version="1.0" encoding="utf-8"?>
<!DOCTYPE datafile PUBLIC "-//Logiqx//DTD ROM Management Datafile//EN" "http://www.logiqx.com/Dats/datafile.dtd">
<datafile>
	<header>
		<name>famicom_cass</name>
		<description>Nintendo Famicom Family BASIC cassettes</description>
		<version></version>
		<author></author>
	</header>
	<machine name="bonbon">
		<description>Bound Bon-Bon</description>
		<year>19??</year>
		<publisher>&lt;unknown&gt;</publisher>
		<rom name="bg6.wav" size="2864660" crc="d2a12690" sha1="467a34dc83f7e0607914cc0944e69c75c4a49498" />
		<rom name="prog6.wav" size="1159735" crc="41e213bd" sha1="baca7c510a57ffaac8a13b5c2140653d151212c2" />
	</machine>
	<machine name="daimajin">
		<description>Daimajin Attack</description>
		<year>19??</year>
		<publisher>&lt;unknown&gt;</publisher>
		<rom name="bg7.wav" size="2912049" crc="998d0408" sha1="9e58958c03d742bd0e38322a399931c768dcea00" />
		<rom name="prog7.wav" size="1014374" crc="217bb5db" sha1="601fdab3d9ad28657b16aa149f08e7880dc8c235" />
	</machine>
	<machine name="hero">
		<description>Hero</description>
		<year>19??</year>
		<publisher>&lt;unknown&gt;</publisher>
		<rom name="hero.wav" size="3235916" crc="38bad4f5" sha1="696da9274a144cbc5e95b9c92df700014296f211" />
	</machine>
	<machine name="kanitori">
		<description>Kanitori Game</description>
		<year>19??</year>
		<publisher>&lt;unknown&gt;</publisher>
		<rom name="bg1.wav" size="2836972" crc="eecd4278" sha1="12999d07a3cb9784008e51f97fb22543d2ab050a" />
		<rom name="prog1.wav" size="1063360" crc="2ef3ed0e" sha1="3a7876bcc84e1d7b10739a4930cc248f853d1803" />
	</machine>
	<machine name="kblesson">
		<description>Keyboard Lesson</description>
		<year>19??</year>
		<publisher>&lt;unknown&gt;</publisher>
		<rom name="bg2.wav" size="2856673" crc="4b8cc5ba" sha1="5783bd1e220487e047b98ddc0d9c5a5ea8b3ce41" />
		<rom name="prog2.wav" size="969115" crc="2237442b" sha1="956649d436bb4d5ac0d6f47c1c04da1ee75964e6" />
	</machine>
	<machine name="mariosht">
		<description>Mario Shooter</description>
		<year>19??</year>
		<publisher>&lt;unknown&gt;</publisher>
		<rom name="bg8.wav" size="2890750" crc="669d942e" sha1="029e6ee88ae890c0072377557f2ddfd3112de57e" />
		<rom name="prog8.wav" size="1105424" crc="efbe8b45" sha1="065b05e8b0fc35580b3afe1c67dd8b8c36601c80" />
	</machine>
	<machine name="moonbas2">
		<description>Moon Base 2</description>
		<year>19??</year>
		<publisher>&lt;unknown&gt;</publisher>
		<rom name="bg3.wav" size="2895991" crc="e5dcb41f" sha1="11e0c2265b693861fb2b4f1c411799b8cd3d4be1" />
		<rom name="prog3.wav" size="1019166" crc="3c8ba31c" sha1="efddded189dc5700d3be6113b679f0cfe491e6fd" />
	</machine>
	<machine name="pingpon1">
		<description>Ping Pong 1</description>
		<year>19??</year>
		<publisher>&lt;unknown&gt;</publisher>
		<rom name="bg9.wav" size="2847622" crc="0521c342" sha1="ec84d54220e3647df92f02b1e9096ada6c1cf93e" />
		<rom name="prog9.wav" size="972310" crc="83f5aa2a" sha1="6d2de9de38d10ca6b55ef2daa86220af656a3768" />
	</machine>
	<machine name="pingpon2">
		<description>Ping Pong 2</description>
		<year>19??</year>
		<publisher>&lt;unknown&gt;</publisher>
		<rom name="bg9.wav" size="2847622" crc="0521c342" sha1="ec84d54220e3647df92f02b1e9096ada6c1cf93e" />
		<rom name="prog10.wav" size="1057503" crc="54540a93" sha1="da84c92adb6f7efcff330b629b6166a1d38ec38f" />
	</machine>
	<machine name="sansugok">
		<description>Sansuu Gokko</description>
		<year>19??</year>
		<publisher>&lt;unknown&gt;</publisher>
		<rom name="prog5.wav" size="1064957" crc="414aa041" sha1="57be005ead4a02edcf8354dc0e85eec83a150ed7" />
	</machine>
	<machine name="starkill">
		<description>Starkiller</description>
		<year>19??</year>
		<publisher>&lt;unknown&gt;</publisher>
		<rom name="starkiller.wav" size="3255484" crc="597e2ab3" sha1="eafa3c0576dbf3ce4991abafd05e4d0bf7b3a8e4" />
	</machine>
	<machine name="starship">
		<description>Starship</description>
		<year>19??</year>
		<publisher>&lt;unknown&gt;</publisher>
		<rom name="bg4.wav" size="2857206" crc="0cf4637e" sha1="9dc1549662335f7b28e661ed86f809eea8c5d8ec" />
		<rom name="prog4.wav" size="1055373" crc="ed38bc5d" sha1="70bbd042e9405f6b75aab5c9e483de272de3665a" />
	</machine>
	<machine name="urbanchm">
		<description>Urban Champ</description>
		<year>19??</year>
		<publisher>&lt;unknown&gt;</publisher>
		<rom name="urbanchamp.wav" size="2318380" crc="1f5d0d6c" sha1="5d24f9cfa28f6cf5ee6c5188d1e9a425af0231ea" />
	</machine>
</datafile>