<?xml version="1.0" encoding="utf-8"?>
<!DOCTYPE datafile PUBLIC "-//Logiqx//DTD ROM Management Datafile//EN" "http://www.logiqx.com/Dats/datafile.dtd">
<datafile>
	<header>
		<name>mz2500</name>
		<description>MZ-2500 disk images</description>
		<version></version>
		<author></author>
	</header>
	<machine name="arion">
		<description>Neo Heroic Fantasia Arion</description>
		<year>198?</year>
		<publisher>アスキー (ASCII)</publisher>
		<rom name="arion.d88" size="692656" crc="b417a12b" sha1="64c3362eb42f75fc65f58c1409ac3767f8df9535" />
	</machine>
	<machine name="backtof">
		<description>Back to the Future</description>
		<year>1986</year>
		<publisher>Pony / Data West</publisher>
		<rom name="back to the future.d88" size="696736" crc="f8f31c2c" sha1="544ca759503bbcea62b1574780ea40e90b234a11" />
	</machine>
	<machine name="basicv1">
		<description>BASIC-M25 (6Z002) V1.0A</description>
		<year>1985</year>
		<publisher>Sharp</publisher>
		<rom name="basic-m25 v1(6z002).d88" size="697008" crc="f0f84164" sha1="6f4f57195299b4ba329fd4bb9eb733c8f791adf0" />
	</machine>
	<machine name="basicv2">
		<description>BASIC-M25 (6Z002) V2.0B</description>
		<year>1985</year>
		<publisher>Sharp</publisher>
		<rom name="basic-m25 v2(6z002).d88" size="697008" crc="2e585759" sha1="c8ea6bb291be68d7b0186cd2117c7fe01dd21f55" />
	</machine>
	<machine name="blckonyx">
		<description>The Black Onyx</description>
		<year>1985</year>
		<publisher>B·P·S (Bullet-Proof Software)</publisher>
		<rom name="black onyx.d88" size="692656" crc="be1d79ca" sha1="cf5316806dfa74179c8cb830ee0b4a4f858e11fe" />
	</machine>
	<machine name="druaga">
		<description>The Tower of Druaga</description>
		<year>198?</year>
		<publisher>電波新聞社 (Dempa Shinbunsha)</publisher>
		<rom name="druaga.d88" size="695648" crc="42632ffc" sha1="8201b4e52cc324fd0d501c2b37523fb388c1d1cd" />
	</machine>
	<machine name="dustbx01">
		<description>Dust Box Vol. 1 - '90/4</description>
		<year>19??</year>
		<publisher>&lt;unknown&gt;</publisher>
		<rom name="dust box vol 1.d88" size="697008" crc="170fc283" sha1="d67798df7b07ff69afa6d58872d315d1ab7eaab8" />
	</machine>
	<machine name="dustbx02">
		<description>Dust Box Vol. 2</description>
		<year>19??</year>
		<publisher>&lt;unknown&gt;</publisher>
		<rom name="dust box vol 2.d88" size="697008" crc="e437f6f5" sha1="1d7dd4e1450f20351df10f679f9a8682484c0943" />
	</machine>
	<machine name="dustbx03">
		<description>Dust Box Vol. 3</description>
		<year>19??</year>
		<publisher>&lt;unknown&gt;</publisher>
		<rom name="dust box vol 3.d88" size="697008" crc="84e61343" sha1="721d2369a268ddef97a363f35ed7bbb4974ae79b" />
	</machine>
	<machine name="dustbx04">
		<description>Dust Box Vol. 4</description>
		<year>19??</year>
		<publisher>&lt;unknown&gt;</publisher>
		<rom name="dust box vol 4.d88" size="697008" crc="3d3c4d43" sha1="810d94fc0074bc1660de66ecab515f1d9aeadef6" />
	</machine>
	<machine name="dustbx05">
		<description>Dust Box Vol. 5</description>
		<year>19??</year>
		<publisher>&lt;unknown&gt;</publisher>
		<rom name="dust box vol 5.d88" size="697008" crc="851e0842" sha1="f7da222c2b2838ea1184e41b79170a7c30c8ca42" />
	</machine>
	<machine name="dustbx06">
		<description>Dust Box Vol. 6</description>
		<year>19??</year>
		<publisher>&lt;unknown&gt;</publisher>
		<rom name="dust box vol 6.d88" size="697008" crc="97e418bf" sha1="01b44f55eada23aa823be0ab5ab024823ca10753" />
	</machine>
	<machine name="dustbx07">
		<description>Dust Box Vol. 7</description>
		<year>19??</year>
		<publisher>&lt;unknown&gt;</publisher>
		<rom name="dust box vol 7.d88" size="697008" crc="bd403c61" sha1="084c83408896fd289ed4415eb0d638b9c25667d6" />
	</machine>
	<machine name="dustbx08">
		<description>Dust Box Vol. 8</description>
		<year>19??</year>
		<publisher>&lt;unknown&gt;</publisher>
		<rom name="dust box vol 8.d88" size="697008" crc="5018ff23" sha1="4004ad24f7d0def5a18ad2225ba6c9bf8c817901" />
	</machine>
	<machine name="dustbx09">
		<description>Dust Box Vol. 9</description>
		<year>19??</year>
		<publisher>&lt;unknown&gt;</publisher>
		<rom name="dust box vol 9.d88" size="697008" crc="98594460" sha1="c0e4898731532c8ead62dfc65c1229345b5e91fa" />
	</machine>
	<machine name="dustbx10">
		<description>Dust Box Vol. 10</description>
		<year>19??</year>
		<publisher>&lt;unknown&gt;</publisher>
		<rom name="dust box vol 10.d88" size="784048" crc="26132963" sha1="94be072225623b1ec83c845241d173df5aca3e5a" />
	</machine>
	<machine name="dustbx11">
		<description>Dust Box Vol. 11</description>
		<year>19??</year>
		<publisher>&lt;unknown&gt;</publisher>
		<rom name="dust box vol 11.d88" size="784048" crc="e0adaa77" sha1="6c15d5370c7e041283f2b063880ee614b80eccb8" />
	</machine>
	<machine name="dustbx12">
		<description>Dust Box Vol. 12</description>
		<year>19??</year>
		<publisher>&lt;unknown&gt;</publisher>
		<rom name="dust box vol 12.d88" size="697008" crc="f38b28a9" sha1="b2cb2856e69fec026c7eafc03afe3217da2b058d" />
	</machine>
	<machine name="dustbx13">
		<description>Dust Box Vol. 13</description>
		<year>19??</year>
		<publisher>&lt;unknown&gt;</publisher>
		<rom name="dust box vol 13.d88" size="697008" crc="48e61701" sha1="6007b4800b925435d49c703960c696ec8221d183" />
	</machine>
	<machine name="dustbx14">
		<description>Dust Box Vol. 14</description>
		<year>19??</year>
		<publisher>&lt;unknown&gt;</publisher>
		<rom name="dust box vol 14.d88" size="697008" crc="6b897344" sha1="6f8b0ed388cce5a4d8ad24c16f37441a1c70b308" />
	</machine>
	<machine name="dustbx15">
		<description>Dust Box Vol. 15</description>
		<year>19??</year>
		<publisher>&lt;unknown&gt;</publisher>
		<rom name="dust box vol 15.d88" size="697008" crc="4719c224" sha1="b93215672858018d4cc8b9e5af6a3fe92f0cb705" />
	</machine>
	<machine name="dustbx16">
		<description>Dust Box Vol. 16</description>
		<year>19??</year>
		<publisher>&lt;unknown&gt;</publisher>
		<rom name="dust box vol 16.d88" size="697008" crc="43cc53a6" sha1="bce8a75be3731814a3ab4ab7d956c05839ad4337" />
	</machine>
	<machine name="dustbx91">
		<description>Dust Box '91 Special</description>
		<year>19??</year>
		<publisher>&lt;unknown&gt;</publisher>
		<rom name="dust_box_91_special.d88" size="697008" crc="aaec667d" sha1="0adaf4e0b306ac8389bd202ce0a1b11c29ffa52c" />
	</machine>
	<machine name="eiyuden">
		<description>Eiyuu Densetsu Saga</description>
		<year>198?</year>
		<publisher>Arrow Soft</publisher>
		<rom name="disk a.d88" size="697008" crc="350a4aff" sha1="592f32fe92585b4115449006d498b578a99c7106" />
		<rom name="disk b.d88" size="696736" crc="7466e6a0" sha1="d10ea5a6f5916fa5c7a64371fc2f3245179b284c" />
	</machine>
	<machine name="excitbik">
		<description>Excite Bike</description>
		<year>1985</year>
		<publisher>ハドソン (Hudson Soft)</publisher>
		<rom name="excite bike.d88" size="98624" crc="657367ed" sha1="1c15ffa591c0de997694da691a5f3acb301463c0" />
	</machine>
	<machine name="fenix">
		<description>Fenix Shell (v0.2)</description>
		<year>198?</year>
		<publisher>&lt;unknown&gt;</publisher>
		<rom name="fenix shell.d88" size="697008" crc="d643ed6b" sha1="edecfdac27218b27a06de2b679f159be72414466" />
	</machine>
	<machine name="firecrys">
		<description>The Fire Crystal</description>
		<year>198?</year>
		<publisher>B·P·S (Bullet-Proof Software)</publisher>
		<rom name="fire crystal.d88" size="692656" crc="81b3c897" sha1="984158e6157d44ff31748921b47f71be72c8f731" />
	</machine>
	<machine name="gomokuna">
		<description>Gomoku Narabe</description>
		<year>198?</year>
		<publisher>Renju</publisher>
		<rom name="disk.d88" size="697008" crc="8047e60c" sha1="37b70478bf8d87ee7660cf4c85b781fb7c67065a" />
	</machine>
	<machine name="hfox">
		<description>Hurry Fox</description>
		<year>198?</year>
		<publisher>Arrow Soft</publisher>
		<rom name="disk1.d88" size="697008" crc="777158c0" sha1="35b991cd69a11e0ec22470f1bd9807c65c53a4e3" />
		<rom name="disk2.d88" size="697008" crc="23378860" sha1="885ec9eaf69fcae97e47587b4beb68ad46bbf719" />
	</machine>
	<machine name="hoveratk">
		<description>Hover Attack</description>
		<year>198?</year>
		<publisher>&lt;unknown&gt;</publisher>
		<rom name="hover attack.d88" size="657568" crc="eee949d0" sha1="886fbd18c3d54c5f0f1ba229026fb846641b8c1c" />
	</machine>
	<machine name="kaleidos">
		<description>Kaleidoscope Demo</description>
		<year>198?</year>
		<publisher>Hot-B</publisher>
		<rom name="disk1.d88" size="270512" crc="868dc6e1" sha1="d61bec783662e604cad50738806ca6be502a1532" />
		<rom name="disk2.d88" size="688304" crc="3ea8f87f" sha1="155d927aca38ae6c828092e5d5ecce0e8b2b9dea" />
		<rom name="system.d88" size="270512" crc="92886753" sha1="f995ea805e0f243169f9c761f6a4ba11748b37ed" />
	</machine>
	<machine name="kitahei">
		<description>Kitahei</description>
		<year>198?</year>
		<publisher>SPS</publisher>
		<rom name="kitahei.d88" size="697008" crc="c03f378d" sha1="5f757025ffdb344bc300325b40909bfe4c7a1708" />
	</machine>
	<machine name="laydock">
		<description>LayDock</description>
		<year>198?</year>
		<publisher>&lt;unknown&gt;</publisher>
		<rom name="laydock.d88" size="731856" crc="b0304955" sha1="408550668abb3a0fa0a46f2375c10c7411dbeca1" />
	</machine>
	<machine name="macadam">
		<description>Macadam</description>
		<year>198?</year>
		<publisher>&lt;unknown&gt;</publisher>
		<rom name="macadam.d88" size="697008" crc="f11b4b6b" sha1="0dde2885b5d3ed730da3595b99514761d6655f46" />
	</machine>
	<machine name="mappy">
		<description>Mappy</description>
		<year>198?</year>
		<publisher>&lt;unknown&gt;</publisher>
		<rom name="mappy.d88" size="692928" crc="1ddcf0ed" sha1="263acc72a8a0b6d1bb690737c7d4bd0615cc9aef" />
	</machine>
	<machine name="marchen">
		<description>Märchen Veil I</description>
		<year>198?</year>
		<publisher>&lt;unknown&gt;</publisher>
		<rom name="marchen veil.d88" size="805728" crc="4919dd5e" sha1="8e499527610c9bfe00bf12b33c683d5b01275da6" />
	</machine>
	<machine name="moonchld">
		<description>Moonchild</description>
		<year>198?</year>
		<publisher>&lt;unknown&gt;</publisher>
		<rom name="moon child.d88" size="697008" crc="e8d6c3e1" sha1="14694923ee771676bb45186c607192ffd61947c9" />
	</machine>
	<machine name="mugen2">
		<description>Mugen no Shinzou II</description>
		<year>198?</year>
		<publisher>クリスタルソフト (Xtal Soft)</publisher>
		<rom name="disk a.d88" size="370528" crc="10134438" sha1="e208d618110f26d2c896a378fc9246e32ffdc45c" />
		<rom name="disk b.d88" size="720208" crc="c5c213e7" sha1="f15dbb7e5d13244165e44efe7965d4978cacd5c4" />
	</machine>
	<machine name="mugen">
		<description>Mugen no Shinzou</description>
		<year>198?</year>
		<publisher>クリスタルソフト (Xtal Soft)</publisher>
		<rom name="disk a.d88" size="696736" crc="c8bbe8aa" sha1="3a88d9eb9090a0c5882dd3a3def141b449ec6c7a" />
	</machine>
	<machine name="multplan">
		<description>Multiplan v1.07</description>
		<year>198?</year>
		<publisher>&lt;unknown&gt;</publisher>
		<rom name="multiplan.d88" size="759808" crc="c335c3a2" sha1="190b759613c5793f13acfa9ab1cb64a5988340f4" />
	</machine>
	<machine name="murdclub">
		<description>J.B. Harold no Jikenbo #1: Murder Club</description>
		<year>1986</year>
		<publisher>Riverhill Soft</publisher>
		<rom name="disk 1.d88" size="767968" crc="a0223eb9" sha1="8ad2ca5ceee4f1adcb118a1342785d3ccc9de1f0" />
		<rom name="disk 2.d88" size="808192" crc="9a8e05b3" sha1="bb9d029ae7a83bf846a4f78c19b5bc58d0728741" />
	</machine>
	<machine name="mzdemo1">
		<description>Super MZ Demo 1</description>
		<year>198?</year>
		<publisher>&lt;unknown&gt;</publisher>
		<rom name="super mz demo 1.d88" size="697008" crc="b49cfe1b" sha1="9dd7e37712799b93c8d93f9185cc05272e0e868b" />
	</machine>
	<machine name="nobo">
		<description>Nobo</description>
		<year>198?</year>
		<publisher>&lt;unknown&gt;</publisher>
		<rom name="nobo.d88" size="70592" crc="5131d728" sha1="e0591015cb86d7a3dea20d9c0a34e9b12ed48d39" />
	</machine>
	<machine name="nobunaga">
		<description>Nobunaga no Yabou</description>
		<year>198?</year>
		<publisher>光栄 (Koei)</publisher>
		<rom name="nobunaga no yabou.d88" size="697008" crc="0e7c183e" sha1="1b78d5ea8603e629680f756684c1616086c63a9a" />
	</machine>
	<machine name="pcpm">
		<description>Personal CP/M (V1.0A)</description>
		<year>198?</year>
		<publisher>&lt;unknown&gt;</publisher>
		<rom name="personal cpm.d88" size="697008" crc="e33d828d" sha1="ca3b4a9950da0b79755389ced851a57b618e9f65" />
	</machine>
	<machine name="penguinw">
		<description>Penguin-kun Wars</description>
		<year>198?</year>
		<publisher>アスキー (ASCII)</publisher>
		<rom name="penguin kun wars.d88" size="697424" crc="04c5365b" sha1="a82d149adc464f9d5a8412c4e88d686f7e6dbbfc" />
	</machine>
	<machine name="profmj">
		<description>Professional Mahjong (v2.1)</description>
		<year>198?</year>
		<publisher>シャノアール (Chat Noir)</publisher>
		<rom name="profmja\mahjong (set 2).d88" size="65968" crc="ff89ac18" sha1="ea11061e4b164758f42dc805c7e7ab30e8db1711" />
		<rom name="mahjong (set 1).d88" size="65968" crc="d7acb2ae" sha1="59f45bb973e5314d65aa8055e3f208ef339db1a4" />
	</machine>
	<machine name="relics">
		<description>Relics</description>
		<year>198?</year>
		<publisher>&lt;unknown&gt;</publisher>
		<rom name="relics.d88" size="692928" crc="620e4bf2" sha1="ae6d5bca35724b9f7d918449850d9f2c7cc61d5b" />
	</machine>
	<machine name="scobol">
		<description>Sharp COBOL</description>
		<year>198?</year>
		<publisher>Sharp</publisher>
		<rom name="sharpcobol.hdm" size="655360" crc="898021bb" sha1="c30c5cb99acf6aadba2b7b431935d8446916c673" />
	</machine>
	<machine name="scpmwm">
		<description>Personal CP/M + Wordmaster</description>
		<year>198?</year>
		<publisher>Sharp</publisher>
		<rom name="sharpcpm.hdm" size="655360" crc="9b3f1d46" sha1="7b901031873437a8824e15ac2577f175b8bffdd4" />
	</machine>
	<machine name="simulwar">
		<description>Aoki Ookami to Shiroki Mejika - Simulation War Game</description>
		<year>1985</year>
		<publisher>光栄 (Koei)</publisher>
		<rom name="disk a.d88" size="697008" crc="9cf82887" sha1="ba201051640682588124335d5c08a9a38c408061" />
		<rom name="disk b.d88" size="697008" crc="897257a1" sha1="916332d226a7e2fe60613b46d003c5de196bb8e4" />
	</machine>
	<machine name="soundgal">
		<description>Sound Gal Music Editor (v1.0A)</description>
		<year>1986</year>
		<publisher>EA-Z Communication</publisher>
		<rom name="sound gal.d88" size="544560" crc="b97b4d57" sha1="d1463b3cf1a5bd769a7cd68d1b3f748c4014984a" />
	</machine>
	<machine name="telephon">
		<description>Telephone Soft (6Z006) V2.0B</description>
		<year>198?</year>
		<publisher>&lt;unknown&gt;</publisher>
		<rom name="telephona\telephone soft 1.d88" size="697008" crc="24c0ff6f" sha1="1adb1028c59ec3961dfafeb4ed8cf472c7add918" />
		<rom name="telephone soft 2.d88" size="697008" crc="27b5a0ff" sha1="c5959050e319627882744f2de2aa9acfb6626aed" />
	</machine>
	<machine name="triton">
		<description>Triton</description>
		<year>198?</year>
		<publisher>ザインソフト (Sein Soft)</publisher>
		<rom name="tritorn.d88" size="545840" crc="6848600a" sha1="2f288e0c1b8f405aa41c0b17264a9be3aac5a19b" />
	</machine>
	<machine name="unk1">
		<description>Unknown Disk 1 (SMALLC)</description>
		<year>198?</year>
		<publisher>&lt;unknown&gt;</publisher>
		<rom name="unk1.d88" size="697008" crc="84c9309d" sha1="c06d7bc6691bbdac574433665b15596888bddc03" />
	</machine>
	<machine name="unk2">
		<description>Unknown Disk 2 (MZ-1E30)</description>
		<year>198?</year>
		<publisher>&lt;unknown&gt;</publisher>
		<rom name="unk2.d88" size="697008" crc="0cc720f5" sha1="fc1c27fabb53046dd273ebdd8db832e4700cdb30" />
	</machine>
	<machine name="unk3">
		<description>Unknown Disk 3 (SB02)</description>
		<year>198?</year>
		<publisher>&lt;unknown&gt;</publisher>
		<rom name="unk3.d88" size="784048" crc="bafe3fd2" sha1="02b2ae5e964cb0a130f70962e913b2de3603dbec" />
	</machine>
	<machine name="unk4">
		<description>Unknown Disk 4 (SB03)</description>
		<year>198?</year>
		<publisher>&lt;unknown&gt;</publisher>
		<rom name="unk4.d88" size="697008" crc="d6d1de04" sha1="b72f0b17fdf52bd8d08a09a719dab668e11a2bee" />
	</machine>
	<machine name="unk5">
		<description>Unknown Disk 5 (??)</description>
		<year>198?</year>
		<publisher>&lt;unknown&gt;</publisher>
		<rom name="unk5.d88" size="697008" crc="32e63f6d" sha1="c491a548db9bc7aee66c56069c99453b598f1300" />
	</machine>
	<machine name="unk6">
		<description>Unknown Disk 6 (Brown)</description>
		<year>198?</year>
		<publisher>&lt;unknown&gt;</publisher>
		<rom name="unk6.d88" size="697009" crc="2457a9c9" sha1="ffb094354f44c691d2dc41cd93f7007ab33484c0" />
	</machine>
	<machine name="xevious">
		<description>Xevious</description>
		<year>198?</year>
		<publisher>&lt;unknown&gt;</publisher>
		<rom name="xevious.d88" size="697008" crc="276d0126" sha1="c6bf4550bb34deac4ab1e9ceec852ada2e338bba" />
	</machine>
	<machine name="ys3">
		<description>Ys 3 - Wanderers from Ys</description>
		<year>1989</year>
		<publisher>日本ファルコム (Nihon Falcom)</publisher>
		<rom name="ys3 data.d88" size="830144" crc="56e42bcd" sha1="03e655948f1d05af548a06934888dcdd73ae39b6" />
		<rom name="ys3.d88" size="830144" crc="9df096d2" sha1="309ad4417984ec31e4a0ecc3f8c73d14ce4f33b4" />
	</machine>
	<machine name="yukark2">
		<description>Yukar K2</description>
		<year>198?</year>
		<publisher>&lt;unknown&gt;</publisher>
		<rom name="dictionary.d88" size="697008" crc="bceda534" sha1="2804c127288cba23cdf4a73e55a48246b66c23bd" />
		<rom name="support.d88" size="697008" crc="3f71c6b1" sha1="af2e036be4ab3e823934eacb0e1e3781c1a30f41" />
		<rom name="system.d88" size="697008" crc="4c8d6b85" sha1="425bd75e6c327fd026bfacb82b75f909b0e7b8a3" />
		<rom name="turbokit.d88" size="697008" crc="b28ac39b" sha1="78291ad03e107c92e9a64bd8e8a57cb02264a49d" />
	</machine>
</datafile>