<?xml version="1.0" encoding="utf-8"?>
<!DOCTYPE datafile PUBLIC "-//Logiqx//DTD ROM Management Datafile//EN" "http://www.logiqx.com/Dats/datafile.dtd">
<datafile>
	<header>
		<name>snes_bspack</name>
		<description>Nintendo SNES Satellaview Memory Packs</description>
		<version></version>
		<author></author>
	</header>
	<machine name="47tora2">
		<description>04/07 Game Tora no Chou Ooana 2 (0407)</description>
		<year>199?</year>
		<publisher>&lt;unknown&gt;</publisher>
		<rom name="47tora2h\4-7 tora no chou ooana 2 (fixed).bs" size="458752" crc="2721d7ce" sha1="0a598ab984326ff7d985647fbbabf53edd273bad" status="baddump" />
		<rom name="4-7 tora no chou ooana 2 (d).bs" size="1048576" crc="813e056f" sha1="ad463ae41b6111cbd89935a2e48a92753502bc14" status="baddump" />
	</machine>
	<machine name="1221tora">
		<description>12/21 Tora Maga Daisakusen (1221)</description>
		<year>1997</year>
		<publisher>&lt;unknown&gt;</publisher>
		<rom name="12-21(-1997) tora maga daisakusen.bs" size="1048576" crc="47baffa7" sha1="f97e44a0df56c7b47964d07d50e38487f2c530b5" status="baddump" />
	</machine>
	<machine name="actraisr">
		<description>ActRaiser</description>
		<year>199?</year>
		<publisher>&lt;unknown&gt;</publisher>
		<rom name="actraisra\actraiser (japan).bs" size="1048576" crc="b9a968ff" sha1="1d94b555e3a5a018dabf5fe2ea62ba73c2927a82" />
		<rom name="actraiser (japan) (bs).bs" size="1048576" crc="6b5f9845" sha1="918f93b8b385d5df28eb731a36a684ad86e050b6" />
	</machine>
	<machine name="albodyss">
		<description>Albert Odyssey</description>
		<year>199?</year>
		<publisher>&lt;unknown&gt;</publisher>
		<rom name="albodyssa\albert odyssey (japan).bs" size="1048576" crc="d5f6ad68" sha1="a1a682f723573254046a8af06b92fe408fc4207a" />
		<rom name="albert odyssey (japan) (bs).bs" size="1048576" crc="0e89fa41" sha1="1b1439f9f7eaeb9d1e8ee815889844e711ddf0c9" />
	</machine>
	<machine name="arkanoid">
		<description>Arkanoid - Doh It Again</description>
		<year>199?</year>
		<publisher>&lt;unknown&gt;</publisher>
		<rom name="arkanoida\arkanoid - doh it again (japan).bs" size="524288" crc="ded48e0a" sha1="699c4aa1045118cdc83a1cb88416f11732e69a11" />
		<rom name="arkanoid - doh it again (japan) (bs).bs" size="524288" crc="7e79c43e" sha1="ba956799914c09d3b1dc8a839f0552f5d15534cf" />
	</machine>
	<machine name="bdash2g">
		<description>B Dash - 2 Gatsugou</description>
		<year>199?</year>
		<publisher>&lt;unknown&gt;</publisher>
		<rom name="bdash2ga\b dash - 2 gatsugou (japan).bs" size="1048576" crc="6b16f32b" sha1="60aaee780b290dd1b4ad9a339b00d76fb00f0ced" />
		<rom name="b dash - 2 gatsugou (japan) (bs).bs" size="1048576" crc="3322b816" sha1="51655e6ef62e5efcfc2e1bfab99eca4468822a17" />
	</machine>
	<machine name="bdash3g">
		<description>B Dash - 3 Gatsugou</description>
		<year>199?</year>
		<publisher>&lt;unknown&gt;</publisher>
		<rom name="bdash3ga\b dash - 3 gatsugou (japan).bs" size="1048576" crc="f2630bed" sha1="be0f839f619cbd226f1499ef80fcb91ec950e74d" />
		<rom name="b dash - 3 gatsugou (japan) (bs).bs" size="1048576" crc="3494e10f" sha1="aa64e0479d246d7763a0820749f06c88f0f3b4df" />
	</machine>
	<machine name="bs3jiw5g">
		<description>3-ji no Wide Shou - 5 Gatsugou</description>
		<year>199?</year>
		<publisher>&lt;unknown&gt;</publisher>
		<rom name="3-ji no wide shou - 5 gatsugou (japan).bs" size="524288" crc="78ce2bf6" sha1="d9821b56e5837818875ef99734cd208aa368d23c" />
	</machine>
	<machine name="bs3jiw6g">
		<description>3-ji no Wide Shou - 6 Gatsugou</description>
		<year>199?</year>
		<publisher>&lt;unknown&gt;</publisher>
		<rom name="bs3jiw6ga\3-ji no wide shou - 6 gatsugou (japan).bs" size="524288" crc="dbe754c6" sha1="8016d1d9db9af87d59edba7a4be39f46f7561253" />
		<rom name="3-ji no wide shou - 6 gatsugou (japan) (bs).bs" size="524288" crc="926acd7e" sha1="f64768fa10c69a99531e9d17c74134e540244064" />
	</machine>
	<machine name="bsaklive">
		<description>AK LIVE Hit Gang</description>
		<year>199?</year>
		<publisher>&lt;unknown&gt;</publisher>
		<rom name="ak live hit gang.bs" size="524288" crc="9905d4c3" sha1="bd742cbd788439e021cd101d935451ba34a8116e" />
	</machine>
	<machine name="bsascii1">
		<description>BS ASCII Data 1</description>
		<year>199?</year>
		<publisher>&lt;unknown&gt;</publisher>
		<rom name="bsascii2\ascii data 2.bs" size="1048576" crc="bf7d57b0" sha1="f4064a38723bcd4999ff92c8202b3cc9ce3d8d03" />
		<rom name="bsascii3\ascii data 3.bs" size="1048576" crc="2ab43134" sha1="885c80f0e8582e6ae62bcc42ec6249f50c5b56da" />
		<rom name="ascii data 1.bs" size="1048576" crc="148955f9" sha1="01fbab2a57d5e9ef9abc85202c3ef75031bd17ad" />
	</machine>
	<machine name="bsbaku">
		<description>Bakushow Mondai no Silicon Chounaikai (0622)</description>
		<year>199?</year>
		<publisher>&lt;unknown&gt;</publisher>
		<rom name="bakusho mondai no shirikon chounaikai 6-22.bs" size="1048576" crc="b86e7ab1" sha1="3cfa8bc8d6ec36e46d7a434b5e5fa835c90bc4f0" />
	</machine>
	<machine name="bsbakua">
		<description>Bakushow Mondai no Silicon Chounaikai (0208)</description>
		<year>1997</year>
		<publisher>&lt;unknown&gt;</publisher>
		<rom name="bakushow mondai no silicon chounaikai (2-8) (digital magazine).bs" size="1048576" crc="d4f77bd2" sha1="5856333783cc1ed500c641695f1cbf2428aab910" status="baddump" />
	</machine>
	<machine name="bsbakub">
		<description>Bakushow Mondai no Silicon Chounaikai (0201)</description>
		<year>1997</year>
		<publisher>&lt;unknown&gt;</publisher>
		<rom name="bakushow mondai no shirikon chounaikai 2-1-1997.bs" size="1048576" crc="54a6ec22" sha1="78f4d58eb14f3fa913f2cac7edf9e2070ef31180" status="baddump" />
	</machine>
	<machine name="bsboku">
		<description>Bokujou Monogatari</description>
		<year>199?</year>
		<publisher>&lt;unknown&gt;</publisher>
		<rom name="bokujou monogatari.bs" size="1048576" crc="e2093836" sha1="97520f8ac8cb2c5b8175e9148741d2e0b477e08e" />
	</machine>
	<machine name="bsbokud2">
		<description>BS Bokujou Monogatari Dai-2-wa</description>
		<year>199?</year>
		<publisher>&lt;unknown&gt;</publisher>
		<rom name="bs bokujo  monogatari da-2-wa (japan).bs" size="1048576" crc="0bf62746" sha1="2f15cf736d7370646cfbd825e6d66efa0e6deb04" />
	</machine>
	<machine name="bsbokud4">
		<description>BS Bokujou Monogatari Dai-4-wa</description>
		<year>199?</year>
		<publisher>&lt;unknown&gt;</publisher>
		<rom name="bs bokujo  monogatari dai-4-wa (japan).bs" size="1048576" crc="f384b235" sha1="6011df3c53de919fcf2e6fd104d5ea1b7a0cb3d6" />
	</machine>
	<machine name="bsbomb2">
		<description>Super Bomberman 2</description>
		<year>199?</year>
		<publisher>&lt;unknown&gt;</publisher>
		<rom name="super bomberman 2.bs" size="1048576" crc="095f2969" sha1="9fc6d3df4c35f1a1ee1e1c825ad76e07126c383a" />
	</machine>
	<machine name="bsbomb">
		<description>Super Bomberman</description>
		<year>199?</year>
		<publisher>&lt;unknown&gt;</publisher>
		<rom name="bsbomba\super bomberman.bs" size="1048576" crc="9ea79162" sha1="1dcea52ea7e358c9d8b628b6f7f352c8e96daa61" />
		<rom name="super bomber man (japan) (en) (bs).bs" size="1048576" crc="9b1b125b" sha1="c8c35ae511395e050e092fddbb9645060518ce5b" />
	</machine>
	<machine name="bsbtour4">
		<description>Bass Tournament 4 (Incomplete Data)</description>
		<year>199?</year>
		<publisher>&lt;unknown&gt;</publisher>
		<rom name="bass tournament 4 (incomplete).bs" size="1048576" crc="ccefbd30" sha1="413ee71e3301a958c6998f907460ec95cd20b666" status="baddump" />
	</machine>
	<machine name="bscamp1">
		<description>BS Marvelous - Camp Arnold Course - Dai-1-shuu</description>
		<year>199?</year>
		<publisher>&lt;unknown&gt;</publisher>
		<rom name="bs marvelous - camp arnold course - dai-1-shuu (japan).bs" size="1048576" crc="6b90c767" sha1="8d15078191f7b7b49b7dda602207456a7caf3b12" />
	</machine>
	<machine name="bscamp2">
		<description>BS Marvelous - Camp Arnold Course - Dai-2-shuu</description>
		<year>199?</year>
		<publisher>&lt;unknown&gt;</publisher>
		<rom name="bs marvelous - camp arnold course - dai-2-shuu (japan).bs" size="1048576" crc="f5357704" sha1="fc3d84ad42ebda1f81ea5620f313675076b2f80b" />
	</machine>
	<machine name="bscamp3">
		<description>BS Marvelous - Camp Arnold Course - Dai-3-shuu</description>
		<year>199?</year>
		<publisher>&lt;unknown&gt;</publisher>
		<rom name="bs marvelous - camp arnold course - dai-3-shuu (japan).bs" size="1048576" crc="2b87dbaa" sha1="c89632aec2699e3adbb449b841ec7c582aac58b2" />
	</machine>
	<machine name="bscamp4">
		<description>BS Marvelous - Camp Arnold Course - Dai-4-shuu</description>
		<year>199?</year>
		<publisher>&lt;unknown&gt;</publisher>
		<rom name="bs marvelous - camp arnold course - dai-4-shuu (japan).bs" size="1048576" crc="6986937e" sha1="4a7336cd58e5da4256bb7ac64716bd9fac445be4" />
	</machine>
	<machine name="bscheap">
		<description>Cheap de Gorgeous Vol. 1</description>
		<year>199?</year>
		<publisher>&lt;unknown&gt;</publisher>
		<rom name="bscheapa\cheap de gorgeous vol. 1 (japan).bs" size="1048576" crc="ee02126e" sha1="62e98832c90321ecd9ea7cb1c6dbb3c68d3e8ee0" />
		<rom name="cheap de gorgeous vol. 1 (japan) (bs).bs" size="1048576" crc="9c270687" sha1="3c45b3629df775a5ba6b8889f2dfcd77c5e58c16" />
	</machine>
	<machine name="bsctrigc">
		<description>Chrono Trigger - Character Zukan</description>
		<year>199?</year>
		<publisher>&lt;unknown&gt;</publisher>
		<rom name="bsctrigca\chrono trigger - character zukan (japan).bs" size="1048576" crc="6d46f88b" sha1="602136761415a010b691299a8ab6f61c5efbf197" />
		<rom name="chrono trigger - character zukan (japan) (bs).bs" size="1048576" crc="d584ae5b" sha1="dcb1cf6ebcae6e018cf6741416008ad37ebb34b7" />
	</machine>
	<machine name="bsctrigj">
		<description>Chrono Trigger - Jet Bike Special</description>
		<year>199?</year>
		<publisher>&lt;unknown&gt;</publisher>
		<rom name="bsctrigja\chrono trigger - jet bike special (japan).bs" size="262144" crc="9dfb3014" sha1="1f916454d4a9cedbd66babe4bb9eebc446410335" />
		<rom name="chrono trigger - jet bike special (japan) (bs).bs" size="262144" crc="8e150196" sha1="c9110bf2c6660c934f6540d800751171573c5788" />
	</machine>
	<machine name="bsctrigm">
		<description>Chrono Trigger - Music Library</description>
		<year>199?</year>
		<publisher>&lt;unknown&gt;</publisher>
		<rom name="bsctrigma\chrono trigger - music library (japan).bs" size="524288" crc="027b726b" sha1="a21e00ee5e13722e57abeac58df57f12aacfd63b" />
		<rom name="chrono trigger - music library (japan) (bs).bs" size="524288" crc="f268dc1b" sha1="86c56a950922a93bb9fe52f871b753ba05612f5b" />
	</machine>
	<machine name="bscuonpa">
		<description>Cu-On-Pa SFC</description>
		<year>199?</year>
		<publisher>&lt;unknown&gt;</publisher>
		<rom name="bscuonpaa\cu on pa (bs) (6-15).bs" size="1048576" crc="844fc3dc" sha1="f09dc86eccae64e54ab71cd051e9cdcd77edaeac" />
		<rom name="bscuonpab\cu-on-pa sfc (japan).bs" size="1048576" crc="5f31e1d8" sha1="b09b45a7c2cb4ab50b5c364bb989e90caa036629" />
		<rom name="cu-on-pa sfc (japan) (bs).bs" size="1048576" crc="56b93366" sha1="bb39fc3316e9bf9f73fca7ef7fe2f2d2f0f5d9a1" />
	</machine>
	<machine name="bsdaibak">
		<description>Daibakushou Jinsei Gekijou</description>
		<year>199?</year>
		<publisher>&lt;unknown&gt;</publisher>
		<rom name="bsdaibaka\daibakushou jinsei gekijou (japan).bs" size="1048576" crc="93c4df65" sha1="07a873bb6753694e9914a270b760f810efc04525" />
		<rom name="daibakushou jinsei gekijou (japan) (bs).bs" size="1048576" crc="5eb7a3e5" sha1="c6dc571a70553701d2d9758544ce2d55bb4ed820" />
	</machine>
	<machine name="bsdandng">
		<description>Dandan Belt Conveyor - Gyuunyuu no Maki</description>
		<year>199?</year>
		<publisher>&lt;unknown&gt;</publisher>
		<rom name="bsdandnga\dandan belt conveyor - gyuunyuu no maki (japan).bs" size="1048576" crc="380c8c79" sha1="343e5607d62d7962a04c090cd003495fc344deee" />
		<rom name="dandan belt conveyor - gyuunyuu no maki (japan) (bs).bs" size="1048576" crc="e009dbf8" sha1="65bfb22db870a290673276ac1324242868d64a8b" />
	</machine>
	<machine name="bsdezamn">
		<description>Dezaemon BSX Version - BS-X Shooting</description>
		<year>199?</year>
		<publisher>&lt;unknown&gt;</publisher>
		<rom name="dezaemon bsx version - bs-x shooting.bs" size="1048576" crc="5a9be5a8" sha1="e52d59e800c17c678711a681d3308f0804c238e0" />
	</machine>
	<machine name="bsdigim1">
		<description>Digital Magazine Busters BS - 4/12 Gou</description>
		<year>199?</year>
		<publisher>&lt;unknown&gt;</publisher>
		<rom name="bsdigim1a\digital magazine busters bs - 4-12 gou (japan).bs" size="1048576" crc="1976866a" sha1="98bd19065df8b65268e61457acb306f96b531a7e" />
		<rom name="digital magazine busters bs - 4-12 gou (japan) (bs).bs" size="1048576" crc="97055733" sha1="ab8f877237b5e3944d3abd956ad9356ec696ba82" />
	</machine>
	<machine name="bsdigim2">
		<description>Digital Magazine Busters BS - 5/10 Gou</description>
		<year>199?</year>
		<publisher>&lt;unknown&gt;</publisher>
		<rom name="bsdigim2a\digital magazine busters bs - 5-10 gou (japan).bs" size="1048576" crc="3f3f4608" sha1="61f225571e547ca9ed6c523babe1476d5f0e3e68" />
		<rom name="digital magazine busters bs - 5-10 gou (japan) (bs).bs" size="1048576" crc="d514bde6" sha1="69c501a457eb7931a5c47c04badaad88d806b4f7" />
	</machine>
	<machine name="bsdigim3">
		<description>Digital Magazine Busters BS - 5/24 Gou</description>
		<year>199?</year>
		<publisher>&lt;unknown&gt;</publisher>
		<rom name="bsdigim3a\digital magazine busters bs - 5-24 gou (japan).bs" size="1048576" crc="8e8f27e9" sha1="7161e77985a6c21edcf7a2ea319ef83054e9cf74" />
		<rom name="bsdigim4a\digital magazine busters bs - 8-23 gou (japan).bs" size="1048576" crc="6f7f6c5d" sha1="9c0b854ff8f63a548d5e694461444a1eae77a418" />
		<rom name="digital magazine busters bs - 5-24 gou (japan) (bs).bs" size="1048576" crc="ee658393" sha1="7f08357411b2c75806f5727e38774848b80e59b3" />
	</machine>
	<machine name="bsdigim4">
		<description>Digital Magazine Busters BS - 8/23 Gou</description>
		<year>199?</year>
		<publisher>&lt;unknown&gt;</publisher>
		<rom name="digital magazine busters bs - 8-23 gou (japan) (bs).bs" size="1048576" crc="c8659b56" sha1="0fc7f09ecabc30d5b7bb74234f57a73f2d058cca" />
	</machine>
	<machine name="bsdokap4">
		<description>Kessen! Dokapon Oukoku IV - Densetsu no Yuusha-tachi</description>
		<year>199?</year>
		<publisher>&lt;unknown&gt;</publisher>
		<rom name="kessen dokapon oukoku iv - densetsu no yuusha-tachi (bs).bs" size="1048576" crc="e6a2e0d8" sha1="a40d9dedeff858fca2a549fadb2cbe7f0a84fc44" status="baddump" />
	</machine>
	<machine name="bsdokapg">
		<description>Dokapon Gaiden - Honoo no Audition</description>
		<year>199?</year>
		<publisher>&lt;unknown&gt;</publisher>
		<rom name="bsdokapga\dokapon gaiden - honoo no audition (japan).bs" size="1048576" crc="09457f9e" sha1="cda1ae3c721ff0fd94f9b321becfbe90cb4c0910" />
		<rom name="dokapon gaiden - honoo no audition (japan) (bs).bs" size="1048576" crc="c436031e" sha1="ef350fbcb1c43e970742552c29ea48d68ba445e8" />
	</machine>
	<machine name="bsdoki">
		<description>Konae-chan no Dokidoki Penguin Kazoku</description>
		<year>199?</year>
		<publisher>&lt;unknown&gt;</publisher>
		<rom name="bsdoki1\bs konae chan no dokidoki pengin kazoku (japan) (alt).bs" size="262144" crc="33cb8a80" sha1="9c2500e5ab9c46cd32a6366fcb3df811888191b4" />
		<rom name="konae-chan no dokidoki penguin kazoku (japan).bs" size="262144" crc="218b11f8" sha1="6193ad723ba3d2434bfe8fc70a593d1eabe821de" />
	</machine>
	<machine name="bsdorm2a">
		<description>Do-Re-Mi de Faa 2~! - 5/10 Gou</description>
		<year>199?</year>
		<publisher>&lt;unknown&gt;</publisher>
		<rom name="bsdorm2aa\do-re-mi de faa 2~ - 5-10 gou (japan).bs" size="1048576" crc="25401316" sha1="1c25723597a55ab94cf7289cf36b6b8941a3d5ab" />
		<rom name="do-re-mi de faa 2~ - 5-10 gou (japan) (bs).bs" size="1048576" crc="cf6be8f8" sha1="17297d5c3ea572438efef2861de6de458910949f" />
	</machine>
	<machine name="bsdorm2b">
		<description>Do-Re-Mi de Faa 2~! - 5/25 Gou</description>
		<year>199?</year>
		<publisher>&lt;unknown&gt;</publisher>
		<rom name="bsdorm2ba\do-re-mi de faa 2~ - 5-25 gou (japan).bs" size="1048576" crc="f8b048f5" sha1="d9af942b657a0ab2fd9979a708e10f4c3e75fcab" />
		<rom name="do-re-mi de faa 2~ - 5-25 gou (japan) (bs).bs" size="1048576" crc="985aec8f" sha1="3541281ada66b8117e29442111edad325395b7f3" />
	</machine>
	<machine name="bsdormf">
		<description>Do-Re-Mi de Faa! Vol. 6 - 5/4</description>
		<year>199?</year>
		<publisher>&lt;unknown&gt;</publisher>
		<rom name="do-re-mi de faa vol. 6 - 5-4 (japan).bs" size="524288" crc="0849123e" sha1="13beba44f974c4b4139a6303b14c0a5239156a02" />
	</machine>
	<machine name="bsdrmrio">
		<description>Dr. Mario</description>
		<year>199?</year>
		<publisher>&lt;unknown&gt;</publisher>
		<rom name="bsdrmrioa\dr mario (a).bs" size="1048576" crc="982ebefa" sha1="f6984247ae77e12e5e6b6908a7089df4c96e8a4b" status="baddump" />
		<rom name="bsdrmriob\dar mario 2.bs" size="1048576" crc="74b4e8c9" sha1="438f4f76afbc5cf0466e3045611317c3dbe7e3ac" status="baddump" />
		<rom name="bsdrmrioc\dr. mario (japan).bs" size="1048576" crc="6ea452a4" sha1="9cf6c9b5c6d4e7c33bf040b058c9baf760bb44e9" />
		<rom name="dr mario.bs" size="1048576" crc="ef158e29" sha1="b622a55e36cc07c1fcf6ebb0833d62648ed53fcf" status="baddump" />
	</machine>
	<machine name="bsdslayr">
		<description>Dragon Slayer - Eiyuu Densetsu</description>
		<year>199?</year>
		<publisher>&lt;unknown&gt;</publisher>
		<rom name="bsdslayra\dragon slayer - eiyuu densetsu (japan).bs" size="1048576" crc="a6fc28cb" sha1="b9fc80d0e9fc92594669dbbb0e1970b40c36b55f" />
		<rom name="dragon slayer - eiyuu densetsu (japan) (bs).bs" size="1048576" crc="cacbeb09" sha1="a0f2e265375c17981f601cb3c9ff8ea16cfbc6e1" />
	</machine>
	<machine name="bsexbik1">
		<description>Excitebike - Bunbun Mario Battle - Stadium 1</description>
		<year>199?</year>
		<publisher>&lt;unknown&gt;</publisher>
		<rom name="bsexbik1a\bad_bs_excitebike_dump(alt_data_maybe).bs" size="1048576" crc="499fd328" sha1="0b43ca399fe2ddcaf8fae1ba4d1de4e7a625c575" status="baddump" />
		<rom name="bsexbik1ah\bad bs excitebike hack.bs" size="1048576" crc="da9ffb05" sha1="ae181856ffe726f870cd1e9008bf2b00229bf7cd" status="baddump" />
		<rom name="bsexbik1b\excitebike - bunbun mario battle - stadium 1 (japan).bs" size="1048576" crc="cf37df6c" sha1="8cb5406e7c136ea8779f793f052c60cfcdfa024a" />
		<rom name="excitebike - bunbun mario battle - stadium 1 (japan) (bs soundlink).bs" size="1048576" crc="6e6d087c" sha1="c65ccf7c0766b8eb9b8d0d2de339021d5217027f" />
	</machine>
	<machine name="bsexbik2">
		<description>Excitebike - Bunbun Mario Battle - Stadium 2</description>
		<year>199?</year>
		<publisher>&lt;unknown&gt;</publisher>
		<rom name="bsexbik2a\excitebike - bunbun mario battle - stadium 2 (japan).bs" size="1048576" crc="3576a0a9" sha1="127a8e792f377c368f73ae002bc81f9aa464893b" />
		<rom name="excitebike - bunbun mario battle - stadium 2 (japan) (bs soundlink).bs" size="1048576" crc="ff355121" sha1="964ffe8fdd80f194f076ad066f5c22314a8343b8" />
	</machine>
	<machine name="bsexbik3">
		<description>Excitebike - Bunbun Mario Battle - Stadium 3 (19980111 - 19980117)</description>
		<year>199?</year>
		<publisher>&lt;unknown&gt;</publisher>
		<rom name="bsexbik3a\excitebike - bunbun mario battle - stadium 3 (japan) (xxxx-02-08) (bs soundlink).bs" size="1048576" crc="3250dd13" sha1="c64e0328293058f23027c8c0094c48865f5b7a7f" />
		<rom name="bsexbik3b\excitebike - bunbun mario battle - stadium 3 (japan) (1998-01-11 - 1998-01-17).bs" size="1048576" crc="763c2ee4" sha1="7c0a2963d7767c254a132814eb9dcb00f148350e" />
		<rom name="bsexbik3c\excitebike - bunbun mario battle - stadium 3 (japan) (xxxx-02-08).bs" size="1048576" crc="e5206656" sha1="23663ef5bc1b7098ab230856fa96ea18ff4ec4a7" />
		<rom name="excitebike - bunbun mario battle - stadium 3 (japan) (1998-01-11 - 1998-01-17) (bs soundlink) [b].bs" size="1048576" crc="32d71227" sha1="7bbfad9261c43ff0c10b8b91bd93e19be6b83428" />
	</machine>
	<machine name="bsexbik4">
		<description>Excitebike - Bunbun Mario Battle - Stadium 4</description>
		<year>199?</year>
		<publisher>&lt;unknown&gt;</publisher>
		<rom name="bsexbik4a\excitebike - bunbun mario battle - stadium 4 (japan).bs" size="1048576" crc="c9a77643" sha1="27a22ed0b6219c29bcf4a5475e2156607ebf4f1d" />
		<rom name="excitebike - bunbun mario battle - stadium 4 (japan) (bs soundlink).bs" size="1048576" crc="c747fc3b" sha1="deaca5600afa6f2698f688cceab26efb39d58bfc" />
	</machine>
	<machine name="bsfami">
		<description>BS Famitsu Magazine Karara Ban 4/27</description>
		<year>199?</year>
		<publisher>&lt;unknown&gt;</publisher>
		<rom name="weekly famitsu express 4-27.bs" size="524288" crc="d8bc7bea" sha1="57c14d389b216b01616caad704a998d7d03dc155" />
	</machine>
	<machine name="bsfamwar">
		<description>Super Famicom Wars - BS Ban - Tsukinowajima</description>
		<year>199?</year>
		<publisher>&lt;unknown&gt;</publisher>
		<rom name="bsfamwara\super famicom wars - bs ban - tsukinowajima (japan).bs" size="1048576" crc="00513e71" sha1="3cdd2685ac91be55fb16f41a671af6c81a61f26a" />
		<rom name="super famicom wars - bs ban - tsukinowa-jima (japan) (bs).bs" size="1048576" crc="53909dc4" sha1="cc358a40de93a8cc10a5eae45e21e2e832b59bc0" />
	</machine>
	<machine name="bsfirem1">
		<description>BS Fire Emblem - Akaneia Senki Hen - Dai-1-wa - Palace Kanraku</description>
		<year>199?</year>
		<publisher>&lt;unknown&gt;</publisher>
		<rom name="bsfirem1a\bs fire emblem - akaneia senki hen - dai-1-wa - palace kanraku (r) (9-29).bs" size="1048576" crc="2bcdf855" sha1="da2c02ff04d454a183c9e07df5323adfe0961ce8" />
		<rom name="bsfirem1b\bs fire emblem - akaneia senki hen - dai-1-wa - palace kanraku (japan).bs" size="1048576" crc="14915411" sha1="0b22231d4d4a18183d5b8ce90510efab6456ca3d" />
		<rom name="bs fire emblem - akaneia senki hen - dai-1-wa - palace kanraku (japan) (bs soundlink).bs" size="1048576" crc="d42ea2e0" sha1="f279a35711fe3118234c1c114d2733dd12af88c3" />
	</machine>
	<machine name="bsfirem2">
		<description>BS Fire Emblem - Akaneia Senki Hen - Dai-2-wa - Akai Ryuu Kishi</description>
		<year>199?</year>
		<publisher>&lt;unknown&gt;</publisher>
		<rom name="bsfirem2a\bs fire emblem - akaneia senki hen - dai-2-wa - akai ryuu kishi (japan).bs" size="1048576" crc="bb73aadf" sha1="e400fe6080809fd4909091f9af42ae5413b8415f" />
		<rom name="bs fire emblem - akaneia senki hen - dai-2-wa - akai ryuu kishi (japan) (bs soundlink).bs" size="1048576" crc="fcaafe47" sha1="2fe5509dcff4c50d3d355172c31a6906956c6a64" />
	</machine>
	<machine name="bsfirem3">
		<description>BS Fire Emblem - Akaneia Senki Hen - Dai-3-wa - Seigi no Touzokudan</description>
		<year>199?</year>
		<publisher>&lt;unknown&gt;</publisher>
		<rom name="bsfirem3a\bs fire emblem - akaneia senki hen - dai-3-wa - seigi no touzokudan (japan).bs" size="1048576" crc="4ac9d49c" sha1="5e0996433e0384d7d209a9e11a7671ff4dea9cf1" />
		<rom name="bs fire emblem - akaneia senki hen - dai-3-wa - seigi no touzokudan (japan) (bs soundlink).bs" size="1048576" crc="3d3eb686" sha1="8d45cca2711f43e5877e4a45d9291d2cb774f00a" />
	</machine>
	<machine name="bsfirem4">
		<description>BS Fire Emblem - Akaneia Senki Hen - Dai-4-wa - Hajimari no Toki</description>
		<year>199?</year>
		<publisher>&lt;unknown&gt;</publisher>
		<rom name="bsfirem4a\bs fire emblem akanea senki hen dai-4-wa - hajimari no toki.bs" size="1048576" crc="6ca61c7b" sha1="186b3631067b82f81d2bc23e3080709eaaf3dd2f" status="baddump" />
		<rom name="bsfirem4b\bs fire emblem - akaneia senki hen - dai-4-wa - hajimari no toki (japan).bs" size="1048576" crc="0b4b6c1f" sha1="3b0568bb44e3ac728fe4723c6d2e2de1ee8f7bb4" />
		<rom name="bs fire emblem - akaneia senki hen - dai-4-wa - hajimari no toki (japan) (bs soundlink).bs" size="1048576" crc="f5c19c84" sha1="e02963097da96d80c278513bed6ee49b5e508c99" />
	</machine>
	<machine name="bsfiremn">
		<description>The Firemen</description>
		<year>199?</year>
		<publisher>&lt;unknown&gt;</publisher>
		<rom name="firemen, the (japan).bs" size="1048576" crc="927ba7c2" sha1="90f419d52667201097edc0928f0853f55ecf83cd" />
	</machine>
	<machine name="bsfreud1">
		<description>Freud no Chousenjou - Dai-1-gou</description>
		<year>199?</year>
		<publisher>&lt;unknown&gt;</publisher>
		<rom name="bsfreud1a\freud no chousenjou - dai-1-gou (japan).bs" size="1048576" crc="8d78d0d7" sha1="08cdc6e6915baea5f8e4f5c393798e5364d8c5df" />
		<rom name="freud no chousenjou - dai-1-gou (japan) (bs).bs" size="1048576" crc="67532b39" sha1="db77b314257b73fab01987fa6ff47b93b8f0f450" />
	</machine>
	<machine name="bsfreud2">
		<description>Freud no Chousenjou - Dai-2-gou</description>
		<year>199?</year>
		<publisher>&lt;unknown&gt;</publisher>
		<rom name="bsfreud2a\freud no chousenjou - dai-2-gou (japan).bs" size="1048576" crc="c99282d6" sha1="d7da2c9c9520a5368d6d4ea2d99e645b7a0c391a" />
		<rom name="freud no chousenjou - dai-2-gou (japan) (bs).bs" size="1048576" crc="5ef4bc8c" sha1="e5273eff73ec81068d3ed04205f8d8763198ee43" />
	</machine>
	<machine name="bsfreud3">
		<description>Freud no Chousenjou - Dai-3-gou</description>
		<year>199?</year>
		<publisher>&lt;unknown&gt;</publisher>
		<rom name="bsfreud3a\freud no chousenjou - dai-3-gou (japan).bs" size="1048576" crc="f938ebc3" sha1="b867361b9e4655adfb7ad8853700c107de766924" />
		<rom name="freud no chousenjou - dai-3-gou (japan) (bs).bs" size="1048576" crc="99d24fb9" sha1="466c5341b6e227388882ff532f137e09715b74dc" />
	</machine>
	<machine name="bsfreud4">
		<description>Freud no Chousenjou - Dai-4-gou</description>
		<year>199?</year>
		<publisher>&lt;unknown&gt;</publisher>
		<rom name="bsfreud4a\freud no chousenjou - dai-4-gou (japan).bs" size="1048576" crc="12e3a8ee" sha1="79d600d9548e376cc29fbfb5f1216d7c68e0c013" />
		<rom name="freud no chousenjou - dai-4-gou (japan) (bs).bs" size="1048576" crc="7a663c48" sha1="95128825dfd2348c132b318981be369647f3e4d7" />
	</machine>
	<machine name="bsfreud5">
		<description>Freud no Chousenjou - Dai-5-gou</description>
		<year>199?</year>
		<publisher>&lt;unknown&gt;</publisher>
		<rom name="bsfreud5a\freud no chousenjou - dai-5-gou (japan).bs" size="1048576" crc="4d0af6f3" sha1="6f6daf1946ec21140398b18cb1b5b320fcb558be" />
		<rom name="freud no chousenjou - dai-5-gou (japan) (bs).bs" size="1048576" crc="d203f875" sha1="920ed4a83ab8ac043bba654cd358738768fb722d" />
	</machine>
	<machine name="bsfreud6">
		<description>Freud no Chousenjou - Dai-6-gou</description>
		<year>199?</year>
		<publisher>&lt;unknown&gt;</publisher>
		<rom name="bsfreud6a\freud no chousenjou - dai-6-gou (japan).bs" size="1048576" crc="167f3ab1" sha1="a4f6ccffd38c02354d746503150438a5b132379e" />
		<rom name="freud no chousenjou - dai-6-gou (japan) (bs).bs" size="1048576" crc="af5a6613" sha1="46e840afe2623b763af1c2a19a9c020f0c6ea3fc" />
	</machine>
	<machine name="bsfuura2">
		<description>BS Fuurai no Shiren - Surara wo Sukue! - Dai-2-shuu (0523)</description>
		<year>199?</year>
		<publisher>&lt;unknown&gt;</publisher>
		<rom name="bs fuurai no shiren - surara o sukue - dai-2-shuu (japan).bs" size="1048576" crc="882bf819" sha1="dfdd964e323e677fcc3e3807fff8c98ee3aca4b4" />
	</machine>
	<machine name="bsfuura4">
		<description>BS Fuurai no Shiren - Surara wo Sukue! - Dai-4-shuu (0523?)</description>
		<year>199?</year>
		<publisher>&lt;unknown&gt;</publisher>
		<rom name="bs fuurai no shiren - surura wo sukue dai-4-wa.bs" size="1048576" crc="03f9394d" sha1="a08fb18c3ae0b624653cc8d373e86cfedc1a5bd8" status="baddump" />
	</machine>
	<machine name="bsfzero1">
		<description>BS F-Zero Grand Prix - Knight League - Dai-1-shuu</description>
		<year>199?</year>
		<publisher>&lt;unknown&gt;</publisher>
		<rom name="bsfzero1a\bs f-zero grand prix - knight league - dai-1-shuu (japan).bs" size="1048576" crc="dbacf9f0" sha1="c5197d43eb637e537ad358f7b2aa01fb6acb774a" />
		<rom name="bs f-zero grand prix - dai-1-shuu - knight league (japan) (bs soundlink).bs" size="1048576" crc="83034d82" sha1="d8940f36d2a8f8a12154ca9ca7575217477c0c9e" />
	</machine>
	<machine name="bsfzero2">
		<description>BS F-Zero Grand Prix - Queen League - Dai-2-shuu</description>
		<year>199?</year>
		<publisher>&lt;unknown&gt;</publisher>
		<rom name="bsfzero2a\bs f-zero grand prix - queen league - dai-2-shuu (japan).bs" size="1048576" crc="ee6c9473" sha1="15050b25916eb39caf16b5f4cc3e391693251580" />
		<rom name="bs f-zero grand prix - dai-2-shuu - queen league (japan) (bs soundlink).bs" size="1048576" crc="d81b85d7" sha1="2201a4bbc06f7880267aab2a05bfc41032394b46" />
	</machine>
	<machine name="bsfzero3">
		<description>BS F-Zero Grand Prix - King League - Dai-3-shuu</description>
		<year>199?</year>
		<publisher>&lt;unknown&gt;</publisher>
		<rom name="bsfzero3a\bs f-zero grand prix - king league - dai-3-shuu (japan).bs" size="1048576" crc="f75713db" sha1="72ce3866ce9b7edd856515b033a69ad6fa3d96ba" />
		<rom name="bs f-zero grand prix - dai-3-shuu - king league (japan) (bs soundlink).bs" size="1048576" crc="8fcc8355" sha1="7177d26581c4e23814cdb05a2867bde723a72e6a" />
	</machine>
	<machine name="bsfzero4">
		<description>BS F-Zero Grand Prix - Ace League - Dai-4-shuu</description>
		<year>199?</year>
		<publisher>&lt;unknown&gt;</publisher>
		<rom name="bsfzero4a\bs f-zero grand prix - ace league - dai-4-shuu (japan).bs" size="1048576" crc="f57d28dc" sha1="2c29ebf2fece378fc4d1186d0b60fdb6db3beef0" />
		<rom name="bs f-zero grand prix - dai-4-shuu - ace league (japan) (bs soundlink).bs" size="1048576" crc="7442ad93" sha1="a7e2b57b13b86093d94ae5f09ec618177171d919" />
	</machine>
	<machine name="bsfzgp2">
		<description>BS F-Zero Grand Prix 2 - Practice</description>
		<year>199?</year>
		<publisher>&lt;unknown&gt;</publisher>
		<rom name="bsfzgp2a\bs f-zero grand prix 2 practice.bs" size="1048576" crc="14756b56" sha1="78aef2f69c972e86cd20324ac888558eb9e2f70e" status="baddump" />
		<rom name="bsfzgp2b\bs f-zero grand prix 2 - practice (japan).bs" size="1048576" crc="c4808858" sha1="881ef90e6dca67895a6096db20c5cea13de13baa" />
		<rom name="bsfzgp2c\zero2.bs" size="1048576" crc="3d31659d" sha1="ee3aaf2975ab383768ab88cdb7d7beddf64ddc34" />
		<rom name="bs f-zero grand prix 2 - practice (japan) (bs).bs" size="1048576" crc="57b1c3ed" sha1="cd7a87f884f436494b5c910581eed6086d041336" />
	</machine>
	<machine name="bsgalb5">
		<description>Gal Kan Bazooka Dai-5-Kan</description>
		<year>199?</year>
		<publisher>&lt;unknown&gt;</publisher>
		<rom name="gal kan bazooka dai-5-kan.bs" size="1048576" crc="38762b6b" sha1="382154ea2304618a2f61f57b022ec6c65617348d" />
	</machine>
	<machine name="bsgamb19">
		<description>Gambler Jikochuushinha 2 - Dorapon Quest (1219)</description>
		<year>199?</year>
		<publisher>&lt;unknown&gt;</publisher>
		<rom name="gambler jiko chuushinha 2 - dorapon quest (bs) (japan) (dec 19).bs" size="1048576" crc="11b8e93a" sha1="10ed890794c969654fccc8b15e92d4cef5d13382" />
	</machine>
	<machine name="bsgamb20">
		<description>Gambler Jikochuushinha 2 - Dorapon Quest (1220)</description>
		<year>199?</year>
		<publisher>&lt;unknown&gt;</publisher>
		<rom name="gambler jiko chuushinha 2 - dorapon quest (bs) (japan) (dec 20).bs" size="1048576" crc="f9e8a8ee" sha1="a4999b026cd05ae71b6f0a8ede1ce1bf86215d08" />
	</machine>
	<machine name="bsgekkct">
		<description>Gekkan Coin Toss - Deck 1</description>
		<year>199?</year>
		<publisher>&lt;unknown&gt;</publisher>
		<rom name="bsgekkcta\gekkan coin toss - deck 1 (japan).bs" size="1048576" crc="d2d7c3e5" sha1="75a9d2a75e66f73e5b25f4bed800d73f0e33f67e" />
		<rom name="gekkan coin toss - deck 1 (japan) (bs).bs" size="1048576" crc="5ca412bc" sha1="3f0b1a4cbe68aa13a452dac8cec532545e25b617" />
	</machine>
	<machine name="bsgoodp3">
		<description>GoodsPress - 3 Gatsugou</description>
		<year>199?</year>
		<publisher>&lt;unknown&gt;</publisher>
		<rom name="bsgoodp3a\goodspress - 3 gatsugou (japan).bs" size="1048576" crc="e328adee" sha1="11228f9c890f64a844a1277d5c945683f08453ac" />
		<rom name="goodspress - 3 gatsugou (japan) (bs).bs" size="1048576" crc="28cb7863" sha1="8298d67662d95d016caa4a84a94bcbaa69856621" />
	</machine>
	<machine name="bsgoodp6">
		<description>GoodsPress - 6 Gatsugou</description>
		<year>199?</year>
		<publisher>&lt;unknown&gt;</publisher>
		<rom name="bsgoodp6a\goodspress - 6 gatsugou (japan).bs" size="524288" crc="fba1273b" sha1="9e2620f76a2b68036140cd265c27b116daf7853a" />
		<rom name="goodspress - 6 gatsugou (japan) (bs).bs" size="524288" crc="030c1ad5" sha1="ff293a92cf64451c2f0e10bf388b3e97b2702a10" />
	</machine>
	<machine name="bsgoodp7">
		<description>GoodsPress - 7 Gatsugou</description>
		<year>199?</year>
		<publisher>&lt;unknown&gt;</publisher>
		<rom name="bsgoodp7a\goodspress - 7 gatsugou (japan).bs" size="1048576" crc="83611a0c" sha1="ed401c2d6e77292567f9fc58570cc2ced4caf512" />
		<rom name="goodspress - 7 gatsugou (japan) (bs).bs" size="1048576" crc="16a6c451" sha1="309421044b3500cdbe4f0757441968e4317f8987" />
	</machine>
	<machine name="bsgunjn">
		<description>Heisei Gunjin Shougi</description>
		<year>199?</year>
		<publisher>&lt;unknown&gt;</publisher>
		<rom name="bsgunjna\heisei gunjin shougi (japan).bs" size="524288" crc="63f948db" sha1="dd3cff98cd69168f1a6c5dcef7940b6dc9172dd3" />
		<rom name="heisei gunjin shougi (japan) (bs).bs" size="524288" crc="b8b4e75a" sha1="b9a5bd489a8abc38a6d178f5552d4ede3e0dd9e4" />
	</machine>
	<machine name="bshp517">
		<description>BS Nintendo HP - 5/17 Gou</description>
		<year>199?</year>
		<publisher>&lt;unknown&gt;</publisher>
		<rom name="bshp517a\bs nintendo hp - 5-17 gou (japan).bs" size="1048576" crc="768f50f4" sha1="cb1c842f74eb3869e765feb196644708987ff051" />
		<rom name="bs nintendo hp - 5-17 gou (japan) (bs).bs" size="1048576" crc="9ca4ab1a" sha1="0b9c13066a6745d5c5ed2b452df1f288b4663a7a" />
	</machine>
	<machine name="bshp531">
		<description>BS Nintendo HP - 5/31 Gou</description>
		<year>199?</year>
		<publisher>&lt;unknown&gt;</publisher>
		<rom name="bshp531a\bs nintendo hp - 5-31 gou (japan).bs" size="1048576" crc="c9b05ce4" sha1="71642ccce9f133e4566c36b64e098b1db737ad0c" />
		<rom name="bs nintendo hp - 5-31 gou (japan) (bs).bs" size="1048576" crc="a95af89e" sha1="18245217bee4cbbe5889420ff4735b935de660b1" />
	</machine>
	<machine name="bsikariy">
		<description>Ikari no Yousai</description>
		<year>199?</year>
		<publisher>&lt;unknown&gt;</publisher>
		<rom name="bsikariya\ikari no yousai (japan).bs" size="1048576" crc="c69a81ea" sha1="f7123f96292398380f75b67c70c242fa58f21dd5" />
		<rom name="ikari no yousai (japan) (bs).bs" size="1048576" crc="721bc7ca" sha1="6954a0f3979869f5ae322e51d9d90cfc6d341f2f" />
	</machine>
	<machine name="bskan3c">
		<description>Kanaderu Convert 3c</description>
		<year>199?</year>
		<publisher>&lt;unknown&gt;</publisher>
		<rom name="kandu convert3c.bs" size="65536" crc="942960c2" sha1="ed482b950224dac0a0e60c267da23fbfe651da36" />
	</machine>
	<machine name="bskan3">
		<description>Kanaderu Convert 3</description>
		<year>199?</year>
		<publisher>&lt;unknown&gt;</publisher>
		<rom name="kandu convert3.bs" size="1048576" crc="cf34fc63" sha1="7dd73150a5426aa1a3db202b3348069e064a09ea" />
	</machine>
	<machine name="bskan4">
		<description>Kanaderu Convert 4</description>
		<year>199?</year>
		<publisher>&lt;unknown&gt;</publisher>
		<rom name="kandu convert4.bs" size="1048576" crc="f4320a56" sha1="472b55f33a1765c6295466365de052caa7d870c8" />
	</machine>
	<machine name="bskanrpg">
		<description>Kanaderu Convert RPG Maker Data</description>
		<year>199?</year>
		<publisher>&lt;unknown&gt;</publisher>
		<rom name="kandu convert rpg maker data.bs" size="1048576" crc="654657c0" sha1="4b945ba2602791a155511bcacc1eff8c88166991" />
	</machine>
	<machine name="bskodom1">
		<description>Kodomo Chousadan Mighty Pockets - ChoUSA 1 - Junk-ya Black no Ie</description>
		<year>199?</year>
		<publisher>&lt;unknown&gt;</publisher>
		<rom name="kodomo chousadan mighty pockets - chousa 1 - junk-ya black no ie (japan).bs" size="1048576" crc="85ebb7cc" sha1="cc81070dd4c7b6a527eab5ecc65a1c1433eebe5f" />
	</machine>
	<machine name="bskodom2">
		<description>Kodomo Chousadan Mighty Pockets - ChoUSA 2 - Hanzai Toshi Big Apple</description>
		<year>199?</year>
		<publisher>&lt;unknown&gt;</publisher>
		<rom name="kodomo chousadan mighty pockets - chousa 2 - hanzai toshi big apple (japan).bs" size="1048576" crc="188c9acb" sha1="408ac8d9c78dad14f109562fbd3149fe0114fc57" />
	</machine>
	<machine name="bskodom3">
		<description>Kodomo Chousadan Mighty Pockets - ChoUSA 3 - Kyakusen Queen Patra no Nazo</description>
		<year>199?</year>
		<publisher>&lt;unknown&gt;</publisher>
		<rom name="bskodom3a\kodomo chousadan mighty pockets - chousa 3 - kyakusen queen patra no nazo (japan).bs" size="1048576" crc="35634c30" sha1="fc222418dba4730ef5f49a6621f9b3addff8c6ad" />
		<rom name="kodomo chousadan mighty pockets - chousa 3 - kyakusen queen patra no nazo (japan) (bs soundlink).bs" size="1048576" crc="9910c393" sha1="fa2e11824be66b7967899cefc76ee65f8bd82340" />
	</machine>
	<machine name="bslemmin">
		<description>Lemmings</description>
		<year>199?</year>
		<publisher>&lt;unknown&gt;</publisher>
		<rom name="lemmings (bs).bs" size="1048576" crc="25e19b04" sha1="16d31b379d3aa212b9b0d2235b41e85c35aad7bc" status="baddump" />
	</machine>
	<machine name="bsmachi">
		<description>Machi Magazine</description>
		<year>1995?</year>
		<publisher>&lt;unknown&gt;</publisher>
		<rom name="bsmachih\machi magazine (header fix prepatched).bs" size="262144" crc="eda14445" sha1="f351b8593e587e7a264dd60cdf3713598289f5b5" />
		<rom name="machi magazine (d).bs" size="1048576" crc="0e6c76e6" sha1="ca291cb350f69660ebc054906d05408ffef75b8d" />
	</machine>
	<machine name="bsmaria">
		<description>Maria - Part 1</description>
		<year>199?</year>
		<publisher>&lt;unknown&gt;</publisher>
		<rom name="maria - part 1 (bs).bs" size="1048576" crc="c406562f" sha1="52eadd827bdba497bc2b0dc10ccfec4abebc8c0f" status="baddump" />
	</machine>
	<machine name="bsmarpnt">
		<description>Mario Paint - BS Ban</description>
		<year>199?</year>
		<publisher>&lt;unknown&gt;</publisher>
		<rom name="bsmarpnta\mario paint - bs ban (japan).bs" size="1048576" crc="4049e234" sha1="3a74179a49e433b7f743b37e84faee96399306e7" />
		<rom name="mario paint - bs ban (japan) (bs).bs" size="1048576" crc="38830419" sha1="a577620b938725ad578a997b095f974c156ec54a" />
	</machine>
	<machine name="bsmarpny">
		<description>Mario Paint - Yuushou Naizou Ban</description>
		<year>199?</year>
		<publisher>&lt;unknown&gt;</publisher>
		<rom name="bsmarpnya\mario paint - yuushou naizou ban (japan).bs" size="1048576" crc="91cae9e2" sha1="5e8363db63c245fd7ed6f64b1a105dc808f9ce55" />
		<rom name="mario paint - yuushou naizou ban (japan) (bs).bs" size="1048576" crc="d521d521" sha1="9007790195990a0495a68bc9bcecf5f5bcae50f8" />
	</machine>
	<machine name="bsmonop2">
		<description>Monopoly 2 BS - Red Cup</description>
		<year>199?</year>
		<publisher>&lt;unknown&gt;</publisher>
		<rom name="monopoly 2 bs - red cup.bs" size="1048576" crc="9b0a441c" sha1="9ee4160c3d6ffb0e5e3889dc442e9d3263a11c1e" status="baddump" />
	</machine>
	<machine name="bsmonop3">
		<description>Monopoly 2 BS - Yellow Cup</description>
		<year>199?</year>
		<publisher>&lt;unknown&gt;</publisher>
		<rom name="monopoly 2 bs - yellow cup.bs" size="1048576" crc="ed1108b5" sha1="11616e85ec1d7b3c31272f2076e56dfc97e4f3e4" status="baddump" />
	</machine>
	<machine name="bsnazo">
		<description>Super Nazo Puyo - Rulue no Roux</description>
		<year>199?</year>
		<publisher>&lt;unknown&gt;</publisher>
		<rom name="bsnazoa\super nazo puyo (bs) (japan).bs" size="1048576" crc="6b36b2af" sha1="a013f8453c7dbfd228d592340c08161f019d15bd" />
		<rom name="super nazo puyo - rulue no roux (japan) (bs).bs" size="1048576" crc="b9c04215" sha1="7158e6d005266d841523a9bda7bfd4ac97271bc5" />
	</machine>
	<machine name="bsnichic">
		<description>BS Nichibutsu Mahjong - Renshuu Mahjong - Ichimantou</description>
		<year>199?</year>
		<publisher>&lt;unknown&gt;</publisher>
		<rom name="bsnichica\bs nichibutsu mahjong - renshuu mahjong - ichimantou (japan).bs" size="1048576" crc="a0b0e5ca" sha1="67a6db29af61b94c1918daaa77022feca82bb4fe" />
		<rom name="bs nichibutsu mahjong - renshuu mahjong - ichimantou (japan) (bs soundlink).bs" size="1048576" crc="9cde21d5" sha1="2a436742d3ac49c79eda1be3ff74c84579738896" />
	</machine>
	<machine name="bsnichmt">
		<description>BS Nichibutsu Mahjong - Mahjong Taikai</description>
		<year>199?</year>
		<publisher>&lt;unknown&gt;</publisher>
		<rom name="bsnichmta\bs nichibutsu mahjong - mahjong taikai (japan).bs" size="1048576" crc="f10028b1" sha1="9a46696609186336a4cdc380569f01e6af7050ec" />
		<rom name="bs nichibutsu mahjong - mahjong taikai (japan) (bs).bs" size="1048576" crc="3b12af9a" sha1="62e0a317efe57b7cd613a216c097a9cb7d12fe6e" />
	</machine>
	<machine name="bsnichni">
		<description>BS Nichibutsu Mahjong - Renshuu Mahjong - Nimantou</description>
		<year>199?</year>
		<publisher>&lt;unknown&gt;</publisher>
		<rom name="bsnichnia\bs nichibutsu mahjong - renshuu mahjong - nimantou (japan).bs" size="1048576" crc="3cec7861" sha1="57e1a364268ef180ed517e13fea63ee89c607a18" />
		<rom name="bs nichibutsu mahjong - renshuu mahjong - nimantou (japan) (bs soundlink).bs" size="1048576" crc="c56b108e" sha1="ba28d3dee878c11a2a83cde7190730b88885b67e" />
	</machine>
	<machine name="bsninja">
		<description>Super Ninja-kun</description>
		<year>199?</year>
		<publisher>&lt;unknown&gt;</publisher>
		<rom name="bsninjaa\super ninja-kun (japan).bs" size="1048576" crc="bb06514e" sha1="fe69c4d4191387db3cc68d2492a633e3ad426bec" />
		<rom name="super ninja-kun (japan) (bs).bs" size="1048576" crc="52a63ea3" sha1="4db1c6d6822ea88bbbf8da80d5b27ac4e10659ed" />
	</machine>
	<machine name="bsninta2">
		<description>Nintama Rantarou 2</description>
		<year>199?</year>
		<publisher>&lt;unknown&gt;</publisher>
		<rom name="bsninta2a\nintama rantarou 2 (japan).bs" size="1048576" crc="dc9db257" sha1="ac2d779fe97cd01419df0d6ac89443a01d0e7d0f" />
		<rom name="nintama rantarou 2 (japan) (bs).bs" size="1048576" crc="280e9777" sha1="ad0a6c4e1b731a6917f0f4bcb9aca2ddd631d153" />
	</machine>
	<machine name="bsoniga1">
		<description>BS Shin Onigashima - Dai-1-wa - Kataribe no Koya</description>
		<year>199?</year>
		<publisher>&lt;unknown&gt;</publisher>
		<rom name="bsoniga1a\bs shin onigashima - dai-1-wa - kataribe no koya (japan).bs" size="1048576" crc="514eb6c8" sha1="a8c132c0c8323b740603b3b61bcb4082ce473e2a" />
		<rom name="bs shin onigashima - dai-1-wa - kataribe no koya (japan) (bs soundlink).bs" size="1048576" crc="654ec9b9" sha1="f842884cebf7e1fee7f23d7dcacecd7a5b01cc35" />
	</machine>
	<machine name="bsoniga2">
		<description>BS Shin Onigashima - Dai-2-wa - Kataribe no Koya</description>
		<year>199?</year>
		<publisher>&lt;unknown&gt;</publisher>
		<rom name="bsoniga2a\bs shin onigashima - dai-2-wa - kataribe no koya (japan).bs" size="1048576" crc="67a5b7c4" sha1="05403e4829f8481b212864079286cac91d2b7761" />
		<rom name="bs shin onigashima - dai-2-wa - kataribe no koya (japan) (bs soundlink).bs" size="1048576" crc="25317cb6" sha1="a94e9367db4c8af243da85e63142987540e7fb1c" />
	</machine>
	<machine name="bsoniga3">
		<description>BS Shin Onigashima - Dai-3-wa - Kataribe no Koya</description>
		<year>199?</year>
		<publisher>&lt;unknown&gt;</publisher>
		<rom name="bsoniga3a\bs shin onigashima - dai-3-wa - kataribe no koya (japan).bs" size="1048576" crc="abe60813" sha1="1ef184e69a7cb23d2062286cf71af186311393dd" />
		<rom name="bs shin onigashima - dai-3-wa - kataribe no koya (japan) (bs soundlink).bs" size="1048576" crc="a612849d" sha1="c0546cbaf4780df086f7c9a65b06a701bf318991" />
	</machine>
	<machine name="bsoniga4">
		<description>BS Shin Onigashima - Dai-4-wa - Kataribe no Koya</description>
		<year>199?</year>
		<publisher>&lt;unknown&gt;</publisher>
		<rom name="bsoniga4a\bs shin onigashima - dai-4-wa - kataribe no koya (japan).bs" size="1048576" crc="f9ab3b92" sha1="93dd095f3e32e5749663ce5418cc6e194d46b281" />
		<rom name="bs shin onigashima - dai-4-wa - kataribe no koya (japan) (bs soundlink).bs" size="1048576" crc="8fdc1257" sha1="20ed8f6e671b63b022919aa9cb56a116c2078e45" />
	</machine>
	<machine name="bspanepn">
		<description>Panel de Pon - Event '98 (0111)</description>
		<year>199?</year>
		<publisher>&lt;unknown&gt;</publisher>
		<rom name="bspanepna\panel de pon '98 event version (bs) (12-28).bs" size="1048576" crc="720a850c" sha1="cfbefc41406679c8bc906da6ed9db16f46c6beff" />
		<rom name="panel de pon - event '98 (japan).bs" size="1048576" crc="36b0cf6c" sha1="b59061561a3aeac13e46735582f29826e7310141" />
	</machine>
	<machine name="bsparlor">
		<description>BS Parlor! Parlor! - Dai-2-shuu</description>
		<year>199?</year>
		<publisher>&lt;unknown&gt;</publisher>
		<rom name="bsparlora\bs parlor parlor - dai-2-shuu (japan).bs" size="1048576" crc="3ed9a005" sha1="235499d1922646dde43c6aa93f595fc2fa09ed64" />
		<rom name="bs parlor parlor - dai-2-shuu (japan) (bs soundlink).bs" size="1048576" crc="c0f38b87" sha1="12acd209c5bd7875b2e01ad25253f96695c3f1b8" />
	</machine>
	<machine name="bspuyo">
		<description>Puyo Puyo Tsuu BS Ban</description>
		<year>1995</year>
		<publisher>&lt;unknown&gt;</publisher>
		<rom name="puyob.bs" size="1048576" crc="e63ee3b1" sha1="2fa77c709294da3a0ae5a918a574b49302a0bf17" />
	</machine>
	<machine name="bsrg97">
		<description>BS Race Game 97MP</description>
		<year>199?</year>
		<publisher>&lt;unknown&gt;</publisher>
		<rom name="bs race game 97mp (japan) (derby stallion 96 maybe).bs" size="1048576" crc="1c19967c" sha1="9c1dfe24be936943a4b4a7902265942b0b70bf00" />
	</machine>
	<machine name="bsrpgt1">
		<description>BS RPG Tsukuru 2 Data</description>
		<year>199?</year>
		<publisher>&lt;unknown&gt;</publisher>
		<rom name="bsrpgt2\rpg tsukuru 2 data (overwritten bokujo data).bs" size="1048576" crc="80ec9cc0" sha1="7ba6b26f0ec5309ed5ee14e1188891b554ca145e" />
		<rom name="[ikari] rpg tsukuru 2 data (2011-11-17).bs" size="1048576" crc="5561afd6" sha1="f312ff25789507ebbbb6bdc1c74131f91c20145b" />
	</machine>
	<machine name="bssates4">
		<description>Satespo DX Dai-4-Gou</description>
		<year>199?</year>
		<publisher>&lt;unknown&gt;</publisher>
		<rom name="satesupo dx dai-4-gou.bs" size="1048576" crc="8ada2ba7" sha1="6923096cc33296af8e7ce7978457e39a36035fee" />
	</machine>
	<machine name="bssdgn1">
		<description>BS SD Gundam G-Next (Data 0316)</description>
		<year>199?</year>
		<publisher>&lt;unknown&gt;</publisher>
		<rom name="bssdgn2\sd gundam g-next (japan) (data).bs" size="1048576" crc="a94854ad" sha1="f2ec8f76782656134804b1e97c9f186d26da5d08" />
		<rom name="sd gundam g-next data (3-16) (dumped august 2010).bs" size="1048576" crc="2e2ef6c4" sha1="81d2dff2d9e248e00bc7a051e603290f56f20f91" />
	</machine>
	<machine name="bssfpw">
		<description>Super Fire Pro Wrestling</description>
		<year>199?</year>
		<publisher>&lt;unknown&gt;</publisher>
		<rom name="super fire pro wrestling.bs" size="1048576" crc="dfd7b14d" sha1="1ff3eb2cc71abd5a0f00f6ddae24f494273adf28" />
	</machine>
	<machine name="bssgk4">
		<description>Same Game Koma Editor 4</description>
		<year>199?</year>
		<publisher>&lt;unknown&gt;</publisher>
		<rom name="bssgk4h\same game koma editor 4 (fixed).bs" size="1048576" crc="03229190" sha1="c034c016726d51ce5f8675cc97731c9f3b48ddba" status="baddump" />
		<rom name="same game koma editor 4 (data pack)(maybe).bs" size="1048576" crc="d8479c20" sha1="2160f0034c1474d05937d6fdb5af16f4b06bbc4e" />
	</machine>
	<machine name="bsshangh">
		<description>Shanghai - Banri no Choujou</description>
		<year>199?</year>
		<publisher>&lt;unknown&gt;</publisher>
		<rom name="bsshangha\shanghai - banri no choujou (bs).bs" size="1048576" crc="5c95f21c" sha1="82a238519f92dc3174dd3226a1243c69d7f03528" />
		<rom name="bsshanghb\shanghai - banri no choujou (japan).bs" size="1048576" crc="60017697" sha1="94c365cddfa62eea1a56fb7f0dbcd2ad6812ddc8" />
		<rom name="shanghai - banri no choujou (japan) (bs).bs" size="1048576" crc="bd681869" sha1="540796404ffa4a7c0fbcdc0fcf4b4ce0027096c1" />
	</machine>
	<machine name="bssmcol">
		<description>BS Super Mario Collection - Dai-3-shuu</description>
		<year>199?</year>
		<publisher>&lt;unknown&gt;</publisher>
		<rom name="bssmcola\bs super mario collection - dai-3-shuu (japan).bs" size="1048576" crc="a40a3089" sha1="06c58882acf1e62e54cc0c51515448b40f057e6e" />
		<rom name="bs super mario collection - dai-3-shuu (japan) (bs soundlink).bs" size="1048576" crc="81042dab" sha1="dc46efaea7fa27f514aa04f21c82f33db0930f13" />
	</machine>
	<machine name="bssmusa1">
		<description>BS Super Mario USA - Power Challenge - Dai-1-kai</description>
		<year>199?</year>
		<publisher>&lt;unknown&gt;</publisher>
		<rom name="bssmusa1a\bs super mario usa - power challenge - dai-1-kai (japan).bs" size="1048576" crc="8f85a235" sha1="07d5d7f097b3999bb12cdcac40909a064bb69548" />
		<rom name="bs super mario usa - power challenge - dai-1-kai (japan) (bs soundlink).bs" size="1048576" crc="88fa31cc" sha1="7dc4d3d2a11f2f4e05d7306053211131b7aa6d9f" />
	</machine>
	<machine name="bssmusa2">
		<description>BS Super Mario USA - Power Challenge - Dai-2-kai</description>
		<year>199?</year>
		<publisher>&lt;unknown&gt;</publisher>
		<rom name="bssmusa2a\bs super mario usa - power challenge - dai-2-kai (japan).bs" size="1048576" crc="b967025a" sha1="ab1e8db79e207f136e58989a5c0302da25fb19e5" />
		<rom name="bs super mario usa - power challenge - dai-2-kai (japan) (bs soundlink).bs" size="1048576" crc="dedb049d" sha1="3a64fefc0a2a0c9a666917d0b685474c2073947c" />
	</machine>
	<machine name="bssmusa3">
		<description>BS Super Mario USA - Power Challenge - Dai-3-kai</description>
		<year>199?</year>
		<publisher>&lt;unknown&gt;</publisher>
		<rom name="bssmusa3a\bs super mario usa - power challenge - dai-3-kai (japan).bs" size="1048576" crc="8b22a708" sha1="1c92e890f95b222c22d4bb8beb08124087c48641" />
		<rom name="bs super mario usa - power challenge - dai-3-kai (japan) (bs soundlink).bs" size="1048576" crc="c0c90a80" sha1="4078d1756b53c230670bd5ae8285629f6173b373" />
	</machine>
	<machine name="bssmusa4">
		<description>BS Super Mario USA - Power Challenge - Dai-4-kai</description>
		<year>199?</year>
		<publisher>&lt;unknown&gt;</publisher>
		<rom name="bssmusa4a\bs super mario usa - power challenge - dai-4-kai (japan).bs" size="1048576" crc="ff1ded46" sha1="5f2f794c410dc7bf6d7600c9e79545a6739662d1" />
		<rom name="bs super mario usa - power challenge - dai-4-kai (japan) (bs soundlink).bs" size="1048576" crc="d05b537c" sha1="0f8cba643d66d8da0d8d05faefcf65a79b081efc" />
	</machine>
	<machine name="bssnazot">
		<description>Super Nazo Puyo Tsuu - Rulue no Tetsuwan Hanjouki</description>
		<year>199?</year>
		<publisher>&lt;unknown&gt;</publisher>
		<rom name="super nazo puyo tsuu - rulue no tetsuwan hanjouki (japan).bs" size="1048576" crc="295e6a5f" sha1="116262e008ce5416d48a6a9ffe6d353d3659e608" />
	</machine>
	<machine name="bssndlov">
		<description>BS Sound Journal for Lovers - Valentine Special Vol. 1</description>
		<year>199?</year>
		<publisher>&lt;unknown&gt;</publisher>
		<rom name="bs sound journal for lovers - valentine special vol. 1.bs" size="1048576" crc="0bb960c9" sha1="ca1020f1b2a5339669e36037a8ac3fa25701fd82" />
	</machine>
	<machine name="bssnt4h">
		<description>Sound Novel Tsukuru 4h</description>
		<year>199?</year>
		<publisher>&lt;unknown&gt;</publisher>
		<rom name="sound novel 4h.bs" size="131072" crc="be335a19" sha1="23ccbb01a99f90527bc5c20345d1a5ea969ac044" />
	</machine>
	<machine name="bssnt4">
		<description>Sound Novel Tsukuru 4</description>
		<year>199?</year>
		<publisher>&lt;unknown&gt;</publisher>
		<rom name="sound novel 4.bs" size="1048576" crc="97539bca" sha1="09b7c79431a115109322242eca9ccdefb88a37a3" />
	</machine>
	<machine name="bssprigg">
		<description>Spriggan Powered BS - Prelude</description>
		<year>199?</year>
		<publisher>&lt;unknown&gt;</publisher>
		<rom name="bssprigga\spriggan powered bs - prelude (japan).bs" size="1048576" crc="29b7cf34" sha1="fcd0258debc13e2651a96684ae95cf3d2c7f172f" />
		<rom name="spriggan powered bs - prelude (japan) (bs soundlink).bs" size="1048576" crc="65b4280a" sha1="1f2e0b09116c401b6f63bb3f04729636792a71b7" />
	</machine>
	<machine name="bsspuyo">
		<description>Super Puyo Puyo</description>
		<year>199?</year>
		<publisher>&lt;unknown&gt;</publisher>
		<rom name="[yankee] super puyo puyo (bs).bs" size="1048576" crc="f12266bc" sha1="3a67fa1978973b7dc2e8926c3938a0e976418d6f" status="baddump" />
	</machine>
	<machine name="bsspuyor">
		<description>Super Puyo Puyo Tsuu Remix</description>
		<year>199?</year>
		<publisher>&lt;unknown&gt;</publisher>
		<rom name="super puyo puyo tsuu remix (japan) [b].bs" size="1048576" crc="5fc1fd18" sha1="a33d7dd85c0b79865c6c77a6b49694b67614488e" status="baddump" />
	</machine>
	<machine name="bsssold">
		<description>Star Soldier - 2 Minute</description>
		<year>199?</year>
		<publisher>&lt;unknown&gt;</publisher>
		<rom name="bsssoldh\star soldier 2mins (bad) (repair patch).bs" size="131072" crc="23c688e9" sha1="8136cdfe7bc5c003ba2bf4e72688fcfeedc3d1d6" status="baddump" />
		<rom name="star soldier 2mins (b).bs" size="1048576" crc="c79c1b8d" sha1="fd81383fbf4fee2cb528e2336c346112f44933c9" status="baddump" />
	</machine>
	<machine name="bsstgiga">
		<description>BS St. Giga PG - 10 Gatsugou</description>
		<year>199?</year>
		<publisher>&lt;unknown&gt;</publisher>
		<rom name="bsstgigaa\bs st. giga pg - 10 gatsugou (japan).bs" size="1048576" crc="8dabd48a" sha1="572018f28976681013aad5428ebab00c4c9ec794" />
		<rom name="bs st. giga pg - 10 gatsugou (japan) (bs).bs" size="1048576" crc="3d059ca1" sha1="96a033da8058d8b768366ec270f0466f47925e13" />
	</machine>
	<machine name="bsstrw12">
		<description>Media Strawberry Volume 12</description>
		<year>199?</year>
		<publisher>&lt;unknown&gt;</publisher>
		<rom name="media strawberry volume 12.bs" size="524288" crc="0836869e" sha1="a9c248668d9d51633a6da8a4846aea3e25c2d1a3" />
	</machine>
	<machine name="bssuprmj">
		<description>Super Mahjong Taikai</description>
		<year>199?</year>
		<publisher>&lt;unknown&gt;</publisher>
		<rom name="bssuprmja\super mahjong taikai (japan).bs" size="524288" crc="8eb00b71" sha1="36f73508f4c1e6d65f9b857edff03ce11312ffb4" />
		<rom name="super mahjong taikai (japan) (bs).bs" size="524288" crc="72bdb71f" sha1="72d35b76a7f59532231a7a15fafb935b981e1de2" />
	</machine>
	<machine name="bssutt98">
		<description>Sutte Hakkun - 98 Event Version</description>
		<year>199?</year>
		<publisher>&lt;unknown&gt;</publisher>
		<rom name="bssutt98a\sutte hakkun - 98 event version (japan).bs" size="1048576" crc="948b7f8e" sha1="07d341a77a21b9bdda04cb0f0d0d29b7e0efb143" />
		<rom name="sutte hakkun - 98 fuyu event version (japan) (bs).bs" size="1048576" crc="5841c08e" sha1="981cf670ce034e604fcec5977f7f8f1356e28602" />
	</machine>
	<machine name="bssuttev">
		<description>Sutte Hakkun - Event Version</description>
		<year>199?</year>
		<publisher>&lt;unknown&gt;</publisher>
		<rom name="bssutteva\sutte hakkun - event version (japan).bs" size="1048576" crc="4f6c48d1" sha1="415804504016ae03a3830f62e3917d1d4b918651" />
		<rom name="sutte hakkun - event version (japan) (bs).bs" size="1048576" crc="8cdd1054" sha1="6b0f6932b8761bf6e0c816ca9f782bd793a22c38" />
	</machine>
	<machine name="bssuttv2">
		<description>Sutte Hakkun - BS Version 2 (0603)</description>
		<year>199?</year>
		<publisher>&lt;unknown&gt;</publisher>
		<rom name="bssuttv2a\sutte hakkun - bs version 2 (japan) (xxxx-10-08) (bs).bs" size="1048576" crc="da3c8618" sha1="a04e1fb9a98fa32147700a1d870c50394ee28d53" />
		<rom name="bssuttv2b\sutte hakkun - bs version 2 (bs-d) (10-19).bs" size="1048576" crc="a01abfbd" sha1="cb6b47fedc1296bbae53a34a844d30c19d3ab883" />
		<rom name="bssuttv2c\sutte hakkun - bs version 2 (bs-d) (11-25).bs" size="1048576" crc="c2f2ad15" sha1="f9c3397cb9f047aa3278a6d082276ae080cdd447" />
		<rom name="bssuttv2d\sutte hakkun - bs version 2 (japan) (xxxx-06-03).bs" size="1048576" crc="a387fe08" sha1="e7566cf5dd4cde20479c58e5b153507ef8c4d662" />
		<rom name="bssuttv2e\sutte hakkun - bs version 2 (japan) (xxxx-10-08).bs" size="1048576" crc="a224c713" sha1="8926559a716edffed10609dbb5355f1951a0c1e7" />
		<rom name="sutte hakkun - bs version 2 (japan) (xxxx-06-03) (bs).bs" size="1048576" crc="086d1239" sha1="883fc0ab790427b565ac5b735b278af6dd12d12c" />
	</machine>
	<machine name="bsswalk2">
		<description>BS Satellawalker 2 Dai-1-wa</description>
		<year>199?</year>
		<publisher>&lt;unknown&gt;</publisher>
		<rom name="satella2_1.bs" size="1048576" crc="5ea2b6bb" sha1="3a46898cdbbb414bc6462effd4419a2a471be807" status="baddump" />
	</machine>
	<machine name="bstambak">
		<description>Tamori no Picross (0813) + Bakushow Mondai no Houkago Ousama - Kayoubi</description>
		<year>199?</year>
		<publisher>&lt;unknown&gt;</publisher>
		<rom name="tamori no picross 8-13 + mystery magazine data (chronomoogle).bs" size="1048576" crc="e58ee3ad" sha1="184a8671a9d6790b351f22178d5a47c37d57a9ad" status="baddump" />
	</machine>
	<machine name="bstamopc">
		<description>Tamori no Picross (0813)</description>
		<year>199?</year>
		<publisher>&lt;unknown&gt;</publisher>
		<rom name="bstamopc1a\tamori_no_picross_6-26.bs" size="1048576" crc="c155ecc7" sha1="30260a38b1403c117274f89373094a00cfe0e952" />
		<rom name="bstamopc1\tamori no picross (japan) (6-26) (bs) [b].bs" size="524288" crc="98a4e46f" sha1="71ba1312ccb600a8a652ba326881f94cf97bc08c" />
		<rom name="bstamopc2\tamori_no_picross_6-13.bs" size="1048576" crc="bf6cab42" sha1="9573a7e1a2151b05302a9ea2e5b7f1ab1f195593" />
		<rom name="bs_tamo.bs" size="524288" crc="7db65bd3" sha1="32b430bf0750e03da43240c8e91692e4eda54ec0" status="baddump" />
	</machine>
	<machine name="bstantch">
		<description>BS Tantei Club - Yuki ni Kieta Kako - Chuuhen (0620)</description>
		<year>199?</year>
		<publisher>&lt;unknown&gt;</publisher>
		<rom name="bstantcha\bs tantei club - yuki ni kieta kako - chuuhen (japan).bs" size="1048576" crc="7947abd1" sha1="db8cfcfe668ca1afb88fa8183227e154f2c421f0" />
		<rom name="bs tantei club - yuki ni kieta kako - chuuhen (japan) (6-20).bs" size="1048576" crc="67568b74" sha1="e88c6f7c140c57d6388c18a4c2e9d241779800d1" />
	</machine>
	<machine name="bstantko">
		<description>BS Tantei Club - Yuki ni Kieta Kako - Kouhen</description>
		<year>199?</year>
		<publisher>&lt;unknown&gt;</publisher>
		<rom name="bstantkoa\bs tantei club - yuki ni kieta kako - kouhen (japan).bs" size="1048576" crc="0cd818cf" sha1="f271b67a713b96e66cbad0461e752e27c22e6c61" />
		<rom name="bs tantei club - yuki ni kieta kako - kouhen (japan) (bs soundlink).bs" size="1048576" crc="b5fd446d" sha1="2beec53e0f69e51168d5916100ce41176c7e65a8" />
	</machine>
	<machine name="bstantze">
		<description>BS Tantei Club - Yuki ni Kieta Kako - Zenpen</description>
		<year>199?</year>
		<publisher>&lt;unknown&gt;</publisher>
		<rom name="bstantzea\bs tantei club - yuki ni kieta kako - zenpen (japan).bs" size="1048576" crc="f26300c8" sha1="db0efaa48fa0b1ab1147791cca7a032e3ca113f5" />
		<rom name="bs tantei club - yuki ni kieta kako - zenpen (japan) (bs soundlink).bs" size="1048576" crc="dc3354e8" sha1="c082f21c81c0a3648d448e68c0fcf59af8e73a59" />
	</machine>
	<machine name="bstime1">
		<description>BS Marvelous - Time Athletic Course - Dai-1-shuu</description>
		<year>199?</year>
		<publisher>&lt;unknown&gt;</publisher>
		<rom name="bs marvelous - time athletic course - dai-1-shuu (japan).bs" size="1048576" crc="1639db9d" sha1="4d63a2457303bb55b5f647614c321881155dedaa" />
	</machine>
	<machine name="bstime2">
		<description>BS Marvelous - Time Athletic Course - Dai-2-shuu</description>
		<year>199?</year>
		<publisher>&lt;unknown&gt;</publisher>
		<rom name="bs marvelous - time athletic course - dai-2-shuu (japan).bs" size="1048576" crc="27d62709" sha1="f9347676f342a3d692f1af799ea0b7f84711e80b" />
	</machine>
	<machine name="bstime3">
		<description>BS Marvelous - Time Athletic Course - Dai-3-shuu</description>
		<year>199?</year>
		<publisher>&lt;unknown&gt;</publisher>
		<rom name="bs marvelous - time athletic course - dai-3-shuu (japan).bs" size="1048576" crc="5a88e3fb" sha1="6025b65a0aa2b0be7ee6e6b50b09a9295137d85a" />
	</machine>
	<machine name="bstime4">
		<description>BS Marvelous - Time Athletic Course - Dai-4-shuu</description>
		<year>199?</year>
		<publisher>&lt;unknown&gt;</publisher>
		<rom name="bs marvelous - time athletic course - dai-4-shuu (japan).bs" size="1048576" crc="fba7789e" sha1="374b3edc9e0b0d2438f4457481cbc8095a566cce" />
	</machine>
	<machine name="bstora1">
		<description>Game Tora no Taikoban - 5/17 Gou</description>
		<year>199?</year>
		<publisher>&lt;unknown&gt;</publisher>
		<rom name="bstora1a\game tora no taikoban - 5-17 gou (japan).bs" size="524288" crc="4cf3e14f" sha1="d9a3b68473e75d99ec84b95f421be0fefab1bfd7" />
		<rom name="game tora no taikoban - 5-17 gou (japan) (bs).bs" size="524288" crc="a93c827e" sha1="d8b99d5386b6dc55a2c084a8730b7868dafc9028" />
	</machine>
	<machine name="bstora2">
		<description>Game Tora no Taikoban - 5/31 Gou</description>
		<year>199?</year>
		<publisher>&lt;unknown&gt;</publisher>
		<rom name="bstora2a\game tora no taikoban - 5-31 gou (japan).bs" size="524288" crc="393e9715" sha1="5d374621784c4a3e57008febf59564fd352630da" />
		<rom name="game tora no taikoban - 5-31 gou (japan) (bs).bs" size="524288" crc="70b30ead" sha1="902fa1cc99b8d904e7e0de4bf31eed07c9770f91" />
	</machine>
	<machine name="bstsume">
		<description>Super Tsumeshougi 1000</description>
		<year>199?</year>
		<publisher>&lt;unknown&gt;</publisher>
		<rom name="bstsumea\super tsumeshougi 1000 (japan).bs" size="524288" crc="6ba3738c" sha1="56adc0a17c82529787c616319145fbc055d1ec5e" />
		<rom name="super tsumeshougi 1000 (japan) (bs).bs" size="524288" crc="af7aaf89" sha1="76a5428a5a59849004c0b0f8bec1d6027e097e4a" />
	</machine>
	<machine name="bsunk01">
		<description>BS Unknown Memory Pack 01</description>
		<year>199?</year>
		<publisher>&lt;unknown&gt;</publisher>
		<rom name="asdf.bs" size="1048576" crc="ff0bab5d" sha1="98106965b02c41f1be7289acb408581de3d82a52" />
	</machine>
	<machine name="bsunk02">
		<description>BS Unknown Memory Pack 02 (ASCII MUSIC TOOL1995.11.02 V1.0)</description>
		<year>199?</year>
		<publisher>&lt;unknown&gt;</publisher>
		<rom name="ascii music tool1995.11.02 v1.0.bs" size="65536" crc="ee250acb" sha1="9cabc99c9c5bbbe192d401127ddb69dc14fcf35a" />
	</machine>
	<machine name="bsunk03">
		<description>BS Unknown Memory Pack 03 (KANADERU CONVERT 1)</description>
		<year>199?</year>
		<publisher>&lt;unknown&gt;</publisher>
		<rom name="kanaderu convert 1.bs" size="262144" crc="0fe1b6a4" sha1="ae04f366ffa9bc5409b9231023f3049c50255a0b" />
	</machine>
	<machine name="bsunk04">
		<description>BS Unknown Memory Pack 04 (KANADERU CONVERT 2)</description>
		<year>199?</year>
		<publisher>&lt;unknown&gt;</publisher>
		<rom name="kanaderu convert 2.bs" size="131072" crc="4a5ffa76" sha1="5a0e2b4f6dd5ccb2c4bcfa51bfacf905da0d6bd4" />
	</machine>
	<machine name="bsunk05">
		<description>BS Unknown Memory Pack 05 (KANADERU CONVERT 5)</description>
		<year>199?</year>
		<publisher>&lt;unknown&gt;</publisher>
		<rom name="kanaderu convert 5.bs" size="262144" crc="a502aa9d" sha1="39b41cac1bd60f276cafb719939917129260a82d" />
	</machine>
	<machine name="bsunk06">
		<description>BS Unknown Memory Pack 06 (RPG DATA 01)</description>
		<year>199?</year>
		<publisher>&lt;unknown&gt;</publisher>
		<rom name="rpg data 01.bs" size="131072" crc="7c9a8066" sha1="e40b2712aae8e9a7bd5f99873ef9f3a0821e79cd" />
	</machine>
	<machine name="bsunk07">
		<description>BS Unknown Memory Pack 07 (RPG DATA 01 a)</description>
		<year>199?</year>
		<publisher>&lt;unknown&gt;</publisher>
		<rom name="rpg data 01 a.bs" size="131072" crc="dcfeef74" sha1="d9ec72de332e90fe794d9d53f5c7ece7e55ff281" />
	</machine>
	<machine name="bsunk08">
		<description>BS Unknown Memory Pack 08 (RPG DATA 02)</description>
		<year>199?</year>
		<publisher>&lt;unknown&gt;</publisher>
		<rom name="rpg data 02.bs" size="262144" crc="0cdc896b" sha1="9242f1cd7d2b08457ad2a434180bc54ce113f4d2" />
	</machine>
	<machine name="bsunk09">
		<description>BS Unknown Memory Pack 09 (RPG DATA 02 b)</description>
		<year>199?</year>
		<publisher>&lt;unknown&gt;</publisher>
		<rom name="rpg data 02 b.bs" size="131072" crc="b5abf7d5" sha1="ba7f004a07fed15521cacb980bcdd36dae9ae21a" />
	</machine>
	<machine name="bsunk10">
		<description>BS Unknown Memory Pack 10 (RPG DATA 03 Judas Priest)</description>
		<year>199?</year>
		<publisher>&lt;unknown&gt;</publisher>
		<rom name="rpg data 03 judas priest.bs" size="131072" crc="a00a6450" sha1="5c1dc43900c76042db10d49a1e3ae6a8dc8f7672" />
	</machine>
	<machine name="bsunk11">
		<description>BS Unknown Memory Pack 11 (SOUND NOVEL 1)</description>
		<year>199?</year>
		<publisher>&lt;unknown&gt;</publisher>
		<rom name="sound novel 1.bs" size="131072" crc="cab837e0" sha1="2254ac8d4c919ade22eadae630b1b82c228a2c82" />
	</machine>
	<machine name="bsunk12">
		<description>BS Unknown Memory Pack 12 (SOUND NOVEL 1 a)</description>
		<year>199?</year>
		<publisher>&lt;unknown&gt;</publisher>
		<rom name="sound novel 1 a.bs" size="131072" crc="c7657cd1" sha1="106843f2528869b75918156f5079353236e5278d" />
	</machine>
	<machine name="bsunk13">
		<description>BS Unknown Memory Pack 13 (SOUND NOVEL 2)</description>
		<year>199?</year>
		<publisher>&lt;unknown&gt;</publisher>
		<rom name="sound novel 2.bs" size="131072" crc="05f3faef" sha1="6162f262c25f3a45f07297db6eb3f08dd11ed8e1" />
	</machine>
	<machine name="bsunk14">
		<description>BS Unknown Memory Pack 14 (SOUND NOVEL 3)</description>
		<year>199?</year>
		<publisher>&lt;unknown&gt;</publisher>
		<rom name="sound novel 3.bs" size="131072" crc="c1bc6475" sha1="cb675b6f9df9917cce34ce59d2d645d48d50c188" />
	</machine>
	<machine name="bsunk15">
		<description>BS Unknown Memory Pack 15 (SOUND NOVEL 3 a)</description>
		<year>199?</year>
		<publisher>&lt;unknown&gt;</publisher>
		<rom name="sound novel 3 a.bs" size="131072" crc="93516da4" sha1="3ba52325c030b629cd9773a707b83f515600add9" />
	</machine>
	<machine name="bsunk16">
		<description>BS Unknown Memory Pack 16 (SOUND NOVEL 4)</description>
		<year>199?</year>
		<publisher>&lt;unknown&gt;</publisher>
		<rom name="sound novel 4.bs" size="131072" crc="4f823052" sha1="5478c8f3e84b5ee0680a99435288f1e4311982a4" />
	</machine>
	<machine name="bsunk17">
		<description>BS Unknown Memory Pack 17 (SOUND NOVEL 4 a)</description>
		<year>199?</year>
		<publisher>&lt;unknown&gt;</publisher>
		<rom name="sound novel 4 a.bs" size="131072" crc="7426f308" sha1="1254626439c10cf474a74b02d9f501a3aefb2c84" />
	</machine>
	<machine name="bsunk18">
		<description>BS Unknown Memory Pack 18 (SOUND NOVEL 5)</description>
		<year>199?</year>
		<publisher>&lt;unknown&gt;</publisher>
		<rom name="sound novel 5.bs" size="131072" crc="3955eb83" sha1="6d785d32410ec1acc2efeffe4717e26c1221d2ed" />
	</machine>
	<machine name="bsunk19">
		<description>BS Unknown Memory Pack 19 (SOUND NOVEL 6)</description>
		<year>199?</year>
		<publisher>&lt;unknown&gt;</publisher>
		<rom name="sound novel 6.bs" size="131072" crc="d9ee913a" sha1="ab6e28dd1e2542f974160e571abb9181e4767edc" />
	</machine>
	<machine name="bsunk20">
		<description>BS Unknown Memory Pack 20 (SOUND NOVEL 7)</description>
		<year>199?</year>
		<publisher>&lt;unknown&gt;</publisher>
		<rom name="sound novel 7.bs" size="131072" crc="c7d0b4df" sha1="d426c22704f2ea96ec9ec95af72f8959e7df27ca" />
	</machine>
	<machine name="bsunk21">
		<description>BS Unknown Memory Pack 21 (ASCII MUSIC DATA, Bad?)</description>
		<year>199?</year>
		<publisher>&lt;unknown&gt;</publisher>
		<rom name="unknown music data (bad maybe).bs" size="1048576" crc="f96d9d29" sha1="48980784d21f2e9568d18bb326af033fa1e33889" />
	</machine>
	<machine name="bsunk22">
		<description>BS Unknown Memory Pack 22 (RPG Tsukuru Data Bad?)</description>
		<year>199?</year>
		<publisher>&lt;unknown&gt;</publisher>
		<rom name="unknown - every other bank erased.bs" size="1048576" crc="5738ad34" sha1="f41ad479353dbbf7136af678faf7b0b8d96876d8" />
	</machine>
	<machine name="bsvolly2">
		<description>Super Volley II</description>
		<year>199?</year>
		<publisher>&lt;unknown&gt;</publisher>
		<rom name="bsvolly2a\super volley ii.bs" size="1048576" crc="502a9c9c" sha1="de8b00eeeeacf56f63c3c9d0b9de154b7b288918" status="baddump" />
		<rom name="bsvolly2b\super volley ii (japan).bs" size="1048576" crc="515588a0" sha1="d293af5439b0d569a75e27aa9c0dcf03e561a31b" />
		<rom name="super volley ii (japan) (bs).bs" size="1048576" crc="83a3781a" sha1="c8cc1dc432731b17ace038c32264b990c6ede3a5" />
	</machine>
	<machine name="bswaiala">
		<description>New 3D Golf Simulation - Waialae no Kiseki</description>
		<year>199?</year>
		<publisher>&lt;unknown&gt;</publisher>
		<rom name="waialae no kiseki.bs" size="1048576" crc="87c888b8" sha1="484f393a8455334861ecaf02b64fa99f0c9b6038" status="baddump" />
	</machine>
	<machine name="bswaicd">
		<description>WaiWai Check 3/21 Saihousou + Yuki no WaiWai Kids 3/16 Ban</description>
		<year>199?</year>
		<publisher>&lt;unknown&gt;</publisher>
		<rom name="waiwai check 3-21 saihousou + waiwai kids 3-16.bs" size="1048576" crc="17239e91" sha1="fe67f40912e7c4d290eeb175a2bd2122bfa3ae8c" />
	</machine>
	<machine name="bswaiwai">
		<description>Waiwai Check - 3/7 Gou</description>
		<year>199?</year>
		<publisher>&lt;unknown&gt;</publisher>
		<rom name="bswaiwaia\waiwai check - 3-7 gou (japan).bs" size="1048576" crc="34fb38cb" sha1="a10c55aee93144449bca432cb5318d8e096118bc" />
		<rom name="waiwai check - 3-7 gou (japan) (bs).bs" size="1048576" crc="0d8cb824" sha1="c8bed9de5c4d09275438d55abd953e18ddbaac5a" />
	</machine>
	<machine name="bswalker">
		<description>Satella Walker - Sate Bou o Sukuidase!</description>
		<year>199?</year>
		<publisher>&lt;unknown&gt;</publisher>
		<rom name="bswalkera\satella walker 2 - sate bou o sukuidase (japan).bs" size="1048576" crc="7c8d211c" sha1="80bb866deb7141963e1ecf9b1f538ee0c28b11ed" />
		<rom name="satella walker - sate bou o sukuidase (japan) (bs soundlink).bs" size="1048576" crc="e8dd9102" sha1="6f5caf8c4203c30661cd71112dd851c7e2cccb63" />
	</machine>
	<machine name="bswappr1">
		<description>Sousa Sentai Wappers - Mission 01</description>
		<year>199?</year>
		<publisher>&lt;unknown&gt;</publisher>
		<rom name="bswappr1a\sousa sentai wappers - mission 01 (japan).bs" size="1048576" crc="fec3d721" sha1="a96f2321a9ecf0261bd04d5aa0f15cafbe9ec30f" />
		<rom name="sousa sentai wappers - mission 01 (japan) (bs).bs" size="1048576" crc="b8060f58" sha1="6e99b74109a78ee9ce2b53832552004667bcfe8c" />
	</machine>
	<machine name="bswappr2">
		<description>Sousa Sentai Wappers - Mission 02</description>
		<year>199?</year>
		<publisher>&lt;unknown&gt;</publisher>
		<rom name="bswappr2a\sousa sentai wappers - mission 02 (japan).bs" size="1048576" crc="a619c58d" sha1="067fd06286e3fd363b17f39876dc9dd53418038e" />
		<rom name="sousa sentai wappers - mission 02 (japan) (bs).bs" size="1048576" crc="317ffbd7" sha1="345fe4671a862fe40394dae38f5038872389b98b" />
	</machine>
	<machine name="bswapprs">
		<description>Sousa Sentai Wappers - Soushuuhen</description>
		<year>199?</year>
		<publisher>&lt;unknown&gt;</publisher>
		<rom name="bswapprsa\sousa sentai wappers - soushuuhen (japan).bs" size="1048576" crc="0b423023" sha1="9ae3ee6edea0c5b348b6195b301092da06f9b409" />
		<rom name="sousa sentai wappers - soushuuhen (japan) (bs).bs" size="1048576" crc="53b843f3" sha1="15ce8b3aa3ada7baf9576c7585b60ea5cfa536c5" />
	</machine>
	<machine name="bswario">
		<description>Wario no Mori - Futatabi</description>
		<year>199?</year>
		<publisher>&lt;unknown&gt;</publisher>
		<rom name="bswarioa\wario no mori - futatabi (japan).bs" size="1048576" crc="e80783e5" sha1="8bf9312013f62cf8631a80f3f532db461a5c0a14" />
		<rom name="bswariob\wario no mori - futatabi (deleted header info).bs" size="1048576" crc="7315360e" sha1="594f5a78dc55a88090c8746225845db3028c6b9c" status="baddump" />
		<rom name="wario no mori - futatabi (japan) (bs).bs" size="1048576" crc="ac096de4" sha1="da8215203827e5f9d8d4eac57f7eb9c2f975404e" />
	</machine>
	<machine name="bswizrd5">
		<description>Wizardry V - Saika no Chuushin</description>
		<year>199?</year>
		<publisher>&lt;unknown&gt;</publisher>
		<rom name="bswizrd5a\wizardry v - saika no chuushin (japan).bs" size="1048576" crc="49ef7aa9" sha1="9d4854c06fdfb7447496568cfbd1d7dda3183e32" />
		<rom name="wizardry v - saika no chuushin (japan) (bs).bs" size="1048576" crc="a04f1544" sha1="ae5064743d4dba2c4618ba51fbcce1d25b4e5b41" />
	</machine>
	<machine name="bsyoshi">
		<description>Yoshi no Panepon - BS Ban (Bad Header?)</description>
		<year>199?</year>
		<publisher>&lt;unknown&gt;</publisher>
		<rom name="bsyoshi1\yoshi no panepon - bs ban (bs) (1-2).bs" size="1048576" crc="6775b6ca" sha1="0e13049e2f0e5fd3e65d36bdad790e1312392476" />
		<rom name="bsyoshi2\yoshi no panepon - bs ban (bs) (6-14).bs" size="1048576" crc="2b8deb64" sha1="29cf1a5b24e949e73409c3923549f2963901c971" />
		<rom name="bsyoshi3\yoshi no panepon - bs ban (bs) (7-5).bs" size="1048576" crc="a35f7c27" sha1="f769165fd0ff2f885580f9f61ee55e9a29b1f6ea" />
		<rom name="yoshi no panepon - bs ban (japan) (en,ja).bs" size="1048576" crc="7a633bc6" sha1="d3bcea66a3fd1d6518c006cd906b3b8f898a2c74" />
	</machine>
	<machine name="bsyuki">
		<description>Yuuki Nae no GE-MU no Tsubo</description>
		<year>199?</year>
		<publisher>&lt;unknown&gt;</publisher>
		<rom name="bs yuuki nae no ge-mu no tsubo (japan).bs" size="524288" crc="2c889959" sha1="ce70937945e84db5d5e0cf1d9bd622d2c69adff3" />
	</machine>
	<machine name="bsyung1">
		<description>Yung Hakase no Shinsatsushitsu - Dai-1-gou</description>
		<year>199?</year>
		<publisher>&lt;unknown&gt;</publisher>
		<rom name="bsyung1a\yung hakase no shinsatsushitsu - dai-1-gou (japan).bs" size="1048576" crc="27326da6" sha1="db12d90bdfcca54b1641d3ebd298f2ba230c74cf" />
		<rom name="yung hakase no shinsatsushitsu - dai-1-gou (japan) (bs).bs" size="1048576" crc="b52f5c4f" sha1="a13020aa17c1b4edda3446784d6df04f8c05b078" />
	</machine>
	<machine name="bsyung2">
		<description>Yung Hakase no Shinsatsushitsu - Dai-2-gou</description>
		<year>199?</year>
		<publisher>&lt;unknown&gt;</publisher>
		<rom name="bsyung2a\yung hakase no shinsatsushitsu - dai-2-gou (japan).bs" size="1048576" crc="66ea357f" sha1="b532b5bd160208e90753f2798366893a0e8b7c70" />
		<rom name="yung hakase no shinsatsushitsu - dai-2-gou (japan) (bs).bs" size="1048576" crc="1b897bc7" sha1="5ef36b507fbdf8295507b9549f3432eb1514fc7e" />
	</machine>
	<machine name="bszeld2">
		<description>BS Zelda no Densetsu Map 2 - Dai-4-wa</description>
		<year>199?</year>
		<publisher>&lt;unknown&gt;</publisher>
		<rom name="bs zelda no densetsu map 2 - dai-4-wa (japan) [b].bs" size="1048576" crc="670b51ca" sha1="4a53e22e2b01f55245112da5bdd24aed7a9f7c10" status="baddump" />
	</machine>
	<machine name="bszelda3">
		<description>Zelda no Densetsu - Kamigami no Triforce</description>
		<year>199?</year>
		<publisher>&lt;unknown&gt;</publisher>
		<rom name="bszelda3a\zelda no densetsu - kamigami no triforce (bs) (11-30).bs" size="1048576" crc="97a68e79" sha1="2453d475a26077be0b4c259325e90d2aa0a5a0f8" />
		<rom name="bszelda3b\zelda no densetsu - kamigami no triforce (japan).bs" size="1048576" crc="1e1cc639" sha1="5ecc217abfa1d8483002407cdaab3c7415f29c4f" />
		<rom name="zelda no densetsu - kamigami no triforce (japan) (bs).bs" size="1048576" crc="45507ec3" sha1="9aab9d62150dfd91f37f683277449681d14f4358" />
	</machine>
	<machine name="bszelda">
		<description>BS Zelda no Densetsu - Dai-3-wa</description>
		<year>199?</year>
		<publisher>&lt;unknown&gt;</publisher>
		<rom name="bszeldaa\bs zelda no densetsu - dai-3-wa (japan).bs" size="1048576" crc="ddc54398" sha1="4a2280a33785e89aecaa4141ac29f3dd1bdcf40c" />
		<rom name="bs zelda no densetsu - dai-3-wa (japan) (bs soundlink).bs" size="1048576" crc="f01eeb07" sha1="32030591534d2de9eacc6ed7a6c7de7c0b2a9071" />
	</machine>
	<machine name="bszeldk1">
		<description>BS Zelda no Densetsu - Inishie no Sekiban - Dai-1-wa</description>
		<year>199?</year>
		<publisher>&lt;unknown&gt;</publisher>
		<rom name="bs zelda no densetsu - kodai no sekiban - dai-1-wa (japan).bs" size="1048576" crc="0d2b95a8" sha1="e784f04736f354a05a19a0e86efd8a1f40589aa4" />
	</machine>
	<machine name="bszeldk2">
		<description>BS Zelda no Densetsu - Inishie no Sekiban - Dai-2-wa</description>
		<year>199?</year>
		<publisher>&lt;unknown&gt;</publisher>
		<rom name="bs zelda no densetsu - kodai no sekiban - dai-2-wa (japan).bs" size="1048576" crc="1b71a609" sha1="0877f63d8d096e7a35a5721ec1e4ce2cb86a7211" />
	</machine>
	<machine name="bszeldk3">
		<description>BS Zelda no Densetsu - Inishie no Sekiban - Dai-3-wa</description>
		<year>199?</year>
		<publisher>&lt;unknown&gt;</publisher>
		<rom name="bs zelda no densetsu - kodai no sekiban - dai-3-wa (japan).bs" size="1048576" crc="c251d4fa" sha1="25efee5199c9da0805306edac3367d60253ea828" />
	</machine>
	<machine name="bszeldk4">
		<description>BS Zelda no Densetsu - Inishie no Sekiban - Dai-4-wa</description>
		<year>199?</year>
		<publisher>&lt;unknown&gt;</publisher>
		<rom name="bs zelda no densetsu - kodai no sekiban - dai-4-wa (japan).bs" size="1048576" crc="8385bbf4" sha1="63c1110e32d4b3b2d6525919e10e50abcc7677a3" />
	</machine>
	<machine name="bszotto">
		<description>Zootto Mahjong! - Event Version</description>
		<year>199?</year>
		<publisher>&lt;unknown&gt;</publisher>
		<rom name="bszottoa\zootto mahjong - event version (japan).bs" size="1048576" crc="7aca6cf0" sha1="2ee76761e023f0c51fbbf4797c175a7c752e788c" />
		<rom name="zootto mahjong - event version (japan) (bs).bs" size="1048576" crc="5d2c918d" sha1="ccdef08d2c8ecd500b86a26e75345ca9b3920bf1" />
	</machine>
	<machine name="bszottop">
		<description>Zootto Mahjong! - Preview Ban</description>
		<year>199?</year>
		<publisher>&lt;unknown&gt;</publisher>
		<rom name="bszottopa\zootto mahjong - preview ban (japan).bs" size="1048576" crc="e8a0758d" sha1="8ec66c5dcda3392c27bc532a06d726783c3a1565" />
		<rom name="zootto mahjong - preview ban (japan) (bs).bs" size="1048576" crc="5439aa16" sha1="08b057baefeb73d60bed7cc2201dae1aad80d044" />
	</machine>
	<machine name="casinobm">
		<description>Casino Bar Mokuyoubi</description>
		<year>199?</year>
		<publisher>&lt;unknown&gt;</publisher>
		<rom name="casino bar mokuyoubi.bs" size="1048576" crc="7663fc73" sha1="c7917f56c98486b5a3db6cfd73c949e4867bdc85" status="baddump" />
	</machine>
	<machine name="casinobn">
		<description>Kouryaku Casino Bar Nichiyoubi (Hacked)</description>
		<year>199?</year>
		<publisher>&lt;unknown&gt;</publisher>
		<rom name="kouryaku casino bar - roulette (bs).bs" size="393216" crc="4b912ef9" sha1="7e57391dbc3f50f449bd35657934c624faf993b4" status="baddump" />
	</machine>
	<machine name="casinosk">
		<description>Kouryaku Casino Bar - Suiyoubi + Kinyoubi</description>
		<year>199?</year>
		<publisher>&lt;unknown&gt;</publisher>
		<rom name="kouryaku casino bar double pack.bs" size="1048576" crc="390c560f" sha1="ede3dfe2d30452644c75c8648a95b539def19fd2" status="baddump" />
	</machine>
	<machine name="cdoodled">
		<description>Cock-A-Doodle-Do (RPG Tsukuru 2 Data Pack)</description>
		<year>199?</year>
		<publisher>&lt;unknown&gt;</publisher>
		<rom name="rpg tsukuru - super dante.bs" size="1048576" crc="2e831a4d" sha1="1ea437e679549f76a362619657a0875d25d3a4ef" />
	</machine>
	<machine name="columb1">
		<description>Columbus no Tamagoyaki - Dai-1-kai</description>
		<year>199?</year>
		<publisher>&lt;unknown&gt;</publisher>
		<rom name="columb1a\columbus no tamagoyaki - dai-1-kai (japan).bs" size="1048576" crc="2289c65f" sha1="a2c91755d52d5c5b230e665920e01b584934a27b" />
		<rom name="columbus no tamagoyaki - dai-1-kai (japan) (bs).bs" size="1048576" crc="82b975fe" sha1="c634e7bf470e417575194141f078225dee8cc509" />
	</machine>
	<machine name="columb2">
		<description>Columbus no Tamagoyaki - Dai-2-kai</description>
		<year>199?</year>
		<publisher>&lt;unknown&gt;</publisher>
		<rom name="columb2a\columbus no tamagoyaki - dai-2-kai (japan).bs" size="1048576" crc="ec69ee76" sha1="30569601d3f15a586547b18702b5cf54981d0e7d" />
		<rom name="columbus no tamagoyaki - dai-2-kai (japan) (bs).bs" size="1048576" crc="fe7b50d0" sha1="4b8415758e1095d8e6fee4176f52ee94554bac1f" />
	</machine>
	<machine name="columb3">
		<description>Columbus no Tamagoyaki - Dai-3-kai</description>
		<year>199?</year>
		<publisher>&lt;unknown&gt;</publisher>
		<rom name="columb3a\columbus no tamagoyaki - dai-3-kai (japan).bs" size="1048576" crc="00d3a32b" sha1="43a29a10a21b26e495bab35000bfc695abcca83e" />
		<rom name="columbus no tamagoyaki - dai-3-kai (japan) (bs).bs" size="1048576" crc="e45a26c1" sha1="481923f4b483446efb128d5b70f9414e16fbc816" />
	</machine>
	<machine name="dandanb1">
		<description>Dandan Belt Conveyor - Ukulele no Maki</description>
		<year>199?</year>
		<publisher>&lt;unknown&gt;</publisher>
		<rom name="dandanb1a\dandan belt conveyor - ukulele no maki (japan) [b].bs" size="1048576" crc="10205b4b" sha1="da3c4c0bb0c36b7605a93fed9ff220e46d71f6d6" status="baddump" />
		<rom name="dandan belt conveyor - ukulele no maki (japan) (bs) [b].bs" size="1048576" crc="62054fa2" sha1="f9c1c8bb44b9ca05505c11ae5b94898ffcfad4ab" />
	</machine>
	<machine name="dariusfc">
		<description>Darius Force</description>
		<year>199?</year>
		<publisher>&lt;unknown&gt;</publisher>
		<rom name="dariusfca\darius force.bs" size="1048576" crc="2c7e4397" sha1="d4a9ae0add675868c3468c35a14026bab4cd793c" status="baddump" />
		<rom name="darius force (japan) (bs).bs" size="1048576" crc="29c2c0ae" sha1="5585e8e9093afe7e10c8df27ba029f8906a2f049" />
	</machine>
	<machine name="dquest1">
		<description>BS Dragon Quest I</description>
		<year>199?</year>
		<publisher>&lt;unknown&gt;</publisher>
		<rom name="dquest1a\bs dragon quest i (japan) [b].bs" size="1048576" crc="577f6d20" sha1="aed921ff60c7c01a80e7e8f2d24d6684465a941e" status="baddump" />
		<rom name="dquest1h\bs dragon quest i (japan) (bs) [header hack].bs" size="1048576" crc="812af559" sha1="89b291a13635a1719907d9519562da83649b7a28" status="baddump" />
		<rom name="bs dragon quest i (japan) (bs soundlink) [b].bs" size="1048576" crc="267be42f" sha1="26c4dd6cba723b9b78648140240310d2c2e42fb3" />
	</machine>
	<machine name="dynamitr">
		<description>Dynami Tracer</description>
		<year>199?</year>
		<publisher>&lt;unknown&gt;</publisher>
		<rom name="dynamitra\dynami tracer (japan).bs" size="1048576" crc="41dae33c" sha1="2ff4bc75b88480a35f42db0a2468eb3f6f8e53e5" />
		<rom name="dynami tracer (japan) (bs).bs" size="1048576" crc="f8c2024a" sha1="092083f41848093134c87cfa757a26bc3d1d297b" />
	</machine>
	<machine name="fenek">
		<description>Fenek - 6 Gatsugou</description>
		<year>199?</year>
		<publisher>&lt;unknown&gt;</publisher>
		<rom name="feneka\fenek - 6 gatsugou (japan).bs" size="524288" crc="5c26c3b2" sha1="f7e80add2fe9e6ccfda30cca64d6ed9ba14384ad" />
		<rom name="fenek - 6 gatsugou (japan) (bs).bs" size="524288" crc="55045fe6" sha1="7955e03cd44ae4560c6adf4eabb51bbad237709d" />
	</machine>
	<machine name="fzero">
		<description>F-Zero</description>
		<year>199?</year>
		<publisher>&lt;unknown&gt;</publisher>
		<rom name="fzeroa\f-zero (japan).bs" size="524288" crc="6ff86710" sha1="b143f71aef36cb4a5634aa4a8cca6e1938e5355d" />
		<rom name="f-zero (japan) (bs).bs" size="524288" crc="689130b5" sha1="c438c2fc89fb869d4f738500f5125bdfb071b218" />
	</machine>
	<machine name="golfdais">
		<description>Golf Daisuki! O.B. Club</description>
		<year>199?</year>
		<publisher>&lt;unknown&gt;</publisher>
		<rom name="golfdaisa\golf daisuki o.b. club (japan).bs" size="1048576" crc="dc00efeb" sha1="e97c6c4a5e530815cb449b7aa5a8b1d156f850b7" />
		<rom name="golf daisuki o.b. club (japan) (bs).bs" size="1048576" crc="fb1a2e4d" sha1="b7fba94a3bc5b7b46cf005e7f8116c4221005ee3" />
	</machine>
	<machine name="gtoroans">
		<description>2/24 Game Tora no Ooana Special (0224, Hacked)</description>
		<year>199?</year>
		<publisher>&lt;unknown&gt;</publisher>
		<rom name="2-24 game tora no ooana special (bs).bs" size="589824" crc="dad472c6" sha1="cda10c76984e6f1b83764e162dec1e2cbe277f86" status="baddump" />
	</machine>
	<machine name="ijuinhik">
		<description>Ijuin Hikaru no Houkago no Ousama</description>
		<year>199?</year>
		<publisher>&lt;unknown&gt;</publisher>
		<rom name="ijuinhikh\hikaru ijuin no houkago no ousama (hacked).bs" size="524288" crc="214392da" sha1="325fc7787de7393ff76378511871769acf382387" status="baddump" />
		<rom name="hikaru ijuin no houkago no ousama [d].bs" size="1048576" crc="582bcd87" sha1="124af141baaec33b3ab9aa8466318d5951263e3c" status="baddump" />
	</machine>
	<machine name="jewelive">
		<description>Jewel of Live (RPG Tsukuru 2 Data Pack)</description>
		<year>199?</year>
		<publisher>&lt;unknown&gt;</publisher>
		<rom name="jewel of live (rpg maker super dante).bs" size="1048576" crc="ce6a4d7f" sha1="18b18757c79b48d1472dba53e475edae73e867ae" />
	</machine>
	<machine name="kcasgtor">
		<description>Kouryaku Casino Bar Nichiyoubi &amp; 2/24 Game Tora no Ooana Special (0224)</description>
		<year>199?</year>
		<publisher>&lt;unknown&gt;</publisher>
		<rom name="kouryaku casino bar roulette + game tora no ooana special 2-24.bs" size="1048576" crc="4b881535" sha1="ae574eae616f30accb2a000d6d480fac9845dbc2" />
	</machine>
	<machine name="kidklown">
		<description>Kid Klown no Crazy Chase</description>
		<year>199?</year>
		<publisher>&lt;unknown&gt;</publisher>
		<rom name="kidklowna\kid klown no crazy chase.bs" size="1048576" crc="cd6aabee" sha1="b4ef639f09376a7880dcec6f23a03b08c0254b86" />
		<rom name="kid klown no crazy chase (japan) (bs).bs" size="1048576" crc="1f9c5b54" sha1="0d717219510b2960e7488bade44416e73e166bc6" />
	</machine>
	<machine name="kikikai">
		<description>Kiki Kaikai (0606)</description>
		<year>199?</year>
		<publisher>&lt;unknown&gt;</publisher>
		<rom name="kiki kaikai.bs" size="1048576" crc="83e1f844" sha1="0953cd1bc40bf0cdbcbd8963786b869354e894e4" status="baddump" />
	</machine>
	<machine name="kirbybb">
		<description>Kirby no Omochabako - Baseball</description>
		<year>199?</year>
		<publisher>&lt;unknown&gt;</publisher>
		<rom name="kirbybba\kirby no omochabako - baseball (japan).bs" size="524288" crc="7ac28567" sha1="2e3c7ed1a590847ab6e1a0ddfd430bc7cc7d79dd" />
		<rom name="kirby no omochabako - baseball (japan) (bs).bs" size="524288" crc="21cb8fd4" sha1="728e0bf73e825b2555c6211d35b9041f37f0ae48" />
	</machine>
	<machine name="kirbyggb">
		<description>Kirby no Omochabako - Guruguru Ball</description>
		<year>199?</year>
		<publisher>&lt;unknown&gt;</publisher>
		<rom name="kirbyggba\kirby no omochabako - guruguru ball (japan).bs" size="1048576" crc="8247a684" sha1="e3b4b1b05edc6c5f6ad3ce4da002aa3fd6f26a6a" />
		<rom name="kirby no omochabako - guruguru ball (japan) (bs).bs" size="1048576" crc="64b62e81" sha1="c4fa47274c2db0eb6efd02072b71bfec2679c41d" />
	</machine>
	<machine name="kirbyhk">
		<description>Kirby no Omochabako - Hoshi Kuzushi</description>
		<year>199?</year>
		<publisher>&lt;unknown&gt;</publisher>
		<rom name="kirbyhka\kirby no omochabako - hoshi kuzushi (bs) (2-26).bs" size="524288" crc="3dbbd86a" sha1="b6cda98a2a6a7a6aa9a64aec7f346039a608b093" />
		<rom name="kirby no omochabako - hoshi kuzushi (japan).bs" size="1048576" crc="a78abd76" sha1="e1b259a29ab756ee3f333006d6eeb4fdbeb5f814" />
	</machine>
	<machine name="kirbypnb">
		<description>Kirby no Omochabako - Pinball</description>
		<year>199?</year>
		<publisher>&lt;unknown&gt;</publisher>
		<rom name="kirby no omochabako - pinball (japan).bs" size="524288" crc="9d9bbd09" sha1="53faf45fd03937f663dd2e8047badb162922f896" />
	</machine>
	<machine name="koiwabal">
		<description>Koi wa Balance - Tatoeba K-kun no Tabou na Ichinichi Hen</description>
		<year>199?</year>
		<publisher>&lt;unknown&gt;</publisher>
		<rom name="koiwabala\koi wa balance - tatoeba k-kun no tabou na ichinichi hen (japan).bs" size="1048576" crc="d931df60" sha1="7c65ebc51b71f235710ee1935b84ea88236b8d48" />
		<rom name="koi wa balance - tatoeba k-kun no tabou na ichinichi hen (japan) (bs).bs" size="1048576" crc="60293e16" sha1="6d687f7b6c7c82c479e52459b7c8e1c8955fc9f5" />
	</machine>
	<machine name="logo">
		<description>Logos Panic Go-A-I-Sa-Tu BS Ban</description>
		<year>199?</year>
		<publisher>&lt;unknown&gt;</publisher>
		<rom name="logos panic go-a-i-sa-tu bs ban.bs" size="1048576" crc="c6f54c8d" sha1="a36cdb6ca4a01eea4cd68568241cc82db7ba5cbc" status="baddump" />
	</machine>
	<machine name="lordmon">
		<description>Lord Monarch</description>
		<year>199?</year>
		<publisher>&lt;unknown&gt;</publisher>
		<rom name="lordmona\lord monarch (japan).bs" size="524288" crc="75e906fe" sha1="583a0bf064518a8f739653c3d09c21485dcb8c74" />
		<rom name="lord monarch (japan) (bs).bs" size="524288" crc="d3dedfcc" sha1="0df17b3e6f0bdf5bb7cc81a379842711d8c2dd8a" />
	</machine>
	<machine name="npm107">
		<description>Nintendo Power Magazine 107</description>
		<year>199?</year>
		<publisher>&lt;unknown&gt;</publisher>
		<rom name="npm107a\nintendo power magazine 107 (japan).bs" size="524288" crc="1622eb2d" sha1="dd8f214872a71da328c31a967765e27ad9f4239c" />
		<rom name="nintendo power magazine 107 (japan) (bs).bs" size="524288" crc="f3ed881c" sha1="d991321ff6cbbbcaf780297d597330f6f74fd2ce" />
	</machine>
	<machine name="nyatter">
		<description>New Yatterman - Nan Dai Kan Dai Yajirobe</description>
		<year>199?</year>
		<publisher>&lt;unknown&gt;</publisher>
		<rom name="new yatterman - nan dai kan dai yajirobe (bs) (d).bs" size="1048576" crc="e6a44a5f" sha1="005cc0b35e2f76896c41531f915456ea90647684" status="baddump" />
	</machine>
	<machine name="paching1">
		<description>Let's Pachinko Nante Gindama 1</description>
		<year>199?</year>
		<publisher>&lt;unknown&gt;</publisher>
		<rom name="paching1a\let's pachinko nante gindama 1 (japan).bs" size="1048576" crc="330aad41" sha1="3b98b182ea492ac35264776829fe773cfa8fb937" />
		<rom name="let's pachinko nante gindama 1 (japan) (bs).bs" size="1048576" crc="0472abb6" sha1="b0f46ec220e0336ee8ae44844c39f74f938f2586" />
	</machine>
	<machine name="paching2">
		<description>Let's Pachinko Nante Gindama 2</description>
		<year>199?</year>
		<publisher>&lt;unknown&gt;</publisher>
		<rom name="paching2a\let's pachinko nante gindama 2 (japan).bs" size="1048576" crc="8561ad51" sha1="f979554674df78e0ff28ca6df183dab33a1793b3" />
		<rom name="let's pachinko nante gindama 2 (japan) (bs).bs" size="1048576" crc="8d201681" sha1="ab579e9080e1a3ae90cd0f894e12a19fd7040daa" />
	</machine>
	<machine name="paching3">
		<description>Let's Pachinko Nante Gindama 3</description>
		<year>199?</year>
		<publisher>&lt;unknown&gt;</publisher>
		<rom name="paching3a\let's pachinko nante gindama 3 (japan).bs" size="1048576" crc="8f24b267" sha1="5f838668c7dc0092f3e6e92e9ea078c4b93fd1ab" />
		<rom name="let's pachinko nante gindama 3 (japan) (bs).bs" size="1048576" crc="b7ea45df" sha1="e2d6fc213d49ce33fd7c3269dd348b2a72cd7537" />
	</machine>
	<machine name="paching4">
		<description>Let's Pachinko Nante Gindama 4 (0321)</description>
		<year>199?</year>
		<publisher>&lt;unknown&gt;</publisher>
		<rom name="paching4a\lets pachinko nante gindama 4 (bs) (11-24).bs" size="1048576" crc="aa934596" sha1="5883b8e0e3409f78a1ae1d9e471ef4678cb23b88" />
		<rom name="let's pachinko nante gindama 4 (japan).bs" size="1048576" crc="75bc56bd" sha1="82dcebfbfe6019f4dbf0fc1bebf168d3a33feb14" />
	</machine>
	<machine name="pokekame">
		<description>Pokekame Magazine</description>
		<year>199?</year>
		<publisher>&lt;unknown&gt;</publisher>
		<rom name="pokekamea\pokekame magazine (japan).bs" size="1048576" crc="2a6c5ec6" sha1="35fc0d9789ef324dc27c5d041114631606862ca5" />
		<rom name="pokekame magazine (japan) (bs).bs" size="1048576" crc="f2690947" sha1="e905b0bff21c485f26dec943d635b1b4be0da090" />
	</machine>
	<machine name="radicald">
		<description>Radical Dreamers - Nusume Nai Houseki</description>
		<year>199?</year>
		<publisher>&lt;unknown&gt;</publisher>
		<rom name="radicalda\radical dreamers - nusume nai houseki (japan).bs" size="1048576" crc="be3048b6" sha1="7d724ee3473d68c5fb856a0ffc9ba5d1fc17efa5" />
		<rom name="radical dreamers - nusume nai houseki (japan) (bs).bs" size="1048576" crc="660b8cc4" sha1="a4ff257e0ca71a60a7d76ea49b0dbab770268a5f" />
	</machine>
	<machine name="ryoumade">
		<description>Ryouma de Yuku (RPG Tsukuru 2 Data Pack)</description>
		<year>199?</year>
		<publisher>&lt;unknown&gt;</publisher>
		<rom name="ryouma de yuku data.bs" size="1048576" crc="f962e49b" sha1="d06c8a51bdae739bf9891cf54f3c540531210ed0" status="baddump" />
	</machine>
	<machine name="samegmcc">
		<description>Same Game - Chara Cassette (BSROM)</description>
		<year>1996</year>
		<publisher>Hudson</publisher>
		<rom name="bsmc-zs5j-0.u1" size="524288" crc="4c3439c2" sha1="c974673e0365dadc54afcf8dd2e6b41b512c6fe7" />
	</machine>
	<machine name="samegmcd">
		<description>Same Game - Chara Data Shuu (BSROM, Not for sale)</description>
		<year>1996</year>
		<publisher>Hudson</publisher>
		<rom name="same game - chara data shuu (japan) (bsrom).bs" size="524288" crc="12a80829" sha1="ff3e6b558aaa9c36a35460ba61821e09aef50a9e" />
	</machine>
	<machine name="sbm">
		<description>Sonic Blast Man</description>
		<year>199?</year>
		<publisher>&lt;unknown&gt;</publisher>
		<rom name="sbma\sonic blastman (bs).bs" size="1048576" crc="86bb53e5" sha1="e8411f5e0ea2b2922416710c9b463023fe1e5f39" />
		<rom name="sonic blast man (japan) (bs).bs" size="1048576" crc="544da35f" sha1="b556830d8668acf89a73b4daf257440c8455441f" />
	</machine>
	<machine name="sdgunmap">
		<description>SD Gundam G Next - Unit &amp; Map Collection (BSROM)</description>
		<year>1996</year>
		<publisher>Bandai</publisher>
		<rom name="sd gundam g next - unit &amp; map collection (japan) (bsrom).bs" size="524288" crc="60b1b7e0" sha1="81a75b1a19907e831b3b80d2067108a61c4bae40" />
	</machine>
	<machine name="shubibi0">
		<description>Kaizou Choujin Shubibinman Zero</description>
		<year>199?</year>
		<publisher>&lt;unknown&gt;</publisher>
		<rom name="shubibi0a\kaizou choujin shubibinman zero (l).bs" size="1048576" crc="26a4f6c3" sha1="dd084021a7e2afd939fee3b6426778f6e5c2f333" />
		<rom name="shubibi0b\kaizou chounin shubibinman zero (japan).bs" size="1048576" crc="5e5ba3f0" sha1="5b6a4d0740183703f35a349afb6088a8603d8966" />
		<rom name="kaizou chounin shubibinman zero (japan) (bs).bs" size="1048576" crc="231875fa" sha1="38ba22f7146483bdcc4fd6f46513c8e8ce9eaf23" />
	</machine>
	<machine name="steeshot">
		<description>Special Tee Shot</description>
		<year>199?</year>
		<publisher>&lt;unknown&gt;</publisher>
		<rom name="steeshota\special tee shot (japan).bs" size="1048576" crc="2703f38e" sha1="8e7e08654a067c703c10d8a0858e2b55fac55170" />
		<rom name="special tee shot (japan) (bs).bs" size="1048576" crc="841c8eb9" sha1="793ed0b1c9f72535749501d7b0de396a10e67a44" />
	</machine>
	<machine name="supalest">
		<description>Super Aleste</description>
		<year>199?</year>
		<publisher>&lt;unknown&gt;</publisher>
		<rom name="super aleste (bs).bs" size="1048576" crc="75993866" sha1="36721f15cf9e2a65aada7353d12d5246e245ebb2" status="baddump" />
	</machine>
	<machine name="superedf">
		<description>Super E.D.F.</description>
		<year>199?</year>
		<publisher>&lt;unknown&gt;</publisher>
		<rom name="superedfa\super e.d.f. (japan).bs" size="1048576" crc="f6aa6c8d" sha1="bd85da4175beef68bfff4dd39e979ecb23fc5c78" />
		<rom name="super e.d.f. (japan) (bs).bs" size="1048576" crc="2dd53ba4" sha1="5301ae75b3707df9c60e4c7b1a2e6b90bece1e6e" />
	</machine>
	<machine name="tablgmbs">
		<description>Table Game Daishuugou!!</description>
		<year>199?</year>
		<publisher>&lt;unknown&gt;</publisher>
		<rom name="tablgmbsa\table game daisyugo (bs).bs" size="1048576" crc="47e3047e" sha1="00ddbd9471f9b22b927a2361c672d7e4081fb69d" />
		<rom name="table game daisyugo shougi mahjong hanafuda (japan) (bs).bs" size="1048576" crc="425f8747" sha1="295d68787a602fbb8200a2d0711918e333407ae3" />
	</machine>
	<machine name="tconflix">
		<description>Treasure Conflix</description>
		<year>199?</year>
		<publisher>&lt;unknown&gt;</publisher>
		<rom name="tconflixa\treasure conflix (japan).bs" size="1048576" crc="57a070e2" sha1="eaeceb99fe7caedb01c2e137669cb05aefb60944" />
		<rom name="treasure conflix (japan) (bs).bs" size="1048576" crc="f50fb0b7" sha1="dff1d22d662fed96f45ac3e722c79c93469ca421" />
	</machine>
	<machine name="undake30">
		<description>UNDAKE30 SameGame Daisakusen - Mario Version (v1.12a)</description>
		<year>199?</year>
		<publisher>&lt;unknown&gt;</publisher>
		<rom name="undake30 same game daisakusen - mario version.bs" size="1048576" crc="15e27754" sha1="507c7a51c851c54eca7185492536be80954a62b2" status="baddump" />
	</machine>
</datafile>