<?xml version="1.0" encoding="utf-8"?>
<!DOCTYPE datafile PUBLIC "-//Logiqx//DTD ROM Management Datafile//EN" "http://www.logiqx.com/Dats/datafile.dtd">
<datafile>
	<header>
		<name>sol20_cass</name>
		<description>PTC SOL-20 cassettes</description>
		<version></version>
		<author></author>
	</header>
	<machine name="acs_v1n4">
		<description>Access newsletter, Volume 1, issue #4</description>
		<year>1977</year>
		<publisher>Processor Technology Corporation</publisher>
		<rom name="galaxy.wav" size="2151032" crc="d910ab91" sha1="85d8e4e80e83eba3679442a36b61983f0559084c" />
		<rom name="train.wav" size="918070" crc="29512879" sha1="fa11f5efa5e211a238197affacc862fd61e5ff26" />
		<rom name="winzi.wav" size="769306" crc="77c656ad" sha1="9168be4ec9f1a1582244a556c8d0bf5ce6df3db9" />
	</machine>
	<machine name="als8">
		<description>ALS-8 program development system</description>
		<year>1977</year>
		<publisher>Processor Technology Corporation</publisher>
		<rom name="als8.wav" size="7142712" crc="fb273e61" sha1="da7900fb8a8ad4305f408b370f6da592541a202a" />
	</machine>
	<machine name="atc">
		<description>Air Traffic Control</description>
		<year>1978</year>
		<publisher>Creative Computing Software</publisher>
		<rom name="atc.wav" size="2457454" crc="1aaebf0e" sha1="3b32f18353db7ce5bff268f3b20d1a623b80297a" />
	</machine>
	<machine name="basic5">
		<description>Sol BASIC/5</description>
		<year>1977</year>
		<publisher>Processor Technology Corporation</publisher>
		<rom name="basic5_48k.wav" size="5735114" crc="c7ad6c9a" sha1="c6cce3565efa5d0ff6ff7af5e3a3f6bab228756d" />
		<rom name="basic5_orig.wav" size="9203116" crc="40c272f8" sha1="69e26f90b6baa5dcf807dbf817105902ec3b2533" />
	</machine>
	<machine name="bs5_coll">
		<description>Collection of selected BASIC/5 programs</description>
		<year>19??</year>
		<publisher>&lt;unknown&gt;</publisher>
		<rom name="bomb_bs5.wav" size="4447494" crc="2edc62a2" sha1="7b20a6d682fefe6a34cc831b49b6e6fc3b702ee1" />
		<rom name="bomrn_bs5.wav" size="6522912" crc="3929f398" sha1="fa069a8b737c3802ffe4aca56fd36fb11f9013a4" />
		<rom name="korps.bs5.wav" size="15889874" crc="45b6365c" sha1="5c8b89578d634514f517f3304b0efb566f7f5dba" />
		<rom name="panzr.bs5.wav" size="15632770" crc="cf788eef" sha1="42aad567ca6a52e1ed16d1f95914e71abc9a6593" />
		<rom name="strwr.bs5.wav" size="8732222" crc="ca4ccc3d" sha1="243be8c18963a99cf0e091dac7d64cf03d665839" />
		<rom name="sttr.bs5.wav" size="10130928" crc="049d7f99" sha1="a9e4402af4d610a631d41411d92fb9904542c02d" />
		<rom name="swolf_bs5.wav" size="15591536" crc="041c5adb" sha1="a5054d9c57f068ff974bc61627cd659af32eb0e2" />
		<rom name="tanks_bs5.wav" size="15866426" crc="00756473" sha1="07958d3cf3140eb275d33f0e43eb31956758c1d4" />
		<rom name="tankz.bs5.wav" size="15738684" crc="0ffbfc6b" sha1="8096dff612d5d312168a30015575cd6aa2aff5fc" />
	</machine>
	<machine name="chess">
		<description>8080 Chess Cassette; P/N 727152</description>
		<year>19??</year>
		<publisher>Processor Technology Corporation</publisher>
		<rom name="chess.wav" size="5558420" crc="c33e7dac" sha1="c210655e27baa8cb2172e1410230cb6498757d69" />
	</machine>
	<machine name="debug">
		<description>DEBUG, Advanced 8080 Debugger; P/N 727132</description>
		<year>1978</year>
		<publisher>Processor Technology Corporation</publisher>
		<rom name="debug.wav" size="20877642" crc="15820da0" sha1="f7a24bb585ac12c88141b6da62cdefb489d3e6e6" />
	</machine>
	<machine name="ecb_coll">
		<description>Collection of selected ECB programs</description>
		<year>19??</year>
		<publisher>&lt;unknown&gt;</publisher>
		<rom name="boule.ecb.wav" size="9266646" crc="027d6b84" sha1="7a23430c25e82f62e857bbf6d56de6c771c2ae6a" />
		<rom name="iland.ecb.wav" size="17041990" crc="516e415f" sha1="7cb30b363a66b71709f61075657141b1e82d6f9e" />
		<rom name="numbr.ecb.wav" size="9980552" crc="fb696a8e" sha1="2636dc0a25123089a8ff6a29c4cae5fedb340724" />
		<rom name="plus.ecb.wav" size="12495794" crc="11a45f67" sha1="aa37eb1b344e70d6c93bdb9a4203787ca3acc5c3" />
		<rom name="rolet.ecb.wav" size="10569140" crc="e4880a81" sha1="3432bf1acbd8b05a96071d18cad99470774a2889" />
	</machine>
	<machine name="edit">
		<description>EDIT, Advanced 8080 Editor; P/N 727142</description>
		<year>1978</year>
		<publisher>Processor Technology Corporation</publisher>
		<rom name="edit.wav" size="8538414" crc="5810b0ec" sha1="370b86b7e46eb5a7db7c366655aedfca7836e634" />
	</machine>
	<machine name="extbasic">
		<description>Extended Cassette BASIC; P/N 727019</description>
		<year>1977</year>
		<publisher>Processor Technology Corporation</publisher>
		<rom name="extbasic_orig.wav" size="13985418" crc="a7210025" sha1="cd8a115f8b8ce0af857d3bdb9bb9a6404a32531f" />
		<rom name="extbasic_patched.wav" size="13987042" crc="2c091090" sha1="4f5ccec14b251f04a9ed4f05ac20cf796fde22f8" />
	</machine>
	<machine name="focal">
		<description>8080 Cassette Focal(tm); P/N 727027</description>
		<year>1978</year>
		<publisher>Processor Technology Corporation</publisher>
		<rom name="focal.wav" size="6722676" crc="62fba867" sha1="8175af744e12f3f48bb8907946131e0136615223" />
	</machine>
	<machine name="gamepac1">
		<description>GAMEPAC 1</description>
		<year>1977</year>
		<publisher>Processor Technology Corporation</publisher>
		<rom name="gamepac1.wav" size="4619686" crc="7e14238e" sha1="467eed03ef32b73bc06b33d64d117c7736bc1d08" />
	</machine>
	<machine name="gamepac2">
		<description>GAMEPAC 2</description>
		<year>1978</year>
		<publisher>Processor Technology Corporation</publisher>
		<rom name="gamepac2.wav" size="5118738" crc="f8136510" sha1="959e415bb65a7415365b4ccc7f60b8d7e9d48a3c" />
	</machine>
	<machine name="mbasic">
		<description>Microsoft BASIC Rev. 4.7</description>
		<year>1978</year>
		<publisher>GRT - Microsoft</publisher>
		<rom name="mbasic.wav" size="13548458" crc="cb407f7e" sha1="8cfa984fb01702a81616f5249b5234990f7879fd" />
	</machine>
	<machine name="music">
		<description>Music System</description>
		<year>1977</year>
		<publisher>Software Technology</publisher>
		<rom name="music.wav" size="13654040" crc="57fba4a5" sha1="5e86e80dcac037295958447f7fbb1e7461b6d8ea" />
	</machine>
	<machine name="pencil">
		<description>Electric Pencil Word Processor</description>
		<year>1977</year>
		<publisher>Shrayer, Michael</publisher>
		<rom name="pencil.wav" size="3303146" crc="b3407712" sha1="310d2707ae914c968913baa95827fdba0f1f8f24" />
	</machine>
	<machine name="pilot">
		<description>Cassette PILOT P/N 727112 Rev. A</description>
		<year>1978</year>
		<publisher>Processor Technology Corporation</publisher>
		<rom name="pilot.wav" size="19764422" crc="adc016f1" sha1="bc3b68cb2ac43977c0eaacfaa0786eed5e7644c0" />
	</machine>
	<machine name="prtsclib">
		<description>Proteus Cassette Software Library</description>
		<year>1979</year>
		<publisher>&lt;unknown&gt;</publisher>
		<rom name="proteus_1.svt" size="77646" crc="f40fd39a" sha1="fe0b70607dd556ba8dc5ffca7d087b68778cdbcf" />
		<rom name="proteus_2.svt" size="95354" crc="2b480f7b" sha1="06376865d8a0ce671c4a647c39f4ad2c4cef952d" />
		<rom name="proteus_3.svt" size="57116" crc="b2ee57f0" sha1="561f205f37affbaeba6ef7060f36044f268bf133" />
		<rom name="proteus_7.svt" size="178406" crc="da305795" sha1="e9ce5023d288f52c303beb480e2a63531661ff90" />
		<rom name="proteus_8.svt" size="79094" crc="d338d05a" sha1="8264f731acc676243e54d149d29b6cb13e691fa1" />
	</machine>
	<machine name="solprint">
		<description>Sol Printer I/O Software P/N 727056, Rev. A</description>
		<year>19??</year>
		<publisher>Processor Technology Corporation</publisher>
		<rom name="io_printer_sw.svt" size="56307" crc="46a4e367" sha1="8e5f0226dde3ea450077a945f9bf12c3c5b7ede3" />
	</machine>
	<machine name="spacegms">
		<description>SPACE GAMES</description>
		<year>19??</year>
		<publisher>Creative Computing Software</publisher>
		<rom name="spacegames.wav" size="18452132" crc="60f98ab1" sha1="ed2a5713ebf8bec7a68e48261c612693a68cdd51" />
	</machine>
	<machine name="stgygms2">
		<description>STRATEGY GAMES-2</description>
		<year>19??</year>
		<publisher>Creative Computing Software</publisher>
		<rom name="startegygames2.wav" size="25987662" crc="fffb8567" sha1="1bcd218311aafe4588fe0478df962ec1f8af9c1f" />
	</machine>
	<machine name="tad">
		<description>P.T. Extended Cassette BASIC on CP/M</description>
		<year>1979</year>
		<publisher>TAD Enterprises</publisher>
		<rom name="tad.svt" size="23446" crc="d9e60630" sha1="2cca9e3873a4acbfcde3ce4c417a9530f3c23de2" />
	</machine>
	<machine name="tinyc">
		<description>Tiny-C Solos</description>
		<year>1977</year>
		<publisher>Metron Computerware Inc.</publisher>
		<rom name="tinyc.svt" size="30719" crc="6140c147" sha1="294487f58ec607decb69900b169a6b03208a61b4" />
	</machine>
	<machine name="tinytrek">
		<description>TinyTrek; Tiny Star-Trek game in P.A. Tiny Basic</description>
		<year>19??</year>
		<publisher>&lt;unknown&gt;</publisher>
		<rom name="tinytrek.wav" size="7041650" crc="66c77155" sha1="dc7945d924e2c61847546715704d9506cdd3b599" />
	</machine>
	<machine name="trek80">
		<description>TREK-80</description>
		<year>19??</year>
		<publisher>Processor Technology Corporation</publisher>
		<rom name="trek80.wav" size="6757058" crc="f4c3c7b0" sha1="e5a7379841c4c667d9b9685dd4c336c53ed6d411" />
	</machine>
	<machine name="various1">
		<description>Various games written by Ray White</description>
		<year>19??</year>
		<publisher>Ray White</publisher>
		<rom name="deathmaze.wav" size="22839364" crc="7e6b1de5" sha1="40a12a0c6877017ab3871b6111b11a8d60ac43c5" />
		<rom name="feudal.wav" size="5993024" crc="0dfd68da" sha1="b1f6c06dac2524e0f55154d82a64cc5663969189" />
		<rom name="gobble.wav" size="1837334" crc="bce45a7b" sha1="2345f874e13042d6f6cb7a357ac18a49217b56b3" />
		<rom name="pacman.wav" size="3097786" crc="e3a7a2fa" sha1="9b101df9e2cf90ef28cc440e7d4ab4fcf520af9a" />
		<rom name="reversi.wav" size="3264338" crc="860ed4eb" sha1="2171dc8c0ee9106dfe5f903e037661455aa56f82" />
		<rom name="robot.wav" size="16010788" crc="49d7ae4d" sha1="c0ea68df70bcee9c06d36f3d34b8d1427cfc1a43" />
		<rom name="skullcave.wav" size="14070748" crc="05f5b866" sha1="32f943e8e411d4f5efdddf34809f31e18d64a097" />
		<rom name="stomp.wav" size="2083118" crc="cb9a7cc0" sha1="d7c425ab328f17be875ed9e913b901799d3bb6a1" />
		<rom name="tic_tac_toe.wav" size="1769420" crc="f7a06473" sha1="1502402948eaa0643fca77258922dc105764b4f2" />
	</machine>
	<machine name="various2">
		<description>Standalone software of various origins</description>
		<year>19??</year>
		<publisher>&lt;unknown&gt;</publisher>
		<rom name="battleship.wav" size="3952370" crc="691fe9fb" sha1="e16eeb4adee1e4d5a27bd113e14c89d928e32a50" />
		<rom name="chase.wav" size="1618232" crc="428a016c" sha1="d13830b5b6d0398343ff1db4d82eda0b06cb80c9" />
		<rom name="chkr2.wav" size="8549502" crc="74840765" sha1="82d6535d4973b57c5663272d9092f959433f4b1f" />
		<rom name="deflect.wav" size="926156" crc="01de1b7e" sha1="86cc9f4cbdc02391b2b5d528a3b059adb6a29f45" />
		<rom name="microchess.wav" size="3717098" crc="4812c7a1" sha1="75f486742f5eb38b8a3d60f3b0e53bf390623370" />
		<rom name="minefield.wav" size="4671448" crc="5a763441" sha1="43a806759dc123a14c35fd067b1e6cd87583665b" />
		<rom name="piranha.wav" size="2151032" crc="bddaf8d8" sha1="490ebaa76ca51bc5e453dce14e1467c6e5c790a7" />
		<rom name="raiders.wav" size="3954796" crc="b3354e6d" sha1="95b2cfbe37d2aab743a417a56cddf338edc902cb" />
		<rom name="target.wav" size="577692" crc="7be287fa" sha1="f5868f21b1045620c3d1d34b8da43a6a545d7d7c" />
	</machine>
</datafile>