<?xml version="1.0" encoding="utf-8"?>
<!DOCTYPE datafile PUBLIC "-//Logiqx//DTD ROM Management Datafile//EN" "http://www.logiqx.com/Dats/datafile.dtd">
<datafile>
	<header>
		<name>MAME CHDs (merged)</name>
		<description>MAME CHDs (merged)</description>
		<version>0.78</version>
		<author>Pleasuredome</author>
		<clrmamepro forcepacking="unzip"/>
	</header>
	<machine name="area51mx">
		<description>Area 51 / Maximum Force Duo v2.0</description>
		<year>1998</year>
		<manufacturer>Atari Games</manufacturer>
		<disk name="area51mx" sha1="7e629045eb5baa8cd522273befffbf8520828938" />
	</machine>
	<machine name="area51">
		<description>Area 51</description>
		<year>1995</year>
		<manufacturer>Atari Games</manufacturer>
		<disk name="area51" sha1="9ea749404c9a5d44f407cdb8803293ec0d61410d" />
	</machine>
	<machine name="biofreak">
		<description>BioFreaks (prototype)</description>
		<year>1997</year>
		<manufacturer>Midway Games</manufacturer>
		<disk name="biofreak" sha1="88b87cb651b97eac117c9342127938e30dc8c138" />
	</machine>
	<machine name="blitz2k">
		<description>NFL Blitz 2000</description>
		<year>1999</year>
		<manufacturer>Midway Games</manufacturer>
		<disk name="blitz2k" sha1="153a7df368833cd5f5a52c3fe17045c5549a0c17" />
	</machine>
	<machine name="blitz99">
		<description>NFL Blitz '99</description>
		<year>1998</year>
		<manufacturer>Midway Games</manufacturer>
		<disk name="blitz99" sha1="4675751875943b756c8db6997fd288938a7999bb" />
	</machine>
	<machine name="blitz">
		<description>NFL Blitz</description>
		<year>1997</year>
		<manufacturer>Midway Games</manufacturer>
		<disk name="blitz" sha1="0f001488b3709d40cee5e278603df2bbae1116b8" />
	</machine>
	<machine name="bm1stmix">
		<description>beatmania (ver JA-B)</description>
		<year>1997</year>
		<manufacturer>Konami</manufacturer>
		<disk name="753jaa11" sha1="71d200d1bd3f1f3a01f4daa78dc9abcca8b8a1fb" />
	</machine>
	<machine name="bm2ndmix">
		<description>beatmania 2nd MIX (ver JA-B)</description>
		<year>1998</year>
		<manufacturer>Konami</manufacturer>
		<disk name="853jaa11" sha1="03d6cc5aea5920163fbaba34c4f838ca605a87e3" />
	</machine>
	<machine name="bm4thmix">
		<description>beatmania 4th MIX (ver JA-A)</description>
		<year>1999</year>
		<manufacturer>Konami</manufacturer>
		<disk name="847jaa11" sha1="374d5d5340d4a8818577f9ae81021651d6ee3429" />
	</machine>
	<machine name="bmcompmx">
		<description>beatmania complete MIX (ver JA-B)</description>
		<year>1999</year>
		<manufacturer>Konami</manufacturer>
		<disk name="858jaa11" sha1="86f8bb393d3db3c3f492f007a5b4eaec58dfca09" />
	</machine>
	<machine name="bmcorerm">
		<description>beatmania CORE REMIX (ver JA-A)</description>
		<year>2000</year>
		<manufacturer>Konami</manufacturer>
		<disk name="a05jaa11" sha1="1a45e99667c158517d8edcd66453cd56631b5f6a" />
	</machine>
	<machine name="bmdct">
		<description>beatmania f. Dreams Come True (ver JA-A)</description>
		<year>2000</year>
		<manufacturer>Konami</manufacturer>
		<disk name="995jaa11" sha1="deed0fca533f3e56e04f9967f3f76145ca106f06" />
	</machine>
	<machine name="calspeed">
		<description>California Speed</description>
		<year>1998</year>
		<manufacturer>Atari Games</manufacturer>
		<disk name="calspeed" sha1="e6cbc8290af2df9704838a925cb43b6972b80d95" />
	</machine>
	<machine name="carnevil">
		<description>CarnEvil</description>
		<year>1998</year>
		<manufacturer>Midway Games</manufacturer>
		<disk name="carnevil" sha1="5e6524d4b97de141c38e301a17e8af15661cb5d6" />
	</machine>
	<machine name="cryptklr">
		<description>Crypt Killer (ver. UAA)</description>
		<year>1995</year>
		<manufacturer>Konami</manufacturer>
		<disk name="420uaa04" sha1="18fe867c44982bacf0d3ff8453487cd06425a6b7" />
	</machine>
	<machine name="hmcompm2">
		<description>hiphopmania complete MIX 2 (ver UA-A)</description>
		<year>2000</year>
		<manufacturer>Konami</manufacturer>
		<disk name="988jaa11" sha1="9ccc04973b035d20dada83842c8ee5387472870e" />
	</machine>
	<machine name="jdredd">
		<description>Judge Dredd (Rev C)</description>
		<year>1996</year>
		<manufacturer>Acclaim</manufacturer>
		<disk name="jdreddb" sha1="9b810e3a16de62cabfc8271b6606574c7034cf41" />
		<disk name="jdreddc" sha1="83ed8df25d100b1c060f4dde2f162ba31803db7d" />
	</machine>
	<machine name="kinst2">
		<description>Killer Instinct 2 (v2.1)</description>
		<year>1994</year>
		<manufacturer>Rare</manufacturer>
		<disk name="kinst2" sha1="ab0242233d2eaf9d907abe246a54e09a8a2561a5" />
	</machine>
	<machine name="kinst">
		<description>Killer Instinct (v1.0)</description>
		<year>1994</year>
		<manufacturer>Rare</manufacturer>
		<disk name="kinst" sha1="a37a2c5e52ea936a715210d237874dd573bb002f" />
	</machine>
	<machine name="mace">
		<description>Mace: The Dark Age</description>
		<year>1996</year>
		<manufacturer>Atari Games</manufacturer>
		<disk name="mace" sha1="e2cce4ff2e15267b7008422252bdf62b188cf743" />
	</machine>
	<machine name="maxforce">
		<description>Maximum Force v1.05</description>
		<year>1996</year>
		<manufacturer>Atari Games</manufacturer>
		<disk name="maxforce" sha1="59d77280afdb2d1f801ee81786aa7d3166ec2695" />
	</machine>
	<machine name="sfrush">
		<description>San Francisco Rush</description>
		<year>1996</year>
		<manufacturer>Atari Games</manufacturer>
		<disk name="sfrush" sha1="0e5805e255e91f08c9802a04b42056d61ba5eb41" />
	</machine>
	<machine name="vcircle">
		<description>Vicious Circle (prototype)</description>
		<year>1996</year>
		<manufacturer>Atari Games</manufacturer>
		<disk name="vcircle" sha1="f1d3e3d081d10ec42d07cd695d52b44812264983" />
	</machine>
	<machine name="wargods">
		<description>War Gods</description>
		<year>1995</year>
		<manufacturer>Midway</manufacturer>
		<disk name="wargods" sha1="4b02f8f33027a0e7b2c750c10da1fe22222b3e1e" />
	</machine>
	<machine name="wg3dh">
		<description>Wayne Gretzky's 3D Hockey</description>
		<year>1996</year>
		<manufacturer>Atari Games</manufacturer>
		<disk name="wg3dh" sha1="c12875036487a9324734012e601d1f234d2e783e" />
	</machine>
</datafile>