<?xml version="1.0" encoding="utf-8"?>
<!DOCTYPE datafile PUBLIC "-//Logiqx//DTD ROM Management Datafile//EN" "http://www.logiqx.com/Dats/datafile.dtd">
<datafile>
	<header>
		<name>32x</name>
		<description>Sega 32X cartridges</description>
		<version></version>
		<author></author>
	</header>
	<machine name="36great">
		<description>36 Great Holes Starring Fred Couples (Euro)</description>
		<year>1994</year>
		<publisher>Sega</publisher>
		<rom name="golf magazine 36 great holes starring fred couples (europe).bin" size="3145728" crc="6ef99202" sha1="55848f7c54533fd2a19011db661ef261cd8bdb22" />
	</machine>
	<machine name="36greatju">
		<description>36 Great Holes Starring Fred Couples (Jpn, USA)</description>
		<year>1994</year>
		<publisher>Sega</publisher>
		<rom name="golf magazine 36 great holes starring fred couples (japan, usa).bin" size="3145728" crc="d3d0a2fe" sha1="dc77b1e5c888c2c4284766915a5020bb14ee681d" />
	</machine>
	<machine name="36greatp1">
		<description>36 Great Holes starring Fred Couples (USA, prototype, 19941221)</description>
		<year>1994</year>
		<publisher>Sega</publisher>
		<rom name="36 great holes starring fred couples (prototype - dec 21, 1994).bin" size="3145728" crc="3893dcfe" sha1="23e84ec4d8cec09992fcff323f32f49f44d23cd2" />
	</machine>
	<machine name="36greatp2">
		<description>36 Great Holes starring Fred Couples (USA, prototype, 19941219)</description>
		<year>1994</year>
		<publisher>Sega</publisher>
		<rom name="36 great holes starring fred couples (prototype - dec 19, 1994).bin" size="3145728" crc="c073149f" sha1="e28ab68e8aed7aa8e9f33a6e9c68678272df4d95" />
	</machine>
	<machine name="36greatp3">
		<description>36 Great Holes starring Fred Couples (Euro, prototype, 19941214)</description>
		<year>1994</year>
		<publisher>Sega</publisher>
		<rom name="36 great holes starring fred couples (prototype - dec 14, 1994).bin" size="3145728" crc="a63b0636" sha1="f78481e57111295c2f5aeb64cd306c3c5fbf6d97" />
	</machine>
	<machine name="36greatp4">
		<description>36 Great Holes starring Fred Couples (Euro, prototype, 19941213)</description>
		<year>1994</year>
		<publisher>Sega</publisher>
		<rom name="36 great holes starring fred couples (prototype - dec 13, 1994).bin" size="3145728" crc="34bf7c6d" sha1="6398a442595650d70a5ce20a52331899c0dfaf62" />
	</machine>
	<machine name="36greatp5">
		<description>36 Great Holes starring Fred Couples (USA, prototype, 19941206)</description>
		<year>1994</year>
		<publisher>Sega</publisher>
		<rom name="36 great holes starring fred couples (prototype - dec 06, 1994).bin" size="3145728" crc="ecfe5a0f" sha1="af8eadcf49d0700c7479648865cc08cd40bc2808" />
	</machine>
	<machine name="36greatp6">
		<description>36 Great Holes starring Fred Couples (USA, prototype, 19941203)</description>
		<year>1994</year>
		<publisher>Sega</publisher>
		<rom name="36 great holes starring fred couples (prototype - dec 03, 1994).bin" size="3145728" crc="3f30c0d2" sha1="7ca51ad03ebb95f017a1b900a4a1592876d0d5c2" />
	</machine>
	<machine name="36greatp7">
		<description>36 Great Holes starring Fred Couples (USA, prototype, 19941202)</description>
		<year>1994</year>
		<publisher>Sega</publisher>
		<rom name="36 great holes starring fred couples (prototype - dec 02, 1994).bin" size="3145728" crc="323c2935" sha1="5b1140e33357a3d0fdc056ab5a350d588b5e5af9" />
	</machine>
	<machine name="36greatp8">
		<description>36 Great Holes starring Fred Couples (USA, prototype, 19941130)</description>
		<year>1994</year>
		<publisher>Sega</publisher>
		<rom name="36 great holes starring fred couples (prototype - nov 30, 1994).bin" size="3145728" crc="41e2d54d" sha1="19681b2e5d1eafaa09401dca296bea884fbc08c1" />
	</machine>
	<machine name="36greatp9">
		<description>36 Great Holes starring Fred Couples (USA, prototype, 19941129)</description>
		<year>1994</year>
		<publisher>Sega</publisher>
		<rom name="36 great holes starring fred couples (prototype - nov 29, 1994).bin" size="3145728" crc="9c5011b0" sha1="5658febd37534280962dc6801efc10604b07603f" />
	</machine>
	<machine name="36greatp10">
		<description>36 Great Holes starring Fred Couples (USA, prototype, 19941128-B)</description>
		<year>1994</year>
		<publisher>Sega</publisher>
		<rom name="36 great holes starring fred couples (prototype - nov 28, 1994 - b).bin" size="3145728" crc="8f4f6479" sha1="e341e5fca64def64c019310d4f551ff48908291b" />
	</machine>
	<machine name="36greatp11">
		<description>36 Great Holes starring Fred Couples (USA, prototype, 19941128)</description>
		<year>1994</year>
		<publisher>Sega</publisher>
		<rom name="36 great holes starring fred couples (prototype - nov 28, 1994).bin" size="3145728" crc="38d09772" sha1="f0d06074b1b5ce2df77fdaaf74620158efb7f875" />
	</machine>
	<machine name="36greatp12">
		<description>36 Great Holes starring Fred Couples (USA, prototype, 19941127)</description>
		<year>1994</year>
		<publisher>Sega</publisher>
		<rom name="36 great holes starring fred couples (prototype - nov 27, 1994).bin" size="3145728" crc="b5e82f07" sha1="afa1f5c2dab7de2114d3a34794785b0d6768d95c" />
	</machine>
	<machine name="36greatp13">
		<description>36 Great Holes starring Fred Couples (USA, prototype, 19941126)</description>
		<year>1994</year>
		<publisher>Sega</publisher>
		<rom name="36 great holes starring fred couples (prototype - nov 26, 1994).bin" size="3145728" crc="2ece26db" sha1="541ddfac44323c589ad23f51a5be984ecfa55539" />
	</machine>
	<machine name="36greatp14">
		<description>36 Great Holes starring Fred Couples (USA, prototype, 19941123)</description>
		<year>1994</year>
		<publisher>Sega</publisher>
		<rom name="36 great holes starring fred couples (prototype - nov 23, 1994).bin" size="3136724" crc="0b58f6a5" sha1="fa2f2d3887bb3e6010a5c13289f63681cac0404a" />
	</machine>
	<machine name="36greatp15">
		<description>36 Great Holes starring Fred Couples (USA, prototype, 19941122-B)</description>
		<year>1994</year>
		<publisher>Sega</publisher>
		<rom name="36 great holes starring fred couples (prototype - nov 22, 1994 - b).bin" size="3136724" crc="6b656643" sha1="0590ff4405fcd0ca8f2fc5293690330fdf63127a" />
	</machine>
	<machine name="36greatp16">
		<description>36 Great Holes starring Fred Couples (USA, prototype, 19941122)</description>
		<year>1994</year>
		<publisher>Sega</publisher>
		<rom name="36 great holes starring fred couples (prototype - nov 22, 1994).bin" size="3136724" crc="e1e98cac" sha1="a6bee7800f73e2ca12381432154b636ddd279412" />
	</machine>
	<machine name="36greatp17">
		<description>36 Great Holes starring Fred Couples (USA, prototype, 19941121)</description>
		<year>1994</year>
		<publisher>Sega</publisher>
		<rom name="36 great holes starring fred couples (prototype - nov 21, 1994).bin" size="3136724" crc="8d0713ce" sha1="34d7bf6b86c877ab068390f660073016a95711e3" />
	</machine>
	<machine name="36greatp18">
		<description>36 Great Holes starring Fred Couples (USA, prototype, 19941119-B)</description>
		<year>1994</year>
		<publisher>Sega</publisher>
		<rom name="36 great holes starring fred couples (prototype - nov 19, 1994 - b).bin" size="3145728" crc="8fa32086" sha1="5fc3837ba3b98f9f2c560d3775da969798a150ee" />
	</machine>
	<machine name="36greatp19">
		<description>36 Great Holes starring Fred Couples (USA, prototype, 19941119)</description>
		<year>1994</year>
		<publisher>Sega</publisher>
		<rom name="36 great holes starring fred couples (prototype - nov 19, 1994).bin" size="3136736" crc="da1026c8" sha1="2ea5fcdffa9b8f22b1468eeb2e76134d3f1b3be6" />
	</machine>
	<machine name="36greatp20">
		<description>36 Great Holes starring Fred Couples (USA, prototype, 19941118)</description>
		<year>1994</year>
		<publisher>Sega</publisher>
		<rom name="36 great holes starring fred couples (prototype - nov 18, 1994).bin" size="3136712" crc="dc4c7c27" sha1="abe1d16dff2b2c1752e2f47bb15f97f049d6bfc0" />
	</machine>
	<machine name="36greatp21">
		<description>36 Great Holes starring Fred Couples (USA, prototype, 19941116)</description>
		<year>1994</year>
		<publisher>Sega</publisher>
		<rom name="36 great holes starring fred couples (prototype - nov 16, 1994).bin" size="3136712" crc="ccb9fead" sha1="3bff7d113fa7487d015a54d8f27050f2cf296106" />
	</machine>
	<machine name="36greatp22">
		<description>36 Great Holes starring Fred Couples (USA, prototype, 19941110)</description>
		<year>1994</year>
		<publisher>Sega</publisher>
		<rom name="36 great holes starring fred couples (prototype - nov 10, 1994).bin" size="3136712" crc="5226ef71" sha1="33620d0bb49c52a24563958b4caec883b2009a90" />
	</machine>
	<machine name="36greatp23">
		<description>36 Great Holes starring Fred Couples (USA, prototype, 19941108)</description>
		<year>1994</year>
		<publisher>Sega</publisher>
		<rom name="36 great holes starring fred couples (prototype - nov 08, 1994).bin" size="3136712" crc="bcaf23fd" sha1="f317903c11777991417abf95cc45d4888bee25d6" />
	</machine>
	<machine name="36greatp24">
		<description>36 Great Holes starring Fred Couples (USA, prototype, 19941107)</description>
		<year>1994</year>
		<publisher>Sega</publisher>
		<rom name="36 great holes starring fred couples (prototype - nov 07, 1994).bin" size="3136712" crc="36b1708e" sha1="ea7539dbeaa86fdc36132e85be48f6577fb6dbb9" />
	</machine>
	<machine name="36greatp25">
		<description>36 Great Holes starring Fred Couples (USA, prototype, 19941105)</description>
		<year>1994</year>
		<publisher>Sega</publisher>
		<rom name="36 great holes starring fred couples (prototype - nov 05, 1994).bin" size="3136712" crc="1559541e" sha1="eff8337257b0cc6221ce459d32191f7d63450d1c" />
	</machine>
	<machine name="36greatp26">
		<description>36 Great Holes starring Fred Couples (USA, prototype, 19941103)</description>
		<year>1994</year>
		<publisher>Sega</publisher>
		<rom name="36 great holes starring fred couples (prototype - nov 03, 1994).bin" size="3136712" crc="d261a6c3" sha1="7c295cb39408d21835b76c2c1aeb03b659094593" />
	</machine>
	<machine name="36greatp27">
		<description>36 Great Holes starring Fred Couples (USA, prototype, 19941101)</description>
		<year>1994</year>
		<publisher>Sega</publisher>
		<rom name="36 great holes starring fred couples (prototype - nov 01, 1994).bin" size="3136928" crc="91106a69" sha1="f6b944876b40b5a52bf1293b71373cb3f5c71a14" />
	</machine>
	<machine name="36greatp28">
		<description>36 Great Holes starring Fred Couples (USA, prototype, 19941026)</description>
		<year>1994</year>
		<publisher>Sega</publisher>
		<rom name="36 great holes starring fred couples (prototype - oct 26, 1994).bin" size="3090528" crc="37a79c9c" sha1="91d78a15094c20fb6a8103d5addbaa4f90d199b8" />
	</machine>
	<machine name="36greatp29">
		<description>36 Great Holes starring Fred Couples (USA, prototype, 19941024)</description>
		<year>1994</year>
		<publisher>Sega</publisher>
		<rom name="36 great holes starring fred couples (prototype - oct 24, 1994).bin" size="3090536" crc="ffe279cc" sha1="2093a7437062dc21c4440a360dd177102ca6cc88" />
	</machine>
	<machine name="36greatp30">
		<description>36 Great Holes starring Fred Couples (USA, prototype, 19941018)</description>
		<year>1994</year>
		<publisher>Sega</publisher>
		<rom name="36 great holes starring fred couples (prototype - oct 18, 1994).bin" size="4194304" crc="e39ba17f" sha1="41e12cb8465acb6e0180deea9b34c2554e3f79e1" />
	</machine>
	<machine name="36greatp31">
		<description>36 Great Holes starring Fred Couples (USA, prototype, 19941017)</description>
		<year>1994</year>
		<publisher>Sega</publisher>
		<rom name="36 great holes starring fred couples (prototype - oct 17, 1994).bin" size="3001124" crc="cbd33fc7" sha1="83b70bea9efa281dd5119334a28ef33bc7426325" />
	</machine>
	<machine name="36greatp32">
		<description>36 Great Holes starring Fred Couples (USA, prototype, 19941011)</description>
		<year>1994</year>
		<publisher>Sega</publisher>
		<rom name="36 great holes starring fred couples (prototype - oct 11, 1994).bin" size="3001124" crc="622a34a5" sha1="94c994ce74377ec726b4c0803b51fd4ca6cc4389" />
	</machine>
	<machine name="36greatp33">
		<description>36 Great Holes starring Fred Couples (USA, v1.x prototype, 19940706)</description>
		<year>1994</year>
		<publisher>Sega</publisher>
		<rom name="36 great holes starring fred couples (32x rev1.x) (prototype - jul 06, 1994).bin" size="1057122" crc="6726c100" sha1="6a066c44d71199d62dbc368efbc371dd01cc95e1" />
	</machine>
	<machine name="36greatp">
		<description>36 Great Holes starring Fred Couples (Euro, prototype, 19941221-B)</description>
		<year>1994</year>
		<publisher>Sega</publisher>
		<rom name="36 great holes starring fred couples (prototype - dec 21, 1994 - b).bin" size="3145728" crc="cc0334bb" sha1="6a1801ef96cc8c4a6896ab55e105f7fa8d707f51" />
	</machine>
	<machine name="aburner">
		<description>After Burner Complete (Euro)</description>
		<year>1994</year>
		<publisher>Sega</publisher>
		<rom name="after burner complete (europe).bin" size="2097152" crc="029106f5" sha1="c7d56cc75dc9a5206fda6a080cbedae9f48c82bc" />
	</machine>
	<machine name="aburnerju">
		<description>After Burner (USA) ~ After Burner Complete (Jpn)</description>
		<year>1994</year>
		<publisher>Sega</publisher>
		<rom name="mpr-17534-u.ic1" size="2097152" crc="204044c4" sha1="9cf575feb036e2f26e78350154d5eb2fd3825325" />
	</machine>
	<machine name="bcracers">
		<description>BC Racers (USA)</description>
		<year>1995</year>
		<publisher>Front Street Publishing</publisher>
		<rom name="bc racers (usa).bin" size="3145728" crc="936c3d27" sha1="9b5fd499eaa442d48a2c97fceb1d505dc8e8ddff" />
	</machine>
	<machine name="blackthr">
		<description>Blackthorne (USA)</description>
		<year>1994</year>
		<publisher>Sega</publisher>
		<rom name="blackthorne (usa).bin" size="3145728" crc="d1a60a47" sha1="4bf120cf056fe1417ca5b02fa0372ef33cb8ec11" />
	</machine>
	<machine name="brutal">
		<description>Brutal Unleashed - Above the Claw (USA)</description>
		<year>1995</year>
		<publisher>GameTek</publisher>
		<rom name="brutal unleashed - above the claw (usa).bin" size="3145728" crc="7a72c939" sha1="40aa2c787f37772cdbd7280b8be06b15421fabae" />
	</machine>
	<machine name="cf2">
		<description>Clay Fighter 2 (Euro, USA, Jpn, prototype 19950429)</description>
		<year>1995</year>
		<publisher>Sega</publisher>
		<rom name="clayfighter 2 32x even 4-29-95.u2" size="524288" crc="5cc3c228" sha1="7ebad951b63619c65b848018a774082364d57964" />
		<rom name="clayfighter 2 32x odd 4-28-95.u1" size="524288" crc="55cd507f" sha1="82a620ad9d8de5cdda5504401625dc44011c4444" />
	</machine>
	<machine name="chaotix">
		<description>Chaotix (Euro)</description>
		<year>1995</year>
		<publisher>Sega</publisher>
		<rom name="knuckles' chaotix (europe).bin" size="3145728" crc="41d63572" sha1="5c1a2e327a656217604d4bae7e141764a7e59922" />
	</machine>
	<machine name="chaotixju">
		<description>Chaotix (Jpn, USA)</description>
		<year>1995</year>
		<publisher>Sega</publisher>
		<rom name="chaotix ~ knuckles' chaotix (japan, usa).bin" size="3145728" crc="d0b0b842" sha1="0c2fff7bc79ed26507c08ac47464c3af19f7ced7" />
	</machine>
	<machine name="chaotixjup1">
		<description>Chaotix (Jpn, USA, prototype 0213, 19950213, 07.30)</description>
		<year>1995</year>
		<publisher>Sega</publisher>
		<rom name="knuckles' chaotix (prototype 0213 - feb 13, 1995, 07.30).bin" size="3145728" crc="14f43e14" sha1="0cbbcc96f23917feb844469163bc8ab14da94816" />
	</machine>
	<machine name="chaotixjup2">
		<description>Chaotix (Jpn, USA, prototype 213B, 19950213, 06.46)</description>
		<year>1995</year>
		<publisher>Sega</publisher>
		<rom name="knuckles' chaotix (prototype 213b - feb 13, 1995, 06.46).bin" size="3145728" crc="aff06bff" sha1="88b122398c1b25f432ae845b799f1308f51aa055" />
	</machine>
	<machine name="chaotixjup3">
		<description>Chaotix (Jpn, USA, prototype 210, 19950210, 06.28)</description>
		<year>1995</year>
		<publisher>Sega</publisher>
		<rom name="knuckles' chaotix (prototype 210 - feb 10, 1995, 06.28).bin" size="3145728" crc="7b716175" sha1="4c13842abeda86ce6577da67ba5fc24fbfbdc0de" />
	</machine>
	<machine name="chaotixjup4">
		<description>Chaotix (Jpn, USA, prototype 209, 19950209, 08.25)</description>
		<year>1995</year>
		<publisher>Sega</publisher>
		<rom name="knuckles' chaotix (prototype 209 - feb 09, 1995, 08.25).bin" size="3145728" crc="e95d7f57" sha1="01c9f4614f282a05b3e86701b4ca18a1a0e1889c" />
	</machine>
	<machine name="chaotixjup5">
		<description>Chaotix (Jpn, USA, prototype 208, 19950208, 11.17)</description>
		<year>1995</year>
		<publisher>Sega</publisher>
		<rom name="knuckles' chaotix (prototype 208 - feb 08, 1995, 11.17).bin" size="3145728" crc="b099e5f6" sha1="d965d12c8cce09683d80c08d06c74b7c6e7b8dab" />
	</machine>
	<machine name="chaotixjup6">
		<description>Chaotix (Jpn, USA, prototype 0202, 19950207, 15.25)</description>
		<year>1995</year>
		<publisher>Sega</publisher>
		<rom name="knuckles' chaotix (prototype 0202 - feb 07, 1995, 15.25).bin" size="3145728" crc="7b32e440" sha1="4e4af26f944cf3b5d99f60f37b20dc67207a4fbe" />
	</machine>
	<machine name="chaotixjup7">
		<description>Chaotix (Jpn, USA, prototype 119, 19950119, 07.04)</description>
		<year>1995</year>
		<publisher>Sega</publisher>
		<rom name="knuckles' chaotix (prototype 119 - jan 19, 1995, 07.04).bin" size="4194304" crc="468ad032" sha1="2b1a5f19113fa4015437ede5a195c5dfb377e5be" />
	</machine>
	<machine name="chaotixjup8">
		<description>Chaotix (Jpn, USA, prototype 0111, 19950112, 09.36)</description>
		<year>1995</year>
		<publisher>Sega</publisher>
		<rom name="knuckles' chaotix (prototype 0111 - jan 12, 1995, 09.36).bin" size="4194304" crc="5523ea78" sha1="882ce770f32f4af61ac422accecc8a84e1c52cd3" />
	</machine>
	<machine name="chaotixjup9">
		<description>Chaotix (Jpn, USA, prototype 1207, 19941207, 07.15)</description>
		<year>1995</year>
		<publisher>Sega</publisher>
		<rom name="knuckles' chaotix (prototype 1207 - dec 07, 1994, 07.15).bin" size="3145728" crc="d62ae235" sha1="150dace1482ebf38a0f6242be6d8b7ea19f8a737" />
	</machine>
	<machine name="chaotixjup10">
		<description>Chaotix (Jpn, USA, prototype 1227, 19941227, 10.28)</description>
		<year>1995</year>
		<publisher>Sega</publisher>
		<rom name="knuckles' chaotix (prototype 1227 - dec 27, 1994, 10.28).bin" size="4194304" crc="4307d738" sha1="c62a8be339ffd9dd182a3f8e60b6e27225cfc5f2" />
	</machine>
	<machine name="chaotixjup11">
		<description>Chaotix (Jpn, USA, prototype 1229, 19941230, 15.31)</description>
		<year>1995</year>
		<publisher>Sega</publisher>
		<rom name="knuckles' chaotix (prototype 1229 - dec 30, 1994, 15.31).bin" size="4194304" crc="36a294e0" sha1="883c7748c3c352b44238d2bdc9152ac9651e99fb" />
	</machine>
	<machine name="chaotixjup">
		<description>Chaotix (Jpn, USA, prototype 214, 19950214, 06.46)</description>
		<year>1995</year>
		<publisher>Sega</publisher>
		<rom name="knuckles' chaotix (prototype 214 - feb 14, 1995, 06.46).bin" size="3145728" crc="ba0a1108" sha1="af3bfd9540098581aef08664d625725ffcc90be2" />
	</machine>
	<machine name="cosmicc">
		<description>Cosmic Carnage (Euro)</description>
		<year>1994</year>
		<publisher>Sega</publisher>
		<rom name="cosmic carnage (europe).bin" size="3145728" crc="9f3fdbc2" sha1="900e8ecdcc4460b4c4af3873e1d6bc83da4aee99" />
	</machine>
	<machine name="cosmiccp1">
		<description>Cyber Brawl (Jpn) ~ Cosmic Carnage (USA) (prototype, 19941007)</description>
		<year>1994</year>
		<publisher>Sega</publisher>
		<rom name="cosmic carnage (prototype - oct 07, 1994).bin" size="3145728" crc="d8b04c24" sha1="c051de6dccc48352d51650f2712dbc7d62a1ec1a" />
	</machine>
	<machine name="cosmiccp2">
		<description>Cyber Brawl (Jpn) ~ Cosmic Carnage (USA) (prototype, 19941005)</description>
		<year>1994</year>
		<publisher>Sega</publisher>
		<rom name="cosmic carnage (prototype - oct 05, 1994).bin" size="3145728" crc="bfe27f56" sha1="99bb4c98c7de0668934ab91a6eb01c9f680918b9" />
	</machine>
	<machine name="cosmiccp3">
		<description>Cyber Brawl (Jpn) ~ Cosmic Carnage (USA) (prototype, 19941004)</description>
		<year>1994</year>
		<publisher>Sega</publisher>
		<rom name="cosmic carnage (prototype - oct 04, 1994).bin" size="3145728" crc="c6867772" sha1="17cf3d4671a3313764df42e0f9a25133b0dc4ec9" />
	</machine>
	<machine name="cosmiccp4">
		<description>Cyber Brawl (Jpn) ~ Cosmic Carnage (USA) (prototype, 19940928)</description>
		<year>1994</year>
		<publisher>Sega</publisher>
		<rom name="cosmic carnage (prototype - sep 28, 1994).bin" size="3145728" crc="cf89175f" sha1="443c961bfc441b4d0ace5f6e0a8d1bb7abf8ac28" />
	</machine>
	<machine name="cosmiccp5">
		<description>Cyber Brawl (Jpn) ~ Cosmic Carnage (USA) (prototype, 19940926)</description>
		<year>1994</year>
		<publisher>Sega</publisher>
		<rom name="cosmic carnage (prototype - sep 26, 1994).bin" size="3145728" crc="f04f4366" sha1="512d3c9b51e2f3015265dc78757363f45fc0a788" />
	</machine>
	<machine name="cosmiccp6">
		<description>Cyber Brawl (Jpn) ~ Cosmic Carnage (USA) (prototype, 19940921)</description>
		<year>1994</year>
		<publisher>Sega</publisher>
		<rom name="cosmic carnage (prototype - sep 21, 1994).bin" size="4194304" crc="7b58141c" sha1="926996f4b1f935ce4c3b46e902171c4b4da16385" />
	</machine>
	<machine name="cosmiccp7">
		<description>Cyber Brawl (Jpn) ~ Cosmic Carnage (USA) (prototype, 19940906)</description>
		<year>1994</year>
		<publisher>Sega</publisher>
		<rom name="cosmic carnage (prototype - sep 06, 1994).bin" size="3145728" crc="d4166241" sha1="f84006cee56748bf2c7249dec3c356409cb0e0a5" />
	</machine>
	<machine name="cosmiccp">
		<description>Cyber Brawl (Jpn) ~ Cosmic Carnage (USA) (prototype, 19941011)</description>
		<year>1994</year>
		<publisher>Sega</publisher>
		<rom name="cosmic carnage (prototype - oct 11, 1994).bin" size="3145728" crc="e483498b" sha1="bbdfe2b276c255247225efd1e8348be57a42ef4a" />
	</machine>
	<machine name="cyberb">
		<description>Cyber Brawl (Jpn) ~ Cosmic Carnage (USA)</description>
		<year>1994</year>
		<publisher>Sega</publisher>
		<rom name="cyber brawl ~ cosmic carnage (japan, usa).bin" size="3145728" crc="7c7be6a2" sha1="9a563ed821b483148339561ebd2b876efa58847b" />
	</machine>
	<machine name="darxide">
		<description>Darxide (Euro)</description>
		<year>1995</year>
		<publisher>Sega</publisher>
		<rom name="darxide (europe) (en,fr,de,es).bin" size="2097152" crc="22d7c906" sha1="108b4ffed8643abdefa921cfb58389b119b47f3d" />
	</machine>
	<machine name="doom">
		<description>Doom (Euro)</description>
		<year>1994</year>
		<publisher>Sega</publisher>
		<rom name="mpr-17351-f.ic1" size="2097152" crc="e0ef6ebc" sha1="30258efdcacb6c49873ef7de466c1b393e27b79d" />
		<rom name="mpr-17352-f.ic2" size="1048576" crc="c7079709" sha1="0f22e68e3013fa7e4110cddbe989986d2639833b" />
	</machine>
	<machine name="doomju">
		<description>Doom (Jpn, USA)</description>
		<year>1994</year>
		<publisher>Sega</publisher>
		<rom name="doom (japan, usa).bin" size="3145728" crc="208332fd" sha1="b68e9c7af81853b8f05b8696033dfe4c80327e38" />
	</machine>
	<machine name="doomp1">
		<description>Doom (Euro, prototype, 19941002)</description>
		<year>1994</year>
		<publisher>Sega</publisher>
		<rom name="doom (prototype - oct 02, 1994).bin" size="4194304" crc="6182e821" sha1="2945da1e6452b194fbbe44a685864a2000ea5cfd" />
	</machine>
	<machine name="doomp2">
		<description>Doom (USA, prototype, 19940928)</description>
		<year>1994</year>
		<publisher>Sega</publisher>
		<rom name="doom (prototype - sep 28, 1994).bin" size="3145728" crc="12991053" sha1="f7539c406821b5ae4bcb0f41fe2839d07ab1fdb2" />
	</machine>
	<machine name="doomp3">
		<description>Doom (prototype, 19940925)</description>
		<year>1994</year>
		<publisher>Sega</publisher>
		<rom name="doom (prototype - sep 25, 1994).bin" size="3145728" crc="b9ae1316" sha1="c3e78c38cfd2516f943a10f435664ba06790f1c4" />
	</machine>
	<machine name="doomp4">
		<description>Doom (prototype, 19940923)</description>
		<year>1994</year>
		<publisher>Sega</publisher>
		<rom name="doom (prototype - sep 23, 1994).bin" size="3145728" crc="abc3eb89" sha1="e472548171a4e6183f16618bfcb5b6c09e7d6744" />
	</machine>
	<machine name="doomp5">
		<description>Doom (prototype, 19940921)</description>
		<year>1994</year>
		<publisher>Sega</publisher>
		<rom name="doom (prototype - sep 21, 1994).bin" size="3507720" crc="2d09b919" sha1="2a2c80adb1cf62a71581400357951b2007770e8b" />
	</machine>
	<machine name="doomp6">
		<description>Doom (prototype, 19940916)</description>
		<year>1994</year>
		<publisher>Sega</publisher>
		<rom name="doom (prototype - sep 16, 1994).bin" size="4194304" crc="b554596f" sha1="0530d326b75e97b04530761f50ced4a226b183d2" />
	</machine>
	<machine name="doomp7">
		<description>Doom (prototype, 19940914)</description>
		<year>1994</year>
		<publisher>Sega</publisher>
		<rom name="doom (prototype - sep 14, 1994).bin" size="3760828" crc="102678b3" sha1="1bf7bc1fc2eafe71d1e72608566d5c0d01d5c79c" />
	</machine>
	<machine name="doomp8">
		<description>Doom (prototype, 19940909)</description>
		<year>1994</year>
		<publisher>Sega</publisher>
		<rom name="doom (prototype - sep 09, 1994).bin" size="3894824" crc="8d757b51" sha1="5697176636df575d8b65480708efa85544d44302" />
	</machine>
	<machine name="doomp9">
		<description>Doom (prototype, 19940906)</description>
		<year>1994</year>
		<publisher>Sega</publisher>
		<rom name="doom (prototype - sep 06, 1994).bin" size="4194304" crc="646d5c47" sha1="4fda0184d688886314d929224d92b4a35c712675" />
	</machine>
	<machine name="doomp">
		<description>Doom (prototype, 19941201)</description>
		<year>1994</year>
		<publisher>Sega</publisher>
		<rom name="doom (prototype - dec 01, 1994).bin" size="3102248" crc="7dcc1c18" sha1="b2349f625ac077222b49f0e507c552b24c824bd2" />
	</machine>
	<machine name="doomrr1">
		<description>Doom RR (USA, prototype, 19950221)</description>
		<year>1995</year>
		<publisher>Sega</publisher>
		<rom name="doom rr (prototype - feb 21, 1995).bin" size="3145728" crc="6f1572f9" sha1="b298ad7bacca89770bcd6dea796e5dbbfb72e642" />
	</machine>
	<machine name="doomrr2">
		<description>Doom RR (USA, prototype, 19950215)</description>
		<year>1995</year>
		<publisher>Sega</publisher>
		<rom name="doom rr (prototype - feb 15, 1995).bin" size="3145728" crc="48399bc5" sha1="63568023c907d636133e1a2fd140afbadb910e98" />
	</machine>
	<machine name="doomrr">
		<description>Doom RR (USA, prototype, 19950307)</description>
		<year>1995</year>
		<publisher>Sega</publisher>
		<rom name="doom rr (prototype - mar 07, 1995).bin" size="3145728" crc="955cf84a" sha1="a2d5b5acc7e19abfb927bb0ed110d80d685510c9" />
	</machine>
	<machine name="eccodemo">
		<description>Ecco the Dolphin CinePak Demo (Jpn, USA, developer cart)</description>
		<year>199?</year>
		<publisher>&lt;unknown&gt;</publisher>
		<rom name="ecco the dolphin cinepak demo (japan, usa) (developer cart).bin" size="3145728" crc="b06178df" sha1="10409f2245b058e8a32cba51e1ea391ca4480108" />
	</machine>
	<machine name="fifa96">
		<description>FIFA Soccer 96 (Euro)</description>
		<year>1995</year>
		<publisher>Electronic Arts</publisher>
		<rom name="fifa soccer '96 (europe) (en,fr,de,es,it,sv).bin" size="3145728" crc="fb14a7c8" sha1="131ebb717dee4dd1d8f5ab2b9393c23785d3a359" />
	</machine>
	<machine name="kolibri">
		<description>Kolibri (Euro, USA)</description>
		<year>1995</year>
		<publisher>Sega</publisher>
		<rom name="mpr-18439-u.ic1" size="3145728" crc="20ca53ef" sha1="191ae0b525ecf32664086d8d748e0b35f776ddfe" />
	</machine>
	<machine name="marsch1">
		<description>Mars Check Program Version 1.0 (Jpn, USA, SDK build set 2)</description>
		<year>199?</year>
		<publisher>&lt;unknown&gt;</publisher>
		<rom name="mars check program version 1.0 (japan, usa) (sdk build) (set 2).bin" size="65536" crc="a2da35fd" sha1="bbc6a66ad9268a3bb6e35e565e770581e7fe8ac2" />
	</machine>
	<machine name="marsch">
		<description>Mars Check Program Version 1.0 (Jpn, USA, SDK build set 1)</description>
		<year>199?</year>
		<publisher>&lt;unknown&gt;</publisher>
		<rom name="mars check program version 1.0 (japan, usa) (sdk build) (set 1).bin" size="4194304" crc="8f7260fb" sha1="7654c6d3cf2883c30df51cf38d723ab7902280c4" />
	</machine>
	<machine name="marssa1">
		<description>Mars Sample Program - Pharaoh (Jpn, USA, SDK build)</description>
		<year>199?</year>
		<publisher>&lt;unknown&gt;</publisher>
		<rom name="mars sample program - pharaoh (japan, usa) (sdk build).bin" size="262144" crc="969c80d4" sha1="d038d88cf518116fcb4df72df51dbc0c374792e2" />
	</machine>
	<machine name="marssa2">
		<description>Mars Sample Program - Runlength Mode Test (Jpn, USA, SDK build)</description>
		<year>199?</year>
		<publisher>&lt;unknown&gt;</publisher>
		<rom name="mars sample program - runlength mode test (japan, usa) (sdk build).bin" size="262144" crc="d630e343" sha1="56566575de6d1d42630f688eb0eeb1a93ebe2624" />
	</machine>
	<machine name="marssa3">
		<description>Mars Sample Program - Texture Test (Jpn, USA, SDK build)</description>
		<year>199?</year>
		<publisher>&lt;unknown&gt;</publisher>
		<rom name="mars sample program - texture test (japan, usa) (sdk build).bin" size="24576" crc="9b2ad63f" sha1="885abd1de7b67b115057610d94f24b1b4e294706" />
	</machine>
	<machine name="marssa">
		<description>Mars Sample Program - Gnu Sierra (Jpn, USA, SDK build)</description>
		<year>199?</year>
		<publisher>&lt;unknown&gt;</publisher>
		<rom name="mars sample program - gnu sierra (japan, usa) (sdk build).bin" size="655360" crc="5f0df42c" sha1="04efcf2802b11e130378734671ff8cfb78facd67" />
	</machine>
	<machine name="metalhd">
		<description>Metal Head (Euro)</description>
		<year>1995</year>
		<publisher>Sega</publisher>
		<rom name="metal head (europe) (en,ja).bin" size="3145728" crc="bf9b8376" sha1="2a7767024e23b55fe193d586a96a3ba3c92e7ea8" />
	</machine>
	<machine name="metalhdju">
		<description>Metal Head (Jpn, USA)</description>
		<year>1995</year>
		<publisher>Sega</publisher>
		<rom name="metal head (japan, usa) (en,ja).bin" size="3145728" crc="ef5553ff" sha1="4e872fbb44ecb2bd730abd8cc8f32f96b10582c0" />
	</machine>
	<machine name="metalhdp1">
		<description>Metal Head (Jpn, USA, prototype, 19941213)</description>
		<year>1995</year>
		<publisher>Sega</publisher>
		<rom name="metal head (prototype - dec 13, 1994).bin" size="3145728" crc="3302b1a1" sha1="5a38dce482c7fe38a50c6fd8884b019f1acab2a1" />
	</machine>
	<machine name="metalhdp2">
		<description>Metal Head (Jpn, USA, prototype, 19941209)</description>
		<year>1995</year>
		<publisher>Sega</publisher>
		<rom name="metal head (prototype - dec 09, 1994).bin" size="3145728" crc="5369d23f" sha1="4d795a7ecab65527e6538ef886c3c3783a1ba936" />
	</machine>
	<machine name="metalhdp3">
		<description>Metal Head (Jpn, USA, prototype, 19941207-B)</description>
		<year>1995</year>
		<publisher>Sega</publisher>
		<rom name="metal head (prototype - dec 07, 1994 - b).bin" size="3145728" crc="476d29b0" sha1="438e172b22ef2b78f5bceb3195da408639ae463c" />
	</machine>
	<machine name="metalhdp4">
		<description>Metal Head (Jpn, USA, prototype, 19941207)</description>
		<year>1995</year>
		<publisher>Sega</publisher>
		<rom name="metal head (prototype - dec 07, 1994).bin" size="3145728" crc="fa0fc326" sha1="d82b26783f0843faabe526167eabf296c84b0c47" />
	</machine>
	<machine name="metalhdp5">
		<description>Metal Head (Jpn, USA, prototype, 19941202)</description>
		<year>1995</year>
		<publisher>Sega</publisher>
		<rom name="metal head (prototype - dec 02, 1994).bin" size="3145728" crc="8b7bc8a4" sha1="194f45a0651a59305e0e727e407801ff09968a62" />
	</machine>
	<machine name="metalhdp6">
		<description>Metal Head (Jpn, USA, prototype, 19941121)</description>
		<year>1995</year>
		<publisher>Sega</publisher>
		<rom name="metal head (prototype - nov 21, 1994).bin" size="3145728" crc="398bcb98" sha1="e7667f4a4342a5a45b0a010f0fe2e61b2bf99fea" />
	</machine>
	<machine name="metalhdp7">
		<description>Metal Head (Jpn, USA, prototype, 19941118)</description>
		<year>1995</year>
		<publisher>Sega</publisher>
		<rom name="metal head (prototype - nov 18, 1994).bin" size="3145728" crc="a0343749" sha1="a943ea135d6c685f87957503697cb9f894e12c52" />
	</machine>
	<machine name="metalhdp8">
		<description>Metal Head (Jpn, USA, prototype, 19941114)</description>
		<year>1995</year>
		<publisher>Sega</publisher>
		<rom name="metal head (prototype - nov 14, 1994).bin" size="3145728" crc="2ea0ff81" sha1="a81db052a095360439a1da6e41ac19b91561ab27" />
	</machine>
	<machine name="metalhdp">
		<description>Metal Head (Jpn, USA, prototype, 19941220)</description>
		<year>1995</year>
		<publisher>Sega</publisher>
		<rom name="metal head (prototype - dec 20, 1994).bin" size="3145728" crc="de99c9ce" sha1="8d7a9f78860342643502e2ba77b445b4dc7e078e" />
	</machine>
	<machine name="mk2ju">
		<description>Mortal Kombat II - Kyuukyoku Shinken (Jpn) ~ Mortal Kombat II (USA)</description>
		<year>1994</year>
		<publisher>Acclaim Entertainment</publisher>
		<rom name="mortal kombat ii (japan, usa).bin" size="4194304" crc="773c0a85" sha1="d55964bd935110ac2d9cbd3b085b7e8b71b11df2" />
	</machine>
	<machine name="mk2">
		<description>Mortal Kombat II (Euro)</description>
		<year>1994</year>
		<publisher>Acclaim Entertainment</publisher>
		<rom name="mortal kombat ii (europe).bin" size="4194304" crc="211085ce" sha1="f75698de887d0ef980f73e35fc4615887a9ad58f" />
	</machine>
	<machine name="motox">
		<description>Motocross Championship (Euro)</description>
		<year>1994</year>
		<publisher>Sega</publisher>
		<rom name="mpr-17353-mx.ic1" size="2097152" crc="ae3364e9" sha1="af0cb8626825e1b431eba07b8a9b571186745c16" />
	</machine>
	<machine name="motoxp">
		<description>Motocross Championship (USA, prototype, 19941111)</description>
		<year>1994</year>
		<publisher>Sega</publisher>
		<rom name="motocross championship (prototype - nov 11, 1994).bin" size="2097152" crc="37f78d3d" sha1="45f457930884c7a5ec35361e37b1fd8cd91e4487" />
	</machine>
	<machine name="motoxpa">
		<description>Motocross Championship (USA, prototype, 19941108)</description>
		<year>1994</year>
		<publisher>Sega</publisher>
		<rom name="motocross championship (prototype - nov 08, 1994).bin" size="2097152" crc="5ff9eab9" sha1="93e13f7d3c4640e9aee7d577e974ab6581c07f91" />
	</machine>
	<machine name="motoxpb">
		<description>Motocross Championship (USA, prototype, 19941107)</description>
		<year>1994</year>
		<publisher>Sega</publisher>
		<rom name="motocross championship (prototype - nov 07, 1994).bin" size="2097152" crc="63db2fb0" sha1="181a58cfc8348e18e5d34ed0a75e79acedcc004e" />
	</machine>
	<machine name="motoxpc">
		<description>Motocross Championship (USA, prototype, 19941104)</description>
		<year>1994</year>
		<publisher>Sega</publisher>
		<rom name="motocross championship (prototype - nov 04, 1994).bin" size="2045624" crc="6e12d410" sha1="ca4db761d26328b99445445b99304e90d7279c3e" />
	</machine>
	<machine name="motoxpd">
		<description>Motocross Championship (USA, prototype, 19941103)</description>
		<year>1994</year>
		<publisher>Sega</publisher>
		<rom name="motocross championship (prototype - nov 03, 1994).bin" size="2045120" crc="c652c802" sha1="5dc89f7f2cc03689991c9325a1a2d08c6df5dc1b" />
	</machine>
	<machine name="motoxpe">
		<description>Motocross Championship (USA, prototype, 19941102-B)</description>
		<year>1994</year>
		<publisher>Sega</publisher>
		<rom name="motocross championship (prototype - nov 02, 1994 - b).bin" size="2045684" crc="efe307ff" sha1="3b7cfe05c0a66fc025bbdd3a35ba7828b2fc3c7f" />
	</machine>
	<machine name="motoxpf">
		<description>Motocross Championship (USA, prototype, 19941102)</description>
		<year>1994</year>
		<publisher>Sega</publisher>
		<rom name="motocross championship (prototype - nov 02, 1994).bin" size="2045684" crc="cefef428" sha1="607b9d89e312294ca4e477de238bec2d1bea2a42" />
	</machine>
	<machine name="motoxpg">
		<description>Motocross Championship (USA, prototype, 19941101)</description>
		<year>1994</year>
		<publisher>Sega</publisher>
		<rom name="motocross championship (prototype - nov 01, 1994).bin" size="2045468" crc="46970275" sha1="372a43df94cbed3859bbddad4982fa5301416aed" />
	</machine>
	<machine name="motoxph">
		<description>Motocross Championship (USA, prototype, 19941028)</description>
		<year>1994</year>
		<publisher>Sega</publisher>
		<rom name="motocross championship (prototype - oct 28, 1994).bin" size="1843436" crc="59107472" sha1="174158dd18a4d243d3c943c9f8cf080acd91cc3b" />
	</machine>
	<machine name="motoxpi">
		<description>Motocross Championship (USA, prototype, 19941024)</description>
		<year>1994</year>
		<publisher>Sega</publisher>
		<rom name="motocross championship (prototype - oct 24, 1994).bin" size="1736076" crc="20c49183" sha1="d641e7b2fd0a44ad603cdc324921a25f1b897288" />
	</machine>
	<machine name="motoxpj">
		<description>Motocross Championship (USA, prototype, 19941020)</description>
		<year>1994</year>
		<publisher>Sega</publisher>
		<rom name="motocross championship (prototype - oct 20, 1994).bin" size="1661296" crc="ac6cf708" sha1="95edb6101eee31588e7b0ce0b67d73206070eb81" />
	</machine>
	<machine name="motoxpk">
		<description>Motocross Championship (USA, prototype, 19941019)</description>
		<year>1994</year>
		<publisher>Sega</publisher>
		<rom name="motocross championship (prototype - oct 19, 1994).bin" size="1644464" crc="385ed8c7" sha1="3862fe8d98a512e3332748b8f73fcdf84faba489" />
	</machine>
	<machine name="motoxpl">
		<description>Motocross Championship (USA, prototype, 19941018)</description>
		<year>1994</year>
		<publisher>Sega</publisher>
		<rom name="motocross championship (prototype - oct 18, 1994).bin" size="1624764" crc="2c2dc4df" sha1="bafabf4eb40fb1197dd543fa6ae69df1f87e9d02" />
	</machine>
	<machine name="motoxpm">
		<description>Motocross Championship (prototype, 19941017)</description>
		<year>1994</year>
		<publisher>Sega</publisher>
		<rom name="motocross championship (prototype - oct 17, 1994).bin" size="1608792" crc="f3163d21" sha1="670779a85db5673b23825b91693b1015f841fde3" />
	</machine>
	<machine name="motoxpn">
		<description>Motocross Championship (prototype, 19941012)</description>
		<year>1994</year>
		<publisher>Sega</publisher>
		<rom name="motocross championship (prototype - oct 12, 1994).bin" size="1690952" crc="0a075812" sha1="102e763c6f4bf65210b307d34d75473fd27d7ae4" />
	</machine>
	<machine name="motoxu">
		<description>Motocross Championship (USA)</description>
		<year>1994</year>
		<publisher>Sega</publisher>
		<rom name="mpr-17258-f.ic1" size="2097152" crc="a21c5761" sha1="5f1a107991aaf9eff0b3ce864b2e3151f56abe7b" />
	</machine>
	<machine name="nbajamte">
		<description>NBA Jam T.E. - Tournament Edition (World)</description>
		<year>1995</year>
		<publisher>Acclaim Entertainment</publisher>
		<rom name="nba jam tournament edition (world).bin" size="4194304" crc="6b7994aa" sha1="c8af3e74c49514669ba6652ec0c81bccf77873b6" />
	</machine>
	<machine name="nflqb">
		<description>NFL Quarterback Club ~ NFL Quarterback '95 (World)</description>
		<year>1995</year>
		<publisher>Acclaim Entertainment</publisher>
		<rom name="nfl quarterback club (world).bin" size="3145728" crc="0bc7018d" sha1="a0dc24f2f3a7fc5bfd12791cf25af7f7888843cf" />
	</machine>
	<machine name="pinochio">
		<description>Pinocchio (Euro, prototype 19951206)</description>
		<year>1995</year>
		<publisher>Virgin</publisher>
		<rom name="u1.ic1" size="524288" crc="1553d1c6" sha1="18f00cbf8278ed709ec02cc2e5808ef4d0c479c1" />
		<rom name="u2.ic2" size="524288" crc="eff61056" sha1="e4693a6ea0b4498a13a1bf00e8064139f02e03ad" />
		<rom name="u3.ic2" size="524288" crc="218a0656" sha1="6a0cd97ab525a9d1dd10263bdd022427eddfeefe" />
		<rom name="u4.ic2" size="524288" crc="1c39dbd1" sha1="57331a3a680852251a0780559238c2cc3c1d1ad0" />
		<rom name="u5.ic2" size="524288" crc="6cbe0e12" sha1="830b81eb6db6487612f13999a671e98b9f782236" />
		<rom name="u6.ic2" size="524288" crc="70ee204d" sha1="4b476e494faf041439b4cb1916654eb231f6f49e" />
		<rom name="u7.ic2" size="524288" crc="63e613df" sha1="b40b7a72ece079452a1417f526a00473da7d3b7f" />
		<rom name="u8.ic2" size="524288" crc="7ecb16f0" sha1="9668cb5addd612fd34f3740155adfe3b64e4fec1" />
	</machine>
	<machine name="pitfall">
		<description>Pitfall - The Mayan Adventure (USA)</description>
		<year>1995</year>
		<publisher>Activision</publisher>
		<rom name="pitfall - the mayan adventure (usa).bin" size="3145728" crc="f9126f15" sha1="ee864d1677c6d976d0846eb5f8d8edb839acfb76" />
	</machine>
	<machine name="primal">
		<description>Primal Rage (Euro, USA)</description>
		<year>1996</year>
		<publisher>Sega</publisher>
		<rom name="primal rage (usa, europe).bin" size="4194304" crc="e78a4d28" sha1="5084dcca51d76173c383ab7d04cbc661673545f7" />
	</machine>
	<machine name="rbibb95">
		<description>R.B.I. Baseball '95 (USA)</description>
		<year>1995</year>
		<publisher>Time Warner Interactive</publisher>
		<rom name="rbi baseball '95 (usa).bin" size="2097152" crc="ff795fdc" sha1="4f90433a4403fd74cafeea49272689046de4ae43" />
	</machine>
	<machine name="sangoku4">
		<description>Sangokushi IV (Jpn)</description>
		<year>1994</year>
		<publisher>Koei</publisher>
		<rom name="sangokushi iv (japan).bin" size="4194304" crc="e4de7625" sha1="74a3ba27c55cff12409bf6c9324ece6247abbad1" />
	</machine>
	<machine name="sharrier">
		<description>Space Harrier (Euro)</description>
		<year>1994</year>
		<publisher>Sega</publisher>
		<rom name="mpr-17525-f.ic1" size="2097152" crc="5cac3587" sha1="8b0495257fa5392ef9ddcc9c3ba1860ae58f4f3d" />
	</machine>
	<machine name="sharrierju">
		<description>Space Harrier (Jpn, USA)</description>
		<year>1994</year>
		<publisher>Sega</publisher>
		<rom name="mpr-17428 w73.ic1" size="2097152" crc="86e7f989" sha1="f32a52a7082761982024e40291dbd962a835b231" />
	</machine>
	<machine name="sharrierp">
		<description>Space Harrier (prototype, 19940920)</description>
		<year>1994</year>
		<publisher>Sega</publisher>
		<rom name="space harrier (prototype - sep 20, 1994).bin" size="2097152" crc="2c65fa40" sha1="05d24d6f6c645866b8b1fde96746e27d0a19bbc6" />
	</machine>
	<machine name="soulstar">
		<description>SoulStar X (USA, prototype)</description>
		<year>1995</year>
		<publisher>Sega</publisher>
		<rom name="soulstar-x.bin" size="2097152" crc="5ea52f22" sha1="4726988f28c5e49971e1f38e335fecc3f9dd6c1f" />
	</machine>
	<machine name="spidwebf">
		<description>The Amazing Spider-Man - Web of Fire (USA)</description>
		<year>1996</year>
		<publisher>Sega</publisher>
		<rom name="amazing spider-man, the - web of fire (usa).bin" size="3145728" crc="29dce257" sha1="7cc2ea1e10f110338ad880bd3e7ff3bce72e7e9e" />
	</machine>
	<machine name="spotgo">
		<description>Spot Goes to Hollywood (prototype)</description>
		<year>199?</year>
		<publisher>Sega</publisher>
		<rom name="spot goes to hollywood 32x (prototype).bin" size="3145728" crc="ce6c4b99" sha1="f233175e65928727a789b89850702af43fa8d4a4" />
	</machine>
	<machine name="stellar">
		<description>Stellar Assault (Euro) ~ Shadow Squadron (USA)</description>
		<year>1995</year>
		<publisher>Sega</publisher>
		<rom name="shadow squadron ~ stellar assault (usa, europe).bin" size="2097152" crc="60c49e4d" sha1="561c8c63dbcabc0b1b6f31673ca75a0bde7abc72" />
	</machine>
	<machine name="stellarj">
		<description>Stellar Assault (Jpn)</description>
		<year>1995</year>
		<publisher>Sega</publisher>
		<rom name="stellar assault (japan).bin" size="2097152" crc="fce4c8c7" sha1="ff4f1a2dded85f3ad43bf28a85c46ad8595d5614" />
	</machine>
	<machine name="stellarp1">
		<description>Stellar Assault (Euro) ~ Shadow Squadron (USA) (prototype, 19950313)</description>
		<year>1995</year>
		<publisher>Sega</publisher>
		<rom name="shadow squadron (prototype - mar 13, 1995).bin" size="2097152" crc="58962105" sha1="9bae40d4d07a096545b11f6b0434db778c238af5" />
	</machine>
	<machine name="stellarp2">
		<description>Stellar Assault (Euro) ~ Shadow Squadron (USA) (prototype, 19950306)</description>
		<year>1995</year>
		<publisher>Sega</publisher>
		<rom name="shadow squadron (prototype - mar 06, 1995).bin" size="2097152" crc="7eec3665" sha1="31a0a0a34719b1259de98458c24cf5eb78f7109c" />
	</machine>
	<machine name="stellarp3">
		<description>Stellar Assault (Euro) ~ Shadow Squadron (USA) (prototype, 19950302)</description>
		<year>1995</year>
		<publisher>Sega</publisher>
		<rom name="shadow squadron (prototype - mar 02, 1995).bin" size="2097152" crc="25bdde61" sha1="5a83e4ebffe8ac7108b45697be7468bd7f111642" />
	</machine>
	<machine name="stellarp4">
		<description>Stellar Assault (Euro) ~ Shadow Squadron (USA) (prototype, 19950222)</description>
		<year>1995</year>
		<publisher>Sega</publisher>
		<rom name="shadow squadron (prototype - feb 22, 1995).bin" size="2097152" crc="48ef9ee9" sha1="9d72335cb0468a9699f7e92927043387091bc0c9" />
	</machine>
	<machine name="stellarp5">
		<description>Stellar Assault (Euro) ~ Shadow Squadron (USA) (prototype, 19950213)</description>
		<year>1995</year>
		<publisher>Sega</publisher>
		<rom name="shadow squadron (prototype - feb 13, 1995).bin" size="2097152" crc="ca0de10e" sha1="71061c0a02b4cc3c3e39d872bf86b190421cb594" />
	</machine>
	<machine name="stellarp6">
		<description>Stellar Assault (Euro) ~ Shadow Squadron (USA) (prototype, 19950206)</description>
		<year>1995</year>
		<publisher>Sega</publisher>
		<rom name="shadow squadron (prototype - feb 06, 1995).bin" size="2097152" crc="24057310" sha1="6ff8cd79cfa073697dd13cd1c4dc767b4e0c558e" />
	</machine>
	<machine name="stellarp">
		<description>Stellar Assault (Euro) ~ Shadow Squadron (USA) (prototype, 19950313-B)</description>
		<year>1995</year>
		<publisher>Sega</publisher>
		<rom name="shadow squadron (prototype - mar 13, 1995 - b).bin" size="2097152" crc="fd7fedb2" sha1="9875b357fd2d651892054d233c608b6f3bbb40e7" />
	</machine>
	<machine name="stsfleet">
		<description>Star Trek - Starfleet Academy - Starship Bridge Simulator (USA)</description>
		<year>1995</year>
		<publisher>Sega</publisher>
		<rom name="star trek starfleet academy - starship bridge simulator (usa).bin" size="2097152" crc="dd9708b9" sha1="e5248328b64a1ec4f1079c88ee53ef8d48e99e58" />
	</machine>
	<machine name="swa">
		<description>Star Wars Arcade (Euro)</description>
		<year>1994</year>
		<publisher>Sega</publisher>
		<rom name="mpr-17349 w79.ic1" size="2097152" crc="f1f7f657" sha1="5ab5bd1e9cd6d8d43e7cf78c3619b087c1d931c2" />
		<rom name="mpr-17350-s.ic2" size="524288" crc="55931049" sha1="3edd15d2e53b1a126559414290b8da23a7cbed5d" />
	</machine>
	<machine name="swaj">
		<description>Star Wars Arcade (Jpn)</description>
		<year>1994</year>
		<publisher>Sega</publisher>
		<rom name="star wars arcade (japan).bin" size="2621440" crc="f4e9b846" sha1="282767a07e453e868de52b46bf11def3d071bda6" />
	</machine>
	<machine name="swap1">
		<description>Star Wars Arcade (Euro, prototype, 19941006-P)</description>
		<year>1994</year>
		<publisher>Sega</publisher>
		<rom name="star wars arcade (prototype - oct 06, 1994 - p).bin" size="2621440" crc="c00af920" sha1="1ade331c81eade613748126882057841dc02a420" />
	</machine>
	<machine name="swap2">
		<description>Star Wars Arcade (Jpn, prototype, 19941005)</description>
		<year>1994</year>
		<publisher>Sega</publisher>
		<rom name="star wars arcade (prototype - oct 05, 1994).bin" size="2516513" crc="9861e21f" sha1="24e599b251d643b74a923323a83e43a26d21fafc" />
	</machine>
	<machine name="swap3">
		<description>Star Wars Arcade (Jpn, prototype, 19941003)</description>
		<year>1994</year>
		<publisher>Sega</publisher>
		<rom name="star wars arcade (prototype - oct 03, 1994).bin" size="3145728" crc="a653a183" sha1="38fde66801083a60c142c3f3e7bae2aa81518acf" />
	</machine>
	<machine name="swap4">
		<description>Star Wars Arcade (Jpn, prototype, 19940930-B)</description>
		<year>1994</year>
		<publisher>Sega</publisher>
		<rom name="star wars arcade (prototype - sep 30, 1994 - b).bin" size="2516793" crc="6074f26c" sha1="f1786e62b7707b8a01b66720f2722d555ec9d4db" />
	</machine>
	<machine name="swap5">
		<description>Star Wars Arcade (Euro, prototype, 19940929)</description>
		<year>1994</year>
		<publisher>Sega</publisher>
		<rom name="star wars arcade (prototype - sep 29, 1994).bin" size="2517297" crc="7682fe72" sha1="2f93b915add1357dfcf42135d4ce85e6bb668cf8" />
	</machine>
	<machine name="swap6">
		<description>Star Wars Arcade (prototype, 19940923)</description>
		<year>1994</year>
		<publisher>Sega</publisher>
		<rom name="star wars arcade (prototype - sep 23, 1994).bin" size="2517257" crc="8e7bfc7c" sha1="75ce473164f678f9f394d719b35850e4899a8cd1" />
	</machine>
	<machine name="swap7">
		<description>Star Wars Arcade (USA, prototype, 19940918)</description>
		<year>1994</year>
		<publisher>Sega</publisher>
		<rom name="star wars arcade prototype - sep 18, 1994).bin" size="3145728" crc="02933d44" sha1="5d924628b507464ec1b1ca8755cb509cf68b02af" />
	</machine>
	<machine name="swap8">
		<description>Star Wars Arcade (USA, prototype, 19940916)</description>
		<year>1994</year>
		<publisher>Sega</publisher>
		<rom name="star wars arcade (prototype - sep 16, 1994).bin" size="3145728" crc="150a0dfd" sha1="492816545c7309d2b7594b5d4f8d508f4a13e06a" />
	</machine>
	<machine name="swap9">
		<description>Star Wars Arcade (prototype, 19940915)</description>
		<year>1994</year>
		<publisher>Sega</publisher>
		<rom name="star wars arcade (prototype - sep 15, 1994).bin" size="3145728" crc="34c6a769" sha1="9a492a52be224ee9ff41d4ea7df3cee67f028235" />
	</machine>
	<machine name="swap10">
		<description>Star Wars Arcade (USA, prototype, 19940914-D)</description>
		<year>1994</year>
		<publisher>Sega</publisher>
		<rom name="star wars arcade (prototype - sep 14, 1994 - d).bin" size="2504513" crc="efc980fe" sha1="2ba71086a01e14051dce2a5c24bba49a991cb2e5" />
	</machine>
	<machine name="swap11">
		<description>Star Wars Arcade (USA, prototype, 19940913-B)</description>
		<year>1994</year>
		<publisher>Sega</publisher>
		<rom name="star wars arcade (prototype - sep 13, 1994 - b).bin" size="2467793" crc="dc5628ba" sha1="d4c262ba8118f2f2af720a45e461d4254d5163b4" />
	</machine>
	<machine name="swap12">
		<description>Star Wars Arcade (USA, prototype, 19940912)</description>
		<year>1994</year>
		<publisher>Sega</publisher>
		<rom name="star wars arcade (prototype - sep 12, 1994).bin" size="2097152" crc="118a011c" sha1="b328170014bfc4770479eacc017f76bcaee61389" />
	</machine>
	<machine name="swap13">
		<description>Star Wars Arcade (prototype, 19940909)</description>
		<year>1994</year>
		<publisher>Sega</publisher>
		<rom name="star wars arcade (prototype - sep 09, 1994).bin" size="2097152" crc="5bdd86d3" sha1="761aa97ab8f7524c49a141804246209fd6c970f2" />
	</machine>
	<machine name="swap14">
		<description>Star Wars Arcade (prototype, 19940907)</description>
		<year>1994</year>
		<publisher>Sega</publisher>
		<rom name="star wars arcade (prototype - sep 07, 1994).bin" size="2097152" crc="c6a8582b" sha1="7e84f2eafef33e211500a551b3d430155368b66e" />
	</machine>
	<machine name="swap15">
		<description>Star Wars Arcade (prototype, 19940906)</description>
		<year>1994</year>
		<publisher>Sega</publisher>
		<rom name="star wars arcade (prototype - sep 06, 1994).bin" size="2097152" crc="b8d9317c" sha1="b7df724434b0e7ef2af198a56021d825f701cf4d" />
	</machine>
	<machine name="swap16">
		<description>Star Wars Arcade (prototype, 19940901)</description>
		<year>1994</year>
		<publisher>Sega</publisher>
		<rom name="star wars arcade (prototype - sep 01, 1994).bin" size="2097152" crc="b0bb29eb" sha1="37da621707fec11bb08d59cec1fa2c554365afec" />
	</machine>
	<machine name="swap17">
		<description>Star Wars Arcade (prototype, 19940830)</description>
		<year>1994</year>
		<publisher>Sega</publisher>
		<rom name="star wars arcade (prototype - aug 30, 1994).bin" size="2097152" crc="10d4a078" sha1="8e90bb4b3bde14b819de85944080d4a3caf11c1b" />
	</machine>
	<machine name="swap">
		<description>Star Wars Arcade (Euro, prototype, 19941007-B)</description>
		<year>1994</year>
		<publisher>Sega</publisher>
		<rom name="star wars arcade (prototype - oct 07, 1994 - b).bin" size="2621440" crc="57afc1ac" sha1="c75853fb88f13a01ddca05b2202ed150770c1284" />
	</machine>
	<machine name="swau">
		<description>Star Wars Arcade (USA)</description>
		<year>1994</year>
		<publisher>Sega</publisher>
		<rom name="star wars arcade (usa).bin" size="2621440" crc="2f16b44a" sha1="f4ffaaf1d8330ea971643021be3f3203e1ea065d" />
	</machine>
	<machine name="tempo">
		<description>Tempo (Jpn, USA)</description>
		<year>1995</year>
		<publisher>Sega</publisher>
		<rom name="tempo (japan, usa).bin" size="3145728" crc="14e5c575" sha1="6673ba83570b4f2c1b4a22415a56594c3cc6c6a9" />
	</machine>
	<machine name="tempop1">
		<description>Tempo (USA, prototype, 19950206)</description>
		<year>1995</year>
		<publisher>Sega</publisher>
		<rom name="tempo (prototype - feb 06, 1995).bin" size="3145728" crc="e2502fe6" sha1="2e9724e9b7f2d351ad1ddfb34c43014aff4b07dd" />
	</machine>
	<machine name="tempop2">
		<description>Tempo (USA, prototype, 19950206-B)</description>
		<year>1995</year>
		<publisher>Sega</publisher>
		<rom name="tempo (prototype - feb 06, 1995 - b).bin" size="3145728" crc="6d0775f3" sha1="7c29092fb82711851f1c681fa717cd59b98f531a" />
	</machine>
	<machine name="tempop3">
		<description>Tempo (USA, prototype, 19950204)</description>
		<year>1995</year>
		<publisher>Sega</publisher>
		<rom name="tempo (prototype - feb 04, 1995).bin" size="3145728" crc="6e2bcc9f" sha1="73d31074f08d9dd8061bf0996829dbad46b3d784" />
	</machine>
	<machine name="tempop4">
		<description>Tempo (USA, prototype, 19950126)</description>
		<year>1995</year>
		<publisher>Sega</publisher>
		<rom name="tempo (prototype - jan 26, 1995).bin" size="3145728" crc="86637ae4" sha1="4ec1dd3abf3e5aa0d1a902f20cfa0d16a224b5bf" />
	</machine>
	<machine name="tempop5">
		<description>Tempo (USA, prototype, 19950124)</description>
		<year>1995</year>
		<publisher>Sega</publisher>
		<rom name="tempo (prototype - jan 24, 1995).bin" size="3145728" crc="7a02c17b" sha1="1b8225ae3e688ebdde482015a389a6cebbdbfd5e" />
	</machine>
	<machine name="tempop6">
		<description>Tempo (prototype, 19950121)</description>
		<year>1995</year>
		<publisher>Sega</publisher>
		<rom name="tempo (prototype - jan 21, 1995).bin" size="3145728" crc="48cc1645" sha1="55fd5d5410a820867526d5f7f909bf39d25607c2" />
	</machine>
	<machine name="tempop7">
		<description>Tempo (prototype, 19941229)</description>
		<year>1995</year>
		<publisher>Sega</publisher>
		<rom name="tempo (prototype - dec 29, 1994).bin" size="3145728" crc="7bfe49a3" sha1="017ee73e0f582893ef3deebfbe74af4babd532a5" />
	</machine>
	<machine name="tempop">
		<description>Tempo (USA, prototype, 19950207)</description>
		<year>1995</year>
		<publisher>Sega</publisher>
		<rom name="tempo (prototype - feb 07, 1995).bin" size="3145728" crc="a2ebc91c" sha1="91bca4f05b97b51b96fb1ddcb9b54165f0b621ae" />
	</machine>
	<machine name="tmek">
		<description>T-Mek (Euro, USA)</description>
		<year>1995</year>
		<publisher>Sega</publisher>
		<rom name="t-mek (usa, europe).bin" size="3145728" crc="66d2c48f" sha1="173c8425921d83db3e8d181158e7599364f4c0f6" />
	</machine>
	<machine name="toughman">
		<description>Toughman Contest (Euro, USA)</description>
		<year>1995</year>
		<publisher>Electronic Arts</publisher>
		<rom name="mpr-17926-mx.ic1" size="2097152" crc="543d310f" sha1="c8510d61dfca6bcf3949ad13cef33d92118688d9" />
		<rom name="mpr-17927-mx.ic2" size="2097152" crc="ecfef9e6" sha1="85a5859688742ab59ff16a8b67c872a2d2dbe076" />
	</machine>
	<machine name="twcmd">
		<description>Time Warner 32X CMD Download Cartridge</description>
		<year>199?</year>
		<publisher>Time Warner Interactive</publisher>
		<rom name="time warner 32x cmd download cartridge.bin" size="262144" crc="6c2176ca" sha1="460439b83ce50021339acf5fca4a63b45c0c1c0b" />
	</machine>
	<machine name="vf">
		<description>Virtua Fighter (Euro)</description>
		<year>1995</year>
		<publisher>Sega</publisher>
		<rom name="virtua fighter (europe).bin" size="4194304" crc="25aea73c" sha1="24b3063284a914c76d8d1f681e3ed6323b0d7d0b" />
	</machine>
	<machine name="vfju">
		<description>Virtua Fighter (Jpn, USA)</description>
		<year>1995</year>
		<publisher>Sega</publisher>
		<rom name="virtua fighter (japan, usa).bin" size="4194304" crc="b5de9626" sha1="f35754f4bfe3a53722d7a799f88face0fd13c424" />
	</machine>
	<machine name="vfp1">
		<description>Virtua Fighter (USA, prototype, 19950724)</description>
		<year>1995</year>
		<publisher>Sega</publisher>
		<rom name="virtua fighter (prototype - jul 24, 1995).bin" size="4194304" crc="d4f5484b" sha1="4600fb1c80c968728688269dfbd9c480d4d70abe" />
	</machine>
	<machine name="vfp2">
		<description>Virtua Fighter (USA, prototype, 19950721)</description>
		<year>1995</year>
		<publisher>Sega</publisher>
		<rom name="virtua fighter (prototype - jul 21, 1995).bin" size="4194304" crc="1c4c13f3" sha1="d26708a26a3add9e4d6083e6b9ccd48776cd4c56" />
	</machine>
	<machine name="vfp3">
		<description>Virtua Fighter (USA, prototype, 19950717)</description>
		<year>1995</year>
		<publisher>Sega</publisher>
		<rom name="virtua fighter (prototype - jul 17, 1995).bin" size="4194304" crc="6a364bce" sha1="c931cd60543b41e8bfb29511dcc70e4648471cbf" />
	</machine>
	<machine name="vfp4">
		<description>Virtua Fighter (prototype, 19950630)</description>
		<year>1995</year>
		<publisher>Sega</publisher>
		<rom name="virtua fighter (prototype - jun 30, 1995).bin" size="4194304" crc="3b88f987" sha1="cc6a95d10a95a91337f995a0120cb353196ce080" />
	</machine>
	<machine name="vfp5">
		<description>Virtua Fighter (prototype, 19950615)</description>
		<year>1995</year>
		<publisher>Sega</publisher>
		<rom name="virtua fighter (prototype - jun 15, 1995).bin" size="4194304" crc="8df6401c" sha1="28e99cc511e7c539fec66acbf5662f81528389d3" />
	</machine>
	<machine name="vfp6">
		<description>Virtua Fighter (prototype, 19950530)</description>
		<year>1995</year>
		<publisher>Sega</publisher>
		<rom name="virtua fighter (prototype - may 30, 1995).bin" size="4194304" crc="46a88625" sha1="fbb0d96c22465abb1702499f0a8c68228dcf8fc6" />
	</machine>
	<machine name="vfp">
		<description>Virtua Fighter (USA, prototype, 19950725)</description>
		<year>1995</year>
		<publisher>Sega</publisher>
		<rom name="virtua fighter (prototype - jul 25, 1995).bin" size="4194304" crc="aff4d320" sha1="7b881a7849320187389d4af5bd4bf8d3ee6fd796" />
	</machine>
	<machine name="vham">
		<description>Virtua Hamster (USA, prototype)</description>
		<year>1994</year>
		<publisher>&lt;unknown&gt;</publisher>
		<rom name="virtua hamster (usa) (proto).bin" size="2097152" crc="cd54ac37" sha1="c10f98d9db73ae90be5e5d556b663a5aff015cef" />
	</machine>
	<machine name="vrdx">
		<description>Virtua Racing Deluxe (Euro)</description>
		<year>1994</year>
		<publisher>Sega</publisher>
		<rom name="mpr-17347 w72.ic1" size="2097152" crc="99e83be0" sha1="2b3e364494f6bdcae686e1535e51adee2aabca16" />
		<rom name="mpr-17348 t34.ic2" size="1048576" crc="aa2f8743" sha1="db85888bf3743195c0bf41e0b3d65486c328b197" />
	</machine>
	<machine name="vrdxj">
		<description>Virtua Racing Deluxe (Jpn)</description>
		<year>1994</year>
		<publisher>Sega</publisher>
		<rom name="mpr-17503+mpr-17504.bin" size="3145728" crc="0908e888" sha1="1c64e80eb164ca8d6c6587a55ad60385ba1daf27" />
	</machine>
	<machine name="vrdxp1">
		<description>Virtua Racing Deluxe (USA, prototype, 19940829)</description>
		<year>1994</year>
		<publisher>Sega</publisher>
		<rom name="virtua racing deluxe (prototype - aug 29, 1994).bin" size="3145728" crc="86a318de" sha1="b1385111a39795bf2ea57ab50a4feb479d7e502d" />
	</machine>
	<machine name="vrdxp2">
		<description>Virtua Racing Deluxe (prototype, 19940822)</description>
		<year>1994</year>
		<publisher>Sega</publisher>
		<rom name="virtua racing deluxe (prototype - aug 22, 1994).bin" size="3145728" crc="6ebb3eda" sha1="d4e996fd7fb26919017d1056d0de608a34f05184" />
	</machine>
	<machine name="vrdxp">
		<description>Virtua Racing Deluxe (USA, prototype, 19940905)</description>
		<year>1994</year>
		<publisher>Sega</publisher>
		<rom name="virtua racing deluxe (prototype - sep 05, 1994).bin" size="3145728" crc="99f38344" sha1="88b3ef2bb0ccba25f3f83f218ca090e1a89512fe" />
	</machine>
	<machine name="vrdxu">
		<description>Virtua Racing Deluxe (USA)</description>
		<year>1994</year>
		<publisher>Sega</publisher>
		<rom name="virtua racing deluxe (usa).bin" size="3145728" crc="7896b62e" sha1="18dfdeb50780c2623e60a6587d7ed701a1cf81f1" />
	</machine>
	<machine name="wsb">
		<description>World Series Baseball Starring Deion Sanders (USA)</description>
		<year>1995</year>
		<publisher>Sega</publisher>
		<rom name="world series baseball starring deion sanders (usa).bin" size="3145728" crc="6de1bc75" sha1="ab3026eae46a775adb7eaebc13702699557ddc41" />
	</machine>
	<machine name="wwfag">
		<description>WWF WrestleMania - The Arcade Game (USA)</description>
		<year>1995</year>
		<publisher>Acclaim Entertainment</publisher>
		<rom name="wwf wrestlemania - the arcade game (usa).bin" size="4194304" crc="61833503" sha1="551eedc963cba0e1410b3d229b332ef9ea061469" />
	</machine>
	<machine name="wwfraw">
		<description>WWF Raw (World)</description>
		<year>1994</year>
		<publisher>Acclaim Entertainment</publisher>
		<rom name="wwf raw (world).bin" size="4194304" crc="8eb7cd2c" sha1="94b974f2f69f0c10bc18b349fa4ff95ca56fa47b" />
	</machine>
	<machine name="xmen">
		<description>X-Men (USA, prototype)</description>
		<year>1995</year>
		<publisher>&lt;unknown&gt;</publisher>
		<rom name="x-men (usa) (proto).bin" size="4194304" crc="d61febc0" sha1="cd3fa2ace2fdbf4b6402cb52eeb208010bf31029" />
	</machine>
	<machine name="zaxxon2k">
		<description>Motherbase (Euro)</description>
		<year>1995</year>
		<publisher>Sega</publisher>
		<rom name="motherbase (europe).bin" size="2097152" crc="0d6523a3" sha1="00792570c459637d46f26d0ceb301ed9d83f0098" />
	</machine>
	<machine name="zaxxon2kju">
		<description>Parasquad (Jpn) ~ Zaxxon's Motherbase 2000 (USA)</description>
		<year>1995</year>
		<publisher>Sega</publisher>
		<rom name="parasquad ~ zaxxon's motherbase 2000 (japan, usa).bin" size="2097152" crc="447d44be" sha1="60c390f76c394bdd221936c21aecbf98aec49a3d" />
	</machine>
	<machine name="zaxxon2kp1">
		<description>Parasquad (Jpn) ~ Zaxxon's Motherbase 2000 (USA) (prototype, 19950315)</description>
		<year>1995</year>
		<publisher>Sega</publisher>
		<rom name="zaxxon's motherbase 2000 (prototype - mar 15, 1995).bin" size="2097152" crc="adfd5bc6" sha1="ed9d3414edc90b7fb6a23732038f5c57710de9d3" />
	</machine>
	<machine name="zaxxon2kp2">
		<description>Parasquad (Jpn) ~ Zaxxon's Motherbase 2000 (USA) (prototype, 19950310)</description>
		<year>1995</year>
		<publisher>Sega</publisher>
		<rom name="zaxxon's motherbase 2000 (prototype - mar 10, 1995).bin" size="2097152" crc="20faf0c3" sha1="df6898e46cba85541bc7f92090bfcf7000c0e648" />
	</machine>
	<machine name="zaxxon2kp3">
		<description>Parasquad (Jpn) ~ Zaxxon's Motherbase 2000 (USA) (prototype, 19950306)</description>
		<year>1995</year>
		<publisher>Sega</publisher>
		<rom name="zaxxon's motherbase 2000 (prototype - mar 06, 1995).bin" size="2097152" crc="90692a18" sha1="67afaca4956df2120f62259b1147feaad6098a53" />
	</machine>
	<machine name="zaxxon2kp4">
		<description>Parasquad (Jpn) ~ Zaxxon's Motherbase 2000 (USA) (prototype, 19950303)</description>
		<year>1995</year>
		<publisher>Sega</publisher>
		<rom name="zaxxon's motherbase 2000 (prototype - mar 03, 1995).bin" size="2097152" crc="5856082d" sha1="22dfc9a059657f45c7218d3be84c4a8c257ccc38" />
	</machine>
	<machine name="zaxxon2kp5">
		<description>Parasquad (Jpn) ~ Zaxxon's Motherbase 2000 (USA) (prototype, 19950227)</description>
		<year>1995</year>
		<publisher>Sega</publisher>
		<rom name="zaxxon's motherbase 2000 (prototype - feb 27, 1995).bin" size="2097152" crc="a1ef9787" sha1="e498f84bea01f073a430d854b47306b7d35ffe08" />
	</machine>
	<machine name="zaxxon2kp6">
		<description>Parasquad (Jpn) ~ Zaxxon's Motherbase 2000 (USA) (prototype, 19950223)</description>
		<year>1995</year>
		<publisher>Sega</publisher>
		<rom name="zaxxon's motherbase 2000 (prototype - feb 23, 1995).bin" size="2097152" crc="e92b36c5" sha1="6c93f432610908950b594bb8d289fe81de88fbdf" />
	</machine>
	<machine name="zaxxon2kp7">
		<description>Parasquad (Jpn) ~ Zaxxon's Motherbase 2000 (USA) (prototype, 19950221)</description>
		<year>1995</year>
		<publisher>Sega</publisher>
		<rom name="zaxxon's motherbase 2000 (prototype - feb 21, 1995).bin" size="2097152" crc="061c0cf2" sha1="3a8c794139fe7255e7107877b2d0018a6eaa0300" />
	</machine>
	<machine name="zaxxon2kp8">
		<description>Parasquad (Jpn) ~ Zaxxon's Motherbase 2000 (USA) (prototype, 19950210)</description>
		<year>1995</year>
		<publisher>Sega</publisher>
		<rom name="zaxxon's motherbase 2000 (prototype - feb 10, 1995).bin" size="2097152" crc="c65693af" sha1="9db5a93ae5fc4045df342a9f53b904ef130debbf" />
	</machine>
	<machine name="zaxxon2kp">
		<description>Parasquad (Jpn) ~ Zaxxon's Motherbase 2000 (USA) (prototype, 19950331)</description>
		<year>1995</year>
		<publisher>Sega</publisher>
		<rom name="zaxxon's motherbase 2000 (prototype - mar 31, 1995).bin" size="2097152" crc="1344f08b" sha1="ed3b31494407f324f18db4f5056ad6df75dc1a10" />
	</machine>
</datafile>