<?xml version="1.0" encoding="utf-8"?>
<!DOCTYPE datafile PUBLIC "-//Logiqx//DTD ROM Management Datafile//EN" "http://www.logiqx.com/Dats/datafile.dtd">
<datafile>
	<header>
		<name>ekara_japan_s</name>
		<description>Takara e-kara (Japan) S-xx / SCxxxx- series cartridges</description>
		<version></version>
		<author></author>
	</header>
	<machine name="sc0001">
		<description>Hello Kitty Special (Japan) (SC0001-KTY)</description>
		<year>2001</year>
		<publisher>Takara</publisher>
		<rom name="01.bin" size="1048576" crc="0635e39f" sha1="bfe33b0de01e8618abfdd190abf752cee53a6403" />
	</machine>
	<machine name="sc0003">
		<description>Kids' Challenge Volume 1 (Japan) (SC0003-xxx)</description>
		<year>2001</year>
		<publisher>Takara</publisher>
		<rom name="sc0003-.u1" size="1048576" crc="935e3445" sha1="e86949467e65d515523629ca1e8f8b47cdaaacf0" />
	</machine>
	<machine name="sc0004">
		<description>SAI (series 1) Volume 1 (Japan) (SC0004-SAI)</description>
		<year>2001</year>
		<publisher>Takara</publisher>
		<rom name="sc0004-sai.u1" size="1048576" crc="c2a080da" sha1="6eb803bc8587308002f7f8a15b1928c8f726c192" />
	</machine>
	<machine name="sc0005">
		<description>SAI (series 2) Volume 1 (Japan) (SC0005-SAI)</description>
		<year>2001</year>
		<publisher>Takara</publisher>
		<rom name="sc0005-sai.u1" size="1048576" crc="f919b155" sha1="60fc9985d277422d4d64fb4f0cebf2732e2958aa" />
	</machine>
	<machine name="sc0006">
		<description>SAI (series 2) Volume 2 (Japan) (SC0006-SAI)</description>
		<year>2001</year>
		<publisher>Takara</publisher>
		<rom name="sc0006-sai.u1" size="1048576" crc="4bd8669e" sha1="e77d16ecead2a6c660fedcbca3a1e0e719648be4" />
	</machine>
	<machine name="sc0009">
		<description>SAI (series 2) Volume 3 (Japan) (SC0009-SAI)</description>
		<year>2001</year>
		<publisher>Takara</publisher>
		<rom name="sc0009-sai.u1" size="1048576" crc="61413fd5" sha1="47dad178faa99301009ae74554a39b15c01e0db2" />
	</machine>
	<machine name="sc0010">
		<description>HWK (Japan) (SC0010-HKW)</description>
		<year>2001</year>
		<publisher>Takara</publisher>
		<rom name="sc0010-hkw.u1" size="2097152" crc="fd6dc588" sha1="fece06706399eb36f3e69f7693116c944fe890e7" />
	</machine>
	<machine name="sc0012">
		<description>SAI (series 3) Volume 3 (Japan) (SC0012-SAI)</description>
		<year>2001</year>
		<publisher>Takara</publisher>
		<rom name="sc0012-sai.u1" size="1048576" crc="8b971664" sha1="5f748d3406dbe74ce06c68aa07bafa9e288d5b51" />
	</machine>
	<machine name="sc0018">
		<description>Challenge Artist Volume 1 (Japan) (SC0018-SAI)</description>
		<year>2002</year>
		<publisher>Takara</publisher>
		<rom name="sc0018-sai.u1" size="1048576" crc="23545417" sha1="64b84de483c6c5d1129826324b30580a189077ea" />
	</machine>
	<machine name="sc0019">
		<description>SAI (series 2) Volume 6 (Japan) (SC0019-SAI)</description>
		<year>2002</year>
		<publisher>Takara</publisher>
		<rom name="sc0019-sai.u1" size="1048576" crc="136c12e3" sha1="fabd2e83732fdbbd737fc55902a3b1612c73f929" />
	</machine>
	<machine name="sc0021">
		<description>SAI (series 2) Volume 7 (Japan) (SC0021-SAI)</description>
		<year>2002</year>
		<publisher>Takara</publisher>
		<rom name="sc0021-sai.u1" size="1048576" crc="fbc77e6c" sha1="eee3c8a68807dbac62c8021f9c755d08076925e2" />
	</machine>
	<machine name="sc0022">
		<description>SAI (series 2) Volume 8 (Japan) (SC0022-SAI)</description>
		<year>2003</year>
		<publisher>Takara</publisher>
		<rom name="sc0022-sai.u1" size="1048576" crc="d631d890" sha1="a0953aa347c9ec152e64bc455fc360056c5c0807" />
	</machine>
</datafile>