<?xml version="1.0" encoding="utf-8"?>
<!DOCTYPE datafile PUBLIC "-//Logiqx//DTD ROM Management Datafile//EN" "http://www.logiqx.com/Dats/datafile.dtd">
<datafile>
	<header>
		<name>ekara_japan</name>
		<description>Takara e-kara (Japan) ECxxxx- series cartridges</description>
		<version></version>
		<author></author>
	</header>
	<machine name="ec0001">
		<description>J-Pop Mix Volume 1 (Japan) (EC0001-JPM)</description>
		<year>2000</year>
		<publisher>Takara</publisher>
		<rom name="ec0001-jpm.u1" size="1048576" crc="f8f314dc" sha1="743b33c835def29dcf129a26ab4636d1eec177be" />
	</machine>
	<machine name="ec0002">
		<description>J-Pop Mix Volume 2 (Japan) (EC0002-JPM)</description>
		<year>2000</year>
		<publisher>Takara</publisher>
		<rom name="ec0002-jpm.u1" size="1048576" crc="15283b18" sha1="3248957019f8732bf32685906eb3aa1b997390f4" />
	</machine>
	<machine name="ec0003">
		<description>J-Pop Mix Volume 3 (Japan) (EC0003-JPM)</description>
		<year>2000</year>
		<publisher>Takara</publisher>
		<rom name="ec0003-jpm.u1" size="1048576" crc="bb6a6edf" sha1="48b0a04865f8aa2b34022e29d37f44a9468a315c" />
	</machine>
	<machine name="ec0004">
		<description>J-Pop Mix Volume 4 (Japan) (EC0004-JPM)</description>
		<year>2000</year>
		<publisher>Takara</publisher>
		<rom name="ec0004-jpm.u1" size="1048576" crc="9fb5af56" sha1="499ed9795f6e9854b362c7196bcc13cb8f06fabf" />
	</machine>
	<machine name="ec0005">
		<description>J-Pop Mix Volume 5 (Japan) (EC0005-JPM)</description>
		<year>2000</year>
		<publisher>Takara</publisher>
		<rom name="ec0005-jpm.u1" size="1048576" crc="023b36b9" sha1="5066a9a7a0004fbd048a7b42645e42d6133b9dc2" />
	</machine>
	<machine name="ec0006">
		<description>ENK Volume 1 (Japan) (EC0006-ENK)</description>
		<year>2000</year>
		<publisher>Takara</publisher>
		<rom name="ec0006-enk.u1" size="1048576" crc="294a0639" sha1="f1f58057a80257c9083093be146ed287ca1aee39" />
	</machine>
	<machine name="ec0007">
		<description>1976-78 Volume 1 (Japan) (EC0007-G76)</description>
		<year>2000</year>
		<publisher>Takara</publisher>
		<rom name="ec0007-g76.u1" size="1048576" crc="c474f87c" sha1="1818ff5be084e6aca697cc8151a357b77947eb5e" />
	</machine>
	<machine name="ec0008">
		<description>1979-81 Volume 1 (Japan) (EC0008-G79)</description>
		<year>2000</year>
		<publisher>Takara</publisher>
		<rom name="ec0008-g79.u1" size="1048576" crc="0151f46b" sha1="942f9d5c1e54753d806fbadc508624ea41963b6d" />
	</machine>
	<machine name="ec0009">
		<description>ANM Volume 1 (Japan) (EC0009-ANM)</description>
		<year>2000</year>
		<publisher>Takara</publisher>
		<rom name="ec0009-anm.u1" size="1048576" crc="1dbbd209" sha1="b8ca02ed1a36aa9caa067db95377cda107b1046b" />
	</machine>
	<machine name="ec0010">
		<description>Kid's Mix Volume 1 (Japan) (EC0010-KID)</description>
		<year>2000</year>
		<publisher>Takara</publisher>
		<rom name="ec0010-kid.u1" size="1048576" crc="3cc17df6" sha1="50e5916850ac20921a6a7aa98f4fff126943b7b5" />
	</machine>
	<machine name="ec0011">
		<description>J-Pop Mix Volume 6 (Japan) (EC0011-JPM)</description>
		<year>2000</year>
		<publisher>Takara</publisher>
		<rom name="ec0011-jpm.u1" size="1048576" crc="5d0ca1e7" sha1="0c1bf33b3a436da2c19bd7171ab1a234a623987c" />
	</machine>
	<machine name="ec0012">
		<description>J-Pop Mix Volume 7 (Japan) (EC0012-JPM)</description>
		<year>2000</year>
		<publisher>Takara</publisher>
		<rom name="ec0012-jpm.u1" size="1048576" crc="6df0e8f5" sha1="122744fc5b17348a00778b08855626b8b1c2f9e5" />
	</machine>
	<machine name="ec0013">
		<description>J-Pop Mix Volume 8 (Japan) (EC0013-JPM)</description>
		<year>2000</year>
		<publisher>Takara</publisher>
		<rom name="ec0013-jpm.u1" size="1048576" crc="75d0d784" sha1="a7d2f937a5f4cc5894a90992a32cf2dbce50dadf" />
	</machine>
	<machine name="ec0014">
		<description>Artist Selection Volume 1 (unknown) (Japan) (EC0014-ATS)</description>
		<year>2000</year>
		<publisher>Takara</publisher>
		<rom name="ec0014-ats.u1" size="1048576" crc="71aba436" sha1="520a9d5ac99c3b9d1d6286946f994065ef33e1cd" />
	</machine>
	<machine name="ec0015">
		<description>Artist Selection Volume 2 (unknown) (Japan) (EC0015-ATS)</description>
		<year>2000</year>
		<publisher>Takara</publisher>
		<rom name="ec0015-ats.u1" size="1048576" crc="3ae1c656" sha1="53e1e8b8b742ef6c5c9c76c7830949ee6fcb6631" />
	</machine>
	<machine name="ec0016">
		<description>ENK Volume 2 (Japan) (EC0016-ENK)</description>
		<year>2000</year>
		<publisher>Takara</publisher>
		<rom name="ec0016-enk.u1" size="1048576" crc="1bac5cc7" sha1="d80e266d079ea2e8a5acb8c1ed97a94c5d31e6ec" />
	</machine>
	<machine name="ec0017">
		<description>1973-75 Volume 1 (Japan) (EC0017-G73)</description>
		<year>2000</year>
		<publisher>Takara</publisher>
		<rom name="ec0017-g73.u1" size="1048576" crc="7f4efd49" sha1="32403cf65f4ae372da64cef25e03ddd66cdffa25" />
	</machine>
	<machine name="ec0018">
		<description>1982-84 Volume 1 (Japan) (EC0018-G82)</description>
		<year>2000</year>
		<publisher>Takara</publisher>
		<rom name="ec0018-g82.u1" size="1048576" crc="04327372" sha1="a0fe161aa9b9b6715e2386c15f01f35fdfba76a3" />
	</machine>
	<machine name="ec0019">
		<description>Graduation Encouragement Volume 1 (Japan) (EC0019-BSC)</description>
		<year>2000</year>
		<publisher>Takara</publisher>
		<rom name="ec0019-bsc.u1" size="1048576" crc="c7de4c19" sha1="2cfc8c8b684f7b5ddac384840665fae97b8d9829" />
	</machine>
	<machine name="ec0020">
		<description>Kid's Mix Volume 2 (Japan) (EC0020-KID)</description>
		<year>2000</year>
		<publisher>Takara</publisher>
		<rom name="ec0020-kid.u1" size="1048576" crc="ed3e5c2c" sha1="c9ca415b50a7b87d8bf54beb3c9f794bd928e489" />
	</machine>
	<machine name="ec0021">
		<description>J-Pop Mix Volume 9 (Japan) (EC0021-JPM)</description>
		<year>2000</year>
		<publisher>Takara</publisher>
		<rom name="ec0021-jpm.u1" size="1048576" crc="cb299d6a" sha1="662bb45b5ddcb4aab17ace1f16b7021dc09d5960" />
	</machine>
	<machine name="ec0022">
		<description>J-Pop Mix Volume 10 (Japan) (EC0022-JPM)</description>
		<year>2000</year>
		<publisher>Takara</publisher>
		<rom name="ec0022-jpm.u1" size="1048576" crc="6dfb1b9c" sha1="1554df7fa710e398fbe69951bf187e0260bc71d1" />
	</machine>
	<machine name="ec0023">
		<description>J-Pop Mix Volume 11 (Japan) (EC0023-JPM)</description>
		<year>2000</year>
		<publisher>Takara</publisher>
		<rom name="ec0023-jpm.u1" size="1048576" crc="7d5f623b" sha1="fe33d2c72bc7b5327362d4566c9621ac5f70b9d0" />
	</machine>
	<machine name="ec0024">
		<description>J-Pop Mix Volume 12 (Japan) (EC0024-JPM)</description>
		<year>2000</year>
		<publisher>Takara</publisher>
		<rom name="ec0024-jpm.u1" size="1048576" crc="7ec21709" sha1="17c603655ac74b2b45a7c23776b6139fc6d013dc" />
	</machine>
	<machine name="ec0025">
		<description>J-Pop Mix Volume 13 (Japan) (EC0025-JPM)</description>
		<year>2000</year>
		<publisher>Takara</publisher>
		<rom name="ec0025-jpm.u1" size="1048576" crc="c95830e0" sha1="263bdddaaa3016a2e71feaf5f3017c3d7d6e857e" />
	</machine>
	<machine name="ec0026">
		<description>J-Pop Mix Volume 14 (Japan) (EC0026-JPM)</description>
		<year>2000</year>
		<publisher>Takara</publisher>
		<rom name="ec0026-jpm.u1" size="1048576" crc="bae82f82" sha1="cb2d61796d79bc82866c8f0f711c567887df608a" />
	</machine>
	<machine name="ec0027">
		<description>J-Pop Mix Volume 15 (Japan) (EC0027-JPM)</description>
		<year>2000</year>
		<publisher>Takara</publisher>
		<rom name="ec0027-jpm.u1" size="1048576" crc="d72b685c" sha1="519da4b496e4c90d04f48043eb537c3644e8d0d2" />
	</machine>
	<machine name="ec0028">
		<description>J-Pop Mix Volume 16 (Japan) (EC0028-JPM)</description>
		<year>2000</year>
		<publisher>Takara</publisher>
		<rom name="ec0028-jpm.u1" size="1048576" crc="f671ce7e" sha1="d901d6196d7864f5e512fbb6d539ec0580417385" />
	</machine>
	<machine name="ec0029">
		<description>Artist Selection Volume 3 (Dreams Come True) (Japan) (EC0029-ATS)</description>
		<year>2000</year>
		<publisher>Takara</publisher>
		<rom name="ec0029-ats.u1" size="1048576" crc="cb9b1ab0" sha1="70f1c40e58aac1dcd6777c90063c2ae8d0cbb895" />
	</machine>
	<machine name="ec0030">
		<description>ENK Volume 3 (Japan) (EC0030-ENK)</description>
		<year>2000</year>
		<publisher>Takara</publisher>
		<rom name="ec0030-enk.u1" size="1048576" crc="28556ca2" sha1="bf5b14208e339369e2d719441e673bf2c6534978" />
	</machine>
	<machine name="ec0031">
		<description>Artist Selection Volume 4 (unknown) (Japan) (EC0031-ATS)</description>
		<year>2000</year>
		<publisher>Takara</publisher>
		<rom name="ec0031-ats.u1" size="1048576" crc="0e4f6c31" sha1="3f42e80fde8c5d5cf6321b0fe1547ad2d1936e5c" />
	</machine>
	<machine name="ec0032">
		<description>ANM Volume 2 (Japan) (EC0032-ANM)</description>
		<year>2000</year>
		<publisher>Takara</publisher>
		<rom name="ec0032-anm.u1" size="1048576" crc="6b46c0f8" sha1="c5d8cc10d89e5057b476d792509cabe333b0f497" />
	</machine>
	<machine name="ec0033">
		<description>J-Pop Mix Volume 17 (Japan) (EC0033-JPM)</description>
		<year>2000</year>
		<publisher>Takara</publisher>
		<rom name="ec0033-jpm.u1" size="1048576" crc="f68736f0" sha1="36ec70646542a4c4bc5e69372d19b5365b2b7dbb" />
	</machine>
	<machine name="ec0034">
		<description>Kid's Mix Volume 3 (Japan) (EC0034-KID)</description>
		<year>2000</year>
		<publisher>Takara</publisher>
		<rom name="ec0034-kid.u1" size="1048576" crc="80fb5241" sha1="5619605ae7099e955fff69466a0a2f0b2ce3049a" />
	</machine>
	<machine name="ec0035">
		<description>Artist Selection Volume 5 (Matsuda Seiko) (Japan) (EC0035-ATS)</description>
		<year>2000</year>
		<publisher>Takara</publisher>
		<rom name="ec0035-ats.u1" size="1048576" crc="54a09158" sha1="0570d09e761a3d15cdb8910540c535780c20c833" />
	</machine>
	<machine name="ec0036">
		<description>Artist Selection Volume 6 (KinKi Kids) (Japan) (EC0036-ATS)</description>
		<year>2000</year>
		<publisher>Takara</publisher>
		<rom name="ec0036-ats.u1" size="1048576" crc="c8a7117d" sha1="a3b4a48816119c898acbf5078c906692f2fc68c9" />
	</machine>
	<machine name="ec0037">
		<description>ENK Volume 4 (Japan) (EC0037-ENK)</description>
		<year>2001</year>
		<publisher>Takara</publisher>
		<rom name="ec0037-enk.u1" size="1048576" crc="3c61036c" sha1="b09096a58f361f70041b35c29a02b768ef1758d2" />
	</machine>
	<machine name="ec0038">
		<description>Graduation Encouragement Volume 2 (Japan) (EC0038-BSC)</description>
		<year>2000</year>
		<publisher>Takara</publisher>
		<rom name="ec0038-bsc.u1" size="1048576" crc="34817291" sha1="a6069419bf3fd143fb247ba625c41b42000cda27" />
	</machine>
	<machine name="ec0039">
		<description>Artist Selection Volume 7 (B'z) (Japan) (EC0039-ATS)</description>
		<year>2000</year>
		<publisher>Takara</publisher>
		<rom name="ec0039-ats.u1" size="1048576" crc="aa50b08a" sha1="91a97c0591e137e50b20f052b402ce52b70a16eb" />
	</machine>
	<machine name="ec0040">
		<description>J-Pop Mix Volume 18 (Japan) (EC0040-JPM)</description>
		<year>2000</year>
		<publisher>Takara</publisher>
		<rom name="ec0040-jpm.u1" size="1048576" crc="e2cb7232" sha1="c9c1f7d316f0c239c659632296695081e50b85e5" />
	</machine>
	<machine name="ec0041">
		<description>Artist Selection Volume 8 (unknown) (Japan) (EC0041-ATS)</description>
		<year>2001</year>
		<publisher>Takara</publisher>
		<rom name="ec0041-ats.u1" size="1048576" crc="a784e312" sha1="86e15ebfe7ff8c5e5f15065b735c8422ddc15f42" />
	</machine>
	<machine name="ec0042">
		<description>J-Pop Mix Volume 19 (Japan) (EC0042-JPM)</description>
		<year>2001</year>
		<publisher>Takara</publisher>
		<rom name="ec0042-jpm.u1" size="1048576" crc="4082d883" sha1="66c517f72cef5fceffe94cc4ed1b5d7c0f16b151" />
	</machine>
	<machine name="ec0043">
		<description>ENK Volume 5 (Japan) (EC0043-ENK)</description>
		<year>2001</year>
		<publisher>Takara</publisher>
		<rom name="ec0043-enk.u1" size="1048576" crc="c730037d" sha1="c283b99fe4ae51adc3e13a6fae4eaffb891ec20d" />
	</machine>
	<machine name="ec0044">
		<description>Artist Selection Volume 9 (Every Little Thing) (Japan) (EC0044-ATS)</description>
		<year>2001</year>
		<publisher>Takara</publisher>
		<rom name="ec0044-ats.u1" size="1048576" crc="5ed25544" sha1="2cb30b442d97813af32530c6f61d7fcc7653f533" />
	</machine>
	<machine name="ec0045">
		<description>Artist Selection Volume 10 (Mr. Children) (Japan) (EC0045-ATS)</description>
		<year>2001</year>
		<publisher>Takara</publisher>
		<rom name="ec0045-ats.u1" size="1048576" crc="d1f4ba12" sha1="385a341a9e92881ae362294bd61cb66bf05e2b08" />
	</machine>
	<machine name="ec0046">
		<description>J-Pop Mix Volume 20 (Japan) (EC0046-JPM)</description>
		<year>2001</year>
		<publisher>Takara</publisher>
		<rom name="ec0046-jpm.u1" size="1048576" crc="becc678f" sha1="30c6700b43dd691ff633fa469e6a34472481af59" />
	</machine>
	<machine name="ec0047">
		<description>DUE Volume 1 (Japan) (EC0047-DUE)</description>
		<year>2001</year>
		<publisher>Takara</publisher>
		<rom name="ec0047-due.u1" size="1048576" crc="3438b438" sha1="f75fbfc54e4843908e3307de3d2a03658ec74db7" />
	</machine>
	<machine name="ec0048">
		<description>ENK Volume 6 (Japan) (EC0048-ENK)</description>
		<year>2001</year>
		<publisher>Takara</publisher>
		<rom name="ec0048-enk.u1" size="1048576" crc="32ad1da7" sha1="7033988a6652fffca840348c68d5d54e5e28f225" />
	</machine>
	<machine name="ec0049">
		<description>Artist Selection Volume 11 (Judy and Mary) (Japan) (EC0049-ATS)</description>
		<year>2001</year>
		<publisher>Takara</publisher>
		<rom name="ec0049-ats.u1" size="1048576" crc="110a1cde" sha1="339901556bcb54e3d09b5291038746687bfaed14" />
	</machine>
	<machine name="ec0050">
		<description>Artist Selection Volume 12 (The Beatles) (Japan) (EC0050-ATS)</description>
		<year>2001</year>
		<publisher>Takara</publisher>
		<rom name="ec0050-ats.u1" size="2097152" crc="56ce5d3a" sha1="c499bae5faa00e0987b89185d0e2ec142054773a" />
	</machine>
	<machine name="ec0051">
		<description>J-Pop Mix Volume 21 (Japan) (EC0051-JPM)</description>
		<year>2001</year>
		<publisher>Takara</publisher>
		<rom name="ec0051-jpm.u1" size="1048576" crc="812b00a6" sha1="4329469ff7e7ad5598ae676386c4ecd98a58f811" />
	</machine>
	<machine name="ec0052">
		<description>ENK Volume 7 (Japan) (EC0052-ENK)</description>
		<year>2001</year>
		<publisher>Takara</publisher>
		<rom name="ec0052-enk.u1" size="1048576" crc="120662ff" sha1="292d15f49f6bf450662f343e805fd49c484a04ad" />
	</machine>
	<machine name="ec0053">
		<description>J-Pop Mix Volume 22 (Japan) (EC0053-JPM)</description>
		<year>2001</year>
		<publisher>Takara</publisher>
		<rom name="ec0053-jpm.u1" size="1048576" crc="6f799665" sha1="bf029d5c10efb8b76bff7dda0806bf943d0fff01" />
	</machine>
	<machine name="ec0054">
		<description>J-Pop Mix Volume 23 (Japan) (EC0054-JPM)</description>
		<year>2001</year>
		<publisher>Takara</publisher>
		<rom name="ec0054-jpm.u1" size="1048576" crc="3dcf6eb2" sha1="f235126a900544bb44397ebe9e0fd963927d6cdb" />
	</machine>
	<machine name="ec0055">
		<description>Artist Selection Volume 13 (Tube) (Japan) (EC0055-ATS)</description>
		<year>2001</year>
		<publisher>Takara</publisher>
		<rom name="ec0055-ats.u1" size="1048576" crc="af6b0f2a" sha1="719bd1bc88517e4e067e99416547afe9ca1ff93f" />
	</machine>
	<machine name="ec0056">
		<description>J-Pop Mix Volume 24 (Japan) (EC0056-JPM)</description>
		<year>2001</year>
		<publisher>Takara</publisher>
		<rom name="ec0056-jpm.u1" size="1048576" crc="8c0b175b" sha1="697d7eb50a84001ddb66f50a50c682c63c21ed60" />
	</machine>
	<machine name="ec0057">
		<description>Artist Selection Volume 14 (SMAP) (Japan) (EC0057-ATS)</description>
		<year>2001</year>
		<publisher>Takara</publisher>
		<rom name="ec0057-ats.u1" size="1048576" crc="15345511" sha1="7e5197a8f7a0ec0160d7f5214428b153f35619f6" />
	</machine>
	<machine name="ec0059">
		<description>J-Pop Mix Volume 25 (Japan) (EC0059-JPM)</description>
		<year>2001</year>
		<publisher>Takara</publisher>
		<rom name="ec0059-jpm.u1" size="1048576" crc="e72ab46f" sha1="ef1fc7fba2beae7549edce697b12dd3b48dd1103" />
	</machine>
	<machine name="ec0060">
		<description>J-Pop Mix Volume 26 (Japan) (EC0060-JPM)</description>
		<year>2001</year>
		<publisher>Takara</publisher>
		<rom name="ec0060-jpm.u1" size="1048576" crc="04a0b834" sha1="916bac4b58210a0cbd8c9d76c39c802b6d68be32" />
	</machine>
	<machine name="ec0061">
		<description>J-Pop Mix Volume 27 (Japan) (EC0061-JPM)</description>
		<year>2001</year>
		<publisher>Takara</publisher>
		<rom name="ec0061-jpm.u1" size="1048576" crc="562d2549" sha1="7a6de3b4802e0f4249e1c1f82fd7d9f10cee96c0" />
	</machine>
	<machine name="ec0062">
		<description>J-Pop Mix Volume 28 (Japan) (EC0062-JPM)</description>
		<year>2001</year>
		<publisher>Takara</publisher>
		<rom name="ec0062-jpm.u1" size="1048576" crc="b3ea4218" sha1="4b186085ca5767f0c5dc3e67b4a316a3023a44bb" />
	</machine>
	<machine name="ec0063">
		<description>J-Pop Mix Volume 29 (Japan) (EC0063-JPM)</description>
		<year>2001</year>
		<publisher>Takara</publisher>
		<rom name="ec0063-jpm.u1" size="1048576" crc="b3761268" sha1="c7488771ff83793c4a189bd31f6ecd8235463779" />
	</machine>
	<machine name="ec0065">
		<description>J-Pop Mix Volume 30 (Japan) (EC0065-JPM)</description>
		<year>2001</year>
		<publisher>Takara</publisher>
		<rom name="ec0065-jpm.u1" size="1048576" crc="fbf39688" sha1="fdf955de31bdb5bea078c0ae1305b67076093749" />
	</machine>
	<machine name="ec0066">
		<description>J-Pop Mix Volume 31 (Japan) (EC0066-JPM)</description>
		<year>2001</year>
		<publisher>Takara</publisher>
		<rom name="ec0066-jpm.u1" size="1048576" crc="aa7b1374" sha1="07b61dc24273c41088c2a15e07f112fd7917d0bb" />
	</machine>
	<machine name="ec0067">
		<description>J-Pop Mix Volume 32 (Japan) (EC0067-JPM)</description>
		<year>2001</year>
		<publisher>Takara</publisher>
		<rom name="ec0067-jpm.u1" size="1048576" crc="972cd1f3" sha1="0972800c5b64259e0a5953547c6c825ad68b0d83" />
	</machine>
	<machine name="ec0068">
		<description>J-Pop Mix Volume 33 (Japan) (EC0068-JPM)</description>
		<year>2001</year>
		<publisher>Takara</publisher>
		<rom name="ec0068-jpm.u1" size="1048576" crc="71a49880" sha1="adbb182e1346e4a87765962f8587b1a465ff907b" />
	</machine>
	<machine name="ec0069">
		<description>ETZ (Japan) (EC0069-ETZ)</description>
		<year>2001</year>
		<publisher>Takara</publisher>
		<rom name="ec0069-etz.u1" size="2097152" crc="849ebd23" sha1="752c500d3ff48f04b985fef04219824d1d746034" />
	</machine>
	<machine name="ec0070">
		<description>J-Pop Mix Volume 34 (Japan) (EC0070-JPM)</description>
		<year>2001</year>
		<publisher>Takara</publisher>
		<rom name="ec0070-jpm.u1" size="1048576" crc="8ba16056" sha1="20df400ce69d78883d082526375736f42b67634f" />
	</machine>
	<machine name="ec0071">
		<description>J-Pop Mix Volume 35 (Japan) (EC0071-JPM)</description>
		<year>2001</year>
		<publisher>Takara</publisher>
		<rom name="ec0071-jpm.u1" size="1048576" crc="5d62c9d6" sha1="c50efa872833016612fc69a3ef8ae6068d27a9d8" />
	</machine>
	<machine name="ec0072">
		<description>J-Pop Mix Volume 36 (Japan) (EC0072-JPM)</description>
		<year>2001</year>
		<publisher>Takara</publisher>
		<rom name="ec0072-jpm.u1" size="1048576" crc="e49a1e4b" sha1="43f2677610dc3bbd8f21430f48ce290eaf7ff8bc" />
	</machine>
	<machine name="ec0073">
		<description>MKC volume 1 (Japan) (EC0073-MKC)</description>
		<year>2001</year>
		<publisher>Takara</publisher>
		<rom name="ec0073-mkc.u1" size="1048576" crc="e1ffa625" sha1="ee1bcd579a10085c4c094037e25345c17c063c7c" />
	</machine>
	<machine name="ec0074">
		<description>J-Pop Mix Volume 37 (Japan) (EC0074-JPM)</description>
		<year>2001</year>
		<publisher>Takara</publisher>
		<rom name="ec0074-jpm.u1" size="1048576" crc="12aa9070" sha1="2b645d1cbc5716cd1f58a9d2f820a5b50b0d9448" />
	</machine>
	<machine name="ec0075">
		<description>J-Pop Mix Volume 38 (Japan) (EC0075-JPM)</description>
		<year>2001</year>
		<publisher>Takara</publisher>
		<rom name="ec0075-jpm.u1" size="1048576" crc="cbb8e615" sha1="5fbbfbf4278ce7e289d859e389808b155bb16e4a" />
	</machine>
	<machine name="ec0076">
		<description>J-Pop Mix Volume 39 (Japan) (EC0076-JPM)</description>
		<year>2001</year>
		<publisher>Takara</publisher>
		<rom name="ec0076-jpm.u1" size="1048576" crc="ccdc18d1" sha1="bf0ee7b17ed258495a2805d2608e960f64d5ec5c" />
	</machine>
	<machine name="ec0077">
		<description>Artist Selection Volume 15 - Keisuke Kuwata (Japan) (EC0077-ATS)</description>
		<year>2001</year>
		<publisher>Takara</publisher>
		<rom name="ec0077-ats.u1" size="1048576" crc="368b0daf" sha1="8274a06ca2e3dbcd5176ac1b916be4a5a0df12ef" />
	</machine>
	<machine name="ec0078">
		<description>J-Pop Mix Volume 40 (Japan) (EC0078-JPM)</description>
		<year>2001</year>
		<publisher>Takara</publisher>
		<rom name="ec0078-jpm.u1" size="1048576" crc="a76c022f" sha1="983fb1a78f457edcac9c7eb0226bb1b629ec27a7" />
	</machine>
	<machine name="ec0079">
		<description>ETZ 2 (Japan) (EC0079-ETZ)</description>
		<year>2002</year>
		<publisher>Takara</publisher>
		<rom name="ec0079-etz.u1" size="2097152" crc="c03b5411" sha1="a88156aec4e0f024461f129c955a953647f51554" />
	</machine>
	<machine name="ec0080">
		<description>J-Pop Mix Volume 41 (Japan) (EC0080-JPM)</description>
		<year>2001</year>
		<publisher>Takara</publisher>
		<rom name="ec0080-jpm.u1" size="1048576" crc="6fc0b669" sha1="a712b5c25551b99b0c4a3650f71380087b5a54a7" />
	</machine>
	<machine name="ec0082">
		<description>Matthew's Best Hit Selection (Japan) (EC0082-MBH)</description>
		<year>2003</year>
		<publisher>Takara</publisher>
		<rom name="ec0082-mbh.u1" size="1048576" crc="3998e478" sha1="29dad31dfd79c57b2ccec0caac81b3489946b798" />
	</machine>
</datafile>