<?xml version="1.0" encoding="utf-8"?>
<!DOCTYPE datafile PUBLIC "-//Logiqx//DTD ROM Management Datafile//EN" "http://www.logiqx.com/Dats/datafile.dtd">
<datafile>
	<header>
		<name>snotec</name>
		<description>Bandai Super Note Club cartridges</description>
		<version></version>
		<author></author>
	</header>
	<machine name="angelmt">
		<description>Angel Mail Town</description>
		<year>1999</year>
		<publisher>Bandai</publisher>
		<rom name="SNCVC-MAIL.IC3" size="524288" crc="a3246a56" sha1="616b060cab85076571c47edf30f312535196e41a" />
	</machine>
	<machine name="catdog">
		<description>Ochame na PetMate</description>
		<year>1995</year>
		<publisher>Bandai</publisher>
		<rom name="SNC-PET1.IC1" size="262144" crc="1ba10001" sha1="6ab6e9d79d6f60dc07c951ec94369e6059351744" />
	</machine>
	<machine name="caudit">
		<description>Challenge Audition</description>
		<year>1998</year>
		<publisher>Bandai</publisher>
		<rom name="Audition.ic1" size="262144" crc="685fc899" sha1="0e203ed002450031663d6626380d39b88dc7b1ab" />
	</machine>
	<machine name="conan2">
		<description>Detective Conan 2</description>
		<year>1996</year>
		<publisher>Bandai</publisher>
		<rom name="SNC_Conan2.ic" size="262144" crc="47a3ce5e" sha1="2f9653ef01026d8a8f8c3036bda533336ebc7e0a" />
	</machine>
	<machine name="conan3">
		<description>Detective Conan 3</description>
		<year>1999</year>
		<publisher>Bandai</publisher>
		<rom name="SNC-CONAN3.IC1" size="524288" crc="f93d6149" sha1="b624db8fd47cae79357de4d60d41d88ebe1f089d" />
	</machine>
	<machine name="conan">
		<description>Detective Conan</description>
		<year>1996</year>
		<publisher>Bandai</publisher>
		<rom name="LH532KV6.IC1" size="262144" crc="edf3cc1e" sha1="0b759ff7dd2bd6809e5634679f758de106fed654" />
	</machine>
	<machine name="gokinjom">
		<description>Gokinjo Monogatari</description>
		<year>1996</year>
		<publisher>Bandai</publisher>
		<rom name="ic1.bin" size="262144" crc="bcaf2210" sha1="0aba90745fe6c9aa2dd979d162cd8dc43ea3e602" />
	</machine>
	<machine name="magicalf">
		<description>Magical Fortune</description>
		<year>1996</year>
		<publisher>Bandai</publisher>
		<rom name="LH532KWU.ic1" size="262144" crc="b0017e0d" sha1="0147f0c61fa47509971222cbacfafd382ed2e31d" />
	</machine>
	<machine name="notepadn">
		<description>Nakayoshi Diary</description>
		<year>1995</year>
		<publisher>Bandai</publisher>
		<rom name="BANDAIP1.IC1" size="262144" crc="dc8bd361" sha1="d88498321c3038afd6b917005860bd118fe31aa2" />
	</machine>
	<machine name="tamago">
		<description>Tamagotchi</description>
		<year>1997</year>
		<publisher>Bandai</publisher>
		<rom name="SNC_Tamago.ic1" size="262144" crc="3900e281" sha1="8b2faf3961e4a873a513f426056da188af37b2b5" />
	</machine>
	<machine name="tpanda">
		<description>Tare Panda</description>
		<year>2000</year>
		<publisher>Bandai</publisher>
		<rom name="snc_tarepanda-c.ic1" size="524288" crc="ea57c308" sha1="7fdb42e422a12b86e87b22ac8038b578e8183eaa" />
	</machine>
</datafile>