<?xml version="1.0" encoding="utf-8"?>
<!DOCTYPE datafile PUBLIC "-//Logiqx//DTD ROM Management Datafile//EN" "http://www.logiqx.com/Dats/datafile.dtd">
<datafile>
	<header>
		<name>sorcerer_cass</name>
		<description>Exidy Sorcerer cassettes</description>
		<version></version>
		<author></author>
	</header>
	<machine name="adv1">
		<description>Adventureland</description>
		<year>1979</year>
		<publisher>&lt;unknown&gt;</publisher>
		<rom name="adv1.wav" size="13450400" crc="c42434d2" sha1="4a3f5e2f366bb767897c705788ee38087c6dec33" />
	</machine>
	<machine name="adv2">
		<description>Pirate Adventure</description>
		<year>1979</year>
		<publisher>&lt;unknown&gt;</publisher>
		<rom name="adv2.wav" size="13658750" crc="fe930666" sha1="7e23e33ec0e33f8447bf7bed7c077b8d91b495f3" />
	</machine>
	<machine name="adv3">
		<description>Mission Impossible</description>
		<year>1979</year>
		<publisher>&lt;unknown&gt;</publisher>
		<rom name="adv3.wav" size="13033704" crc="0b76a09b" sha1="01942e42aaba52bd8c336e5fb8258067874a1685" />
	</machine>
	<machine name="adv4">
		<description>Voodoo Castle</description>
		<year>1979</year>
		<publisher>&lt;unknown&gt;</publisher>
		<rom name="adv4.wav" size="13867098" crc="9fec95d9" sha1="ec714db72efeb3e3a8e41bde2fbca069038cdd54" />
	</machine>
	<machine name="adv5">
		<description>The Count</description>
		<year>1979</year>
		<publisher>Creative Computing</publisher>
		<rom name="adv5.wav" size="13242052" crc="9c599ac9" sha1="2ad41843f755c405033e611ad76039e602ae0cc0" />
	</machine>
	<machine name="adv6">
		<description>Strange Odyssey</description>
		<year>1979</year>
		<publisher>&lt;unknown&gt;</publisher>
		<rom name="adv6.wav" size="13450400" crc="397bbec2" sha1="91ffae2dd6c1470e5a7b400a5134149a403ad017" />
	</machine>
	<machine name="adv7">
		<description>Mystery Fun House</description>
		<year>1979</year>
		<publisher>&lt;unknown&gt;</publisher>
		<rom name="adv7.wav" size="13658750" crc="36832c51" sha1="7fd1805a78a0d0db3d446d2d1609058d5000796a" />
	</machine>
	<machine name="adv8">
		<description>Pyramid of Doom</description>
		<year>1979</year>
		<publisher>&lt;unknown&gt;</publisher>
		<rom name="adv8.wav" size="13658750" crc="fac6fb02" sha1="de3437f174e88b6a84b652bc15aa2cae298c6f80" />
	</machine>
	<machine name="adv9">
		<description>Ghost Town</description>
		<year>1979</year>
		<publisher>&lt;unknown&gt;</publisher>
		<rom name="adv9.wav" size="13450400" crc="02c336c3" sha1="0e1bebddf95ac0f3dd1f0d753cf5ab1c4708f564" />
	</machine>
	<machine name="amaze">
		<description>Amazing Maze</description>
		<year>198?</year>
		<publisher>&lt;unknown&gt;</publisher>
		<rom name="amaze.wav" size="4074706" crc="13d88dfc" sha1="7ea94abdd1df0b893b0121cd7ba233ca77bce8c6" />
	</machine>
	<machine name="apatrol">
		<description>Armored Patrol</description>
		<year>1981</year>
		<publisher>Adventure International</publisher>
		<rom name="tank.wav" size="13661228" crc="db36467d" sha1="3b590f470de8f0cc7d604f0b07ddf2bd8290aed8" />
	</machine>
	<machine name="arith">
		<description>Arithmetic CAI</description>
		<year>1981</year>
		<publisher>&lt;unknown&gt;</publisher>
		<rom name="arith.wav" size="14321684" crc="711c3429" sha1="f6f740d5ddd2d25c7a32bf2b821674ace16990fd" />
	</machine>
	<machine name="arrow2">
		<description>Arrows and Alleys (16k version)</description>
		<year>1980</year>
		<publisher>Quality Software</publisher>
		<rom name="arrow2.wav" size="5517892" crc="ca545956" sha1="bdab1b5c1fb76cd112d1e1a6a80f5cd0e88107c4" />
	</machine>
	<machine name="arrow">
		<description>Arrows and Alleys</description>
		<year>1980</year>
		<publisher>Quality Software</publisher>
		<rom name="arrow.wav" size="5533148" crc="46bcff96" sha1="5c3dc27a6e5db154c0d7578454e92536a47183ee" />
	</machine>
	<machine name="ast">
		<description>Super Asteroids</description>
		<year>1981</year>
		<publisher>System Software</publisher>
		<rom name="ast.wav" size="7659602" crc="71091d7f" sha1="f6b2082dfb52d5868c3ffc1e1eae0712eb2a2e18" />
	</machine>
	<machine name="aster">
		<description>Asteroids</description>
		<year>1980</year>
		<publisher>&lt;unknown&gt;</publisher>
		<rom name="aster.wav" size="7795698" crc="3b2732fd" sha1="feac5acbb5298ba67d6cdd300c199e0beb841f65" />
	</machine>
	<machine name="astro">
		<description>Astro Attacker</description>
		<year>1982</year>
		<publisher>Global Software Network</publisher>
		<rom name="astro.wav" size="12330830" crc="e720676f" sha1="3a2a5cb8af24a7c0d646ac26d77ef644b894a745" />
	</machine>
	<machine name="atc1">
		<description>Air Traffic Controller (Mt Purscent)</description>
		<year>19??</year>
		<publisher>Creative Computing</publisher>
		<rom name="atc1.wav" size="2297232" crc="a519090b" sha1="655f751500c08977b26a50199e06ab212342619d" />
	</machine>
	<machine name="atc">
		<description>Air Traffic Controller</description>
		<year>1979</year>
		<publisher>Creative Computing</publisher>
		<rom name="atc.wav" size="2824614" crc="c1bde1c3" sha1="dffc6cf0b710bb25fdddfcaad445d9af9ae1f098" />
	</machine>
	<machine name="biochart">
		<description>Biochart</description>
		<year>19??</year>
		<publisher>&lt;unknown&gt;</publisher>
		<rom name="biochart.wav" size="6366174" crc="bc4e0723" sha1="bb9302bdda3365ff3269caecd0ea233ff763c826" />
	</machine>
	<machine name="biorhythm">
		<description>Bio-Rhythm</description>
		<year>19??</year>
		<publisher>Micro Software</publisher>
		<rom name="biorhythm.wav" size="5947778" crc="bbe0f0ce" sha1="1709c4fa65b5f9c7b887cf1d63c3f3b6d6383bd1" />
	</machine>
	<machine name="black">
		<description>Blackjack</description>
		<year>198?</year>
		<publisher>Dick Smith Electronics</publisher>
		<rom name="black.wav" size="12293538" crc="a7f64fe5" sha1="c5ba7c95a4b9067ff3c4c8b06bcc46f114e6f23d" />
	</machine>
	<machine name="blackj">
		<description>Black Jack</description>
		<year>1979</year>
		<publisher>&lt;unknown&gt;</publisher>
		<rom name="blackj.wav" size="8130252" crc="1591a2c8" sha1="36ae79e27299cc694d6562c7c3d97d7189d645b5" />
	</machine>
	<machine name="break">
		<description>Breakout</description>
		<year>1980</year>
		<publisher>&lt;unknown&gt;</publisher>
		<rom name="break.wav" size="5734200" crc="7fe5a2fa" sha1="1aed0d32c4b66daa3b0ecd37ee0fbab5dead59aa" />
	</machine>
	<machine name="cadas">
		<description>Cassette Disk database system</description>
		<year>1981</year>
		<publisher>&lt;unknown&gt;</publisher>
		<rom name="cadas.wav" size="6303594" crc="8ee689bd" sha1="5c6bc70ec8a79aea00ca6e3ec9efe2bc82f05c69" />
	</machine>
	<machine name="char">
		<description>Character Designer</description>
		<year>198?</year>
		<publisher>&lt;unknown&gt;</publisher>
		<rom name="char.wav" size="3034584" crc="6d4574b0" sha1="6a08f5376d0a78816983941bb1df233e0d368af0" />
	</machine>
	<machine name="checkers">
		<description>Checkers</description>
		<year>198?</year>
		<publisher>Creative Computing</publisher>
		<rom name="checkers.wav" size="5634604" crc="3e56fd0a" sha1="6d0d059c4b498ddf9af60c13688a571df7dec82c" />
	</machine>
	<machine name="chess1">
		<description>Sargon Chess</description>
		<year>198?</year>
		<publisher>&lt;unknown&gt;</publisher>
		<rom name="chess1.wav" size="6366542" crc="04a98fe2" sha1="1e03968a8a867379e6d486a4fd2a8e2f8b7169ea" />
	</machine>
	<machine name="chess2">
		<description>Chess</description>
		<year>198?</year>
		<publisher>&lt;unknown&gt;</publisher>
		<rom name="chess2.wav" size="5951468" crc="353f6313" sha1="a1ab5a533aba0610a712cb37065452ab63c41003" />
	</machine>
	<machine name="chomp">
		<description>Chomp</description>
		<year>1981</year>
		<publisher>Global Software Network</publisher>
		<rom name="chomp.wav" size="10950216" crc="c21cd588" sha1="fce7b56bd4252c991b5abfe81d3adf727990ffcc" />
	</machine>
	<machine name="com48">
		<description>Basic Compiler v1.21</description>
		<year>1982</year>
		<publisher>System Software</publisher>
		<rom name="com48.wav" size="18874150" crc="db015584" sha1="593ee5afa5ac1721955e35af38e7f1152831c963" />
	</machine>
	<machine name="cosmc">
		<description>Cosmic Fighter (ported from TRS-80)</description>
		<year>1980</year>
		<publisher>Big Five Software</publisher>
		<rom name="defcm.wav" size="10661932" crc="24bd0b6f" sha1="5aaa0f01ed86d8db22871fb456c3c795a6495291" />
	</machine>
	<machine name="crash">
		<description>Head-on Collision</description>
		<year>1980</year>
		<publisher>Quality Software</publisher>
		<rom name="crash.wav" size="7824984" crc="f6a54d3f" sha1="6fff752fa4f2f1056a05e1d7d3368ec31828e9d3" />
	</machine>
	<machine name="crossup">
		<description>Cross-Up</description>
		<year>198?</year>
		<publisher>&lt;unknown&gt;</publisher>
		<rom name="crossup.wav" size="6018780" crc="dd5d53ad" sha1="47030e72a6c0f82632b0ad38888d03b7ad7cc85a" />
	</machine>
	<machine name="debug">
		<description>Debug</description>
		<year>1979</year>
		<publisher>Quality Software</publisher>
		<rom name="debug.wav" size="3584388" crc="cb0f1e8d" sha1="4f7ef89a79100269845250a4b69dac31056dbbb0" />
	</machine>
	<machine name="defcm">
		<description>Defense Command (ported from TRS-80)</description>
		<year>19??</year>
		<publisher>&lt;unknown&gt;</publisher>
		<rom name="defcm.wav" size="13703212" crc="b082da2c" sha1="ca8d58887c6480154bb43827b359f543efc0b3dd" />
	</machine>
	<machine name="demo1">
		<description>DEMO1</description>
		<year>1979</year>
		<publisher>&lt;unknown&gt;</publisher>
		<rom name="demo1.wav" size="12691590" crc="0cd9f838" sha1="2bd3e8082d5f0605d36b24ad8462c49962e64377" />
	</machine>
	<machine name="demo2">
		<description>DEMO2</description>
		<year>1979</year>
		<publisher>&lt;unknown&gt;</publisher>
		<rom name="demo2.wav" size="8202538" crc="922dede4" sha1="92005d8e4957a658e2e513083cd240af575fc048" />
	</machine>
	<machine name="demo3">
		<description>DEMO3</description>
		<year>1979</year>
		<publisher>&lt;unknown&gt;</publisher>
		<rom name="demo3.wav" size="7263870" crc="38e5b0d7" sha1="2400651c816b33d67c461c7eee561d80568891be" />
	</machine>
	<machine name="demo4">
		<description>DEMO4</description>
		<year>1979</year>
		<publisher>&lt;unknown&gt;</publisher>
		<rom name="demo4.wav" size="3896482" crc="e66fa049" sha1="d956b3ff42ac7b3178ee76ecb3d2ad388fed81f5" />
	</machine>
	<machine name="demo5">
		<description>DEMO5</description>
		<year>1979</year>
		<publisher>&lt;unknown&gt;</publisher>
		<rom name="demo5.wav" size="5980780" crc="32e5879c" sha1="07d08cb8d35e591d9f5a358fcc6f611df5922c7e" />
	</machine>
	<machine name="demo6">
		<description>DEMO6</description>
		<year>1979</year>
		<publisher>&lt;unknown&gt;</publisher>
		<rom name="demo6.wav" size="11325568" crc="60a7a4ee" sha1="b895cd5f2b93741e0356fe265fff96e8b6eb71b7" />
	</machine>
	<machine name="demo7">
		<description>DEMO7</description>
		<year>1979</year>
		<publisher>&lt;unknown&gt;</publisher>
		<rom name="demo7.wav" size="11678280" crc="320e3eba" sha1="f2ab46c0b33b5ea42a6ae26fdd06294b62e1331f" />
	</machine>
	<machine name="demo8">
		<description>DEMO8</description>
		<year>1979</year>
		<publisher>&lt;unknown&gt;</publisher>
		<rom name="demo8.wav" size="7556546" crc="baf9361f" sha1="30ab8a8ccafd65fbe82cbfbf5f77f27e0dfc4a78" />
	</machine>
	<machine name="demo">
		<description>Character Animation Demo</description>
		<year>198?</year>
		<publisher>&lt;unknown&gt;</publisher>
		<rom name="demo.wav" size="5092940" crc="0f39db7c" sha1="e7d4a3011b2df4f7c4e80f1f581d70f45a249702" />
	</machine>
	<machine name="dfndr">
		<description>Defender</description>
		<year>1982</year>
		<publisher>System Software</publisher>
		<rom name="dfndr.wav" size="13867098" crc="53f3805e" sha1="f70ec414c8e6f638a065bb258d17f7291831de69" />
	</machine>
	<machine name="disas2">
		<description>Z80 Disassembler</description>
		<year>1979</year>
		<publisher>Quality Software</publisher>
		<rom name="disas2.wav" size="5488822" crc="0620702b" sha1="2df63dfecf9a7b38ef2733f6d306341abc26c844" />
	</machine>
	<machine name="disas">
		<description>Z-80 Disassembler</description>
		<year>1979</year>
		<publisher>&lt;unknown&gt;</publisher>
		<rom name="disas.wav" size="5107532" crc="072439e7" sha1="d7e42e7faa334d22cce9b1cacb42e0a5ab94c0a5" />
	</machine>
	<machine name="dodge">
		<description>Dodgem</description>
		<year>198?</year>
		<publisher>Creative Computing</publisher>
		<rom name="dodge.wav" size="4274948" crc="13ee1415" sha1="8309c655a6d2a2f263fab822398bf1d7c8caee1e" />
	</machine>
	<machine name="dterm">
		<description>The Sorcerer Dumb Terminal</description>
		<year>19??</year>
		<publisher>&lt;unknown&gt;</publisher>
		<rom name="dterm.wav" size="2186710" crc="9d2cc9eb" sha1="e04df986039b804ae1589376fb89ca62d1684e90" />
	</machine>
	<machine name="dybug">
		<description>DYBUG2</description>
		<year>1981</year>
		<publisher>Global Software Network</publisher>
		<rom name="dybug2.wav" size="3856852" crc="35471c94" sha1="b951c8ccbd3ac509fcb89916820dcce414e14cfb" />
	</machine>
	<machine name="eatd">
		<description>Eastern Australian Truck Driving</description>
		<year>198?</year>
		<publisher>&lt;unknown&gt;</publisher>
		<rom name="eatd.wav" size="6497876" crc="20c96fb7" sha1="2c0295711ef37f19731680dfae7ac0a5baf63dc3" />
	</machine>
	<machine name="eliza">
		<description>Eliza</description>
		<year>19??</year>
		<publisher>&lt;unknown&gt;</publisher>
		<rom name="eliza.wav" size="5381548" crc="a1811e79" sha1="6a9eed4a9f4afd52fc8de318858717fcf9a8af77" />
	</machine>
	<machine name="ezy">
		<description>Ezyfile</description>
		<year>1981</year>
		<publisher>&lt;unknown&gt;</publisher>
		<rom name="ezy.wav" size="6054424" crc="49995cbf" sha1="2033adc374a652fa71cfb06aae24b92cc1532d11" />
	</machine>
	<machine name="fgam">
		<description>Fastgammon</description>
		<year>1979</year>
		<publisher>Quality Software</publisher>
		<rom name="fgam.wav" size="5964438" crc="49731acf" sha1="3542902d3bc40c52d300382863ab330389d847f2" />
	</machine>
	<machine name="flip">
		<description>Flip</description>
		<year>1979</year>
		<publisher>&lt;unknown&gt;</publisher>
		<rom name="flip.wav" size="8563300" crc="e750993a" sha1="4cf9b56e226727935e8eb887c10434decc48a9d7" />
	</machine>
	<machine name="flite">
		<description>Flight Simulator</description>
		<year>198?</year>
		<publisher>&lt;unknown&gt;</publisher>
		<rom name="flite.wav" size="12999370" crc="ae49e375" sha1="211817186e7fe9ad0788c1d69fa0c9072d335811" />
	</machine>
	<machine name="fruit">
		<description>The Sorcerers Fruit Machine</description>
		<year>1980</year>
		<publisher>&lt;unknown&gt;</publisher>
		<rom name="fruit.wav" size="6850728" crc="15d81c32" sha1="eda7d61461a0f589e3aee7434a952210867f89f3" />
	</machine>
	<machine name="galax">
		<description>Galaxians (V1)</description>
		<year>198?</year>
		<publisher>&lt;unknown&gt;</publisher>
		<rom name="galax.wav" size="6991588" crc="ea16a078" sha1="e7df201f008b6aa2693470d1a3306e45b4d63285" />
	</machine>
	<machine name="galx">
		<description>Galaxians (V2)</description>
		<year>198?</year>
		<publisher>&lt;unknown&gt;</publisher>
		<rom name="galx.wav" size="6977808" crc="801e5109" sha1="e8b5d3bd44a6edbc8afbf47c38e1fdd21d63dc83" />
	</machine>
	<machine name="grotnik">
		<description>Grotnik Wars</description>
		<year>198?</year>
		<publisher>System Software</publisher>
		<rom name="grotnik.wav" size="5572872" crc="03410170" sha1="e968fb3576bf702cd60752c94819755cb2d37262" />
	</machine>
	<machine name="homerun">
		<description>Home Run</description>
		<year>1979</year>
		<publisher>&lt;unknown&gt;</publisher>
		<rom name="homerun.wav" size="8390732" crc="e64c9407" sha1="b9f7f1f31e9bfdaf23ff54437459db815dd496ac" />
	</machine>
	<machine name="horse">
		<description>Horse Race</description>
		<year>198?</year>
		<publisher>&lt;unknown&gt;</publisher>
		<rom name="horse.wav" size="6484904" crc="bb9f1e71" sha1="1aa97ff8562478d14349e7a694a872a32a4c8742" />
	</machine>
	<machine name="hpad">
		<description>Memory Change (Hexpad)</description>
		<year>1980</year>
		<publisher>&lt;unknown&gt;</publisher>
		<rom name="hpad.wav" size="1444810" crc="da63e036" sha1="df5a4876a0dbfda11838c46fe4e7ba2b47f28054" />
	</machine>
	<machine name="instr">
		<description>Instructions for Chess</description>
		<year>198?</year>
		<publisher>&lt;unknown&gt;</publisher>
		<rom name="instr.wav" size="11414744" crc="5865b653" sha1="952c1dd97f5f4fc499b6ce3ce534e8418482ae8e" />
	</machine>
	<machine name="interceptor">
		<description>Interceptor</description>
		<year>1983</year>
		<publisher>System Software</publisher>
		<rom name="interceptor.wav" size="7201560" crc="144ad2be" sha1="621776831dacde4d25777eb87300c0e9e692b74f" />
	</machine>
	<machine name="invad2">
		<description>Sorcerer Invaders (alt)</description>
		<year>1980</year>
		<publisher>System Software</publisher>
		<rom name="invad2.wav" size="6912592" crc="b450ddfd" sha1="54555ec44b57c30fbdcd637d6b5ff2cf61403eca" />
	</machine>
	<machine name="invaders">
		<description>Sorcerer Invaders</description>
		<year>198?</year>
		<publisher>&lt;unknown&gt;</publisher>
		<rom name="invaders.wav" size="4804332" crc="f020fa5b" sha1="ccc44f29fe7fa2844130ec3078f1839654be8a91" />
	</machine>
	<machine name="kadat">
		<description>Kadath</description>
		<year>1985</year>
		<publisher>&lt;unknown&gt;</publisher>
		<rom name="kadat.wav" size="37498066" crc="ded19749" sha1="08792d01479e08953a2365b558f41d62467879ee" />
	</machine>
	<machine name="kalid">
		<description>Kaleidoscope</description>
		<year>19??</year>
		<publisher>&lt;unknown&gt;</publisher>
		<rom name="kalid.wav" size="1642820" crc="d075ae97" sha1="08ace76909a0d4c26642c1533cfcdb4a33ed5de7" />
	</machine>
	<machine name="killerg">
		<description>Killer Gorilla (ported from TRS-80)</description>
		<year>19??</year>
		<publisher>Displayed Video</publisher>
		<rom name="killerg.wav" size="12227628" crc="38b7e929" sha1="cf22f87b9f494daa19e4175ddbfb25879d75b1e4" />
	</machine>
	<machine name="kilo">
		<description>Kilopede</description>
		<year>1982</year>
		<publisher>System Software</publisher>
		<rom name="kilo.wav" size="7199938" crc="b68041d0" sha1="22425770ca5c98b1c4a2f3bf7f92780eeb477103" />
	</machine>
	<machine name="kilopede">
		<description>Kilopede (with sound)</description>
		<year>1982</year>
		<publisher>System Software</publisher>
		<rom name="kilopede.wav" size="9273164" crc="b41be460" sha1="040213a2eec80260b17bf3f93508e45db7e710f2" />
	</machine>
	<machine name="l2x">
		<description>Level II Basic</description>
		<year>198?</year>
		<publisher>&lt;unknown&gt;</publisher>
		<rom name="l2x.wav" size="11366914" crc="513e26b4" sha1="622bf808f04bffa453931a96e562496999ffa95c" />
	</machine>
	<machine name="labyr">
		<description>Labyrinth</description>
		<year>198?</year>
		<publisher>&lt;unknown&gt;</publisher>
		<rom name="labyr.wav" size="5042678" crc="a0c6f843" sha1="d68fd0ebdd45bb68f9d5c515930d87b9a103eeae" />
	</machine>
	<machine name="landarc">
		<description>Lander Arcade</description>
		<year>1982</year>
		<publisher>&lt;unknown&gt;</publisher>
		<rom name="luna.wav" size="14521900" crc="8240d8fc" sha1="78c7a2060bcadf2325112a93f452e964fe45e3e1" />
	</machine>
	<machine name="lazerfire">
		<description>Lazer Fire</description>
		<year>198?</year>
		<publisher>University Software</publisher>
		<rom name="lazerfire.wav" size="5692146" crc="cf744d7d" sha1="a02cf9a3ba6013b255f3013c7a3fe57592374fe7" />
	</machine>
	<machine name="ldg">
		<description>Lost Dutchman's Gold</description>
		<year>1981</year>
		<publisher>&lt;unknown&gt;</publisher>
		<rom name="ldg.wav" size="12497020" crc="4e57455f" sha1="badcea2a991543dda5bbac0be0f69a5650657fda" />
	</machine>
	<machine name="lem">
		<description>Lunar Entry Module</description>
		<year>198?</year>
		<publisher>&lt;unknown&gt;</publisher>
		<rom name="lem.wav" size="5067808" crc="c91bd5b4" sha1="b7d639dc6a8560887cd7474e37622cc128fe4392" />
	</machine>
	<machine name="magicmaze">
		<description>Magic Maze</description>
		<year>1979</year>
		<publisher>Quality Software</publisher>
		<rom name="magicmaze.wav" size="5790486" crc="57d2b47b" sha1="5f28007e0baac142b66ff5eb8b3d7625ebef8a4c" />
	</machine>
	<machine name="midas">
		<description>Midas</description>
		<year>1980</year>
		<publisher>&lt;unknown&gt;</publisher>
		<rom name="midas.wav" size="4767850" crc="7cf1cd32" sha1="3f36730eec648bc9f70be4ab1cce1ea8d2bcc121" />
	</machine>
	<machine name="milen">
		<description>Military Encounter</description>
		<year>1981</year>
		<publisher>Global Software Network</publisher>
		<rom name="milen.wav" size="12103836" crc="07925abd" sha1="cde6fa8c9da41eee8db6c7c936f9bb61c5591ae6" />
	</machine>
	<machine name="minefield">
		<description>Mine Field</description>
		<year>198?</year>
		<publisher>&lt;unknown&gt;</publisher>
		<rom name="minefield.wav" size="2725760" crc="e99d2b41" sha1="14149b6165b06fe813c5e707687eb79065a3731c" />
	</machine>
	<machine name="minva">
		<description>Martian Invaders</description>
		<year>1980</year>
		<publisher>Quality Software</publisher>
		<rom name="minva.wav" size="3241312" crc="fb292cff" sha1="834533b0efbd98d1ec897d33bf11315e3e4c436a" />
	</machine>
	<machine name="misil">
		<description>Defense</description>
		<year>1981</year>
		<publisher>&lt;unknown&gt;</publisher>
		<rom name="misil.wav" size="17106988" crc="aa61589b" sha1="a548ef24efec02745ed0346922edbdf2ad71f989" />
	</machine>
	<machine name="mmind">
		<description>Mastermind</description>
		<year>1979</year>
		<publisher>&lt;unknown&gt;</publisher>
		<rom name="mastermind.wav" size="10556786" crc="53bc223b" sha1="0b248697fd362de954cb282307e7293c2f5a3d0a" />
	</machine>
	<machine name="munch">
		<description>Munch</description>
		<year>1982</year>
		<publisher>System Software</publisher>
		<rom name="munch.wav" size="7181402" crc="512e0b0a" sha1="693fdbf38463b6b06dafbb407d5ae8470e15e532" />
	</machine>
	<machine name="music">
		<description>Music Editor</description>
		<year>1980</year>
		<publisher>Arrington Software</publisher>
		<rom name="music.wav" size="10176812" crc="82058eb3" sha1="acfde2ba8b2405af1db2dadb8405ca2a2e7c301d" />
	</machine>
	<machine name="nike2">
		<description>Nike II</description>
		<year>1980</year>
		<publisher>Quality Software</publisher>
		<rom name="nike2.wav" size="3032962" crc="de304e7c" sha1="88f4ee50e1537ffb0d35c1edc7732681c792a6b1" />
	</machine>
	<machine name="nuclear">
		<description>Nuclear Reaction</description>
		<year>198?</year>
		<publisher>Creative Computing</publisher>
		<rom name="nuclear.wav" size="3744044" crc="1559f774" sha1="66b00b67623e4f451ede73b6ed3b4f2da3caf222" />
	</machine>
	<machine name="orb">
		<description>Orb of Halucidon</description>
		<year>1982</year>
		<publisher>System Software</publisher>
		<rom name="orb.wav" size="16098944" crc="c01809aa" sha1="b02b5378ac2f7f8cab5bbaa028844ee057980f6b" />
	</machine>
	<machine name="pielob">
		<description>Pie Lob</description>
		<year>198?</year>
		<publisher>Creative Computing</publisher>
		<rom name="pielob.wav" size="5018924" crc="bdbc149e" sha1="53ebb15672cb4d02a2cc2ad612300a854a9892a2" />
	</machine>
	<machine name="plane">
		<description>Airmail Pilot</description>
		<year>198?</year>
		<publisher>&lt;unknown&gt;</publisher>
		<rom name="plane.wav" size="5434242" crc="0f6b499d" sha1="486845a62ce62b447c661661b1018fa47ef09b74" />
	</machine>
	<machine name="pool">
		<description>Cybernetic Pool</description>
		<year>198?</year>
		<publisher>&lt;unknown&gt;</publisher>
		<rom name="pool.wav" size="5631242" crc="a3acd1e4" sha1="74df48583e5288883f4535c0e02c29a7e3c19e9a" />
	</machine>
	<machine name="qubic">
		<description>Qubic</description>
		<year>1985</year>
		<publisher>&lt;unknown&gt;</publisher>
		<rom name="qubic.wav" size="8594334" crc="dc6eb1e9" sha1="5fc46bbbe5633193c367aa3fe9ab9ed31844a377" />
	</machine>
	<machine name="racetrack">
		<description>Racetrack</description>
		<year>19??</year>
		<publisher>&lt;unknown&gt;</publisher>
		<rom name="racetrack.wav" size="7664886" crc="431386f1" sha1="06e2cc9b8d2aba7527c647f3fb92b21f6cef7e11" />
	</machine>
	<machine name="revsi">
		<description>Reversi</description>
		<year>1979</year>
		<publisher>&lt;unknown&gt;</publisher>
		<rom name="revsi.wav" size="10478390" crc="7de5d76e" sha1="cbacb0b03d8d46bcb41f74ff6f2b88b6802261f4" />
	</machine>
	<machine name="robot">
		<description>Robot Attack (ported from TRS-80)</description>
		<year>1981</year>
		<publisher>Big Five Software</publisher>
		<rom name="robot.wav" size="14107692" crc="2edd199f" sha1="3916a5a96c57766bcee9aa56a08abe5c2ba8ee57" />
	</machine>
	<machine name="salvo">
		<description>Salvo</description>
		<year>1979</year>
		<publisher>&lt;unknown&gt;</publisher>
		<rom name="salvo.wav" size="12412710" crc="7cca90bb" sha1="6b8ebf52955ee1dd49615966d7c8e12ab51aee8c" />
	</machine>
	<machine name="shapemaker">
		<description>Shape Maker</description>
		<year>1979</year>
		<publisher>Quality Software</publisher>
		<rom name="shapemaker.wav" size="5082538" crc="7eb34c0a" sha1="1311f106d8c0ad259e5645bd4f841a9699a2f17a" />
	</machine>
	<machine name="sightspell">
		<description>Sightspell</description>
		<year>19??</year>
		<publisher>&lt;unknown&gt;</publisher>
		<rom name="sightspell.wav" size="3927192" crc="304ba064" sha1="cd9baf22b922553b73d383e4f6d375587a290303" />
	</machine>
	<machine name="snake1">
		<description>Snake (alt)</description>
		<year>198?</year>
		<publisher>&lt;unknown&gt;</publisher>
		<rom name="snake1.wav" size="3966884" crc="b964a4aa" sha1="d39a449b2417a75d98936ca1eded76c98feb39fd" />
	</machine>
	<machine name="snake">
		<description>Snake</description>
		<year>198?</year>
		<publisher>&lt;unknown&gt;</publisher>
		<rom name="snake.wav" size="4167126" crc="796a1ccc" sha1="d81b1cd60d1b3ff8723f331ef4255d6ca06915b1" />
	</machine>
	<machine name="spell">
		<description>Spellbinder Word Processing System</description>
		<year>198?</year>
		<publisher>&lt;unknown&gt;</publisher>
		<rom name="spell.wav" size="17617376" crc="d80bcde5" sha1="b2bc223f7573800cefefae5350d0c3920c305125" />
	</machine>
	<machine name="spelling">
		<description>Spelling</description>
		<year>1981</year>
		<publisher>&lt;unknown&gt;</publisher>
		<rom name="spelling.wav" size="2838950" crc="38306349" sha1="92bb4f58b3c7e4db34c31a8979b1c93cf7968837" />
	</machine>
	<machine name="spider">
		<description>Spider</description>
		<year>198?</year>
		<publisher>&lt;unknown&gt;</publisher>
		<rom name="spider.wav" size="1707474" crc="9fa56c8b" sha1="829d884dcf7f733f3a073ccc9c874627d6b5ebe0" />
	</machine>
	<machine name="spx48">
		<description>Super-X 1.1</description>
		<year>198?</year>
		<publisher>&lt;unknown&gt;</publisher>
		<rom name="spx48.wav" size="2199566" crc="c4bbb8af" sha1="3b290e41f76535a1c7e73de6b2790e87706368e7" />
	</machine>
	<machine name="starf">
		<description>Starfighter</description>
		<year>1981</year>
		<publisher>Adventure International</publisher>
		<rom name="starf.wav" size="17570860" crc="72ba90c4" sha1="89c992b2a132b2b6eecabfe180d5b5becd2f5de1" />
	</machine>
	<machine name="starwars">
		<description>Star Wars</description>
		<year>19??</year>
		<publisher>&lt;unknown&gt;</publisher>
		<rom name="starwars.wav" size="7655992" crc="786cee2a" sha1="be1ff0e4a4b2519c599315c8ac75ae6392e646e6" />
	</machine>
	<machine name="stomper">
		<description>Stomper</description>
		<year>1980</year>
		<publisher>&lt;unknown&gt;</publisher>
		<rom name="stomper.wav" size="2372444" crc="3ff86cf4" sha1="9a39a0e66e5fb7d445a543537c01df9cceea7104" />
	</machine>
	<machine name="subhunt">
		<description>Submarine Hunt</description>
		<year>1979</year>
		<publisher>&lt;unknown&gt;</publisher>
		<rom name="subhunt.wav" size="3404900" crc="27dcd605" sha1="0d4f97ca287e2eddea322571b4ea4b8f93709bf9" />
	</machine>
	<machine name="sums">
		<description>Arithmetic Practise</description>
		<year>1980</year>
		<publisher>&lt;unknown&gt;</publisher>
		<rom name="sums.wav" size="2134746" crc="f2ce9f1c" sha1="a6d864178cc034fd580f4ea96b9bdb388c7b7164" />
	</machine>
	<machine name="sword">
		<description>S-Word Word Processor</description>
		<year>198?</year>
		<publisher>&lt;unknown&gt;</publisher>
		<rom name="s-word.wav" size="9301036" crc="1e7cac75" sha1="c1f8c51a419fee0f016edcd70a16ee07b97692b4" />
	</machine>
	<machine name="systm">
		<description>Graphic Animation System</description>
		<year>198?</year>
		<publisher>&lt;unknown&gt;</publisher>
		<rom name="systm.wav" size="3417232" crc="4a75a4fc" sha1="43d0335fbfa8301a2e8e7095beb26f20f25402b4" />
	</machine>
	<machine name="tank">
		<description>Tank Trap IV</description>
		<year>1979</year>
		<publisher>Quality Software</publisher>
		<rom name="tank.wav" size="5985516" crc="b4968bfb" sha1="c5de5aeb8e2afbbdb4058ad61f3bb2d66c59ff18" />
	</machine>
	<machine name="trekc">
		<description>Super Star Trek V2.0</description>
		<year>1979</year>
		<publisher>&lt;unknown&gt;</publisher>
		<rom name="trekc.wav" size="20009740" crc="bc0c00a2" sha1="a53e332578fad009372eeb6e82083fbadd07768b" />
	</machine>
	<machine name="west">
		<description>How The West Was Won</description>
		<year>198?</year>
		<publisher>&lt;unknown&gt;</publisher>
		<rom name="west.wav" size="6220906" crc="9e84b0f4" sha1="6f578e9d50b648e367763d9ec45eefd36889fe6b" />
	</machine>
	<machine name="wilde">
		<description>Wilderness</description>
		<year>198?</year>
		<publisher>Dick Smith Electronics</publisher>
		<rom name="wilde.wav" size="16216806" crc="0909b034" sha1="f7561886212f1ec69f285f64a86e8999b33dc105" />
	</machine>
	<machine name="wumpus">
		<description>Hunt the Wumpus</description>
		<year>19??</year>
		<publisher>&lt;unknown&gt;</publisher>
		<rom name="wumpus.wav" size="2586752" crc="122511b8" sha1="03a1478b5e845550b0b3daf24a5ab6d05cf9c786" />
	</machine>
	<machine name="yahtzee">
		<description>Yahtzee</description>
		<year>19??</year>
		<publisher>Dick Smith Electronics</publisher>
		<rom name="yahtzee.wav" size="8361004" crc="0054fb7e" sha1="441c5bc70a5f102e34eb857e6f4e3a7879e61ef3" />
	</machine>
	<machine name="zetu">
		<description>ZETU v1.2 Editor Assembler</description>
		<year>19??</year>
		<publisher>System Software</publisher>
		<rom name="zetu.wav" size="6350264" crc="235b8012" sha1="76c0d443340fb105a31373ef72f198a7206d9ae1" />
	</machine>
</datafile>