<?xml version="1.0" encoding="utf-8"?>
<!DOCTYPE datafile PUBLIC "-//Logiqx//DTD ROM Management Datafile//EN" "http://www.logiqx.com/Dats/datafile.dtd">
<datafile>
	<header>
		<name>32x</name>
		<description>Sega 32X cartridges</description>
		<version></version>
		<author></author>
	</header>
	<machine name="spotgo">
		<description>Spot Goes to Hollywood (prototype)</description>
		<year>199?</year>
		<publisher>Sega</publisher>
		<rom name="spot goes to hollywood 32x (prototype).bin" size="3145728" crc="ce6c4b99" sha1="f233175e65928727a789b89850702af43fa8d4a4" />
	</machine>
	<machine name="twcmd">
		<description>Time Warner 32X CMD Download Cartridge</description>
		<year>199?</year>
		<publisher>Time Warner Interactive</publisher>
		<rom name="time warner 32x cmd download cartridge.bin" size="262144" crc="6c2176ca" sha1="460439b83ce50021339acf5fca4a63b45c0c1c0b" />
	</machine>
</datafile>