<?xml version="1.0" encoding="utf-8"?>
<!DOCTYPE datafile PUBLIC "-//Logiqx//DTD ROM Management Datafile//EN" "http://www.logiqx.com/Dats/datafile.dtd">
<datafile>
	<header>
		<name>a800_flop</name>
		<description>Atari 400 / 800 floppy disks</description>
		<version></version>
		<author></author>
	</header>
	<machine name="litedosse">
		<description>Atari LiteDOS-SE</description>
		<year>2022</year>
		<publisher>Mr.Atari</publisher>
		<rom name="LiteDOS-SE (build 2022-01-14).atr" size="92176" crc="779dbfae" sha1="5cbbe75cf0489213d87e2c7cdaf2f8bfc802cf56" />
		<rom name="TBasic UBasic (No DOS).atr" size="92176" crc="22213f8f" sha1="994787ec0b3f487aca22d943fb82d60138d6e68f" />
	</machine>
</datafile>