<?xml version="1.0" encoding="utf-8"?>
<!DOCTYPE datafile PUBLIC "-//Logiqx//DTD ROM Management Datafile//EN" "http://www.logiqx.com/Dats/datafile.dtd">
<datafile>
	<header>
		<name>apple2_flop_orig</name>
		<description>Apple II original disks</description>
		<version></version>
		<author></author>
	</header>
	<machine name="envlifed">
		<description>The Environment Life Dynamic</description>
		<year>1980</year>
		<publisher>Avant-Garde Creations</publisher>
		<rom name="the environment life dynamic.woz" size="234809" crc="2add673d" sha1="93d69773a0d8e84ff0a1dfe5de5f54e19815e8bd" />
	</machine>
	<machine name="glutton">
		<description>Glutton</description>
		<year>1983</year>
		<publisher>Superior Software</publisher>
		<rom name="glutton.woz" size="248074" crc="55b019a9" sha1="07948a603fac11629b1f135bda1c7ef42b1359df" />
	</machine>
	<machine name="mickspca">
		<description>Mickey's Space Adventure</description>
		<year>1984</year>
		<publisher>Sierra On-Line</publisher>
		<rom name="mickey's space adventure - disk 1, side a.woz" size="234942" crc="0b4f70db" sha1="9b4f799ad6ab2ffcff9edac36f2c19eddf20b689" />
		<rom name="mickey's space adventure - disk 1, side b.woz" size="234942" crc="4213cb80" sha1="d5e2bd7b3dc7bd9a11b7e22f74da4da5848c4211" />
		<rom name="mickey's space adventure - disk 2, side a.woz" size="234942" crc="c035ffcc" sha1="a46004c7bd16b2a9b012347496efe66f4c56af42" />
		<rom name="mickey's space adventure - disk 2, side b.woz" size="234942" crc="5e4cae02" sha1="4624eda8ef93e71ca8237a5cb44cf874f1f7e55e" />
	</machine>
	<machine name="stelpowr">
		<description>Stellar Power</description>
		<year>1984</year>
		<publisher>STI Software</publisher>
		<rom name="stellar power.woz" size="234829" crc="230af062" sha1="b3bb6cedfcd1063ee7b04d537b33d97723323012" />
	</machine>
</datafile>