<?xml version="1.0" encoding="utf-8"?>
<!DOCTYPE datafile PUBLIC "-//Logiqx//DTD ROM Management Datafile//EN" "http://www.logiqx.com/Dats/datafile.dtd">
<datafile>
	<header>
		<name>apple2_flop_clcracked</name>
		<description>Apple II cleanly cracked disks</description>
		<version></version>
		<author></author>
	</header>
	<machine name="beglibrs">
		<description>Ripley's Believe It Or Not: Beginning Library Research Skills (cleanly cracked)</description>
		<year>1984</year>
		<publisher>Society for Visual Education</publisher>
		<rom name="ripley's beginning library research skills (4am crack) side a.dsk" size="143360" crc="6dbfbf09" sha1="b89426448321dcdf2d50bb8b6687b8cf9d771846" />
		<rom name="ripley's beginning library research skills (4am crack) side b.dsk" size="143360" crc="ece690ff" sha1="7eae9eed3ed1bfa0ed1037a9f995aefaeeebc0dc" />
	</machine>
	<machine name="bridpasb">
		<description>Bridge Tutor with Precision and Scientific Bidding (cleanly cracked)</description>
		<year>1980</year>
		<publisher>Apple Computer</publisher>
		<rom name="bridge tutor with precision and scientific bidding (4am and san inc crack) volume 1.dsk" size="143360" crc="e08ab07d" sha1="b91d055b92c3a6dc6a1e3f14912aba65636a540a" />
		<rom name="bridge tutor with precision and scientific bidding (4am and san inc crack) volume 2.dsk" size="143360" crc="926f46f9" sha1="650ccf62f1aa4b7227d36cdd50fa71bd5c7da165" />
	</machine>
	<machine name="brsltrsnd">
		<description>Building Reading Skills: The Letter-Sound Farm (cleanly cracked)</description>
		<year>1984</year>
		<publisher>Borg-Warner Educational Systems</publisher>
		<rom name="building reading skills- the letter-sound farm (4am crack).dsk" size="143360" crc="e856ffbe" sha1="4ad13935ebc7d9ba2c62c041a459f2620dc34b40" />
	</machine>
	<machine name="codecyph">
		<description>Codes and Cyphers (cleanly cracked)</description>
		<year>1985</year>
		<publisher>Optimum Resource</publisher>
		<rom name="codes and cyphers (4am and san inc crack).dsk" size="143360" crc="ae8cf9e1" sha1="67ef4606dd8c0b1ec5db07119057c6884144739e" />
	</machine>
	<machine name="dinolnch">
		<description>Dinosaur's Lunch (cleanly cracked)</description>
		<year>1989</year>
		<publisher>Electronic Courseware Systems</publisher>
		<rom name="dinosaur's lunch (4am crack).dsk" size="143360" crc="87f9d6c6" sha1="426ef821a5448d9ce8955195cf7c46efaa5736af" />
	</machine>
	<machine name="esinttrv">
		<description>Earth Science: Interplanetary Travel (cleanly cracked)</description>
		<year>1986</year>
		<publisher>Prentice-Hall</publisher>
		<rom name="earth science- interplanetary travel (4am crack) side 1.dsk" size="143360" crc="c35d21b7" sha1="8f753832cd892925538de7c21521ff603a83899c" />
		<rom name="earth science- interplanetary travel (4am crack) side 2.dsk" size="143360" crc="4d9a25ae" sha1="db26b7f57db6ac98380bccccb4bda1866c09013c" />
		<rom name="earth science- interplanetary travel (4am crack) side 3.dsk" size="143360" crc="9b0a10a4" sha1="938464be04fd9691c9c72f8711f35c61161e8881" />
		<rom name="earth science- interplanetary travel (4am crack) side 4.dsk" size="143360" crc="9abbfa0b" sha1="1f07718a51f685ac5df3eaa88ce99cdd26e8eae2" />
	</machine>
	<machine name="expllibl">
		<description>Exploring Library Land (cleanly cracked)</description>
		<year>1986</year>
		<publisher>Society for Visual Education</publisher>
		<rom name="exploring library land (4am crack).dsk" size="143360" crc="fc31fd2f" sha1="82da6dc63a73333c2bacc0a801d4e589c57bd150" />
	</machine>
	<machine name="expusa">
		<description>Expedition U.S.A.! (cleanly cracked)</description>
		<year>1989</year>
		<publisher>Society for Visual Education</publisher>
		<rom name="expedition usa (4am crack) boot.dsk" size="143360" crc="9c9a159a" sha1="b142154a1a29e3545b089a19fef0923ac44a59e4" />
		<rom name="expedition usa (4am crack) data disk 1a.dsk" size="143360" crc="eb056baf" sha1="64061545cf10638e6c466679471554551f9581cd" />
		<rom name="expedition usa (4am crack) data disk 1b.dsk" size="143360" crc="5061245e" sha1="01341f959e453b4abddaf065d3fab96e26452819" />
		<rom name="expedition usa (4am crack) data disk 2a.dsk" size="143360" crc="f94bb7ba" sha1="ebe6b62e46d9b10c1cd64e9cfbc5df20c3ac6051" />
		<rom name="expedition usa (4am crack) data disk 2b.dsk" size="143360" crc="167c615f" sha1="06892f7a397011bfd6acf851aa06f282f00f4552" />
	</machine>
	<machine name="fhbchord">
		<description>Functional Harmony: Basic Chords (cleanly cracked)</description>
		<year>1987</year>
		<publisher>Electronic Courseware Systems</publisher>
		<rom name="functional harmony- basic chords (4am crack).dsk" size="143360" crc="3cf27e56" sha1="c74402014e1fb0d372e925df22eeb0c4f151b21e" />
	</machine>
	<machine name="fhboachr">
		<description>Functional Harmony: Borrowed and Altered Chords (cleanly cracked)</description>
		<year>1988</year>
		<publisher>Electronic Courseware Systems</publisher>
		<rom name="functional harmony- borrowed and altered chords (4am crack).dsk" size="143360" crc="cd53e752" sha1="1bc8a7db008717854b9c1b2493939e533f63e03f" />
	</machine>
	<machine name="fhdia7th">
		<description>Functional Harmony: Diatonic Seventh Chords (cleanly cracked)</description>
		<year>1988</year>
		<publisher>Electronic Courseware Systems</publisher>
		<rom name="functional harmony- diatonic seventh chords (4am crack).dsk" size="143360" crc="d9e14b76" sha1="70cdb71b772f0124901a1efec89663b6ac54277c" />
	</machine>
	<machine name="followme">
		<description>Follow Me (cleanly cracked)</description>
		<year>1989</year>
		<publisher>Electronic Courseware Systems</publisher>
		<rom name="follow me (4am crack).dsk" size="143360" crc="2f7d52d5" sha1="174d8d956bf71a1820ad8fed563245354e48b507" />
	</machine>
	<machine name="frhangmn">
		<description>The French Hangman (cleanly cracked)</description>
		<year>1982</year>
		<publisher>George Earl</publisher>
		<rom name="the french hangman (4am crack).dsk" size="143360" crc="67e321ee" sha1="c0ed5bf1bac516e1c45f7ab9acfa3545ff83d2f7" />
	</machine>
	<machine name="germhangman">
		<description>The German Hangman (cleanly cracked)</description>
		<year>1982</year>
		<publisher>George Earl</publisher>
		<rom name="the german hangman (4am crack).dsk" size="143360" crc="8c448486" sha1="221e6db2deee877d86ea41715b1e42603c9ca8a1" />
	</machine>
	<machine name="germhangmanr2">
		<description>The German Hangman (Revision 2) (cleanly cracked)</description>
		<year>1982</year>
		<publisher>George Earl</publisher>
		<rom name="the german hangman rev. 2 (4am crack).dsk" size="143360" crc="27b0db8b" sha1="ddcdd35c993dcb96bf0bb87fb7fdabe7251a2cfe" />
	</machine>
	<machine name="ifnewton">
		<description>Isaac Newton and F.I.G. Newton (cleanly cracked)</description>
		<year>1981</year>
		<publisher>Krell Software</publisher>
		<rom name="isaac newton and f.i.g. newton (4am crack).dsk" size="143360" crc="ace8866e" sha1="c8ddb5c2993392cce73ac18cd6456e64be93aeb1" />
	</machine>
	<machine name="kenus112">
		<description>Ken Uston's Professional Blackjack (Version 1.12) (cleanly cracked)</description>
		<year>1983</year>
		<publisher>Intelligent Statements</publisher>
		<rom name="ken uston's professional blackjack v1.12 (4am crack).dsk" size="143360" crc="027933c6" sha1="a73a1648879a3e0223c67b7b71670b92ffd9926c" />
	</machine>
	<machine name="legiona">
		<description>Legionnaire (cleanly cracked)</description>
		<year>1982</year>
		<publisher>The Avalon Hill Game Company</publisher>
		<rom name="legionnaire (4am crack).dsk" size="143360" crc="c470dca5" sha1="fb0f40ac5397c288317806217715405f2a81257c" />
	</machine>
	<machine name="libthunt">
		<description>Library Treasure Hunt (cleanly cracked)</description>
		<year>1986</year>
		<publisher>Society for Visual Education</publisher>
		<rom name="library treasure hunt (4am crack).dsk" size="143360" crc="db217b7f" sha1="d162824a2b6586334b0cfa0464d527727840968e" />
	</machine>
	<machine name="racekeys">
		<description>Race Car Keys (cleanly cracked)</description>
		<year>1989</year>
		<publisher>Electronic Courseware Systems</publisher>
		<rom name="race car keys (4am crack).dsk" size="143360" crc="ae68c7c6" sha1="69dca0d7e57edb59fadde9c6da482d045558c19f" />
	</machine>
	<machine name="rtrcallwild">
		<description>Return to Reading: The Call of the Wild (cleanly cracked)</description>
		<year>1983</year>
		<publisher>Media Basics</publisher>
		<rom name="return to reading- the call of the wild (4am crack).dsk" size="143360" crc="5044a6b5" sha1="58fda8da6d6e459ba5aba446fe412a498cfe4709" />
	</machine>
	<machine name="ruhangmn">
		<description>The Russian Hangman (cleanly cracked)</description>
		<year>1982</year>
		<publisher>George Earl</publisher>
		<rom name="the russian hangman (4am crack).dsk" size="143360" crc="a5e4e256" sha1="bab661ab9695e44bf22441f20597d15324e6febe" />
	</machine>
	<machine name="ruhangmnr2">
		<description>The Russian Hangman (Revision 2) (cleanly cracked)</description>
		<year>1982</year>
		<publisher>George Earl</publisher>
		<rom name="the russian hangman rev. 2 (4am crack).dsk" size="143360" crc="6d0a737a" sha1="4da3bdcc9b34c4363b3774d2baf5f1315adc68df" />
	</machine>
	<machine name="spnhangr2">
		<description>The Spanish Hangman (Revision 2) (cleanly cracked)</description>
		<year>1983</year>
		<publisher>George Earl</publisher>
		<rom name="the spanish hangman rev. 2 (4am crack) side a.dsk" size="143360" crc="c2ffb4aa" sha1="0e2f433415d48c628c448d5e0653132f25664dd3" />
		<rom name="the spanish hangman rev. 2 (4am crack) side b.dsk" size="143360" crc="9356d978" sha1="5a078e8488eb531f37698d9b336bfc666a524ce5" />
	</machine>
</datafile>