<?xml version="1.0" encoding="utf-8"?>
<!DOCTYPE datafile PUBLIC "-//Logiqx//DTD ROM Management Datafile//EN" "http://www.logiqx.com/Dats/datafile.dtd">
<datafile>
	<header>
		<name>c64_cart</name>
		<description>Commodore 64 cartridges</description>
		<version></version>
		<author></author>
	</header>
	<machine name="dragnden">
		<description>Dragonsden</description>
		<year>1983</year>
		<publisher>Commodore</publisher>
		<rom name="317012-02.u1" size="8192" crc="b1a5fdf9" sha1="7978c4b949da3a798d7bfabcd3acb10621defc2b" />
		<rom name="317013-02.u2" size="8192" crc="29a43ebc" sha1="ca54f0a780d0cff2ba6c0891e1023dee6dc47766" />
	</machine>
	<machine name="gorf">
		<description>Gorf</description>
		<year>1983</year>
		<publisher>Commodore</publisher>
		<rom name="317014-01.u2" size="8192" crc="08cf1535" sha1="5428fe6532f9bb9be873af1a318ad564a7fc92e3" />
		<rom name="317015-01.u1" size="8192" crc="7fad7739" sha1="6c759036a7113cf44fc9f4c069105780305fcc01" />
	</machine>
	<machine name="solarfox">
		<description>Solar Fox</description>
		<year>1983</year>
		<publisher>Commodore</publisher>
		<rom name="317031-01.u1" size="8192" crc="3d346f0e" sha1="21b859e5716f6b0dea13773a8250673c70586c36" />
		<rom name="317032-01.u2" size="8192" crc="79481cc4" sha1="bd9c239e38f97afbadcf9d94b4357a61bd6ed2ac" />
	</machine>
	<machine name="viduzzle">
		<description>Viduzzles: Computerized Jigsaw Puzzles</description>
		<year>1983</year>
		<publisher>Commodore</publisher>
		<rom name="317029-01.u1" size="8192" crc="d99cedb0" sha1="1c10bf9cbf422281e2cb7553c82a3b7b0e88303b" />
		<rom name="317030-01.u2" size="8192" crc="d4fddb36" sha1="92ba45c849373670cd9c23c7314a04e24bffda8b" />
	</machine>
	<machine name="wowmv">
		<description>Wizard of Wor</description>
		<year>1984</year>
		<publisher>Commodore</publisher>
		<rom name="317010-01.u1" size="8192" crc="38e12a7e" sha1="0baba549736c46c77479c2823421124ec70e177e" />
		<rom name="317011-01.u2" size="8192" crc="23f7cbe0" sha1="a8fa2e33be937bbe411dc3f28235fb1242c70641" />
	</machine>
</datafile>