<?xml version="1.0" encoding="utf-8"?>
<!DOCTYPE datafile PUBLIC "-//Logiqx//DTD ROM Management Datafile//EN" "http://www.logiqx.com/Dats/datafile.dtd">
<datafile>
	<header>
		<name>c64_cass</name>
		<description>Commodore 64 cassettes</description>
		<version></version>
		<author></author>
	</header>
	<machine name="magdizzy">
		<description>Magicland Dizzy</description>
		<year>1990</year>
		<publisher>Codemasters</publisher>
		<rom name="Magicland_Dizzy.tap" size="731907" crc="f6419be2" sha1="93a59dccb781b1a3e784f993bed7d03c017af2d5" />
	</machine>
	<machine name="magmarble">
		<description>Magic Marbles</description>
		<year>1986</year>
		<publisher>Ariolasoft</publisher>
		<rom name="Magic_Marbles.tap" size="418289" crc="2ed93d5d" sha1="26b33ea6b4c0e46dff759d1eb20a0bf4583a4d19" />
	</machine>
	<machine name="magnetro">
		<description>Magnetron</description>
		<year>1988</year>
		<publisher>Firebird</publisher>
		<rom name="Magnetron.tap" size="374894" crc="c3b7040d" sha1="c4abeec419b1615d84d9d95e9f83feb2b1b2a444" />
	</machine>
	<machine name="marble">
		<description>Marble Madness</description>
		<year>1986</year>
		<publisher>Ariolasoft</publisher>
		<rom name="Marble_Madness_Side_1_-_Main.tap" size="434338" crc="a4a479f9" sha1="ca740ed5b5294b90fd6743dddbffa4679d6bf6fc" />
		<rom name="Marble_Madness_Side_2_-_Level_data.tap" size="2235896" crc="76d29d9a" sha1="7a911342162b806362cc3de0feeadc9f793b1c4f" />
	</machine>
	<machine name="mario">
		<description>Mario Bros</description>
		<year>1987</year>
		<publisher>Ocean</publisher>
		<rom name="Mario_Bros.tap" size="710739" crc="0eec9e90" sha1="95dac1f1782a8656d900ca54e4bc0615d5c126b5" />
		<rom name="Mario_Bros_a1.tap" size="710731" crc="5d98b91b" sha1="aad3b9bbe5871eda6c0880175ffa25c864da1039" />
	</machine>
	<machine name="mask2">
		<description>MASK II</description>
		<year>1987</year>
		<publisher>Gremlin Graphics</publisher>
		<rom name="MASK_Two.tap" size="961877" crc="4677bc12" sha1="b2bb11ba10b06f5a59f3620ca910e26cde1e09d4" />
	</machine>
	<machine name="mathstut">
		<description>Maths Tutor</description>
		<year>1983</year>
		<publisher>Channel 8 Software</publisher>
		<rom name="Maths_Tutor.tap" size="758388" crc="6e23f4a6" sha1="a15a61476eadb47576bd7d58137299a554c31c2b" />
	</machine>
	<machine name="matrix">
		<description>Matrix</description>
		<year>1983</year>
		<publisher>Llamasoft</publisher>
		<rom name="Matrix.tap" size="845548" crc="5dec5527" sha1="003fb7fd2bc40e14209fa5acf8df37c219d395b6" />
	</machine>
	<machine name="mcarlo">
		<description>Monte Carlo Casino</description>
		<year>1989</year>
		<publisher>Codemasters</publisher>
		<rom name="Monte_Carlo_Casino.tap" size="862377" crc="92a58252" sha1="fcf8b4c2e1a578ae0b4e4aaeb34461527ca344fc" />
	</machine>
	<machine name="megaapoc">
		<description>Mega-Apocalypse</description>
		<year>1987</year>
		<publisher>Martech</publisher>
		<rom name="Mega-Apocalypse.tap" size="635233" crc="323973ae" sha1="f0f70e124d1b7904ef720204befb7988e8c3d62f" />
	</machine>
	<machine name="megaplay">
		<description>Megaplay Volume 1</description>
		<year>1988</year>
		<publisher>Mastertronic</publisher>
		<rom name="Megaplay_Volume_1_Side_1.tap" size="2115745" crc="81497a0c" sha1="05857a1c29f2655c057e0589fd7752e806a68172" />
		<rom name="Megaplay_Volume_1_Side_2.tap" size="2104831" crc="d3df8255" sha1="2f1b15cc5babbe3333e62bfa7e5096feda9a170d" />
	</machine>
	<machine name="metrobli">
		<description>Metro Blitz</description>
		<year>1983</year>
		<publisher>Personal Software Services</publisher>
		<rom name="Metro_Blitz.tap" size="1421030" crc="e5d18f23" sha1="001a6eed8ae6bbd756065d2dfb6d5227ee43d9fe" />
	</machine>
	<machine name="metroxg">
		<description>Metro Cross (U.S. Gold)</description>
		<year>1987</year>
		<publisher>U.S. Gold</publisher>
		<rom name="Metro_Cross.tap" size="462110" crc="6eea2b12" sha1="b343b0b05673e786263f490b5cbe62adb696bcb2" />
	</machine>
	<machine name="miamivic">
		<description>Miami Vice</description>
		<year>1986</year>
		<publisher>Ocean</publisher>
		<rom name="Miami_Vice.tap" size="667803" crc="77071e84" sha1="af3a1de2e1fad0b1aa8139b3d44418fbd5b91a83" />
	</machine>
	<machine name="mickeymo">
		<description>Mickey Mouse: The Computer Game</description>
		<year>1988</year>
		<publisher>Gremlin Graphics</publisher>
		<rom name="Mickey_Mouse.tap" size="667278" crc="df59dcc0" sha1="d2e24ea24094f1499094cad5ddb16a6a9bc583a5" />
	</machine>
	<machine name="migalley">
		<description>Mig Alley Ace</description>
		<year>1985</year>
		<publisher>U.S. Gold</publisher>
		<rom name="Mig_Alley_Ace.tap" size="606227" crc="6d3fd6af" sha1="151a6d42cbb9d6e8bc61f1a8f237d1a1b3c28fbf" />
		<rom name="Mig_Alley_Ace_a1.tap" size="606639" crc="680c136f" sha1="76420f66e56f4a5d97d45d0ff1743634a29c13dd" />
	</machine>
	<machine name="mikie">
		<description>Mikie</description>
		<year>1986</year>
		<publisher>Imagine</publisher>
		<rom name="Mikie.tap" size="711067" crc="6af138dd" sha1="2ca75acfe6d75cd789fbe1a0f064ebe95c0f9fb6" />
	</machine>
	<machine name="missilea">
		<description>Missile Command (alt)</description>
		<year>1983</year>
		<publisher>Interceptor Software</publisher>
		<rom name="Missile_Command.tap" size="1302284" crc="012582c4" sha1="eafcb091be4606e93a8f48c0d1c47d878a1291b3" />
	</machine>
	<machine name="missione">
		<description>Mission Elevator</description>
		<year>1986</year>
		<publisher>Micropool</publisher>
		<rom name="Mission_Elevator.tap" size="490110" crc="51ad0284" sha1="7e29ef3d652d7ae0eb1c67cffef17b8b530485a7" />
		<rom name="Mission_Elevator_a1.tap" size="490110" crc="36854a5a" sha1="caf3d6ee04fb3564d7485e5540bdc5f7d6bac734" />
	</machine>
	<machine name="montyont">
		<description>Monty on the Run</description>
		<year>1985</year>
		<publisher>Gremlin Graphics</publisher>
		<rom name="Monty_on_the_Run.tap" size="744341" crc="15709d44" sha1="4ca378a79be4408516cc01e5f4d4e10327e7eb4a" />
	</machine>
	<machine name="motormas">
		<description>Motor Massacre</description>
		<year>1988</year>
		<publisher>Gremlin Graphics</publisher>
		<rom name="Motor_Massacre_Side_1.tap" size="647210" crc="280b664d" sha1="c000fb95511d46f49eb77edcce0ea0eeb01ae88c" />
		<rom name="Motor_Massacre_Side_2.tap" size="686399" crc="708243b7" sha1="9e315bc42da46a1ed77ae095b8f86facd451127e" />
	</machine>
	<machine name="mutants">
		<description>Mutants</description>
		<year>1986</year>
		<publisher>Ocean</publisher>
		<rom name="Mutants.tap" size="622379" crc="704ef61f" sha1="3aa4428ca457c95ad5c49b865366636077a765a2" />
		<rom name="Mutants_a1.tap" size="622379" crc="9cf09c4e" sha1="53e872116a34ffc5c8c154c842407ee3c7d4483a" />
	</machine>
	<machine name="mwalk">
		<description>Michael Jackson: Moonwalker</description>
		<year>1989</year>
		<publisher>U.S. Gold</publisher>
		<rom name="Michael_Jackson_Moonwalker.tap" size="2419326" crc="cf1c98c6" sha1="0cb9c87066dce2c22ae5f09cdcf44466e42be46c" />
	</machine>
	<machine name="mwalka">
		<description>Michael Jackson: Moonwalker (alt)</description>
		<year>1989</year>
		<publisher>U.S. Gold</publisher>
		<rom name="Michael_Jackson_Moonwalker.tap" size="2419326" crc="2267b8ba" sha1="d7504dba5ba4ab856766285102880d8aa9b97e0e" />
	</machine>
	<machine name="mylife">
		<description>My Life</description>
		<year>2016</year>
		<publisher>Psytronik Software</publisher>
		<rom name="My_Life.tap" size="464382" crc="052d9456" sha1="412117ba78313390f4e15ed2bef69108318f5c6f" />
	</machine>
	<machine name="mystnile">
		<description>Mystery of the Nile</description>
		<year>1987</year>
		<publisher>Firebird</publisher>
		<rom name="Mystery_of_the_Nile.tap" size="625862" crc="d3b49d7f" sha1="459a8649d2bcdb077e9b6f339aa9840ec34b683f" />
		<rom name="Mystery_of_the_Nile_a1.tap" size="625837" crc="db3cb686" sha1="2cab0d8288768d3a27f39edf04de2a8bbae5c6ff" />
	</machine>
	<machine name="myth">
		<description>Myth: History in the Making</description>
		<year>1989</year>
		<publisher>System 3</publisher>
		<rom name="Myth-_History_in_the_Making.tap" size="2797325" crc="e165df15" sha1="17330f68890a5a77e1d6afe9019f195a180dd2b3" />
	</machine>
	<machine name="nemwar">
		<description>Nemesis the Warlock</description>
		<year>1987</year>
		<publisher>Martech</publisher>
		<rom name="Nemesis_the_Warlock.tap" size="467422" crc="16bffefe" sha1="0e0e065d9993d9920628561a0439f7f68c28228b" />
	</machine>
	<machine name="neoclyps">
		<description>Neoclyps</description>
		<year>1982</year>
		<publisher>Personal Software Services</publisher>
		<rom name="Neoclyps.tap" size="1962156" crc="764023c8" sha1="e3b0cc618ce5fba98245bfeb63b62ec22a6b2066" />
	</machine>
	<machine name="ninjarem">
		<description>Ninja Remix</description>
		<year>1990</year>
		<publisher>System 3</publisher>
		<rom name="Ninja_Remix.tap" size="3568161" crc="7f40c5e0" sha1="deae8aed4d0ed35131fd2cc98de92b209ea0016b" />
	</machine>
	<machine name="nmassacr">
		<description>Ninja Massacre</description>
		<year>1989</year>
		<publisher>Code Masters</publisher>
		<rom name="Ninja_Massacre.tap" size="920694" crc="ce11f979" sha1="d2b52fb2b0a7cb59348083b06e72c5d35a25c604" />
	</machine>
	<machine name="nomad">
		<description>N.O.M.A.D</description>
		<year>1986</year>
		<publisher>Ocean</publisher>
		<rom name="N.O.M.A.D.tap" size="684475" crc="ec187307" sha1="0185818f24e99c7403631a52fdc2dafd99242000" />
		<rom name="N.O.M.A.D_a1.tap" size="684475" crc="927ae53b" sha1="b86d0c9f40595454323eda951ef66ca470eea0df" />
	</machine>
	<machine name="northsou">
		<description>North &amp; South</description>
		<year>1991</year>
		<publisher>Infogrames</publisher>
		<rom name="North_&amp;_South_Tape_1_Side_1_-_Main.tap" size="715384" crc="0170d2e1" sha1="8a25fd4c7ee0e2d48cd0b6d5bc116979363b448e" />
		<rom name="North_&amp;_South_Tape_1_Side_2_-_Map.tap" size="725304" crc="82fa00cc" sha1="c0fa2c2744b71a9f7ae09da7de64177ef907f74e" />
		<rom name="North_&amp;_South_Tape_2_Side_1_-_Battle.tap" size="329247" crc="f5e5cdb9" sha1="8f6be367e5c2fb1aa800b16d9f9e2b617b1de0aa" />
		<rom name="North_&amp;_South_Tape_2_Side_2_-_Fort.tap" size="526906" crc="13a252b9" sha1="695f642426e92aaf58b6308231e066a2060f5e5b" />
	</machine>
	<machine name="oceansal">
		<description>Ocean's All Star Hits</description>
		<year>1987</year>
		<publisher>Ariolasoft</publisher>
		<rom name="Ocean's_All_Star_Hits_Tape_1_Side_1.tap" size="1429872" crc="b48d1573" sha1="0209ed46cd5db181a41fb64fd0d475800588e3e9" />
		<rom name="Ocean's_All_Star_Hits_Tape_1_Side_2.tap" size="1343997" crc="bc1b71ae" sha1="dc99307fb10ab55a2a79f7d794c4e91d541e30e0" />
		<rom name="Ocean's_All_Star_Hits_Tape_2_Side_1.tap" size="1397033" crc="bbd5158c" sha1="88091647c0f05bd147195f3960e2d829293af8c2" />
		<rom name="Ocean's_All_Star_Hits_Tape_2_Side_2.tap" size="622379" crc="7bbb3742" sha1="84f045975218ba36faa3ee6be0d3dc8d5523b1b0" />
	</machine>
	<machine name="oceansgr">
		<description>Ocean's Greatest Hits</description>
		<year>1986</year>
		<publisher>Ocean</publisher>
		<rom name="Ocean's_Greatest_Hits_Tape_1_Side_1.tap" size="1104678" crc="4449eef3" sha1="6d55b7ff701581a467f27b5d09b2928fe8c50674" />
		<rom name="Ocean's_Greatest_Hits_Tape_1_Side_2.tap" size="1282082" crc="aa1f1d94" sha1="d02266432e1f6f4bba3e1ec88d59c1b4414c24f2" />
		<rom name="Ocean's_Greatest_Hits_Tape_2_Side_1.tap" size="1335106" crc="cd8c5753" sha1="34c46a8bf1a06e9c7029cd4a01369e51267d4c3c" />
		<rom name="Ocean's_Greatest_Hits_Tape_2_Side_2.tap" size="481552" crc="843388fe" sha1="f7669e4c0c0bcec4729f0382f4b225299473e521" />
	</machine>
	<machine name="oinkc">
		<description>Oink! (CRL)</description>
		<year>1988</year>
		<publisher>CRL</publisher>
		<rom name="Oink.tap" size="619098" crc="6d73d6d9" sha1="13c957a53400ec64fff2d7294b7a06cf0f55a408" />
		<rom name="Oink_a1.tap" size="619098" crc="74c680ec" sha1="db96ed278eee550e0721679f199e09feeee4b4d9" />
	</machine>
	<machine name="ontiles">
		<description>On the Tiles</description>
		<year>1987</year>
		<publisher>Firebird</publisher>
		<rom name="On_the_Tiles.tap" size="542838" crc="7e329b08" sha1="6863b817db52456fd7a6ed51d3ab263622c283b3" />
	</machine>
	<machine name="opwolfo">
		<description>Operation Wolf (Ocean)</description>
		<year>1988</year>
		<publisher>Ocean</publisher>
		<rom name="Operation_Wolf.tap" size="720182" crc="07c6f513" sha1="46f333b8bcbdba6854faea225351bb33f203f0b9" />
	</machine>
	<machine name="outback">
		<description>Outback</description>
		<year>1984</year>
		<publisher>Paramount Software</publisher>
		<rom name="Outback.tap" size="1479908" crc="5ffccfdb" sha1="5204b17d43637c4a2cb97c9f13520fd43e668843" />
	</machine>
	<machine name="outrun">
		<description>Out Run</description>
		<year>1987</year>
		<publisher>U.S. Gold</publisher>
		<rom name="Out_Run_Side_1.tap" size="1258728" crc="30effdc4" sha1="702bdf023d939127fdd708d80441b2bdae2f0182" />
		<rom name="Out_Run_Side_2.tap" size="1888082" crc="94ba830a" sha1="f15ed217b3e9612bd55ef32e8609475f3ef05aee" />
	</machine>
	<machine name="overland">
		<description>Overlander</description>
		<year>1988</year>
		<publisher>Elite Systems</publisher>
		<rom name="Overlander.tap" size="889826" crc="4fde67e8" sha1="064af8c4416419d43136c19d3bd04a1f702b6070" />
	</machine>
	<machine name="tnes">
		<description>The Neverending Story</description>
		<year>1985</year>
		<publisher>Ocean</publisher>
		<rom name="Neverending_Story,_The_Tape_1_Side_1.tap" size="417847" crc="95d54b7a" sha1="4eeea7a62b69bdb687e147b19a346248c54068dc" />
		<rom name="Neverending_Story,_The_Tape_1_Side_2.tap" size="319769" crc="ab647981" sha1="1f132ba340b3de7d935e5a662107b25505273292" />
		<rom name="Neverending_Story,_The_Tape_2_Side_1.tap" size="319769" crc="11c8c021" sha1="501e67c55d76d5b2a85b8bc62154c1d2e1a75822" />
		<rom name="Neverending_Story,_The_Tape_2_Side_2.tap" size="319769" crc="d444166e" sha1="095af9c1e96b6de867ff9c7c81a6b63ab0fb8d91" />
	</machine>
</datafile>