<?xml version="1.0" encoding="utf-8"?>
<!DOCTYPE datafile PUBLIC "-//Logiqx//DTD ROM Management Datafile//EN" "http://www.logiqx.com/Dats/datafile.dtd">
<datafile>
	<header>
		<name>fmtowns_cd</name>
		<description>Fujitsu FM Towns CD-ROMs</description>
		<version></version>
		<author></author>
	</header>
	<machine name="akikogld">
		<description>Akiko Gold</description>
		<year>1995</year>
		<publisher>フェアリーテール (Fairytale)</publisher>
		<rom name="akiko_gold_disk_a.hdm" size="1261568" crc="fd3d3924" sha1="f52b8c76fcf77c9f2d14938e65e99d2fea25db1f" />
	</machine>
	<machine name="emit1o">
		<description>Emit Vol. 1 - Toki no Maigo (Version 1.20 Release 1.00)</description>
		<year>1994</year>
		<publisher>光栄 (Koei)</publisher>
		<rom name="emit1_v1.20_r1.00.hdm" size="1261568" crc="49b1a035" sha1="1b0f1886a587e6b9e4bacdfd90145837a3eb6cc0" />
	</machine>
	<machine name="emit1">
		<description>Emit Vol. 1 - Toki no Maigo (Version 1.30 Release 2.00)</description>
		<year>1994</year>
		<publisher>光栄 (Koei)</publisher>
		<rom name="emit1_v1.30_r2.00.hdm" size="1261568" crc="eca37c28" sha1="58d7f1add8ad84ce7200b0661f380608d8d0639a" />
	</machine>
	<machine name="tenranma">
		<description>Tenshin Ranma</description>
		<year>1992</year>
		<publisher>エルフ (Elf)</publisher>
		<rom name="tenshin_ranma_disk_a.hdm" size="1261568" crc="f2af4301" sha1="f6c9e5a32203672113bab7135756baa7528e9253" />
	</machine>
</datafile>