<?xml version="1.0" encoding="utf-8"?>
<!DOCTYPE datafile PUBLIC "-//Logiqx//DTD ROM Management Datafile//EN" "http://www.logiqx.com/Dats/datafile.dtd">
<datafile>
	<header>
		<name>fmtowns_flop_orig</name>
		<description>Fujitsu FM Towns original floppy disk images</description>
		<version></version>
		<author></author>
	</header>
	<machine name="kawaichi">
		<description>Kawarazaki-ke no Ichizoku</description>
		<year>1993</year>
		<publisher>シルキーズ (Silky's)</publisher>
		<rom name="kawarazaki-ke no ichizoku (disk a).hdm" size="1261568" crc="597f5010" sha1="757285d97981d1385c3bfd030dd8d5f0a4876e26" />
	</machine>
	<machine name="setsuju">
		<description>Setsujuu - Yuganda Kioku</description>
		<year>1995</year>
		<publisher>ジャスト (JAST)</publisher>
		<rom name="setsujuu_disk_a.hdm" size="1261568" crc="16d06cf1" sha1="4c096759a785d67df4531aedd90e72de161813cf" />
		<rom name="setsujuu_disk_b.hdm" size="1261568" crc="c2246692" sha1="d0384ec649dbd55019edd4eae7ba260a29cdc9ac" />
		<rom name="setsujuu_disk_c.hdm" size="1261568" crc="fbdda730" sha1="72c28b73539d6654c7b0194addb8d0952eca5691" />
		<rom name="setsujuu_disk_d.hdm" size="1261568" crc="01f4d40e" sha1="fc9c49802334863cad8ec7f80533c4292851479a" />
	</machine>
	<machine name="yojuclub">
		<description>Youjuu Club Custom</description>
		<year>1992</year>
		<publisher>ディー・オー (D.O.)</publisher>
		<rom name="youjuu_club_custom_disk_a.hdm" size="1261568" crc="e3f2a6a2" sha1="f8ba8158190305c963fbbe07dffc6985d6bb2875" />
		<rom name="youjuu_club_custom_disk_b.hdm" size="1261568" crc="3222062b" sha1="3df957d95dea33f6a33b033a842ddc2768f4f088" />
		<rom name="youjuu_club_custom_disk_c.hdm" size="1261568" crc="dee16755" sha1="300f3069d4fa1e4e7dfa6f25a0f511e4eb68e080" />
	</machine>
</datafile>