<?xml version="1.0" encoding="utf-8"?>
<!DOCTYPE datafile PUBLIC "-//Logiqx//DTD ROM Management Datafile//EN" "http://www.logiqx.com/Dats/datafile.dtd">
<datafile>
	<header>
		<name>gameboy</name>
		<description>Nintendo Game Boy cartridges</description>
		<version></version>
		<author></author>
	</header>
	<machine name="bladewar">
		<description>Blade Warrior (prototype)</description>
		<year>19??</year>
		<publisher>&lt;unknown&gt;</publisher>
		<rom name="blade warrior (prototype).bin" size="32768" crc="cfd54dbc" sha1="53c1e67430f923f74a611e675ca0cad8d0b13d76" />
	</machine>
	<machine name="dmgtest">
		<description>Nintendo Game Boy Aging Cartridge (Ver 1.1)</description>
		<year>199?</year>
		<publisher>Nintendo</publisher>
		<rom name="nintendo game boy aging cartridge.bin" size="32768" crc="4db33858" sha1="3f27a044131548d528783f0d43f918f04418519e" />
	</machine>
	<machine name="dungnwar">
		<description>Dungeon Warrior (prototype)</description>
		<year>1996</year>
		<publisher>&lt;unknown&gt;</publisher>
		<rom name="dungeon warrior (prototype).bin" size="65536" crc="2910429c" sha1="21a6fba83faa7649fbb2e75176649bcd7d846d25" />
	</machine>
	<machine name="jetpakj">
		<description>Jet Pak Jak (prototype)</description>
		<year>1991</year>
		<publisher>&lt;unknown&gt;</publisher>
		<rom name="jet pak jak (prototype).bin" size="131072" crc="2040e99b" sha1="da739097364e31f3be5851461170eaccbcd2aeb3" />
	</machine>
	<machine name="jetpakm">
		<description>Jet Pak Man (prototype)</description>
		<year>1991</year>
		<publisher>&lt;unknown&gt;</publisher>
		<rom name="jet pak man (prototype).bin" size="32768" crc="e40dfc1b" sha1="0080f76961164810d6c0543d951a465cfa1cab54" />
	</machine>
	<machine name="lapbjsol">
		<description>Learn and Play Blackjack &amp; Solitaire (prototype)</description>
		<year>1994</year>
		<publisher>Spidersoft</publisher>
		<rom name="learn and play - blackjack &amp; solitaire (aug 9, 1994 prototype).bin" size="131072" crc="60837c15" sha1="d69062736dfde2af8e0ede2cc3dd5d2b95996e79" />
	</machine>
	<machine name="madden">
		<description>John Madden Football (prototype)</description>
		<year>1993?</year>
		<publisher>Ubi Soft</publisher>
		<rom name="john madden football (prototype a).bin" size="131072" crc="4f03ee8c" sha1="c79ecb697723f98448423d311c3d7c76328a46a8" />
	</machine>
</datafile>