<?xml version="1.0" encoding="utf-8"?>
<!DOCTYPE datafile PUBLIC "-//Logiqx//DTD ROM Management Datafile//EN" "http://www.logiqx.com/Dats/datafile.dtd">
<datafile>
	<header>
		<name>gba</name>
		<description>Nintendo Game Boy Advance cartridges</description>
		<version></version>
		<author></author>
	</header>
	<machine name="robocop">
		<description>Robocop (prototype)</description>
		<year>2002</year>
		<publisher>Titus</publisher>
		<rom name="robocop (prototype).bin" size="8388608" crc="282e6408" sha1="0c6b28da8ad9b889d765e65e081848e410095406" />
	</machine>
</datafile>