<?xml version="1.0" encoding="utf-8"?>
<!DOCTYPE datafile PUBLIC "-//Logiqx//DTD ROM Management Datafile//EN" "http://www.logiqx.com/Dats/datafile.dtd">
<datafile>
	<header>
		<name>gbcolor</name>
		<description>Nintendo Game Boy Color cartridges</description>
		<version></version>
		<author></author>
	</header>
	<machine name="sfrush">
		<description>San Francisco Rush - Extreme Racing (prototype)</description>
		<year>199?</year>
		<publisher>Midway</publisher>
		<rom name="san francisco rush - extreme racing (prototype).bin" size="524288" crc="4d26ea38" sha1="4d48a6cd886543bae555d0dc4b8012e13c7cdb55" />
	</machine>
</datafile>