<?xml version="1.0" encoding="utf-8"?>
<!DOCTYPE datafile PUBLIC "-//Logiqx//DTD ROM Management Datafile//EN" "http://www.logiqx.com/Dats/datafile.dtd">
<datafile>
	<header>
		<name>ibm5150</name>
		<description>IBM PC disk images</description>
		<version></version>
		<author></author>
	</header>
	<machine name="bcauldrn">
		<description>The Black Cauldron (5.25", v2.10)</description>
		<year>1988</year>
		<publisher>Sierra On-Line</publisher>
		<rom name="The Black Cauldron [Sierra] [1988] [5.25DD] [Disk 1 of 2].img" size="368640" crc="c723b935" sha1="e84e2cac0621d086c73617d4c7f18b9ef1100e56" />
		<rom name="The Black Cauldron [Sierra] [1988] [5.25DD] [Disk 2 of 2].img" size="368640" crc="f52bb9a2" sha1="301b7a87e0c1cf3eff981211c2b69efc8e390103" />
	</machine>
	<machine name="castles35">
		<description>Castles (3.5")</description>
		<year>1991</year>
		<publisher>Interplay</publisher>
		<rom name="Castles [Interplay] [1991] [3.5DD] [Disk 1 of 2] [Startup Disk].img" size="737280" crc="865f2f21" sha1="2530bb748627e42c2cc349fc66706c03b96649eb" />
		<rom name="Castles [Interplay] [1991] [3.5DD] [Disk 2 of 2] [Data Disk].img" size="737280" crc="a539c801" sha1="263dd2213e7d7e19aca72c5dd33e2e4a5492b98c" />
	</machine>
	<machine name="castles">
		<description>Castles (5.25")</description>
		<year>1991</year>
		<publisher>Interplay</publisher>
		<rom name="Castles [Interplay] [1991] [5.25DD] [Disk 1 of 4] [Startup Disk].img" size="368640" crc="44daceb3" sha1="57d2bdf94a649672f6cb50250a1b3c073c5d0d7d" />
		<rom name="Castles [Interplay] [1991] [5.25DD] [Disk 2 of 4] [Data Disk].img" size="368640" crc="003b1314" sha1="3f4342e4a82f12f05922dddc0470a151bf03c7c0" />
		<rom name="Castles [Interplay] [1991] [5.25DD] [Disk 3 of 4] [Introduction Disk].img" size="368640" crc="7c0a61e5" sha1="92c6ed6aeca6f1b1146c8e709e424bef6cd02848" />
		<rom name="Castles [Interplay] [1991] [5.25DD] [Disk 4 of 4] [Messenger Disk].img" size="368640" crc="be818299" sha1="12798c9a25d3c296f663c6972d48536fa41e3fbf" />
	</machine>
	<machine name="castlesnc">
		<description>Castles: The Northern Campaign</description>
		<year>1991</year>
		<publisher>Interplay</publisher>
		<rom name="Castles - Northern Campaign [Interplay] [1991] [3.5DD] [Disk 1 of 1] [Startup Disk].img" size="737280" crc="f775ce5a" sha1="7196dc778a1e7b77424341eec29a3f3888e927ff" />
	</machine>
	<machine name="diag100">
		<description>Diagnostics (Version 1.00)</description>
		<year>1981</year>
		<publisher>IBM</publisher>
		<rom name="diags100.img" size="163840" crc="6a98472a" sha1="6c0e360ba0dcea67ad7828f00dd08d324ceea6dd" />
	</machine>
	<machine name="easywr1">
		<description>EasyWriter (Version 1.00)</description>
		<year>1981</year>
		<publisher>IBM</publisher>
		<rom name="EASYWRIT.IMD" size="51789" crc="0c43b9bc" sha1="9147aabf6e49a8d6979d25325e151cac5617953f" />
	</machine>
	<machine name="hoylev3">
		<description>Hoyle: Official Book of Games - Volume 3 (EGA release)</description>
		<year>1991</year>
		<publisher>Sierra On-Line</publisher>
		<rom name="Hoyle Book of Games - Vol 3 (16 color) [Sierra] [1991] [3.5DD] [Disk 1 of 2] [Startup Disk].img" size="737280" crc="6efa95b3" sha1="2d03694d40f136bfc32968eba75ac68d83e00dce" />
		<rom name="Hoyle Book of Games - Vol 3 (16 color) [Sierra] [1991] [3.5DD] [Disk 2 of 2] [Game Disk 1].img" size="737280" crc="9bd60e27" sha1="3bd6ee015a8df1fb63e678d97db29b9021d298e7" />
	</machine>
	<machine name="ibmcom1">
		<description>Asynchronous Communications Support (Version 1.00)</description>
		<year>1981</year>
		<publisher>IBM</publisher>
		<rom name="disk01.img" size="163840" crc="fcc34ee6" sha1="7ff482ca3ceacb05e647123fd107cc666d08a6d4" status="baddump" />
	</machine>
	<machine name="loom35a">
		<description>Loom (3.5", v1.0)</description>
		<year>1990</year>
		<publisher>Lucasfilm Games</publisher>
		<rom name="Loom (v1.0) [LucasFilm] [1990] [3.5DD] [Disk 1 of 3].img" size="737280" crc="d3ff7f8c" sha1="6b3eac89537814492404684fe3ffda24f3f71180" />
		<rom name="Loom (v1.0) [LucasFilm] [1990] [3.5DD] [Disk 2 of 3].img" size="737280" crc="e8176969" sha1="9dd5c4588262f2a14a34abce0737d473b79abc1f" />
		<rom name="Loom (v1.0) [LucasFilm] [1990] [3.5DD] [Disk 3 of 3].img" size="737280" crc="8b7a77db" sha1="028f46dbffe061a528cd2cdf00b764e48d7e8744" />
	</machine>
	<machine name="loom35">
		<description>Loom (3.5", v1.1)</description>
		<year>1991</year>
		<publisher>Lucasfilm Games</publisher>
		<rom name="Loom (v1.1) [LucasFilm] [1991] [3.5DD] [Disk 1 of 3].img" size="737280" crc="ca40bc1f" sha1="657ae0edd606f6ba4bb981ce07fcfd112b6f68d4" />
		<rom name="Loom (v1.1) [LucasFilm] [1991] [3.5DD] [Disk 2 of 3].img" size="737280" crc="a1373bf2" sha1="b5280213e692066fc66c82d4776ea1be85fd47dc" />
		<rom name="Loom (v1.1) [LucasFilm] [1991] [3.5DD] [Disk 3 of 3].img" size="737280" crc="9406b496" sha1="115bb6fcd795d55c3af9fb5c1c304073e11d24e0" />
	</machine>
	<machine name="madden2">
		<description>John Madden Football II</description>
		<year>1992</year>
		<publisher>Electronic Arts</publisher>
		<rom name="John Madden Football II [Electronic Arts] [1992] [3.5DD] [Disk 1 of 1].img" size="737280" crc="6fb72845" sha1="45b742f6a8cb01772f9df4e20d98aab6ae1bc208" />
	</machine>
	<machine name="madden">
		<description>John Madden Football</description>
		<year>1989</year>
		<publisher>Electronic Arts</publisher>
		<rom name="John Madden Football [Electronic Arts] [1989] [3.5DD] [Disk 1 of 1].img" size="737280" crc="7faf93e3" sha1="31e78337d0e32209e9b1f27a9833966e6546d70e" />
	</machine>
	<machine name="maddena">
		<description>John Madden Football (alt)</description>
		<year>1989</year>
		<publisher>Electronic Arts</publisher>
		<rom name="John Madden Football (alt) [Electronic Arts] [1989] [3.5DD] [Disk 1 of 1].img" size="737280" crc="6a9db420" sha1="ff8e2a0e305bbce2f28cf06835c5181ccc15b868" />
	</machine>
	<machine name="masm1">
		<description>Macro Assembler (Version 1.00)</description>
		<year>1981</year>
		<publisher>IBM</publisher>
		<rom name="Disk01.img" size="163840" crc="aa2d9e46" sha1="90b6378332404f6185b39322a6fedc6e7e62d99e" />
	</machine>
	<machine name="pascom1">
		<description>Pascal Compiler (Version 1.00)</description>
		<year>1981</year>
		<publisher>IBM</publisher>
		<rom name="disk01.img" size="163840" crc="badec3d7" sha1="25f09731cd2e6939aabcb42612084c3e8c7ba009" />
		<rom name="disk02.img" size="163840" crc="d33c8051" sha1="3be06495c2c9610899822b53e7b36e65ac13bb7c" />
		<rom name="disk03.img" size="163840" crc="9ca6270a" sha1="c3eeab648d93874286c1cdbf59aac67abc74721a" />
	</machine>
	<machine name="starctrl35">
		<description>Star Control (3.5")</description>
		<year>1990</year>
		<publisher>Accolade</publisher>
		<rom name="Star Control [Accolade] [1990] [3.5DD] [Disk 1 of 1].img" size="737280" crc="508ebb49" sha1="b9875e8a0b6f0619859438771654ffdb24e8a57f" />
	</machine>
	<machine name="starctrl">
		<description>Star Control (5.25")</description>
		<year>1990</year>
		<publisher>Accolade</publisher>
		<rom name="Star Control [Accolade] [1990] [5.25DD] [Disk 1 of 2].img" size="368640" crc="a9b2ac3b" sha1="5e635f8b6f13d69d0b8402be432536c5a710a212" />
		<rom name="Star Control [Accolade] [1990] [5.25DD] [Disk 2 of 2].img" size="368640" crc="771df3d1" sha1="4f572a4a3bb501711a08837bdc71e95efd6edd80" />
	</machine>
	<machine name="toutrun35">
		<description>Turbo Out Run (3.5")</description>
		<year>1990</year>
		<publisher>Sega</publisher>
		<rom name="Turbo Out Run [Sega] [1990] [3.5DD] [Disk 1 of 2].img" size="737280" crc="67d93e45" sha1="9b6a1ee5abfa46f879c1bfdc661bfc95b2539853" />
		<rom name="Turbo Out Run [Sega] [1990] [3.5DD] [Disk 2 of 2].img" size="737280" crc="8af00126" sha1="7d5c8c5dfbe27deb54366e3000d7d7afa71e2048" />
	</machine>
	<machine name="toutrun">
		<description>Turbo Out Run (5.25")</description>
		<year>1990</year>
		<publisher>Sega</publisher>
		<rom name="Turbo Out Run [Sega] [1990] [5.25DD] [Disk 1 of 3].img" size="368640" crc="5c2ed4fe" sha1="6f5ca56e4e40b81cbf7a9e07f55e9cb18f31e0da" />
		<rom name="Turbo Out Run [Sega] [1990] [5.25DD] [Disk 2 of 3].img" size="368640" crc="bd1123c3" sha1="11bab48adf9f60c3715ecd4444fd50562a33085c" />
		<rom name="Turbo Out Run [Sega] [1990] [5.25DD] [Disk 3 of 3].img" size="368640" crc="2698cd86" sha1="d9a5757eddace6de10808228de236ec6a02c0212" />
	</machine>
	<machine name="typtut">
		<description>Typing Tutor (Version 1.00)</description>
		<year>1981</year>
		<publisher>IBM</publisher>
		<rom name="disk01.img" size="163840" crc="4692f500" sha1="caf202708031bf740cf6959835f0327414078558" status="baddump" />
	</machine>
	<machine name="vc156y0">
		<description>VisiCalc (VC-156Y0-IBM)</description>
		<year>1981</year>
		<publisher>Personal Software</publisher>
		<rom name="disk01.mfm" size="1639095" crc="210692c8" sha1="d4fda94c9dd65a81cee460410e0f86b3b42cae05" />
	</machine>
	<machine name="xenona">
		<description>Xenon (16 Blitz Plus release) (5.25")</description>
		<year>1990</year>
		<publisher>16 Blitz</publisher>
		<rom name="Xenon (16 Blitz) [Virgin Mastertronic] [1990] [5.25DD] [Disk 1 of 2].img" size="368640" crc="1986daab" sha1="b9114a658b82ec54ea74df1117f3c59d3cca180e" />
		<rom name="Xenon (16 Blitz) [Virgin Mastertronic] [1990] [5.25DD] [Disk 2 of 2].img" size="368640" crc="46bbbd1c" sha1="05013e1b5b8ec8ea6d4f23a0dbce92bbbc72a038" />
	</machine>
</datafile>