<?xml version="1.0" encoding="utf-8"?>
<!DOCTYPE datafile PUBLIC "-//Logiqx//DTD ROM Management Datafile//EN" "http://www.logiqx.com/Dats/datafile.dtd">
<datafile>
	<header>
		<name>lynx</name>
		<description>Atari Lynx cartridges</description>
		<version></version>
		<author></author>
	</header>
	<machine name="klaxp">
		<description>Klax (prototype)</description>
		<year>1990</year>
		<publisher>Atari</publisher>
		<rom name="klax pre-release" size="262144" crc="4d5d94f4" sha1="b6cb710964a5fdd0a236bf38069be40aa4037b6b" />
	</machine>
	<machine name="pitfightp">
		<description>Pit-Fighter - The Ultimate Competition (prototype 19921013)</description>
		<year>1992</year>
		<publisher>Atari</publisher>
		<rom name="pit fighter (oct 13, 1992 prototype).bin" size="524288" crc="e7a5a4d0" sha1="457a97a914ad90f11b6fcbe6eda11d29d9d4e016" />
	</machine>
</datafile>