<?xml version="1.0" encoding="utf-8"?>
<!DOCTYPE datafile PUBLIC "-//Logiqx//DTD ROM Management Datafile//EN" "http://www.logiqx.com/Dats/datafile.dtd">
<datafile>
	<header>
		<name>megadriv</name>
		<description>Sega MegaDrive/Genesis cartridges</description>
		<version></version>
		<author></author>
	</header>
	<machine name="beethovn">
		<description>Beethoven's 2nd - The Quest for Pups (prototype)</description>
		<year>1993?</year>
		<publisher>Hi Tech Entertainment</publisher>
		<rom name="beethoven's 2nd - the quest for pups (prototype).bin" size="1048576" crc="1bd0c6a3" sha1="57b996ebc6b24ffea5bba6ec00dc042088c52a07" />
	</machine>
	<machine name="exmutantp">
		<description>Ex-Mutants (prototype)</description>
		<year>1992</year>
		<publisher>Sega</publisher>
		<rom name="ex-mutants (prototype).bin" size="1048576" crc="6efba291" sha1="a2d0bfa400c42ad52a60d874de6f00a21d654a73" />
	</machine>
	<machine name="fantdizzp">
		<description>Fantastic Dizzy (prototype)</description>
		<year>1992</year>
		<publisher>Codemasters</publisher>
		<rom name="dizzy_pre.bin" size="524288" crc="831c20d6" sha1="c75e52747897f22a8c55aab8c79f607ad5742d3d" />
	</machine>
	<machine name="flashbp">
		<description>Flashback (prototype 19920918)</description>
		<year>1992</year>
		<publisher>U.S. Gold</publisher>
		<rom name="flashback (sep 18, 1992 prototype).bin" size="2097152" crc="82095cb6" sha1="3c0b25e090d0c1167714e1a7346a289ffb808b49" />
	</machine>
	<machine name="junkera">
		<description>Junker's High (later prototype)</description>
		<year>1992</year>
		<publisher>&lt;unknown&gt;</publisher>
		<rom name="junker's high (prototype b).bin" size="1048576" crc="73022c67" sha1="d7ff581e0d236e1711f6569b12158c6748668e62" />
	</machine>
	<machine name="kickoff3p">
		<description>Kick Off 3 (prototype)</description>
		<year>1994</year>
		<publisher>Imagineer</publisher>
		<rom name="kick off 3 - european challenge (prototype).bin" size="1048576" crc="b69a43b8" sha1="e0fb2c97613e3b49a23a3a3feb5f73caeff30bd3" />
	</machine>
	<machine name="lakersp">
		<description>Lakers versus Celtics and the NBA Playoffs (prototype)</description>
		<year>1990</year>
		<publisher>Electronic Arts</publisher>
		<rom name="lakers versus celtics and the nba playoffs (prototype).bin" size="524288" crc="e818b0aa" sha1="324f061734708a22944c84dd4e69194d135497de" />
	</machine>
	<machine name="loboa">
		<description>Lobo (April prototype)</description>
		<year>1996</year>
		<publisher>Ocean</publisher>
		<rom name="lobo (april prototype).bin" size="3145728" crc="a366dbca" sha1="32d03750d9443c8d2899d392461a3fafb20813b7" />
	</machine>
	<machine name="micromc2p">
		<description>Micro Machines 2 - Turbo Tournament (prototype)</description>
		<year>1994?</year>
		<publisher>Codemasters</publisher>
		<rom name="micro machines 2 - turbo tournament (prototype).bin" size="1048576" crc="51c9f851" sha1="b845c091379fd24dbe7bf93ae840dfe3b9a60ce4" />
	</machine>
	<machine name="muhammadup">
		<description>Muhammad Ali Heavyweight Boxing (USA, later prototype)</description>
		<year>1992</year>
		<publisher>Virgin Games</publisher>
		<rom name="muhammad ali heavyweight boxing (later prototype).bin" size="1048576" crc="be6e8f2b" sha1="6998a1868d142059af77f7d16b5ada8143b282c7" />
	</machine>
	<machine name="nfl98p">
		<description>NFL 98 (prototype)</description>
		<year>1997</year>
		<publisher>Sega</publisher>
		<rom name="nfl 98 (prototype).bin" size="2097152" crc="9f605018" sha1="7f17c12e2926b852d096d232d3d296170ec09d4f" />
	</machine>
	<machine name="pstewart">
		<description>Payne Stewart Pro Golf (prototype A)</description>
		<year>1994</year>
		<publisher>Time Warner Interactive</publisher>
		<rom name="payne stewart pro golf (prototype a).bin" size="2097152" crc="1ee27e49" sha1="84744e8f4fb5da36057fe0318ca9e0f035d47a99" />
	</machine>
	<machine name="pstewarta">
		<description>Payne Stewart Pro Golf (USA, prototype B)</description>
		<year>1994</year>
		<publisher>Time Warner Interactive</publisher>
		<rom name="payne stewart pro golf (prototype b).bin" size="2097152" crc="602f556a" sha1="f778e6052f9627fe18109fd650a42bdaed278492" />
	</machine>
	<machine name="racedrivp">
		<description>Race Drivin' (prototype)</description>
		<year>1993?</year>
		<publisher>Tengen</publisher>
		<rom name="race drivin' (mega drive prototype).bin" size="524288" crc="9de9eb4a" sha1="83284951966788caa187822466cc665c89c2033f" />
	</machine>
	<machine name="rbibb95">
		<description>R.B.I. Baseball '95 (prototype)</description>
		<year>1995</year>
		<publisher>Tengen</publisher>
		<rom name="r.b.i. baseball '95 (prototype).bin" size="2097152" crc="9d44f9d1" sha1="acfa9eecd3cb5c9af61045b03cfd523be604e125" />
	</machine>
	<machine name="roadriot">
		<description>Road Riot 4WD (prototype)</description>
		<year>1992?</year>
		<publisher>Tengen</publisher>
		<rom name="road riot 4wd (prototype).bin" size="1048576" crc="10c89166" sha1="dfba43d985fcfed0bd83588435088114cf16f379" />
	</machine>
	<machine name="slapfighp">
		<description>Slap Fight MD (prototype)</description>
		<year>1992</year>
		<publisher>Toaplan</publisher>
		<rom name="slap fight md (prototype).bin" size="1048576" crc="dbb62949" sha1="2add264816b97ca20d3efc5ae541997aa1b82a59" />
	</machine>
	<machine name="spcehero">
		<description>Space Hero (prototype)</description>
		<year>1992</year>
		<publisher>Tengen</publisher>
		<rom name="space hero (prototype).bin" size="1048576" crc="cc0e694f" sha1="612869b5e775fa3b2ca68052c8ef2896f2bff2d0" />
	</machine>
	<machine name="sylvestrp">
		<description>Sylvester &amp; Tweety in Cagey Capers (prototype)</description>
		<year>1993?</year>
		<publisher>Time Warner Interactive</publisher>
		<rom name="sylvester &amp; tweety in cagey capers (prototype b).bin" size="2097152" crc="5b3ea17b" sha1="4982f904fa9a6f42695ab91d40ac283d651d19e3" />
	</machine>
	<machine name="twistedf">
		<description>Twisted Flipper (later prototype)</description>
		<year>1992?</year>
		<publisher>Electronic Arts</publisher>
		<rom name="twisted flipper (prototype b).bin" size="524288" crc="d43d5145" sha1="13cbf90f1561a9db3a4084f19b07c6ca9ab618f6" />
	</machine>
	<machine name="vortex">
		<description>Out of the Vortex (prototype)</description>
		<year>199?</year>
		<publisher>&lt;unknown&gt;</publisher>
		<rom name="out of the vortex (prototype).bin" size="2097152" crc="3eaab03e" sha1="27eca8fbf6a120d8372bed07b22cbfba951a763a" />
	</machine>
	<machine name="waynegp1">
		<description>Wayne Gretzky and the NHLPA All-Stars (prototype)</description>
		<year>1995</year>
		<publisher>Time Warner Interactive</publisher>
		<rom name="wayne gretzky and the nhlpa all-stars (prototype).bin" size="2097152" crc="b963d264" sha1="840e6d38f9ef3e56b093921d862a55e73c4a6e6c" />
	</machine>
	<machine name="zoopp">
		<description>Zoop (prototype)</description>
		<year>1995</year>
		<publisher>Viacom New Media</publisher>
		<rom name="zoop (prototype).bin" size="1048576" crc="2e28c13f" sha1="4f8ad49e55af2152621606c87ba271e8da3f0aee" />
	</machine>
</datafile>