<?xml version="1.0" encoding="utf-8"?>
<!DOCTYPE datafile PUBLIC "-//Logiqx//DTD ROM Management Datafile//EN" "http://www.logiqx.com/Dats/datafile.dtd">
<datafile>
	<header>
		<name>nes</name>
		<description>Nintendo Entertainment System cartridges</description>
		<version></version>
		<author></author>
	</header>
	<machine name="batlkid2">
		<description>Battle Kid 2 - Mountain of Torment (v1.000)</description>
		<year>2012</year>
		<publisher>Sivak Games / RetroZone</publisher>
		<rom name="battle kid 2 - mountain of torment (v1.000).prg" size="524288" crc="74b823a1" sha1="dcd6870e0d5a79899dce11b975c8a16652fc7143" status="baddump" />
	</machine>
	<machine name="batlkid">
		<description>Battle Kid - Fortress of Peril (v1.100)</description>
		<year>2010</year>
		<publisher>Sivak Games / RetroZone</publisher>
		<rom name="battle kid - fortress of peril (v1.100).prg" size="262144" crc="aef464ce" sha1="1f5832a163313f930893151a30efb1ebb853b0db" status="baddump" />
	</machine>
	<machine name="batlkida">
		<description>Battle Kid - Fortress of Peril (v1.000)</description>
		<year>2010</year>
		<publisher>Sivak Games / RetroZone</publisher>
		<rom name="battle kid - fortress of peril (v1.000).prg" size="262144" crc="48bb5a71" sha1="ed2d9137711c022613e4d9d9e4855c31652d7b8c" status="baddump" />
	</machine>
	<machine name="batlkidj">
		<description>Battle Kid - Kiken no Wana (Japan, v2.000)</description>
		<year>2018</year>
		<publisher>Columbus Circle</publisher>
		<rom name="battle kid - fortress of peril (japan) (v2.000).prg" size="524288" crc="fa5d5a4d" sha1="7f142f448bee7972b5cf4feeb427a7f19d78f2e3" status="baddump" />
	</machine>
	<machine name="bioforce">
		<description>Bio Force Ape (USA, prototype)</description>
		<year>1992</year>
		<publisher>Seta</publisher>
		<rom name="bio force ape (us prototype).prg" size="131072" crc="46ba306d" sha1="196ce06860227b16767d88b7f7c3a22d3cd6978d" status="baddump" />
	</machine>
	<machine name="mc_8j207">
		<description>Heros 8 in 1 (JY-207)</description>
		<year>19??</year>
		<publisher>J.Y. Company</publisher>
		<rom name="heros 8-in-1 (jy-207).prg" size="1048576" crc="8ad3f063" sha1="3fc05f0999df1ea2b6dcb50d79fb52403346b802" status="baddump" />
	</machine>
	<machine name="mc_8j301">
		<description>Super 8 in 1 (JY-301)</description>
		<year>19??</year>
		<publisher>J.Y. Company</publisher>
		<rom name="super 8-in-1 (jy-301).chr" size="1048576" crc="7b4ea60f" sha1="f26adbcdeecafa9be1ea1da6bfde87beaa3d4e56" status="baddump" />
		<rom name="super 8-in-1 (jy-301).prg" size="1048576" crc="573f2af9" sha1="94801052a82772e98baffa12cd5a44449c172e8e" status="baddump" />
	</machine>
	<machine name="mc_8j302">
		<description>King 8 in 1 (JY-302)</description>
		<year>19??</year>
		<publisher>J.Y. Company</publisher>
		<rom name="king 8-in-1 (jy-302).chr" size="1048576" crc="67bffbc6" sha1="1cf285030a26c7856121b989de207cad8d02227c" status="baddump" />
		<rom name="king 8-in-1 (jy-302).prg" size="1048576" crc="0b030660" sha1="07cb6b564cf8776c5eba0efcb8c786d0ec0acd6a" status="baddump" />
	</machine>
	<machine name="mc_19vip">
		<description>Super 19 in 1 (VIP19)</description>
		<year>19??</year>
		<publisher>&lt;pirate&gt;</publisher>
		<rom name="super 19-in-1 (vip19).chr" size="1048576" crc="86ab5220" sha1="b7a594429dd5fb851ad3c883cf2e901476fcdc27" status="baddump" />
		<rom name="super 19-in-1 (vip19).prg" size="1048576" crc="c4ebed19" sha1="059f3be8f10660008000e5eee7061498808afb7a" status="baddump" />
	</machine>
	<machine name="mc_250">
		<description>250 in 1</description>
		<year>19??</year>
		<publisher>&lt;pirate&gt;</publisher>
		<rom name="g4-3" size="524288" crc="416ed0bc" sha1="4958d75a445150ad6a73c1309db3af708912f8a1" />
	</machine>
	<machine name="qbscrambp">
		<description>QuarterBack Scramble (USA, prototype)</description>
		<year>19??</year>
		<publisher>Pony Canyon</publisher>
		<rom name="mike ditka's big play football (prototype).chr" size="131072" crc="46ff87d1" sha1="70eb35e70af98ad550ef4f56cbced27890ea4fc9" status="baddump" />
		<rom name="mike ditka's big play football (prototype).prg" size="131072" crc="db541a91" sha1="8301b7933ab15eaa8b99054dc6ad2020eb5b84d4" status="baddump" />
	</machine>
	<machine name="strblst4">
		<description>Street Blaster IV Pro 10 (Asia)</description>
		<year>1993</year>
		<publisher>Cony Soft</publisher>
		<rom name="street blaster iv pro 10 (ymh-sn2) (unl).chr" size="262144" crc="73c30ae1" sha1="da0c88cf43da96812949820ee3e7315ab5aa4b1e" status="baddump" />
		<rom name="street blaster iv pro 10 (ymh-sn2) (unl).prg" size="131072" crc="0af8c9fd" sha1="184af79064c078101de8c09b3d76d0babf182818" status="baddump" />
	</machine>
</datafile>