<?xml version="1.0" encoding="utf-8"?>
<!DOCTYPE datafile PUBLIC "-//Logiqx//DTD ROM Management Datafile//EN" "http://www.logiqx.com/Dats/datafile.dtd">
<datafile>
	<header>
		<name>pc98</name>
		<description>NEC PC-9801 disk images</description>
		<version></version>
		<author></author>
	</header>
	<machine name="3takun">
		<description>Santa-kun</description>
		<year>1991</year>
		<publisher>アクティブ (Active)</publisher>
		<rom name="3ta-kun (Santa-kun).hdm" size="1261568" crc="d8bacb05" sha1="3803f16656048e86db82728a9d084fd75cdfa267" />
	</machine>
	<machine name="kuronoda">
		<description>Kuro no Danshou - The Literary Fragment</description>
		<year>1995</year>
		<publisher>アボガドパワーズ (Abogado Powers)</publisher>
		<rom name="Kuro no Danshou - The Literary Fragment (Disk A).hdm" size="1261568" crc="5d1f0b77" sha1="73c98fdc08d804bc4681c93cfcb2caaec45d545b" />
		<rom name="Kuro no Danshou - The Literary Fragment (Disk B).hdm" size="1261568" crc="74441140" sha1="de8732198cea1ee5e79a47b0a45f128e9328b09b" />
		<rom name="Kuro no Danshou - The Literary Fragment (Disk C).hdm" size="1261568" crc="a9808040" sha1="e2bdf9990a95229d75f717b8f91cd9549b928771" />
		<rom name="Kuro no Danshou - The Literary Fragment (Disk D).hdm" size="1261568" crc="a0509730" sha1="4e8fe2c10de9896f538d2a918238fa91f43ac2e3" />
		<rom name="Kuro no Danshou - The Literary Fragment (System disk).hdm" size="1261568" crc="ee9c72a7" sha1="b5164b66242a942b9328c90d437e6adc38f15feb" />
	</machine>
	<machine name="migrain">
		<description>Migrain</description>
		<year>1991</year>
		<publisher>アクイレムジャパン (Acclaim Japan)</publisher>
		<rom name="Migrain.hdm" size="1261568" crc="c85fa8bb" sha1="149500ffd50734c6f39b93392e9695b8a42e8a35" />
	</machine>
	<machine name="momoirom">
		<description>Momoiro Mahjong</description>
		<year>1995</year>
		<publisher>R-Rate</publisher>
		<rom name="Momoiro Mahjong - Disk A.fdi" size="1265664" crc="7b9d4e68" sha1="cf18ea209392363cc5781ed2591e02e38b7734d5" />
		<rom name="Momoiro Mahjong - Disk B.fdi" size="1265664" crc="10268036" sha1="2b29422dce2def3bffdd72bf04fe5a132312d734" />
		<rom name="Momoiro Mahjong - System Disk.fdi" size="1265664" crc="a93afa80" sha1="0923c8ba47749b68d5e3c2aeea8e252584c202ca" />
	</machine>
	<machine name="route246">
		<description>Kao Floppy Gekijou - Route 246 Satsujin Annai</description>
		<year>1991</year>
		<publisher>フェアリーテール (Fairytale)</publisher>
		<rom name="ROUTE_246.fdi" size="1423360" crc="599a082e" sha1="3bd50e646c8f22efc88fa74e00b7ed6521f3d8df" />
	</machine>
</datafile>