<?xml version="1.0" encoding="utf-8"?>
<!DOCTYPE datafile PUBLIC "-//Logiqx//DTD ROM Management Datafile//EN" "http://www.logiqx.com/Dats/datafile.dtd">
<datafile>
	<header>
		<name>rx78_cart</name>
		<description>Gundam RX-78 cartridges</description>
		<version></version>
		<author></author>
	</header>
	<machine name="aerial">
		<description>Aerial</description>
		<year>2021</year>
		<publisher>Inufoto</publisher>
		<rom name="aerial.bin" size="11644" crc="64406f92" sha1="eee0b9584c2d09c5a8dff0ceaadd654b34aab608" />
	</machine>
	<machine name="battlot">
		<description>Battlot</description>
		<year>2021</year>
		<publisher>Inufoto</publisher>
		<rom name="battlot.bin" size="12102" crc="d1236463" sha1="25375a30b32ce6a083273d27d46ccac3b271bd31" />
	</machine>
	<machine name="bootskell">
		<description>Bootskell</description>
		<year>2021</year>
		<publisher>Inufoto</publisher>
		<rom name="bootskell.bin" size="12212" crc="8c9b02e9" sha1="6eb1c4345636c17cb72cba6590bb07ac8bfee31b" />
	</machine>
	<machine name="cavit">
		<description>Cavit</description>
		<year>2021</year>
		<publisher>Inufoto</publisher>
		<rom name="cavit.bin" size="13271" crc="6c3c5729" sha1="32eb81614672a66fe7e672c01e121dedf2777fca" />
	</machine>
	<machine name="lift">
		<description>Lift</description>
		<year>2021</year>
		<publisher>Inufoto</publisher>
		<rom name="lift.bin" size="9781" crc="fe79dd47" sha1="2d165c4e32e4c5c81b7c05df18a51b92ba9a8951" />
	</machine>
	<machine name="neuras">
		<description>Neuras</description>
		<year>2021</year>
		<publisher>Inufoto</publisher>
		<rom name="neuras.bin" size="11267" crc="3a7758ef" sha1="0043e72dd22c8adccd8e7f7bc3ab85322ecfe024" />
	</machine>
	<machine name="ruptus">
		<description>Ruptus</description>
		<year>2021</year>
		<publisher>Inufoto</publisher>
		<rom name="ruptus.bin" size="14246" crc="6b903647" sha1="a5d4dbf22bbe55efdd27b8237ad39074bb80b822" />
	</machine>
	<machine name="xchase">
		<description>Xchase</description>
		<year>2021</year>
		<publisher>Fabrizio Caruso</publisher>
		<rom name="xchase.bin" size="16384" crc="51c0eeec" sha1="95c4703dda69ab624f22ceb086bea1e2195776c6" />
	</machine>
	<machine name="zerosen">
		<description>Zerosen</description>
		<year>1983</year>
		<publisher>Bandai</publisher>
		<rom name="84.ic2.bin" size="8192" crc="a569048f" sha1="7d9a37b7347dddca7e16b14689d0bbbc9079afbd" />
		<rom name="85.ic1.bin" size="8192" crc="acfcf43f" sha1="c7da59a6222f8664a7ef423af3b7d658627fda39" />
	</machine>
</datafile>