<?xml version="1.0" encoding="utf-8"?>
<!DOCTYPE datafile PUBLIC "-//Logiqx//DTD ROM Management Datafile//EN" "http://www.logiqx.com/Dats/datafile.dtd">
<datafile>
	<header>
		<name>sms</name>
		<description>Sega Master System cartridges</description>
		<version></version>
		<author></author>
	</header>
	<machine name="astropita">
		<description>Astro Warrior &amp; Pit Pot (Euro, alt)</description>
		<year>1987</year>
		<publisher>Sega</publisher>
		<rom name="astro-pit 0" size="65536" crc="5f39d77e" sha1="901720035bf97dcacb877a51b6fa7fe64a1c3c5f" />
		<rom name="astro-pit 1" size="65536" crc="ef17a1f2" sha1="3dc1a02116eff59eef09d4294f5c4491c998ad26" />
	</machine>
	<machine name="dduxp">
		<description>Dynamite Dux (prototype)</description>
		<year>1989</year>
		<publisher>Sega</publisher>
		<rom name="d-dux 88a5 1.ic2" size="131072" crc="02ccf5f2" sha1="3ca7d02c5aff375f384b98337e82caf47e60b0e1" />
		<rom name="d-dux 9798 0.ic1" size="131072" crc="e9bb8717" sha1="3b7fb221d281bc0a5b797bc7b0f233762ed46a6b" />
	</machine>
	<machine name="rampagep">
		<description>Rampage (prototype)</description>
		<year>1988</year>
		<publisher>Sega</publisher>
		<rom name="epr-rampage.ic1" size="131072" crc="90b925f1" sha1="b4830bae47bd9dff5751638b8cfd20bd13e484f9" />
		<rom name="epr-rampage.ic2" size="131072" crc="e3bc8019" sha1="e3085e94f820cba580b44e58f3f3b68dd449a2c6" />
	</machine>
	<machine name="sumgamesp1">
		<description>Summer Games (Euro, early prototype)</description>
		<year>1991</year>
		<publisher>Sega</publisher>
		<rom name="epr-summer games.ic1" size="131072" crc="4f530cb2" sha1="d2aa43c08e295b5ae1ff347de574ca6eb6a12ca4" />
	</machine>
</datafile>