<?xml version="1.0" encoding="utf-8"?>
<!DOCTYPE datafile PUBLIC "-//Logiqx//DTD ROM Management Datafile//EN" "http://www.logiqx.com/Dats/datafile.dtd">
<datafile>
	<header>
		<name>snes</name>
		<description>Nintendo SNES cartridges</description>
		<version></version>
		<author></author>
	</header>
	<machine name="merwars">
		<description>Mer Wars (prototype)</description>
		<year>199?</year>
		<publisher>Synergistic</publisher>
		<rom name="mer wars (prototype).sfc" size="524288" crc="63bfc034" sha1="75ebb4df85bc4f79a8c01b552f7563f1038e1728" />
	</machine>
	<machine name="mrtuffb">
		<description>Mr. Tuff (Euro, prototype 19940621)</description>
		<year>1994</year>
		<publisher>Sales Curve Interactive</publisher>
		<rom name="mr. tuff (jun 21, 1994 prototype).sfc" size="2097152" crc="53dff1bb" sha1="f27ee028b82c594b61ad258118685344ea4a971f" />
	</machine>
	<machine name="nightbsta">
		<description>Nightmare Busters (Japan, prototype 19940409)</description>
		<year>1994</year>
		<publisher>Nichibutsu</publisher>
		<rom name="nightmare busters (apr 9, 1994 prototype).sfc" size="1048576" crc="32ea8a0a" sha1="b146bb6c02bedf733d36be063cbd5ebc221ed776" />
	</machine>
	<machine name="reactor">
		<description>Reactor (prototype)</description>
		<year>1991</year>
		<publisher>Argonaut Software</publisher>
		<rom name="reactor (prototype).sfc" size="524288" crc="de765ad2" sha1="5fc2795b42fb92be44eaa0dc09ff848a6a536cbb" />
	</machine>
	<machine name="sfulmetlb">
		<description>Super Full Metal Planet (prototype B)</description>
		<year>1992</year>
		<publisher>Infogrames</publisher>
		<rom name="super full metal (prototype b).sfc" size="524288" crc="acc3e8f3" sha1="81be71905afb0fd0479416002b39bea329b9e1b3" />
	</machine>
	<machine name="sfulmetlc">
		<description>Super Full Metal Planet (prototype C)</description>
		<year>1992</year>
		<publisher>Infogrames</publisher>
		<rom name="super full metal (prototype c).sfc" size="524288" crc="eaee3a83" sha1="fb1090878a360881968a6802826f388e87884c89" />
	</machine>
	<machine name="sfulmetld">
		<description>Super Full Metal Planet (prototype D)</description>
		<year>1992</year>
		<publisher>Infogrames</publisher>
		<rom name="super full metal (prototype d).sfc" size="524288" crc="2300fba8" sha1="c3d3ff08a2430d6958dc1a64f296a074e2b4ddae" />
	</machine>
</datafile>