<?xml version="1.0" encoding="utf-8"?>
<!DOCTYPE datafile PUBLIC "-//Logiqx//DTD ROM Management Datafile//EN" "http://www.logiqx.com/Dats/datafile.dtd">
<datafile>
	<header>
		<name>svi318_cart</name>
		<description>Spectravision SVI-318 cartridges</description>
		<version></version>
		<author></author>
	</header>
	<machine name="adaptmsx">
		<description>Adaptor MSX Para Spectravideo SVI-328</description>
		<year>1986</year>
		<publisher>CCG</publisher>
		<rom name="1_svi328_msx.bin" size="16384" crc="42ea3dd7" sha1="4bdfa1fd71dfe12b9fda287abe2bf3e154575d79" />
		<rom name="2_svi328_msx.bin" size="16384" crc="98b5ce63" sha1="3b6d2998b939cfe204bc9f6aaeded2baed855504" />
	</machine>
</datafile>