<?xml version="1.0" encoding="utf-8"?>
<!DOCTYPE datafile PUBLIC "-//Logiqx//DTD ROM Management Datafile//EN" "http://www.logiqx.com/Dats/datafile.dtd">
<datafile>
	<header>
		<name>tg16</name>
		<description>NEC Turbografx 16 cartridges</description>
		<version></version>
		<author></author>
	</header>
	<machine name="airzonkp">
		<description>PC Denjin - Pankic Cyborgs (Air Zonk prototype)</description>
		<year>1992</year>
		<publisher>Hudson</publisher>
		<rom name="air zonk (prototype).pce" size="524288" crc="4f8299c8" sha1="eb2a75daab0c22a397d448c2daa8a52aac3fb612" />
	</machine>
	<machine name="tvbasebl">
		<description>TV Sports Baseball (prototype)</description>
		<year>1991</year>
		<publisher>NEC</publisher>
		<rom name="tv sports baseball (prototype).pce" size="524288" crc="b6b38d61" sha1="b37e446f0bf62c582c82f32dc3f2fc080acf2cbc" />
	</machine>
</datafile>