<?xml version="1.0" encoding="utf-8"?>
<!DOCTYPE datafile PUBLIC "-//Logiqx//DTD ROM Management Datafile//EN" "http://www.logiqx.com/Dats/datafile.dtd">
<datafile>
	<header>
		<name>vgmplay</name>
		<description>Video Game Music Files</description>
		<version></version>
		<author></author>
	</header>
	<machine name="agress">
		<description>Agress - Missile Daisenryaku (Arcade)</description>
		<year>1991</year>
		<publisher>Palco System</publisher>
		<rom name="01 coin.vgz" size="4232" crc="253602bd" sha1="8454dccc5b0a9bd18bd04a7d844a060009dac7e8" />
		<rom name="02 how to play.vgz" size="801" crc="7780e701" sha1="aa6d7cd0a7ec545cbcb906ab4e5d061b353da27f" />
		<rom name="03 bgm 1.vgz" size="4068" crc="6e2f52ca" sha1="efcc845beefca5217c5da43aa5ba3065e2346daa" />
		<rom name="04 bgm 2.vgz" size="3894" crc="54c93f38" sha1="d17bcd81bb5fc56bad0fac9e2b453dc0470403fd" />
		<rom name="05 bgm 3.vgz" size="4699" crc="7990b637" sha1="3b02b2115be027581115754d0dc6a9669b20b488" />
		<rom name="06 round end, miss.vgz" size="1335" crc="ffdd7bb3" sha1="1fc0e4198da71575bf7d4a0a835e0328fff53c2d" />
		<rom name="07 game over.vgz" size="11457" crc="fa78c6c9" sha1="5b05f687f2cb0a3585a28024755155d0e9f42f33" />
		<rom name="08 unknown.vgz" size="1144" crc="6abe7dea" sha1="aea585d5068fa06c5d90b48d8c9cfbea339f689b" />
	</machine>
	<machine name="airass">
		<description>Air Assault (Irem M-107)</description>
		<year>1993</year>
		<publisher>Irem</publisher>
		<rom name="01 credit.vgz" size="6586" crc="7902b789" sha1="eadb5f69f5c16530f43b5b027ba0bb67aa714bdb" />
		<rom name="02 stage 01.vgz" size="16521" crc="70c79cc1" sha1="2f55ba1a7ff6be3245c578fd66551f0d0b0a2124" />
		<rom name="03 stage 02.vgz" size="21973" crc="8c25695f" sha1="27a8f3f4ce566e61357a31edb5a61ab43ba4deb0" />
		<rom name="04 stage 03.vgz" size="25381" crc="02d8502b" sha1="e2817fec79fed8908b47b89dab39960b73b26264" />
		<rom name="05 stage 04.vgz" size="33318" crc="25fca6c3" sha1="ad1af780998795d511f96edbf3a19187964f3764" />
		<rom name="06 stage 05.vgz" size="38537" crc="095ab1b0" sha1="63648a0b0e10cc2442b316a0830ec8070bf88dd9" />
		<rom name="07 stage 06.vgz" size="17313" crc="c654f503" sha1="45d4e66954d302958acbb3c3887f4f81b2887ea9" />
		<rom name="08 boss theme.vgz" size="21966" crc="fd3a3aa9" sha1="33e7465aba6a48ba6b5f234dc351b00c66d4cb8a" />
		<rom name="09 stage 07~08.vgz" size="30806" crc="40cc6825" sha1="e7158bf3c8a80b149b893669c271a73b9d79a518" />
		<rom name="10 last boss.vgz" size="23177" crc="731af29f" sha1="37d093d645f155d8e860c74caa8c4178a8e63be4" />
		<rom name="11 stage clear.vgz" size="7118" crc="59873682" sha1="4a307028067b2559f1b8b0d3b10a8990e892408c" />
		<rom name="12 ending.vgz" size="20879" crc="9ff10e88" sha1="6600439dc76b78d3034adb3ec528bbbdc6b0da0d" />
		<rom name="13 game over.vgz" size="2718" crc="f8719bda" sha1="3f327cd812221eb657c992530bf68871db2768bb" />
		<rom name="14 name entry.vgz" size="13064" crc="9f796892" sha1="63611e37808d7b6e6dcab4067f0f8c90d02ed185" />
	</machine>
	<machine name="altbeast_st">
		<description>Altered Beast (Atari ST)</description>
		<year>1989</year>
		<publisher>Activision</publisher>
		<rom name="01 name entry (title).vgz" size="5826" crc="ba50a5ef" sha1="aab1346f952a92c97f5e29fd4d99275b3ac19f97" />
		<rom name="02 rise from your grave (round 1).vgz" size="10554" crc="03989720" sha1="4849e70d6f02153060755b01ad034e15a66bdf15" />
		<rom name="03 crystal's theme (round clear).vgz" size="1024" crc="9b2de529" sha1="05ea88c79e454867e75c638c9ac512ae293bb37e" />
		<rom name="04 closed in upon me (round 2).vgz" size="8860" crc="36935515" sha1="3be0af2285ab31448c14becec05ee5e4e4329d7b" />
		<rom name="05 i'll be back (round 3).vgz" size="5523" crc="55771d61" sha1="f0b46b15b85139153ec43798b2d923d13ebbdd55" />
		<rom name="06 altered beast (round 4).vgz" size="9250" crc="c071a682" sha1="df9855a0798f0888025ab0d94cfb3942cfe46a83" />
		<rom name="07 gaum-hammer (round 5).vgz" size="4582" crc="4ff33200" sha1="1517a2dce03508baacbaa19253e58684e05077a9" />
		<rom name="08 i'm not afraid of wolves (ending).vgz" size="13924" crc="01eab9c4" sha1="b8e2fd1e7e872f5e54a16a4b930145a11b15a1ba" />
	</machine>
	<machine name="angel_98">
		<description>Angel (NEC PC-9801)</description>
		<year>1993</year>
		<publisher>Ides</publisher>
		<rom name="01 bgm 01.vgz" size="43170" crc="8be22416" sha1="f708d7ab0f1d7f427d7cce4ce473dfc4886444bf" />
		<rom name="02 bgm 02.vgz" size="45492" crc="9bf7c260" sha1="f93c973b428ab434bf826220d4ccfaf081c29bc9" />
		<rom name="03 bgm 03.vgz" size="49546" crc="838159c0" sha1="0309abdd8cfa632627118bff4520db952a4cc3ef" />
		<rom name="04 bgm 04.vgz" size="118767" crc="52200a6e" sha1="90325e560db6f3c643a4a8552bc83efdf16092d0" />
		<rom name="05 bgm 05.vgz" size="84383" crc="26a52ff6" sha1="9294d6ddbca5634fb3fb98ab1f4001b0ec22af05" />
		<rom name="06 bgm 06.vgz" size="42929" crc="4131c2d1" sha1="eef1b95e0b382a5665bc08eb2833aa90d86ca4f4" />
		<rom name="07 bgm 07.vgz" size="54931" crc="d3cb2151" sha1="42b135a48882d81779f5ea5cc578b83c5f0a18bf" />
		<rom name="08 bgm 08 ~ fallen angel of the skyscraper.vgz" size="81819" crc="be3f077d" sha1="b138c88c14190691d90cd77f072be592794829e3" />
		<rom name="09 bgm 09.vgz" size="71789" crc="0631bc68" sha1="5c1b852b1d130ea080aed9100d71cdb50e997093" />
		<rom name="10 bgm 10.vgz" size="66940" crc="5b055d83" sha1="06b9372af64664ce64307cdc2b2d2eeef61bc3c1" />
	</machine>
	<machine name="btoads_nes">
		<description>Battletoads (NES)</description>
		<year>1991</year>
		<publisher>Tradewest (U, E) / Masaya (J)</publisher>
		<rom name="01 title.vgz" size="230729" crc="52d00b84" sha1="d6284a56acc6a6a5c61bc53003c2fff373634d92" />
		<rom name="02 interlude.vgz" size="6815" crc="d25caf15" sha1="40a9a6c27bd0ae8dfc82824391b28b778749d845" />
		<rom name="03 ragnarok's canyon.vgz" size="15646" crc="cd30c20c" sha1="47d8048ddbb878126008cd425462ffcca5acb0b0" />
		<rom name="04 level complete.vgz" size="12835" crc="5339b77e" sha1="b6ba880c062227b8fee5700edd8c2f01cb8bd2f4" />
		<rom name="05 wookie hole.vgz" size="15623" crc="d46a9353" sha1="afae2a97a0127cf0a5f505d69ac1b680e5b29bb3" />
		<rom name="06 turbo tunnel.vgz" size="2077" crc="a209464d" sha1="bcf1770cdf43f08f4944d576277418de314f53fb" />
		<rom name="07 turbo tunnel bike race.vgz" size="15222" crc="a649939b" sha1="cf9b55dfbb3b32ca5195098ca194ec149815a16d" />
		<rom name="08 arctic caverns.vgz" size="11315" crc="398a9d65" sha1="3806ef30d8b00d4480bd75dbb122b5aac3fad46b" />
		<rom name="09 surf city &amp; terra tubes.vgz" size="11002" crc="e8bad0c1" sha1="daa98923543dd096f39e04c273d76f8f7597f00f" />
		<rom name="10 karnath's lair.vgz" size="10576" crc="421f0f40" sha1="9f9aac8d741aaf2d4b96af62f280d7189d749cd2" />
		<rom name="11 volkmire's inferno.vgz" size="4344" crc="47b66a55" sha1="0fe63d1b7ca2cbbc1bb2fd12a9b82bdc0456e00f" />
		<rom name="12 jet turbo.vgz" size="9775" crc="3008c4dc" sha1="b3d3ddd8ebecf031744149730ce98d496a82e5de" />
		<rom name="13 intruder excluder.vgz" size="11385" crc="95721e47" sha1="50c29fd285e8d6f2dc042a51c2e7e19f6a133e91" />
		<rom name="14 rat race.vgz" size="6483" crc="600b9e93" sha1="14661fa47fde844e5c374ab3ea96efe89e442c64" />
		<rom name="15 clinger-winger.vgz" size="3476" crc="94abe093" sha1="78ee53659a8b68a42595f2f2f1939d61c23b212d" />
		<rom name="16 the revolution.vgz" size="13996" crc="024e3814" sha1="ff5864789e7a3ac7d33425684e38699caf29846e" />
		<rom name="17 boss battle, armageddon &amp; ending.vgz" size="2770" crc="82e46b14" sha1="20d81a2ca6ce08b83ce06f55b1e5253dd4d9c5a3" />
		<rom name="18 unused.vgz" size="9484" crc="2760b7a3" sha1="c5a6e2680a136fe3abcea5265cfe5d62c5d6f1b9" />
		<rom name="19 continue &amp; game over.vgz" size="3162" crc="db9528bb" sha1="4f88d7b6ec2a40461ad07941613062e6e930271a" />
		<rom name="20 pause beat.vgz" size="41639" crc="0d7de960" sha1="2db0a6957a0fa7063d54fa7f554948b7d3f72099" />
	</machine>
	<machine name="cawing">
		<description>Carrier Air Wing (CP System)</description>
		<year>1990</year>
		<publisher>Capcom</publisher>
		<rom name="01 credit.vgz" size="1262" crc="14bc780f" sha1="9673c7e2fe703fcb1da9294876d24cb58c0425b5" />
		<rom name="02 player select.vgz" size="8003" crc="4233e2e4" sha1="63bddfd23e55a2540ed5ab0591899a761396ca45" />
		<rom name="03 operations, weapon select.vgz" size="8886" crc="293aa086" sha1="d45327f1d2c64ab4edc9721e1d5dd0447bd038b1" />
		<rom name="04 takeoff.vgz" size="5633" crc="bbff448f" sha1="82226c0bbb3b6f1bd09e4754023892666ba05eb9" />
		<rom name="05 regain the capital ~ win control of the air (mission 1).vgz" size="12221" crc="75b0c4b9" sha1="f49ac5a0d1bf4acb0748d3333fac4de66d14f4c7" />
		<rom name="06 boss 1 (mission 1, 8-1).vgz" size="12445" crc="851ae015" sha1="bb3d17cfc4ddd61df96864907783731262bb5cbb" />
		<rom name="07 mission completed ~ landing.vgz" size="7393" crc="e7360a71" sha1="69908ad01662a99be6555bd3c65e6bcbc091cc87" />
		<rom name="08 regain the capital ~ destroy the enemy occupation forces (mission 2).vgz" size="18504" crc="0e5fdd19" sha1="f64899ff3eaa41893e20096f792dd1e23b310b31" />
		<rom name="09 boss 2 (mission 2, 7, 8-2).vgz" size="12767" crc="b7866d25" sha1="6885e2718b4fe5b27027fd7209f36fe7ebf39793" />
		<rom name="10 block the enemy landing party (mission 3).vgz" size="14559" crc="ff0968d7" sha1="0baa3d75e8de4f87942b0d3eb54185ad0a1bb80c" />
		<rom name="11 boss 3 (mission 3, 6, 10-1).vgz" size="14802" crc="ef74ba8a" sha1="d6a3484a83b8e695f6c461c5a5bf1a28f453ac03" />
		<rom name="12 raid the dockyard (mission 4).vgz" size="20560" crc="f620b4cf" sha1="88ed225b1e38f5b38318fe52302628941b77375e" />
		<rom name="13 boss 4 (mission 4).vgz" size="8947" crc="a11a5c28" sha1="b2b5b6e5f2fd73013e81d1881b2ea0df28ee503a" />
		<rom name="14 attack the experimental weapon testing area 1 (aerial combat) (mission 5).vgz" size="14054" crc="86c52856" sha1="199c0c5138a6cf4fc55430310352dc6c5b5e9d72" />
		<rom name="15 boss 5 (mission 5, 9).vgz" size="4994" crc="e050198f" sha1="51eebf3f9efe6c101755181635d0f7f7477291c7" />
		<rom name="16 attack the experimental weapon testing area 2 (ground attack) (mission 6).vgz" size="11719" crc="907b08b9" sha1="4bc19e6b2c24d3eea40fc9f3c278ab9386f648c3" />
		<rom name="17 attack the enemy bomber squadron (mission 7).vgz" size="13848" crc="4468142f" sha1="59750a8fac9b838112b2f2f9175cffd9657c576b" />
		<rom name="18 destroy the weapon depot in the desert (mission 8).vgz" size="17168" crc="9f577994" sha1="46679c1005aa63e90b7ec194122743060fe15e43" />
		<rom name="19 assault the enemy secret base (mission 9).vgz" size="17020" crc="c1a92e25" sha1="746500c8192819a07cf6c4d74db1115f4eeb49e1" />
		<rom name="20 stratosphere (mission 10).vgz" size="18448" crc="9c19057d" sha1="c90f83e43dadf4672c73fcf7a0117d5f3f4b813d" />
		<rom name="21 boss 6 (mission 10-2).vgz" size="11154" crc="3138f00b" sha1="528e6ed5e4b73d66bd9764764c65d7fb3692f6f2" />
		<rom name="22 ending 1.vgz" size="19078" crc="0853db58" sha1="8dfbd8ea11fcf6995c8b833166fbbc9b52b02ac1" />
		<rom name="23 ending 2.vgz" size="13556" crc="c3a960ea" sha1="07f468b95e4ba49df64f7a4a5485ccd979413859" />
		<rom name="24 game over.vgz" size="9024" crc="5d6d4724" sha1="b2d69b7d5ee7a45876b8e19e66ec5e166b97547b" />
		<rom name="25 unused 1.vgz" size="14713" crc="d2501e74" sha1="483062947e3de681adfc3d2deebc5dc9f6c2dc1c" />
		<rom name="26 unused 2.vgz" size="16348" crc="333e0377" sha1="184e9c56298643d80ff85a0562a0f0d0e51c5755" />
		<rom name="27 unused 3.vgz" size="15272" crc="10e656dd" sha1="9578606e2036b58925cd965824ca553fc0318f5e" />
		<rom name="28 unused 4.vgz" size="5552" crc="85cd5049" sha1="dd9eafcac90d8930942e0da293745a590265a320" />
		<rom name="29 unused 5.vgz" size="10288" crc="e55ccb7c" sha1="2eb3c018b3cdb701ca243942ce98e27e4ac63aad" />
		<rom name="30 unused 6.vgz" size="14247" crc="1b16c569" sha1="8bd7334a369456919ea2721aea33bbb45a9213f5" />
	</machine>
	<machine name="cfodder_st">
		<description>Cannon Fodder (Atari ST)</description>
		<year>1993</year>
		<publisher>Virgin Interactive</publisher>
		<rom name="01 main theme.vgz" size="2058305" crc="a0265fcb" sha1="137b4188b3f77b68d32f4ed126beba3e59e67c61" />
		<rom name="02 briefing.vgz" size="13083" crc="77a19ed2" sha1="335bcedb7071fdde4bd58a247b41490cac2bdad0" />
		<rom name="03 phase complete.vgz" size="7956" crc="bb146d9e" sha1="d2e77bd808242f4e89a9fd0d248944be72d2063a" />
		<rom name="04 mission complete.vgz" size="2586" crc="1d29e164" sha1="270afc0cbde059f9fa8ed1fdc19cfe1b0417f3e4" />
		<rom name="05 try again.vgz" size="3207" crc="2cde71c8" sha1="c300f926a0180c79fce32a968a71f8247ad1b395" />
		<rom name="06 game over.vgz" size="5797" crc="4cac0421" sha1="9bc156975d24e100400ebda4943b6cd4fc9d9f54" />
		<rom name="07 unknown.vgz" size="8315" crc="5b0e7ceb" sha1="188c4d9f1256d1fa5d86e9bc658dc9512b390784" />
	</machine>
	<machine name="contraaw_gb">
		<description>Contra - The Alien Wars (Nintendo Game Boy)</description>
		<year>1994</year>
		<publisher>Konami</publisher>
		<rom name="01 red falcon's revenge [intro theme].vgz" size="5557" crc="75083ee7" sha1="04342c79e7a40fdf61335ec1c2f1ddba2ef9a66a" />
		<rom name="02 ground zero [stage 1].vgz" size="15706" crc="4b16e9bb" sha1="bf622a8ff1685d8fb87e7644ce1198fe058343a8" />
		<rom name="03 tearing up the turnpike [stage 2].vgz" size="43766" crc="ae8cd9f3" sha1="cfa842d4661969114464636b5276ee19483effde" />
		<rom name="04 neo kobe steel factory [stage 3.vgz" size="12794" crc="b357ef83" sha1="9bbd7f6236c8897027afd231eff1cb1315860985" />
		<rom name="05 tearing up the turnpike (no intro) [stage 4].vgz" size="24397" crc="fd891247" sha1="f9ff0397d07b90668a2de298af1e382ab51065ef" />
		<rom name="06 no man's land [stage 5].vgz" size="14376" crc="d568bc4d" sha1="c85b89fec171bfc17c9ed188a0a8d71d3989cc21" />
		<rom name="07 gb original [boss theme].vgz" size="9187" crc="20be43f5" sha1="cddcc10ebf15f1558be8f334bdc0acecc303efd3" />
		<rom name="08 mission accomplished [stage clear].vgz" size="1763" crc="565b8e83" sha1="71676a7f0e28db8f12a0f1cb4b4a5ba8a398e630" />
		<rom name="09 cease fire [ending theme].vgz" size="9320" crc="6c3a9fa5" sha1="03090f3718ee68f1b838092ad80fb7f1fdef991b" />
		<rom name="10 casualty of war [game over].vgz" size="1680" crc="7639ad5a" sha1="2976c038a0899366d64ad971de64ff9b32775d13" />
	</machine>
	<machine name="cosmccop">
		<description>Cosmic Cop (Irem M72)</description>
		<year>1991</year>
		<publisher>Irem</publisher>
		<rom name="01 armed police unit gallop (title).vgz" size="4002" crc="e8b9fa76" sha1="18c3eb6e55b26625ca85d45896cda157f696de12" />
		<rom name="02 credit.vgz" size="941" crc="85b4ecc6" sha1="0e30d03d852d55120df1e64f1f428bcdbc969860" />
		<rom name="03 emergency scramble (name entry - game over ~ continue).vgz" size="6077" crc="ba5b3bf8" sha1="d54f64b321ef88fe000da00dbe58d198a0ea859a" />
		<rom name="04 the funky flamingo (zone a).vgz" size="74782" crc="9e6b36f4" sha1="2ef449b64800c5825df8c6721bedf09b83a2feca" />
		<rom name="05 majestic killer (boss).vgz" size="35072" crc="a850402f" sha1="d2f675730e5bce79e3c71992365616fffd86b1bc" />
		<rom name="06 ensuring safety (zone clear).vgz" size="7009" crc="6f2bc9a3" sha1="9f5c0b149e3d1c30c7f6243e7dadcd2b355f2feb" />
		<rom name="07 suddenly (zone b).vgz" size="34365" crc="d051a2ed" sha1="1c2840b54452543b2c149b796491843fcc15acd6" />
		<rom name="08 shift up passages (zone c).vgz" size="45329" crc="006bfdb2" sha1="aca7a4df642572ac46549b61bc8a010ad3704bab" />
		<rom name="09 electronic hurricane (zone d).vgz" size="55217" crc="38ae4ae1" sha1="8f1860fa58805c1c7e01f692c387d95a6f755b0d" />
		<rom name="10 promenade jungle (zone e).vgz" size="43329" crc="fab1d12c" sha1="e38578abc6cecc283540166de50bb25c2f09354a" />
		<rom name="11 like the stardust (ending).vgz" size="36344" crc="9396b92a" sha1="ef277f81554e595378c2f916b4de29691eb2a75e" />
	</machine>
	<machine name="drgstrik_68k">
		<description>DragonStrike (Sharp X68000)</description>
		<year>1992</year>
		<publisher>Pony Canyon</publisher>
		<rom name="01 opening.vgz" size="28633" crc="ca104a4a" sha1="087bd66f80b4020ed4a9322cf6189579ca96096e" />
		<rom name="02 enter the symbol.vgz" size="7308" crc="af217be4" sha1="f1c02a9a49fb7d73c51f315ccfdc884207e42e3a" />
		<rom name="03 cutscene.vgz" size="4707" crc="29643088" sha1="9064452355c77a75fbbd5ebecfb20589f0f2f947" />
		<rom name="04 cutscene 2.vgz" size="7425" crc="9bcac42a" sha1="57b6db6c4e2358b8fd583ca7e9c87e1ae3c8832b" />
		<rom name="05 cutscene 3.vgz" size="7383" crc="c45d67c4" sha1="47dd6ff17d9eba3823d227a372f33984eee5621d" />
		<rom name="06 cutscene 4.vgz" size="8424" crc="88f50bb3" sha1="05f5353412c7c8466b97fe66258f1e26e3df7ab0" />
		<rom name="07 cutscene 5.vgz" size="7780" crc="4412cb49" sha1="228c7cab3d7924fe388ac6ed0b06222660de1b2c" />
		<rom name="08 mission clear.vgz" size="5171" crc="8ccb187c" sha1="230c126a35d360fb04e1685fd3a56f015afa49d0" />
		<rom name="09 mission clear 2.vgz" size="30470" crc="c278ed96" sha1="d167ee83801679493e8e3c11c79595e1d51c3ac5" />
		<rom name="10 ending.vgz" size="8487" crc="425ae8f4" sha1="17c343b987c5a641dd211f497fe6ac4fc3f0d1cb" />
		<rom name="11 ending 2.vgz" size="27956" crc="7d9967fc" sha1="877fcc00fde0834bac1fa027c75281d749992d55" />
		<rom name="12 game over.vgz" size="4486" crc="6825858e" sha1="0250d9e6e66c14d6241c4e9ed0ee42f6f7bdf30b" />
	</machine>
	<machine name="drgstrik_pc">
		<description>DragonStrike (IBM PC AT)</description>
		<year>1990</year>
		<publisher>Westwood Associates</publisher>
		<rom name="01 introduction.vgz" size="5255" crc="6c15afc2" sha1="b65120d0e8a6f80452e7307d87471caabf55df6f" />
		<rom name="02 cut scenes.vgz" size="2428" crc="e527e267" sha1="7bd9eff107dce65f3b87d4a66e97df64b7083781" />
		<rom name="03 missions 1.vgz" size="1499" crc="71d5adfb" sha1="f1916991b7e18724b08ed603d30292f025fdcfee" />
		<rom name="04 missions 2.vgz" size="2457" crc="f9778139" sha1="d6f10f3cb3546c8b574bc5654f818d1cb9871f51" />
		<rom name="05 missions 3.vgz" size="2737" crc="2beb5c66" sha1="d8c09382b06af9e5c181ec155147a65b51a2974c" />
		<rom name="06 promotion.vgz" size="1151" crc="44d61c2d" sha1="1e458aba2f56023513d613bb54b12189da0ea406" />
		<rom name="07 ending.vgz" size="5091" crc="c7b1aa6b" sha1="86d6f44aed2d5a0140ebf7a3d8a25cde0700255d" />
		<rom name="08 game over.vgz" size="822" crc="e63d6e8f" sha1="17c62081103c742317680e26552261be745663e3" />
	</machine>
	<machine name="excitsoc_fds">
		<description>Exciting Soccer - Konami Cup (Family Computer Disk System)</description>
		<year>1988</year>
		<publisher>Konami</publisher>
		<rom name="01 select demo (select bgm).vgz" size="8043" crc="5d16355c" sha1="d328eb936fc8acd8a721cd7b589c692a05047bdc" />
		<rom name="02 the first half kickoff (first half period main bgm).vgz" size="9473" crc="422d9f8e" sha1="e0d05b8a508cd9769da3235ab4e56561e592f3a0" />
		<rom name="03 half time demo (halftime demonstration bgm).vgz" size="4752" crc="f6c23570" sha1="eb3394953be0416602ed1f2cbe187f6d2d816d95" />
		<rom name="04 the second half kickoff (the latter half period main bgm).vgz" size="13963" crc="8cd8cf40" sha1="aeb49bfe795585591e376e96744ee05b8344594d" />
		<rom name="05 gameset (game set bgm).vgz" size="3545" crc="641b00b2" sha1="7e16f51faee5bf1a6235899217e8bb3a12e58fca" />
		<rom name="06 pk music (pk sen bgm).vgz" size="12458" crc="9fb4d482" sha1="d8455f569021f8c998129ec69528948c09900e05" />
		<rom name="07 result bgm (result display demo bgm).vgz" size="5505" crc="66025c7b" sha1="d1e8927ae1d3e8460c1ddadfb66b85394a32edb5" />
		<rom name="08 seaside memories (ending demo bgm).vgz" size="22144" crc="86fa81f0" sha1="547d37c4b391c193ec8519eb7bfa7b67ac4f97c7" />
	</machine>
	<machine name="ffight">
		<description>Final Fight (CP System)</description>
		<year>1989</year>
		<publisher>Capcom</publisher>
		<rom name="01 opening.vgz" size="14388" crc="3c4bc12d" sha1="86e5726b923b8471b3bffb0ae3379cf264a93aab" />
		<rom name="02 credit.vgz" size="943" crc="b4b10399" sha1="131acd45c7e7766f9f5957b7e1456fca59e602e5" />
		<rom name="03 character select, name entry.vgz" size="10058" crc="e58760ce" sha1="f47d2a0d90bc58bf77384b0253aaa19caedb4539" />
		<rom name="04 round start.vgz" size="6560" crc="28c77463" sha1="13aff7b77aaaa3d9240f057e89533f6ffd6c223c" />
		<rom name="05 round 1 - slum 1, round 3, round 6-1.vgz" size="13715" crc="1e7d720a" sha1="dc71c9c229e4f995cb51de71fd84c437381f2c4e" />
		<rom name="06 round 1 - slum 2.vgz" size="16303" crc="cbb66897" sha1="4e775e48135d3adeac0d8e4e2f957372c034dab1" />
		<rom name="07 round clear.vgz" size="7055" crc="da946a30" sha1="eb8ff78c146d3bde17355d2dc56c321199459a8b" />
		<rom name="08 round 2 - subway park 1, round 6-3.vgz" size="7915" crc="e5d6cc86" sha1="75746fc81ac73acb5bfee95286fd7449dfd19a54" />
		<rom name="09 round 2 - subway park 2.vgz" size="7040" crc="bdf05bda" sha1="bf4c99272f45b63287974a2344f765190c3c1ad1" />
		<rom name="10 bonus stage.vgz" size="12044" crc="92698f54" sha1="92434493604445d48e19fb02d718ac33587dacd9" />
		<rom name="11 round 3 - west side 1.vgz" size="10056" crc="2afc53c6" sha1="a6e997b8f4a944fc2e8e932dd940dac75b73173a" />
		<rom name="12 round 4 - industrial area 1.vgz" size="15720" crc="c1b53fb5" sha1="312f41be46998753600e6c31ad98ed7d2dcdb333" />
		<rom name="13 round 4 - industrial area 2, round 6-2.vgz" size="9162" crc="1a901d5d" sha1="b9710ecd9466257b7363eebda2c20262e79d6159" />
		<rom name="14 round 5 - bay area 1.vgz" size="16996" crc="3bbf445c" sha1="93632b96fd44be4ebf1b0a36790e69fee9caf7d0" />
		<rom name="15 round 5 - bay area 2.vgz" size="21191" crc="9e1b817a" sha1="dc233023cdc96591174c1f41456bb1764368be72" />
		<rom name="16 round 5 - bay area 3, round 6-4.vgz" size="15747" crc="09b82892" sha1="0edc9b3f4d7bf05c741091d655b497c35718995f" />
		<rom name="17 all rounds clear.vgz" size="7209" crc="7ee96ac3" sha1="e690c05a7f0d6b36d379ba93507fb9b180cf222f" />
		<rom name="18 ending.vgz" size="6799" crc="1251e30f" sha1="fa0ffc96e1d4173bdbe4190a42004a7443118996" />
		<rom name="19 continue.vgz" size="10386" crc="f82b28e1" sha1="95f0632d775cf86c8e361dd38cdde252a13378f2" />
		<rom name="20 game over.vgz" size="10532" crc="80cb025c" sha1="a34668bd4c59a2c14317389b576029a517a7c83d" />
	</machine>
	<machine name="gauntlet">
		<description>Gauntlet (Arcade)</description>
		<year>1985</year>
		<publisher>Atari Games</publisher>
		<rom name="01 title screen.vgz" size="4791" crc="c288cb1c" sha1="cb5132ff124bf954590d094575d918f3c6626238" />
		<rom name="02 title screen (gauntlet ii).vgz" size="3224" crc="569f8452" sha1="5c4f916965f09753c6bc80d38769932e82af7a57" />
		<rom name="03 coin player 1.vgz" size="536" crc="ddeaeabb" sha1="fb7c320cd4901adb8451558a0ba52b417f9b7f0e" />
		<rom name="04 coin player 2.vgz" size="466" crc="af6bb791" sha1="51b806f1b0094ddfc01609dd097e2450cbd5ad4c" />
		<rom name="05 coin player 3.vgz" size="479" crc="4fa3216e" sha1="e97d6120af139a37ba6aa25242767c292d6f95e2" />
		<rom name="06 coin player 4.vgz" size="480" crc="48e8be84" sha1="3852813ffcc657dc5c8de2c4caa5705890f9be84" />
		<rom name="07 stage start.vgz" size="1380" crc="105f7b87" sha1="dead33fa4f50f2f8f3a75dd68d9fd425a93f3488" />
		<rom name="08 treasure room.vgz" size="7311" crc="70b9d433" sha1="5ac11404a54deed791b51b53ede61d7c6ecb3c76" />
		<rom name="09 treasure room (gauntlet ii).vgz" size="7421" crc="ff8e2bcc" sha1="50ab4b053f649471a5cccd802e2158ec01a2ab05" />
	</machine>
	<machine name="goldnaxe_st">
		<description>Golden Axe (Atari ST)</description>
		<year>1990</year>
		<publisher>Virgin Interactive</publisher>
		<rom name="01 the battle.vgz" size="4664" crc="91f24f97" sha1="8562f6430e7c053a6b06cc09ab10cba09c56f051" />
		<rom name="02 wilderness.vgz" size="11797" crc="41180bf0" sha1="e03086f57e0e54f18bfbbf05ebc0c5bbace77b57" />
		<rom name="03 theme of the thief.vgz" size="7761" crc="bf00bf9d" sha1="4117452a96304e3b163114bb032cc5e58df34333" />
		<rom name="04 an old map.vgz" size="1032" crc="aae830e9" sha1="a4036786131dffa417fac3d2922988af9014a34f" />
		<rom name="05 road of the dead.vgz" size="12498" crc="8113470f" sha1="15ec2f367f6ac4cf73c79ecb510482f43be00291" />
		<rom name="06 our sworn enemy death adder.vgz" size="19602" crc="ba00a39d" sha1="cc2f93f28ee5c6b7d1a2efa463bda8f6b49c882c" />
	</machine>
	<machine name="gremlin2_nes">
		<description>Gremlins 2 - The New Batch (NES)</description>
		<year>1990</year>
		<publisher>Sunsoft</publisher>
		<rom name="01 title screen.vgz" size="6485" crc="c87dea9f" sha1="13d9e286243c303aa3479af28cad999c3d0c984a" />
		<rom name="02 start.vgz" size="3022" crc="4948e47f" sha1="be198f39abd1605e7805190b8f0c3ce77f6cb9db" />
		<rom name="03 cutscene.vgz" size="10666" crc="c5126c73" sha1="c8f9dd7d3b77f20504e9489c864ec34b5263c535" />
		<rom name="04 stage 1 - clamp enterprises.vgz" size="19400" crc="59e7ade8" sha1="19e53451202f6b3ef2951e7f67015f79d0ff9499" />
		<rom name="05 mister wing's store.vgz" size="5431" crc="50490ec4" sha1="6b0a81c749d6f4ad2ec2fb78d2f0269f36ca401c" />
		<rom name="06 boss battle.vgz" size="13497" crc="07595981" sha1="1d21618b6794561d5362406a98ebefc6bc1150ef" />
		<rom name="07 stage clear.vgz" size="3847" crc="c5e1438d" sha1="6eebc90ad0e274b3fb3e41bd5842d2aee937fada" />
		<rom name="08 stage 2 - ventilation shafts.vgz" size="19118" crc="814f45c4" sha1="b2ea39dc6329aab4f25ae21e66094df474bfb29b" />
		<rom name="09 stage 3 - clamp centre.vgz" size="18931" crc="b752fd10" sha1="18922170b344d9885881a9b296f6a5a54a2b6e6e" />
		<rom name="10 stage 4 - genetics lab.vgz" size="7325" crc="ee41b3cf" sha1="92e03500ca9b2e37c1e403e357183898c46f9e6a" />
		<rom name="11 stage 5 - control center.vgz" size="14379" crc="ee6ce8a3" sha1="afa0d834f627fa267f55f8f82358e5809058aea1" />
		<rom name="12 ending ~ staff roll.vgz" size="21196" crc="cf4df62e" sha1="80ce22ade1e652d6c8bedb1609908fe34cd3fd53" />
		<rom name="13 lose life.vgz" size="3131" crc="5667e532" sha1="562467c745607e1fadab9db20854f4d6b88e2e20" />
		<rom name="14 game over.vgz" size="4141" crc="592331f4" sha1="d268d8a2cb5b4e29523fbd384c0972d85d6cb1dd" />
		<rom name="15 pause.vgz" size="2947" crc="41bcaec9" sha1="ba8d2a57339df75fe0bb4838111fef9b317f9171" />
	</machine>
	<machine name="kax3_98">
		<description>Kax III (NEC PC-9801)</description>
		<year>1993</year>
		<publisher>Microcabin</publisher>
		<rom name="01 startup.vgz" size="12008" crc="ab1bab4a" sha1="2ec5ef1fe359f95705576be93bcf9cbdfd5b585e" />
		<rom name="02 title.vgz" size="19904" crc="06284ab7" sha1="b07344d06e7084da6d9cd08a8dd4809f0bf5f2bd" />
		<rom name="03 stage start.vgz" size="4621" crc="9812ada3" sha1="b4d241529c4fdfd6467fef15fc15206f659f314b" />
		<rom name="04 stage 1.vgz" size="121666" crc="3e07bd8e" sha1="f2fe7b4ef17a0a3acba9f6a4a748a715892b1ef1" />
		<rom name="05 stage 2, stage 5.vgz" size="38701" crc="a7700aff" sha1="19242b3bee8aa1ad8c21f4c6054f0161d1e4bd31" />
		<rom name="06 stage 3.vgz" size="63718" crc="99e2f2c2" sha1="76c042c46878ea12ec8fc978deebed77056394c2" />
		<rom name="07 stage 4, stage 15.vgz" size="31955" crc="907ab2dc" sha1="d830aeb5acf892437e5b1555e737ec8609f0d6df" />
		<rom name="08 stage 6.vgz" size="21986" crc="1032719c" sha1="ace7dc0b1396d8dbb485d6094e55a300ba8020f5" />
		<rom name="09 stage 7, stage 10.vgz" size="35512" crc="97962aa2" sha1="4a5b55364ef514d199ff824c0b7f73bcd56e1769" />
		<rom name="10 stage 8.vgz" size="32046" crc="566391ee" sha1="fbbc77e80730e97dd0d767e14ace11ea4ac51bcd" />
		<rom name="11 stage 9.vgz" size="37514" crc="e25ba38f" sha1="7596019f20e3b8d6c44a17cee0896d7e9eabf09d" />
		<rom name="12 stage 11.vgz" size="38009" crc="b22b54fa" sha1="d074d9b1fe4ce3af0970889da88bd94281584c80" />
		<rom name="13 stage 12, stage 20.vgz" size="68807" crc="61646a8e" sha1="c452e69cc998d49abb2e5c576116f53d7f21a4b4" />
		<rom name="14 stage 13.vgz" size="54966" crc="d19d4bf4" sha1="1801be6fddbcec72cca2fc9fe0f1e63c5e0d3956" />
		<rom name="15 stage 14.vgz" size="15535" crc="3503e9ee" sha1="2a1baf23e4095c126de34ad97909e4bdd4aaf7d1" />
		<rom name="16 stage 16.vgz" size="23782" crc="c6d664f6" sha1="35190d9a9cd324cb1eae845d52d0bf4208f71e7b" />
		<rom name="17 stage 17.vgz" size="15241" crc="4519d8a4" sha1="c9445f5cfd444a6ba7921b3c64e8a9a098047f2d" />
		<rom name="18 stage 18.vgz" size="66238" crc="416b08e9" sha1="21e60f987232420778b393abd719bbc268882220" />
		<rom name="19 stage 19.vgz" size="59723" crc="8cbecdf5" sha1="193a1e85e3b222b3e1187abf6e488d933d6325d7" />
		<rom name="20 stage clear.vgz" size="1576" crc="5995ea53" sha1="e6833d38b0495bc7fac14ff9d8e7abcf329ff6dd" />
		<rom name="21 miss.vgz" size="3506" crc="cdd5e820" sha1="f60a2047cbd8e8868cd3af8ee74caac87dd4b143" />
		<rom name="22 game over.vgz" size="9146" crc="a8597459" sha1="421170e21f026298a71c36fa38380d90a9405aaa" />
		<rom name="23 ending 1.vgz" size="80340" crc="f732eec7" sha1="ce00b4ff86617fc393a72c3bc71e2eb6a12cb843" />
		<rom name="24 ending 2.vgz" size="41309" crc="68624ea6" sha1="f32d39130fdddfc267fb6c1e493877aecd1f5c50" />
		<rom name="25 ending 3.vgz" size="61477" crc="6f1e25b5" sha1="49d95da2a4f49596577e01ddb57dfb8ea44b498f" />
	</machine>
	<machine name="kod">
		<description>The King of Dragons (CP System)</description>
		<year>1991</year>
		<publisher>Capcom</publisher>
		<rom name="01 title fanfare.vgz" size="14621" crc="ac8bfaf4" sha1="ed8bc53e364c976f5150d69f786aad2a8da1450a" />
		<rom name="02 title demo.vgz" size="19962" crc="f2c31c5a" sha1="810a5c8360f129a7464500d0aed201f8707f455d" />
		<rom name="03 credit.vgz" size="995" crc="02b68ad4" sha1="b0f5e0837bbbe6064ac414156591a80f44ea0778" />
		<rom name="04 player select.vgz" size="2686" crc="4bf1e536" sha1="fb430f65da3f4d8a798ed2ec8636527c62ffdd2b" />
		<rom name="05 world map.vgz" size="2121" crc="e7e7459c" sha1="267a9e7454a2f597b7279294c0b6d2afe9ede792" />
		<rom name="06 main theme (stage 1, 16).vgz" size="16581" crc="bd2a7944" sha1="8ad0f8011cf39d11786c1959c656538ae0be25af" />
		<rom name="07 hard long (stage 2, 9).vgz" size="15019" crc="6063db09" sha1="12d5f9783b534051773264c07d9a9c1e3d199ce7" />
		<rom name="08 dark clouds (stage 3, 6, 13).vgz" size="22741" crc="459a17b3" sha1="4c5faf51ed65d5125df37d79832801baa0bfb1f4" />
		<rom name="09 vagrant (stage 4, 14).vgz" size="24830" crc="b5721032" sha1="3c03b2debd66c77dae855fdb48fdabe1d2b17035" />
		<rom name="10 winds and clouds (stage 5, 11).vgz" size="10844" crc="0964edcb" sha1="a7bcf8fb4aede390fe4a412155eca62a254e39a1" />
		<rom name="11 dungeon master (stage 7, 10, 15).vgz" size="11659" crc="e6aa8632" sha1="e0c5ab418dc2c1b7a7172aa626c2a87b3e8ccd87" />
		<rom name="12 war (stage 8, 12).vgz" size="22102" crc="a2be6e20" sha1="ce6c87596d77cdfa9a2e8556dab0e36854da02bc" />
		<rom name="13 stage clear fanfare.vgz" size="12170" crc="52ecfb2a" sha1="95c4e86ef99ccaf2dfb27cc87808536b631a1947" />
		<rom name="14 stage clear music.vgz" size="2331" crc="0620b140" sha1="705fdd7b8f11cc678279ab3362136d675ac21b0a" />
		<rom name="15 event 1 (the large tree speaks).vgz" size="2037" crc="c0e20c11" sha1="ddf2f63ac114b4aa5ec9cb21f0e6b61736e87fe4" />
		<rom name="16 event 2 (the red dragon speaks).vgz" size="2173" crc="65d3770c" sha1="59d7481b527b5eea5c277614ea71e7631ffd08b8" />
		<rom name="17 war beast (boss 1, 2, 7, 8).vgz" size="22934" crc="86596ef2" sha1="ece7465e84ea7b570f73363f8808f2dfe767f222" />
		<rom name="18 under pressure (boss 3, 6, 15).vgz" size="5800" crc="1ba6cdc5" sha1="67e3a30c0a3ab19e3d5400e4e66c0533904df929" />
		<rom name="19 confrontation (boss 4, 9, 12).vgz" size="19581" crc="3e9d9461" sha1="7fa0799d43e2b53271ad45a0faba1446b5b18ebf" />
		<rom name="20 naked thunder (boss 10).vgz" size="13422" crc="6e959fa4" sha1="a6f26906a418e92d6cd8eee4960f7f0dd87f3b2b" />
		<rom name="21 waltz for the dead (boss 11, 13).vgz" size="17843" crc="5eb060d7" sha1="063febad8ceaed0b1380083535f3b6137409085b" />
		<rom name="22 dragon fire (final boss red dragon).vgz" size="17607" crc="06f8a9cc" sha1="90caf51dd5964e3b2dccbedf9ad3edd2168b3900" />
		<rom name="23 final boss clear.vgz" size="9495" crc="e858cad2" sha1="ffd486b555796d8d035163e14de758300ae218f3" />
		<rom name="24 all clear music.vgz" size="18308" crc="58ac22c3" sha1="099c92a6530389b8a8c73a3dca6809b7727ba9c9" />
		<rom name="25 credit roll.vgz" size="14435" crc="f7a8e28a" sha1="ff6cd9953f0150684820cefe9e5493ecea2b4e80" />
		<rom name="26 unused 1.vgz" size="1555" crc="799d701d" sha1="372cc380955277fdac7bb941e1bfac9d94f9be76" />
		<rom name="27 unused 2.vgz" size="1525" crc="6e784bc4" sha1="bc4f28b793f00e5117c1575c83faa81360bda879" />
		<rom name="28 unused 3.vgz" size="15162" crc="c4f7fa0f" sha1="c0e6405ea3b835c33ebee4c2c8678b9664964dc1" />
	</machine>
	<machine name="loffire">
		<description>Line of Fire (Sega X)</description>
		<year>1989</year>
		<publisher>Sega</publisher>
		<rom name="01 title demo.vgz" size="36274" crc="5b5576e9" sha1="45053cd7270e36dd9d6b7b9400e9a8e929a4ff5c" />
		<rom name="02 coin.vgz" size="1388" crc="8c28a4ff" sha1="ced3ef8181ebae53ad90abcb234efbe179a0834a" />
		<rom name="03 opening.vgz" size="31675" crc="31b4763f" sha1="90023993ac793a2d9a69baa1f2c9433a5bb4c1a7" />
		<rom name="04 map.vgz" size="35946" crc="3c618d33" sha1="ee7fd2ebb010171e4317bd2083d26ce281e96064" />
		<rom name="05 advertise.vgz" size="35689" crc="bf18aaad" sha1="f5e88f67caaa6012382bb998117b94f16bd7bea1" />
		<rom name="06 dynamite guy (stage 1).vgz" size="47856" crc="1043f3e8" sha1="ae3e5843d87cb216c5ee7a4c00d5c8c8522b3e88" />
		<rom name="07 stage clear.vgz" size="25005" crc="fc20977c" sha1="fc6950c2e8def8240ceebc7f44120abdd9dc9eb9" />
		<rom name="08 jungle queen (stage 2).vgz" size="50516" crc="5c889f09" sha1="2a261f204ab23906c805cb3951500ed0c21a7480" />
		<rom name="09 stranger (stage 3).vgz" size="89379" crc="8f214508" sha1="456efa19bc52a9835a74143daf422160b2a0786b" />
		<rom name="10 drastic (stage 4).vgz" size="27844" crc="1a1457d9" sha1="37b3fb8c895dc57444501ee1b604ff5c4660526b" />
		<rom name="11 take it easy (stage 5).vgz" size="32066" crc="2f8bbf20" sha1="a3e7eaf5c4f123bcc0780408ed67ff0e859a2e0d" />
		<rom name="12 into the fire (stage 6).vgz" size="33508" crc="1069d71e" sha1="9cf67e8534666c13aa26fde2fab0067872674c70" />
		<rom name="13 all or nothing (stage 7).vgz" size="33795" crc="ce6cb331" sha1="ed8aaa26f60f304ec74b665879107feb615a7cc4" />
		<rom name="14 good feeling (stage 8).vgz" size="37914" crc="c1274a9b" sha1="606290f83d53559b620a9734c9fc0cc0c9dbf891" />
		<rom name="15 game over.vgz" size="25787" crc="cd24f819" sha1="12479c8196bc9b36842c0af2d113045b9207c8ea" />
		<rom name="16 majestic army (ending).vgz" size="43941" crc="943796cb" sha1="c2de1401f7132679bcfc2d974418acde90b475b6" />
		<rom name="17 unknown jingle.vgz" size="1644" crc="3d11644e" sha1="181aecbf4a07969729aa960786e11562a3c781ec" />
	</machine>
	<machine name="macross2">
		<description>Super Space Fortress Macross (Arcade)</description>
		<year>1992</year>
		<publisher>Banpresto</publisher>
		<rom name="01 title jingle.vgz" size="50538" crc="ee489030" sha1="a3c04f99489eb0c5fd87a3c490ce0146f02b5c23" />
		<rom name="02 waiting for start.vgz" size="75532" crc="7003249d" sha1="e423ae01c0c676035c7b4766c8ce5e1e3d355f3a" />
		<rom name="03 visual scene.vgz" size="61718" crc="abb9a112" sha1="a259673fcb8e8e8de9eb08eac4ab66c7f3273090" />
		<rom name="04 stage 1, 7.vgz" size="60275" crc="13a5fe8a" sha1="06b9163f63bf1cacf155805239f6d60cc703bcba" />
		<rom name="05 boss battle.vgz" size="83513" crc="3f2794cb" sha1="99042a1831f9c7a934acda42fcdf6deef124cc84" />
		<rom name="06 stage 2.vgz" size="74673" crc="3d78a002" sha1="4097fb7c2f2762de6bcf5aad50a8f47709adc8f1" />
		<rom name="07 stage 3.vgz" size="89057" crc="518e1022" sha1="f6fed2d984b16dcf5388b00b2137e8a53b7af77e" />
		<rom name="08 stage 4.vgz" size="73732" crc="6e484bd3" sha1="afad5c66869f4dd90afb554ca125328b32b169ee" />
		<rom name="09 stage 5.vgz" size="87751" crc="46a0af8b" sha1="b1ed16676434ab6f72a2ce850f208dfd9f31212f" />
		<rom name="10 stage 6.vgz" size="84689" crc="3b989362" sha1="60a5a2c1b3b0a16428020934361f2c971710641b" />
		<rom name="11 last boss.vgz" size="70210" crc="c1401777" sha1="505ae2cfb01f1090d2992d84a78980d0c1190be0" />
		<rom name="12 ending.vgz" size="60671" crc="ef56285b" sha1="a402932c9703e4e617799799c6e38e9250db34d4" />
		<rom name="13 name entry.vgz" size="78214" crc="1f8131fa" sha1="9083ca2de64f092174908be4f706b2d21cf9e9a4" />
		<rom name="14 sound test.vgz" size="69685" crc="3a977142" sha1="d4c7050dd689fc8c6d7ad5ab8c662f3f706e55f0" />
	</machine>
	<machine name="megaman">
		<description>Mega Man - The Power Battle (CP System)</description>
		<year>1995</year>
		<publisher>Capcom</publisher>
		<rom name="01 title.vgz" size="12671" crc="d85a8d69" sha1="85273b8543134e9e0e5394bfc61fc12efc7b1b86" />
		<rom name="02 player select.vgz" size="11101" crc="ff37d06c" sha1="6eaaadbc7ba165ecd84c27c61a59ca35026d30bb" />
		<rom name="03 stage select (mega man 1-2).vgz" size="10841" crc="a6589d31" sha1="362cdd556ed1dc050f4592da018344d2da4b5a3a" />
		<rom name="04 stage starting.vgz" size="15451" crc="baba5ce9" sha1="dc81fc86b81d2d357bd1d3b7877e0300eccd4593" />
		<rom name="05 stage 1 (napalm man).vgz" size="31380" crc="2e039c0c" sha1="e737fef70dde78e0ef53931ed6c3368a6bf90dd4" />
		<rom name="06 stage 2 (crash man).vgz" size="27565" crc="6a53d35b" sha1="b322548f5cda105bd42092750f20f11f53a28a68" />
		<rom name="07 stage 3 (guts man).vgz" size="22956" crc="89fae95e" sha1="14c9b6164c5c70e336fdf39ba1c687273793bb9a" />
		<rom name="08 stage select (mega man 3-6).vgz" size="12646" crc="034c2f05" sha1="f4131d47f88b9ea012b9c2d017ebadc3b4b363ee" />
		<rom name="09 stage 4 (gyro man).vgz" size="23561" crc="e0c5ee5a" sha1="c05f46b8d00e393911a08b28d8df887d8169fe85" />
		<rom name="10 stage 5 (gemini man).vgz" size="26170" crc="b7e7afa6" sha1="3eda53a97f14c656f1977c6bd497c99a718297e7" />
		<rom name="11 stage 6 (shadow man).vgz" size="45447" crc="1cad7c2f" sha1="c6ba269a04a405ad8fd3e5f038eea93b0849f474" />
		<rom name="12 stage clear.vgz" size="10114" crc="a83a1981" sha1="85ad85c3bc3be3bd87eb18f8bf842f6350b69adb" />
		<rom name="13 you got new weapon.vgz" size="9109" crc="c7d1d577" sha1="e170feb0c00d178d258a02596d8e219775ef2411" />
		<rom name="14 stage select (mega man 7).vgz" size="10923" crc="80573afb" sha1="7d3da124fc32e4f5808bcba84a6c9f18554cb217" />
		<rom name="15 stage 7 (mega man 7 opening stage).vgz" size="52758" crc="9613e352" sha1="391c32590d5cb28276980823156da757645b1273" />
		<rom name="16 stage 8 (cloud man).vgz" size="18732" crc="c447b4b9" sha1="7990ae21e2047f844a67564e535378f376683504" />
		<rom name="17 stage 9 (slash man).vgz" size="34504" crc="b532a325" sha1="381672e5359c2d1b50524a533170790514e2b9fd" />
		<rom name="18 stage 10 (freeze man).vgz" size="20204" crc="5b08488e" sha1="e395ca5c96d5d38fb8387d219586f3e3a3a40ef0" />
		<rom name="19 stage 11 (junk man).vgz" size="30592" crc="3ac24a57" sha1="d9fb228b823ef381519668dd90e8b77f7e08ad82" />
		<rom name="20 stage 12 (shade man).vgz" size="58631" crc="5ff79c26" sha1="c0b3444f7c94d91d2beaa608e41720981d0552e6" />
		<rom name="21 stage 13 (from makai).vgz" size="23428" crc="3fd7c5fb" sha1="2f27779bf4324f467c9344589c8ed6af0a4217d5" />
		<rom name="22 vs wily.vgz" size="9989" crc="1bfd7dd5" sha1="79f7d60366dab8752b973ebe0f82209c21857808" />
		<rom name="23 stage wily boss.vgz" size="18242" crc="1a10764f" sha1="31e7100064f490ee14bdc6a86df5c7762c3b3be8" />
		<rom name="24 stage wily machine.vgz" size="18670" crc="4480c193" sha1="7b8f73765490d3510f78ab7bcbc2b221e68fa56c" />
		<rom name="25 stage wily capsule.vgz" size="33283" crc="b4107c31" sha1="54c52da9794331359f2cb207ee1a320150734ec8" />
		<rom name="26 continue.vgz" size="19316" crc="5c6292db" sha1="7f7135f68b0257d729fe184f60c2a20104b2363c" />
		<rom name="27 game over.vgz" size="15496" crc="380109d4" sha1="ee193c77a96c7f8daa8341e02e2dcbcf1280ea5a" />
		<rom name="28 ending (mega man 1).vgz" size="8051" crc="195eacc7" sha1="219aa88f30e6b9109cf92f179b9f4263358aa16d" />
		<rom name="29 ending (proto man).vgz" size="22481" crc="176f58d6" sha1="048b3cc3a51a1c818c08241ae39f739007bd05d8" />
		<rom name="30 ending (bass).vgz" size="26248" crc="2a7ccb73" sha1="11b57b4ddcb9def98ea341c836a618eb444c90f6" />
		<rom name="31 ending (mega man 2).vgz" size="31994" crc="e3b7cbae" sha1="e784a5ee8ce07068a7313b5313e329c52c8e5741" />
	</machine>
	<machine name="mercs">
		<description>Mercs (CP System)</description>
		<year>1990</year>
		<publisher>Capcom</publisher>
		<rom name="01 credit.vgz" size="5730" crc="95274f28" sha1="03818cc9eecba22b7afcfb85e8ff1e13a07fb786" />
		<rom name="02 opening.vgz" size="9165" crc="ef13f1f2" sha1="9235a3916b317f501c21f343e944508eda03271c" />
		<rom name="03 mission 1 (commencing military operations).vgz" size="17940" crc="920a7394" sha1="c27dfbc4cf54b0c9d0cbc7273ff69c5786a1885c" />
		<rom name="04 boss 1 (mission 1, 6 boss).vgz" size="10584" crc="f2c66a01" sha1="56cb223ff1b604edf70df1590bb988c001a6e898" />
		<rom name="05 round clear.vgz" size="10651" crc="aaf28b34" sha1="59a412019211ef0b2ba25297f62cccaf9162e755" />
		<rom name="06 mission 2 (enemy tank area).vgz" size="19335" crc="1de28e22" sha1="02fd5f8f2c32028cfd6a3ad9c74723c513655294" />
		<rom name="07 boss 2 (mission 2, 4 boss).vgz" size="13189" crc="f8d391cc" sha1="a332bbc6eb370a09cf39d33b6ab5f2b2ebd74a91" />
		<rom name="08 mission 3 (the enemy's main force battleship).vgz" size="14506" crc="a64151b3" sha1="04b52f6d72318a05d4c7756beb71659f40691cc1" />
		<rom name="09 boss 3 (mission 3 boss, final mission [last boss]).vgz" size="12198" crc="e6ef726c" sha1="765c3cd4992bfdb76ef6a006684abaef5b7dc550" />
		<rom name="10 mission 4 (mountain range).vgz" size="10899" crc="b7d5231a" sha1="1878c69a29988963274f11f1eb5f09648a668b72" />
		<rom name="11 mission 5 (urban area).vgz" size="18965" crc="c597f8e9" sha1="d3fa502589053dec7573be44d30099dc38c996a7" />
		<rom name="12 boss 4 (mission 5 boss).vgz" size="13098" crc="57277632" sha1="45a62bb2198efe94db19d59429bf25ad76fdde25" />
		<rom name="13 mission 6 (country r's air force).vgz" size="16905" crc="7b5f8d63" sha1="419fdf9288051abf9062f9268413b02c312f40f2" />
		<rom name="14 ending.vgz" size="13268" crc="923e234c" sha1="d13e1a16dffe6ce619382de1108647ec73af904e" />
		<rom name="15 credits roll.vgz" size="25713" crc="e61ae730" sha1="e389f169878b4937a968250cb5e69a616beeecd0" />
		<rom name="16 ranking.vgz" size="28250" crc="6d997e3c" sha1="563464f381ec4ead2d14658a8b1e1c6a0bb6fadb" />
		<rom name="17 ranking display.vgz" size="2290" crc="9c02dd9f" sha1="1b63c9e042e060bbf59681a54b067c59ea7c7f75" />
		<rom name="18 game over.vgz" size="10967" crc="423404ac" sha1="c156c2cfde75d8e908736b7237ddc773b8ec5251" />
	</machine>
	<machine name="mk3_gb">
		<description>Mortal Kombat 3 (Nintendo Game Boy)</description>
		<year>1995</year>
		<publisher>Acclaim</publisher>
		<rom name="01 select your fighter.vgz" size="14702" crc="46132093" sha1="70ea11cf41c6008efda32e8b01744cf798c94c11" />
		<rom name="02 choose your destiny.vgz" size="8234" crc="1c39d177" sha1="dfb5f0e8e341dd9a127c455188ac876317ed090c" />
		<rom name="03 fight start.vgz" size="1908" crc="f29a57a2" sha1="4db1b84163f352ad048d491464cb1726536cff12" />
		<rom name="04 the roof.vgz" size="22192" crc="7c666143" sha1="b5dbe6c8c28e421fc22abad7219676ff897ae14a" />
		<rom name="05 the subway.vgz" size="16534" crc="dd295e59" sha1="6a4c99b3d836159aa0a9b0b6553242389f07ddf0" />
		<rom name="06 the church.vgz" size="10909" crc="3e38ca97" sha1="8799b395cb99571e126ae71511d180781ce3dfc1" />
		<rom name="07 the pit.vgz" size="29410" crc="407516e7" sha1="1dd0d42fa4be22532eb3f5fddbfa0aad50193d76" />
		<rom name="08 the soul chamber.vgz" size="6444" crc="94fbf0b4" sha1="a75bddf07ebd00600e5c3e24fbc2cf239dc1a81b" />
		<rom name="09 you win.vgz" size="2946" crc="409b826a" sha1="65f3fe107d124561e45614907b06cdf291090fd5" />
		<rom name="10 you lose.vgz" size="1290" crc="eab22b0c" sha1="fc16ffde5b920f8c864d5c17b1731d31ab5517e7" />
		<rom name="11 finish him ~ finish her.vgz" size="1146" crc="7cad3bd6" sha1="b51d8395584adfe80dd081f800c26374d2c44a7c" />
		<rom name="12 fatality.vgz" size="1669" crc="29aab23c" sha1="d5dda1074c901af1fc4b808d55f864bab4bd5907" />
	</machine>
	<machine name="mmatrix">
		<description>Mars Matrix - Hyper Solid Shooting (CP System II)</description>
		<year>2000</year>
		<publisher>Capcom</publisher>
		<rom name="01 arcade movie.vgz" size="360012" crc="fd3a8ca7" sha1="f96eb18a0b88df3adf348b25c498b26780cdc1b2" />
		<rom name="02 mars matrix.vgz" size="149337" crc="bc6a43ab" sha1="15d233e73202a7af76a614ad038d9bcd8288d465" />
		<rom name="03 credit.vgz" size="12919" crc="c1628727" sha1="9668fef59c869f62cb9523bfd162417fde0499e9" />
		<rom name="04 select loop.vgz" size="39222" crc="1f1e52b0" sha1="0714a798c99bbf420c296ec6927db9145bdb73a6" />
		<rom name="05 armed satellite phobos [stage 1].vgz" size="131134" crc="41fbc21a" sha1="e6c76e55f6b429b66071e36677a2655cb3725638" />
		<rom name="06 descending to mars [stage 2].vgz" size="170874" crc="0672c27e" sha1="252a27e55e1f43fe48b0330938c730f6c57632b4" />
		<rom name="07 surprise attack [stage 3].vgz" size="293190" crc="2e5cfbda" sha1="d97472b9ba3164e615c126ab5527577b19cde705" />
		<rom name="08 red sky [stage 4].vgz" size="167709" crc="8c33c535" sha1="c0fe19b147071f07651ced526ac7c5a41e1fcc81" />
		<rom name="09 true darkness [stage 5].vgz" size="383966" crc="8475e8ba" sha1="05b95fef11e0a0546f21776d79a849b69c2aa7e8" />
		<rom name="10 forbidden fruit [stage 6].vgz" size="601177" crc="3ed84da6" sha1="3c713c14bdabb45311ff496b8d79e274df0585b9" />
		<rom name="11 boss.vgz" size="139389" crc="7e559073" sha1="a0b981224ab5fdc668b608387661d9c50dc4043d" />
		<rom name="12 end of war [ending].vgz" size="503877" crc="5b1a6175" sha1="099bedd5692733428311fb91d48886f11c35fc88" />
		<rom name="13 game over.vgz" size="24160" crc="8e1a23a3" sha1="5564f3ea7a2f1005b4f069a641030514c45df6c2" />
	</machine>
	<machine name="mystwarr">
		<description>Mystic Warriors - Wrath of the Ninjas (Mystic Warriors)</description>
		<year>1993</year>
		<publisher>Konami</publisher>
		<rom name="01 introduction (title demo).vgz" size="542059" crc="3fd15b21" sha1="d5a1003fb1c6fb5a2a09f19397221151381385fc" />
		<rom name="02 respectively (player select).vgz" size="144203" crc="f2fb14e1" sha1="7154031a320e15c36a0e47a6801466b17c2c247e" />
		<rom name="03 respectively (prologue).vgz" size="182355" crc="720890b1" sha1="fea6ba134d2188f7c197ab6aa8b5d460363632a7" />
		<rom name="04 theme from mystic warriors (stage 1 bgm).vgz" size="752651" crc="73d292b6" sha1="3a8b007e30ea8f8663a9fc9ce31547ab009dd8f2" />
		<rom name="05 hellrazor (boss bgm).vgz" size="401794" crc="c3d32e30" sha1="0be5586b01eb59896fa537a1f15980d71d1126bb" />
		<rom name="06 lift &amp; lodge (stage 2 bgm 1).vgz" size="502384" crc="0a283490" sha1="00f6e2671dad0cdc6ee61b6db65df334bdb6ac92" />
		<rom name="07 sonic descending (stage 2 bgm 2).vgz" size="368900" crc="9804b9d1" sha1="54abb4bfc31df0c48f234a422ad257d6b7303c1f" />
		<rom name="08 infinite underground (stage 3 bgm).vgz" size="450689" crc="d6a9e086" sha1="10985e768b86f4320f645ba360c442b4442ea145" />
		<rom name="09 chauvinist for skull (boss bgm 2).vgz" size="334909" crc="02455585" sha1="03dff62c797f4faf0c428b24f138468bec567676" />
		<rom name="10 radical river (stage 4 bgm).vgz" size="348673" crc="fe6b6631" sha1="b43f3c88d7352c29edcebf0183ae15c4dc4886f6" />
		<rom name="11 beyond the primeval forest (stage 5 bgm).vgz" size="302382" crc="64f908bd" sha1="3ed15223a65c1c9f2991cc21fe76b81f73d13aa8" />
		<rom name="12 on the blind track (stage 6 bgm).vgz" size="517812" crc="0e7c321e" sha1="abf6a170e061a67e2bb558ea3c707c4a60cb7c71" />
		<rom name="13 interceptor (immolation death bgm 1).vgz" size="133814" crc="34fdfa8c" sha1="a43f4c09124252e25240fdf873791afc72167067" />
		<rom name="14 interceptor (immolation death bgm 2).vgz" size="129376" crc="59e623b5" sha1="e12d73344ff33cb3844014bd18d718ca552fd3e0" />
		<rom name="15 interceptor (immolation death bgm 3).vgz" size="155446" crc="bcc2d9d0" sha1="d9b177026af5f9eb32290461388b91748399b706" />
		<rom name="16 up to the stratosphere (stage 7 bgm 1).vgz" size="511935" crc="e6f545c5" sha1="cb91d6ef353cc424abfcf909dd6e9b1cdcc050e9" />
		<rom name="17 great airforce (stage 7 bgm 2).vgz" size="467603" crc="94bac5dc" sha1="05ce468d83dd3a7de661270d927fd1df833ce693" />
		<rom name="18 fall into the air (hovering demo bgm).vgz" size="240011" crc="9f0f81a6" sha1="65c0fc818605b13e7f783224c9a649647746e1d2" />
		<rom name="19 majestic fortress (stage 8 bgm).vgz" size="515810" crc="200d7147" sha1="a74eca22db52b10c36744554553178547756326d" />
		<rom name="20 bushido (appearance of black mark - harakiri bgm).vgz" size="476679" crc="ce1f60a2" sha1="a50bcaba27606bcde0fb6f15811a586e1364b8a8" />
		<rom name="21 kingdom for skull (stage 9 bgm).vgz" size="624269" crc="856a1178" sha1="0ed3bb174896d24b4afbf874d6aaa1ee0073005f" />
		<rom name="22 revenge of ninja (president's office - irruption 1).vgz" size="214670" crc="ec881058" sha1="ba3a6aa0f4b2b2a050165245e8e649de8f31e783" />
		<rom name="23 revenge of ninja (president's office - irruption 2).vgz" size="189326" crc="82664c1d" sha1="4d0bb6550f51b835e2de7e70cf880674bd8b2356" />
		<rom name="24 dominatior (final boss).vgz" size="362774" crc="35c51cae" sha1="ba6287b1fd3eb347b6100869abd8c896f48e2e0a" />
		<rom name="25 intermission (mission completed).vgz" size="264396" crc="78970843" sha1="abe1d5b135aed4a574b93e81b2d5db76a81056fb" />
		<rom name="26 flashback (staff roll).vgz" size="531952" crc="8f2baaa8" sha1="6b719ad491af4be5d7d602b2c8711eadf77f22a8" />
		<rom name="27 flashback (credits roll end).vgz" size="41688" crc="e430e1f6" sha1="20c10004902ed4179dfce632d06fd52b4192cb45" />
		<rom name="28 history repeats itself (game over).vgz" size="232783" crc="83506555" sha1="320f18a8e4be0d2e03ea22c63462ac565dd772f6" />
		<rom name="29 glad it's all over (ranking).vgz" size="329451" crc="bde1b2f4" sha1="84de56b80badd9c54d37b23952157a82f37499c5" />
		<rom name="30 speaker check.vgz" size="46237" crc="558d65be" sha1="d193a954fb1dcc8f5afca6c5bd8e550d3f883175" />
		<rom name="31 dominatior (final boss) - restart.vgz" size="338548" crc="8c883b51" sha1="89b4a67ebeb07d64c443ab5cf178fb131c1b3adb" />
		<rom name="32 kingdom for skull (stage 9 bgm) - restart.vgz" size="424417" crc="20067f6d" sha1="89ca3f8496f602375499c99273dc33774d5ff06f" />
		<rom name="33 stage 7 demo.vgz" size="116559" crc="af72f06a" sha1="9f1bfd80557b0b1067dbc4957e8c40916348b073" />
	</machine>
	<machine name="risayous_fds">
		<description>Risa no Yousei Densetsu (Family Computer Disk System)</description>
		<year>1988</year>
		<publisher>Konami</publisher>
		<rom name="01 start jingle.vgz" size="721" crc="6272734f" sha1="9555aab357951e64d6470965b6935078ca152f3d" />
		<rom name="02 kayou (concert bgm).vgz" size="2625" crc="4e580004" sha1="024403f6390553bcfb6160f3bfbd279fed80658f" />
		<rom name="03 yume (dream bgm).vgz" size="2971" crc="caf66e82" sha1="a0385cb1674ee3c8433fdd1db5b35386d6cf8b31" />
		<rom name="04 machi (in town bgm).vgz" size="3417" crc="010d73d4" sha1="9352ab2a98bc689892c9813b2276efa6c66f052e" />
		<rom name="05 yakata (mansion bgm).vgz" size="1992" crc="72e4493e" sha1="083e8bc02677857b76c7e512773a7a1dd6a70bc9" />
		<rom name="06 tosho (library bgm).vgz" size="2196" crc="a3fe4326" sha1="9c065c20dc89f9f4cad059fd4620b0ffb68efcb6" />
		<rom name="07 wine (wine cellar bgm).vgz" size="1767" crc="b4061cba" sha1="c04f6f3d9d286015d585bd22caeec2d9730de7d0" />
		<rom name="08 fue (whistle).vgz" size="1359" crc="6d7cb542" sha1="c3ec7ec9ba32d373cd0779837dc896efc4cf733f" />
		<rom name="09 nezumi (escape from the mouse bgm).vgz" size="3447" crc="b49a1a23" sha1="87ffbc27b2f07a3687456b1e2cd8d54fec914be4" />
		<rom name="10 game over (game over).vgz" size="1072" crc="612ed5c4" sha1="a3a765605b3b0c2840eae7066a9f05abf7f38f4c" />
		<rom name="11 continue (continue).vgz" size="2775" crc="b1c67abe" sha1="51ee08a63d607a28dcf2473175a1a66b4bb69ed0" />
		<rom name="12 luita (luita room bgm).vgz" size="1491" crc="2be92d85" sha1="a307a8de8e2cfeeb5c9273a415ba02fa3a47a7e7" />
		<rom name="13 kaiketsu (problem solving).vgz" size="850" crc="86a806ab" sha1="064b98d62d5ac5fc859766bffb6709f99ce5165b" />
		<rom name="14 luita2 (luita room bgm).vgz" size="1772" crc="9cea4049" sha1="0c9b95b7c7d7e7c14854005af212de668f41d071" />
		<rom name="15 mori (forest bgm).vgz" size="7599" crc="c2f67bc4" sha1="54f2dfd9e5555b05394b34a9a57b895d40a1f990" />
		<rom name="16 okashi (sweets' house bgm).vgz" size="2959" crc="314adfc2" sha1="35ac0f703c766cb750068b4dd42590e99aa98e60" />
		<rom name="17 majyo (witch appearance bgm).vgz" size="2930" crc="9397e5aa" sha1="8e618fa20a5cdccbdc4cca3eb6cce2d3686b0dec" />
		<rom name="18 yousei (izumi's fountain).vgz" size="1319" crc="c77a69db" sha1="522a7db3a2220eae5be5156e0b94140137acea47" />
		<rom name="19 hako (box elevator bgm).vgz" size="2268" crc="7f416f31" sha1="76251bceb9b65234d65bc2097c80d0d1431747a2" />
		<rom name="20 harp (harp).vgz" size="688" crc="ba55500a" sha1="689166a84b805146ad841df4b71c5b0f8fbe7dba" />
		<rom name="21 kaji (fire bgm).vgz" size="2485" crc="65505567" sha1="0768ae725d5a36a7c3cebaaaaf24d4cb71a5f348" />
		<rom name="22 dokutu (cave bgm).vgz" size="2841" crc="83791a67" sha1="b0e1a4901faecca10541fd2e7d324d094bdc86da" />
		<rom name="23 izumi (holy fountain bgm).vgz" size="1687" crc="ad2c9f62" sha1="f76b7779b5da7e0dca5f161ff6e6e2957a58e079" />
		<rom name="24 sora (flying bgm).vgz" size="2072" crc="34b55f99" sha1="0e91a7fc988c50457afb289cf983b1cbaba32e4a" />
		<rom name="25 shinden (temple bgm).vgz" size="4488" crc="5d03baf0" sha1="0516569c651733d1f688407f56ebfa66911952f9" />
		<rom name="26 medusa (medusa showdown bgm).vgz" size="3082" crc="1be6810b" sha1="753bac79965f6f4886ef7a909a4ebb3c5a52aede" />
		<rom name="27 henshin (witch makeover bgm).vgz" size="4397" crc="1e486826" sha1="f559883e7706f58d4cdd8d3977beb56785840914" />
		<rom name="28 ibara (forest of thorns bgm).vgz" size="2484" crc="0adc6f69" sha1="7d1871bd4635e80cd6343bdface1c3a74377e9de" />
		<rom name="29 haisui (water outlet drain bgm).vgz" size="2078" crc="d9cc79ff" sha1="4227ae460264c5be71435e6cdadb8ad40962f538" />
		<rom name="30 taiketsu (witch showdown bgm).vgz" size="3490" crc="f88c8173" sha1="427911092a5abe1e5920235c485eb1b256f2dec7" />
		<rom name="31 nigero (run away bgm).vgz" size="3381" crc="836dcce5" sha1="2ed18afab24451d68c6bb8135f38c0a11b52f03f" />
		<rom name="32 ending (ending bgm).vgz" size="3760" crc="f35c079c" sha1="14d897abf368688882a7e9e0b87f364aae3545a4" />
	</machine>
	<machine name="robocop2_st">
		<description>RoboCop 2 (Atari ST)</description>
		<year>1990</year>
		<publisher>Ocean Software</publisher>
		<rom name="01 main theme.vgz" size="20031" crc="49210d7d" sha1="421cf331d70b8b82d4d66bb187566a0b4418f807" />
		<rom name="02 level 1 - the river rouge industrial complex.vgz" size="11430" crc="8b6da1be" sha1="862b889157697b9f40ee60068f521fc753a91962" />
		<rom name="03 level 2, 5 - the brainstorm puzzle.vgz" size="22245" crc="c2d3fb14" sha1="a15f821345d70fd290d36a9cd159752bf8e9e4b1" />
		<rom name="04 level 3, 6 - the firing range.vgz" size="8207" crc="985a350f" sha1="a811cad90333d9724264e2d3f0b5c5ad34105818" />
		<rom name="05 level 4 - the tokugawa brewery.vgz" size="10170" crc="6eb51e1b" sha1="145c27f024f93fb3e10dfd6747e185dd9f68ea9c" />
		<rom name="06 the final confrontation.vgz" size="10633" crc="8e978fcb" sha1="406bd9cfb434bdd992f0bc687e64327444c30b48" />
	</machine>
	<machine name="rusty_98oa">
		<description>Rusty (NEC PC-9801, OPNA)</description>
		<year>1993</year>
		<publisher>C-lab</publisher>
		<rom name="17 i'll destroy your mind [boss 1].vgz" size="31876" crc="276ac2c1" sha1="660fa8a981ba1ea23e7a433043f2b769f4621f3c" />
	</machine>
	<machine name="sf2ce">
		<description>Street Fighter II - Champion Edition (CP System)</description>
		<year>1992</year>
		<publisher>Capcom</publisher>
		<rom name="01 title.vgz" size="19087" crc="ffb40998" sha1="64bb7c0645e021712130a848ea775f20460ec858" />
		<rom name="02 credit.vgz" size="928" crc="ef96a7f8" sha1="02ce6e43d19cbcf96fc115b00560357d7683cd9a" />
		<rom name="03 player select.vgz" size="18861" crc="971bf4de" sha1="0cb3f87cf92409e0f826240921ca82f5c4dc1022" />
		<rom name="04 vs.vgz" size="17011" crc="2650c9be" sha1="5dd2de0b9d3e9c3d23b9d6207864d695c459e08b" />
		<rom name="05 japan (ryu) i.vgz" size="33530" crc="e5c956d8" sha1="7f2e5c2656e9246999f05465c7af7c0776355472" />
		<rom name="06 japan (ryu) ii.vgz" size="20936" crc="6b8de8ef" sha1="34caca0d6df3e5907aa907742b3c66f4142babf8" />
		<rom name="07 stage end.vgz" size="16976" crc="4cc3e702" sha1="83d88fe774c940d7ae429ccd69b1236524fe4de0" />
		<rom name="08 brazil (blanka) i.vgz" size="21889" crc="2049eb26" sha1="51a432cbd8ecd3b79f1ce7b209866b54146fa292" />
		<rom name="09 brazil (blanka) ii.vgz" size="15601" crc="a26c375d" sha1="90765581c75ea581cdbd8be5b2faf23c94bf7b59" />
		<rom name="10 u.s.a. (guile) i.vgz" size="26155" crc="c5079394" sha1="c79d5b5a848ca3a66f409ef4fa0d6b11c506ad51" />
		<rom name="11 u.s.a. (guile) ii.vgz" size="15444" crc="90c3b9ef" sha1="bcf62e8131aa05d5a3d58777b9b4ea6260f9ed1c" />
		<rom name="12 china (chun li) i.vgz" size="20014" crc="b4eba925" sha1="fdcb939282b25df146f7434d1e9b20c6a067190e" />
		<rom name="13 china (chun li) ii.vgz" size="9447" crc="c9fbc9b1" sha1="90bfa6a0a6595a6249ea5da48005f577bb74d476" />
		<rom name="14 bonus stage.vgz" size="19698" crc="bae78ea5" sha1="14c7beaa91953063414eac2c5208f7a32c8278ba" />
		<rom name="15 here comes a new challenger.vgz" size="15181" crc="71adc16e" sha1="f3833f2f055167d5e291fda680812c37d6f3cd8c" />
		<rom name="16 japan (e. honda) i.vgz" size="18836" crc="298a5fcd" sha1="0ecfe541301307d065cf155091968c8181acd8dc" />
		<rom name="17 japan (e. honda) ii.vgz" size="13856" crc="42f4ef3b" sha1="0640d2064fc15ff6be700ce9d3b36208c9b8a230" />
		<rom name="18 u.s.a. (ken) i.vgz" size="23806" crc="39b7c494" sha1="bafcf21ed431e1a63f3e568741c959daa99e00ca" />
		<rom name="19 u.s.a. (ken) ii.vgz" size="16710" crc="21ed3021" sha1="5bdc76ae316e5bfba2a391836cec66df0b264129" />
		<rom name="20 u.s.s.r. (zangief) i.vgz" size="24708" crc="b40f4eaf" sha1="f847eeb58117ed66acb05c92adc2f067c8c3a0b5" />
		<rom name="21 u.s.s.r. (zangief) ii.vgz" size="18154" crc="3d13a17d" sha1="4d634af804a69519268fdb9f5a686fab48749a32" />
		<rom name="22 india (dhalsim) i.vgz" size="17031" crc="d2fd2a86" sha1="3eb26545e3c293d8634d333714440314c72bf211" />
		<rom name="23 india (dhalsim) ii.vgz" size="15329" crc="bdb8fa12" sha1="21e2c2244f28b08d7a4e89fef7016dc7cebcdb6f" />
		<rom name="24 u.s.a. (balrog) i.vgz" size="30297" crc="33855c04" sha1="29e580988af864c3b9a47a36c7c1fd98cb6b0c86" />
		<rom name="25 u.s.a. (balrog) ii.vgz" size="10489" crc="5d59afd5" sha1="85681eb0e0ebf468f0354b2e163b3c9045475631" />
		<rom name="26 spain (vega) i.vgz" size="27790" crc="43427240" sha1="52e5ab9613bd968adbf05cc87b10419a6081d1a6" />
		<rom name="27 spain (vega) ii.vgz" size="12457" crc="e1729b4d" sha1="26c9b69084bc2edeaddfba3c1d4b05c39f50a5fd" />
		<rom name="28 thailand (sagat) i.vgz" size="23044" crc="366a292c" sha1="048a998a0758e362d2c8e63eb3a0f1a9a63c7e10" />
		<rom name="29 thailand (sagat) ii.vgz" size="20902" crc="474dd1a1" sha1="5486a5a26cc918817a26d46f81aa29358d643fb1" />
		<rom name="30 thailand (m. bison) i.vgz" size="24752" crc="7257a874" sha1="678adff362745e3d17f82683e4c6e1fe48aaa4b4" />
		<rom name="31 thailand (m. bison) ii.vgz" size="23478" crc="23808c80" sha1="375a8bbd0c6fd327281af2b87177f97a0fd52fbe" />
		<rom name="32 ending (ryu).vgz" size="20019" crc="bbbaa6b1" sha1="6138d7b637bd42822d52d4a6f36da406d6bba1e4" />
		<rom name="33 ending (blanka).vgz" size="16789" crc="1a7c78b2" sha1="e67862bf66482bfd6f5d8d64313331b74a690c37" />
		<rom name="34 ending (guile).vgz" size="3479" crc="088b50f5" sha1="aae4d1ccd27c0a54ff7f71878f977d65422b8cb3" />
		<rom name="35 ending (chun li) i.vgz" size="6261" crc="45079c92" sha1="397d3a449498268cd4305d09a5206aa3bec6d38a" />
		<rom name="36 ending (chun li) ii.vgz" size="19201" crc="eb63b098" sha1="f6cfc33d4d1e03fd34bf3488a22ceacdac29bc8c" />
		<rom name="37 ending (e. honda).vgz" size="10141" crc="36f6bcb9" sha1="1a536277d62c1c467e56ade462f7868e71a5c849" />
		<rom name="38 ending (ken) i.vgz" size="17877" crc="af5b5f2d" sha1="d18f5992f42758c10dfa57211db7c16db145dd5b" />
		<rom name="39 ending (ken) ii.vgz" size="6699" crc="0d306095" sha1="c40ebc5372bfe04a0517f3603fb14c6fee3b0c20" />
		<rom name="40 ending (zangief).vgz" size="14138" crc="fc9dcc3f" sha1="ff5f97d741900c23add1bc5da6a46d5c755d9f89" />
		<rom name="41 ending (dhalsim).vgz" size="13004" crc="551289f8" sha1="cd0327852a38c683f69b79af6e3f403d7649c1d0" />
		<rom name="42 ending (four bosses).vgz" size="17828" crc="6761d281" sha1="c0003b19f669e24dfbae0f5e9e963f162a99e417" />
		<rom name="43 credits roll.vgz" size="28567" crc="003d605c" sha1="f5e2a226418d3069069b8a806b5a9ea7c7845298" />
		<rom name="44 continue.vgz" size="19406" crc="8cbc0888" sha1="ab70564d8ebb2d5f825379b14a0c6db10590c406" />
		<rom name="45 game over.vgz" size="15490" crc="a08ea830" sha1="3e0fec74e123b845c2e904a90d79bcadc6383837" />
		<rom name="46 ranking display.vgz" size="16671" crc="dedc673c" sha1="88106272eb534dd183eb43a853704da2caa66940" />
		<rom name="47 unused.vgz" size="12312" crc="3200f491" sha1="45c40009ffd96283a34b8b22528a2cd5417b3481" />
	</machine>
	<machine name="sf2">
		<description>Street Fighter II - The World Warrior (CP System)</description>
		<year>1991</year>
		<publisher>Capcom</publisher>
		<rom name="01 title.vgz" size="19059" crc="3b34c749" sha1="efece07ba5ca859fa61aaed9621282555aaca0d4" />
		<rom name="02 credit.vgz" size="911" crc="b54920a0" sha1="61ba0f57d23ba835a03a234e3c8f7c1a8f1f2536" />
		<rom name="03 player select.vgz" size="18837" crc="9a22c71f" sha1="615b122a6ca2c07961fe781b520b3263b9dae817" />
		<rom name="04 vs.vgz" size="16977" crc="8a9df2f1" sha1="ea6030a54eb4675f548bc5a6ec8352d603d9cb5e" />
		<rom name="05 japan (ryu) i.vgz" size="33441" crc="2a9e2631" sha1="888a405d6f037f1391bd2efa169ecf592a83f563" />
		<rom name="06 japan (ryu) ii.vgz" size="20915" crc="bf6ed130" sha1="409d0b95ec8d2e4fa5f0347cd9d06ae7fef4a54b" />
		<rom name="07 stage end.vgz" size="16960" crc="7de67c40" sha1="1060d4426daf67e2130a905edcbe88c717f31384" />
		<rom name="08 brazil (blanka) i.vgz" size="21832" crc="f235339b" sha1="6038761acb872625512787f26eb2558d11bd0d81" />
		<rom name="09 brazil (blanka) ii.vgz" size="15579" crc="e22cd963" sha1="45cbf9e4c551206dd8e76d5169c9766a068cd1b3" />
		<rom name="10 u.s.a. (guile) i.vgz" size="26123" crc="7db8e418" sha1="012d6ed42b607634e720b8c26fb369f38995a554" />
		<rom name="11 u.s.a. (guile) ii.vgz" size="15445" crc="07179ebd" sha1="ea053115d6a89bcb35a5c8e514bb4e25d6341984" />
		<rom name="12 china (chun li) i.vgz" size="19948" crc="725d455f" sha1="b315b98726432372a2e5f1c7e171f08dda80c26a" />
		<rom name="13 china (chun li) ii.vgz" size="9428" crc="b0ee935e" sha1="6258d38424ba4204ddfe794a0fac159863d7c6b5" />
		<rom name="14 bonus stage.vgz" size="19665" crc="8d5c0256" sha1="fdce5e0fa11063aa85b7339ef231af5ba93bb40b" />
		<rom name="15 here comes a new challenger.vgz" size="15158" crc="c5dff427" sha1="80a425d894fd8161f671f3f6c6e878e135ff1c8e" />
		<rom name="16 japan (e. honda) i.vgz" size="18892" crc="3567c624" sha1="d173c63ab39048b04006a8a8347b0e4e1175d74d" />
		<rom name="17 japan (e. honda) ii.vgz" size="13829" crc="50ff19d8" sha1="340d37ba07dc7f1d0009879632935fb3be72767d" />
		<rom name="18 u.s.a. (ken) i.vgz" size="23770" crc="5e600623" sha1="005a6426df8f1025a9f70f64567d0f9ccde928c6" />
		<rom name="19 u.s.a. (ken) ii.vgz" size="16691" crc="537fa2d9" sha1="384c4165466a3b51dae2474482dfe8cdc2813a4b" />
		<rom name="20 u.s.s.r. (zangief) i.vgz" size="24846" crc="9d1afd26" sha1="c44f056747c6aad93e4d95ecbafabd89a6f48f6d" />
		<rom name="21 u.s.s.r. (zangief) ii.vgz" size="18162" crc="b26691b3" sha1="0f8b6421e388ff5b26cb5cff1bf6f0ed0632ca05" />
		<rom name="22 india (dhalsim) i.vgz" size="16992" crc="52a02c69" sha1="9e700407827f9fc3853c383bc016347053032cb6" />
		<rom name="23 india (dhalsim) ii.vgz" size="15318" crc="788f4e24" sha1="c76a6c063f57268a2fc73019052c55a39830b77e" />
		<rom name="24 u.s.a. (balrog) i.vgz" size="30257" crc="8f28db35" sha1="14414fe5c79f0d34883b2454792a9ec32350cf7d" />
		<rom name="25 u.s.a. (balrog) ii.vgz" size="10479" crc="06aea4e3" sha1="d3cb930ecab8a40b0ee8500d4b456e696f154578" />
		<rom name="26 spain (vega) i.vgz" size="28126" crc="bc281b30" sha1="17407d197b0b9f7c7dc0347188c82ad66ca38955" />
		<rom name="27 spain (vega) ii.vgz" size="12538" crc="b558d85a" sha1="2c7b90f77375aeffad5bd7e3e7211ed03566c56a" />
		<rom name="28 thailand (sagat) i.vgz" size="23032" crc="fefa7b85" sha1="7610f3b1fcc5086b1b83cd9c3ce8deea899deee2" />
		<rom name="29 thailand (sagat) ii.vgz" size="20874" crc="fad70dc5" sha1="73ab2b510458d6b9871a8ee36c7c2d3f3b9383fb" />
		<rom name="30 thailand (m. bison) i.vgz" size="24724" crc="d8e103e9" sha1="5fc2190bbe22183d2d9fe04677edb2e81d27347a" />
		<rom name="31 thailand (m. bison) ii.vgz" size="23446" crc="a47b8c8c" sha1="752493b1994109f6c7f612a5b79bfd9a8013dfc6" />
		<rom name="32 ending (ryu).vgz" size="20007" crc="1f49d093" sha1="eb402f18569ec61b775540f2977dcd49a7e6c889" />
		<rom name="33 ending (blanka).vgz" size="16793" crc="6c89bdfb" sha1="ca77e5bf31061a22ae931d0a7ba0525c00e7e1ee" />
		<rom name="34 ending (guile).vgz" size="3503" crc="cf7b9283" sha1="6a4bb2fe6be71ea356bbef97bc8289f4b68b44ba" />
		<rom name="35 ending (chun li) i.vgz" size="6231" crc="f6cb89fb" sha1="ce497bc6276dcd107ea495e0f47168ead5313d77" />
		<rom name="36 ending (chun li) ii.vgz" size="19191" crc="54ee1fdf" sha1="7f92ad2eb8b3aaaa3ab7334208a06ef655a3b9f9" />
		<rom name="37 ending (e. honda).vgz" size="10019" crc="85e1f49e" sha1="d3b4c9f4e1a9a3c8e5d8b9a812fc227a2e34af4d" />
		<rom name="38 ending (ken) i.vgz" size="17857" crc="889d285a" sha1="26585a7ee1de36439d920502f42700dcff7f8f14" />
		<rom name="39 ending (ken) ii.vgz" size="6956" crc="81014315" sha1="04d8f27697be51dad5cae5300bad88b0fdb7b741" />
		<rom name="40 ending (zangief).vgz" size="14097" crc="176e90da" sha1="0fcd0ec7b2e1622ddbc15e084c44ba0abbc2e25d" />
		<rom name="41 ending (dhalsim).vgz" size="12979" crc="ef82b22e" sha1="dba6ad8c303880f9f3067c2db4fcfce136cc33f2" />
		<rom name="42 continue.vgz" size="19396" crc="a580ad8c" sha1="5a9247a6ab8605943732e702e8904caf10602f5a" />
		<rom name="43 game over.vgz" size="15471" crc="38f5f9f1" sha1="88049965b79d2ab62f15e86c505e0da0cba937cd" />
		<rom name="44 ranking display.vgz" size="16650" crc="d432b43a" sha1="deaa3c228a6011bbd7d54ca06438a1f62eb4bf19" />
		<rom name="45 unused.vgz" size="12313" crc="4f8b6a4d" sha1="5609390c6f9c480f6ae3852b4c4f35a7b28a4f4d" />
	</machine>
	<machine name="shaolin_st">
		<description>Chambers of Shaolin (Atari ST)</description>
		<year>1989</year>
		<publisher>Grandslam</publisher>
		<rom name="01 thalion logo.vgz" size="20787" crc="75619214" sha1="ba3b8fcc01673f63bc39be03b9177373d82233a0" />
		<rom name="02 title theme.vgz" size="2814334" crc="3ce57d63" sha1="196aed0fec5de8f7faa0eb885da87a5354f60d3f" />
		<rom name="03 title theme (psg version).vgz" size="63914" crc="7c9e62e8" sha1="b664af3c4a9f2ba2e832d2a23ae9c783d3f8ca61" />
		<rom name="04 si-zhi-rou-luang (test of agility).vgz" size="9577" crc="c6211698" sha1="c73538645b5d161eeea3183e80c6cb90fd053571" />
		<rom name="05 si-zhi-jung-si (test of balance).vgz" size="59766" crc="9cb84bf7" sha1="fcdaf2555e7331313cefe213014b5b1bd1679307" />
		<rom name="06 si-zhi-kuai (test of speed).vgz" size="5851" crc="c7bc8d0e" sha1="9157cd2ff3c758200d70d6c1e97e92dffb6f15f7" />
		<rom name="07 si-zhi-kuai (test of speed) (failure).vgz" size="1129" crc="749e4e80" sha1="329a0317c029fe7124a87aeb375790a4af16e33e" />
		<rom name="08 trapped in china.vgz" size="252001" crc="fd72970e" sha1="39532b90b90c6391ebe60308a7a20f85a3f68e6a" />
		<rom name="09 mega pock olipse.vgz" size="81828" crc="f8e17359" sha1="bcf43d411aced5094f8637034b3fda7965aefa83" />
		<rom name="10 modu attack.vgz" size="114059" crc="07004998" sha1="e9e166122d16551b78fcc2b480761ef3e34c3157" />
		<rom name="11 chinese revolution.vgz" size="70779" crc="5995e2f4" sha1="9db7b8c357bdc923fdcef47e423cfbac0779eb17" />
		<rom name="12 dragon.vgz" size="22013" crc="fddd1edf" sha1="a824d884b3771a3999a74cfa60318cf5c6f98ace" />
	</machine>
	<machine name="smurfs_gb">
		<description>The Smurfs (Nintendo Game Boy)</description>
		<year>1994</year>
		<publisher>Infogrames</publisher>
		<rom name="01 intro (part 1) ~ game over.vgz" size="10133" crc="8a72a68d" sha1="c8beb216e951edcc3c024e09797005376ac2b205" />
		<rom name="02 intro (part 2) ~ victory.vgz" size="4872" crc="3d901db2" sha1="6f0008880cf765c5332dc0bf682a6e218278a53a" />
		<rom name="03 title screen.vgz" size="31775" crc="f290ee01" sha1="b6ae1739bf0eb1b1c96a117d4c65cc247fa6c819" />
		<rom name="04 act start.vgz" size="1211" crc="a3869154" sha1="543b2d9e0bb828f1fe0cdbc6598598c242e26028" />
		<rom name="05 the forest ~ the cliff.vgz" size="31889" crc="b6120567" sha1="1f16d3590432c58bf151e4991ab32d244c8e1697" />
		<rom name="06 the river smurf.vgz" size="17406" crc="3f68b6a1" sha1="d376ffd88809334a894e8dd43e5cb17dc034425b" />
		<rom name="07 the bridge.vgz" size="19345" crc="99badfc5" sha1="2b2b679cbc3ea939ed46a461c6ea7b2dee2aa963" />
		<rom name="08 the sarsaparilla fields.vgz" size="16756" crc="e1b82725" sha1="0e772048e1b20256a21ae98fcbacf0503ef668af" />
		<rom name="09 the mountains.vgz" size="23314" crc="2e11123a" sha1="e67092a31e8aaa068f2497ef40158924ebc92ff4" />
		<rom name="10 the flight on a stork.vgz" size="10136" crc="50921ae2" sha1="c1ad41923de460f4f541b81f0363067b659f18dd" />
		<rom name="11 the old gold mine.vgz" size="13040" crc="0738bdbf" sha1="4e840c0c49a1f7a888fc4dbe8fac53c4d607a4e8" />
		<rom name="12 inside the volcano.vgz" size="25682" crc="f817a1d5" sha1="6d7ce429e339c3ac1622ad01ea752520c1af6242" />
		<rom name="13 the sledge race.vgz" size="9224" crc="d0ef0d28" sha1="50a87b8a70e06b94866a39d6cf9105f71fb009aa" />
		<rom name="14 the swamps ~ gargamel's manor house.vgz" size="22645" crc="6348b213" sha1="59e2d2e90afb47a91a7af6753edf8d1ab0544ab1" />
		<rom name="15 bonus stages.vgz" size="6887" crc="92372dc5" sha1="b7b3bc2e39f693ef65ae82c56759638451f3f3f1" />
		<rom name="16 boss battle.vgz" size="4284" crc="9b5e6fc5" sha1="f941d394e9f32554976f951fcf81a0e70cf4f19e" />
		<rom name="17 gargamel.vgz" size="18655" crc="f40cae16" sha1="1aa36bfe34f0f180eb029d73dfad8a806baf8681" />
		<rom name="18 smurf rescued.vgz" size="2026" crc="41e8a793" sha1="736b216dff141f58a429e162329a0741e7c28e12" />
		<rom name="19 ending ~ staff roll.vgz" size="9215" crc="81540966" sha1="3519354451f48b24f615b121ac1542ed4994071a" />
		<rom name="20 death.vgz" size="1678" crc="f33124e9" sha1="e1153e95c2b3bc70aa66aff0851abb6a71b53947" />
		<rom name="21 time out.vgz" size="1694" crc="d4798490" sha1="dab9534890d1ebaef66031cc6bebdd3f3b49547f" />
	</machine>
	<machine name="stunrun">
		<description>S.T.U.N. Runner (Hard Drivin')</description>
		<year>1989</year>
		<publisher>Atari</publisher>
		<rom name="01 credit.vgz" size="336" crc="44658e28" sha1="d358b94b123d62a88b9394987d04dbaf3207db30" />
		<rom name="02 welcome, s.t.u.n. runner.vgz" size="6389" crc="36d02a2c" sha1="378cd258697d6b1ec12b73554c2ffac9bf491ab1" />
		<rom name="03 attract music.vgz" size="14434" crc="69ace65d" sha1="3e56f3638b6faca8e2cf4236869a8b5d04259561" />
		<rom name="04 map.vgz" size="3625" crc="fed2fc08" sha1="c61eeeb400657a72a7e19c2cfd141c2b8951076f" />
		<rom name="05 stage begin.vgz" size="5758" crc="d90b3293" sha1="1446a692ffbb97af9c93e023ab156db30f26e17d" />
		<rom name="06 tube begin.vgz" size="3890" crc="d4b1cca6" sha1="436c87bbd4db7008d84ada6b3fcfed8d02e10ce4" />
		<rom name="07 tube music.vgz" size="6029" crc="d9e64bdf" sha1="5b7cc18c58191f0a155b89e7453f42f2ea54874f" />
		<rom name="08 assemble.vgz" size="2458" crc="c83f250a" sha1="06139fb04c5903cc1bc8c833f66dfba09b4515a6" />
		<rom name="09 stage complete.vgz" size="2269" crc="b0c5e1e0" sha1="f23b63bf59618db091082f049ef7c068eec370c6" />
		<rom name="10 wait.vgz" size="1920" crc="2aff565c" sha1="8d8b8d9c3ca9c6cbabbbabd722f849013a07f938" />
		<rom name="11 warp.vgz" size="2072" crc="8cb16d5b" sha1="0d8abee888a50ad1ba0c3a97ce9d1b48e0007f08" />
		<rom name="12 the ultimate challenge.vgz" size="4008" crc="67016013" sha1="3b5c303607c80d09ace24fd5f08e7ec16532996c" />
		<rom name="13 victory.vgz" size="4502" crc="79c4ce4f" sha1="8f1172f2c89e614c3489f48fe9146085f6b7ec77" />
		<rom name="14 high score.vgz" size="19695" crc="5ab69ec1" sha1="d627046034883e9cfbccbd157594c78f5b564c7e" />
	</machine>
	<machine name="vendetta">
		<description>Vendetta (Arcade)</description>
		<year>1991</year>
		<publisher>Konami</publisher>
		<rom name="01 the declaration of war (title demo).vgz" size="167532" crc="6b4077bf" sha1="47a04a6de704a22c7138d577cb54e88a1e671650" />
		<rom name="02 forcible men (title).vgz" size="141333" crc="e9ba6c1a" sha1="da61d09b16841b5777aca35b2dad88335b7fd8ab" />
		<rom name="03 credit.vgz" size="1342" crc="31f07803" sha1="b101ad437e1fb2a5e22ec35631ea87f6f0cdf197" />
		<rom name="04 the theme of 'the cobras' (player select).vgz" size="136899" crc="284ffa23" sha1="b33d63daf9fd3719da4f1d0d5866b45f4ce2b717" />
		<rom name="05 imminent danger (start demo).vgz" size="65826" crc="de5ae822" sha1="bc6d4fb2481c2b8474b5751c657fed4eb23d9a06" />
		<rom name="06 the bridge and the warehouse (1st.bgm).vgz" size="155695" crc="34100b2a" sha1="a077d611a83dc66a8aa47e74ba7e3f5ae86d5e02" />
		<rom name="07 vicious stmptom (boss bgm 1).vgz" size="107052" crc="c51987ff" sha1="639b2e511d53f8454f4a9b61811ffce50677bece" />
		<rom name="08 stage clear.vgz" size="82068" crc="0d5b72f2" sha1="470bc80fccda1390772114ca2c0fbb44e94e1b4c" />
		<rom name="09 a death cry (boss out demo).vgz" size="87506" crc="523d2d06" sha1="09e0a2aa93d8fbb62212397b124574615149aa5b" />
		<rom name="10 auto-controlled structure (2st.bgm).vgz" size="114180" crc="7db80b22" sha1="9482188bbe80c90472f51d72c8e3f77c6127ed39" />
		<rom name="11 the cruel villains (boss bgm 2).vgz" size="147575" crc="824145c5" sha1="011f73ef9655aba40959ebf6ad11e78fc8e75951" />
		<rom name="12 power in the darkness (3st.bgm).vgz" size="226713" crc="f8eb870a" sha1="40c8693d9c7efc440c8b060426969662553ed4a4" />
		<rom name="13 bay area (4st.bgm).vgz" size="81272" crc="9fd6d237" sha1="ecd4880cf5d2d240c51445a5ba60300c0424f067" />
		<rom name="14 break into the hide-out (5st.bgm).vgz" size="144504" crc="718d2a75" sha1="c286fd26d648ceb1628af812447a50e08c0ceef7" />
		<rom name="15 the armageddon (final boss bgm).vgz" size="144035" crc="73334c0a" sha1="5119495a64574a6c8405f3a9db40ee261941669b" />
		<rom name="16 short-lived joy (fake ending).vgz" size="116788" crc="d8788a83" sha1="e7d94c984b97dcf275f5c380035b0aa58eb910c8" />
		<rom name="17 one after another (extra stage bgm).vgz" size="86224" crc="506f6853" sha1="6c1ecad6c3c4795f491da5fc4a4fd4af6d18ad69" />
		<rom name="18 after the battle (ending).vgz" size="155224" crc="e144d44d" sha1="7f2a70106228ffcf56e87df78bc3444834039662" />
		<rom name="19 limited time (continue).vgz" size="115826" crc="785288ae" sha1="b082ff134848e6ccc4e4ebe7380cb4100ed14dbf" />
		<rom name="20 put your name (naming).vgz" size="90036" crc="2e518351" sha1="ddf25028d3c4f9f24d9baad58055329d285df3d1" />
		<rom name="21 game over.vgz" size="77368" crc="ac42511f" sha1="6122659e066fe6f98b6a3c73cb638d5f0b2c1bf3" />
	</machine>
	<machine name="wackyrac_gbc">
		<description>Wacky Races (Nintendo Game Boy Color)</description>
		<year>2000</year>
		<publisher>Infogrames (U, E) / Syscom (J)</publisher>
		<rom name="01 title screen.vgz" size="9310" crc="d58e7084" sha1="52cd3e3e021c6f1590a72e07a20d27a7579c5bb2" />
		<rom name="02 language select ~ options ~ retry.vgz" size="3226" crc="f537dd1e" sha1="8fb681e9d5e85414ba16d221d53a09f0f34d5fe2" />
		<rom name="03 racer and challenge select.vgz" size="3954" crc="b818cb8f" sha1="78c8cbd3114b26ad692a9ceadb9843e21738d2f9" />
		<rom name="04 race overview.vgz" size="3344" crc="d07c4225" sha1="80502eb60330594f28db934e35dd35d705281ea9" />
		<rom name="05 race start.vgz" size="1405" crc="2691b7c1" sha1="30f807be89a0117b5f4ce1e070cb0d957261dd50" />
		<rom name="06 arkansas.vgz" size="10561" crc="90e744fa" sha1="4b9323c832188f3cb2f2df1beef1bef1437c1e7a" />
		<rom name="07 missouri.vgz" size="9056" crc="ceafae1f" sha1="816df0413164c3f65f7aeacfddf32d2554d8d234" />
		<rom name="08 mississippi.vgz" size="7471" crc="e5ab2145" sha1="54ff760e4222cc9be0388abad5521b1a8294e8b1" />
		<rom name="09 nevada.vgz" size="5755" crc="d11f26b7" sha1="ededee9b111038492a24da8f9b9be840093f0514" />
		<rom name="10 alaska.vgz" size="6632" crc="a5547923" sha1="db7f636831be5817756df261e2e84148d9aae1d2" />
		<rom name="11 new york.vgz" size="9289" crc="c2d38c7d" sha1="4a46d104f71c771808cf682aae7df63ee420f57e" />
		<rom name="12 checkpoint.vgz" size="931" crc="4c0fb121" sha1="91575ea9d8e1d67ced3543976042b6787f960d3e" />
		<rom name="13 oregon.vgz" size="10737" crc="e04aa325" sha1="66d134c90d211b97029b9ce702ac52299e7e148a" />
		<rom name="14 michigan.vgz" size="9276" crc="10c8369c" sha1="49e8cab632e7c60ce0eaed8761539f4cc8c436dc" />
		<rom name="15 hawaii.vgz" size="9900" crc="487c0e6a" sha1="74d5c2b65037bb167ce72463bacf7c5e8b241816" />
		<rom name="16 ghost.vgz" size="1131" crc="be267717" sha1="426c7cb2e04f439d779aa5dcdbe0f0dd4f9262ea" />
		<rom name="17 invincibility.vgz" size="1402" crc="08db7748" sha1="0d83d12c7fa44293bd2bf6619e4b1396b1c0d715" />
		<rom name="18 super turbo boost.vgz" size="2261" crc="6fca79fa" sha1="f79d0322403a8c0010e9ffbe4bbfece87ead91fd" />
		<rom name="19 race lost.vgz" size="1113" crc="c7abe715" sha1="38b2b635805a95b21e6a9ce76006cb5b77c5489a" />
		<rom name="20 race won.vgz" size="1645" crc="d946a6cb" sha1="92268ab2c88d581542df919b0dee183bb37d6b74" />
		<rom name="21 race results.vgz" size="3088" crc="dea01dc4" sha1="b0a55af724c9201a084aece1048124a87eb5694e" />
		<rom name="22 ending and staff roll.vgz" size="24410" crc="ec03f4e3" sha1="5dfba168f048651ec861612f8eb1cf6c928e6c03" />
		<rom name="23 the end.vgz" size="1596" crc="1e52b5cb" sha1="35f742e0eb50201166d22e79d455637dedc92f3e" />
	</machine>
	<machine name="warblast_gb">
		<description>Wario Blast - Featuring Bomberman (Game Boy)</description>
		<year>1994</year>
		<publisher>Nintendo</publisher>
		<rom name="02 level start.vgz" size="905" crc="c0c4a7a9" sha1="8149f48cf9b2dedf728566d42a01c56e09fc83b0" />
		<rom name="03 arena zone.vgz" size="1894" crc="f2fbfd19" sha1="8db705c909bb5db1cce205209b16e466a3b86ff9" />
		<rom name="08 ice zone.vgz" size="2003" crc="7507e54f" sha1="b867c81f57b92976cc3a3233cb52106b9ef22ba0" />
		<rom name="09 forest zone.vgz" size="1832" crc="054cce19" sha1="5b0de52444bffde3d086c79cd78b703f63315d50" />
		<rom name="11 you win.vgz" size="772" crc="eb6431ae" sha1="b3b84ca6bf531710471d4b0ce874fbdf28102988" />
		<rom name="14 boss cleared.vgz" size="1344" crc="1598de3c" sha1="85db937b0def4967e719f843c412e04f5baa9c9c" />
		<rom name="16 continue.vgz" size="1100" crc="f313c72c" sha1="42c0538b917aba07cc3692b80e5d9bdd2a3bf977" />
		<rom name="18 game over.vgz" size="740" crc="6b9ef5ad" sha1="3628df0c5449769c49333607e78e14527809f7ab" />
	</machine>
	<machine name="wingsdth_st">
		<description>Wings of Death (Atari ST)</description>
		<year>1990</year>
		<publisher>Thalion</publisher>
		<rom name="01 thalion logo.vgz" size="20237" crc="3f9e9248" sha1="801268643e9172ccbc7e086ec811bab556fc9a55" />
		<rom name="02 title theme.vgz" size="6141061" crc="a0f9ceed" sha1="399359c498abd0b04f215105370fa5a22d147acf" />
		<rom name="03 loader.vgz" size="18607" crc="45206f83" sha1="1387be5453026afb5b54502549f8c384b3258f24" />
		<rom name="04 stage 1 - sagyr's castle.vgz" size="74608" crc="8c669a95" sha1="3f493a90f907c893c1862073ac863b39366afef3" />
		<rom name="05 stage 2 - the jungle of mutants.vgz" size="70927" crc="907c7c81" sha1="0f66271dd76beed4dddc7b96dc668a3fdc9c37f8" />
		<rom name="06 stage 3 - the lethal swamp.vgz" size="55270" crc="b92a53cc" sha1="8ce7f1e338d4486656a64d17fa257d6f4b2c18c5" />
		<rom name="07 stage 4 - a scape of fire.vgz" size="73175" crc="87e81645" sha1="f041d33700360b20ac49ac8dcb5ff1e23932d739" />
		<rom name="08 stage 5 - cold lands of doom and despair.vgz" size="97218" crc="aa400e29" sha1="d4e0bbac074745dc4c5e3335e8b535d4a713150b" />
		<rom name="09 stage 6 - crystal world.vgz" size="73796" crc="cb2ea43a" sha1="8f25a4d64bbf8b8a4e4d09eca0a0eeaf783ce9f7" />
		<rom name="10 stage 7 - xandrilia's domain.vgz" size="45063" crc="69055fc1" sha1="c435933ca74483c735414db1e312b51b56c9cafb" />
		<rom name="11 ending.vgz" size="1594596" crc="c095306e" sha1="bbb39b9ef08c8de39fb5dca19e5cd56948f86fb5" />
		<rom name="12 unknown 1.vgz" size="22948" crc="114005ff" sha1="56a845f0dff21376b20ede3bbe263df1443e2ae4" />
		<rom name="13 unknown 2.vgz" size="3064" crc="d3fc0a38" sha1="365004afabe62a2fc7408fca9d34e575d3564cf5" />
	</machine>
	<machine name="xak2_msx2p">
		<description>Xak II (MSX2, PSG)</description>
		<year>1990</year>
		<publisher>Micro Cabin</publisher>
		<rom name="01 prosperity.vgz" size="14691" crc="5bda99ff" sha1="21f4cf8fde09b5ba3e160baab4308378f131fb5c" />
		<rom name="02 dark clouds.vgz" size="24206" crc="78f3fa45" sha1="dbf6cdfcdf8cbea26cc043b3941f19f33ad1a138" />
		<rom name="03 main ttile.vgz" size="18841" crc="5221dc9a" sha1="b31a142ef157cfa675d84f69b0be88ae1d226487" />
		<rom name="04 present time.vgz" size="5897" crc="5499b86b" sha1="f46be364dcd96813d68691b1cfcc7f5c745be491" />
		<rom name="05 boroz forest.vgz" size="24002" crc="79a26b69" sha1="795e632663661a34ce41bc3860a05fac728a9eed" />
		<rom name="06 tautook - forest people.vgz" size="6523" crc="421a7ba6" sha1="2ada20f41c3b4baa344644a1bfa1ae7feb7264a1" />
		<rom name="07 banuwa town.vgz" size="16617" crc="147cec08" sha1="c669c2a7c502b65dde6fb14245d5c2e8dcf83a22" />
		<rom name="08 bar drunkard.vgz" size="5600" crc="e00b4ec4" sha1="f3abd2082126983924a0552215437443c91ad698" />
		<rom name="09 wandering bard.vgz" size="12536" crc="354381d2" sha1="7fce9885415107385221160f80a0bacfb03a93db" />
		<rom name="10 holy teaching.vgz" size="6737" crc="cac0c1cf" sha1="ad29bb07cb4f20254cd31e4c1618bde969e46c92" />
		<rom name="11 townsman (part 1).vgz" size="5572" crc="934b65fa" sha1="c26f1e242af31fbf74193e3035d00260a2d4cb76" />
		<rom name="12 townsman (part 2).vgz" size="5133" crc="55dee3a8" sha1="d57cb839178e699670fc0b654e5a05deee15bc27" />
		<rom name="13 ai-yu-e-ni.vgz" size="6455" crc="1484fa85" sha1="9f44a5df91f51f18c36600084d5034ab0db76d9a" />
		<rom name="14 reunion - close friend.vgz" size="25279" crc="1c55c5ba" sha1="a86b07eb606e4ad1fe4ff4de02bb358e6a6f74b5" />
		<rom name="15 bridge in the sky.vgz" size="14734" crc="fd02bc0d" sha1="3c4c23fbbbfbf786f9c49c99df4f25ce02006b63" />
		<rom name="16 forest cave.vgz" size="8183" crc="5b1f9d5e" sha1="6afa50b83e76e8b97b8ee5ea2e9035085c73b53f" />
		<rom name="17 fierce fighting four heavenly kings.vgz" size="8008" crc="02220afe" sha1="2f91fb2e4c6fccc69f539da0725e273aa519ce93" />
		<rom name="18 sleeping princess mune.vgz" size="8445" crc="0c7b3843" sha1="1687e8b531a1489685decf589341a44c0df4d64e" />
		<rom name="19 ta-ka-mi-ni-te.vgz" size="5720" crc="f5f43c33" sha1="f46b3fd6237e7f1b50d5de215d53af1aedda1db2" />
		<rom name="20 miner pernando's suffering.vgz" size="14390" crc="b4a939fe" sha1="2cbb5a736dfabbf27da3cbc3917fc76c101d2d42" />
		<rom name="21 crystal quarry.vgz" size="14658" crc="1ba984f2" sha1="b76ef1d85916b0e012cc7333b0ab0b488553edb5" />
		<rom name="22 bewitching radiance.vgz" size="12679" crc="123d1e74" sha1="e70542b8aed10ad6b0fd62cbbb0ca3ad32f51ed2" />
		<rom name="23 kauryan castle.vgz" size="14136" crc="842b6d09" sha1="8aa270df1a6c50b37ae4e98787fdd0af73e38827" />
		<rom name="24 go the waterway.vgz" size="9225" crc="362fcfe6" sha1="dd5d1325ff5c69e8340acec0f088817468c8f4fe" />
		<rom name="25 trap.vgz" size="8991" crc="a3f7ec49" sha1="1eadc19de45b76debbd441157f4e9fc1c18ec130" />
		<rom name="26 game over.vgz" size="4824" crc="458e2240" sha1="5fa85a0f7a23b82bf37e6aeaa5bd0fd4bfe9f8d5" />
		<rom name="27 visit ray.vgz" size="4163" crc="9dd9ae64" sha1="8bbdc5100cd8d50135898dc3280c2247ab713dc3" />
		<rom name="28 at the port.vgz" size="5321" crc="2a5cbe66" sha1="689d3a9bb80404d2aa4716db7d11134b2bfbe529" />
		<rom name="29 setting sail.vgz" size="9607" crc="7b59de41" sha1="4a14b2eabfcdaa2a05b4bf5e11c130cb30394dcb" />
		<rom name="30 attack.vgz" size="12283" crc="af68e0b2" sha1="4feea23439107649a0d4ab4b3bf2ba83c6e719a4" />
		<rom name="31 drifting ashore death mountain.vgz" size="12379" crc="36c44789" sha1="65aa59d732153627b8c016996f138b74b36ab045" />
		<rom name="32 sealed ground.vgz" size="12480" crc="cce63e7d" sha1="637b1b4900cc7e72d4b6d70e3a045709f6f44d0b" />
		<rom name="33 red moon waxing.vgz" size="5237" crc="a00805c8" sha1="3f3550a1482bdd8c75e386c651d3cc76be7980c9" />
		<rom name="34 flying.vgz" size="11743" crc="20b4e277" sha1="30eff3bac18f8b45241c67d91ebdebc7cd7ba940" />
		<rom name="35 final decisive battle for one.vgz" size="4388" crc="3ba01458" sha1="4d6788e1a5862f41ab6a74907ebff724fcb1d7c2" />
		<rom name="36 showdown shogun gospel.vgz" size="10461" crc="2bc32776" sha1="91a2b5061fa72b1da214de047911a15d7b8bfd2c" />
		<rom name="37 demonic confrontation.vgz" size="2152" crc="8e6c85e7" sha1="f5ea26c1070d7ef0fb4abad1756989f722a884a8" />
		<rom name="38 final struggle to the death.vgz" size="10518" crc="127f29ee" sha1="81340fa92b574538a5f244a3b9da0440aef22ec0" />
		<rom name="39 silent victory.vgz" size="4039" crc="77f98c27" sha1="57a394e08e886b6592e2acf4968015e105eae47c" />
		<rom name="40 reunion with friends.vgz" size="18630" crc="8ddb8cdd" sha1="f4b61d90d481c3c9558954ffd1f8dd5ec69d1e29" />
		<rom name="41 ending 1.vgz" size="14888" crc="7133467d" sha1="7ce0f6d40e4b4f33d0797b92be0cbc8688eb9ae2" />
		<rom name="42 fray and pixie.vgz" size="8171" crc="df4e7115" sha1="50ea25d0de7557d80b54f3c807a12675a11c9c4e" />
		<rom name="43 ending 2.vgz" size="8477" crc="af08db44" sha1="aa700811b20c4eb863191e4ec2df771dceeaf6b5" />
		<rom name="44 end logo.vgz" size="1015" crc="518b13f8" sha1="1b6ad042d9e0c9f6840ec5be84371e87d417d540" />
		<rom name="45 fanfare.vgz" size="625" crc="93943467" sha1="8e2990c57a9d6507538a77591fcb97bdc0891311" />
		<rom name="46 shock.vgz" size="621" crc="e3f323f7" sha1="056725d367481febfafe131ab1b847a6e48e7e10" />
	</machine>
	<machine name="xak_msx2p">
		<description>Xak - The Art of Visual Stage (MSX2, PSG)</description>
		<year>1989</year>
		<publisher>Micro Cabin</publisher>
		<rom name="01 opening 1 (sound effects).vgz" size="7468" crc="3e4d9240" sha1="9d2614a670b4b05a28f94a80b45f223eb5c32cea" />
		<rom name="02 opening 2.vgz" size="5750" crc="bd453938" sha1="3c764bed701dbc4f6ba899380d0d2f7d4145acd4" />
		<rom name="03 opening 3.vgz" size="4316" crc="30708936" sha1="689828aab40f0f4b610991515dac2cf5cc8e206a" />
		<rom name="04 opening 4.vgz" size="14970" crc="461722af" sha1="f675509f8384ee4f1781fb30783155426ff05b19" />
		<rom name="05 town of fearless.vgz" size="10759" crc="e3403105" sha1="d9a94e94a85d5820b1ad0434a86aa626520a2346" />
		<rom name="06 church.vgz" size="11257" crc="2a61c4eb" sha1="b2e2869e8b8a738652d6069c05b28bd83cd3c322" />
		<rom name="07 messenger.vgz" size="9858" crc="14715f78" sha1="7cbfbbcfc4d758970442cd2340e749cb7246e661" />
		<rom name="08 shop.vgz" size="5728" crc="fc7df4da" sha1="614b4b0227a48773f34a396a14c981aa7d13d198" />
		<rom name="09 sadness.vgz" size="8456" crc="d6626863" sha1="a017fa042d571ad07a61e78cab72b2678e268226" />
		<rom name="10 comfort.vgz" size="14796" crc="3476112b" sha1="57939b3f007f5cc43d8ca3d5fadbdbdedd3d7505" />
		<rom name="11 smile 1.vgz" size="8177" crc="f43aae81" sha1="b97dfe68483af042101759882276ddf3a551d2a6" />
		<rom name="12 smile 2.vgz" size="8926" crc="1b151619" sha1="a585231bea4bb90b7070087feddc8afccf319121" />
		<rom name="13 uneasyness.vgz" size="7579" crc="56a31c31" sha1="98e814e1f0da5a8e7a5116e6e493ce2ecfa63624" />
		<rom name="14 to town.vgz" size="9163" crc="1d4afbf0" sha1="1a5f8617c7100a83ba2e73252183b669b050e7a1" />
		<rom name="15 battle field.vgz" size="11532" crc="3e6b2de9" sha1="4d637b5c0f419018a2292a971f352b6b81efcb4c" />
		<rom name="16 verdant land.vgz" size="9561" crc="e072cba3" sha1="9f0fb89f01b3d913d1938a5a5f0bebb09468e395" />
		<rom name="17 evil tree.vgz" size="20390" crc="37c90995" sha1="264573e5a7822350ff913a891ae0ffa22a036563" />
		<rom name="18 path to the fort.vgz" size="27749" crc="8e89d40d" sha1="a518e2464dff0d6ba5b0bf77e386c658fce878e4" />
		<rom name="19 fort.vgz" size="22435" crc="4fd87b32" sha1="5c80f06ec60ae68f113d554f378e7779650fedd1" />
		<rom name="20 water dragon.vgz" size="15721" crc="3a02efad" sha1="3a5f4c3b683d87b0d151d4f4f26ed45a8eb550db" />
		<rom name="21 town of normana.vgz" size="7445" crc="37238348" sha1="2559981d61aad029ce2d8ebc13074d93eda194e0" />
		<rom name="22 blue sea.vgz" size="15610" crc="88fd919b" sha1="052bcc98fe3c87ffb03b0eb3cee0f6d7646767ef" />
		<rom name="23 cave.vgz" size="18504" crc="04acd53b" sha1="8bd62dbade0b90fe064b77670fe8e5876d994f48" />
		<rom name="24 rock biter.vgz" size="6895" crc="3e4e577e" sha1="2552854964d180e8d868ce5c29954e2574891097" />
		<rom name="25 fire elemental &amp; water elemental.vgz" size="14572" crc="91f98dca" sha1="3cc4f780c020715378e7bef222ab5b9f1e78ffce" />
		<rom name="26 combined elemental.vgz" size="15452" crc="0c7aad2c" sha1="fce517eea297ab9361d1fb786e78096a160581c4" />
		<rom name="27 ending 1.vgz" size="14142" crc="58644b08" sha1="deac36be23a98bbce82ccfd57b6a4ef465a16bd4" />
		<rom name="28 eye catch.vgz" size="1336" crc="fd808f3f" sha1="c110e39ba97e09be3f5662d80428fc10a4c01031" />
		<rom name="29 town of nemnu.vgz" size="10529" crc="4bbe8b71" sha1="637096ac7ca973b7b47d7a6ba9f7e9ee5cfcb0bf" />
		<rom name="30 underground tower.vgz" size="22381" crc="70ee0d26" sha1="00e1f64a32b072d1ea5b73abb2a928523e9bf54b" />
		<rom name="31 necromancer.vgz" size="13488" crc="93d8c2c6" sha1="157473dd632e957882063abf32cd4ed5d0f273ab" />
		<rom name="32 land of flames.vgz" size="12431" crc="edbf0b06" sha1="8e73bc92437843d4f3d456c2b917ca13193c0160" />
		<rom name="33 fort of flames.vgz" size="15019" crc="1b1264fb" sha1="a7ccad1f12ff0d0728d4cfcc31bdcdcbd19edeee" />
		<rom name="34 dragon's ring.vgz" size="1325" crc="3460c1e7" sha1="9a4df93d383be2b9748e756cc150e5fe05eef24c" />
		<rom name="35 land of flames, the sky.vgz" size="29313" crc="278534af" sha1="fd3b01df9a51f224f62cde562fdf546de652f7a5" />
		<rom name="36 salamander.vgz" size="12077" crc="57c8a717" sha1="60d177e39d2558e843e029e2a8e496afb3508c0d" />
		<rom name="37 to the sanctuary.vgz" size="11642" crc="71556f1d" sha1="b89d1a7bd709fba99661950ed0d4ab5b22fe5795" />
		<rom name="38 sealed place.vgz" size="14430" crc="44319f40" sha1="921844f7a0b3416f66a176c65c14a0adff863dfe" />
		<rom name="39 badu's menace.vgz" size="17183" crc="b280eb2a" sha1="f3cab55ef7575ca8f2ff9050220fafc56c23ce2d" />
		<rom name="40 victory.vgz" size="22561" crc="523d64dc" sha1="efd85343db7f5b2c611500261c5efe812c22281f" />
		<rom name="41 ending 2.vgz" size="13613" crc="86a419de" sha1="79de3c5da198c8d455578c955c95481ac7fa701a" />
		<rom name="42 get_item.vgz" size="2196" crc="09009fc7" sha1="6a24552f3de06e4012168767b069da036f2747f1" />
		<rom name="43 game over.vgz" size="7209" crc="7f51cf77" sha1="452fcf4a3de7ceb8f16f528fab5922668fceaae1" />
		<rom name="44 game over 2.vgz" size="18698" crc="16a791a0" sha1="df1ce79c9f7a74494e79eacc6943c65c7922b7f3" />
		<rom name="45 system menu.vgz" size="6862" crc="52ff318c" sha1="5a7537333f0c1c28f09763b7fd5d84335e6e2eef" />
		<rom name="46 pixie, fly.vgz" size="993" crc="6bd1c9c7" sha1="14f16bde4c7b3fe80b19a1f99e88318bfeb84e6b" />
		<rom name="47 maker message.vgz" size="7254" crc="bc16927f" sha1="cbaaf1a9df87d8bc8216f103b616e4afbaad316e" />
		<rom name="48 fanfare.vgz" size="707" crc="c4d09cc4" sha1="a0353f50ef7d94c79bd31bb6944a9b089154a396" />
		<rom name="49 unused cg opening.vgz" size="8721" crc="8fd9e108" sha1="d3f533c93443ea08746426dad0f29d965d8311ca" />
		<rom name="50 unused cg bgm (millie's theme).vgz" size="5135" crc="347dbd95" sha1="f7b512cf3d27bde302ba02e504e1a301103f9df7" />
	</machine>
</datafile>