<?xml version="1.0" encoding="utf-8"?>
<!DOCTYPE datafile PUBLIC "-//Logiqx//DTD ROM Management Datafile//EN" "http://www.logiqx.com/Dats/datafile.dtd">
<datafile>
	<header>
		<name>vsmile_cart</name>
		<description>VTech V.Smile cartridges</description>
		<version></version>
		<author></author>
	</header>
	<machine name="poohgea">
		<description>Disney's Winnie Puuh - Winnie Puuh auf der Honigjagd (Germany, alt title)</description>
		<year>2004?</year>
		<publisher>VTech</publisher>
		<rom name="092064 - Winnie the Pooh - Die Honigjagd (GER).bin" size="8388608" crc="2decf812" sha1="9d9116c6b77775c3263f0b8bdfab35e1fea2fc55" />
	</machine>
	<machine name="thomasger104a">
		<description>Thomas &amp; seine Freunde - Freunde Halten Zusammen (Germany, rev. 104, alt)</description>
		<year>2007</year>
		<publisher>VTech</publisher>
		<rom name="092344-104 - Thomas and seine Freunde - Freunde halten zusammen (GER).bin" size="8388608" crc="11a81943" sha1="54c6afbea80c157858c12c6e813a8f88b82f2a92" />
	</machine>
</datafile>