<?xml version="1.0" encoding="utf-8"?>
<!DOCTYPE datafile PUBLIC "-//Logiqx//DTD ROM Management Datafile//EN" "http://www.logiqx.com/Dats/datafile.dtd">
<datafile>
	<header>
		<name>MAME - Update ROMs (v0.273 to v0.274)</name>
		<description>MAME - Update ROMs (v0.273 to v0.274)</description>
		<version></version>
		<author></author>
	</header>
	<machine name="7gold">
		<description>7 Gold</description>
		<year>200?</year>
		<manufacturer>&lt;unknown&gt;</manufacturer>
		<rom name="0.bin" size="131072" crc="d0309e6d" sha1="c7dfa75cc4575ac5dc810f9927345a89c31a7a59" />
		<rom name="3.bin" size="524288" crc="cbfb424f" sha1="b3382bca91289ed34df3d94b4b549a5a7b5c0b00" />
		<rom name="4.bin" size="524288" crc="1b9fc0b7" sha1="2894d9a31900919ff5b7a77058eb6b90243b7b17" />
	</machine>
	<machine name="afbp4">
		<description>Atari Flashback Portable (version 4)</description>
		<year>2019</year>
		<manufacturer>AtGames</manufacturer>
		<rom name="mx29lv640eb.bin" size="8388608" crc="477e8039" sha1="ee0d351afece111816aca242ec4bc62d92e5eec2" />
	</machine>
	<machine name="alienfev">
		<description>Chibi Pachi: Alien Fever</description>
		<year>1997</year>
		<manufacturer>Epoch</manufacturer>
		<rom name="alienfev.bin" size="12288" crc="e561599c" sha1="7927e198f8989861ba057150e59d1f4ad403c1d2" />
	</machine>
	<machine name="anpanmdx">
		<description>Anpanman Kazoku De Ikunou Mat DX (Japan)</description>
		<year>2011</year>
		<manufacturer>JoyPalette / SSD Company LTD</manufacturer>
		<rom name="am2j.u7" size="8388608" crc="ff653a6b" sha1="ece11198a06f9cddfae7f8c7e038675010869723" />
		<rom name="apmj.u3" size="8388608" crc="41348086" sha1="63bbf6128901c1518f537766a40e162b2616d00c" />
	</machine>
	<machine name="apmj2009">
		<description>Anpanman Pyon-Pyon Ikunou Mat (Japan)</description>
		<year>2009</year>
		<manufacturer>JoyPalette / SSD Company LTD</manufacturer>
		<rom name="apmj.u3" size="8388608" crc="5fab9492" sha1="aa588e5333bdf81daf3b5868e00783d76a42e80e" />
	</machine>
	<machine name="atgame40">
		<description>40 Bonus Games in 1 (AtGames)</description>
		<year>2012</year>
		<manufacturer>AtGames</manufacturer>
		<rom name="40bonusgamesin1.bin" size="16777216" crc="4eba6e83" sha1="b8edf1b6ecb70a136b551f1454ba8afa45bd8bc1" />
	</machine>
	<machine name="atrbtlma">
		<description>Beetlemania (Atronic)</description>
		<year>2002</year>
		<manufacturer>Atronic</manufacturer>
		<rom name="galu35.bin" size="741" crc="c81159c9" sha1="36222e0a72310986fd4a76c0677a6bd74a0ad7df" />
		<rom name="mu2.080" size="1048576" crc="689901a5" sha1="be9b1f799c108259d0f5c0e9e423b316bb390baf" />
		<rom name="mu6.010" size="131072" crc="1912e0df" sha1="3e864b5535bb24793d491e8ee74973f7612a3308" />
		<rom name="u8.080" size="1048576" crc="075df52c" sha1="4abd6d1080d93306fc4a741501255f56f24bef59" />
		<rom name="u9.080" size="1048576" crc="d3458270" sha1="afb17ee1e568f66ac95c17afd3ae403019531caf" />
		<rom name="u10.080" size="1048576" crc="5eb6d001" sha1="ae03e247995e83e355b37e477316654d157a15b6" />
		<rom name="u11.080" size="1048576" crc="5a1ee58b" sha1="8fb81a4e4d5bdd3892db33ad044137f2a43f877a" />
		<rom name="u12.080" size="1048576" crc="d6a7df27" sha1="0798de5f3676d56623933489a777795cd839a348" />
		<rom name="u13.080" size="1048576" crc="1948f27c" sha1="414e6c507513524aa559c6cb2970f3b2d27b72a0" />
		<rom name="u14.080" size="1048576" crc="8c5a9df5" sha1="81cfa3a548dc16b2e996b7e416abd43aa6f11e5f" />
		<rom name="u15.080" size="1048576" crc="d1e734d8" sha1="3b8fd88f9318ce8adc70dce93b20191f61cb0c45" />
	</machine>
	<machine name="atricmona">
		<description>I C Money (Atronic) (set 2)</description>
		<year>200?</year>
		<manufacturer>Atronic</manufacturer>
		<rom name="u2.040" size="524288" crc="0c047e55" sha1="73805271a73aa6a573164625801e021b22b1bfaf" />
		<rom name="u6.020" size="262144" crc="87f0c657" sha1="fc537474de157c304d35c852fc15d392753df356" />
		<rom name="u35.bin" size="733" crc="6c7f3f2a" sha1="826e5b6bddbc77a19713345c82e388a994c23262" />
	</machine>
	<machine name="atronicb">
		<description>Atronic SetUp/Clear Chips</description>
		<year>1999</year>
		<manufacturer>Atronic</manufacturer>
		<rom name="atronic config key cl u2" size="131072" crc="062a7ee9" sha1="562df047fcba0b9e2a26c7935cef5dade5b3f946" />
		<rom name="atronic ram clear" size="131072" crc="61fe0ce0" sha1="682d4a99f777f7b7dd77fcc739a1f752ed602aa1" />
		<rom name="atronic reset cl" size="524288" crc="b6fc07c6" sha1="9921cf9d9e95034d0353e9e72e4879449a261e21" />
		<rom name="demo mode 4meg" size="524288" crc="79c31e59" sha1="9e0f2ea4e8a6bce9840a70608bd4db2edbd01ef7" />
		<rom name="masterreset.040" size="524288" crc="e6e58b97" sha1="3250211255a280ff018e6c5912878d01fa3cfaff" />
		<rom name="u6 ck-rdw_-a-a" size="131072" crc="edff62cb" sha1="9be8351e32f3e095abc0f304fe1609770890b833" />
		<rom name="u6 ck-rdw_-a-b" size="131072" crc="15bd42ec" sha1="ff0bb157bf5d477befc71de11ff2a866cdbaecdf" />
	</machine>
	<machine name="avmjts">
		<description>AV-Mahjong Two Shot (Japan Ver 1.00 1990/05/21)</description>
		<year>1990</year>
		<manufacturer>Nichibutsu</manufacturer>
		<rom name="b.2k" size="65536" crc="a57e449e" sha1="11cfbcf28813253ad3c51867539195c86e7c51b4" />
		<rom name="c.3h" size="65536" crc="c3265f26" sha1="4361fc8e6fb9ff84b2a59441bc1784fd5d084b90" />
		<rom name="d.8c" size="65536" crc="9e109649" sha1="b0e47c1ca3ccd954813d355afe1ae6664e811e0a" />
		<rom name="e.8d" size="65536" crc="3b2b8d35" sha1="8d5f20c1ebe1dc1773398046740b8f73049fb503" />
		<rom name="f.8e" size="65536" crc="0db818c3" sha1="2e00a32d33c9713c8aa91ea66a1a181a511a71e3" />
		<rom name="g.8f" size="65536" crc="4e00c976" sha1="72fa67bab145280e5a175b9e2b66795bbfbc41fa" />
		<rom name="h.8h" size="65536" crc="a2f63dd6" sha1="7469a68917a0553489fe70abdb81f761384fa6e3" />
	</machine>
	<machine name="baboshka">
		<description>Babooshka (Atronic)</description>
		<year>2002</year>
		<manufacturer>Atronic</manufacturer>
		<rom name="babooshka_u2_1a73.u2" size="1048576" crc="b49d4c44" sha1="fe533d6dbff95b4600ea1e68345097e1ae3d418d" />
		<rom name="babooshka_u8_15d7.u8" size="1048576" crc="d2bf54a6" sha1="8226343f81c382190bf8ba38142a474c47b72fe2" />
		<rom name="babooshka_u9_2830.u9" size="1048576" crc="bbd0c880" sha1="d249f701de2639f58aea35f4a19949708fa01f5e" />
		<rom name="babooshka_u10_4868.u10" size="1048576" crc="6e78855b" sha1="1f1cee4ddeb58c854eb6e43191681e3dd7c0e377" />
		<rom name="babooshka_u11_03bb.u11" size="1048576" crc="3ac1eea2" sha1="b43a1c93af1b8cfb13e5f9088308676ed17abbcc" />
		<rom name="babooshka_u12_7f1b.u12" size="1048576" crc="404ad088" sha1="3b8caf927d36fccdbda53450a98cbd1b187094cc" />
		<rom name="babooshka_u13_ed0c.u13" size="1048576" crc="ece10619" sha1="329dd7e64d84cd8d803fb6ec25f7ee4c65d3d1eb" />
		<rom name="babooshka_u14_c087.u14" size="1048576" crc="46a2b520" sha1="7684672e8775aca8eb586148f1917963ef33dc5c" />
		<rom name="babooshka_u15_a406.u15" size="1048576" crc="c5540973" sha1="23e9faec39fefebc211c15444fdeb940f70344b2" />
	</machine>
	<machine name="ban_bkgj">
		<description>Let's! TV Play Narikiri Taikan Boukenger Hashire! Ute! Mission Start!! (Japan)</description>
		<year>2006</year>
		<manufacturer>Bandai / SSD Company LTD</manufacturer>
		<rom name="bkgj.u2" size="4194304" crc="a59ce23c" sha1="d2a6be9e46f3cfc3cf798bf1f76732eee909c93b" />
	</machine>
	<machine name="ban_db2j">
		<description>Let's TV Play Dragon Ball Z Battle Experience Kamehameha 2 ~Ossu Ome Goku Tenkaichi Budokai~ (Japan)</description>
		<year>2006</year>
		<manufacturer>Bandai / SSD Company LTD</manufacturer>
		<rom name="db2j.u3" size="8388608" crc="7362ac0d" sha1="f1880470f0db56135d9bc88d7193d037ac49b996" />
	</machine>
	<machine name="ban_dn1j">
		<description>Let's! TV Play Disney Characters Oto! Iro! Ton-Ton! Miracle Parade (Japan)</description>
		<year>2007</year>
		<manufacturer>Bandai / SSD Company LTD</manufacturer>
		<rom name="dn1j.u2" size="8388608" crc="0a0cef0f" sha1="c83a2635a969b3c686dbc599a37f8b7496b0c6a1" />
	</machine>
	<machine name="ban_krkk">
		<description>Let's! TV Play Nou to Karada o Kitaeru Taikan Zunou Family Mattore (Japan)</description>
		<year>2006</year>
		<manufacturer>Bandai</manufacturer>
		<rom name="quiz.bin" size="4194304" crc="6f51180a" sha1="38017ecaae4eead38482aeb04c90b5a5eeebd6ca" />
	</machine>
	<machine name="ban_utmj">
		<description>Let's! TV Play Taikan Cast Off - Kamen Rider Kabuto Clock Up &amp; Rider Kick!! (Japan)</description>
		<year>2006</year>
		<manufacturer>Bandai / SSD Company LTD</manufacturer>
		<rom name="utmj.u7" size="8388608" crc="0ac2bcd9" sha1="ca7c82e2015c86bb37bd66016c33343d174e9965" />
	</machine>
	<machine name="beluga">
		<description>Beluga</description>
		<year>1990</year>
		<manufacturer>Novag Industries / Intelligent Heuristic Programming</manufacturer>
		<rom name="novag_903_31y0rm59p.u1" size="16384" crc="16fc6bfc" sha1="5ab4c7e92eb7b6b449c388f50293dfd01aa87c24" />
	</machine>
	<machine name="bk139in1">
		<description>BornKid 32 Bit Preloaded 139-in-1 Handheld Game Console</description>
		<year>202?</year>
		<manufacturer>&lt;unknown&gt;</manufacturer>
		<rom name="25q512.bin" size="67108864" crc="0cd111a4" sha1="70553a44c3d946e5d23c09f04e0627a5dbaa3e4d" />
	</machine>
	<machine name="bmf_ita" ismechanical="yes">
		<description>Batman Forever (Italian, 4.0, Sept. 26 1995, Display Rev. 4.00)</description>
		<year>1995</year>
		<manufacturer>Sega</manufacturer>
		<rom name="bmcpu_italy.c5" size="65536" crc="adab3152" sha1="d99124f4199988e50933f8fb9de2677e5327e139" />
		<rom name="bmf_dmd0i.bin" size="524288" crc="78e15b14" sha1="67fba0efcd94e2210ea3532e6a3a8f4a6d5891b0" />
		<rom name="bmf_dmd3i.bin" size="524288" crc="759f676b" sha1="622c105fa30d44b244ef9eeecfdd6f753031fc4d" />
	</machine>
	<machine name="bmf_itb" ismechanical="yes">
		<description>Batman Forever (Italian, 4.0, Sept. 26 1995, Display Rev. 4.00, earlier sound ROM)</description>
		<year>1995</year>
		<manufacturer>Sega</manufacturer>
		<rom name="batforesndu7_92f0_7-16-95.bin" size="65536" crc="9d8b2477" sha1="9e5087e3c84b440e26bb7a6952e6f0c9db734de3" />
	</machine>
	<machine name="bonuscha">
		<description>Bonus Chance (W-8, set 2)</description>
		<year>1990</year>
		<manufacturer>Wing Co., Ltd.</manufacturer>
		<rom name="rom5.1u" size="65536" crc="9395bfaa" sha1="aec2bb78ce3fbcaebe9cddc5519ca47fb29455c7" />
	</machine>
	<machine name="cb2">
		<description>Cherry Bonus II (V2.00 06/01)</description>
		<year>1989</year>
		<manufacturer>Dyna</manufacturer>
		<rom name="1.1h" size="8192" crc="d902512a" sha1="7e67e6942415d3580255f587060f69a50b75f445" />
		<rom name="2.2h" size="8192" crc="4baf17f8" sha1="748630bcadbc40aaa64c0e3b82aca8cd28972cf8" />
		<rom name="3.4h" size="8192" crc="5fe4deb5" sha1="a10206d1f0040b448da38444556364db6b21b940" />
		<rom name="4.5h" size="8192" crc="e3bc9e64" sha1="a0ba18c0138233be8cb0b36f123cef16136df99b" />
		<rom name="5.7h" size="32768" crc="28e7b2c4" sha1="b457d1da74da562f4151e188786551692435367b" />
		<rom name="6.8h" size="32768" crc="0625782b" sha1="0bcc92f91b7b13ae6e87938379228108a47a8920" />
		<rom name="7.9h" size="32768" crc="31144af6" sha1="bc7ada0b0b255de14b2ffed46256213880d2e586" />
		<rom name="dyna_cb2_280.ic3" size="32768" crc="ad930734" sha1="e47f827dbecc7679aa403d838922d69763736356" />
	</machine>
	<machine name="cb3h">
		<description>Cherry Bonus III (ver.1.40, set 7)</description>
		<year>199?</year>
		<manufacturer>Dyna</manufacturer>
		<rom name="sub.u6" size="65536" crc="e154a31d" sha1="18a7d36563ed914207100286fd6ad75e6180bae8" />
	</machine>
	<machine name="cb3s51">
		<description>Cherry Bonus III (ver.5.1)</description>
		<year>199?</year>
		<manufacturer>Dyna</manufacturer>
		<rom name="cb3s-v51.ic5" size="65536" crc="1b9a12a1" sha1="75f76b47147d07e8086812bc13c08f06952622a2" />
	</machine>
	<machine name="cb5_11">
		<description>Cherry Bonus V Five (V1.1)</description>
		<year>1997</year>
		<manufacturer>Dyna</manufacturer>
		<rom name="cb5.11d" size="131072" crc="ea99dad0" sha1="eaa899583b199db140dcc0fe750d388996b111a5" />
		<rom name="n82s135n.2b" size="256" crc="502be98c" sha1="4591d1d5cfe9e83032705139e630dfa5df79689a" />
		<rom name="n82s135n.2d" size="256" crc="bb1865c9" sha1="58acf909dd6de519d9675482d130b697856e1bf4" />
	</machine>
	<machine name="cbaai">
		<description>Cherry Bonus (A.A.I. bootleg)</description>
		<year>1990</year>
		<manufacturer>bootleg (A.A.I.)</manufacturer>
		<rom name="1.1h" size="8192" crc="dc2e3af5" sha1="d6b775601444274acaf8645e8df53c78219ac7e7" />
		<rom name="2.2h" size="8192" crc="14f36329" sha1="09ceb73e4cc5c83740ce2bfc65468b39e3b87cbe" />
		<rom name="3.4h" size="8192" crc="d8189823" sha1="26731dab01237c8d1b53861db0840cf66282d8e1" />
		<rom name="4.5h" size="8192" crc="cee3d9fd" sha1="987875fa4417940641b5a18636165d05db8c89ad" />
		<rom name="5.7h" size="32768" crc="a4c00251" sha1="c8661ea98cdf78fed3890e822ab27bc82d65c234" />
		<rom name="6.8h" size="32768" crc="e8171fa6" sha1="42615668802b286d6867884ab487376538c24a33" />
		<rom name="7.9h" size="32768" crc="60ba750d" sha1="a7b78bc6d599a593f06a3d0adb5b0ff71224e2f8" />
		<rom name="dyna_cb2_280.ic3" size="65536" crc="be8359bf" sha1="e363fdb106ab2289e02c035875c1350f74d6c4fc" />
	</machine>
	<machine name="ch3001r">
		<description>Champion 3001 Regular</description>
		<year>200?</year>
		<manufacturer>&lt;unknown&gt;</manufacturer>
		<rom name="ch_3001r_ep.1.bin" size="524288" crc="603c8cce" sha1="c6cef80d4822d0decee8e33b69ab67c4bf181cd3" />
		<rom name="ch_3001r_ep.2.bin" size="524288" crc="919eb3ba" sha1="7ca6f7fdb653e34d0d52e3c441ae6a53292233f0" />
		<rom name="ch_3001r_ep.3.bin" size="524288" crc="d8bd8e4f" sha1="2d3fb6b7a1e8ab124566f9cf2490c759f9461974" />
		<rom name="ch_3001r_ep.4.bin" size="524288" crc="9d5caef0" sha1="f93fd729b9d395c0323de9b438a6c39efc7d92a5" />
		<rom name="ch_3001r_msg.0.bin" size="131072" crc="3e7ce516" sha1="cb7acf1cb7fce54b3cf0722207b31845d18cf5ac" />
	</machine>
	<machine name="chicdale">
		<description>Chickendales (Atronic)</description>
		<year>2002</year>
		<manufacturer>Atronic</manufacturer>
		<rom name="chick_u2_0e52.u2" size="1048576" crc="c213b510" sha1="9549f16a2bbfc735d55b908adad59283abf1b221" />
		<rom name="mu2.040" size="1048576" crc="2f2670b4" sha1="3530a3f0f149da0221e1c25351f62de0e8e6a2b7" />
		<rom name="u8.080" size="1048576" crc="7f2f9e2b" sha1="ecbf5fc17ea45fd47f6b2a87ee0cd4b8e63eb5b8" />
		<rom name="u9.080" size="1048576" crc="9b74ec99" sha1="99834a3ad4ccbd594ae9de0edde7920619bcad5e" />
		<rom name="u10.080" size="1048576" crc="631e4449" sha1="4b0da20238523efd0235fc95bbf6eea0a0866ca1" />
		<rom name="u11.080" size="1048576" crc="1b783bf7" sha1="7018ce74b67370fdf679646d049a64569e7d1906" />
		<rom name="u12.080" size="1048576" crc="b927f5dc" sha1="5c9af46b54b7e919ffc0098114bee6fbcc45167a" />
		<rom name="u13.080" size="1048576" crc="f21780da" sha1="b40ee4de5d7b68bd723affecc9160bd78198390e" />
		<rom name="u14.080" size="1048576" crc="6d0f1d70" sha1="d096ac8b501e3a6664c3042f86aa03fe35626b09" />
		<rom name="u15.080" size="1048576" crc="e62e2d2d" sha1="b06443f0a67f93b3cc8f18fc3b1bdce54ba2c792" />
	</machine>
	<machine name="cmast97a">
		<description>Cherry Master '97 (V1.7, set 2)</description>
		<year>1996</year>
		<manufacturer>Dyna</manufacturer>
		<rom name="c97.f10" size="65536" crc="fa0a6e69" sha1="6d75cb4b4d16ae84dab55433d439f5d24fd52ed9" />
	</machine>
	<machine name="cmasterl">
		<description>Cherry Master I (ver.1.01, set 12)</description>
		<year>1991</year>
		<manufacturer>Dyna</manufacturer>
		<rom name="sc9.16f" size="32768" crc="9b305a27" sha1="7ab27f3ea1c0fd71ebaa54fc3d60d43cf6ab7c8b" />
	</machine>
	<machine name="cmezspina">
		<description>Cherry Master I (E-Z Spin Hands Count bootleg / hack, set 1)</description>
		<year>199?</year>
		<manufacturer>bootleg</manufacturer>
		<rom name="ezspinhcv2.rom" size="32768" crc="5203f088" sha1="2ac2e32350661dc54fb78cff5543d68bda072614" />
	</machine>
	<machine name="cmezspinb">
		<description>Cherry Master I (E-Z Spin Hands Count bootleg / hack, set 2)</description>
		<year>199?</year>
		<manufacturer>bootleg</manufacturer>
		<rom name="ezspinhcv3.rom" size="32768" crc="1c7538f8" sha1="ca458e45161284e6cb7ad7a66d799cd93bfdeb93" />
	</machine>
	<machine name="codemagik">
		<description>Code Magik (Ver 5.5) / Super 7 (stealth game)</description>
		<year>198?</year>
		<manufacturer>Voyageur de L'Espace Inc.</manufacturer>
		<rom name="1y_2764.4a" size="8192" crc="41b83c2d" sha1="b46a43636c577c4a3620c69ef874f11aa9d48473" />
		<rom name="2764.10a" size="8192" crc="4aac24d5" sha1="06c89052d0f6f9d435ff88be62706595fe716791" />
		<rom name="2764.11a" size="8192" crc="61a6ffef" sha1="d7f0f1b415b14d9919f9ac3b8a1d74f3e14ccc2d" />
		<rom name="codemagik_nvram.bin" size="2048" crc="55f269ca" sha1="c55b9f1eff66811d122718bef2bb067d4f4b817a" />
	</machine>
	<machine name="cpchess">
		<description>Pocketchess (CXG)</description>
		<year>1986</year>
		<manufacturer>CXG Systems / Newcrest Technology / Intelligent Software</manufacturer>
		<rom name="1985_white_and_allcock_hd44820b63" size="8192" crc="8decfb8f" sha1="ac216663fe72cc98607ce44c033bc4b13b309ad1" />
		<rom name="cpchess.svg" size="57412" crc="7859b1ac" sha1="518c5cd08fa8562628345e8e28048c01c9e4edd6" />
	</machine>
	<machine name="ct8000">
		<description>Casiotone 8000</description>
		<year>1983</year>
		<manufacturer>Casio</manufacturer>
		<rom name="ct8000_2732.bin" size="4096" crc="e6f1f3f9" sha1="637a9d2b6be2f12240724c8aa5744c5f28ac4af0" />
		<rom name="upd8049c-364.bin" size="2048" crc="8c9b3f40" sha1="5507117671300fe350df39b4ca70239079a1b0e7" />
	</machine>
	<machine name="ctfk1">
		<description>Casiotone FK-1</description>
		<year>1983</year>
		<manufacturer>Casio</manufacturer>
		<rom name="fk1_2732.bin" size="4096" crc="f7416356" sha1="6d92aa5f377769327451334324f1f32b52951968" />
	</machine>
	<machine name="ctmb1">
		<description>Casiotone MB-1</description>
		<year>1983</year>
		<manufacturer>Casio</manufacturer>
		<rom name="mb1_2732.bin" size="4096" crc="fc128110" sha1="8ff31fdccb8200836cf414bc709d5b9a68279205" />
	</machine>
	<machine name="cultname">
		<description>Seimei-Kantei-Meimei-Ki Cult Name</description>
		<year>1996</year>
		<manufacturer>I'Max</manufacturer>
		<rom name="sx011-01.bin" size="343" crc="669096c1" sha1="36f55a2e4865bdf0506746a4df51bfb1944f905e" />
	</machine>
	<machine name="cutyline">
		<description>Cuty Line (ver.1.01)</description>
		<year>1991</year>
		<manufacturer>Dyna</manufacturer>
		<rom name="16f" size="32768" crc="07accc1f" sha1="fa6ff31acf93510530c81d474cccc0d4f73235dc" />
	</machine>
	<machine name="cutylinea">
		<description>Cuty Line (LC-88 bootleg, ver.8.05C)</description>
		<year>1991</year>
		<manufacturer>bootleg</manufacturer>
		<rom name="rom1.2h" size="8192" crc="188fc72b" sha1="501afe548dc279c5f77d9827d0a073875fa7a64f" />
		<rom name="rom2.3h" size="8192" crc="955d0517" sha1="3662f97996f80ef9093936dfe0a73de5f6850294" />
		<rom name="rom3.2f" size="8192" crc="e7e300c2" sha1="b21926d41aa9d27c78fbf28efd86ac070891a7bb" />
		<rom name="rom4.3f" size="8192" crc="2d044e6b" sha1="7ca60cca8de2c368ca43f1ce54a5140a3dd1ee37" />
		<rom name="rom5.1e" size="32768" crc="2350e482" sha1="03c4a83fb5b544d061378db319ff652a2c053062" />
		<rom name="rom6.2e" size="32768" crc="36dfbbcb" sha1="8dee44f4b007a41b67e2d4eb75b88b02b9118be0" />
		<rom name="rom7.3e" size="32768" crc="1fa8d85e" sha1="963570178dfb359c6ef4c322791de8f08306eb0c" />
		<rom name="rom9.16f" size="65536" crc="8a16515f" sha1="411f1286c25905150e77f002d940b7a6de329b25" />
	</machine>
	<machine name="cutylineb">
		<description>Cuty Line (LC-88 bootleg, ver.7C.14)</description>
		<year>1991</year>
		<manufacturer>bootleg</manufacturer>
		<rom name="rom9.16f" size="65536" crc="90b700aa" sha1="9abdedf144f631f21853e7df8f533a5b0d4bf43e" />
	</machine>
	<machine name="d70">
		<description>D-70 Super LA Synthesizer</description>
		<year>1991</year>
		<manufacturer>Roland</manufacturer>
		<rom name="roland_d70_v1.10_a_even.ic4" size="65536" crc="5f7374c5" sha1="15d9249c35c3db6a7d1df6a4f4e42f0ce99f11a5" />
		<rom name="roland_d70_v1.10_b_odd.ic9" size="65536" crc="f024220e" sha1="cde358c1ec205f446114f478b43269b01b8be048" />
		<rom name="roland_d70_v1.12_a_even.ic4" size="65536" crc="86032879" sha1="07e7545c2dae93311f7b5d77b65c548e56391748" />
		<rom name="roland_d70_v1.12_b_odd.ic9" size="65536" crc="910cf30e" sha1="15cb5ecb956205dc9d6254822178139a228790d8" />
		<rom name="roland_d70_v1.14_a_even.ic4" size="65536" crc="651e7cd5" sha1="73ad2d897f51449111064e92b515a4118fee4dad" />
		<rom name="roland_d70_v1.14_b_odd.ic9" size="65536" crc="b3533278" sha1="8c2019c20b60d4fbb5f5956bce672a84f515215b" />
		<rom name="roland_d70_v1.16_a_even.ic4" size="65536" crc="761f6eac" sha1="18bd2c8390d67f1000fae652f51a03322bb088cd" />
		<rom name="roland_d70_v1.16_b_odd.ic9" size="65536" crc="103a1f07" sha1="530408a8ae8d74786cb8179892b7e3a24db93000" />
		<rom name="roland_d70_v1.19_a_even.ic4" size="65536" crc="95fcf250" sha1="174962eb42f56aaf936aeca4db77228bf19ec97a" />
		<rom name="roland_d70_v1.19_b_odd.ic9" size="65536" crc="a14f0ce1" sha1="9ef2d62b1be5c38b9fa0072a5889b8ab0e47623e" />
	</machine>
	<machine name="diablo68">
		<description>Diablo 68000 (set 1)</description>
		<year>1991</year>
		<manufacturer>Novag Industries / Intelligent Heuristic Programming</manufacturer>
		<rom name="d_c18.u2" size="32768" crc="7a957540" sha1="756ad377e2425be02be49603d571df2fcc5f06a6" />
	</machine>
	<machine name="digimon">
		<description>Digital Monster (Japan)</description>
		<year>1997</year>
		<manufacturer>Bandai</manufacturer>
		<rom name="digimon.bin" size="16384" crc="08ffac1b" sha1="1dde9b0aa81c8f4a1e22d3a79d4743833fc6cba7" />
		<rom name="digimon.svg" size="158040" crc="0a6ad374" sha1="e0bafc2c907dbe49e366ff76f2aef622e058f915" />
	</machine>
	<machine name="digimonv2">
		<description>Digital Monster Ver. 2 (Japan)</description>
		<year>1998</year>
		<manufacturer>Bandai</manufacturer>
		<rom name="digimonv2.bin" size="16384" crc="19a9e54e" sha1="ab860ca9f31f478532122cb9d20f59964a080a27" />
	</machine>
	<machine name="digimonv3">
		<description>Digital Monster Ver. 3 (Japan)</description>
		<year>1998</year>
		<manufacturer>Bandai</manufacturer>
		<rom name="digimonv3.bin" size="16384" crc="3000cf30" sha1="0acd50e623e20d857e13bae150ac03405896cf2b" />
	</machine>
	<machine name="digixar">
		<description>Digimon X Arena (Japan)</description>
		<year>201?</year>
		<manufacturer>Bandai / Koto</manufacturer>
		<rom name="mr27t640.ic6" size="8388608" crc="f593ac1b" sha1="58cafab21d690de23b4781800c272bebf6b2b46f" />
	</machine>
	<machine name="dio98628" isdevice="yes" runnable="no">
		<description>HP98628 data communication interface</description>
		<rom name="98628-81003.bin" size="8192" crc="ac51d596" sha1="738fa16ac9a0f865938e7b197d26bd37c27b8660" />
	</machine>
	<machine name="dio98629" isdevice="yes" runnable="no">
		<description>HP98629 SRM interface</description>
		<rom name="1818-1739b.bin" size="8192" crc="5955894e" sha1="b02b3688a8e415701905c7a1d8ae8848fd9b8b42" />
	</machine>
	<machine name="dmbtjunc">
		<description>Let's! TV Play Digital Monster Battle Junction (Japan)</description>
		<year>2006</year>
		<manufacturer>Bandai</manufacturer>
		<rom name="battlejunction.u3" size="8388608" crc="31471c53" sha1="94fdd8c4c67914054e304a55042c10710af2e596" />
	</machine>
	<machine name="doradraw">
		<description>Doraemon Ugoku! Oekaki (Japan)</description>
		<year>2007</year>
		<manufacturer>Epoch / SSD Company LTD</manufacturer>
		<rom name="dmdj.u2" size="8388608" crc="b3ca50ab" sha1="9e6d28c1e170d3556e3c4ddcefb4cb51fd100df5" />
		<rom name="dmdj.u7" size="2097152" crc="0e6392f9" sha1="30fa3d3451b37d663e124c7d1d52c7e30284d2fb" />
	</machine>
	<machine name="drmmake">
		<description>Dream Maker (Atronic)</description>
		<year>2002</year>
		<manufacturer>Atronic</manufacturer>
		<rom name="mu2.080" size="1048576" crc="cf54db9e" sha1="79ad505c766bcdd51e08ff43c0221c14c9f519df" />
		<rom name="u8.080" size="1048576" crc="3975a3da" sha1="2e2e0647984f38341f6a647964792e60b0b63cd4" />
		<rom name="u9.080" size="1048576" crc="6a453363" sha1="228652e3915b6d8c1a5523acc77caa65b0c61a1f" />
		<rom name="u10.080" size="1048576" crc="72288580" sha1="72c430747453df09b3bf13cd1cf044de18ab1333" />
		<rom name="u11.080" size="1048576" crc="81185cbd" sha1="0367f0d9c6adf13be4f74863463ed8570209658b" />
		<rom name="u12.080" size="1048576" crc="2c657b56" sha1="7377fd4a5e7bd64ece9bb68db993be5a308d9bc8" />
		<rom name="u13.080" size="1048576" crc="96c7434f" sha1="0ed6b3a905d811e9069de446f26b22050d305d7b" />
		<rom name="u14.080" size="1048576" crc="146a9774" sha1="426184154b6ae89a8e659e6a4fdb433a3ce6c449" />
		<rom name="u15.080" size="1048576" crc="0f8b4209" sha1="e9f1e03446e9252b843273879e647bf85ed6e1ac" />
	</machine>
	<machine name="easports">
		<description>EA Sports Classics: NHL 95 &amp; FIFA Soccer 96 (JAKKS Pacific TV Game)</description>
		<year>2004</year>
		<manufacturer>JAKKS Pacific Inc / Digital Eclipse</manufacturer>
		<rom name="ea.u3" size="4194304" crc="d750089e" sha1="426f04c3d841103d434a892561db55ade684db54" />
		<rom name="ea.u4" size="2097152" crc="20a63445" sha1="8c3383a353638c7d6b795d15a751275043eacbd0" />
		<rom name="nvram" size="131072" crc="bfcbd206" sha1="0f5b730679762547a0658c2cd0d4fa5169b857af" />
	</machine>
	<machine name="eggventr4">
		<description>Egg Venture (Release 4)</description>
		<year>1997</year>
		<manufacturer>ICE / The Game Room</manufacturer>
		<rom name="ev_vc8.4.vc8" size="524288" crc="3348aabb" sha1="959c6a20e67e7fe0d4505f8af6433bf7207f3656" />
		<rom name="ev_vc9.4.vc9" size="524288" crc="c699178f" sha1="192b770966db5e534eccb60b4632d392dbba3721" />
	</machine>
	<machine name="eldoraddoc">
		<description>El Dorado (V1.1J)</description>
		<year>1991</year>
		<manufacturer>Dyna</manufacturer>
		<rom name="nel.20d.14c" size="65536" crc="fee901b9" sha1="d304fd5ea39cada5787c9f742f6b7801cf12670c" />
	</machine>
	<machine name="endrichsb">
		<description>Endless Riches (Ver 1.10)</description>
		<year>1999</year>
		<manufacturer>E.N.Tiger</manufacturer>
		<rom name="kfp_u02_c11.u2" size="524288" crc="12613215" sha1="b39526b13fdf6ce7d7ece664356a075f61fea368" />
		<rom name="kfp_u03_c11.u3" size="524288" crc="e32152eb" sha1="2dbe413fc1fb84a88b3033ad567b743ca70e0d74" />
	</machine>
	<machine name="enp10" isdevice="yes" runnable="no">
		<description>CMC ENP-10</description>
		<rom name="knlrom10__v4.1-h.u4" size="8192" crc="b5f0a49b" sha1="70e0d54c25a152503796fae8d7c5ffab6d625583" />
		<rom name="knlrom10__v4.1-l.u3" size="8192" crc="78d8ae1b" sha1="c69a8fa2edec7d6faadb48591ce252ac45b55cad" />
		<rom name="u_rev-99592-616335-1.u3" size="65536" crc="0d8e5aa4" sha1="f4b165581c5840e0607bd979c297d3e5ee77cb0f" />
		<rom name="u_rev-99592-616335-2.u4" size="65536" crc="88527c5e" sha1="b953d99d5eb3462c41202f64f560fae592e269fa" />
	</machine>
	<machine name="ep804">
		<description>EP804 EPROM Programmer</description>
		<year>1982</year>
		<manufacturer>Wavetek/Digelec, Inc</manufacturer>
		<rom name="804-3-1.7_1c96.2764.d42" size="8192" crc="994df376" sha1="93bbc48b72e2126a9f40312e66ca2a87c7f67bf6" />
		<rom name="804.2-1.7_3bc0.2764.d41" size="8192" crc="d39c2b51" sha1="6e00d9c8f5037936618fd17475b72261f3e54826" />
	</machine>
	<machine name="epo_doka">
		<description>Doko Demo Doraemon Nihon Ryokou Game DX Taikan! Doko Dora Grand Prix! (Japan)</description>
		<year>2004</year>
		<manufacturer>Epoch / SSD Company LTD</manufacturer>
		<rom name="doka.u1" size="4194304" crc="853266d2" sha1="d4121b89ee464088951898282404e5a2b788dd69" />
	</machine>
	<machine name="epo_dtcj">
		<description>Doraemon Taikan Take-copter! Sora Tobu Daibouken (Japan)</description>
		<year>2006</year>
		<manufacturer>Epoch / SSD Company LTD</manufacturer>
		<rom name="dtcj.u2" size="8388608" crc="64c2aabb" sha1="14f02eb01f1c6e76202f7a70818c300ba23fd879" />
	</machine>
	<machine name="epo_ntpj">
		<description>Hello Kitty Piano PC (Japan)</description>
		<year>2008</year>
		<manufacturer>Epoch / SSD Company LTD</manufacturer>
		<rom name="ntpj.u6" size="8388608" crc="6ce02166" sha1="21c2ed48014e66123bb9968648984f82de361e2a" />
	</machine>
	<machine name="epo_rgfj">
		<description>Ishikawa Ryou Excite Golf (Japan)</description>
		<year>2010</year>
		<manufacturer>Epoch / SSD Company LTD</manufacturer>
		<rom name="rgfj.u1" size="8388608" crc="96c9563a" sha1="36b9dd3e5dcc8099787b25d28143997f61273234" />
	</machine>
	<machine name="epo_tetr">
		<description>Minna no Tetris (Japan)</description>
		<year>2007</year>
		<manufacturer>Epoch</manufacturer>
		<rom name="mx29lv320mb.bin" size="4194304" crc="b4ad30e0" sha1="83e30e199854c647f9a197562d1bf1f3bc847fff" />
	</machine>
	<machine name="evilngt">
		<description>Evil Night (ver UBA)</description>
		<year>1998</year>
		<manufacturer>Konami</manufacturer>
		<rom name="93c46.7k" size="128" crc="e632f292" sha1="85c5292cd4002a272126d06bb50fb1bd38476936" />
	</machine>
	<machine name="excal">
		<description>Mephisto Excalibur</description>
		<year>1983</year>
		<manufacturer>Hegener + Glaser</manufacturer>
		<rom name="1l_215_22.10.l1" size="16384" crc="372639b0" sha1="fb56a19689e164175a3db10faf24ab3360264b7c" />
		<rom name="1u_215_22.10.u1" size="16384" crc="f4b16b35" sha1="778b1ece0fc5db88b667d550a55cb757c1280d4d" />
		<rom name="2l_215_22.10.l2" size="16384" crc="08dc7409" sha1="6f7a336c615ff40dd4018a2150c3213bc7e7e1dc" />
		<rom name="2u_215_22.10.u2" size="16384" crc="ad039672" sha1="4dc80600bcc7ea450102f2d0eb25be644e5e542c" />
	</machine>
	<machine name="excaltm">
		<description>Mephisto Excalibur (WCCC 1983 New York TM)</description>
		<year>1983</year>
		<manufacturer>Hegener + Glaser</manufacturer>
		<rom name="excalibur_wccc_1983_1l.l1" size="16384" crc="5ff3c9f7" sha1="6d408f9709a7b763215a6bf1c7199d9b54f89d79" />
		<rom name="excalibur_wccc_1983_1u.u1" size="16384" crc="70c420c0" sha1="11130d910dbc062da224ca24d020f34e95e299a9" />
		<rom name="excalibur_wccc_1983_2l.l2" size="16384" crc="576d2e6e" sha1="58b8018996442b4b957d64631c0701be64dfc382" />
		<rom name="excalibur_wccc_1983_2u.u2" size="16384" crc="5d899bcc" sha1="d9dbdc1b05a86664bb22489c812ca347b44c6395" />
	</machine>
	<machine name="f16s8l">
		<description>F-16 Super 8 Lines</description>
		<year>1989</year>
		<manufacturer>Leisure Ent</manufacturer>
		<rom name="f17.b14" size="32768" crc="5384e190" sha1="9ef9b44206b258f5850d05c1b6aa738131842a50" />
	</machine>
	<machine name="feverch">
		<description>Fever Chance (W-6, Japan, set 1)</description>
		<year>1986</year>
		<manufacturer>Wing Co., Ltd.</manufacturer>
		<rom name="82s123.10d" size="32" crc="71670863" sha1="bd0d18c55774db7720413632d130cf3790fca1ad" />
		<rom name="82s123.13f" size="32" crc="82b2660a" sha1="af4a8f4560ec22a7adda1f590651d6a84f894314" />
		<rom name="82s129.11f" size="256" crc="0a15ccc6" sha1="7915e2cbfe4264cab42a780364ca56038412a249" />
		<rom name="82s129.12f" size="256" crc="5b826df5" sha1="c6e8ffec328f1bb8acdcad70d7045f96cc150166" />
	</machine>
	<machine name="fevercha">
		<description>Fever Chance (W-6, Japan, set 2)</description>
		<year>1986</year>
		<manufacturer>Wing Co., Ltd.</manufacturer>
		<rom name="7h" size="32768" crc="ef8bbc3f" sha1="6787e9320f8d13d4b35e73befaffc251b6b5db65" />
		<rom name="8h" size="32768" crc="7195d1cc" sha1="cd7d55251cb1ce64dd4f9e9181acd7885317130c" />
		<rom name="10h" size="32768" crc="343182c7" sha1="227f0db85a7191cfb90a12402c8107537e8ca6db" />
		<rom name="main.c11" size="32768" crc="29661207" sha1="9092a528c630224e7abb2419db8ec6d6a5153bed" />
	</machine>
	<machine name="feverchtw">
		<description>Fever Chance (W-6, Taiwan)</description>
		<year>1986</year>
		<manufacturer>Yamate</manufacturer>
		<rom name="main_tw.c11" size="32768" crc="a38376d8" sha1="34b1966becae4adbde5554db95707683157d4fa4" />
	</machine>
	<machine name="fex68km4">
		<description>Excel 68000 Mach IV 68020 Master 2325 (set 1)</description>
		<year>1989</year>
		<manufacturer>Fidelity International</manufacturer>
		<rom name="68020_mach_iv_v1.3a_even_11_30_88.u6" size="32768" crc="ea47a712" sha1="bd853f74c83d760a4f4df0250248cbdba8f1f241" />
		<rom name="68020_mach_iv_v1.3a_odd_11_30_88.u7" size="32768" crc="41b5860d" sha1="935c43ef1ff511426f49e83e29014883c68e99b4" />
	</machine>
	<machine name="fpsport">
		<description>3-in-1 Smart Sports! (US)</description>
		<year>2008</year>
		<manufacturer>Fisher-Price</manufacturer>
		<rom name="fpsports.bin" size="8388608" crc="d8c23ccc" sha1="46cbe0aa180facbc06db771c09d3926b27336ac1" />
	</machine>
	<machine name="gameu90">
		<description>Play Portable Color GameU+ (90-in-1) (Japan)</description>
		<year>201?</year>
		<manufacturer>YSN</manufacturer>
		<rom name="s29gl256.bin" size="33554432" crc="4b9e0498" sha1="7ee387deabdd8dd59e5fa7f4f39d472bd4462ba9" />
	</machine>
	<machine name="gigapets">
		<description>Giga Pets Explorer (Version 1.34.1, Mar 17 2006)</description>
		<year>2006</year>
		<manufacturer>Hasbro</manufacturer>
		<rom name="rom.u7" size="8388608" crc="beacc99c" sha1="d6e3ed69e297282b9d85661a7468e0c0a6815d31" />
	</machine>
	<machine name="gnumber">
		<description>Golden Number</description>
		<year>200?</year>
		<manufacturer>MM / BRL Bologna</manufacturer>
		<rom name="golden_number_1.u22" size="524288" crc="8bd15448" sha1="0ab853f55dd520c6b0dbcc4a604c86b54b4dc5c2" />
		<rom name="golden_number_2.u19" size="524288" crc="d40ffba5" sha1="925cfdd4cbd5610d87f48c1202fa7ba7357e37d2" />
		<rom name="golden_number_3.u20" size="524288" crc="ae927b5b" sha1="7f27c8e1a165cd663469e768159aeac45328879c" />
		<rom name="golden_number_4.u21" size="524288" crc="e3de62ee" sha1="212bfad6798332f459382ad7f9de23b9890e0981" />
		<rom name="golden_number_5.u6" size="262144" crc="5264ad9e" sha1="e076e0cd4a6b08b7c2ca01d85eecd0c2e34ad8b0" />
	</machine>
	<machine name="gradius3j">
		<description>Gradius III: Densetsu kara Shinwa e (Japan, version 3, newer)</description>
		<year>1989</year>
		<manufacturer>Konami</manufacturer>
		<rom name="945_312.e15" size="131072" crc="6dcd00ab" sha1="d0cffcb00f89ccaba5fda8a64d1cb6e4af8c2f27" />
		<rom name="945_313.f15" size="131072" crc="706494e1" sha1="f14fd1f01ee6a9cdcb441432608ba26dedd71b57" />
	</machine>
	<machine name="gregular">
		<description>Golden Regular (version 388/2000)</description>
		<year>199?</year>
		<manufacturer>bootleg (Playmark)</manufacturer>
		<rom name="28.gfx" size="131072" crc="dfd27fa2" sha1="408ae9de1d6e869c6dc5daa073b845081204624b" />
		<rom name="30.prg" size="131072" crc="7219d1c1" sha1="8d17f29f94f50db952a1dd144c971b2e3be2dad3" />
	</machine>
	<machine name="gwasu">
		<description>Gwasuwon (Korea)</description>
		<year>1997</year>
		<manufacturer>SemiCom / DMD</manufacturer>
		<rom name="u1_am27c512.bin" size="65536" crc="91127141" sha1="03b6f55fa6ce4fee4cfb350768d0f0b1f0049944" />
		<rom name="ua4_nm27c040q.bin" size="524288" crc="f53c35b4" sha1="7a1b5ac04de40dc5fc2cadd730e8ea833f02b621" />
		<rom name="ua5_nm27c040q.bin" size="524288" crc="0444f497" sha1="b399c1d8becdd9ca7d9cef9db1e7365199916bd4" />
		<rom name="uh12_tms27c010a.bin" size="131072" crc="9c595f4c" sha1="406f87d11aac4eb3cdb01e46061923426ca91f6a" />
		<rom name="uj15_tms27c010a.bin" size="131072" crc="a3c3fe53" sha1="318e017b86e96f3adda830216fe6da3680a7cfab" />
		<rom name="ul12_tms27c010a.bin" size="131072" crc="af76012a" sha1="05177440db95d15ade683d13a255043a2bfb6a5c" />
	</machine>
	<machine name="haphippy">
		<description>Happy Happy Hippy (Atronic)</description>
		<year>2002</year>
		<manufacturer>Atronic</manufacturer>
		<rom name="hippy_u2_618c.u2" size="524288" crc="36600001" sha1="906647a7901a4bbf7a347580d8a6d49d0378ed86" />
		<rom name="hippy_u6_e8a7.u6" size="131072" crc="16c84599" sha1="af14cb98c95fad16424f1f9582fcede10f187ef0" />
	</machine>
	<machine name="hellngt">
		<description>Hell Night (ver EAA)</description>
		<year>1998</year>
		<manufacturer>Konami</manufacturer>
		<rom name="93c46.7k" size="128" crc="7a531078" sha1="c35096c3e9681ba916fa43bd06e2f171a3718e1c" />
	</machine>
	<machine name="hnrose">
		<description>Hana Night Rose (Japan, TSM008-04)</description>
		<year>2000</year>
		<manufacturer>Techno-Top</manufacturer>
		<rom name="00801.2a" size="2097152" crc="3e9f7a5a" sha1="c4d79d250fbff7922b19da4029529e2d0d1a1a0f" />
		<rom name="00802a4.6b" size="524288" crc="f08f7d21" sha1="e47a10c1ec0544ec5457d4bd5e0d080a515ddc6a" />
		<rom name="00803.7b" size="2097152" crc="93060501" sha1="908d63b0ac81a23a3b972916e313c0f9f0f74d6e" />
		<rom name="00804.8b" size="2097152" crc="7deb12ab" sha1="a021c02071820bed4c3f2cb158ed12f9c2f42f92" />
		<rom name="00805.9b" size="2097152" crc="6f026843" sha1="ea88e21af8247e125de99bf96295eb005e18b77c" />
		<rom name="00806.11b" size="2097152" crc="ab006626" sha1="6c9a68a6c4e4a229769a3cc07894eb6d848130d4" />
	</machine>
	<machine name="icb_car">
		<description>Interactive Coloring Book: Disney / Pixar Cars</description>
		<year>200?</year>
		<manufacturer>Techno Source</manufacturer>
		<rom name="kh26lv320.u2" size="4194304" crc="88132171" sha1="55a9ac8c1f49dfc116565ac11149cbd4eef90938" />
	</machine>
	<machine name="icb_dp">
		<description>Interactive Coloring Book: Disney Princess</description>
		<year>200?</year>
		<manufacturer>Techno Source</manufacturer>
		<rom name="princesscoloringbook.bin" size="4194304" crc="253a0245" sha1="1b902f179eed469cf749aaa9169fede290ce1031" />
	</machine>
	<machine name="icb_ts">
		<description>Interactive Coloring Book: Disney / Pixar Toy Story</description>
		<year>200?</year>
		<manufacturer>Techno Source</manufacturer>
		<rom name="toystory.bin" size="4194304" crc="396f8aff" sha1="b149470306cd77558666b7ab90fa3fe4e95b6c60" />
	</machine>
	<machine name="inquiztr11">
		<description>Inquizitor (V1.1)</description>
		<year>1989</year>
		<manufacturer>BFM</manufacturer>
		<rom name="95760001.bin" size="65536" crc="314aa59e" sha1="b65daa58465a789274d542b3ffd5e2f9129f24f9" />
	</machine>
	<machine name="ipminvad1">
		<description>IPM Invader (set 2)</description>
		<year>1979</year>
		<manufacturer>IPM</manufacturer>
		<rom name="b6f.g8" size="1024" crc="18334e59" sha1="edd51525b9d33bb0b4e329b00180572ea02cab67" />
	</machine>
	<machine name="isa_prose4001" isdevice="yes" runnable="no">
		<description>Speech Plus Prose 4001 (IBM PC mode)</description>
		<rom name="v3.4.1_pr4001.u1" size="65536" crc="559f4950" sha1="5c8709c82dadaea7012859c20141ef8f59d5e473" />
		<rom name="v3.4.1_pr4001.u2" size="65536" crc="2ee241b7" sha1="35b81f3b4deb552511f8d8f2d0aac9100fdee49d" />
		<rom name="v3.4.1_pr4001.u3" size="65536" crc="12dac3ed" sha1="cf8c0b9de1f00facbc5cb5dc8e2dcbb09d6ff479" />
	</machine>
	<machine name="jak_bobb">
		<description>Bob the Builder - Project: Build It (JAKKS Pacific TV Game) (JUN 2 2006 14:42:01)</description>
		<year>2006</year>
		<manufacturer>JAKKS Pacific Inc / HotGen Ltd</manufacturer>
		<rom name="bob.bin" size="4194304" crc="16b0b39f" sha1="43a45e5346d108a9ec1b672fa727e97722b4eaa1" />
	</machine>
	<machine name="jak_pix">
		<description>Disney Pixar Classics (JAKKS Pacific TV Game)</description>
		<year>2006</year>
		<manufacturer>JAKKS Pacific Inc / Handheld Games</manufacturer>
		<rom name="jakkspixar.bin" size="2097152" crc="ec110f2b" sha1="a57e1d45cfb537173f94d1a95323183a62976bb4" />
	</machine>
	<machine name="jak_potc">
		<description>Pirates of the Caribbean - Islands of Fortune (JAKKS Pacific TV Game) (Jun 1 2007 12:34:28)</description>
		<year>2007</year>
		<manufacturer>JAKKS Pacific Inc / HotGen Ltd</manufacturer>
		<rom name="pirates.u5" size="4194304" crc="935fe66c" sha1="8b5b11c61b7f32c313aa46e33a1c918ed82f7916" />
	</machine>
	<machine name="jak_powr">
		<description>Power Rangers S.P.D. (JAKKS Pacific TV Game)</description>
		<year>2005</year>
		<manufacturer>JAKKS Pacific Inc / Handheld Games</manufacturer>
		<rom name="powerrangers.u2" size="2097152" crc="859c6cff" sha1="12bb08657e333c2644d707deead8cd3e34a140b2" />
	</machine>
	<machine name="jak_prr">
		<description>Power Rangers to the Rescue (JAKKS Pacific TV Game) (Aug 8 2008 16:46:59)</description>
		<year>2008</year>
		<manufacturer>JAKKS Pacific Inc / HotGen Ltd</manufacturer>
		<rom name="power_rangers_to_the_rescue.bin" size="4194304" crc="96aef5c9" sha1="d9a7f882932237c50cf5b5dbe4f8168d8916d9f2" />
	</machine>
	<machine name="jak_spd3">
		<description>Spider-Man 3 (JAKKS Pacific TV Game)</description>
		<year>2007</year>
		<manufacturer>JAKKS Pacific Inc / Handheld Games</manufacturer>
		<rom name="spiderman3.u4" size="2097152" crc="87019271" sha1="80d126af970236a1cecf7ade49f916caf8f67ceb" />
	</machine>
	<machine name="jak_spmm">
		<description>The Amazing Spider-Man and The Masked Menace (JAKKS Pacific TV Game)</description>
		<year>2008</year>
		<manufacturer>JAKKS Pacific Inc / Santa Cruz Games</manufacturer>
		<rom name="amazingspiderman.bin" size="4194304" crc="00d2a62c" sha1="6a08760dc6dabc2aea32e6eb8b1f98e7edf60791" />
	</machine>
	<machine name="jak_supm">
		<description>Superman in Super Villain Showdown (JAKKS Pacific TV Game) (26 Jan 2006 A)</description>
		<year>2006</year>
		<manufacturer>JAKKS Pacific Inc / HotGen Ltd</manufacturer>
		<rom name="superman.u3" size="4194304" crc="626bdd85" sha1="605b3193c17f606d2de5689f045b50ac0b7ff024" />
	</machine>
	<machine name="jhzb">
		<description>Jin Hua Zheng Ba (V113CN)</description>
		<year>200?</year>
		<manufacturer>IGS</manufacturer>
		<rom name="v113cn-cg0-h.u27" size="8388608" crc="a8fb40e4" sha1="074ab61158a0baa5811f7d33792bc71051faeb62" />
		<rom name="v113cn-cg0-l.u29" size="8388608" crc="a5f1952c" sha1="3ae52eb604974414b6b97ff1e0156c39aa05a0cb" />
		<rom name="v113cn.u17" size="2097152" crc="1c08099b" sha1="125a5302935e8bef8d4a4d8a6db748110bcab692" />
		<rom name="v113cn.u26" size="2097152" crc="99fc5dcd" sha1="e737299d770b0fc3606085a566ad9fbbaca15ff5" />
	</machine>
	<machine name="jxry">
		<description>Ji Xiang Ru Yi (V116CN)</description>
		<year>200?</year>
		<manufacturer>IGS</manufacturer>
		<rom name="cg1.u22" size="8388608" crc="bfbedd8c" sha1="f4d97e9633de6dd87f11eade5752881d61a28a38" />
		<rom name="cg2.u24" size="8388608" crc="c40627e5" sha1="795217425533c569bad868b16e5b31ba29c587fb" />
		<rom name="sp.u18" size="2097152" crc="725950e1" sha1="7226d3e9c2cb149dae598479cddeb12446944a1e" />
		<rom name="v-116cn.u20" size="2097152" crc="a8cd3431" sha1="b978b2e27fc106a02213b6aa42620fbf287a4d24" />
	</machine>
	<machine name="kisekaem">
		<description>Kisekae Mahjong</description>
		<year>1995</year>
		<manufacturer>I'Max</manufacturer>
		<rom name="sx011-02.bin" size="279" crc="ac8040b4" sha1="1dc1cd93eaed13fb5b8cba024d93fdb9193a47c0" />
	</machine>
	<machine name="leadsng2">
		<description>Leadsinger II (LS-K2)</description>
		<year>200?</year>
		<manufacturer>Enter Tech</manufacturer>
		<rom name="ls-k2_es29lv800eb_004a225b.bin" size="1048576" crc="e70f1e1f" sha1="5aa3187adffcba5bd4a9e3e89a1c210d7f1a978e" />
	</machine>
	<machine name="lexi30">
		<description>Arcade Center (JL1800_01)</description>
		<year>2012</year>
		<manufacturer>Lexibook</manufacturer>
		<rom name="lexi30.u3" size="8388608" crc="0d4307ea" sha1="0d7cf492f796b0bb871deebaca38a3ff3b2ed1e6" />
	</machine>
	<machine name="lhdmgp200c3m">
		<description>Long Hu Da Manguan Duizhan Jiaqiang Ban (V200C3M)</description>
		<year>1999</year>
		<manufacturer>IGS</manufacturer>
		<rom name="lhdmg_plus_prg.u9" size="524288" crc="c94cd4ea" sha1="006bfbd05e913564da6259acf30a18dc3a867703" />
	</machine>
	<machine name="lucky8o">
		<description>New Lucky 8 Lines (set 14, W-4, Yamate)</description>
		<year>1988</year>
		<manufacturer>Yamate</manufacturer>
		<rom name="256.bin" size="32768" crc="fe8e5110" sha1="98b6a1db64312482d6ffbd5d9985e6feaa747111" />
	</machine>
	<machine name="lucky8p">
		<description>New Lucky 8 Lines (set 15, W-4, Cleco bootleg)</description>
		<year>1988</year>
		<manufacturer>bootleg (Cleco)</manufacturer>
		<rom name="27c512.bin" size="65536" crc="6b7d70be" sha1="d6520f2da2b74eae02b6ee3375fe982c358dc927" />
	</machine>
	<machine name="magibombk">
		<description>Magic Bomb (Ver. A3.0)</description>
		<year>2001?</year>
		<manufacturer>Astro Corp.</manufacturer>
		<rom name="1_magic_bomb_a3.0.u21" size="65536" crc="c9f3c9da" sha1="ef23a954e4ec1de7a570561ed00715957aea93e3" />
		<rom name="2_magic_bomb_a3.0.u20" size="65536" crc="18d90060" sha1="90d5a1d496538b1d28bf676cd3ac3f77c62668f7" />
	</machine>
	<machine name="magibombl">
		<description>Magic Bomb (Ver. AB4.3A, 10/30/01S)</description>
		<year>2001</year>
		<manufacturer>Astro Corp.</manufacturer>
		<rom name="1_magic_bomb_ab4.3.u21" size="65536" crc="0ca10f98" sha1="ed1e051998893c1dafca8d8d317fcfad2bf4dd58" />
		<rom name="2_magic_bomb_ab4.3.u20" size="65536" crc="b9e9f385" sha1="ad58215d5afa390a3d6ae6f73b5be2c9905e6eac" />
	</machine>
	<machine name="magibombm">
		<description>Magic Bomb (Ver. AB5.3, 20/06/03)</description>
		<year>2003</year>
		<manufacturer>Astro Corp.</manufacturer>
		<rom name="1_m._b._ab5.3.u23" size="65536" crc="dfb63c3d" sha1="0f0bd5cccf5ab08003bfb751355304386682bbd0" />
		<rom name="2_m._b._ab5.3.u22" size="65536" crc="e568681a" sha1="ec55de2ebfb2b10e1873cc11ec4f47e17dd2fffa" />
		<rom name="93c46" size="128" crc="e717146d" sha1="beca9d9cece337b05f77881073a4da7ddb9659da" />
	</machine>
	<machine name="magibombn">
		<description>Magic Bomb (Ver. EB4.0, 05/04/01)</description>
		<year>2001</year>
		<manufacturer>Astro Corp.</manufacturer>
		<rom name="1_magic_bomb_eb4.0.u21" size="65536" crc="8341c745" sha1="9680d6907eef05e7ce0a45ffcbaf45adf9d47c6d" />
		<rom name="2_magic_bomb_eb4.0.u20" size="65536" crc="0e47f8fa" sha1="dac2a071b21768482206a5058aac88f943375287" />
		<rom name="93c46.u6" size="128" crc="59306190" sha1="c4e6f3070da90c447786e7bc769b37bdc0fa3b77" />
	</machine>
	<machine name="magictch">
		<description>Magic Touch (v. 28.05)</description>
		<year>1998</year>
		<manufacturer>Playmark</manufacturer>
		<rom name="22.u43" size="131072" crc="7826e130" sha1="f4928661fee1170c3df03be0842cab57c338a7c6" />
		<rom name="23.u42" size="131072" crc="8f74ec63" sha1="b158851872dcc2af9c349926d26c36fd097fb418" />
	</machine>
	<machine name="maxheart">
		<description>Let's! TV Play Futari wa PreCure MaxHeart Mat de Dance MaxHeart ni Odotchaou (Japan)</description>
		<year>2004</year>
		<manufacturer>Bandai / SSD Company LTD</manufacturer>
		<rom name="mgrj.u2" size="4194304" crc="447c25e6" sha1="9cc65088512218f43d66b332de7a862d95c1c353" />
	</machine>
	<machine name="memorymoog">
		<description>Memorymoog</description>
		<year>1982</year>
		<manufacturer>Moog Music</manufacturer>
		<rom name="v2p4.u2" size="4096" crc="bb70cc39" sha1="c0073d430ea4d3dd823c0678f482a6b3c49d926c" />
		<rom name="v2p4.u3" size="4096" crc="088e1a3b" sha1="4b9f568279fc7bf1a11ec2fb8f744dc261b0fcc4" />
		<rom name="v2p4.u4" size="4096" crc="580db768" sha1="98cd285342758abf7736002e0fbd30f4f7ecb96d" />
	</machine>
	<machine name="midiverb">
		<description>MIDIverb</description>
		<year>1986</year>
		<manufacturer>Alesis</manufacturer>
		<rom name="mvop_4-7-86.u54" size="8192" crc="14d6596d" sha1="c6dc579d8086556b2dd4909c8deb3c7006293816" />
	</machine>
	<machine name="mjtenho">
		<description>Mahjong Tenho (Japan, P016B-000)</description>
		<year>2002</year>
		<manufacturer>Techno-Top</manufacturer>
		<rom name="p016021.6b" size="524288" crc="8acd16f1" sha1="07120be1da0d72aea9f9499673d4e3bd99c291ba" />
		<rom name="t01063.7b" size="2097152" crc="ead305a8" sha1="a794fa7ed31c5f33538eba1d7f1bb4aa367ce55c" />
		<rom name="t01064.8b" size="2097152" crc="9d3240d8" sha1="71fa31732300d60dedaa5d98c846e83b6130ce60" />
		<rom name="t01601.2b" size="524288" crc="e5678713" sha1="e5442111b3306869dba13a2b0a0085effc55b52a" />
	</machine>
	<machine name="monkeylb">
		<description>Monkey Land (Ver. AA.21.B)</description>
		<year>2005</year>
		<manufacturer>Astro Corp.</manufacturer>
		<rom name="f29c51001t.u25" size="131072" crc="06362b30" sha1="a73bc2bc217ecae6ed48ec30481f88767058837b" />
		<rom name="f29c51001t.u26" size="131072" crc="bae5b055" sha1="742f6aa7b66abdcfe140fb777aecb5388e9f8bdf" />
	</machine>
	<machine name="monkeylc">
		<description>Monkey Land (Ver. AA.21.C)</description>
		<year>2007</year>
		<manufacturer>Astro Corp.</manufacturer>
		<rom name="1_m.l._aa.21.c.u25" size="131072" crc="ccb3392e" sha1="2ea301ae857f4360012f3adfc96b66319503a033" />
		<rom name="1_m.l._aa.21.c.u26" size="131072" crc="482303fd" sha1="494df379dd4436546e2ce03194ac2f214a91bd92" />
	</machine>
	<machine name="monkeyld">
		<description>Monkey Land (Ver. A1.2)</description>
		<year>2003</year>
		<manufacturer>Astro Corp.</manufacturer>
		<rom name="mx27c4000.rom5" size="524288" crc="10971c7f" sha1="9de24e1585c1505dd07679dcb4eed94972fb09b7" />
		<rom name="w27e010.u19" size="131072" crc="ac37c3be" sha1="489d4aafdd3228b096988090da9b712a9c08b74c" />
		<rom name="w27e010.u20" size="131072" crc="4a5c78bc" sha1="e310605ee102eee706c9e672ca722fa5c6163f39" />
	</machine>
	<machine name="ncv1j2">
		<description>Namco Classic Collection Vol.1 (Japan, v1.03)</description>
		<year>1995</year>
		<manufacturer>Namco</manufacturer>
		<rom name="nc1cg0.10c" size="2097152" crc="d4383199" sha1="3263874ba838651631ad6d11afb150206de760bb" />
	</machine>
	<machine name="nmondop">
		<description>New Mondo Plus (V0.6I)</description>
		<year>1998</year>
		<manufacturer>Dyna</manufacturer>
		<rom name="nmp1i.12a" size="524288" crc="291ca4d1" sha1="404439c0e73098e253160af1d36f7ceb7f98f49d" />
		<rom name="nmp12i.11f" size="262144" crc="a02d70f9" sha1="26de0e09432fa5cccef502553bc6d65ec179c7a4" />
	</machine>
	<machine name="ns8linewb">
		<description>New Lucky 8 Lines / New Super 8 Lines (F-5, Witch Bonus, Yamate, 1985)</description>
		<year>1985</year>
		<manufacturer>Yamate</manufacturer>
		<rom name="27c256.9h" size="32768" crc="a29c9da9" sha1="58c532b109a7fcf79566c0ab904b498ca7149d69" />
		<rom name="27c256.10h" size="32768" crc="4df0ee91" sha1="de99331a98b7853e417b730f52c09fb95f9da4ca" />
		<rom name="27c256.14h" size="32768" crc="d28ec9b3" sha1="1aa6b777f6c4cdd70b7779ac3c693de21105dcbd" />
		<rom name="27c512.4h" size="65536" crc="833a2735" sha1="8073a6d50c63b4a4bcb643fa7109e5b357f1531a" />
		<rom name="27c512.6h" size="65536" crc="64376fa8" sha1="d0a9f5df7261403f8a1e42cab2cda17767ec13e6" />
	</machine>
	<machine name="ns8linewc">
		<description>New Lucky 8 Lines / New Super 8 Lines (W-4, Witch Bonus, Yamate, 1988, set 1)</description>
		<year>1988</year>
		<manufacturer>Yamate</manufacturer>
		<rom name="27c256.14h" size="32768" crc="9e2f3adb" sha1="9d45059f04115548daa53b356db688995e7efba0" />
	</machine>
	<machine name="ns8linewd">
		<description>New Lucky 8 Lines / New Super 8 Lines (W-4, Witch Bonus, Yamate, 1988, set 2)</description>
		<year>1988</year>
		<manufacturer>Yamate</manufacturer>
		<rom name="27c256.14h" size="32768" crc="eedfc910" sha1="ef07e1aa08bedb62cdba264b8e48593b0d55f539" />
	</machine>
	<machine name="nsubc">
		<description>N-Sub (cocktail)</description>
		<year>1980</year>
		<manufacturer>Sega</manufacturer>
		<rom name="epr-581.u33" size="1024" crc="be5f0f44" sha1="5e6802c6e15c9857f0a8150bb9b37aabfa0e0245" />
		<rom name="epr-582.u32" size="1024" crc="97a5e094" sha1="c5ee9af7488f03627e780a1cf23af5f296520d95" />
		<rom name="epr-583.u31" size="1024" crc="bcf48a8d" sha1="6fa96a449bc8440844a1b61c545ebed724c2d71d" />
		<rom name="epr-584.u30" size="1024" crc="a0197ffb" sha1="6bb72105e1c7a3126ada1f1b9eaf026383c203be" />
		<rom name="epr-585.u29" size="1024" crc="68f64111" sha1="e7bec469316317560c99798b8b10e6a3cacf5be4" />
		<rom name="epr-586.u28" size="1024" crc="d7e75bce" sha1="99726c800d60154efc42795ee9dd195e9b055bd6" />
		<rom name="epr-587.u27" size="1024" crc="a9f1c390" sha1="31a197d27919a9db8e1b1a4089918f857a9e9ed6" />
		<rom name="epr-588.u26" size="1024" crc="77598bf2" sha1="df46e6f4dbf165e46c8d85d037828e96d87ad654" />
		<rom name="epr-589.u8" size="1024" crc="917c5204" sha1="6633160e37d72f92f2135c9e56cd79e3d0cc6082" />
		<rom name="epr-590.u7" size="1024" crc="3cc9b52e" sha1="6f2d7ce39c39b804924bafc09df585bcce250091" />
		<rom name="epr-591.u6" size="1024" crc="3e0ac65f" sha1="3ae2f8c36b3d7042e5621125e6cdfcfbc0537dfe" />
		<rom name="epr-592.u5" size="1024" crc="7864676c" sha1="012292ead2f4f9fb16edc56e4ebe99e0cb4cf2d4" />
		<rom name="epr-593.u4" size="1024" crc="30233912" sha1="a03a1b6271683a2e00298c30c2fea137403efab0" />
		<rom name="epr-594.u3" size="1024" crc="e93807cc" sha1="2a6ad5162e539ed7be5efab1858f1c8119b70737" />
		<rom name="epr-595.u2" size="1024" crc="01f3f941" sha1="33991ac68e73ef08d8dffcc5e9319f08dd2b2836" />
		<rom name="epr-596.u1" size="1024" crc="ac63b3b5" sha1="16466899d17a81c77dcb040028e54bfaf9ba9e9d" />
	</machine>
	<machine name="ntcasha">
		<description>NtCash (set 2)</description>
		<year>1999</year>
		<manufacturer>&lt;unknown&gt;</manufacturer>
		<rom name="1.bin" size="524288" crc="78c0af7f" sha1="d5424eb35167c991e1b63760bbabbb80a744e718" />
		<rom name="2.bin" size="524288" crc="47029306" sha1="37e7dd25ee3e91568775934971f76fbc07e31672" />
		<rom name="3.bin" size="524288" crc="31d11573" sha1="8b156fcd41f7ff58465b2cc56a7ebe7be0b392b1" />
		<rom name="4.bin" size="524288" crc="574a6938" sha1="3ce0fb090da00b3098b04f367842b031ed4767ef" />
	</machine>
	<machine name="ob8">
		<description>OB8</description>
		<year>1983</year>
		<manufacturer>Oberheim</manufacturer>
		<rom name="ob8a80.u24" size="4096" crc="3d141a93" sha1="4d9866687f5dfe09133da9a4feedd9af0862cfbe" />
		<rom name="ob8a81.u23" size="4096" crc="fba31703" sha1="487258baac9d5bb399c5ad1630249e41302305ba" />
		<rom name="ob8a82.u22" size="4096" crc="e6e99305" sha1="f2c4c28cf3feb77fb8e401e191b0f22af6b09e90" />
		<rom name="ob8a83.u21" size="4096" crc="6912415d" sha1="77108a9540e4d84833dc0fa8066025d812bb6e7c" />
	</machine>
	<machine name="obdmx">
		<description>DMX</description>
		<year>1980</year>
		<manufacturer>Oberheim</manufacturer>
		<rom name="21kick.u7" size="4096" crc="3ab63275" sha1="83b0e61e42c9d277f205f4ff5dfcb796c05084b8" />
		<rom name="crash1.u12" size="4096" crc="40d584af" sha1="98702946e80892eb834433268164404fab3b0e28" />
		<rom name="crash2.u11" size="4096" crc="8daf2447" sha1="59c0af6c46c04ccd0eff90070de4fe08c5a47b42" />
		<rom name="crash3.u10" size="4096" crc="4a41c86d" sha1="baffb30659bb628d4fd9a382dc851683aad92b88" />
		<rom name="crash4.u9" size="4096" crc="b30876a9" sha1="fe9f906f38ad9354d043794d6c22d07c78672261" />
		<rom name="dmx_b0.u18" size="4096" crc="69116c5b" sha1="29448b60d7f864b0a9df2a786b877feb7b019c05" />
		<rom name="dmx_b1.u17" size="4096" crc="49084dee" sha1="fffe4e6592dc586c0a0f03bed18308df38b991da" />
		<rom name="dmx_dbg.u18" size="4096" crc="b3a24d64" sha1="99a64b92f1520aaf2e7117b2fc75bdbd847f3a7f" />
		<rom name="dmx_f0.u18" size="4096" crc="a01e5e7d" sha1="74faf9c056c7e3eb89ed7657d8b64b1d3fe0ec22" />
		<rom name="dmx_f1.u17" size="4096" crc="b24d4040" sha1="74e7ae87cdcf9442cf76b696970c0efe52a30262" />
		<rom name="hat1a.u7" size="4096" crc="36e934f9" sha1="e97d65bfb2d98cbf463a92d12e2ab91938757d37" />
		<rom name="ride2a1.u8" size="4096" crc="17c960e8" sha1="5f4681979c6339ff1c38dc90257d14a0a7516c52" />
		<rom name="ride2a2.u7" size="4096" crc="5b2198d0" sha1="5e008c76f949a6357c1160e00d43631585702d45" />
		<rom name="ride2a3.u6" size="4096" crc="4f67cacb" sha1="8abc2c6769bd315c489969486de02b567348ea94" />
		<rom name="ride2a4.u5" size="4096" crc="25656751" sha1="46e5f70da82f8845dd820cbcf942bd0e7e328d56" />
		<rom name="sfltom2.u7" size="4096" crc="f5b48db0" sha1="a85e72a9f87838c26538e5873f6938e51a517c90" />
		<rom name="shake6.u7" size="4096" crc="00549f07" sha1="d41c3357d486c398f882774130789c9756dfb9af" />
		<rom name="snare6.u7" size="4096" crc="eca57ad7" sha1="f65dcae905e0f7db9bf9324153ddd16a33dbdc8b" />
		<rom name="stik.u7" size="4096" crc="61af39e3" sha1="5648674854a8db80656bf729c4f353b75d101d7b" />
		<rom name="stom5.u7" size="4096" crc="e8022d72" sha1="61a14da4d96db12b040ab9529208b165212b3693" />
	</machine>
	<machine name="pactin">
		<description>Pac-Man Arcade in a Tin</description>
		<year>2021</year>
		<manufacturer>Fizz Creations</manufacturer>
		<rom name="25q80a.u3" size="1048576" crc="92935759" sha1="2333e7dcab51fa34c8d875374371854121fff27a" />
	</machine>
	<machine name="pairsh8">
		<description>Pairs (Italian gambling game)</description>
		<year>200?</year>
		<manufacturer>&lt;unknown&gt;</manufacturer>
		<rom name="pairs_ep.1.bin" size="524288" crc="649bb6c5" sha1="b6191c8c26873a4f29457f1405dbfe4e6fbfc00d" />
		<rom name="pairs_ep.2.bin" size="524288" crc="f8b37174" sha1="900faec54f6d85b806aebc51cc32df1777e0796c" />
		<rom name="pairs_ep.3.bin" size="524288" crc="ac2ee8d0" sha1="c1dad512ff7fa33a5462f859c3852211d0a79260" />
		<rom name="pairs_ep.4.bin" size="524288" crc="687b5745" sha1="8b97fbd496f6603a15a3fd2db0bfa252a326a438" />
		<rom name="pairs_msg.0.bin" size="524288" crc="035cecfa" sha1="60cc3ead49668f208de3300ab4c056f0fde287f1" />
	</machine>
	<machine name="pawmoviesp">
		<description>Paw Patrol: The Movie Learning Tablet (Spanish)</description>
		<year>2022</year>
		<manufacturer>VTech</manufacturer>
		<rom name="vtech_paw_patrol_5303_25vq16a.u5" size="2097920" crc="fee8abd7" sha1="4ea120246fb4a7efc699e0295864beba4e3317cc" />
	</machine>
	<machine name="pentacups" ismechanical="yes">
		<description>Pentacup (rev. S)</description>
		<year>1980</year>
		<manufacturer>Micropin</manufacturer>
		<rom name="micros_1.bin" size="2048" crc="c563c419" sha1="b4e6711125c8222f4b299e23ee12edfe1c92b52f" />
		<rom name="micros_2.bin" size="2048" crc="46ffd9bf" sha1="4feae6e8fe6929481d89b00d743fca02e40fb7b8" />
		<rom name="micros_4.bin" size="2048" crc="c7fcb6d8" sha1="2f6f7aa5705e938a9fedfa4e357e720a1f743a26" />
	</machine>
	<machine name="pyutakun">
		<description>Pyuuta-kun (Japan)</description>
		<year>1995</year>
		<manufacturer>Sunwise</manufacturer>
		<rom name="sunwise_p1.u61" size="524288" crc="00907713" sha1="0822044bcf476b3e8aaba752e503ee79459b34ed" />
		<rom name="sunwise_p2.u26" size="524288" crc="180b8b13" sha1="4a317bd0825f4e4383293220e775c0f807cdd80f" />
		<rom name="sunwise_p3.u27" size="524288" crc="a23ccb8e" sha1="5f2f23fa86817ff491058123d775ffebd7e98dee" />
		<rom name="sunwise_p4.u33" size="262144" crc="b1c5a8bc" sha1="aa18165a9214f9ed0969da073e4b6092be3c5c1a" />
	</machine>
	<machine name="rad_mncr">
		<description>Menacer (Radica Plug &amp; Play)</description>
		<year>2004</year>
		<manufacturer>Radica / Sega</manufacturer>
		<rom name="radica_menacer.bin" size="1048576" crc="5f9ef4a4" sha1="f28350e7325cb7469d760d97ee452a9d846eb3d4" />
	</machine>
	<machine name="rad_rsgpa">
		<description>Connectv Real Swing Golf (set 2)</description>
		<year>2005</year>
		<manufacturer>Radica / FarSight Studios</manufacturer>
		<rom name="realswinggolf_multilanguage.bin" size="4194304" crc="c03752a6" sha1="7e9cc804edf0c23a8dedfa0c0a51d1bc811ea5c1" />
	</machine>
	<machine name="rocktcnvy">
		<description>Rocket Convoy</description>
		<year>1981</year>
		<manufacturer>Radar</manufacturer>
		<rom name="center_1.bin" size="4096" crc="fbefae0a" sha1="23eceded14286d6b61eee34819fb46318009054a" />
		<rom name="center_2.bin" size="4096" crc="311a47cb" sha1="3f72010da0aa4d73a6160bffa7ee7dd3f944dd4b" />
		<rom name="center_5.bin" size="4096" crc="c986ff34" sha1="bf5e50a08a4401d09ff6c8f505062dffd900d066" />
	</machine>
	<machine name="rungunuaad">
		<description>Run and Gun (ver UAB 1993  9.10, dedicated twin cabinet)</description>
		<year>1993</year>
		<manufacturer>Konami</manufacturer>
		<rom name="247uaa03.bin" size="524288" crc="a05f4cd0" sha1="1ec8941293a173c659b8503837617ce098390ccd" />
		<rom name="247uaa04.bin" size="524288" crc="ebb11bef" sha1="587c97659fa59c3895886a7b98cd9c91b21f0ed4" />
	</machine>
	<machine name="sball2k1">
		<description>Super Ball 2001 (Italy version 5.23)</description>
		<year>2001</year>
		<manufacturer>GMS</manufacturer>
		<rom name="a1.u41" size="131072" crc="8567a2f7" sha1="18f187fb533a23fbb554b941361c9d3b03d1c0ce" />
		<rom name="p1.u64" size="524288" crc="148fde1d" sha1="4e846939d66bebb9a40b5a8a8d2b4c8b9ecdac4e" />
		<rom name="s1.u83" size="131072" crc="f668dc38" sha1="b9ff20bd3675f591a46d71f7d7599a1005abc0b6" status="baddump" />
	</machine>
	<machine name="scorpiongmx">
		<description>Scorpion GMX</description>
		<year>1998</year>
		<manufacturer>Scorpion, Ltd.</manufacturer>
		<rom name="profgmx6xx043.9226s.rom" size="524288" crc="a0551240" sha1="446fcdb3de225f06e7ac9ee8e03812a4c7900a4a" />
		<rom name="profgmx6xx043.9226se.rom" size="524288" crc="16452fc8" sha1="c5a69762e291b6dbe656f8f3d1661a738f332108" />
		<rom name="profgmx6xx043.9226su.rom" size="524288" crc="3060e891" sha1="416164b288d61f2c9438e1242df6a3e892fdac94" />
	</machine>
	<machine name="scorpiontb">
		<description>Scorpion ZS-256 TURBO+</description>
		<year>1996</year>
		<manufacturer>Scorpion, Ltd.</manufacturer>
		<rom name="prof4xx043.9226su_1024_1ffd.rom" size="262144" crc="2d13296d" sha1="02b94e78f0c058ca5762d67401946892df43b49c" />
	</machine>
	<machine name="scv">
		<description>Super Cassette Vision</description>
		<year>1984</year>
		<manufacturer>Epoch</manufacturer>
		<rom name="upd1771c-017.s03" size="1024" crc="975bd68d" sha1="e777217c622331677ac1d6520a741d48ad9133c0" />
	</machine>
	<machine name="senspid">
		<description>The Amazing Spider-Man (Senario, floor mat)</description>
		<year>2007</year>
		<manufacturer>Senario</manufacturer>
		<rom name="spidermanmat.bin" size="4194304" crc="11f5181c" sha1="7f0d5d34f924b6a7182102451a2ac1cc41e575b0" />
	</machine>
	<machine name="sgi_gm1" isdevice="yes" runnable="no">
		<description>SGI GM1</description>
		<rom name="070-0253-005.bin" size="65536" crc="a5b883b8" sha1="ad22a07d0a57b012e708b38216b7f3e600e12597" />
	</machine>
	<machine name="sgi_ip4" isdevice="yes" runnable="no">
		<description>SGI IP4</description>
		<rom name="070-0093-010.bin" size="65536" crc="f46871bf" sha1="bda07b083dbb350d90a9145539c389180c800fb4" />
		<rom name="070-0094-010.bin" size="65536" crc="7b183793" sha1="b5471a990f755333378f77e7a4d1102479ccfdc1" />
		<rom name="070-0095-010.bin" size="65536" crc="af2a2f0b" sha1="beda300a5b1633f7682fdf3b8b0650bfea253567" />
		<rom name="070-0096-010.bin" size="65536" crc="eaa2bdc3" sha1="8f1f37ec8875f36b45d335412ae1c298af84f20f" />
		<rom name="nvram" size="2048" crc="333443d0" sha1="aceb115a2f4d2e3a229b2c2c3b20314674113705" />
	</machine>
	<machine name="skillch">
		<description>Skill Chance (W-7, set 1)</description>
		<year>1986</year>
		<manufacturer>Wing Co., Ltd.</manufacturer>
		<rom name="1.b1" size="65536" crc="c2554538" sha1="ecb5ab7f611b937a5ff6dc26c6b0cb18b82acd93" />
		<rom name="2.d1" size="65536" crc="a7eb57bf" sha1="1346b03f9540d9235c5ca41f328c39b9ac9c3b17" />
		<rom name="3.j1" size="65536" crc="1cbaaae6" sha1="d56bb5a6a466bc74d5bbb2ba6f52a5ae8b0748a3" />
		<rom name="4.k1" size="65536" crc="9640841d" sha1="421c78148884029e15a126652679fde990a24064" />
		<rom name="16.r1" size="65536" crc="c0fee794" sha1="0f0c268dc4e9370929948e66e4db4fb95108a00b" />
		<rom name="tbp18s030n.j4" size="32" crc="abda0acb" sha1="b1781f4c2a54e40eb83ea315d23b3f3f0019aaf8" />
	</machine>
	<machine name="skillcha">
		<description>Skill Chance (W-7, set 2)</description>
		<year>1986</year>
		<manufacturer>Wing Co., Ltd.</manufacturer>
		<rom name="16.r1" size="65536" crc="7364624f" sha1="55b54d92bc76060d88f78aca98e935953a7c9e22" />
	</machine>
	<machine name="slqzsp">
		<description>Shuang Long Qiang Zhu Te Bie Ban (V104CN)</description>
		<year>200?</year>
		<manufacturer>IGS</manufacturer>
		<rom name="v104cn.u18" size="2097152" crc="7819aa1a" sha1="c63b375916d0009e065b6239bcc752a56d2ee127" />
		<rom name="v104cn.u27" size="8388608" crc="440617cc" sha1="87019bde5f0cf2215b6e28434a0593d0b910cbed" />
		<rom name="v104cn.u28" size="8388608" crc="e102b951" sha1="619cf2aa77996e1831d6ff2116d6ae8045b9066c" />
		<rom name="v104cn.u30" size="8388608" crc="eecf61c6" sha1="59d330508482dcc0971c5255c6c70c83ba72323c" />
	</machine>
	<machine name="sphinxii">
		<description>Sphinx II (Atronic)</description>
		<year>2002</year>
		<manufacturer>Atronic</manufacturer>
		<rom name="gpg.u8" size="1048576" crc="a719fd7f" sha1="de09676375f21f816828fde8a6b7ae5ed741fc4c" />
		<rom name="gpg.u9" size="1048576" crc="3714e7af" sha1="5213207ef525367f82a1ce5e49751c2d987a05c9" />
		<rom name="gpg.u10" size="1048576" crc="9886a639" sha1="752b759269a401493bce41590691feafe0bf2998" />
		<rom name="gpg.u11" size="1048576" crc="9d7c4f17" sha1="5ffe06a23642f3915087f6499bf83aec8ea7a4f2" />
		<rom name="gpg.u12" size="1048576" crc="6f6dd839" sha1="01ffa589df669ebe4825418617a532e128c5514d" />
		<rom name="gpg.u13" size="1048576" crc="07a167bd" sha1="451e0fb2c268618f554f3782aad78056f66fbbbc" />
		<rom name="gpg.u15" size="1048576" crc="552ca8bf" sha1="091c5fa821d33facda8810e3f3ed1ec0c84dd055" />
		<rom name="sphinx2_3ab9.u2" size="1048576" crc="5e29a69b" sha1="fbbff1187390a27dd385c091bb69dc4d73c2a72f" />
	</machine>
	<machine name="spk120in">
		<description>Super Poker (v120IN)</description>
		<year>1996</year>
		<manufacturer>IGS</manufacturer>
		<rom name="super_v120_8.u44" size="65536" crc="321c0971" sha1="ee556b8d883c870919e54b4cfd82d5af1cac8718" />
	</machine>
	<machine name="stackch">
		<description>Stack Challenge</description>
		<year>1991</year>
		<manufacturer>Tandy Corporation</manufacturer>
		<rom name="stackch.bin" size="12288" crc="28b9310a" sha1="52b80d70aa7fc3b6323799403b3aba0e3d957f3b" />
		<rom name="stackch.svg" size="133022" crc="caf74ad4" sha1="2f2e836b0efe377305bb113a550f1cb4ec939273" />
	</machine>
	<machine name="sydh">
		<description>Sha Yu Da Heng (V104CN)</description>
		<year>200?</year>
		<manufacturer>IGS</manufacturer>
		<rom name="v-104cn.u20" size="2097152" crc="43219633" sha1="0f709c700c661f20a3f47c6df5a35aff9eb05bc6" />
		<rom name="v-104cn.u31" size="8388608" crc="794a4ebf" sha1="b6ea2228fc943dc65514d113c36a1e9d69564e9a" />
		<rom name="v-104cn.u33" size="8388608" crc="cd8a1633" sha1="2f63167fe282fc648d9e22c6a32d593f41546ba3" />
		<rom name="v-104cn.u34" size="8388608" crc="cb33469a" sha1="cf2c52ccc688880574452bc806b80519eeff0298" />
	</machine>
	<machine name="tak_wdg">
		<description>Webdiver DX W-05 Gladion (Japan)</description>
		<year>2001</year>
		<manufacturer>Takara / SSD Company LTD</manufacturer>
		<rom name="wdgrobot.bin" size="2097152" crc="7ffc6386" sha1="e33de5f8e6686e4160d1b90d59167418e87f5a47" />
	</machine>
	<machine name="tama">
		<description>Tamagotchi (Gen. 1, World)</description>
		<year>1997</year>
		<manufacturer>Bandai</manufacturer>
		<rom name="tama.svg" size="139072" crc="9468b964" sha1="ab49471db21a00a3b3a68da39c40da69da5d7e1b" />
	</machine>
	<machine name="tamaang">
		<description>Tenshitchi no Tamagotchi (Japan)</description>
		<year>1997</year>
		<manufacturer>Bandai</manufacturer>
		<rom name="tamaang.bin" size="16384" crc="87bcb59f" sha1="f5899bb7717756ac581451cf16cf97d909961c5c" />
		<rom name="tamaang.svg" size="139978" crc="76f27f06" sha1="b416275a12173316e053fa994c5fd68a4d5c1a5c" />
	</machine>
	<machine name="tamag2">
		<description>Tamagotchi (Gen. 2, Japan)</description>
		<year>1997</year>
		<manufacturer>Bandai</manufacturer>
		<rom name="tamag2.bin" size="12288" crc="9f97539e" sha1="09e5101b37636a314fc599d5d69b4846721b3c88" />
	</machine>
	<machine name="tamamot">
		<description>Mothra no Tamagotchi (Japan)</description>
		<year>1997</year>
		<manufacturer>Bandai</manufacturer>
		<rom name="tamamot.bin" size="16384" crc="85e4bee9" sha1="74c1f6761724b7cbda8bca3113db78586b786d2d" />
		<rom name="tamamot.svg" size="138289" crc="4e8210c2" sha1="522536ae5bf744889c0d028c3a292bdf649f81e3" />
	</machine>
	<machine name="teentit">
		<description>Interactive M.A.G. Motion Activated Gear: Teen Titans Arena Showdown</description>
		<year>200?</year>
		<manufacturer>Thinkway Toys</manufacturer>
		<rom name="teentitansmag.bin" size="8388608" crc="6087c7ca" sha1="0bf639218c5f25449f4f98d5c3659a2311a28f72" />
	</machine>
	<machine name="tetrtin">
		<description>Tetris Arcade in a Tin</description>
		<year>2021</year>
		<manufacturer>Fizz Creations</manufacturer>
		<rom name="25q80.u3" size="1048576" crc="017a99b9" sha1="e7f891762bbc3b80ae0f177654d8d066b7524bcd" />
	</machine>
	<machine name="top7a">
		<description>Top-7 (V8.8, set 2)</description>
		<year>1999</year>
		<manufacturer>bootleg (UTech)</manufacturer>
		<rom name="1.u9" size="8192" crc="12f9071f" sha1="92f13ba8dffce56934b110da73c41f8aa7151e81" />
		<rom name="2.u14" size="8192" crc="741f707d" sha1="a9eb4045794662c2029c71dca2bd70142befcc5e" />
		<rom name="3.u10" size="8192" crc="32972c9e" sha1="6ebf18d9e91f7a7ef23961c31c6fbad933e1b708" />
		<rom name="4.u15" size="8192" crc="02b3d190" sha1="4a68dd9f392996942c3d3e2aa28e880a9d0f62d4" />
		<rom name="5.u4" size="32768" crc="23246ab5" sha1="860231a185c6d286171e0bd265d2a646fb0ee7df" />
		<rom name="6.u11" size="32768" crc="6760ee4d" sha1="10412d5ec62e8c442a5a772867daeaf38521b87c" />
		<rom name="7.u16" size="32768" crc="40a35a3e" sha1="040a645bd1201d484181b55f2a4ab3d6457ce21e" />
		<rom name="top7a.u81" size="65536" crc="68874abe" sha1="bfd2c38475be8cc2bc7061b1f25bb1b6eafbc333" />
	</machine>
	<machine name="top7">
		<description>Top-7 (V8.8, set 1)</description>
		<year>1999</year>
		<manufacturer>bootleg (UTech)</manufacturer>
		<rom name="top7.u81" size="65536" crc="29b5a888" sha1="695bebcad1d3034d6a3d0ca2fd0eb279a5db240a" />
	</machine>
	<machine name="toride2ji">
		<description>Toride II (Japan, revision I)</description>
		<year>1994</year>
		<manufacturer>Metro</manufacturer>
		<rom name="tr2_ji-5.20e" size="262144" crc="15906855" sha1="ac905ed62a0a3cd951146224acc4dab75d730237" />
		<rom name="tr2_ji-6.20c" size="262144" crc="e71e291e" sha1="5ac5043208237d2b1ee45d34e5ad74ba2f821cd3" />
	</machine>
	<machine name="totlvice">
		<description>Total Vice (ver EBA)</description>
		<year>1997</year>
		<manufacturer>Konami</manufacturer>
		<rom name="93c46.7k" size="128" crc="9c34554a" sha1="2ca939c518649fdbf7789cfa481b611be8ec32ad" />
	</machine>
	<machine name="trclchick">
		<description>Clever Chicken</description>
		<year>1983</year>
		<manufacturer>Tronica</manufacturer>
		<rom name="0029_238c" size="4096" crc="8977a1cf" sha1="9ac413efedcff8b53b859420c0575c66e7be6e73" />
		<rom name="trclchick.svg" size="122284" crc="c8e67d54" sha1="d3d113c7bcb597fafddb0fab5410808360ad9a4b" />
	</machine>
	<machine name="trdivadv">
		<description>Diver's Adventure</description>
		<year>1983</year>
		<manufacturer>Tronica</manufacturer>
		<rom name="trdivadv.svg" size="165418" crc="727040f1" sha1="2318d6973a165eedcd369bd11342eca7efd24c39" />
	</machine>
	<machine name="triplhnt">
		<description>Triple Hunt</description>
		<year>1977</year>
		<manufacturer>Atari</manufacturer>
		<rom name="74c89.j5" size="16" crc="1a1a3802" sha1="e82a1aec083c9cba2f5870ba0c266dc5e8dda3d3" />
	</machine>
	<machine name="ttactoe">
		<description>Tic Tac Toe (Sundance bootleg of New Lucky 8 Lines)</description>
		<year>199?</year>
		<manufacturer>bootleg (Sundance)</manufacturer>
		<rom name="t1.1h" size="8192" crc="be8b3c26" sha1="369703a91f430af91083cde2bbec210fa355c4a7" />
		<rom name="t2.2h" size="8192" crc="2385ce3d" sha1="49d8e3357ccfbe9e2c214276e884fff97d3da472" />
		<rom name="t3.4h" size="8192" crc="e2074f7f" sha1="d2ccfd52372d37fd258d8544f0d53440b6b575f9" />
		<rom name="t4.5h" size="8192" crc="da56407d" sha1="9a02c8b9d2489332ac64e8af5059bc6e7a1c9902" />
		<rom name="t5.7h" size="32768" crc="868fd100" sha1="00b09049c34865206d324fb329cee74f35dce7ea" />
		<rom name="t6.8h" size="32768" crc="f39ac672" sha1="80f1b734e4321917778ce226348c31b19dc677c7" />
		<rom name="t7.9h" size="32768" crc="8b23b265" sha1="3fc66ab5844d49e12e20f30deb6aa0d07cac3333" />
		<rom name="tic_8.14b" size="32768" crc="a3b8f6ce" sha1="e85803a0683f11f763bbcec82b0ab5b6dcc31d8f" />
	</machine>
	<machine name="tylagoon">
		<description>Typhoon Lagoon (Atronic)</description>
		<year>2002</year>
		<manufacturer>Atronic</manufacturer>
		<rom name="typhoonu69b00" size="131072" crc="31077e74" sha1="953b63c91b3ace5d9e5af01c355bdbc7cbc8005f" />
		<rom name="typhoonu241co" size="1048576" crc="5a619390" sha1="c96ed082fcf6650da0770ff2fdff0ba387bf639e" />
	</machine>
	<machine name="unk128vt">
		<description>unknown VT369 based 128-in-1 (GC31-369-20210702-V2)</description>
		<year>2021</year>
		<manufacturer>&lt;unknown&gt;</manufacturer>
		<rom name="w25q32.bin" size="4194304" crc="35ccadf6" sha1="80b25e374a097d1b9380b7e64013d7ac0d5aa2ca" />
	</machine>
	<machine name="unktax">
		<description>unknown TAX game</description>
		<year>200?</year>
		<manufacturer>TAX / Game Revival</manufacturer>
		<rom name="1.bin" size="262144" crc="2e2aab2d" sha1="7c2159efbce3c39bf5edf2d8266c636d55cbe1ab" />
		<rom name="2.bin" size="262144" crc="5ebd892b" sha1="f5ae1f7c3593ed1f4dca795d16c16432e8d46607" />
		<rom name="3.bin" size="262144" crc="e4b9a3ce" sha1="cab23255bf46d2d9e6b51fc04fee76e56808b2bf" />
		<rom name="4.bin" size="262144" crc="295af91d" sha1="de69afa8c3aadd2084c14ceeca8dd4eaf8d9187d" />
		<rom name="mb2-v5-05.04_baks.bin" size="262144" crc="a674ced5" sha1="fa4cc593afbb4a9ec21e680d178fcceb111f4da9" />
	</machine>
	<machine name="venusdm">
		<description>Beans Collection: Venus Diet Monogatari</description>
		<year>1997</year>
		<manufacturer>Nikko</manufacturer>
		<rom name="venusdm.bin" size="12288" crc="2228b081" sha1="22f6a2ede6259e76f1c8b9b50171c54d8a7de502" />
	</machine>
	<machine name="vibes240">
		<description>Vibes Retro Pocket Gamer 240-in-1</description>
		<year>202?</year>
		<manufacturer>&lt;unknown&gt;</manufacturer>
		<rom name="s29gl128p11tfi01.bin" size="16777472" crc="7244d6e9" sha1="951052f6cd8c873f85f79be9d64498a43e92fd10" status="baddump" />
	</machine>
	<machine name="wfart">
		<description>TV Art Design Center</description>
		<year>200?</year>
		<manufacturer>WinFun</manufacturer>
		<rom name="artstudio.bin" size="8388608" crc="f5fd657e" sha1="0005826a5b22a17cafffaf7328092c8d84217398" />
	</machine>
	<machine name="xyddz">
		<description>Xiao Yao Dou Di Zhu</description>
		<year>200?</year>
		<manufacturer>IGS</manufacturer>
		<rom name="m2401.u27" size="8388608" crc="cfaa177a" sha1="b1ba246a51c6ec451bcd04392460f7a7ccb75cda" />
		<rom name="m2403-cg0-l.u30" size="8388608" crc="3065ee91" sha1="9bb1a0a739c244513f7785305aff13c9314a5d16" />
		<rom name="s2402-cg0-h.u28" size="8388608" crc="b0f43dd4" sha1="5d82fdf3bd5eef1791e7204a040ede06c6028187" />
		<rom name="xyddz.u18" size="2097152" crc="5c569b88" sha1="760bb48bb4739ae6f34921b8ed499174a8960001" />
	</machine>
	<machine name="zupapah8">
		<description>Zupapa (Italian gambling game)</description>
		<year>200?</year>
		<manufacturer>&lt;unknown&gt;</manufacturer>
		<rom name="0.bin" size="524288" crc="34f64bb1" sha1="196697f6b707e98b0896ba9d0ea2c7f0779e8eed" />
		<rom name="1.bin" size="524288" crc="b2a896c3" sha1="b2fa8f945fae7d38c7500a989207a8f1afe67a18" />
	</machine>
</datafile>