<?xml version="1.0" encoding="utf-8"?>
<!DOCTYPE datafile PUBLIC "-//Logiqx//DTD ROM Management Datafile//EN" "http://www.logiqx.com/Dats/datafile.dtd">
<datafile>
	<header>
		<name>MAME - Update CHDs (v0.238 to v0.240)</name>
		<description>MAME - Update CHDs (v0.238 to v0.240)</description>
		<version></version>
		<author></author>
	</header>
	<machine name="neomania">
		<description>Neo Mania</description>
		<year>2002</year>
		<manufacturer>bootleg</manufacturer>
		<disk name="neomania" sha1="4a865d1ed67901b98b37f94cfdd591fad38b404a" />
	</machine>
</datafile>