<?xml version="1.0" encoding="utf-8"?>
<!DOCTYPE datafile PUBLIC "-//Logiqx//DTD ROM Management Datafile//EN" "http://www.logiqx.com/Dats/datafile.dtd">
<datafile>
	<header>
		<name>HBMAME - Update ROMs (v0.245.20 to v0.245.21)</name>
		<description>HBMAME - Update ROMs (v0.245.20 to v0.245.21)</description>
		<version></version>
		<author></author>
	</header>
	<machine name="blockhl">
		<description>Block Hole</description>
		<year>1989</year>
		<manufacturer>Konami</manufacturer>
		<rom name="973a11.h10" size="256" crc="46d28fe9" sha1="9d0811a928c8907785ef483bfbee5445506b3ec8" />
		<rom name="973d01.g6" size="32768" crc="eeee9d92" sha1="6c6c324b1f6f4fba0aa12e0d1fc5dbab133ef669" />
		<rom name="973f03.k4" size="32768" crc="21e98472" sha1="8c697d369a1f57be0825c33b4e9107ce1b02a130" />
		<rom name="973f04.k7" size="32768" crc="69ca41bd" sha1="9b0b1c888efd2f2d5525f14778e18fb4a7353eb6" />
		<rom name="973f05.k9" size="32768" crc="4cfea298" sha1="4772b5b99f5fd8174d8884bd84173512e1edabf4" />
		<rom name="973f06.k12" size="32768" crc="51acfdb6" sha1="94d243f341b490684f5297d95d4835bd522ece35" />
		<rom name="973f07.k15" size="32768" crc="1a8cd9b4" sha1="7cb7944d24ac51fa6b610542d9dec68697cacf0f" />
		<rom name="973f08.k18" size="32768" crc="952b51a6" sha1="017575738d444b688b137cad5611638d53be84f2" />
		<rom name="973f09.k20" size="32768" crc="77841594" sha1="e1bfdc5bb598d865868d578ef7faba8078becd7a" />
		<rom name="973f10.k23" size="32768" crc="09039fab" sha1="a9dea17aacf4484d21ef3b16470263447b51b6b5" />
		<rom name="973l02.e21" size="65536" crc="e14f849a" sha1="d44cf178cc98998b72ed32c6e20b6ebdf1f97579" />
	</machine>
	<machine name="bubblem01">
		<description>Bubble Memories: Black Edition (World)</description>
		<year>2020</year>
		<manufacturer>rtw, MetalliC</manufacturer>
		<rom name="bmbe.17" size="524288" crc="a15e492d" sha1="2f05f8b26a50d57a82362dd0b34bf0e85ecfca97" />
		<rom name="bmbe.18" size="524288" crc="c5a6ec87" sha1="2f64647f23e34b978adbbd09373dd1e1e9100259" />
		<rom name="bmbe.19" size="524288" crc="bd9c3812" sha1="3b6d7ca84ec81c32f604ff1883f37272eaf4efa2" />
		<rom name="bmbe.20" size="524288" crc="c4a1e3c2" sha1="a49aac034aa75b76553f700dfff155635048c291" />
		<rom name="bubblem.nv" size="128" crc="9a59326e" sha1="071dbfbfd77f7020476ddb54c93f5fafa7a08159" />
		<rom name="e21-01.rom" size="2097152" crc="a11f2f99" sha1="293c5996600cad05bf98f936f5f820d93d546099" />
		<rom name="e21-02.rom" size="2097152" crc="b7cb9232" sha1="ba71cb98d49eadebb26d9f53bbaec1dc211077f5" />
		<rom name="e21-03.rom" size="2097152" crc="54c5f83d" sha1="10a993199c8d5a1361bd29a4b92c404451c6da01" />
		<rom name="e21-04.rom" size="2097152" crc="e5af2a2d" sha1="62a49504decc7160b710260218920d2d6d2af8f0" />
		<rom name="e21-05.rom" size="1048576" crc="07eab58f" sha1="ae2d7b839b39d88d11652df74804a39230674467" />
		<rom name="e21-06.rom" size="1048576" crc="997fc0d7" sha1="58a546f739072fedebfe7c972fe85f72107726b2" />
		<rom name="e21-07.rom" size="1048576" crc="7789bf7c" sha1="bc8ef1696adac99a1fabae9b79afcd3461cf323b" />
		<rom name="e21-12.32" size="262144" crc="34093de1" sha1="d69d6b5f10b8fe86f727d739ed5aecceb15e01f7" />
		<rom name="e21-13.33" size="262144" crc="9e9ec437" sha1="b0265b688846c642d240b2f3677d2330d31eaa87" />
	</machine>
	<machine name="bubblem">
		<description>Bubble Memories: The Story Of Bubble Bobble III (Ver 2.4O 1996/02/15)</description>
		<year>1995</year>
		<manufacturer>Taito Corporation Japan</manufacturer>
		<rom name="e21-18.17" size="524288" crc="d14e313a" sha1="3913d396a6a72f539163c216809e54a06ecd3b96" />
		<rom name="e21-19.18" size="524288" crc="be0b907d" sha1="8bb6a149a4b0ccdb32396f7e750218a0bdc31965" />
		<rom name="e21-20.19" size="524288" crc="7727c673" sha1="cda3dbcf8da06e81b899008462bcd6b2ea43db81" />
		<rom name="e21-21.20" size="524288" crc="cac4169c" sha1="e1e5b9bbaecfd29ee764c8b29df8ffd08ef01866" />
	</machine>
	<machine name="bubblemu01">
		<description>Bubble Memories: Black Edition (USA)</description>
		<year>2020</year>
		<manufacturer>rtw, MetalliC</manufacturer>
		<rom name="bmube.17" size="524288" crc="7372711a" sha1="5072fd80a9b0be94e45cf4f16839010f40e7c953" />
		<rom name="bmube.18" size="524288" crc="d6ae69ab" sha1="b4e9656beae3ebfa3ca21c56929b871f15dc6843" />
		<rom name="bmube.19" size="524288" crc="59e7ce8d" sha1="610e0d2e57ccfee2283cac8ef784e2b1803a7e10" />
		<rom name="bmube.20" size="524288" crc="926a235e" sha1="d41f00c130573020b51f7012d4db59f066ff8cfc" />
		<rom name="bubblemu.nv" size="128" crc="a503276c" sha1="f07dd49decee7e8e7551e37b9b0f612bfaf8a2b0" />
	</machine>
	<machine name="dilith">
		<description>Dilithium Lift</description>
		<year>2023</year>
		<manufacturer>Arlasoft</manufacturer>
		<rom name="dilith.5e" size="4096" crc="db98f530" sha1="420a9d7c2888867c13ce2f1d4d43091e0443922b" />
		<rom name="dilith.5f" size="4096" crc="081a59fc" sha1="d363324e9b0a6bcfc2812dc747803088d0f15d3c" />
		<rom name="dilith.6e" size="4096" crc="9b955235" sha1="be2287a344f86d9ec74489203dec21426bb6e051" />
		<rom name="dilith.6f" size="4096" crc="c4e6c1d8" sha1="485aa91e2f69997ac1ed5cdc374977eb03bac32b" />
	</machine>
	<machine name="dkongjr01">
		<description>Donkey Kong Junior (bugfixed)</description>
		<year>1982</year>
		<manufacturer>John Kowalski</manufacturer>
		<rom name="djr1-c-2e.2e" size="256" crc="463dc7ad" sha1="b2c9f22facc8885be2d953b056eb8dcddd4f34cb" />
		<rom name="djr1-c-2f.2f" size="256" crc="47ba0042" sha1="dbec3f4b8013628c5b8f83162e5f8b1f82f6ee5f" />
		<rom name="djr1-c_3h.3h" size="4096" crc="715da5f8" sha1="f708c3fd374da65cbd9fe2e191152f5d865414a0" />
		<rom name="djr1-v-2n.2n" size="256" crc="dbf185bf" sha1="2697a991a4afdf079dd0b7e732f71c7618f43b70" />
		<rom name="djr1-v.3n" size="4096" crc="8d51aca9" sha1="64887564b079d98e98aafa53835e398f34fe4e3f" />
		<rom name="djr1-v.3p" size="4096" crc="4ef64ba5" sha1="41a7a4005087951f57f62c9751d62a8c495e6bb3" />
		<rom name="djr1-v_7c.7c" size="2048" crc="dc7f4164" sha1="07a6242e95b5c3b8dfdcd4b4950f463dba16dd77" />
		<rom name="djr1-v_7d.7d" size="2048" crc="0ce7dcf6" sha1="0654b77526c49f0dfa077ac4f1f69cf5cb2e2f64" />
		<rom name="djr1-v_7e.7e" size="2048" crc="24d1ff17" sha1="696854bf3dc5447d33b4815db357e6ce3834d867" />
		<rom name="djr1-v_7f.7f" size="2048" crc="0f8c083f" sha1="0b688ae9da296b2447fffa5e135fd6a56ec3e790" />
		<rom name="s01.5b" size="8192" crc="50c2a9a0" sha1="84fc30dd6e0a5a5376482a0c80f02b7f69945c1c" />
		<rom name="s01.5c" size="8192" crc="dd65bd02" sha1="f1f7feb3e727e2a938dd6639a588219d131a256d" />
		<rom name="s01.5e" size="8192" crc="1fa0d992" sha1="636fd28bb05296937945adc7c63da04bd7adbb44" />
	</machine>
	<machine name="dkongjr">
		<description>Donkey Kong Junior (US set F-2)</description>
		<year>1982</year>
		<manufacturer>Nintendo of America</manufacturer>
		<rom name="djr1-c_5b_f-2.5b" size="8192" crc="dea28158" sha1="08baf84ae6f9b40a2c743fe1d8c158c74a40e95a" />
		<rom name="djr1-c_5c_f-2.5c" size="8192" crc="6fb5faf6" sha1="ce1cfde71a9e2a8b5896a6301d386f72869a1d2e" />
		<rom name="djr1-c_5e_f-2.5e" size="8192" crc="d042b6a8" sha1="57ac237d273496b44220b4437118115ef11dbd9f" />
	</machine>
	<machine name="galaga03">
		<description>Galaga Challenging Only (2024-03-26)</description>
		<year>2024</year>
		<manufacturer>Paul Goes</manufacturer>
		<rom name="03_1b.3p" size="4096" crc="35768124" sha1="41f3bf262eae71e0ca7f0cbf459565d2d6c2b5ec" />
		<rom name="03_2b.3m" size="4096" crc="873b6c48" sha1="ce67e08d3249f4dd27a1e70625ea2262dfc41c1a" />
	</machine>
	<machine name="knightsch">
		<description>Knight's Chance</description>
		<year>2014</year>
		<manufacturer>Neobitz</manufacturer>
		<rom name="340.c1" size="4194304" crc="206ca233" sha1="05490faba5b4003c1f073c94f9335e89ff14b464" />
		<rom name="340.c2" size="4194304" crc="782437cb" sha1="30bf0362663a42c1069f67ee65f49d19d2c695ec" />
		<rom name="340.m1" size="131072" crc="aaf76ef5" sha1="ebfa2d30539932133dc8c9fe0255890626e145ab" />
		<rom name="340.p1" size="1048576" crc="d7ac5077" sha1="bbb72cb8eba04b7a93c1e611c50cec8cbc52eb9a" />
		<rom name="340.s1" size="131072" crc="d007e769" sha1="c09936ace59a25c15ba9436f8514956538ed4c2d" />
		<rom name="340.v1" size="8388608" crc="b8e55619" sha1="d1e03486b9f33954e0b3f411414ff4cf764aa55f" />
	</machine>
	<machine name="kof94s40">
		<description>Kof'94 (Team Edit Edition v1.4.2)</description>
		<year>2024</year>
		<manufacturer>Matt Greer</manufacturer>
		<rom name="055s40.c1" size="2097152" crc="daf4f5d5" sha1="72be8df4d575a1b0962f0c4d586c4a7ae027820f" />
		<rom name="055s40.c2" size="2097152" crc="849bdfba" sha1="4a7bdbe9c542a086567a0165e68c8d8c1474ce68" />
		<rom name="055s40.c7" size="2097152" crc="78bf6367" sha1="223e97637131855faf1c6819057229ed937089ab" />
		<rom name="055s40.c8" size="2097152" crc="7f680a75" sha1="adc547d23d9f11412871b463202908120bb5bccf" />
		<rom name="055s40.p1" size="2097152" crc="e4d3e394" sha1="c6f7a5c9ac97b49c627e949a51e952c7d741c3c0" />
	</machine>
	<machine name="quarth01">
		<description>Quarth (Cooperative, 2023-02-04)</description>
		<year>2023</year>
		<manufacturer>Paul Goes</manufacturer>
		<rom name="973e03.k4" size="32768" crc="2c5a4b4b" sha1="e2991dd78b9cd96cf93ebd6de0d4e060d346ab9c" />
		<rom name="973e04.k7" size="32768" crc="d70f4a2c" sha1="25f835a17bacf2b8debb2eb8a3cff90cab3f402a" />
		<rom name="973e05.k9" size="32768" crc="15d822cb" sha1="70ecad5e0a461df0da6e6eb23f43a7b643297f0d" />
		<rom name="973e06.k12" size="32768" crc="0d58af85" sha1="2efd661d614fb305a14cfe1aa4fb17714f215d4f" />
		<rom name="973e07.k15" size="32768" crc="0bd6b0f8" sha1="6c59cf637354fe2df424eaa89feb9c1bc1f66a92" />
		<rom name="973e08.k18" size="32768" crc="104d0d5f" sha1="595698911513113d01e5b565f5b073d1bd033d3f" />
		<rom name="973e09.k20" size="32768" crc="bd3a6f24" sha1="eb45db3a6a52bb2b25df8c2dace877e59b4130a6" />
		<rom name="973e10.k23" size="32768" crc="cf5e4b86" sha1="43348753894c1763b26dbfc70245dac92048db8f" />
		<rom name="quarth01.e21" size="65536" crc="e67357b9" sha1="1c4a16a3db5e441604414ae4755cf9ef95139d95" />
	</machine>
	<machine name="redearthep">
		<description>Red Earth (NO CD, Easy Password)</description>
		<year>2024</year>
		<manufacturer>HB Productions</manufacturer>
		<rom name="redearth-simm1.0" size="2097152" crc="a3f066e3" sha1="dc65d5393abd3b20a013de506e268efce79ce418" />
		<rom name="redearth-simm1.1" size="2097152" crc="961f2fd5" sha1="8d71095b3ceed936e5a70c0e5aa3fe327d230c52" />
		<rom name="redearth-simm1.2" size="2097152" crc="92f9a2fb" sha1="25a66e582972feddcf1087c4f2bb92613efae32d" />
		<rom name="redearth-simm1.3" size="2097152" crc="277272c7" sha1="5007a1bbcf6db55c14b2ff856578558bc5179634" />
		<rom name="redearth_asia_nocd.29f400.u2" size="524288" crc="7a4f0851" sha1="660ca716960ec761038e5ad4de636be13b0dddd8" />
	</machine>
	<machine name="sf2ce59">
		<description>Street Fighter II' (Golden Magic)</description>
		<year>2020</year>
		<manufacturer>Mameplus</manufacturer>
		<rom name="c19s59.p1" size="524288" crc="9028b8b7" sha1="be998b1b31bd3d72a970d50a2690551bfa0baeac" />
		<rom name="c19s59.p2" size="524288" crc="d275da79" sha1="25b47c34e5dab0b6604f84059b6ad096c4528285" />
		<rom name="c19s59.p3" size="524288" crc="2f8a194f" sha1="d11c3164d2ccafb350c50130707a87cd76b9dd4d" />
	</machine>
	<machine name="sf2ce60">
		<description>Street Fighter II': Champion Edition (Aimed Barrels)</description>
		<year>2024</year>
		<manufacturer>Sebastian Mihai</manufacturer>
		<rom name="c19s60.p1" size="524288" crc="b57d701a" sha1="79ffaed72f7031e2cf7cd9568d1a5cf028a7a8ab" />
		<rom name="c19s60.p3" size="524288" crc="07ad9ee8" sha1="d38f49040d464fde156cff4565f0ab1acfcf808b" />
	</machine>
	<machine name="sf2ce61">
		<description>Street Fighter II': Champion Edition (Aimed Fires)</description>
		<year>2024</year>
		<manufacturer>Sebastian Mihai</manufacturer>
		<rom name="c19s61.p3" size="524288" crc="403ee1d6" sha1="dfb0704742bc54e2c50e29d1596314fa8a7edd0d" />
	</machine>
	<machine name="sf2ce62">
		<description>Street Fighter II': Champion Edition (Barrels of Fun)</description>
		<year>2024</year>
		<manufacturer>Sebastian Mihai</manufacturer>
		<rom name="c19s62.p3" size="524288" crc="689ae626" sha1="b54404faff302c7b306050dec133125b3e0a1446" />
	</machine>
	<machine name="sf2ce63">
		<description>Street Fighter II': Champion Edition (Bird in Hand)</description>
		<year>2024</year>
		<manufacturer>Sebastian Mihai</manufacturer>
		<rom name="c19s63.p1" size="524288" crc="54dbcd5e" sha1="1b5b2d5ebb62eed913ca8c9248adc9dd80ce02e2" />
		<rom name="c19s63.p3" size="524288" crc="4a044134" sha1="c11de67cb831e60b99737f575055bcc6858d17ec" />
	</machine>
	<machine name="sf2ce64">
		<description>Street Fighter II': Champion Edition (Burning Fires)</description>
		<year>2024</year>
		<manufacturer>Sebastian Mihai</manufacturer>
		<rom name="c19s64.p3" size="524288" crc="820294cd" sha1="5f8e36230d2a299306f324677fee574db4ca0557" />
	</machine>
	<machine name="sf2ce65">
		<description>Street Fighter II': Champion Edition (Fire Serpent)</description>
		<year>2024</year>
		<manufacturer>Sebastian Mihai</manufacturer>
		<rom name="c19s65.p3" size="524288" crc="af60b59c" sha1="dff1cd6131c45260c1c2634eeb81769a66d05901" />
	</machine>
	<machine name="sf2ce66">
		<description>Street Fighter II': Champion Edition (Vampiric)</description>
		<year>2024</year>
		<manufacturer>Sebastian Mihai</manufacturer>
		<rom name="c19s66.p3" size="524288" crc="341caaa5" sha1="3a97d592ae6b85849998eb8bc9734cae41c8d707" />
	</machine>
	<machine name="sf2ce67">
		<description>Street Fighter II': Champion Edition (L735 [CL1785])</description>
		<year>1992</year>
		<manufacturer>bootleg</manufacturer>
		<rom name="c19blp.c03" size="262144" crc="82e8e384" sha1="a8849bdb97c496777ba87e8f1942585c0fc9a29b" />
		<rom name="c19blp.c11" size="262144" crc="4a3a8d09" sha1="eaa7307963c7a5381a4d84a4ebcc483b55cc1411" />
		<rom name="c19m8.c43" size="131072" crc="f95bc505" sha1="385beb2f9f8a473d928d729d722372ae49f410e7" />
		<rom name="c19s67.c01" size="524288" crc="5733d44e" sha1="0ef7e26245d7038292795ed070641023503328c4" />
		<rom name="c19s67.c02" size="524288" crc="e24eb699" sha1="e7394eac442634a398d1bcaa7866398b5511f6de" />
		<rom name="c19s67.c04" size="524288" crc="64c474af" sha1="52eeb7c19891344332b0149cc5455b558c0be2d6" />
		<rom name="c19s67.c05" size="524288" crc="42d7635d" sha1="8fe7f95baabeb543b84ae93c40fd00f68fbe9cfb" />
		<rom name="c19s67.c06" size="524288" crc="a18ac61a" sha1="cbc19456f9efc0cae51cb96e6220a3f209242a7e" />
		<rom name="c19s67.c07" size="524288" crc="dc03b5c7" sha1="3a818e076514efb210586b4b99edbd9ce8ba09da" />
		<rom name="c19s67.c08" size="524288" crc="f6db1877" sha1="bf93c52e3602047424431a30b7c7bff8016d6682" />
		<rom name="c19s67.p3" size="131072" crc="6ef18ab4" sha1="949983cc2189b882d2ee6236ac7a271b0c0406fe" />
	</machine>
	<machine name="sfz3mix">
		<description>Street Fighter Zero 3 (Turbo Mix 0.31)</description>
		<year>2024</year>
		<manufacturer>Zero800</manufacturer>
		<rom name="sfz3mix.c1" size="33554432" crc="59025f91" sha1="9e8ebbbf909f74cd857a0876fc42087a243d1b23" />
		<rom name="sfz3mix.c2" size="33554432" crc="914c7031" sha1="7b7ce04e563ef23f6f9454f268a968b9114ac729" />
		<rom name="sfz3mix.m1" size="524288" crc="52f98a5c" sha1="5e1251b85d0bfb707b3e519aeb3a716893191a20" />
		<rom name="sfz3mix.p1" size="6291456" crc="94c8f969" sha1="25c14dae5958723481e03dbddb7617ec481a55d5" />
		<rom name="sfz3mix.q1" size="16777216" crc="395edce2" sha1="0f6a4be84ed1e1a13319a480b41c1f35b36f35fc" />
	</machine>
	<machine name="ssf2t10">
		<description>Super Street Fighter II Turbo (940223U, difficulty fix)</description>
		<year>2024</year>
		<manufacturer>hack</manufacturer>
		<rom name="c51t10.p1" size="524288" crc="3207daa4" sha1="c5193d37438e3f6bbd763754162108c7bb3a5274" />
		<rom name="c51u.p2" size="524288" crc="532b5ffd" sha1="769a8a9d4e04e291ce7427b89e537bba2258ca82" />
	</machine>
</datafile>