<?xml version="1.0" encoding="utf-8"?>
<!DOCTYPE datafile PUBLIC "-//Logiqx//DTD ROM Management Datafile//EN" "http://www.logiqx.com/Dats/datafile.dtd">
<datafile>
	<header>
		<name>HBMAME - Update ROMs (v0.245.19 to v0.245.20)</name>
		<description>HBMAME - Update ROMs (v0.245.19 to v0.245.20)</description>
		<version></version>
		<author></author>
	</header>
	<machine name="au">
		<description>Au</description>
		<year>1983</year>
		<manufacturer>Tehkan</manufacturer>
		<rom name="au1.l9" size="4096" crc="4e6b2ac1" sha1="ddc24e292e7ece5e5b688798212c41b1f943ec83" />
		<rom name="au2.k9" size="4096" crc="07c1aea4" sha1="9640a65d272f68af6bd080b113bd02e36a952989" />
		<rom name="au3.j9" size="4096" crc="d024a4e5" sha1="13d5b48b27b8b94d7e97b2f8b67ca554c8bde9c0" />
		<rom name="au4.f9" size="4096" crc="afd783d9" sha1="8940dd87f9a3bb63aa9b43533c4c12fe48a6b09d" />
		<rom name="au5.e9" size="4096" crc="372c06e9" sha1="7b76959f99029e868c03141491dbfa74487890d9" />
		<rom name="au6.d9" size="4096" crc="2daa0b49" sha1="20d7f31a1af759f8b55d65e99275c9692f4ad0b5" />
		<rom name="au7.c9" size="4096" crc="8345cce5" sha1="bb6e8371d5f5acf91bca9568a5dd9335d95a501d" />
		<rom name="au8.a9" size="4096" crc="ad02f888" sha1="1e8301311baa7f853510223c36982e7aa19ac34d" />
		<rom name="au9.4c" size="4096" crc="4a22394e" sha1="6b8d9658a0c4cad21d226fe8b10ba3e0c8e9fe28" />
		<rom name="au10.5c" size="4096" crc="dd2bf0ba" sha1="4a9688555e73cc3be61665ce9800eb8975844d4f" />
		<rom name="au11.6c" size="4096" crc="19d65322" sha1="e1d1c5a19ef6d1d773485a30a887da51c6281e1d" />
		<rom name="au12.4k" size="4096" crc="0315f0a1" sha1="18d1e72298448737c8aa226f6d8b9c592143c4e8" />
		<rom name="au13.18k" size="8192" crc="faa24ff4" sha1="b95a9df5ea44c638589b7bab507638210b369401" />
		<rom name="au14.18l" size="8192" crc="2bd7aa4e" sha1="9a1482cedd689bd10a30208cc10469bf5b53a264" />
		<rom name="au15.18m" size="8192" crc="d5a8bf00" sha1="6a9ad47477c5041c3757f8dcaf3d54f054257ed3" />
	</machine>
	<machine name="gladmortd2">
		<description>Gladmort (Demo 2)</description>
		<year>2024</year>
		<manufacturer>Pixelheart</manufacturer>
		<rom name="503d2.c1" size="20971520" crc="bcb081ba" sha1="68cdd3c2920a0fc5c52a5ba1d6e4efd0e735e11d" />
		<rom name="503d2.c2" size="20971520" crc="1b927329" sha1="4861da95ce6a9d0521bbeed3b4f06daa0750c15c" />
		<rom name="503d2.m1" size="65536" crc="0dfddae3" sha1="4bfa6af6874510d1da95badee1bd23d3be853461" />
		<rom name="503d2.p1" size="1048576" crc="d7712425" sha1="eb9c32b584a600cc67784113cd87629c3eab4e1c" />
		<rom name="503d2.v1" size="4194304" crc="3b5e1408" sha1="90cc923273d002819228cde8bdc57d76915b52f1" />
		<rom name="503d2.v2" size="4194304" crc="d44f004d" sha1="bfb652111b1d065d48833034ab0333e69af9c947" />
		<rom name="503d2.v3" size="4194304" crc="e9e8de2f" sha1="2a480f925073776308c07b6d4cc2334115bc17f2" />
		<rom name="503d2.v4" size="4194304" crc="aaf3f4e2" sha1="9e126db19a98de4bd0c649f7a655e1e79cc236ed" />
	</machine>
	<machine name="kof94s39">
		<description>Kof'94 (Team Edit Edition v1.3.0)</description>
		<year>2024</year>
		<manufacturer>Matt Greer</manufacturer>
		<rom name="055s39.c1" size="2097152" crc="34758352" sha1="fbbaff8315f7f7b2c4b13e3ce5ee4545dac177fc" />
		<rom name="055s39.c2" size="2097152" crc="90466a40" sha1="eb4b6009c0ffd4c0287925a86903e78fe4d8808d" />
		<rom name="055s39.c7" size="2097152" crc="b3d868d0" sha1="ca99b0f46da74676b324d2e13132e027b216998f" />
		<rom name="055s39.c8" size="2097152" crc="b296127c" sha1="ccdbb61638fa9122ce341436587f76f8b1cd81d5" />
		<rom name="055s39.p1" size="2097152" crc="f3fea336" sha1="3ee04e2efb4f1119b60f408c1249763b63494f91" />
		<rom name="055s39.s1" size="131072" crc="dcd024d2" sha1="1e1699b85353f916fb157f2fde7d8ba26c517bda" />
	</machine>
	<machine name="nbajam04">
		<description>NBA Jam Rewind (rev 1.2)</description>
		<year>2023</year>
		<manufacturer>Asure</manufacturer>
		<rom name="nbajam04.u13" size="524288" crc="c4cbede2" sha1="8b1a26ee852281de1564af35fc3605a89eb0b7dd" />
	</machine>
	<machine name="sfz3mix">
		<description>Street Fighter Zero 3 (Turbo Mix 0.30)</description>
		<year>2024</year>
		<manufacturer>Zero800</manufacturer>
		<rom name="sfz3mix.p1" size="6291456" crc="eb635d04" sha1="1736fdb8ce35544b2771b70094b6d6ee368721c1" />
	</machine>
</datafile>