<?xml version="1.0" encoding="utf-8"?>
<!DOCTYPE datafile PUBLIC "-//Logiqx//DTD ROM Management Datafile//EN" "http://www.logiqx.com/Dats/datafile.dtd">
<datafile>
	<header>
		<name>apple2_flop_clcracked</name>
		<description>Apple II cleanly cracked disks</description>
		<version></version>
		<author></author>
	</header>
	<machine name="covetmir83">
		<description>The Coveted Mirror (version 1983) (4am crack)</description>
		<year>1983</year>
		<publisher>Penguin Software</publisher>
		<rom name="the coveted mirror (4am crack) side a.dsk" size="143360" crc="8df0cdb8" sha1="c17022314f84b4353860a77a234639148d747674" />
		<rom name="the coveted mirror (4am crack) side b (boot).dsk" size="143360" crc="129348b9" sha1="40dc102262baf72edb00be5a890bc51956e2e64f" />
	</machine>
	<machine name="undiatip">
		<description>Un Día Típico (4am crack)</description>
		<year>1985</year>
		<publisher>D.C. Heath and Company</publisher>
		<rom name="un dia tipico (4am crack) disk 2.dsk" size="143360" crc="9145ec1a" sha1="f810cfaab9d1df4c34f79d9338f35b57b3356d2b" />
	</machine>
</datafile>