<?xml version="1.0" encoding="utf-8"?>
<!DOCTYPE datafile PUBLIC "-//Logiqx//DTD ROM Management Datafile//EN" "http://www.logiqx.com/Dats/datafile.dtd">
<datafile>
	<header>
		<name>apple2gs_flop_orig</name>
		<description>Apple IIgs original disks</description>
		<version></version>
		<author></author>
	</header>
	<machine name="crylmsn">
		<description>2088: The Cryllan Mission</description>
		<year>1989</year>
		<publisher>Victory Software</publisher>
		<rom name="2088 the cryllan mission iigs - disk 1 - system.woz" size="1328949" crc="a3147ab2" sha1="4cd06e51f8fd43fcc32ec4ee50ddaff33f70136a" />
		<rom name="2088 the cryllan mission iigs - disk 2 - program.woz" size="1328950" crc="727b7769" sha1="5a5966dd8f65ccf007217b558a11a9fe55f538ae" />
		<rom name="2088 the cryllan mission iigs - disk 3 - indoors.woz" size="1328950" crc="755a1f3f" sha1="bb79136ef1052f2d2885dc45eb80a28524c1782c" />
		<rom name="2088 the cryllan mission iigs - disk 4 - outdoors.woz" size="1328472" crc="839db47b" sha1="0fc1f12aa436248f3b8f6b4a57da2c1a6ae7ac8e" />
	</machine>
	<machine name="drawplus10">
		<description>Draw Plus (version 1.0)</description>
		<year>1987</year>
		<publisher>Activision</publisher>
		<rom name="draw plus iigs v1.0.woz" size="1296140" crc="36d26290" sha1="5fd4954e0dc6e1ff69e58fe5e11129f7ea2dd7f9" />
	</machine>
	<machine name="firstcat">
		<description>First Categories</description>
		<year>1989</year>
		<publisher>Laureate Learning Systems</publisher>
		<rom name="first categories iigs.woz" size="1345395" crc="59c1ebb0" sha1="51ca3997e840b236043f9c0d35f985a874b0d1f3" />
	</machine>
	<machine name="listplus">
		<description>List Plus (version 1.0 (11-Dec-87))</description>
		<year>1987</year>
		<publisher>Activision</publisher>
		<rom name="list plus iigs.woz" size="1296216" crc="74e1f2a3" sha1="ab151cdc94e35685bd834d6e2186d5665e5e3b8a" />
	</machine>
	<machine name="mulscribe">
		<description>MultiScribe IIgs (version 3.01c)</description>
		<year>1987</year>
		<publisher>StyleWare</publisher>
		<rom name="multiscribe gs v3.01c disk 1 - program.woz" size="1502036" crc="4906e980" sha1="6c12d15a74e0db0fd0f791074f80a00b3cd05c23" />
		<rom name="multiscribe gs v3.01c disk 2 - utilities.woz" size="1296143" crc="683b0eb2" sha1="f16ad4e0822d59366a682090568cf9213ffb84f3" />
	</machine>
	<machine name="ntsbalpha">
		<description>The New Talking Stickybear Alphabet</description>
		<year>1988</year>
		<publisher>Optimum Resource</publisher>
		<rom name="the new talking stickybear alphabet iigs disk 1.woz" size="1286474" crc="d402a368" sha1="71dd47483c3dec822bec78e1314a826a3467b1c6" />
		<rom name="the new talking stickybear alphabet iigs disk 2.woz" size="1296202" crc="5f1a97f8" sha1="ed7b926e46c4f8e1a92cf74ae7683897653f5f81" />
	</machine>
	<machine name="ntsbopp">
		<description>The New Talking Stickybear Opposites</description>
		<year>1988</year>
		<publisher>Optimum Resource</publisher>
		<rom name="the new talking stickybear opposites iigs.woz" size="1296165" crc="1cd4c868" sha1="cfd9105a3e06d7062e4339ec8c052bd7c144ef2c" />
	</machine>
	<machine name="panzbatl">
		<description>Panzer Battles IIgs</description>
		<year>1991</year>
		<publisher>Strategic Studies Group (SSG)</publisher>
		<rom name="panzer battles iigs disk 1.woz" size="1296699" crc="fc09c2f4" sha1="29258ad5a4d5e1008304ba64442c373d03932dc8" />
		<rom name="panzer battles iigs disk 2.woz" size="1296220" crc="9b4ee5fd" sha1="58110b606d5e5ffadbdf79a4cb8f0f9e985d0665" />
	</machine>
	<machine name="photonix2">
		<description>Photonix II (version 2.50)</description>
		<year>1990</year>
		<publisher>Free Tools Association</publisher>
		<rom name="photonix ii iigs v2.50.woz" size="1296227" crc="d2ee6965" sha1="835b2395b5ab30e960a7fb4292bdedd827b24b21" />
	</machine>
	<machine name="pmazemar">
		<description>Peanuts Maze Marathon IIgs</description>
		<year>1990</year>
		<publisher>American School Publishers</publisher>
		<rom name="peanuts maze marathon iigs disk 1.woz" size="1296163" crc="46e65960" sha1="a350a696545992d5969837c28b25326b3bdac11a" />
		<rom name="peanuts maze marathon iigs disk 2.woz" size="1296163" crc="a1543361" sha1="2d6c1e37e63f6b7deafb98afd5455bee99f016c5" />
	</machine>
	<machine name="rmljackb">
		<description>Reading Magic Library: Jack and the Beanstalk IIgs</description>
		<year>1989</year>
		<publisher>Tom Snyder Productions</publisher>
		<rom name="reading magic library- jack and the beanstalk iigs.woz" size="1296150" crc="99629b03" sha1="19d3bfccf7acb09638019321d69c7808bd6df49f" />
	</machine>
	<machine name="skatedie10">
		<description>Skate or Die! IIgs (version 1.0)</description>
		<year>1988</year>
		<publisher>Electronic Arts</publisher>
		<rom name="skate or die iigs v1.0.woz" size="1296712" crc="4701fbdb" sha1="7d1022395ba33870a1093ae1c86d01406533a622" />
	</machine>
	<machine name="topdraw">
		<description>TopDraw (version 1.01A (8/4/87))</description>
		<year>1987</year>
		<publisher>StyleWare</publisher>
		<rom name="topdraw iigs v1.01a.woz" size="1296669" crc="4908357a" sha1="86f94d5a5849c17af21ab11003575005e0b1eb93" />
	</machine>
	<machine name="transyl3">
		<description>Transylvania III IIgs</description>
		<year>1991</year>
		<publisher>Polarware</publisher>
		<rom name="transylvania iii iigs disk 1.woz" size="1296158" crc="21c32861" sha1="8500f9470e8e09c43d6f363b50977450a346315f" />
		<rom name="transylvania iii iigs disk 2.woz" size="1296158" crc="b0a74652" sha1="8b691c6264f30e06e35648ac2a8aa03852efeadb" />
	</machine>
	<machine name="uglyduck">
		<description>The Ugly Duckling (version 1.1)</description>
		<year>1989</year>
		<publisher>ByteWorks</publisher>
		<rom name="the ugly duckling iigs disk 1.woz" size="1345369" crc="a4c31130" sha1="7bde59e642ad557c4b0f336e56d475b6d8f7ebdc" />
		<rom name="the ugly duckling iigs disk 2.woz" size="1345369" crc="50a3a732" sha1="ede986bd8044d3863d1e51fa7db206eb43256ec3" />
	</machine>
</datafile>