<?xml version="1.0" encoding="utf-8"?>
<!DOCTYPE datafile PUBLIC "-//Logiqx//DTD ROM Management Datafile//EN" "http://www.logiqx.com/Dats/datafile.dtd">
<datafile>
	<header>
		<name>juku</name>
		<description>Juku E5104 floppy disks</description>
		<version></version>
		<author></author>
	</header>
	<machine name="jukusys">
		<description>E5104 System Disks</description>
		<year>1988</year>
		<publisher>Baltiyets</publisher>
		<rom name="EMUSYS1.JUK" size="819200" crc="e930b8f0" sha1="956c82e43e2b1f76a337190f78318428729e845f" />
		<rom name="EMUSYS2.JUK" size="819200" crc="ec35d36b" sha1="054b854a9bc58383794e74fdc2f778f746bdf55d" />
		<rom name="EMUSYS3.JUK" size="819200" crc="0d5c68ca" sha1="2bd379212078b892ad07766007507b02bbda3703" />
	</machine>
	<machine name="utils4">
		<description>EKTA Utilities Disk #4</description>
		<year>1989</year>
		<publisher>EKTA</publisher>
		<rom name="J3KUTIL4.JUK" size="819200" crc="839f20aa" sha1="fb8a5239cdd74eced3b0bb7ab8ec6e8b2092f4c3" />
	</machine>
</datafile>