<?xml version="1.0" encoding="utf-8"?>
<!DOCTYPE datafile PUBLIC "-//Logiqx//DTD ROM Management Datafile//EN" "http://www.logiqx.com/Dats/datafile.dtd">
<datafile>
	<header>
		<name>m3</name>
		<description>LSI M-THREE disks</description>
		<version></version>
		<author></author>
	</header>
	<machine name="m3utils">
		<description>M3 Utilities (Release 3)</description>
		<year>198?</year>
		<publisher>LSI</publisher>
		<rom name="m3_utils_cpm22_8ssds.mfm" size="1617408" crc="da1072a2" sha1="fa17616c90efda3e2ceeb06012183bbba3631d34" />
	</machine>
</datafile>