<?xml version="1.0" encoding="utf-8"?>
<!DOCTYPE datafile PUBLIC "-//Logiqx//DTD ROM Management Datafile//EN" "http://www.logiqx.com/Dats/datafile.dtd">
<datafile>
	<header>
		<name>pc6001_cart</name>
		<description>NEC PC-6001 cartridges</description>
		<version></version>
		<author></author>
	</header>
	<machine name="turpin">
		<description>Turpin (1983-01-29)</description>
		<year>1983</year>
		<publisher>Konami</publisher>
		<rom name="turpin (konami) (japan) [_] [rev b].rom" size="4096" crc="22365086" sha1="93c0c1fb4cec973b063122ad2c7e6a8e1ce4c314" />
	</machine>
	<machine name="turpina">
		<description>Turpin (1982-10-12)</description>
		<year>1982</year>
		<publisher>Konami</publisher>
		<rom name="turpin-pc-6001.bin" size="4096" crc="e1c4676c" sha1="09ca64e9c79b18fcd322c6676d12710ba095054d" />
	</machine>
</datafile>