<?xml version="1.0" encoding="utf-8"?>
<!DOCTYPE datafile PUBLIC "-//Logiqx//DTD ROM Management Datafile//EN" "http://www.logiqx.com/Dats/datafile.dtd">
<datafile>
	<header>
		<name>pc8801_flop</name>
		<description>NEC PC-8801 disk images</description>
		<version></version>
		<author></author>
	</header>
	<machine name="berserkep">
		<description>Berserkers Front Gaiden 3 Plus - Turning Point</description>
		<year>19??</year>
		<publisher>&lt;doujin&gt;</publisher>
		<rom name="berserkers front gaiden 3 plus - turning point.d88" size="350224" crc="c37b39ba" sha1="5f688a428d51438bda2225a30842e32b6812a880" />
	</machine>
</datafile>