<?xml version="1.0" encoding="utf-8"?>
<!DOCTYPE datafile PUBLIC "-//Logiqx//DTD ROM Management Datafile//EN" "http://www.logiqx.com/Dats/datafile.dtd">
<datafile>
	<header>
		<name>spectrum_cass</name>
		<description>Sinclair ZX Spectrum cassettes</description>
		<version></version>
		<author></author>
	</header>
	<machine name="channel1_5">
		<description>Channel 1 - Spectrum Music Club - Issue 5 (Jan. 1991)</description>
		<year>1991</year>
		<publisher>&lt;unknown&gt;</publisher>
		<rom name="Channel 1 (Issue 5) - Side 1.tzx" size="153647" crc="d0d2b8a5" sha1="b497b51072b25b6f65d753e8d46cc3b503ebaf37" />
		<rom name="Channel 1 (Issue 5) - Side 2.tzx" size="143147" crc="c8516495" sha1="04bbc93428a871683576fd0445a3baedf355d30a" />
	</machine>
	<machine name="channel1_67">
		<description>Channel 1 - Spectrum Music Club - Double Issue 6 + 7 (Sept. 1991)</description>
		<year>1991</year>
		<publisher>&lt;unknown&gt;</publisher>
		<rom name="Channel 1 (Issue 6-7) - Side 1.tzx" size="164177" crc="d17361e3" sha1="1eabc61f43be1faf7e50a5572b8deb417fc8e5c8" />
		<rom name="Channel 1 (Issue 6-7) - Side 2.tzx" size="173169" crc="8d1650a5" sha1="131e7d1bb5ed76afe02d2abb0dd59ad3862319f5" />
	</machine>
	<machine name="comppool">
		<description>Computer Form Pools Predictions</description>
		<year>1984</year>
		<publisher>A. Pritchard / Buffer Micro</publisher>
		<rom name="Computer Form Pools Predictions - Aus Leagues.tzx" size="32562" crc="acaecdba" sha1="729c5d50a40215314567631115a4900ba7289558" />
		<rom name="Computer Form Pools Predictions - Eng Leagues.tzx" size="32400" crc="22c93d7f" sha1="a9af42fd87e32eea6544d9d53d34eb3dea954735" />
	</machine>
	<machine name="libsofts06_a">
		<description>Libreria de Software Spectrum № 6 (covertape, alt)</description>
		<year>1985</year>
		<publisher>Grupo de Trabajo Software</publisher>
		<rom name="Libreria De Software Spectrum (Issue 06) - Side 1.tzx" size="63929" crc="0cf975b8" sha1="8c1ba776c3ff6269a0e52a8768058077a4a7c198" />
		<rom name="Libreria De Software Spectrum (Issue 06) - Side 2.tzx" size="77368" crc="17a7c5ac" sha1="ae89dd86ce206d8aa25cccf19c3f496aa7663820" />
	</machine>
	<machine name="libsofts06">
		<description>Libreria de Software Spectrum № 6 (covertape)</description>
		<year>1985</year>
		<publisher>Grupo de Trabajo Software</publisher>
		<rom name="Libreria de Software Spectrum Issue 06 - Side 1.tzx" size="63963" crc="812f0588" sha1="d9f016d1d9e088e78e26b792de8e6db2f8f21518" />
		<rom name="Libreria de Software Spectrum Issue 06 - Side 2.tzx" size="77402" crc="12bbf270" sha1="ec0313309926fedcc823296ee621283d8394584f" />
	</machine>
	<machine name="libsofts07_a">
		<description>Libreria de Software Spectrum № 7 (covertape, alt)</description>
		<year>1985</year>
		<publisher>Grupo de Trabajo Software</publisher>
		<rom name="Libreria De Software Spectrum (Issue 07) - Side 1.tzx" size="66423" crc="bcb28cd7" sha1="d91ad8725c3cd54a32918e05b66808bc868e0601" />
		<rom name="Libreria De Software Spectrum (Issue 07) - Side 2.tzx" size="79688" crc="f3fb0a01" sha1="2db3d3fb4742251d18b3ced7137e0338beaea51e" />
	</machine>
	<machine name="libsofts07">
		<description>Libreria de Software Spectrum № 7 (covertape)</description>
		<year>1985</year>
		<publisher>Grupo de Trabajo Software</publisher>
		<rom name="Libreria de Software Spectrum Issue 07 - Side 1.tzx" size="66390" crc="37726b7b" sha1="ec2baa62aebd290c8bc2dc1801ea0b1eda5515cd" />
		<rom name="Libreria de Software Spectrum Issue 07 - Side 2.tzx" size="79655" crc="0a832574" sha1="c3842299e77c623759b72d7e6c62f67e37c80436" />
	</machine>
	<machine name="libsofts08">
		<description>Libreria de Software Spectrum № 8 (covertape)</description>
		<year>1985</year>
		<publisher>Grupo de Trabajo Software</publisher>
		<rom name="Libreria de Software Spectrum Issue 08 - Side 1.tzx" size="66897" crc="c4ceec17" sha1="6976f6ac2e6d04ff6e001d53477d2dc25749495e" />
		<rom name="Libreria de Software Spectrum Issue 08 - Side 2.tzx" size="83366" crc="4986e943" sha1="6ae840a7f239b4cac0eb079721cf1cbc5b83141b" />
	</machine>
	<machine name="libsofts09_a">
		<description>Libreria de Software Spectrum № 9 (covertape, alt)</description>
		<year>1986</year>
		<publisher>Grupo de Trabajo Software</publisher>
		<rom name="Libreria De Software Spectrum (Issue 09) - Side 1.tzx" size="69212" crc="f5a9def3" sha1="5afbdb6299d4a39faf88c0afbe79f8375402e6e1" />
		<rom name="Libreria De Software Spectrum (Issue 09) - Side 2.tzx" size="83187" crc="00d53780" sha1="36f84d5f96807d60373205e183c4afaf4e9b7b37" />
	</machine>
	<machine name="libsofts09">
		<description>Libreria de Software Spectrum № 9 (covertape)</description>
		<year>1986</year>
		<publisher>Grupo de Trabajo Software</publisher>
		<rom name="Libreria de Software Spectrum Issue 09 - Side 1.tzx" size="69285" crc="28bd06dc" sha1="a8b6216e42268129c6acd8450509c96b0544609c" />
		<rom name="Libreria de Software Spectrum Issue 09 - Side 2.tzx" size="83260" crc="d769f8cf" sha1="25cc978fd201418652951db8f31d9c21b915f379" />
	</machine>
	<machine name="libsofts10_a">
		<description>Libreria de Software Spectrum № 10 (covertape, alt)</description>
		<year>1986</year>
		<publisher>Grupo de Trabajo Software</publisher>
		<rom name="Libreria De Software Spectrum (Issue 10) - Side 1.tzx" size="27036" crc="936282e6" sha1="7e4030a43229f0f27eb6a730ef621fb599a66893" />
		<rom name="Libreria De Software Spectrum (Issue 10) - Side 2.tzx" size="26582" crc="aa9d2dec" sha1="a7511890ea21e57634cd673ea886383ca8d66fa5" />
	</machine>
	<machine name="libsofts10">
		<description>Libreria de Software Spectrum № 10 (covertape)</description>
		<year>1986</year>
		<publisher>Grupo de Trabajo Software</publisher>
		<rom name="Libreria de Software Spectrum Issue 10 - Side 1.tzx" size="27038" crc="024c3151" sha1="144804548b5c5729f64c7af0f1542f53381c10e2" />
		<rom name="Libreria de Software Spectrum Issue 10 - Side 2.tzx" size="26572" crc="5e131a3b" sha1="bdf1801a4523707627f93e10a3d425a45dc05001" />
	</machine>
	<machine name="libsofts11">
		<description>Libreria de Software Spectrum № 11 (covertape)</description>
		<year>1986</year>
		<publisher>Grupo de Trabajo Software</publisher>
		<rom name="Libreria de Software Spectrum Issue 11 - Side 1.tzx" size="29574" crc="130aa083" sha1="28db2bce28319d2302dda8f5bbdb5cfeb366a1ee" />
		<rom name="Libreria de Software Spectrum Issue 11 - Side 2.tzx" size="28312" crc="26a7d715" sha1="a78f89e5a90899958ffb4b6ba55ac0342a3e2b01" />
	</machine>
	<machine name="libsofts12_a">
		<description>Libreria de Software Spectrum № 12 (covertape, alt)</description>
		<year>1986</year>
		<publisher>Grupo de Trabajo Software</publisher>
		<rom name="Libreria de Software Spectrum (Issue 12) - Side 1.tzx" size="34424" crc="c7227af7" sha1="7957e059dc2f20ed401731926c8b394ee97ca5ad" />
		<rom name="Libreria de Software Spectrum (Issue 12) - Side 2.tzx" size="34162" crc="bc502853" sha1="9e026678b45fb41fb773c61fac5db49a102f4eb6" />
	</machine>
	<machine name="libsofts12">
		<description>Libreria de Software Spectrum № 12 (covertape)</description>
		<year>1986</year>
		<publisher>Grupo de Trabajo Software</publisher>
		<rom name="Libreria de Software Spectrum Issue 12 - Side 1.tzx" size="34405" crc="e2d81af1" sha1="d116bf16f9ab2f2997eb02d76b4fc9fc1479c62a" />
		<rom name="Libreria de Software Spectrum Issue 12 - Side 2.tzx" size="34143" crc="9a7c9988" sha1="6b4624256d923e4ba2cd3cf2929a718527f24577" />
	</machine>
	<machine name="libsofts13">
		<description>Libreria de Software Spectrum № 13 (covertape)</description>
		<year>1986</year>
		<publisher>Grupo de Trabajo Software</publisher>
		<rom name="Libreria de Software Spectrum Issue 13 - Side 1.tzx" size="36943" crc="20de9f42" sha1="ee66a54cc12f1f307babb233011f4338d8104210" />
		<rom name="Libreria de Software Spectrum Issue 13 - Side 2.tzx" size="30174" crc="f30643ed" sha1="4213a8e928838998c67d631ac245e01b7aec2065" />
	</machine>
	<machine name="libsofts14_a">
		<description>Libreria de Software Spectrum № 14 - Spy Chip (covertape, alt)</description>
		<year>1986</year>
		<publisher>Grupo de Trabajo Software</publisher>
		<rom name="Libreria De Software Spectrum (Issue 14) - Spy Ship.tzx" size="15758" crc="672757b5" sha1="a1123e69290eaf619d35bbf5279c5fa9a278cf7c" />
	</machine>
	<machine name="libsofts14">
		<description>Libreria de Software Spectrum № 14 (covertape)</description>
		<year>198?</year>
		<publisher>Grupo de Trabajo Software</publisher>
		<rom name="Libreria de Software Spectrum Issue 14 - Spy Chip.tzx" size="15775" crc="af451393" sha1="c99961443c834268573b2e388b6cd3176ed97512" />
	</machine>
	<machine name="libsofts15">
		<description>Libreria de Software Spectrum № 15 - Invasion (covertape)</description>
		<year>198?</year>
		<publisher>Grupo de Trabajo Software</publisher>
		<rom name="Libreria de Software Spectrum Issue 15 - Invasion.tzx" size="24781" crc="7f1f213c" sha1="e41474832187f8b90a573bd64b04bdb739d0af62" />
	</machine>
	<machine name="libsofts16">
		<description>Libreria de Software Spectrum № 16 - Carr-2001 (covertape)</description>
		<year>198?</year>
		<publisher>Grupo de Trabajo Software</publisher>
		<rom name="Libreria de Software Spectrum Issue 16 - Carr-2001.tzx" size="23209" crc="3cf536e7" sha1="7db257e1c080a2fd40a3474c29b7b39b0ddabc36" />
	</machine>
	<machine name="libsofts17">
		<description>Libreria de Software Spectrum № 17 - Xirius (covertape)</description>
		<year>1987</year>
		<publisher>Grupo de Trabajo Software</publisher>
		<rom name="Libreria de Software Spectrum Issue 17 - Xirius.tzx" size="17064" crc="10106f82" sha1="c2ed2eeb97f61a20ddc89117e97117134c97ab90" />
	</machine>
	<machine name="libsofts18_a">
		<description>Libreria de Software Spectrum № 18 - Zortron (covertape, alt)</description>
		<year>1987</year>
		<publisher>Grupo de Trabajo Software</publisher>
		<rom name="Libreria De Software Spectrum (Issue 18) - Zortron.tzx" size="15771" crc="8051cda8" sha1="ef254a322d5d22a97fb8c0cfffcd0cfa6ac02ffc" />
	</machine>
	<machine name="libsofts18">
		<description>Libreria de Software Spectrum № 18 - Zortron (covertape)</description>
		<year>1987</year>
		<publisher>Grupo de Trabajo Software</publisher>
		<rom name="Libreria de Software Spectrum Issue 18 - Zortron.tzx" size="15787" crc="07eb6475" sha1="47d1a7be7a8aa9fd9f353946542dd817570ac2c8" />
	</machine>
	<machine name="libsofts19_a">
		<description>Libreria de Software Spectrum № 19 - Argon (covertape, alt)</description>
		<year>1987</year>
		<publisher>Grupo de Trabajo Software</publisher>
		<rom name="Libreria De Software Spectrum (Issue 19) - Argon.tzx" size="14250" crc="d0997fd4" sha1="96948e810c90221b243822f4d814b31cdcb04760" />
	</machine>
	<machine name="libsofts19">
		<description>Libreria de Software Spectrum № 19 - Argon (covertape)</description>
		<year>1987</year>
		<publisher>Grupo de Trabajo Software</publisher>
		<rom name="Libreria de Software Spectrum Issue 19 - Argon.tzx" size="14251" crc="28e17992" sha1="85a8d628d9302841838dbd84e205107c759750ab" />
	</machine>
	<machine name="libsofts20">
		<description>Libreria de Software Spectrum № 20 - Night (covertape)</description>
		<year>1987</year>
		<publisher>Grupo de Trabajo Software</publisher>
		<rom name="Libreria de Software Spectrum Issue 20 - Night.tzx" size="13504" crc="c91e1727" sha1="773e85839d4a23968f470b94e156c723879cd3da" />
	</machine>
	<machine name="libsofts21">
		<description>Libreria de Software Spectrum № 21 - Voyager (covertape)</description>
		<year>1987</year>
		<publisher>Grupo de Trabajo Software</publisher>
		<rom name="Libreria de Software Spectrum Issue 21 - Voyager.tzx" size="14964" crc="4f0c85f8" sha1="4be201f9fc4593424fba90dfde8c8cc57263e038" />
	</machine>
	<machine name="libsofts22">
		<description>Libreria de Software Spectrum № 22 - Blue Lands (covertape)</description>
		<year>1987</year>
		<publisher>Grupo de Trabajo Software</publisher>
		<rom name="Libreria de Software Spectrum Issue 22 - Blue Lands.tzx" size="16533" crc="bcd68fc5" sha1="c5b186363c523938b0553c5a478b3d0ea65427f3" />
	</machine>
	<machine name="lightfor_zc">
		<description>Light Force (Zafi Chip)</description>
		<year>1986</year>
		<publisher>Zafi Chip</publisher>
		<rom name="Lightforce(ZafiChip).tzx" size="50056" crc="18cd19d5" sha1="104e26bbbe533ed2da3da28dd22293dba0469e16" />
	</machine>
	<machine name="loderun48">
		<description>Lode Runner (48K)</description>
		<year>1984</year>
		<publisher>Software Projects</publisher>
		<rom name="Lode Runner (Side 1).tzx" size="49590" crc="196c4e10" sha1="c77aacfa96661a4c98b262241ae2d3b3b4c8f206" />
		<rom name="Lode Runner (Side 2).tzx" size="49590" crc="5bb21ac3" sha1="a0c589dc8cefefdbd2379755828eba6784c67e1f" />
	</machine>
	<machine name="misiles">
		<description>Misiles</description>
		<year>1983</year>
		<publisher>Investronica</publisher>
		<rom name="Misiles (Investronica).tzx" size="16095" crc="df692b03" sha1="e0d17c63971f77d6c1648a1b64f7172e3f5c02a4" />
	</machine>
	<machine name="sampedit">
		<description>Sample Editor</description>
		<year>1987</year>
		<publisher>Quasar Software</publisher>
		<rom name="Sample Editor (Quasar Software).tzx" size="18825" crc="6f4499a8" sha1="a8209c466e07cabd279f7749a59ae8db5403b0e5" />
	</machine>
	<machine name="silentey">
		<description>Silent 'e' &amp; /y/ Rules</description>
		<year>1985</year>
		<publisher>Better Books</publisher>
		<rom name="Silent e and y Rules.tzx" size="30149" crc="f5a044ca" sha1="594e7c5cef67c981e39791ab990ba55fa8b236e0" />
	</machine>
	<machine name="vtx711ts">
		<description>VTX 711 Prestel &amp; Terminal Software</description>
		<year>1986</year>
		<publisher>Modem House / MicroSource</publisher>
		<rom name="VTX 711 Prestel - Terminal Software.tzx" size="35856" crc="950c595c" sha1="08b132c338891b8d482d8bec08e0cc5a58793c4c" />
	</machine>
</datafile>