<?xml version="1.0" encoding="utf-8"?>
<!DOCTYPE datafile PUBLIC "-//Logiqx//DTD ROM Management Datafile//EN" "http://www.logiqx.com/Dats/datafile.dtd">
<datafile>
	<header>
		<name>zx81_cass</name>
		<description>Sinclair ZX81 cassettes</description>
		<version></version>
		<author></author>
	</header>
	<machine name="3d3d_kay">
		<description>3D 3D! (Kayde)</description>
		<year>198?</year>
		<publisher>Kayde Software</publisher>
		<rom name="3D3D (Kayde).tzx" size="12191" crc="0062ab18" sha1="e7c989deebc141c96e02f0570363431cd7cdc654" />
	</machine>
	<machine name="3dmonmaz_aac">
		<description>3D Monster Maze (Aackosoft)</description>
		<year>1982</year>
		<publisher>Aackosoft</publisher>
		<rom name="Monster Maze - Side 1 (Aackosoft).tzx" size="10840" crc="d451c9ae" sha1="76610067447ae7837df1cbba00979fd44273a6ed" />
		<rom name="Monster Maze - Side 2 (Aackosoft).tzx" size="10840" crc="6f44f333" sha1="f196f6c98709ae1ef2b77b1c812fb478100b715d" />
	</machine>
	<machine name="3dmonmaz_zxd">
		<description>3D Monster Maze (ZX Data)</description>
		<year>1982</year>
		<publisher>ZX Data</publisher>
		<rom name="3DMonsterMaze(ZXData).tzx" size="10867" crc="c9b935d9" sha1="2832c68cba5811bbb94d98b0240e9a6e42e9b18e" />
	</machine>
	<machine name="astralcv">
		<description>Astral Convoy</description>
		<year>1983</year>
		<publisher>Vortex Software</publisher>
		<rom name="Astral Convoy.tzx" size="9012" crc="18ab8759" sha1="d8ada2aa851d2a101f8332b60e755fdc7a31825b" />
	</machine>
	<machine name="astroidsdk">
		<description>Asteroids (dK'tronics)</description>
		<year>1982</year>
		<publisher>dK'tronics</publisher>
		<rom name="Asteroids - Black Inlay (DK'Tronics).tzx" size="7323" crc="3c37b22d" sha1="d1952c5a1f779d5cb3a8958ccda2fba46558bc1e" />
	</machine>
	<machine name="canworms_a">
		<description>Can of Worms (alt)</description>
		<year>1981</year>
		<publisher>Automata</publisher>
		<rom name="Can of Worms (alt).tzx" size="7198" crc="e3c5ac30" sha1="74f151c8f3c73f89acabb2feff5f11109e7fed2f" />
	</machine>
	<machine name="centipede_kay">
		<description>Centipede (Kayde)</description>
		<year>1982</year>
		<publisher>Kayde Software</publisher>
		<rom name="Centipede (Kayde).tzx" size="9971" crc="9426685b" sha1="ba69bd88281af24d70bfe15195bd9737b736e4b5" />
	</machine>
	<machine name="constell_rli">
		<description>Constellation (red logo inlay)</description>
		<year>1982</year>
		<publisher>Bug-Byte</publisher>
		<rom name="Constellation - Red Logo Inlay.tzx" size="15662" crc="8313a37b" sha1="507acdeb8eaff8c3628ed33661e5684c1171a20d" />
	</machine>
	<machine name="damslbst_rli">
		<description>The Damsel and the Beast (red logo inlay)</description>
		<year>1982</year>
		<publisher>Bug-Byte</publisher>
		<rom name="The Damsel and the Beast - Red Logo Inlay.tzx" size="11264" crc="791ca848" sha1="764325157a49a18b5fb6ace57627b28500512b12" />
	</machine>
	<machine name="dictator_rli">
		<description>Dictator (red logo inlay)</description>
		<year>1982</year>
		<publisher>Bug-Byte</publisher>
		<rom name="Dictator - Red Logo Inlay - Side 1.tzx" size="16306" crc="11ba837c" sha1="c7041589c86095601836fe31c7e63d9fd0a73ea9" />
		<rom name="Dictator - Red Logo Inlay - Side 2.tzx" size="16307" crc="7f994bc0" sha1="7b7fc54d6be93f7a2e3d51b275e1b78d036b9c63" />
	</machine>
	<machine name="frogsaac">
		<description>Frogs (Aackosoft)</description>
		<year>198?</year>
		<publisher>Aackosoft</publisher>
		<rom name="Frogs - Side 1 (Aackosoft).tzx" size="3301" crc="16e401a3" sha1="40de9572430198fa3256f22a6bcb30221270a165" />
		<rom name="Frogs - Side 2 (Aackosoft).tzx" size="3301" crc="0af21e56" sha1="4732b6f93fa5b78f033d6a077b40b076de4108f2" />
	</machine>
	<machine name="gulp2_aac">
		<description>Gulp II (Aackosoft)</description>
		<year>1982</year>
		<publisher>Aackosoft</publisher>
		<rom name="Gulp II (Aackosoft).tzx" size="12559" crc="57f70999" sha1="53c30dc45a103580a5a1497f05187d9a75a99937" />
	</machine>
	<machine name="gulp2_zxd">
		<description>Gulp II (ZX Data)</description>
		<year>1982</year>
		<publisher>ZX Data</publisher>
		<rom name="Gulp2(ZXData).tzx" size="6163" crc="62cd572d" sha1="7339da368f5ec79b73bdb1d0a64443019c124061" />
	</machine>
	<machine name="hognomes">
		<description>House of Gnomes</description>
		<year>198?</year>
		<publisher>Bug-Byte</publisher>
		<rom name="House of Gnomes.tzx" size="14984" crc="86598645" sha1="67d1f51c74bd9afca17c3bebb72189d00ed8eaea" />
	</machine>
	<machine name="invforce_aac">
		<description>Invasion Force (Aackosoft)</description>
		<year>1982</year>
		<publisher>Aackosoft</publisher>
		<rom name="Invasion Force - Side 1 (Aackosoft).tzx" size="7872" crc="a8fb7710" sha1="52dcd3f7e1e99c6bae53d53c04a61177d68fcce0" />
		<rom name="Invasion Force - Side 2 (Aackosoft).tzx" size="7872" crc="13038f11" sha1="3085edb3278129d7187dbd7958ab38a7271e210d" />
	</machine>
	<machine name="lovedeat">
		<description>Love and Death</description>
		<year>1982</year>
		<publisher>Automata</publisher>
		<rom name="Love and Death.tzx" size="7342" crc="71e08163" sha1="4946b4d146881fc850955e0fbb5efeb389db050b" />
	</machine>
	<machine name="mazeman">
		<description>Mazeman</description>
		<year>1982</year>
		<publisher>Ambersoft</publisher>
		<rom name="Mazeman (Abersoft).tzx" size="5953" crc="b48fd496" sha1="07864893429d85ebeb4ff4c777f0d0814dcee518" />
	</machine>
	<machine name="mdtrevas">
		<description>Monstro das Trevas</description>
		<year>1982</year>
		<publisher>Microdigital</publisher>
		<rom name="mt.p" size="10553" crc="564cc99a" sha1="6578bb34b001f88a6324473dbdeb92eb63f04de7" />
	</machine>
	<machine name="morsedec">
		<description>Morse Decoder</description>
		<year>198?</year>
		<publisher>Catra Software</publisher>
		<rom name="Morse Decoder (Catra Software).tzx" size="3583" crc="a7469d50" sha1="3e12b0409829cd9c1a454b52db8ebf289dd43f02" />
	</machine>
	<machine name="multfile_bb">
		<description>Multifile (Bug-Byte)</description>
		<year>1981</year>
		<publisher>Bug-Byte</publisher>
		<rom name="Multifile.tzx" size="5740" crc="d364b82b" sha1="e5f6ec4dc314a37da2512d58fcd3dd3ce7ff14c9" />
	</machine>
	<machine name="nightmpk_aac">
		<description>ZX Nightmare Park (Aackosoft)</description>
		<year>1981</year>
		<publisher>Aackosoft</publisher>
		<rom name="ZX Nightmare Park - Side 1 (Aackosoft).tzx" size="11772" crc="571dd19b" sha1="8b2c75bf08f61fba3030403af326115b6affcbf9" />
		<rom name="ZX Nightmare Park - Side 2 (Aackosoft).tzx" size="11772" crc="664b3ff0" sha1="aa2350699f8b5038bcaa900f1b53242bbe0f93bc" />
	</machine>
	<machine name="nyteknik">
		<description>Ny Teknik - 7 Program till din Sinclair ZX 81</description>
		<year>1982</year>
		<publisher>Ny Teknik</publisher>
		<rom name="Ny Teknik - Side 1.tzx" size="3123" crc="4a72fce2" sha1="a128a5649c8bba1715ef817d2034a7160f922279" />
		<rom name="Ny Teknik - Side 2.tzx" size="2668" crc="7050380e" sha1="1cf1a00ad542f9ec4a79362d5707b726d0521a47" />
	</machine>
	<machine name="skak">
		<description>Skak</description>
		<year>198?</year>
		<publisher>ZX Data</publisher>
		<rom name="Skak.tzx" size="14860" crc="e0eef0b3" sha1="f2c7b614831f341ff3e79193f34ccdae783154dd" />
	</machine>
	<machine name="spaceinvd_kay">
		<description>Space Invaders (Kayde)</description>
		<year>1982</year>
		<publisher>Kayde Software</publisher>
		<rom name="Space Invaders (Kayde).tzx" size="17408" crc="e55e71df" sha1="e2b5ea538d48aa35d20047d187119efd479dc5f6" />
	</machine>
	<machine name="stockcar_a">
		<description>Stock Car (alt)</description>
		<year>1984</year>
		<publisher>Informatique Service</publisher>
		<rom name="Stock Car - Release 1.tzx" size="8432" crc="9d9157d7" sha1="e0660060af579851e66fdb81721813782c657e8e" />
	</machine>
	<machine name="videogph">
		<description>Videograph</description>
		<year>1981</year>
		<publisher>Bug-Byte</publisher>
		<rom name="Videograph.tzx" size="11833" crc="a2b3f4bc" sha1="687784d7a0f04683a161526a62a135ee5156f5ca" />
	</machine>
	<machine name="zxbrkout">
		<description>ZX Breakout</description>
		<year>198?</year>
		<publisher>Mikro-Gen</publisher>
		<rom name="ZXBreakout.tzx" size="2424" crc="b97827f5" sha1="7a14d121a8ce9484fb1ccd219dfdb5e68e7a34f1" />
	</machine>
	<machine name="zxbrkout_pi">
		<description>ZX Breakout (pink inlay)</description>
		<year>198?</year>
		<publisher>Mikro-Gen</publisher>
		<rom name="ZX Breakout - Pink Inlay.tzx" size="2438" crc="2ed2a46a" sha1="56507e42de7d8a5c6afd1955d06e350f1ddf9ee7" />
	</machine>
	<machine name="zxed">
		<description>ZXED</description>
		<year>1982</year>
		<publisher>dK'Tronics</publisher>
		<rom name="ZXED - Black Inlay (DK'Tronics).tzx" size="5743" crc="ce91463f" sha1="66021944de8db8e4a3f6cbaa510d40709d247054" />
	</machine>
</datafile>