<?xml version="1.0" encoding="utf-8"?>
<!DOCTYPE datafile PUBLIC "-//Logiqx//DTD ROM Management Datafile//EN" "http://www.logiqx.com/Dats/datafile.dtd">
<datafile>
	<header>
		<name>MAME - Update ROMs (v0.266 to v0.267)</name>
		<description>MAME - Update ROMs (v0.266 to v0.267)</description>
		<version></version>
		<author></author>
	</header>
	<machine name="aerolitol">
		<description>Aerolitos Espaciales (Spanish bootleg of Asteroids)</description>
		<year>1980</year>
		<manufacturer>bootleg (Pasatiempos Laguna)</manufacturer>
		<rom name="aerolito.3n" size="2048" crc="541e8ad4" sha1="e99cced6bd7a3ac661ebd8c3fea9e171e5b4e853" />
	</machine>
	<machine name="animalc">
		<description>Animal Catch</description>
		<year>2000</year>
		<manufacturer>Sammy</manufacturer>
		<rom name="mt201l04.u012" size="524288" crc="c8c6d25f" sha1="5be39fa72b65f2e455ccc146dbab58d24ab46505" />
	</machine>
	<machine name="anoworld">
		<description>Another World (Japan, V1.8)</description>
		<year>1989</year>
		<manufacturer>Sunwise</manufacturer>
		<rom name="1.u5" size="32768" crc="eaf339d1" sha1="8325046d2059ad890204e0373bcfbe1221e12bdf" />
		<rom name="2.u6" size="131072" crc="42564c5b" sha1="c991a09c29283a50e6e1638cc80eb9dd490fda3f" />
		<rom name="3.u7" size="131072" crc="5692e175" sha1="a0a3d01a7d7ff5400cef8e497897786c653155f3" />
		<rom name="4.u8" size="131072" crc="e368af7c" sha1="9cbd32b4398bfa5b8c5a8f0e81705dcfd8919553" />
		<rom name="5.u9" size="131072" crc="179989dd" sha1="d07b8b980b67327ed3bbfa1da737c0261bef9e17" />
		<rom name="6.u14" size="131072" crc="91d821d1" sha1="ce9829fd24f45ed18ea6180104426562eee118d2" />
		<rom name="7.u15" size="131072" crc="d94904db" sha1="2cb7a13f56aefed5e70f50f3c3439a2d5049b581" />
		<rom name="8.u16" size="131072" crc="a4d8e251" sha1="ed0df6b525d833e5c2e9c0aeaa2e34b210f958aa" />
		<rom name="9.u17" size="131072" crc="5c00d059" sha1="17fae821c17eebe675feab1c97099c6a2241b0d1" />
		<rom name="10.u28" size="131072" crc="4bedeb7a" sha1="d9ce1bc9efc26f8c90b98736ee41a3cb45fc3b68" />
		<rom name="11.u41" size="131072" crc="b0ffb442" sha1="9524de6120adc8ec77b94e9a89992271ce12704b" />
		<rom name="12.u42" size="131072" crc="83ae6756" sha1="289d2ed72dbf5c1a941da67cb1f7fe9a0e3aaab2" />
		<rom name="a.u56" size="131072" crc="698250cf" sha1="aa2acb4a643d6fcff6fa406a6fe9c1ff3457ad51" />
		<rom name="b.u57" size="131072" crc="ebcfa6fc" sha1="00f2603c38e0e4ee86e14954afe282fafe8c1a8b" />
		<rom name="c.u58" size="131072" crc="c6b572e8" sha1="2fad7841a981bc98f2187237116dd61e272128d5" />
		<rom name="d.u59" size="131072" crc="cbe4da16" sha1="e673b3b7e95cda27f1a77e8ef44e13a58ba3d3dc" />
		<rom name="e.u60" size="32768" crc="f80ba6fe" sha1="573d49cf52b47f112f2cfd0e259b8dc5852a3102" />
	</machine>
	<machine name="bishjan">
		<description>Bishou Jan (Japan, Ver. 203)</description>
		<year>1999</year>
		<manufacturer>Subsino</manufacturer>
		<rom name="ss9689_6433044a22f.u16" size="32768" crc="ece09075" sha1="a8bc3aa44f30a6f919f4151c6093fb52e5da2f40" />
	</machine>
	<machine name="bkarast">
		<description>Karaoke Station (Japan)</description>
		<year>2002</year>
		<manufacturer>IVL Technologies (Bandai license)</manufacturer>
		<rom name="sst37vf010.u9" size="131072" crc="a7c69fbb" sha1="28ef698e63e76d9461b71649e4ee9c8f252f82e2" />
		<rom name="tc58v64bft_withspare.u8" size="8650752" crc="7770996a" sha1="cb6df756f88c1f5ff4bd202e7758586c03aff00e" />
	</machine>
	<machine name="bubucar">
		<description>Bu Bu Car (English)</description>
		<year>2009</year>
		<manufacturer>IGS</manufacturer>
		<rom name="jg_cg_cgh.u20" size="16777216" crc="2edeb815" sha1="c9595108691586dfbb0b30bff9535f13e4c3afb3" />
		<rom name="jg_cg_cgl.u19" size="16777216" crc="1d7ab9b2" sha1="322d458f550ebe72b569efe1691aa8902de7a6d4" />
		<rom name="jg_map_bmh.u37" size="16777216" crc="f9ba71fd" sha1="79dc5ca48d1ba069b702a3854a28836040e981d0" />
		<rom name="jg_map_bml.u38" size="16777216" crc="c8c9fa6f" sha1="22bf354f2ace9d3f05835525f24cc578feff6453" />
		<rom name="jg_text.u31" size="2097152" crc="aa6e8317" sha1="b982873d0e2faefb89d263f945a5a3ba5f4efcd4" />
		<rom name="jg_wave.u18" size="16777216" crc="8ba99c0c" sha1="5a7cccfae47eee5c9ea4c172f5126d514156f771" />
	</machine>
	<machine name="chalgear">
		<description>Challenge Gear (Japan)</description>
		<year>2002</year>
		<manufacturer>Benesse Corporation</manufacturer>
		<rom name="ms040402.ic2" size="524288" crc="25aa24b2" sha1="72c3f304289da531165d83c63f2c3632985428ba" />
		<rom name="ms040501.ic2" size="524288" crc="fe8918ca" sha1="e1e560d0bf811f3f8a6c122fbff065da4a30a9b6" />
	</machine>
	<machine name="chloe">
		<description>Chloe 280SE</description>
		<year>1999</year>
		<manufacturer>Chloe Corporation</manufacturer>
		<rom name="10_basic_42.rom" size="16384" crc="c6273eaa" sha1="f09a26c50f5cfe454e4d56c920cdcc62bc4f90cb" />
		<rom name="10_boot.rom" size="16384" crc="efbfe46e" sha1="f5a86b56955661f72fa416e7e644de0b3afe6509" />
		<rom name="10_dos_31.rom" size="8192" crc="67dfef09" sha1="ba9616494071dfe65834d7db657e0d3bcce0b732" />
	</machine>
	<machine name="cmast97i">
		<description>Cheri Mondo '97 (V1.4I)</description>
		<year>1996</year>
		<manufacturer>Dyna</manufacturer>
		<rom name="82s135.c8" size="256" crc="8d0b0246" sha1="0b86f2ab62f93568e2d8fde19d6ef824cb4c07ea" />
		<rom name="82s135.c9" size="256" crc="191ebb09" sha1="6a2a10baa3efec0ced95f8a43eabdf9988c7cdc7" />
		<rom name="c97_2i.d9" size="524288" crc="ce8276d8" sha1="e2181907a4dce158dfab4c2a435b500cde5f22c5" />
		<rom name="c97_14i.f10" size="65536" crc="db5132ba" sha1="5635bf0fc959cbc9b305de31fdd004458338dae7" />
	</machine>
	<machine name="cmv4zg">
		<description>Cherry Bonus III (Ziogas V4.1 hack, set 1)</description>
		<year>1991</year>
		<manufacturer>hack</manufacturer>
		<rom name="512_main.bin" size="65536" crc="4367007d" sha1="fd3a864dd124d14ed3b15d550b53c07ae13a6f23" />
		<rom name="pal16l8a.c12" size="260" crc="adcc5e32" sha1="6fae21d1d6f0aec18a7b4d604db87ee2df25f9a4" />
		<rom name="pal16l8a.g10" size="260" crc="a7ea9062" sha1="e17b2831d9c6302318f54d5382aef1d9c218a34b" />
		<rom name="rom5-91.bin" size="32768" crc="449e8aa2" sha1="236bbd3f821874fc55745d7c8c7e9a1c65bb472f" />
		<rom name="rom6-91.bin" size="32768" crc="91d66abf" sha1="6a8f741e23cd5afefad3cb73217481551ca80b06" />
		<rom name="rom7-91.bin" size="32768" crc="05ffb23d" sha1="41fecf4e236d8a4a55b7e65a20e0ee70fe40f3bf" />
	</machine>
	<machine name="cmv4zga">
		<description>Cherry Bonus III (Ziogas V4.1 hack, set 2)</description>
		<year>1991</year>
		<manufacturer>hack</manufacturer>
		<rom name="512_main.bin" size="65536" crc="9aa5e5d2" sha1="f9c7cfe433bf3a5ff8c5c066393ec74d517715cf" />
	</machine>
	<machine name="cuttherope">
		<description>Cut The Rope</description>
		<year>2003</year>
		<manufacturer>ICE</manufacturer>
		<rom name="be0118.bin" size="5775392" crc="c6b94784" sha1="f689d45309f2b6825f660623414bcb2ca118c6b1" status="baddump" />
	</machine>
	<machine name="dolmenk">
		<description>Goindol (Afega)</description>
		<year>1995</year>
		<manufacturer>Afega</manufacturer>
		<rom name="afega_1.su6" size="65536" crc="3d52d5f4" sha1="cdb2ca923bca83fe0281a4f49c6b65f16c5abdd2" />
		<rom name="afega_5.uj2" size="131072" crc="38491cad" sha1="09aaaf05e77876978a623789c79e4267ca88e1d5" />
		<rom name="afega_6.uj3" size="131072" crc="834cc396" sha1="c811e655f7058360409a961c0efe810a83266662" />
		<rom name="afega_7.ub11" size="524288" crc="f32554d4" sha1="3199b14b9b2792fdffcbf03e15637d975fe9e585" />
		<rom name="afega_8.ub13" size="524288" crc="65f85cfe" sha1="267960e1a1cc3bf9e9dee8d2c0d03825cead4302" />
	</machine>
	<machine name="fearless">
		<description>Fearless Pinocchio (V101US)</description>
		<year>2006</year>
		<manufacturer>IGS</manufacturer>
		<rom name="fearless_igs027a.bin" size="16384" crc="9a8e790d" sha1="ab020a04a4ed0c0e5ec8c979f206fe57572d2304" status="baddump" />
	</machine>
	<machine name="feasx">
		<description>Elite A/S Challenger (experimental)</description>
		<year>1985</year>
		<manufacturer>Fidelity Computer Products</manufacturer>
		<rom name="exp_8000_6" size="8192" crc="b555c5ab" sha1="d85ae44f0c13e2bfafbc3cadf829e74c7f4ba2e3" />
		<rom name="exp_c000_5" size="8192" crc="fd8471e3" sha1="e684ded8ed4934bc5ef0cc4ae37dc5d12496d39e" />
		<rom name="exp_e000_4" size="8192" crc="19c36d83" sha1="33438c316284182ebe195a383bb2d96d3524c88d" />
	</machine>
	<machine name="grand_l1" ismechanical="yes">
		<description>Grand Lizard (L-1)</description>
		<year>1986</year>
		<manufacturer>Williams</manufacturer>
		<rom name="lzrd_u26.l1" size="8192" crc="540c80c3" sha1="9da1f9683be5bc6b82cd5fb53dd9e74010a6c92b" />
		<rom name="lzrd_u27.l1" size="32768" crc="63072df5" sha1="57f39f8b80e71cc3df0d5a186d7227af3c0ed4cc" />
	</machine>
	<machine name="gtmr2u">
		<description>Great 1000 Miles Rally 2 USA (95/07/11)</description>
		<year>1995</year>
		<manufacturer>Kaneko</manufacturer>
		<rom name="m2p0a2.u8" size="524288" crc="1a008ea4" sha1="970ae4787117a388223e19d72eb920ea2264ce7f" />
		<rom name="m2p1a2.u7" size="524288" crc="bbf8b43e" sha1="03a01153e46d0003efa798b211e786ca15321202" />
	</machine>
	<machine name="gtsers7a">
		<description>Trivia (Questions Series 7, alt question ROM)</description>
		<year>1984</year>
		<manufacturer>Greyhound Electronics</manufacturer>
		<rom name="good_guys" size="16384" crc="4d638326" sha1="2d6d00ae7f02d1607f37eb1cefae31c42797b2cf" />
		<rom name="kids_korner" size="16384" crc="66631b79" sha1="ec534941add7113c9bb96d00f2e09834275e314b" />
		<rom name="t.v._dallas" size="16384" crc="7540453b" sha1="9e215d7504ddf57d32d513b4cf87e7306915d1a4" />
	</machine>
	<machine name="gtsers7">
		<description>Trivia (Questions Series 7)</description>
		<year>1984</year>
		<manufacturer>Greyhound Electronics</manufacturer>
		<rom name="biblical" size="16384" crc="3372692d" sha1="b45a2d22d4d90eb947ed9d3469ef4328640d69a8" />
	</machine>
	<machine name="gunkids">
		<description>Hayauchi Gun Kids</description>
		<year>2002</year>
		<manufacturer>Sammy</manufacturer>
		<rom name="vx2301l01.u016" size="2097152" crc="5e356b68" sha1="0e4e28b02dcb5ff7d2a7139c5cdf31cbd08167f4" />
		<rom name="vx2302l01.u021" size="2097152" crc="3d989a45" sha1="f4e1dc13bfe9ef8bf733735b6647946dda6962f2" />
	</machine>
	<machine name="hp9816a">
		<description>HP 9816A</description>
		<year>1982</year>
		<manufacturer>Hewlett-Packard</manufacturer>
		<rom name="1818-3171.bin" size="8192" crc="9cf4d4e1" sha1="228484fd7ba7a4b59a051af083858383afe30179" />
	</machine>
	<machine name="kidsupstar">
		<description>Kidi SuperStar LightShow</description>
		<year>2016</year>
		<manufacturer>VTech</manufacturer>
		<rom name="winbond_w25q32fvssiq.ic7" size="4194304" crc="9233f8b4" sha1="eb5accb9c3f0a3fe0d0141a84d7e08fc356b4959" />
		<rom name="zbit_25vq32.ic3" size="4194304" crc="45a8d68c" sha1="c00d17527b0e585c9358e873c3449b259814f025" />
	</machine>
	<machine name="kongball">
		<description>Kong Ball (prototype)</description>
		<year>1997</year>
		<manufacturer>TCH / Digital Dreams Multimedia</manufacturer>
		<rom name="kongball_mump3_275f_palce16v8h.u40" size="279" crc="c6cf0b71" sha1="c6581f87a4a97c1aeef91f6444c90fc5f4a32e57" />
	</machine>
	<machine name="larana2" ismechanical="yes">
		<description>La Rana (set 2)</description>
		<year>1991</year>
		<manufacturer>Inder</manufacturer>
		<rom name="larana_alt.bin" size="8192" crc="81a6c8c3" sha1="e3678e18704d0be0a1e9ece178babec7d728e510" />
	</machine>
	<machine name="librie">
		<description>Librie EBR 1000</description>
		<year>2004</year>
		<manufacturer>Sony</manufacturer>
		<rom name="02nor0.ic1203" size="2097152" crc="b5b11902" sha1="9df606009d0e526a5b968c7487c11cd49db2d222" />
		<rom name="02nor1.ic1204" size="2097152" crc="228c2618" sha1="06c3b82a59fff27a8cc5cbb74e41898817c86fa3" />
		<rom name="uca690dc.ic1106" size="34603008" crc="8489e4e5" sha1="944aae4e3e546569b070ed9f843f218260325ed8" />
		<rom name="upb514ff.ic1107" size="17301504" crc="64f62a30" sha1="0bdb03f439554dd6a66b19225712091e5634b746" />
	</machine>
	<machine name="ltcasin2">
		<description>Little Casino II (v30.0)</description>
		<year>1984</year>
		<manufacturer>Digital Controls Inc.</manufacturer>
		<rom name="v30_00_ra.bin" size="4096" crc="8d446c26" sha1="d5b78fd17798bf69fbac5e060f020799bb10cf64" />
		<rom name="v30_00_rb.bin" size="4096" crc="38ca5193" sha1="715add68a633b78eceabe149a7564aa2fb513837" />
		<rom name="v30_00_rc.bin" size="4096" crc="f05095db" sha1="61c5c9bef20c057348ce1321c71195d340dc0cd6" />
		<rom name="v30_00_rd.bin" size="4096" crc="53e534dc" sha1="3d964f51b254f9bd0bd3fb4926f57aa7d5224968" />
		<rom name="v30_00_re.bin" size="4096" crc="972fd4ab" sha1="f91556588315e0836a860f138730314688f99ec7" />
		<rom name="v30_00_rv.bin" size="4096" crc="135ec308" sha1="699711ceaeb5a00f31ccd88b7be7e9f0055fa58b" />
	</machine>
	<machine name="ltcasinoa">
		<description>Little Casino (set 2)</description>
		<year>1982</year>
		<manufacturer>Digital Controls Inc.</manufacturer>
		<rom name="f1" size="4096" crc="37265ddf" sha1="f6ec12f8836a280c7a06cc19f740b39c5149eabc" />
	</machine>
	<machine name="madmoney2" ismechanical="yes">
		<description>Mad Money 2</description>
		<year>1988</year>
		<manufacturer>Picmatic</manufacturer>
		<rom name="mad2a.bin" size="16384" crc="81d4c727" sha1="a58c5be0bc7604b7fed095fceab9976aa2125b69" />
		<rom name="mad2b,bin" size="16384" crc="7368c04c" sha1="a5770e4f0c8278a970dc4837e922fe857337817b" />
	</machine>
	<machine name="matchit">
		<description>Match It</description>
		<year>1989</year>
		<manufacturer>Tamtex</manufacturer>
		<rom name="c0l.ic53" size="524288" crc="10fde9fb" sha1="6d69ddbe3e90679a9b6f70c030a7d7e7db8c03ca" />
		<rom name="c2h.ic50" size="262144" crc="e1dc099e" sha1="3089b51150e13486eb4f233e598a7cc75d97375a" />
		<rom name="c2l.ic51" size="262144" crc="e19276a9" sha1="6350f61225e9b1bdb60554807553d08eb3b3d626" />
		<rom name="pal16r4acn.ic48" size="260" crc="09c6c744" sha1="24fc275cc49d4407a14941e036404c2108b52402" />
		<rom name="sd.ic14" size="262144" crc="80448f72" sha1="99cd7160e9bf1f6f99b2ed8fe3900c5ac24f3acc" />
		<rom name="sis_a-27-i.ic27" size="131072" crc="c7190125" sha1="f4615a5dff0931d8f0e417e7dd6d0f87c7f573a4" />
		<rom name="tibpal16l8-25cn.ic30" size="260" crc="7cf017b3" sha1="5de606cc679d564edb796832646771ed2bae0b7f" />
		<rom name="tibpal16l8-25cn.ic37" size="260" crc="6121d077" sha1="dfc449f4c8cb4ae8f916c4dd32d69a7d62d54b9a" />
	</machine>
	<machine name="mspacmane2">
		<description>Ms. Pac-Man (Elmac bootleg, later)</description>
		<year>1984</year>
		<manufacturer>bootleg (Elmac)</manufacturer>
		<rom name="1m" size="256" crc="7b1f9b71" sha1="5ef72bbdfb72db3eb1175fed652a761938eeb6cd" status="baddump" />
		<rom name="3m" size="256" crc="05197026" sha1="9b71fb175331bbc12e43441ecfad75b633e2f953" status="baddump" />
		<rom name="4a" size="256" crc="4c8e83a4" sha1="e522cbc6c14bc481f2e97f1a7224c66bb283f553" status="baddump" />
		<rom name="mpe1.6e" size="4096" crc="3ad0ae2f" sha1="8431a2f4a89935a9f9898bef48f92f456d316aeb" />
		<rom name="mpe4.6j" size="4096" crc="d5e5d2aa" sha1="ffb0d701d6143e9a7c431e13bbe15db6b51eb49c" />
		<rom name="mpe6.6m" size="4096" crc="375f0693" sha1="8ad53c966289e9cd402c7df6b3c04ec07aa89717" />
	</machine>
	<machine name="mspacmane">
		<description>Ms. Pac-Man (Elmac bootleg, earlier)</description>
		<year>1983</year>
		<manufacturer>bootleg (Elmac)</manufacturer>
		<rom name="1m" size="256" crc="0922b031" sha1="1eb9e1f8e6b027ca80a0ee0b391d4e904e9ea49b" />
		<rom name="7k" size="4096" crc="629c4399" sha1="cd469a5ab04d4f21237bb5c04e469f250f94e9a2" />
	</machine>
	<machine name="mx3210">
		<description>MAXserver MX-3210 Local Router</description>
		<year>1994</year>
		<manufacturer>Xyplex Inc.</manufacturer>
		<rom name="atm_4238_b_palce20v8h-25pc-4.u59" size="343" crc="ddc38476" sha1="ab4f20c0f15521febb6f66a6272fff0ea63920c5" />
		<rom name="atm_4242_a_palce16v8h-25pc-4.u40" size="279" crc="c40e26a3" sha1="c72d88f6218fc292a0680a8dd8782957a768f605" />
		<rom name="m5v_4233_a_gal20v8a.u41" size="343" crc="d3a0317e" sha1="e0377fbaf2a802f235540eac8556edbd492e0e5c" />
		<rom name="m5v_4240_b_gal20v8a.u83" size="343" crc="adfbd1fb" sha1="b7ad2cac2c205be751d6ffa98ea2de467df5936e" />
		<rom name="m5v_4308_a_tibpal20l8-7.u25" size="324" crc="217e7c63" sha1="acdbc4c8bfba99d5170ccc1c7ee87aed35b5b0f8" />
		<rom name="m5y_4236_a_gal16v8b.u50" size="279" crc="f696922a" sha1="528051a221d4c2502502e3f92c6d25089e99c8cb" />
		<rom name="mx3210_floppy.img" size="1474560" crc="b215e9d1" sha1="7b18cc81a7c6f6e44cfc804a7ba6c7fc0c9bbb92" />
		<rom name="sc_4239-c_palce16v8h-15pc-4.u66" size="279" crc="985c5117" sha1="cd00458bf1d4c600e9e672ff955049ffc160975e" />
		<rom name="sc_4241-a_gal16v8b.u51" size="279" crc="1fb46b28" sha1="5540631603960d50f5fb7593f1fd390d8415f8c2" />
		<rom name="sc_4243-a_gal16v8b.u49" size="279" crc="7e574a22" sha1="b6d8ddaa490cafccffb8274c2d242725ce59d911" />
		<rom name="sc_4276-a_palce16v8h-25pc-4.u61" size="279" crc="3ac53a84" sha1="6611a979803ad537e7c509b9b534b5d94af7e265" />
		<rom name="sc_4315-b.u13" size="65536" crc="9b934ca9" sha1="152240f0d468783f26854bc491fcfad0ced9d9fd" />
		<rom name="sc_4318-a_gal16v8b.u28" size="279" crc="0332f842" sha1="299ecd64c4e702e5f0d3b0279353ea40995316dd" />
		<rom name="sc_4321-a_gal20v8a.u60" size="343" crc="2fb25010" sha1="32d8a07728f2a7e82112279de845a65bc49dad78" />
	</machine>
	<machine name="osa_maestro" isdevice="yes" runnable="no">
		<description>Saitek OSA Maestro B-D</description>
		<rom name="b6c_528a_u3.u3" size="32768" crc="c03dfe60" sha1="efbc9abd5e93f51d5c49376c3fd7c87ee4ede82b" />
		<rom name="m6c_530_u2.u2" size="32768" crc="a8be85d8" sha1="a7fb2b6a185bd5b355b3ba78439332a25c456773" />
	</machine>
	<machine name="pacmanmr">
		<description>Pac-Man (Model Racing bootleg)</description>
		<year>1981</year>
		<manufacturer>bootleg (Model Racing)</manufacturer>
		<rom name="pacm-0.5e" size="2048" crc="3ed40275" sha1="bf56f9a21bc1dacee438d88eb5bc59f20906b00c" />
		<rom name="pacm.1m" size="256" crc="3cb61034" sha1="2f24b88839aee107a0ac1064f8bc4853933f5205" />
		<rom name="pacm.7k" size="2048" crc="cd9f1fa7" sha1="d8c5bbd488ad193bdb32e745d9e8164c45f33bce" />
		<rom name="pacm.7p" size="2048" crc="124d8ddf" sha1="0a661bab79482c35c3fa4edb3b9376f49c3f3c87" />
	</machine>
	<machine name="pclubjv3">
		<description>Print Club (Japan Vol.3)</description>
		<year>1995</year>
		<manufacturer>Atlus</manufacturer>
		<rom name="ic31-p3jsp.ic31" size="524288" crc="cdec8418" sha1="7b5d6316182ec89230984b617ce0404ea0f1c331" />
		<rom name="ic32-p3jsp.ic32" size="524288" crc="cb5b6221" sha1="43c1352bfcaa4012019ae58742a5d09c3c4e5a8f" />
		<rom name="ic33-p3jsp.ic33" size="524288" crc="c8da13e4" sha1="38434f628b43549a234cf612f8a22993c76c20f0" />
		<rom name="ic34-p3jsp.ic34" size="524288" crc="c33f71a3" sha1="21f9de9db4504307d5290c11dc86bfed9ee23ef0" />
	</machine>
	<machine name="pclubyo">
		<description>Print Club Yoshimoto V1 (J 970208 V1.000)</description>
		<year>1997</year>
		<manufacturer>Atlus</manufacturer>
		<rom name="pclbyov1.ic22" size="2097152" crc="769468d1" sha1="6b7b4b18d275f8c2192ad68840397db29daf0874" />
		<rom name="pclbyov1.ic24" size="2097152" crc="b25885bf" sha1="290dae5478419bc02e0b0f2045542b745749ff4f" />
		<rom name="pclbyov1.ic26" size="2097152" crc="cefc697f" sha1="68acfea483f709d4390ab1f7a826f76dd11856a8" />
		<rom name="pclubyo.nv" size="128" crc="2021e0e5" sha1="31e1107d31f02a259c123c42fe7f0202ad78d774" />
	</machine>
	<machine name="pleiadsgmp">
		<description>Pleiads (GMP Games)</description>
		<year>1981</year>
		<manufacturer>bootleg (GMP Games)</manufacturer>
		<rom name="0.ic46" size="2048" crc="c82557b4" sha1="d3ed8c5282bd75a65f8f6ecc096ab9668a8cdedd" />
		<rom name="1.ic49" size="2048" crc="263576e7" sha1="4c8f4ef413e96f3ce11e0eefdc41dbc11d8e5d20" />
		<rom name="2.ic50" size="2048" crc="aa4d93ec" sha1="1cd09a485c863ea8885a90f012c350310477fa0b" />
		<rom name="4.ic48" size="2048" crc="10df5159" sha1="73fc143c19d5ee5de8db5e6135ebeb7b43f1da05" />
		<rom name="ic45" size="2048" crc="6a6dcabf" sha1="cec3669674feb1ea86248d181f83f60a6affe68d" />
	</machine>
	<machine name="princnt3">
		<description>Prin-C (Rev 3)</description>
		<year>1996?</year>
		<manufacturer>Tomy</manufacturer>
		<rom name="tc538000.3.u3" size="1048576" crc="eed0a0f9" sha1="c15b97c2c29b354136cef046f72a6443b415e673" />
	</machine>
	<machine name="radendur">
		<description>Radical Enduro (early prototype)</description>
		<year>199?</year>
		<manufacturer>TCH / Sator Videogames</manufacturer>
		<rom name="radenduro_2_d579_gal22v10.u24" size="741" crc="ebe162d0" sha1="910e3733df70db4df704f3e105ed27eaa4c32ae6" />
		<rom name="radenduro_gal22v10b.u23" size="741" crc="f1b0b2b7" sha1="f85c87c7956813fe78f399694dc999877b1dcb60" />
	</machine>
	<machine name="regency">
		<description>Regency</description>
		<year>1996</year>
		<manufacturer>Krypton / Timorite</manufacturer>
		<rom name="1996_933_timorite_hd6433256a26p.ic1" size="49152" crc="72eb3f2b" sha1="30e4166e351210475cf9709b0feb717d9d3ac747" />
	</machine>
	<machine name="rfsantafem" ismechanical="yes">
		<description>Santa Fe Mine (set 1)</description>
		<year>1995</year>
		<manufacturer>Recreativos Franco</manufacturer>
		<rom name="96-016427_ah_high.u8" size="65536" crc="841d5515" sha1="c089301e50d6c7fd0dcfe943488b5558a6ac9c8d" />
		<rom name="96-016427_ah_low.u7" size="32768" crc="9a6eb06a" sha1="cb6b3646f7d5f749c0ab022b03987d0c749fb32f" />
		<rom name="11497a.u3" size="524288" crc="8395d6ad" sha1="d09c2d86932330cc99c19d0f06cadb92c96c4db1" />
	</machine>
	<machine name="rfsantafema" ismechanical="yes">
		<description>Santa Fe Mine (set 2)</description>
		<year>1995</year>
		<manufacturer>Recreativos Franco</manufacturer>
		<rom name="96-008735_af_high.u8" size="65536" crc="015e7dfe" sha1="5c6fdf9462b7990d980ca7ef0f37aa1309a6fbd1" />
	</machine>
	<machine name="salamandt">
		<description>Salamander (Tecfri license)</description>
		<year>1986</year>
		<manufacturer>Konami (Tecfri license)</manufacturer>
		<rom name="2_tmm24256ap.11j" size="32768" crc="7eb8bb88" sha1="8eb3063b0f4b0775b80f25cc6588661c0e61227d" />
		<rom name="3_27512.17c" size="65536" crc="6ea59643" sha1="cb2ba819a601eb417eb67d50568126269fa613a4" />
		<rom name="4_27512.17c" size="65536" crc="a6ef6dc4" sha1="639113b506fce4318d4b79efd8717232c31dd748" />
		<rom name="7_27512.10a" size="65536" crc="52384e79" sha1="06d7003d8746287d95710dc6b52556aa642ccc83" />
		<rom name="8_27512.10a" size="65536" crc="cf477da4" sha1="92867b3488228a802f0176139040c4eaf2b92700" />
		<rom name="9_27512.17b" size="65536" crc="b4d2fec9" sha1="b095e003d86f6d5f486a1d9a4cf02572ff20edeb" />
		<rom name="10_27512.17b" size="65536" crc="b83e8724" sha1="69707a98ac3e15f240b24812ff639cafd99c306d" />
		<rom name="007366_pal8l14a.19d" size="32" crc="77304735" sha1="1f9dc7b78d4f7a40e7886d106d07b6349abaaa57" />
	</machine>
	<machine name="segadimm" isdevice="yes" runnable="no">
		<description>Sega DIMM Board</description>
		<rom name="fpr23905c.ic36" size="2097152" crc="ffffffff" sha1="972b3b73aa1eabb1091e9096b57a7e5e1d0436d8" />
	</machine>
	<machine name="shisen">
		<description>Shisensho - Joshiryo-Hen (Japan, set 1)</description>
		<year>1989</year>
		<manufacturer>Tamtex</manufacturer>
		<rom name="sis_a-27-d.ic27" size="131072" crc="feaf8b13" sha1="7d98fdda42aa203073679e5e441e835350a2342b" />
	</machine>
	<machine name="shun">
		<description>Shun</description>
		<year>1992</year>
		<manufacturer>Taito Corporation</manufacturer>
		<rom name="d41_16.ic16" size="131072" crc="531167e9" sha1="10ca3a71280989bac74001d386182b7db362c8e1" />
		<rom name="d43_01.ic21" size="65536" crc="42b85482" sha1="c121daed24f82b6b55a2475c1c1defb8f59e6b97" />
		<rom name="d43_02.ic1" size="131072" crc="9009759d" sha1="b0047017b50f4e9437194a2b10b70a27b994f150" />
		<rom name="d43_03.ic2" size="131072" crc="66cd4a76" sha1="da9b08b5767d7881f0becddd04f2362bdba40a52" />
		<rom name="d43_04.ic5" size="131072" crc="a35c6917" sha1="13c42d0bc34198599dc255e1982bb458df30e1e6" />
		<rom name="d43_05.ic6" size="131072" crc="dfcf5018" sha1="f7e263990e08c689a39ff3c49bb118abf2eebf22" />
		<rom name="d43_06.ic8" size="131072" crc="be7e8795" sha1="db6da068674e66c01a90d6fe7f4500ada58282cc" />
		<rom name="d43_07.ic9" size="131072" crc="ff94ba37" sha1="44e40ddc47d10072d90ab29d7ec5c98a7f2837a2" />
		<rom name="d43_08.ic11" size="131072" crc="41a4723e" sha1="7273be1b68d8552e4c25cccf455eb1589dc07eda" />
		<rom name="d43_10.ic15" size="131072" crc="ab43e4ff" sha1="c7361cae6a0a8fdc01d37402c5eef3c57d06f1d4" />
		<rom name="d43_11.ic16" size="131072" crc="5a660455" sha1="b1ceab84361b3064176939c7afaef6f77378b63d" />
		<rom name="d43_12.ic25" size="131072" crc="a35000c1" sha1="315006e709f46e65dec5682318d2986b98acdaf2" />
		<rom name="d43_13.ic26" size="131072" crc="ffaefe8d" sha1="4851495f53ef6c68ef3274efa2e5d046d62e0ffc" />
	</machine>
	<machine name="sluster2" ismechanical="yes">
		<description>Super Luster II</description>
		<year>1998</year>
		<manufacturer>NMK</manufacturer>
		<rom name="sluster2_2.u11" size="524288" crc="d8aa034c" sha1="0082eec841c7278698a4a1ef4be3b2bb605d3582" />
		<rom name="slusterii_v987275.u1" size="65536" crc="5139ac8f" sha1="90739006e8f76cda460ef59b9a9cca40800bb44f" />
	</machine>
	<machine name="ssvc_e40" ismechanical="yes">
		<description>Secret Service (4.0, Europe)</description>
		<year>1988</year>
		<manufacturer>Data East</manufacturer>
		<rom name="ssvce4-0.b5" size="32768" crc="1109be9b" sha1="b0058d63868d6b97967fe8ee681f0a807d55cdaf" />
		<rom name="ssvce4-0.c5" size="32768" crc="4162833b" sha1="1699287c7b25262053ce42bf38e5608bb8b0670c" />
	</machine>
	<machine name="superkds">
		<description>Super Kids (V019CN)</description>
		<year>2005</year>
		<manufacturer>IGS</manufacturer>
		<rom name="superkids_cg-0h.u6" size="8388608" crc="b797b0b6" sha1="4298564d963fdaeca94cc0e739fbcae401168949" />
		<rom name="superkids_cg-0l.u7" size="8388608" crc="6c4eff23" sha1="1089222bfedcd562f2a3c43c90512bbb9e22a8bf" />
		<rom name="superkids_cg-1h.u13" size="8388608" crc="cd1e41ef" sha1="a40bcbd97fa3e742e8f9c7b7c7d8879175bf10ee" />
		<rom name="superkids_cg-1l.u14" size="8388608" crc="57081c96" sha1="886ac14ad1c9ce8c7a67bbfc6c00e7c75be634dc" />
		<rom name="superkids_music0.u25" size="4194304" crc="d7c37216" sha1="ffcf7f1bf3093eb34ad0ae2cc89062de45b9d420" />
		<rom name="superkids_music1.u26" size="4194304" crc="5f080dbf" sha1="f02330db3336f6606aae9f5a9eca819701caa3bf" />
		<rom name="superkids_mx10exa.u33" size="65536" crc="8baf5ba2" sha1="2f8c2c48e756264e593bce7c09260e50d5cac827" />
		<rom name="superkids_s019cn.u37" size="524288" crc="1a7f17dd" sha1="ba20c0f521bff2f5ae2103ea49bd413b0e6459ba" />
	</machine>
	<machine name="tatrain">
		<description>Kasparov Turbo Advanced Trainer (H8/3212 version)</description>
		<year>1997</year>
		<manufacturer>Saitek</manufacturer>
		<rom name="97_saitek_86158430421_hd6433212v02p.u1" size="16384" crc="73f9abb6" sha1="3a4c3a8ad668327fe9f61c4b054e31ec6af9c48d" />
	</machine>
	<machine name="tatraina">
		<description>Kasparov Turbo Advanced Trainer (H8/323 version)</description>
		<year>1992</year>
		<manufacturer>Saitek</manufacturer>
		<rom name="92_saitek_86069221x14_3238a14p.u1" size="16384" crc="ae2d536c" sha1="6397c38d21a4291a992bf317e695aadbd4510260" />
	</machine>
	<machine name="tbblue">
		<description>ZX Spectrum Next: TBBlue</description>
		<year>2017</year>
		<manufacturer>SpecNext Ltd., Victor Trucco, Fabio Belavenuto</manufacturer>
		<rom name="bootrom-ab.cfffa702.bin" size="8192" crc="1d16e9d4" sha1="6f9c8771e5a9ef5a6b52a31b2e65f0698f0f5cfa" />
		<rom name="bootrom.fa55357d.bin" size="8192" crc="ccbd55ba" sha1="8b3c2a301f486904d1c74929b94845a7731bf230" />
	</machine>
	<machine name="virtbb">
		<description>Virtual Baseball (VTG)</description>
		<year>200?</year>
		<manufacturer>VTG Interactive</manufacturer>
		<rom name="virtualbb.bin" size="4194304" crc="7cb7a69f" sha1="eae0c516c1ff89a369662d09321feafc8a8054b0" />
	</machine>
	<machine name="x180">
		<description>unknown Yuvo Joy Stand game (set 1)</description>
		<year>1997</year>
		<manufacturer>Yuvo</manufacturer>
		<rom name="msvol1a.even.u5" size="524288" crc="f79c476c" sha1="c49a8ccbe494d39635fda58ba379cea6714a1ec2" />
		<rom name="msvol1b.odd.u6" size="524288" crc="dd46fd51" sha1="60832cb90d5335cd55422e56c8482ac7c88f70ff" />
	</machine>
	<machine name="xreel">
		<description>X-Reel</description>
		<year>2002</year>
		<manufacturer>Subsino (ECM license)</manufacturer>
		<rom name="ds2430a.q3" size="40" crc="39bbd2c5" sha1="52eb2fa124e176650015389e7b04eddc49ce6e8e" />
		<rom name="subsino_qb-vi.u9" size="524288" crc="aa4edabb" sha1="b117ad5bba2e410e20b5cbdb606688c6e2112450" />
		<rom name="x-reel_ecm_1_v105.u21" size="262144" crc="f9307deb" sha1="dff5e47d7bbf4ec96aba479f350c7891d97b86c8" />
		<rom name="x-reel_ecm_3_v103.u25" size="524288" crc="00dda66e" sha1="f87e60cbe6b328fa285f118eee3652873ef4a45f" />
		<rom name="x-reel_ecm_4_v103.u26" size="524288" crc="3848d12c" sha1="5e20c631a8d14f6b58077278bd52be0d6d416d20" />
		<rom name="x-reel_ecm_5_v103.u27" size="524288" crc="f203d41f" sha1="4e666ffbb5a3a6545c89cbb4516c2e918b5a96f2" />
		<rom name="x-reel_ecm_6_v103.u28" size="524288" crc="a9c39698" sha1="dedc366dec836ad3c43146633850a702ca46f722" />
	</machine>
	<machine name="zircon2">
		<description>Zircon II</description>
		<year>1995</year>
		<manufacturer>Novag Industries</manufacturer>
		<rom name="novag_9403-010057-6433258b84f" size="32768" crc="bb0e817d" sha1="328b3e01b4bb52400bcd5111ce674308b65f5b86" />
	</machine>
</datafile>