<?xml version="1.0" encoding="utf-8"?>
<!DOCTYPE datafile PUBLIC "-//Logiqx//DTD ROM Management Datafile//EN" "http://www.logiqx.com/Dats/datafile.dtd">
<datafile>
	<header>
		<name>sony_news</name>
		<description>Sony NEWS software</description>
		<version></version>
		<author></author>
	</header>
	<machine name="nwf_672rb">
		<description>NEWS-OS Release 4.1R Version Up Kit</description>
		<year>1991</year>
		<publisher>Sony</publisher>
		<disk name="nwf_672rb_mo" sha1="b1c3b2e28d5695385b88f7415ce1e53d647333e4" />
	</machine>
	<machine name="nwf_683rd1">
		<description>NEWS-OS Release 4.2.1aRD Installation Kit</description>
		<year>1993</year>
		<publisher>Sony</publisher>
		<disk name="nwf_683rd1" sha1="84ade11109e676eaaf20e999c1aa4b5d48d40555" />
	</machine>
</datafile>