<?xml version="1.0" encoding="utf-8"?>
<!DOCTYPE datafile PUBLIC "-//Logiqx//DTD ROM Management Datafile//EN" "http://www.logiqx.com/Dats/datafile.dtd">
<datafile>
	<header>
		<name>acrnsys_flop</name>
		<description>Acorn System disk images</description>
		<version>0.267</version>
		<author>Pleasuredome</author>
	</header>
	<machine name="asys3fs">
		<description>Atom/System 3 File Server</description>
		<year>198?</year>
		<publisher>Acorn</publisher>
		<rom name="fileserver.ssd" size="82432" crc="1f28f7f5" sha1="63f7ddd745be51bcc003f7a517b44929fc4e980e" />
	</machine>
	<machine name="sbasic">
		<description>System BBC BASIC</description>
		<year>198?</year>
		<publisher>Acorn</publisher>
		<rom name="sbasic.ssd" size="52224" crc="bbdd9bf7" sha1="0c9863c866dcfd6cfb28aacbf085904ccd8e9b94" />
	</machine>
	<machine name="sys3util">
		<description>System 3 Utilities</description>
		<year>198?</year>
		<publisher>Acorn</publisher>
		<rom name="sys3utils.ssd" size="40192" crc="2fbe109e" sha1="e61f77c4d3c4fa0332e3fb9ae3400eb2ca5951fc" />
	</machine>
	<machine name="sys5fs">
		<description>System 5 File Server</description>
		<year>198?</year>
		<publisher>Acorn</publisher>
		<rom name="sys5fs.ssd" size="204800" crc="89fe7a4a" sha1="55e89dbb6eadbc25550d50fb727c5b956da08799" />
	</machine>
</datafile>