<?xml version="1.0" encoding="utf-8"?>
<!DOCTYPE datafile PUBLIC "-//Logiqx//DTD ROM Management Datafile//EN" "http://www.logiqx.com/Dats/datafile.dtd">
<datafile>
	<header>
		<name>amiga_a3000</name>
		<description>Commodore Amiga 3000 System disks</description>
		<version>0.267</version>
		<author>Pleasuredome</author>
	</header>
	<machine name="a3kin203">
		<description>A3000 Install Disk 2.03</description>
		<year>1991</year>
		<publisher>Commodore</publisher>
		<rom name="335603-04_install.adf" size="901120" crc="9a3cc466" sha1="b12a225890a3957bb01dcbfba44c046c19e19c8f" />
	</machine>
	<machine name="amix11">
		<description>UNIX System V Release 4 Amiga Version 1.1</description>
		<year>1990</year>
		<publisher>Commodore</publisher>
		<rom name="amix21\amix_21_boot.adf" size="901120" crc="99a92138" sha1="c3c444fdf00275b8a1d57d3da8556267977d940a" />
		<rom name="amix21\amix_21_root.adf" size="901120" crc="7c134fcd" sha1="586cba2c40e007d09f634647e15e33a5ac4ba069" />
		<rom name="amix21\amix_patch_21.adf" size="901120" crc="6b401165" sha1="325df79e3ca52709d47512227d187c87ed4c9472" />
		<rom name="amix201\amix_201_boot.adf" size="901120" crc="7e3ecc6b" sha1="63d0144296e63b8ea09e4c1b2a85d1e09dc111e5" />
		<rom name="amix201\amix_201_root.adf" size="901120" crc="c8fef4fd" sha1="840a23a93329b4f68113515f9bf466bb15af1bc7" />
		<rom name="amix203\amix_203_boot.adf" size="901120" crc="a10249c1" sha1="5c62519528d92a6e8a7b88d9879d9d0903e90ad2" />
		<rom name="amix203\amix_203_root.adf" size="901120" crc="6859ae85" sha1="ed38709d4f9b7a1cfc42112038e74b75587de73f" />
		<rom name="amix_11_boot.adf" size="901120" crc="83a9c798" sha1="7b530cb8ff39933c7cef2ee6349a9b2d147e6a6d" />
		<rom name="amix_11_root.adf" size="901120" crc="9ac8c76e" sha1="61f06cf47c12930ff9677c57a8464c549c5fb839" />
	</machine>
	<machine name="sk201">
		<description>Kickstart 2.01</description>
		<year>1990</year>
		<publisher>Commodore</publisher>
		<rom name="367245-03_kickstart.adf" size="901120" crc="79c58ce8" sha1="8e738fb5a9d293c8321cf5055c06f368d43a6e2b" />
	</machine>
	<machine name="sk204">
		<description>Kickstart 2.04</description>
		<year>1991</year>
		<publisher>Commodore</publisher>
		<rom name="367245-06_kickstart.adf" size="901120" crc="87ad0c5b" sha1="922ec2776766a6568f3e2de37101c497067948e4" />
	</machine>
</datafile>