<?xml version="1.0" encoding="utf-8"?>
<!DOCTYPE datafile PUBLIC "-//Logiqx//DTD ROM Management Datafile//EN" "http://www.logiqx.com/Dats/datafile.dtd">
<datafile>
	<header>
		<name>amigaaga_flop</name>
		<description>Commodore Amiga AGA disk images</description>
		<version>0.267</version>
		<author>Pleasuredome</author>
	</header>
	<machine name="2wwar_a">
		<description>When Two Worlds War (Europe, v1.01, AGA)</description>
		<year>1993</year>
		<publisher>Impressions</publisher>
		<rom name="(sps1772)whentwoworldswar_disk1.ipf" size="1049612" crc="d3250a16" sha1="b1019a176700aab73c80f1135a86f8276a5cd591" />
		<rom name="(sps1772)whentwoworldswar_disk2.ipf" size="1049612" crc="e6eaa7d1" sha1="31d9b670ca85fb6eaf3670019b75703bf49f713b" />
	</machine>
	<machine name="6sense">
		<description>Sixth Sense Investigations (Europe)</description>
		<year>1998</year>
		<publisher>Epic Marketing</publisher>
		<rom name="(sps2560)sixthsenseinvestigations_disk1of10.ipf" size="1049612" crc="1c3ea5f2" sha1="1840a195f35980698c5432d46e4d9925caeb2630" />
		<rom name="(sps2560)sixthsenseinvestigations_disk2of10.ipf" size="1049612" crc="2d047a66" sha1="d9eb67ffaa03c2f18debca46e3a5b66b99ff831c" />
		<rom name="(sps2560)sixthsenseinvestigations_disk3of10.ipf" size="1049612" crc="cc065939" sha1="357e3c2662d3fcbaa437e60a8e66b8de502e0c3c" />
		<rom name="(sps2560)sixthsenseinvestigations_disk4of10.ipf" size="1049612" crc="0672c944" sha1="8ca5ba114d8cdb19830cc852f93e1860a7f896ea" />
		<rom name="(sps2560)sixthsenseinvestigations_disk5of10.ipf" size="1049612" crc="2979b1e1" sha1="7b3699595bc80747bd78fb8fdb473cfc7db63c9d" />
		<rom name="(sps2560)sixthsenseinvestigations_disk6of10.ipf" size="1049612" crc="7a7b7a98" sha1="641fc5f73063a097a532078733cceb9ff76f5207" />
		<rom name="(sps2560)sixthsenseinvestigations_disk7of10.ipf" size="1049612" crc="fda4c552" sha1="4872790f8b786b0eed9480df2bc7c39144e58bc6" />
		<rom name="(sps2560)sixthsenseinvestigations_disk8of10.ipf" size="1049612" crc="cb0499a4" sha1="87343f70b1970a23b4c6710ab211b527b087a134" />
		<rom name="(sps2560)sixthsenseinvestigations_disk9of10.ipf" size="1049612" crc="bc406fdb" sha1="bc24048dadf9a03e89e1133774df7ec5eedfe6e0" />
		<rom name="(sps2560)sixthsenseinvestigations_disk10of10.ipf" size="1049612" crc="9ad6d256" sha1="24aa11b8b233e9e32d2fadd3462ee3dfe09e949e" />
	</machine>
	<machine name="1869_a">
		<description>1869 - Erlebte Geschichte Teil I (Europe, AGA)</description>
		<year>1992</year>
		<publisher>Max Design</publisher>
		<rom name="(sps1653)1869_diska.ipf" size="1049612" crc="2e7951d5" sha1="0a64bba884df6800348a7c315c423d07c0bca974" />
		<rom name="(sps1653)1869_diskb.ipf" size="1049612" crc="f79d6985" sha1="8e926557c3ad9f1400fd346b4415de8c180a8efb" />
		<rom name="(sps1653)1869_diskc.ipf" size="1049612" crc="3da3bf18" sha1="062c8e5fcfb8f9d34408fd7a3c9895b37476cac9" />
		<rom name="(sps1653)1869_diskd.ipf" size="1049612" crc="506bf25a" sha1="8fff550b0dfdaddd43ca1afe6a505ed7f0cced4f" />
	</machine>
	<machine name="abre3d2">
		<description>Alien Breed 3D II - The Killing Grounds (Europe)</description>
		<year>1996</year>
		<publisher>Ocean</publisher>
		<rom name="(sps280)alienbreed3dii_gameeditors.ipf" size="1049180" crc="bd2d23b6" sha1="82748d5d6570928cb5da9a383dea5d4dd4b41b2c" />
		<rom name="(sps280)alienbreed3dii_levelsdisk.ipf" size="1049180" crc="819483c9" sha1="362456ead0c79bfe38d997fe74a0e65b461a0625" />
		<rom name="(sps280)alienbreed3dii_programdisk2mb.ipf" size="1049180" crc="598d21de" sha1="7b70d2f69017ad8ef7a077aeda6a570d9a708344" />
		<rom name="(sps280)alienbreed3dii_programdisk4mb.ipf" size="1049180" crc="c7539e0f" sha1="dbbd811707d2d219c1064d16072d9fed51da3649" />
		<rom name="(sps280)alienbreed3dii_soundfxdisk.ipf" size="1049180" crc="802ab741" sha1="e56549475a2e10ad310e67a7c0a759ea67e2c66d" />
	</machine>
	<machine name="abre3d">
		<description>Alien Breed 3D (Europe)</description>
		<year>1995</year>
		<publisher>Ocean</publisher>
		<rom name="(sps624)alienbreed3d_disk1of2.ipf" size="1049612" crc="e391471b" sha1="55fc46344045210d900ac801d815c9c4239e9008" />
		<rom name="(sps624)alienbreed3d_disk2of2.ipf" size="1049612" crc="b51cc4e3" sha1="bbf7265742c44098aaa00557bc5296baf722b0c3" />
	</machine>
	<machine name="abred2_a">
		<description>Alien Breed II - The Horror Continues (Europe, AGA)</description>
		<year>1993</year>
		<publisher>Team 17</publisher>
		<rom name="(sps44)alienbreed2_disk1.ipf" size="1139240" crc="8f1a1117" sha1="2be4018fd32b0f0e53ee8f42eb46fafedc177cd4" />
		<rom name="(sps44)alienbreed2_disk2.ipf" size="1140380" crc="c4deaf3b" sha1="343204fed87783ff300f045d1cee5e741d44dbb9" />
		<rom name="(sps44)alienbreed2_disk3.ipf" size="1140380" crc="aa9b1408" sha1="9c89c6dc3b723c2e71742bc41770ca0ee0616514" />
	</machine>
	<machine name="airbuc_a">
		<description>Air Bucks (Europe, v1.2)</description>
		<year>1993</year>
		<publisher>Impressions</publisher>
		<rom name="air bucks (europe) (v1.2) (aga) (disk 1).ipf" size="1049612" crc="aeb3b164" sha1="d74bd6d5d8d150fcab42428260463cb2c45d6a48" />
		<rom name="air bucks (europe) (v1.2) (aga) (disk 2).ipf" size="1049612" crc="b05fbfc5" sha1="d0aafc81c87cb5372962e140137a94a24a0e7be8" />
	</machine>
	<machine name="aladdin">
		<description>Aladdin (Europe)</description>
		<year>1994</year>
		<publisher>Virgin Interactive</publisher>
		<rom name="(sps420)aladdin_disk1of3.ipf" size="1049612" crc="2c1d0afd" sha1="83ab76a4753ae6eff1e8cba83ad6d74d7237d6b9" />
		<rom name="(sps420)aladdin_disk2of3.ipf" size="1049612" crc="ff8a9b7b" sha1="0e65e827e51d5a6ce639c42f0db8fb2c39f55a37" />
		<rom name="(sps420)aladdin_disk3of3.ipf" size="1049612" crc="f1507d99" sha1="bddf9d748ad85dc0372fff06def2ad78918b0227" />
	</machine>
	<machine name="alfred_a">
		<description>Alfred Chicken (Europe, AGA)</description>
		<year>1993</year>
		<publisher>Mindscape</publisher>
		<rom name="(sps623)alfredchicken_disk1of2.ipf" size="1049612" crc="01193433" sha1="ea4fd0ddedd22ff1e393923a8386df32e9c8b84e" />
		<rom name="(sps623)alfredchicken_disk2of2.ipf" size="1049612" crc="ea4c8284" sha1="5b3670360ac89c80dd473e11f8c559a5782296ee" />
	</machine>
	<machine name="banshee">
		<description>Banshee (Europe)</description>
		<year>1994</year>
		<publisher>Core Design</publisher>
		<rom name="(sps633)banshee_disk1.ipf" size="1049304" crc="85286286" sha1="edc9c533231c9f85fe23e8166f05f5896ff812de" />
		<rom name="(sps633)banshee_disk2.ipf" size="1049612" crc="2ccab37d" sha1="0423ed6bf3960da254fc201a0b3f06b4d00f0b65" />
		<rom name="(sps633)banshee_disk3.ipf" size="1049612" crc="9526923e" sha1="e62b7afe44eec41f9e1a891a0c1f833edb5fb6d4" />
		<rom name="(sps633)banshee_disk4.ipf" size="1049612" crc="40a1237f" sha1="24f0b6e1effe3694f89949a35702030b36605f95" />
	</machine>
	<machine name="bblow_a">
		<description>Body Blows (Europe, AGA)</description>
		<year>1994</year>
		<publisher>Team 17</publisher>
		<rom name="(sps1322)bodyblows_bootdisk.ipf" size="1132656" crc="d9decc72" sha1="9355296cbef4a6f455b23a4a9bb5c21e886fcacc" />
		<rom name="(sps1322)bodyblows_disk2.ipf" size="1128272" crc="532e7cb4" sha1="4113758b209e2ed704c2353197f3bf593fbec968" />
		<rom name="(sps1322)bodyblows_disk3.ipf" size="1140812" crc="0838e44a" sha1="a2d7f426bc22e32d7a276830e6243e46e7c784ca" />
	</machine>
	<machine name="bblowg_a">
		<description>Body Blows Galactic (Europe, AGA)</description>
		<year>1994</year>
		<publisher>Team 17</publisher>
		<rom name="(sps440)bodyblowsgalactic_disk1.ipf" size="1139672" crc="44156159" sha1="2d16e4119397fec26dec14cd6fd1287723b23564" />
		<rom name="(sps440)bodyblowsgalactic_disk2.ipf" size="1140812" crc="00b2fbf1" sha1="375076194cbff0fd5e16105912120b47a1746cf8" />
	</machine>
	<machine name="biing_a">
		<description>Biing! - Sex, Intrigen und Skalpelle (Germany, AGA)</description>
		<year>1995</year>
		<publisher>Magic Bytes</publisher>
		<rom name="(sps442)biing_diskette1.ipf" size="1049612" crc="260461fb" sha1="280e06ceb9f76e7795248317af6c6817b8f178ab" />
		<rom name="(sps442)biing_diskette2.ipf" size="1049612" crc="fbd476aa" sha1="35ebfcb476e18698603dede9df0459a304949ddf" />
		<rom name="(sps442)biing_diskette3.ipf" size="1049612" crc="23236c1e" sha1="95fe72cea1e030b666498399b4a49b43e160235e" />
		<rom name="(sps442)biing_diskette4.ipf" size="1049612" crc="da2a754c" sha1="7958b3f12b6a2005d4717f751e44eb03a6e61753" />
		<rom name="(sps442)biing_diskette5.ipf" size="1049612" crc="fe0c00e6" sha1="5308f611774dc7102772d519f56d9834aa035197" />
		<rom name="(sps442)biing_diskette6.ipf" size="1049612" crc="7da69930" sha1="dc98cf9793299c2eae106b937e2373b2e69a6096" />
		<rom name="(sps442)biing_diskette7.ipf" size="1049612" crc="6053d78d" sha1="b0b9ff5e400c7bc29da10d902da540b42f6370fb" />
		<rom name="(sps442)biing_diskette8.ipf" size="1049612" crc="83a4ac69" sha1="ee1d8b5d4b84ef59e69b72735c99902c788121fe" />
		<rom name="(sps442)biing_diskette9.ipf" size="1049612" crc="8edc9fb7" sha1="56c8538fe12ba009673b29d6bee5f4e4062800e7" />
		<rom name="(sps442)biing_diskette10.ipf" size="1049612" crc="b60e8220" sha1="f41e360c07604812673f108b3a3d2925de0d6003" />
		<rom name="(sps442)biing_diskette11.ipf" size="1049612" crc="862fcb26" sha1="afc3c88881402f53123aadd2c5ff77ac78c1c1d9" />
		<rom name="(sps442)biing_diskette12.ipf" size="1049612" crc="f02aff72" sha1="48ea83aaa476a08d94d1e15977c81b57e9ed1b3b" />
		<rom name="(sps442)biing_diskette13.ipf" size="1049612" crc="7c6aba41" sha1="659e475bfaa0fc6da252298053c47d8290aaecf4" />
		<rom name="(sps442)biing_diskette14.ipf" size="1049612" crc="60750f9c" sha1="a1ca7abb8bb3c54140d1005c082923abf9ebfcbd" />
		<rom name="(sps442)biing_diskette15.ipf" size="1049612" crc="c22ddea0" sha1="08b4f5f1a8a4219be6819ba78fd2b64ed9dfc6f0" />
		<rom name="(sps442)biing_diskette16.ipf" size="1049612" crc="4e618c16" sha1="f6e633018851ffb49a88287c5e066fa051a78517" />
		<rom name="(sps442)biing_diskette17.ipf" size="1049612" crc="fc7d1099" sha1="68daf7d1fe81e6c02f9691f15d5da6424bdcdfee" />
		<rom name="(sps442)biing_diskette18.ipf" size="1049612" crc="1f935deb" sha1="bc3ab4bbb3bd2e137bc2d3cc023867e83a45a1a4" />
		<rom name="(sps442)biing_diskette19.ipf" size="1049612" crc="52870b12" sha1="92e12ce2aa8be0b17e68654e43c6a159fb9945cb" />
	</machine>
	<machine name="bloodn_a">
		<description>BloodNet - A Cyberpunk Gothic (Europe, v1.00)</description>
		<year>1995</year>
		<publisher>Microprose ~ GameTek</publisher>
		<rom name="(sps1667)bloodnet-acyberpunkgothic_disk1of12.ipf" size="1049612" crc="ba821312" sha1="d3a067ae96a3f95b5d6cae2adbdddc791e25e97a" />
		<rom name="(sps1667)bloodnet-acyberpunkgothic_disk2of12.ipf" size="1049612" crc="f4bd6002" sha1="5b5c44bb46b81a4cf6a9f7752327364275d3a9a1" />
		<rom name="(sps1667)bloodnet-acyberpunkgothic_disk3of12.ipf" size="1049612" crc="48bc8c58" sha1="7db0be2d3b25501ce6889221893933932047570b" />
		<rom name="(sps1667)bloodnet-acyberpunkgothic_disk4of12.ipf" size="1049612" crc="07884913" sha1="b39402d6f3d301ef483413a2768051460e038d4d" />
		<rom name="(sps1667)bloodnet-acyberpunkgothic_disk5of12.ipf" size="1049612" crc="5f503214" sha1="96db8858cc01beb71f321ef883315f384ceb4740" />
		<rom name="(sps1667)bloodnet-acyberpunkgothic_disk6of12.ipf" size="1049612" crc="eb37e723" sha1="ceb20b4eca23d39e3c88bdea7335407ca2000c83" />
		<rom name="(sps1667)bloodnet-acyberpunkgothic_disk7of12.ipf" size="1049612" crc="238d87df" sha1="33f2e9cd46c3e130510b951c86864e14d593ab30" />
		<rom name="(sps1667)bloodnet-acyberpunkgothic_disk8of12.ipf" size="1049612" crc="71bd5cd2" sha1="c056821df44d100a1871a257971f3a8127113752" />
		<rom name="(sps1667)bloodnet-acyberpunkgothic_disk9of12.ipf" size="1049612" crc="d4f55224" sha1="2fb78717e47f7b6a04842a72cf570f7b004b16c6" />
		<rom name="(sps1667)bloodnet-acyberpunkgothic_disk10of12.ipf" size="1049612" crc="368dc799" sha1="8d8655cf3f1f0585cb12f7f6b3ea10173a5a427c" />
		<rom name="(sps1667)bloodnet-acyberpunkgothic_disk11of12.ipf" size="1049612" crc="2ca907aa" sha1="679cea74287a60aa30cb06389fc38986ed49d523" />
		<rom name="(sps1667)bloodnet-acyberpunkgothic_disk12of12.ipf" size="1049612" crc="65134a4c" sha1="18e28e173d5accc43982d3e3fee30729a8759214" />
	</machine>
	<machine name="breathle">
		<description>Breathless (Europe)</description>
		<year>1996</year>
		<publisher>Power Computing</publisher>
		<rom name="(sps178)breathless_disk1.ipf" size="1049612" crc="983dec26" sha1="f3b9efbda497ef5cbbb75ba47917a8d29779ec62" />
		<rom name="(sps178)breathless_disk2.ipf" size="1049612" crc="fc92960e" sha1="04426801a27c01213b4cd91a3eb836296af41ec5" />
		<rom name="(sps178)breathless_disk3.ipf" size="1049612" crc="42bfe8ab" sha1="f91b06981373b6b8b7aa43ae82d874c0a613e723" />
	</machine>
	<machine name="brian_a">
		<description>Brian the Lion (Europe, AGA)</description>
		<year>1994</year>
		<publisher>Psygnosis</publisher>
		<rom name="(sps843)brianthelion_disk1.ipf" size="1049612" crc="d3c8adff" sha1="b377838a588777ddc3060cf25c2bc1686a35f06b" />
		<rom name="(sps843)brianthelion_disk2.ipf" size="1049612" crc="552bd7dc" sha1="c98f35150b90bfcd856312fd3cfb0a2ca0f1cb0b" />
		<rom name="(sps843)brianthelion_disk3.ipf" size="1049612" crc="efadd65b" sha1="8b3597913088275418f155b45f9bd16a3c1805b5" />
	</machine>
	<machine name="brubber">
		<description>Burning Rubber (Europe)</description>
		<year>1993</year>
		<publisher>Ocean</publisher>
		<rom name="(sps2181)burningrubber_disk1-introdisk.ipf" size="1049612" crc="528bdd49" sha1="632b7bb14f0be67c83f78d1975f9e8ef68bb3c4f" />
		<rom name="(sps2181)burningrubber_disk2-maindisk.ipf" size="1049304" crc="f306bc10" sha1="7be95ceb83b71e5ce2c2e18b760626ffb64689d6" />
		<rom name="(sps2181)burningrubber_disk3-eurodisk.ipf" size="1049612" crc="33c17dc1" sha1="037825cdccdd33baf0b5bdcc3d291e956134ab8e" />
		<rom name="(sps2181)burningrubber_disk4-usadisk.ipf" size="1049612" crc="a45ef524" sha1="ffc51ba076b115b73981d52026655b23e50a9434" />
	</machine>
	<machine name="brutaldx">
		<description>Brutal Football - Deluxe Edition (Europe)</description>
		<year>1993</year>
		<publisher>Millennium</publisher>
		<rom name="(sps1837)brutalfootball-deluxeedition_disk1.ipf" size="1049612" crc="df5299d8" sha1="0fbed554441b8a9bb3666d0a09502b0171579f60" />
		<rom name="(sps1837)brutalfootball-deluxeedition_disk2.ipf" size="1049612" crc="284cc9ac" sha1="c803d7ed94143e767c2a7f3d4ee9615f1f67ae16" />
		<rom name="(sps1837)brutalfootball-deluxeedition_disk3.ipf" size="1049612" crc="86f27687" sha1="de8b714e9c49cea2a3c75e7edf0bc90e6a3d2e4e" />
	</machine>
	<machine name="bubble_a">
		<description>Bubble and Squeak (Europe, AGA)</description>
		<year>1994</year>
		<publisher>Audiogenic</publisher>
		<rom name="(sps210)bubble&amp;squeak_disk1.ipf" size="1048872" crc="93ddd2f9" sha1="ef14f9614e865b0ba3b8f7f8ecf4642b45776290" />
		<rom name="(sps210)bubble&amp;squeak_disk2.ipf" size="1049180" crc="5763f801" sha1="a26dfd034f84c2e4fe402f3f5617b3683a9871b7" />
	</machine>
	<machine name="burnt_a">
		<description>Burntime (Europe, AGA)</description>
		<year>1993</year>
		<publisher>Max Design</publisher>
		<rom name="burnt_ag\(sps2348)burntime_disk1.ipf" size="1049612" crc="7592633c" sha1="ef20c442b0f2d06492627da20819a209068f6e56" />
		<rom name="burnt_ag\(sps2348)burntime_disk2.ipf" size="1049612" crc="d017505d" sha1="d50f34d3b288ef4ebc6802953131fa8365899125" />
		<rom name="burnt_ag\(sps2348)burntime_disk3.ipf" size="1049612" crc="c0095982" sha1="6eae632548926415d13adeaaf3a13e9499d48cf3" />
		<rom name="burnt_ag\(sps2348)burntime_disk4.ipf" size="1049612" crc="46124998" sha1="04b09b68e409754e781c6747ddf593bda1bdbe87" />
		<rom name="(sps2213)burntime_diska.ipf" size="1049612" crc="7c1a9657" sha1="175ee11b476170c6d167deffd1fe26a6e19aa643" />
		<rom name="(sps2213)burntime_diskb.ipf" size="1049612" crc="c20e5077" sha1="3bfd2934b83896a95db5ee1180256da48fab9294" />
		<rom name="(sps2213)burntime_diskc.ipf" size="1049612" crc="675bc4cd" sha1="fa1ac6a6d7a3e60290c5a8b18cccd973c70284c5" />
		<rom name="(sps2213)burntime_diskd.ipf" size="1049612" crc="92abbab2" sha1="8064a8eebc355ce2074624be70cf1cd209b3b271" />
	</machine>
	<machine name="captpuni">
		<description>Capital Punishment (Europe, v1.0)</description>
		<year>1996</year>
		<publisher>PXL</publisher>
		<rom name="(sps1758)capitalpunishment_disk1.ipf" size="1049612" crc="77b5029c" sha1="7774aae04908047673759cc173b669f2200db944" />
		<rom name="(sps1758)capitalpunishment_disk2.ipf" size="1049180" crc="0886a062" sha1="b635b1fb000a0846fad15b91bc769c7f27bcbe4b" />
		<rom name="(sps1758)capitalpunishment_disk3.ipf" size="1049612" crc="b7d724a2" sha1="2c7b58b2147d057aa434e2f82050d8e72dba00e3" />
		<rom name="(sps1758)capitalpunishment_disk4.ipf" size="1049180" crc="ff70e97d" sha1="128bb4846dc788b6394f9db87b286838903656d7" />
		<rom name="(sps1758)capitalpunishment_disk5.ipf" size="1049180" crc="8194816f" sha1="d6781e5890046138900fb70d0349e2d4643a88dc" />
		<rom name="(sps1758)capitalpunishment_disk6.ipf" size="1049180" crc="0d766acb" sha1="a7a9f978cc75c792dfc2075e2c5ebf9982199802" />
		<rom name="(sps1758)capitalpunishment_disk7.ipf" size="1049180" crc="0d15e820" sha1="76bd54cc32547ba31a37bc201ddadad647b697f8" />
	</machine>
	<machine name="chaos2_a">
		<description>The Chaos Engine 2 (Europe, AGA)</description>
		<year>1996</year>
		<publisher>Renegade</publisher>
		<rom name="(sps173)chaosengine2,the_disk1of3.ipf" size="1049304" crc="4d3f7b6d" sha1="d5b2fd012d94edf704da300580d95a82efdb4986" />
		<rom name="(sps173)chaosengine2,the_disk2of3.ipf" size="991598" crc="4f394c52" sha1="f837240e3e81326a300741c39b7a66f5a8cb26d6" />
		<rom name="(sps173)chaosengine2,the_disk3of3.ipf" size="1036720" crc="072eac0e" sha1="572f0378eca3d9989539eec5f4fa00a648d83ddf" />
	</machine>
	<machine name="chaose_a">
		<description>The Chaos Engine (Europe, AGA)</description>
		<year>1994</year>
		<publisher>Renegade</publisher>
		<rom name="(sps1324)chaosengine,the_diskone.ipf" size="1127132" crc="e48264d8" sha1="385a59678f6651559860a02635f8c508fff2cade" />
		<rom name="(sps1324)chaosengine,the_disktwo.ipf" size="1132262" crc="8c84a36c" sha1="e4e228a6b713cc542d0494d38925cd8c12177c06" />
	</machine>
	<machine name="civilz_a">
		<description>Civilization (Europe, AGA, v.855e.01)</description>
		<year>1994</year>
		<publisher>Software Demon</publisher>
		<rom name="(sps1633)civilization_diska.ipf" size="1049612" crc="2d4fa0b8" sha1="91976ffca9cec198e1ba332fc033fffa6a10d2d4" />
		<rom name="(sps1633)civilization_diskb.ipf" size="1049612" crc="e2d809c0" sha1="a3d12ac2f5f4118df62eb56071d3a478b4baed6e" />
		<rom name="(sps1633)civilization_diskc.ipf" size="1049612" crc="00467613" sha1="f7f4929da43b5f7e6d8bf6ce7256d390a78b6554" />
		<rom name="(sps1633)civilization_diskd.ipf" size="1049612" crc="e9cd4587" sha1="ca7b3243e6af899dc6cdc381d4783189a7b9ce34" />
	</machine>
	<machine name="clockw_a">
		<description>Clockwiser (Europe, AGA)</description>
		<year>1994</year>
		<publisher>Rasputin</publisher>
		<rom name="(sps1900)clockwiser_disk1.ipf" size="1049612" crc="0af946e2" sha1="034b6655edc3d3fe1afe540b5c418302f226ca3a" />
		<rom name="(sps1900)clockwiser_disk2.ipf" size="1049612" crc="16311760" sha1="debf375b629bf7fb559eea977ceef219367b8393" />
	</machine>
	<machine name="clueg_a">
		<description>Der Clou! (Germany, AGA)</description>
		<year>1994</year>
		<publisher>Max Design</publisher>
		<rom name="(sps451)clou,der_disk1.ipf" size="1049612" crc="d2167a4d" sha1="0a21eecefcd0e62d5af315466e45ccd2f6368fa0" />
		<rom name="(sps451)clou,der_disk2.ipf" size="1049612" crc="08efbac7" sha1="f02484f0239a16ae5b9cb9206bc6e8c5c296bf82" />
		<rom name="(sps451)clou,der_disk3.ipf" size="1049612" crc="3f4394d4" sha1="0b3907b4ca60bce782cb826d4bc15b6d6aea26a1" />
		<rom name="(sps451)clou,der_disk4.ipf" size="1049612" crc="49f3e0d5" sha1="17e44614b128f345740ada62bf395df5ea29a3ec" />
		<rom name="(sps451)clou,der_disk5.ipf" size="1049612" crc="a0ebe107" sha1="77f5e0070bec90ba83853f09f9b2f049653f9ad3" />
	</machine>
	<machine name="columb_a">
		<description>Christoph Kolumbus (Europe, AGA)</description>
		<year>1994</year>
		<publisher>Software 2000</publisher>
		<rom name="(sps448)christophkolumbus_disk1.ipf" size="1049612" crc="4a2da15b" sha1="e5c2ef382209e396399ba8a0cd3de179de1e808e" />
		<rom name="(sps448)christophkolumbus_disk2.ipf" size="1049612" crc="aeac5879" sha1="2c10a9558b64d0a41da536efc9eb9725012b6af4" />
		<rom name="(sps448)christophkolumbus_disk3.ipf" size="1049612" crc="d83bb569" sha1="2ea5b017f0a11c28d9bc125010072c71d1547490" />
		<rom name="(sps448)christophkolumbus_disk4.ipf" size="1049612" crc="57d512c1" sha1="087c2dc2746ce6da1c7310a437c1ab9811c1e4b8" />
		<rom name="(sps448)christophkolumbus_disk5.ipf" size="1049612" crc="a802a043" sha1="9e21838f07d0bf39de40bd061b2a0df5a92250f0" />
		<rom name="(sps448)christophkolumbus_disk6.ipf" size="1049612" crc="7aed481c" sha1="8aae02d804dd084c70457cfb41966e9da6d6c982" />
	</machine>
	<machine name="dangst_a">
		<description>Dangerous Streets (Europe, AGA)</description>
		<year>1993</year>
		<publisher>Flair Software</publisher>
		<rom name="(sps1020)dangerousstreets_disk1of3.ipf" size="1049612" crc="04641d8d" sha1="e49baba1c616491f24ed2587f7adc5317633d4f9" />
		<rom name="(sps1020)dangerousstreets_disk2of3.ipf" size="1049612" crc="b389f87e" sha1="e0205b8f7c25b6112da7bdc8852c62e4cc69d989" />
		<rom name="(sps1020)dangerousstreets_disk3of3.ipf" size="1049612" crc="6de14bb1" sha1="6d3d897e9d788c8a935037b98c4197946041791b" />
	</machine>
	<machine name="dennis_a">
		<description>Dennis (Europe, AGA)</description>
		<year>1994</year>
		<publisher>Ocean</publisher>
		<rom name="dennis_add\(sps1093)dennis_1of2.ipf" size="1049304" crc="d6e8bc54" sha1="a62b02218687b470eddb25d3316a706b03623499" />
		<rom name="dennis_add\(sps1093)dennis_2of2.ipf" size="1049612" crc="99c661cb" sha1="65558751881dcc3c4e60fd51746a7112b748fa95" />
		<rom name="(sps1867)dennis_diska.ipf" size="1049304" crc="b8ae7b21" sha1="4bc93a77feb145ab40b75d75a1da98c5b6cc0e4e" />
		<rom name="(sps1867)dennis_diskb.ipf" size="1049612" crc="12215afb" sha1="3df6d30df39a1b97564f4d82a03ad07d240572e5" />
	</machine>
	<machine name="dgen_a">
		<description>D/Generation (Europe)</description>
		<year>1993</year>
		<publisher>Mindscape</publisher>
		<rom name="(sps457)dgeneration_disk1of2.ipf" size="1049612" crc="821bd749" sha1="4bc4e5fa1792fcc4ab46ddcde892f5f4c20f23cb" />
		<rom name="(sps457)dgeneration_disk2of2.ipf" size="1049612" crc="6e7836ce" sha1="09a793b7b274b81cfc26b3e93249e1388e1a096c" />
	</machine>
	<machine name="diggers">
		<description>Diggers (Europe, 19930914)</description>
		<year>1993</year>
		<publisher>Millennium</publisher>
		<rom name="(sps1172)diggers_disk1of4.ipf" size="1049612" crc="4fc7a50e" sha1="b0053c7b2727dcb292766c497aa290c46f09d271" />
		<rom name="(sps1172)diggers_disk2of4.ipf" size="1049612" crc="300e6981" sha1="8d2556cc48c72c8740a12b06330a4a4cdaec657f" />
		<rom name="(sps1172)diggers_disk3of4.ipf" size="1049612" crc="fa008f19" sha1="67ca1a1a584adceb765790ccbc277a9af5726838" />
		<rom name="(sps1172)diggers_disk4of4.ipf" size="1049612" crc="87080a0a" sha1="5889fe83f0df607374a3c19d455962e29133f84c" />
	</machine>
	<machine name="dreamw_a">
		<description>DreamWeb (Europe, AGA)</description>
		<year>1994</year>
		<publisher>Empire Interactive</publisher>
		<rom name="(sps1815)dreamweb_disk1of5.ipf" size="1049612" crc="ea707cd1" sha1="4ceb0275126d442bd8394ef6131ae26b2dab7a48" />
		<rom name="(sps1815)dreamweb_disk2of5.ipf" size="1049612" crc="0a3f0c11" sha1="ac5cb8d36aac8d1cff013defef8b90c09a9fcc5b" />
		<rom name="(sps1815)dreamweb_disk3of5.ipf" size="1049612" crc="f2a662d4" sha1="e6e0f7193125678985a6f81302c1a9a0d88a3970" />
		<rom name="(sps1815)dreamweb_disk4of5.ipf" size="1049612" crc="2a0653f2" sha1="acf74ae45f8a9cb0fe72b0b130dee7df0fefe209" />
		<rom name="(sps1815)dreamweb_disk5of5.ipf" size="1049612" crc="d2946688" sha1="e8dd57208321575c35c0aeec6f03cf03cdf005b1" />
	</machine>
	<machine name="dxgalaga">
		<description>Deluxe Galaga (AGA, v2.6B, 19950903)</description>
		<year>1995</year>
		<publisher>Edgar Vigdal</publisher>
		<rom name="deluxe galaga(aga)(sw-r).adf" size="901120" crc="d1ee3a25" sha1="9824ccc31a5a26f5e7ccf9ca2c36bb8c7221e7c1" />
	</machine>
	<machine name="dxpac">
		<description>Deluxe Pac-Man (AGA, v1.7, 19970427)</description>
		<year>1997</year>
		<publisher>Edgar Vigdal</publisher>
		<rom name="deluxe pac-man v1.7 (1997-04-27)(vigdal, edgar)(aga)(sw-r).adf" size="901120" crc="0fb6d45d" sha1="378cb7c11d8f57d812469fcc8db1a1a848e8ce63" />
	</machine>
	<machine name="erbnerde">
		<description>Erben der Erde - Die große Suche (Germany)</description>
		<year>1995</year>
		<publisher>Softgold</publisher>
		<rom name="(sps476)erbendererde_disk1of11.ipf" size="1049612" crc="a4ad7762" sha1="a6b8c0b371e3ee4ecfce4e8f2c54de9dae58010b" />
		<rom name="(sps476)erbendererde_disk2of11.ipf" size="1049612" crc="99b6086a" sha1="d698217aeb5cbe2fd2ae8d835bb6a3bc8a5e7921" />
		<rom name="(sps476)erbendererde_disk3of11.ipf" size="1049612" crc="1fcd2709" sha1="44329243528cf3bff11e0005d574d8ec0d95836f" />
		<rom name="(sps476)erbendererde_disk4of11.ipf" size="1049612" crc="53c1310b" sha1="3fbdb55d672c103847d33079641e2b9de61b62f8" />
		<rom name="(sps476)erbendererde_disk5of11.ipf" size="1049612" crc="82dfffc6" sha1="5887eca9087868cc47ad96f7aa13c5daba4d550f" />
		<rom name="(sps476)erbendererde_disk6of11.ipf" size="1049612" crc="409e42dd" sha1="29bfc401cfebb53042c31ea4196731e92f294ae4" />
		<rom name="(sps476)erbendererde_disk7of11.ipf" size="1049612" crc="99bcaaba" sha1="5082c64ca263839a4c38daa56fe0768f8a929ce3" />
		<rom name="(sps476)erbendererde_disk8of11.ipf" size="1049612" crc="75545cf8" sha1="286c32bbe484d2d4397a664fc6debc7543b0240d" />
		<rom name="(sps476)erbendererde_disk9of11.ipf" size="1049612" crc="e605f7df" sha1="42f083e02a16b415313c0d8436c82ba5c6b55b04" />
		<rom name="(sps476)erbendererde_disk10of11.ipf" size="1049612" crc="c8565133" sha1="1ee796d8295fedd2749d75ca7c84337231b18adb" />
		<rom name="(sps476)erbendererde_disk11of11.ipf" size="1049612" crc="eb45402f" sha1="9449d01f79b642bdb26912d97b2909ade79e601c" />
		<rom name="(sps476)erbendererde_installdisk.ipf" size="1049612" crc="f4d05dff" sha1="e4e2352621a43646e96f6d52818fb295da9eef41" />
	</machine>
	<machine name="exile_a">
		<description>Exile (Europe, AGA)</description>
		<year>1995</year>
		<publisher>Audiogenic</publisher>
		<rom name="(sps885)exile_disk1of2.ipf" size="1048872" crc="5f341ec9" sha1="68380226b8218188183c185e52cc02d279221894" />
		<rom name="(sps885)exile_disk2of2.ipf" size="1048872" crc="ff527ac6" sha1="0d5fd4b64168aa10444b7766639849e4e539332a" />
	</machine>
	<machine name="exiledd">
		<description>Exile Discovery Disk A1200 (Europe)</description>
		<year>1996</year>
		<publisher>Audiogenic</publisher>
		<rom name="(sps2763)exilediscoverydiska1200.ipf" size="1049180" crc="25af1f7e" sha1="42de2628569982d38c7c5a072a5ae7573a565915" />
	</machine>
	<machine name="fatman_a">
		<description>Fatman - The Caped Consumer (Europe, AGA)</description>
		<year>1994</year>
		<publisher>Black Legend</publisher>
		<rom name="(sps480)fatman_disk1.ipf" size="1049612" crc="ed17cae2" sha1="8c0ef87d0afb0ca1fe325b6b2a6462ae5f80910f" />
		<rom name="(sps480)fatman_disk2.ipf" size="1049612" crc="4455e7d5" sha1="2b5e1356e998ee07fb9f88c501b901ae6d477725" />
		<rom name="(sps480)fatman_disk3.ipf" size="1049612" crc="394040e6" sha1="6165f22419c842eab9cb8a63465a85325d100c5d" />
		<rom name="(sps480)fatman_disk4.ipf" size="1049612" crc="548ee5da" sha1="2a082af3c0cff91615e7b1ffc0fb7bbae8c9878a" />
	</machine>
	<machine name="fbglory">
		<description>Football Glory (Europe)</description>
		<year>1994</year>
		<publisher>Black Legend</publisher>
		<rom name="(sps122)footballglory_disk1.ipf" size="1049180" crc="8fb60ee7" sha1="585dd2f0a05f2b6bcc7e9befc29a1bc3d3e293b7" />
		<rom name="(sps122)footballglory_disk2.ipf" size="1049180" crc="37d75bbd" sha1="7cb786056794eaa9a0f65fd05935b2c4d5320228" />
		<rom name="(sps122)footballglory_disk3.ipf" size="1049180" crc="6e60d161" sha1="c43fa76f121a5bc05e975020a665d003f1ba6b26" />
	</machine>
	<machine name="fears">
		<description>Fears (Europe)</description>
		<year>1995</year>
		<publisher>Manyk</publisher>
		<rom name="(sps1288)fears_datadisk.ipf" size="997532" crc="af044872" sha1="01bf9697c4a97b0e90bbdbcef391a6a0034f39dd" />
		<rom name="(sps1288)fears_programdisk.ipf" size="986994" crc="b6df5ae7" sha1="2ad448f7a46f0723a600437c2a7b160fe7e25ebc" />
	</machine>
	<machine name="gigertet">
		<description>Giger-Tetris</description>
		<year>1993</year>
		<publisher>Panic Production</publisher>
		<rom name="giger-tetris (1993)(panic production)(aga)(sw).adf" size="901120" crc="e58911f4" sha1="90d146454db7317e02f428aa24e01296db0ea2d4" />
	</machine>
	<machine name="gloom">
		<description>Gloom (Europe)</description>
		<year>1995</year>
		<publisher>Guildhall</publisher>
		<rom name="(sps124)gloom_datadisk.ipf" size="1049180" crc="9716f9c6" sha1="fb341ed152881556a8238d80afe1ea050426c61f" />
		<rom name="(sps124)gloom_programdisk.ipf" size="1049180" crc="99b9149d" sha1="4ad1ba91599113f2c8dbd8be6dcee2e050980dc0" />
	</machine>
	<machine name="gshp2k_a">
		<description>Gunship 2000 (Europe)</description>
		<year>1994</year>
		<publisher>Microprose</publisher>
		<rom name="(sps371)gunship2000_disk1.ipf" size="1049612" crc="d6ea2935" sha1="78098be6dfa243759ad2f59c0d23a4601bd10f44" />
		<rom name="(sps371)gunship2000_disk2.ipf" size="1049612" crc="eb716c54" sha1="cc99b44bbefeec57bf711ce30284e35fc0dc202f" />
		<rom name="(sps371)gunship2000_disk3.ipf" size="1049612" crc="5f0c1e65" sha1="786679fd8a51a2acd3fe9eea2198e673bc8877a4" />
		<rom name="(sps371)gunship2000_disk4.ipf" size="1049612" crc="8e73a22f" sha1="3cf6adcac38c70bc9915dad5e8d6692c9fcb9321" />
	</machine>
	<machine name="guardian">
		<description>Guardian (Europe)</description>
		<year>1994</year>
		<publisher>Acid</publisher>
		<rom name="(sps835)guardian_datadisk.ipf" size="1009772" crc="2c03e337" sha1="57bd906063dfa70a08a648b3bb5763ad29dad685" />
		<rom name="(sps835)guardian_programdisk.ipf" size="1049612" crc="051bb6b4" sha1="f05b8d43838b365d3dc832c4eb7497ec8faf30b5" />
	</machine>
	<machine name="heimd2_a">
		<description>Heimdall 2 - Into the Hall of Worlds (Europe, AGA)</description>
		<year>1994</year>
		<publisher>Core Design</publisher>
		<rom name="(sps1166)heimdall2_disk1.ipf" size="1048872" crc="d4e75d19" sha1="41ceeee457dc39445127d7340354e837677c2d11" />
		<rom name="(sps1166)heimdall2_disk2.ipf" size="1049180" crc="2c6556d6" sha1="4368a6466caa583d11cf1a962e0d866671a7ac20" />
		<rom name="(sps1166)heimdall2_disk3.ipf" size="1049180" crc="066c59bd" sha1="60e237d4f7784fa41bdc6a40349803df0aa49970" />
		<rom name="(sps1166)heimdall2_disk4.ipf" size="1049180" crc="3713f8a9" sha1="8b51398e4c9b380e09bd562c443ccedcdecf1f44" />
		<rom name="(sps1166)heimdall2_disk5.ipf" size="1049180" crc="79c011a8" sha1="4d77e35f803bcafcad18a842a662ace54bce3d51" />
		<rom name="(sps1166)heimdall2_disk6.ipf" size="1049180" crc="7e35759b" sha1="5f962af3cc44fe770ae707e5e1d95b84bcf8c6b1" />
		<rom name="(sps1166)heimdall2_disk7.ipf" size="1049180" crc="a55df65e" sha1="6a63551aa44eb516a5276889ffe96352e16b131e" />
	</machine>
	<machine name="highseas">
		<description>High Seas Trader (Europe)</description>
		<year>1995</year>
		<publisher>Impressions</publisher>
		<rom name="(sps2108)highseastrader_disk1of4.ipf" size="1049180" crc="88f51516" sha1="d75b47d0709b182e3ae2a69279e9b62a9ecd588f" />
		<rom name="(sps2108)highseastrader_disk2of4.ipf" size="1049180" crc="07b76b06" sha1="233eebbeebb70cfbcee691e55a80495a46b09d19" />
		<rom name="(sps2108)highseastrader_disk3of4.ipf" size="1049180" crc="5150ec7c" sha1="6d4b17fccb5b342474f2be97dfe23dbbf282c6f9" />
		<rom name="(sps2108)highseastrader_disk4of4.ipf" size="1049180" crc="0d0e3086" sha1="e8f160d2e65d88f29af1de3db400fe3be05a7ff0" />
	</machine>
	<machine name="humans3">
		<description>Humans III - Evolution - Lost in Time (Europe)</description>
		<year>1996</year>
		<publisher>Gametek</publisher>
		<rom name="(sps2382)humansiii-evolution-lostintime_disk1.ipf" size="1049612" crc="c5e45249" sha1="f8bab1e471652595b7c95a6cc13ff13853c96814" />
		<rom name="(sps2382)humansiii-evolution-lostintime_disk2.ipf" size="1049612" crc="54afeb48" sha1="a306642a79c5ad4605bc46d2273e831d54f1fee8" />
		<rom name="(sps2382)humansiii-evolution-lostintime_disk3.ipf" size="1049612" crc="d9490fdb" sha1="8517e23c81b8a627e7b3d8413ce8e34970f90f96" />
		<rom name="(sps2382)humansiii-evolution-lostintime_disk4.ipf" size="1049612" crc="f3abbe50" sha1="33f69f5650e25fb8b9bab242a7aca8f2518cb530" />
	</machine>
	<machine name="im2025_a">
		<description>Impossible Mission 2025 - The Special Edition (Europe, AGA)</description>
		<year>1994</year>
		<publisher>Microprose</publisher>
		<rom name="(sps1833)impossiblemission2025-thespecialedition_diska.ipf" size="1049612" crc="d42ea32f" sha1="a5ffc02ac6b13dca4e1210ea9bf0234f41da3671" />
		<rom name="(sps1833)impossiblemission2025-thespecialedition_diskb.ipf" size="1049612" crc="c49d5abc" sha1="f9ed588a114e76551275a7212ac59bdbdea8da99" />
	</machine>
	<machine name="ishar2_a">
		<description>Ishar 2 - Messengers of Doom (Europe, AGA)</description>
		<year>1993</year>
		<publisher>Silmarils</publisher>
		<rom name="(sps787)ishar2_disk1.ipf" size="1049612" crc="071c8e64" sha1="d158c1ae13a8801ea3a8e3739027ebf4d9610626" />
		<rom name="(sps787)ishar2_disk2.ipf" size="1049612" crc="bff86eb9" sha1="759125807d43782cf062f6223f16f092486030bb" />
		<rom name="(sps787)ishar2_disk3.ipf" size="1049612" crc="f0357e63" sha1="4c51202ca91f42e49a3ab8816cc1459434e58f65" />
		<rom name="(sps787)ishar2_disk4.ipf" size="1049612" crc="47680e25" sha1="11674a98b182d230e7594aa300f00657198b6af8" />
	</machine>
	<machine name="ishar3_a">
		<description>Ishar III - The Seven Gates of Infinity (Europe, AGA)</description>
		<year>1994</year>
		<publisher>Silmarils</publisher>
		<rom name="(sps2245)ishar3-thesevengatesofinfinity_disk1.ipf" size="1049612" crc="53d3ec07" sha1="e91592ba39a57f1294bb5ce0046837cc7f502e65" />
		<rom name="(sps2245)ishar3-thesevengatesofinfinity_disk2.ipf" size="1049612" crc="163113f3" sha1="6cebb5133d4f557fc13aaf24d11561e98cdece10" />
		<rom name="(sps2245)ishar3-thesevengatesofinfinity_disk3.ipf" size="1049612" crc="227aca8a" sha1="c2321204938e6d3c13519299cbf6607ce4a4e2fa" />
		<rom name="(sps2245)ishar3-thesevengatesofinfinity_disk4.ipf" size="1049612" crc="7fc037bd" sha1="369b6bd084772bc4837bc5c18e783a9707bdd33d" />
		<rom name="(sps2245)ishar3-thesevengatesofinfinity_disk5.ipf" size="1049612" crc="239be400" sha1="09ae73eecf2a04612d935a1075645a1f32ebd67a" />
		<rom name="(sps2245)ishar3-thesevengatesofinfinity_disk6.ipf" size="1049612" crc="40d8f5d1" sha1="f20f82ba4561559ee68f68bfc3953c08e5d54203" />
		<rom name="(sps2245)ishar3-thesevengatesofinfinity_disk7.ipf" size="1049612" crc="a0a58b90" sha1="aa77d473b5c67dca77b52f0a774e74054c55d7b9" />
		<rom name="(sps2245)ishar3-thesevengatesofinfinity_disk8.ipf" size="1049612" crc="1e697f26" sha1="1a356f71695883bf07ac561092476d639c456b88" />
	</machine>
	<machine name="jpark_a">
		<description>Jurassic Park (Europe, AGA)</description>
		<year>1993</year>
		<publisher>Ocean</publisher>
		<rom name="(sps836)jurassicpark_disk1.ipf" size="1139364" crc="93c2873c" sha1="82f8d11f5a612f9068b26b247eddeee4b68b1090" />
		<rom name="(sps836)jurassicpark_disk2.ipf" size="1139364" crc="2d842e12" sha1="5929f4c8c70fc6815f47c93eb858b92f79fc2786" />
		<rom name="(sps836)jurassicpark_disk3.ipf" size="1139364" crc="ed192e16" sha1="f63c1a961400444e361d18d6fbec781c12fab488" />
		<rom name="(sps836)jurassicpark_disk4.ipf" size="1139364" crc="c5fa190a" sha1="5d49aa6355942b2396847c2a23a3ff6baffe4065" />
	</machine>
	<machine name="jpond2_a">
		<description>James Pond II - Codename RoboCod (Europe, AGA)</description>
		<year>1993</year>
		<publisher>Millennium</publisher>
		<rom name="(sps1354)jamespondii-codenamerobocod.ipf" size="1049612" crc="5482b055" sha1="a2b6c653dabc1bcddc316092d1be49fd6ad747bd" />
	</machine>
	<machine name="jpond3_a">
		<description>James Pond³ - Operation Starfish (Europe, AGA)</description>
		<year>1994</year>
		<publisher>Millennium</publisher>
		<rom name="(sps688)jamespond3_disk1.ipf" size="1049612" crc="6d9c6dbc" sha1="0894cacdc6deb362813d50d3ef15ff5e1b38df00" />
		<rom name="(sps688)jamespond3_disk2.ipf" size="1049612" crc="0ffb6b66" sha1="1d4b1499f73357b05373493b994fce8467d08a23" />
		<rom name="(sps688)jamespond3_disk3.ipf" size="1049612" crc="326bbac4" sha1="2d0cf37a2bda1aae2f39debba13264928c1f97ed" />
	</machine>
	<machine name="jstrik_a">
		<description>Jungle Strike (Europe, AGA)</description>
		<year>1994</year>
		<publisher>Ocean</publisher>
		<rom name="(sps2581)junglestrike_1.ipf" size="1049304" crc="c3c939ef" sha1="fab830bf337283d9d40842033e9f85a55ba47bc8" />
		<rom name="(sps2581)junglestrike_2.ipf" size="1049612" crc="a8ecbfe0" sha1="216ad6c4c05978ccc5c4c8205484d67089edb443" />
		<rom name="(sps2581)junglestrike_3.ipf" size="1049612" crc="57d1e188" sha1="fe9d28dcf875f2c3b15125c0fba163ac95b0872b" />
	</machine>
	<machine name="koff3_a">
		<description>Kick Off 3 (Europe, AGA)</description>
		<year>1994</year>
		<publisher>Anco</publisher>
		<rom name="(sps1854)kickoff3_disc1of2.ipf" size="1049874" crc="4c20701c" sha1="bb9c7d2d0d39370fc25341ae95893471e4ab74da" />
		<rom name="(sps1854)kickoff3_disc2of2.ipf" size="1049612" crc="457b09ad" sha1="b2f8f4d80dd7fd15b2e81ed34256d3679994d3cc" />
	</machine>
	<machine name="koff3e_a">
		<description>Kick Off 3 - European Challenge (Europe, AGA, Soccer Stars '96)</description>
		<year>1994</year>
		<publisher>Anco</publisher>
		<rom name="(sps1896)kickoff3-europeanchallenge_disc1of3.ipf" size="1049612" crc="18accc07" sha1="999176b54cfddf4714b88a0c38c54fe4ca41a28f" />
		<rom name="(sps1896)kickoff3-europeanchallenge_disc2of3.ipf" size="1049874" crc="1494bc6c" sha1="f1f18b8fa8b57756024bfe32da63a1ef9c340b6f" />
		<rom name="(sps1896)kickoff3-europeanchallenge_disc3of3.ipf" size="1049612" crc="30e60470" sha1="faa8e799e77780802250562c01bc35b442979325" />
	</machine>
	<machine name="legends">
		<description>Legends (Europe)</description>
		<year>1996</year>
		<publisher>Manyk</publisher>
		<rom name="(sps1346)legends_disk1.ipf" size="1049180" crc="750e4897" sha1="12bdb98b1568422ba0bc5994f50697f259f77f5b" />
		<rom name="(sps1346)legends_disk2.ipf" size="1049180" crc="085402b2" sha1="5444c499a8ca2b4f321ad654cd0567bbf548e491" />
		<rom name="(sps1346)legends_disk3.ipf" size="1049180" crc="7c5e650e" sha1="3ca8bfbd4efec2f97b1df4c9d0d7478e9e1f6249" />
		<rom name="(sps1346)legends_disk4.ipf" size="1049180" crc="c1349163" sha1="2e9b8152b001b2b0523dcc509e96a38995ffc2d0" />
		<rom name="(sps1346)legends_disk5.ipf" size="1049180" crc="ee8bfb6a" sha1="9f3d5dfce94d75834b1f81d12d23770ae8db77d1" />
		<rom name="(sps1346)legends_disk6.ipf" size="1049180" crc="6f0ed11c" sha1="bf11af409136c797b22c2802609c808ccf77e15e" />
	</machine>
	<machine name="lemming3">
		<description>All New World of Lemmings (Europe)</description>
		<year>1995</year>
		<publisher>Psygnosis</publisher>
		<rom name="(sps625)allnewworldoflemmings_disk1.ipf" size="1049612" crc="69ac8834" sha1="38a09af93f3bcfa1babad8be7aa997c99f4c753c" />
		<rom name="(sps625)allnewworldoflemmings_disk2.ipf" size="1049612" crc="58a271a9" sha1="2e58aaa48a0b12f153a53c072248ddc78aaa2f46" />
		<rom name="(sps625)allnewworldoflemmings_disk3.ipf" size="1049612" crc="12d16df6" sha1="80ed83b38072b5f09868cc59101726fb5cb250d0" />
		<rom name="(sps625)allnewworldoflemmings_disk4.ipf" size="1049612" crc="9f54fb01" sha1="7b4e1b5fd850a0917d02e2b220c677291b691c0d" />
	</machine>
	<machine name="lionking">
		<description>The Lion King (Europe)</description>
		<year>1995</year>
		<publisher>Virgin Interactive</publisher>
		<rom name="(sps527)lionking,the_disk1of4.ipf" size="1049612" crc="8186c8ac" sha1="a275b7ba1f01d84ac60ff9f270a0b74e1d22b545" />
		<rom name="(sps527)lionking,the_disk2of4.ipf" size="1049612" crc="8d32ca9b" sha1="a66653a0c62d4e62338f36e89313dcd077f2d21b" />
		<rom name="(sps527)lionking,the_disk3of4.ipf" size="1049612" crc="90ac0869" sha1="e93e61bd72bcca5f3503467707e193dbc5cd6e99" />
		<rom name="(sps527)lionking,the_disk4of4.ipf" size="1049612" crc="0713e1e9" sha1="26b41bbd2038696951b4484bebbecf07a4ad5bb3" />
	</machine>
	<machine name="lrealm_a">
		<description>Lords of the Realm (Europe)</description>
		<year>1994</year>
		<publisher>Impressions</publisher>
		<rom name="(sps2445)lordsoftherealm_disk1of4.ipf" size="1049180" crc="1601440d" sha1="f66da52315942ef3a101aa25a133219fdc7a7263" />
		<rom name="(sps2445)lordsoftherealm_disk2of4.ipf" size="1049180" crc="09877ea2" sha1="1bc6000c5515e8a531cd3ecd673ef9fa42ce77c7" />
		<rom name="(sps2445)lordsoftherealm_disk3of4.ipf" size="1049180" crc="8a643da3" sha1="22e251597d15c0d317746830478db8ea37b786c0" />
		<rom name="(sps2445)lordsoftherealm_disk4of4.ipf" size="1049180" crc="18aca14c" sha1="ce6ff7491cca403de2190067e808809d763e0b0b" />
	</machine>
	<machine name="mansel_a">
		<description>Nigel Mansell's World Championship (Europe, AGA)</description>
		<year>1992</year>
		<publisher>Gremlin Graphics</publisher>
		<rom name="(sps138)nigelmansellworldchampionshipa1200_disktwo.ipf" size="1049180" crc="d5e7241a" sha1="f02f58385d85444e881aae7084cd9fa2d5077649" />
		<rom name="(sps138)nigelmansellworldchampionshipa1200_gamedisk.ipf" size="1049180" crc="1c70a58d" sha1="8e1905c3f80307e4d741bf3856d6771a47b14561" />
	</machine>
	<machine name="marvin">
		<description>Marvin's Marvellous Adventure (Europe)</description>
		<year>1994</year>
		<publisher>21st Century Entertainment</publisher>
		<rom name="(sps1152)marvinsmarvellousadventure_disk1.ipf" size="1049180" crc="41e8f9a7" sha1="cb353995f545fa47046644629a0d204eb10f69ff" />
		<rom name="(sps1152)marvinsmarvellousadventure_disk2.ipf" size="1049180" crc="cc5d333a" sha1="43cc7912329304c5fbb0bdf3b0387e2b75967a0e" />
		<rom name="(sps1152)marvinsmarvellousadventure_disk3.ipf" size="1049180" crc="344cbf4a" sha1="7ebe6fe806abd72f76b311c9ae8f47d730f2bc96" />
		<rom name="(sps1152)marvinsmarvellousadventure_disk4.ipf" size="1049180" crc="6ba4c0f7" sha1="96051f823702281e61c03767a62c063317c440e5" />
	</machine>
	<machine name="morph_a">
		<description>Morph (Europe, AGA)</description>
		<year>1993</year>
		<publisher>Millennium</publisher>
		<rom name="(sps1070)morph_disk1-install.ipf" size="1049612" crc="9d68eb6d" sha1="9d77e2576839195d20b8415e970815f8bced79be" />
		<rom name="(sps1070)morph_disk2.ipf" size="1049612" crc="6866881e" sha1="b6dec1cbcb4a3ac1c808ba968fd27898b842dce2" />
	</machine>
	<machine name="naugt1_a">
		<description>Naughty Ones (Europe, AGA)</description>
		<year>1994</year>
		<publisher>Interactivision</publisher>
		<rom name="(sps1715)naughtyones.ipf" size="1049612" crc="a262b416" sha1="4b98febe1395b1e00646aa61a04d7d187c0543fe" />
	</machine>
	<machine name="oscar_a">
		<description>Oscar (Europe, AGA, Desktop Dynamite)</description>
		<year>1993</year>
		<publisher>Flair Software</publisher>
		<rom name="(sps1095)oscar_1of3.ipf" size="1049612" crc="8457c872" sha1="b953a96fc37d5dc62c4e6f3f3f2c7095cf566475" />
		<rom name="(sps1095)oscar_2of3.ipf" size="1049612" crc="3b92a754" sha1="8c1c29d87c1e2c106194c46adaeb2605cf38cb3b" />
		<rom name="(sps1095)oscar_3of3.ipf" size="1049612" crc="5779d511" sha1="11ee66b32b780b44b0a7aa488ba51aec4094d7a6" />
	</machine>
	<machine name="otball_a">
		<description>On The Ball League Edition (Europe, AGA)</description>
		<year>1994</year>
		<publisher>Sports</publisher>
		<rom name="(sps2110)ontheballleagueedition_disk1von4.ipf" size="1049612" crc="3ac7a8a8" sha1="2de69b9411698175a679c8b147e79420d52c3578" />
		<rom name="(sps2110)ontheballleagueedition_disk2von4.ipf" size="1049612" crc="b294fe36" sha1="641ddfda8bb0c54899e8001b362cd1006d85e9cf" />
		<rom name="(sps2110)ontheballleagueedition_disk3von4.ipf" size="1049612" crc="927ce0e3" sha1="663c701c302af562fbc82d174e47042922e0dc65" />
		<rom name="(sps2110)ontheballleagueedition_disk4von4.ipf" size="1049612" crc="ebd2d279" sha1="3cfc89d772d347b6a2c4e87cc01c370831759e33" />
	</machine>
	<machine name="otbalw_a">
		<description>On The Ball World Cup Edition (Europe, AGA)</description>
		<year>1994</year>
		<publisher>Sports</publisher>
		<rom name="(sps2595)ontheballworldcupedition_1.ipf" size="1049612" crc="83096f5c" sha1="83a526908b0c5bbdf03ec4e81f103366b3330a1f" />
		<rom name="(sps2595)ontheballworldcupedition_2.ipf" size="1049612" crc="3f6f2d17" sha1="eb7f88cc5c4f80d472e678c0f2ad5aa8de6e380f" />
		<rom name="(sps2595)ontheballworldcupedition_3.ipf" size="1049612" crc="ca7bc10f" sha1="1c357325cb0fe2e4b0b611cf81c0f86962fd0ef6" />
		<rom name="(sps2595)ontheballworldcupedition_4.ipf" size="1049612" crc="8b2f7db7" sha1="6cb14cc9206fe2630b329f588a51661a62f8834f" />
		<rom name="(sps2595)ontheballworldcupedition_5.ipf" size="1049612" crc="a2d0729e" sha1="9a3f5acd1e725b9b5d7c0c876cf592ec0d268e5d" />
	</machine>
	<machine name="outlunch">
		<description>Pierre le Chef is... Out to Lunch (Europe)</description>
		<year>1994</year>
		<publisher>Mindscape</publisher>
		<rom name="(sps548)outtolunch_diska.ipf" size="620180" crc="5de877f4" sha1="be0643d53babd6a3730dc44ba3a549a725582895" />
		<rom name="(sps548)outtolunch_diskb.ipf" size="965412" crc="d646fde3" sha1="d9a8a7395975083d33a4dfd053ef77777ee7048e" />
	</machine>
	<machine name="overkill">
		<description>Overkill (Europe)</description>
		<year>1993</year>
		<publisher>Mindscape</publisher>
		<rom name="(sps707)overkill_disk1.ipf" size="1049612" crc="84983d19" sha1="da20b53117c60e1e15526cf8737b6abf0b9892e7" />
		<rom name="(sps707)overkill_disk2.ipf" size="1049612" crc="7187ffc1" sha1="69da43fcf06d82b4d7a3f086935e841ea906ca2a" />
	</machine>
	<machine name="pbfant_a">
		<description>Pinball Fantasies (Europe, AGA)</description>
		<year>1993</year>
		<publisher>21st Century Entertainment</publisher>
		<rom name="pbfant_c1\pinball fantasies (1993)(21st century)(aga)(disk 1 of 4)[cr pdy].adf" size="901120" crc="708fc612" sha1="99e24713096bcfc90281e8c0ae4d57c395e66069" />
		<rom name="pbfant_c1\pinball fantasies (1993)(21st century)(aga)(disk 2 of 4).adf" size="901120" crc="eced3e6c" sha1="2f4669459021e0e756975061bf38d55982975281" />
		<rom name="pbfant_c1\pinball fantasies (1993)(21st century)(aga)(disk 3 of 4).adf" size="901120" crc="ff04b00c" sha1="ad12df201dea97987d0455e24fac0459e648da1a" />
		<rom name="pbfant_c1\pinball fantasies (1993)(21st century)(aga)(disk 4 of 4).adf" size="901120" crc="912a609f" sha1="0e6818ceabd9e362a9b15bac9a551d4a017fd536" />
		<rom name="pbfantu_a\(sps2025)pinballfantasies_pf1.ipf" size="1049612" crc="cd554f84" sha1="232440a7a92854a011557b722d9715d8f256f97b" />
		<rom name="pbfantu_a\(sps2025)pinballfantasies_pf2.ipf" size="1049612" crc="a676fc1b" sha1="7a337f1ce90eb42783d74159552e7226461858c7" />
		<rom name="pbfantu_a\(sps2025)pinballfantasies_pf3.ipf" size="1049612" crc="3c2e31fb" sha1="3a4ba2ee0c01246fbab938aa4ecc790cfbdc69f9" />
		<rom name="pbfantu_a\(sps2025)pinballfantasies_pf4.ipf" size="1049612" crc="4f4bfe3a" sha1="3b320636e0e884b8b8f6800e8ac46f95ec6a28aa" />
		<rom name="(sps47)pinballfantasiesaga_pf1.ipf" size="1049612" crc="60e23065" sha1="0d401004a02c6e8af2532b0180ce42a3725c69ce" />
		<rom name="(sps47)pinballfantasiesaga_pf2.ipf" size="1049612" crc="64e3b549" sha1="44d59c0660170eba8dee54d710cfec1f598a7a90" />
		<rom name="(sps47)pinballfantasiesaga_pf3.ipf" size="1049612" crc="2a0d1c66" sha1="df95ae4ed9bda2d0563958c26fc23fdd5fe6f3d7" />
		<rom name="(sps47)pinballfantasiesaga_pf4.ipf" size="1049612" crc="e5ab9484" sha1="83151b5738844bdc668c80b20dd2d742668063fb" />
	</machine>
	<machine name="pbillusn">
		<description>Pinball Illusions (Europe)</description>
		<year>1995</year>
		<publisher>21st Century Entertainment</publisher>
		<rom name="(sps710)pinballillusions_disk1.ipf" size="1049612" crc="0cf8949b" sha1="8970859b71aefdb13d47c9b16b279f52405dae4c" />
		<rom name="(sps710)pinballillusions_disk2.ipf" size="1049612" crc="93ce1135" sha1="5dad662b278a45e4720043407bbf22c0a9932df5" />
		<rom name="(sps710)pinballillusions_disk3.ipf" size="1049612" crc="282ea51d" sha1="39f78c077ee27f213ff3f07a991ba165212d780f" />
		<rom name="(sps710)pinballillusions_disk4.ipf" size="1049612" crc="e551bc40" sha1="05757f0e6289385df204c2ced4fb0348aa4b39ee" />
	</machine>
	<machine name="pbmania">
		<description>Pinball Mania (Europe)</description>
		<year>1995</year>
		<publisher>21st Century</publisher>
		<rom name="pbmania1\(sps804)pinballmania_disk1of3.ipf" size="1049612" crc="3be5e233" sha1="4fcc2d907d0bb15956fe83a56f99112a1c2af569" />
		<rom name="pbmania1\(sps804)pinballmania_disk2of3.ipf" size="1049612" crc="fc49661b" sha1="9788580bee9cb68ff0c019aa10e4828ee2b53393" />
		<rom name="pbmania1\(sps804)pinballmania_disk3of3.ipf" size="1049612" crc="9b0d8ebe" sha1="17d5239b7b628dd3edc82c6f9edd0b1007085ee1" />
		<rom name="(sps896)pinballmania_disk1.ipf" size="1050140" crc="88be1917" sha1="6decd13d22f20851c69a3441352d76279e4c1aa0" />
		<rom name="(sps896)pinballmania_disk2.ipf" size="1049180" crc="02185897" sha1="4dc723e2a603bc1e743c5f470ee531afa283110b" />
		<rom name="(sps896)pinballmania_disk3.ipf" size="1049180" crc="4159a948" sha1="61b9d8f3e4a48b0e4cb484aa8aa44fd027035fb8" />
	</machine>
	<machine name="pbprel_a">
		<description>Pinball Prelude (Europe, AGA)</description>
		<year>1996</year>
		<publisher>Effigy Software</publisher>
		<rom name="(sps2327)pinballprelude_disc1(past).ipf" size="1019114" crc="0e587922" sha1="27a47d38f54a183803cb09e32f88e1fe81f41bdd" />
		<rom name="(sps2327)pinballprelude_disc2(present).ipf" size="974496" crc="5937bce7" sha1="5b028855de2b2680ffcdf910ced42a730b6abb34" />
		<rom name="(sps2327)pinballprelude_disc3(future).ipf" size="1038236" crc="82169fac" sha1="e8b2e7b3676085200e37ee4d17ad4c950b4d5742" />
		<rom name="(sps2327)pinballprelude_disc4(install).ipf" size="1049612" crc="1d7cad60" sha1="2a98ab0af183ecb19405cca07009456e75568ad7" />
	</machine>
	<machine name="pgaeur_a">
		<description>PGA European Tour (Europe, AGA)</description>
		<year>1994</year>
		<publisher>Ocean</publisher>
		<rom name="(sps2435)pgaeuropeantour_disk1.ipf" size="1049612" crc="7bb16951" sha1="f2b725fa60e1bef8868d249b7f340d5f7c7d809f" />
		<rom name="(sps2435)pgaeuropeantour_disk2.ipf" size="1049304" crc="9416e2c8" sha1="07fb3de8ebf7a88bf7f192b5e0ac27a64fbf93c0" />
	</machine>
	<machine name="pmang3_a">
		<description>Premier Manager 3 (Europe, AGA)</description>
		<year>1994</year>
		<publisher>Gremlin Graphics</publisher>
		<rom name="(sps2021)premiermanager3_disk1.ipf" size="1049612" crc="b21b379d" sha1="14bffc9abc01aeb09b70e9bcbfe84997322c65f2" />
		<rom name="(sps2021)premiermanager3_disk2.ipf" size="1049612" crc="7910f4b8" sha1="9305e8fe8c44226458d51f6790a8fc5d4a09e77a" />
		<rom name="(sps2021)premiermanager3_disk3.ipf" size="1049612" crc="1edcd05a" sha1="5e40df9adf5e562f17efbb9756333569e3112772" />
	</machine>
	<machine name="reuni_a">
		<description>Reunion (Europe, AGA)</description>
		<year>1994</year>
		<publisher>Grandslam</publisher>
		<rom name="(sps568)reunion_disk1.ipf" size="1049612" crc="ef03de9b" sha1="714a9b5b0bd6a1f6984266bc107e9c8b4dc4eda8" />
		<rom name="(sps568)reunion_disk2.ipf" size="1049612" crc="431a5c8c" sha1="51292a718c0e691ed774e3cd8246cf748aacb807" />
		<rom name="(sps568)reunion_disk3.ipf" size="1049612" crc="392b1835" sha1="fa485e45e99f9c5632415245585f3e2d50af15c9" />
		<rom name="(sps568)reunion_disk4.ipf" size="1049612" crc="9cd0a2df" sha1="8b95b9ea5d8925c67ae254a5d78fdc0f63b072b1" />
		<rom name="(sps568)reunion_disk5.ipf" size="1049612" crc="392b845a" sha1="56527c9b8076e621ae6b2f115298d482e21fc4af" />
		<rom name="(sps568)reunion_disk6.ipf" size="1049612" crc="e9105789" sha1="aac0c2b05389e2a0124a5c5e5327e974a8fe87ad" />
		<rom name="(sps568)reunion_disk7.ipf" size="1049612" crc="02b73341" sha1="7e66ef2b764c52b1d36b536e36566748011310f0" />
		<rom name="(sps568)reunion_disk8.ipf" size="1049612" crc="29480536" sha1="f2362eb3459a300a6c4c3aa02be69bb2a5242166" />
		<rom name="(sps568)reunion_maindisk.ipf" size="1049612" crc="773c1060" sha1="7d9ee670162e2600be3aba4b54df80d937924067" />
	</machine>
	<machine name="riserab2">
		<description>Rise of the Rabbits 2</description>
		<year>1998</year>
		<publisher>Pink Pig Software</publisher>
		<rom name="rise of the rabbits 2 (1998)(pink pig software)(aga).adf" size="901120" crc="90a354b2" sha1="2f016d40446c66d47df6378a48c598d18fa80599" />
	</machine>
	<machine name="riserabt">
		<description>Rise of the Rabbits</description>
		<year>1997</year>
		<publisher>Pink Pig Software</publisher>
		<rom name="rise of the rabbits (1997)(pink pig software)(aga).adf" size="901120" crc="402af28d" sha1="cf939d55dcdf2d01bcea8624902be5aa9df70b46" />
	</machine>
	<machine name="roadkill">
		<description>Roadkill (Europe)</description>
		<year>1994</year>
		<publisher>Acid</publisher>
		<rom name="(sps1108)roadkill_disk1.ipf" size="1049180" crc="a1aafeb5" sha1="92e0777bfda3a7fe9cfe0b14d58a5dee97df0df8" />
		<rom name="(sps1108)roadkill_disk2.ipf" size="1049180" crc="8677d332" sha1="f1641669db52a44883a7f45698f2ade0fcb0a1e1" />
		<rom name="(sps1108)roadkill_disk3.ipf" size="1049180" crc="967db707" sha1="f0193e771ba7fab886c2b8f28b4088a4edf49bdb" />
	</machine>
	<machine name="robins_a">
		<description>Robinson's Requiem (Europe, AGA, 19940824)</description>
		<year>1994</year>
		<publisher>Silmarils</publisher>
		<rom name="(sps1866)robinsonsrequiem_diska.ipf" size="1049612" crc="997c887a" sha1="a344bc8aca68295e63bf54a493bcbeb035ccce95" />
		<rom name="(sps1866)robinsonsrequiem_diskb.ipf" size="1049612" crc="799ecff7" sha1="8b3b263171beca45c906856ed055967e1797fbb1" />
		<rom name="(sps1866)robinsonsrequiem_diskc.ipf" size="1049612" crc="3ccc9fa3" sha1="62910d86e3152f716f450001cb539a466f23d5db" />
		<rom name="(sps1866)robinsonsrequiem_diskd.ipf" size="1049612" crc="b2424019" sha1="a9be5efbcc3d844fd58406012d0f4dd0e4b32ada" />
		<rom name="(sps1866)robinsonsrequiem_diske.ipf" size="1049612" crc="79c47563" sha1="47b7e508d900f4ecbedf59ab4f218435d8603e70" />
		<rom name="(sps1866)robinsonsrequiem_diskf.ipf" size="1049612" crc="92403a86" sha1="ea88c510fdeb73ab88d48c373b747215592a8093" />
		<rom name="(sps1866)robinsonsrequiem_diskg.ipf" size="1049612" crc="82eecdbd" sha1="14ca84eab000a5698db2efd06735b7acb15ce402" />
	</machine>
	<machine name="rotr_a">
		<description>Rise of the Robots (Europe, AGA)</description>
		<year>1994</year>
		<publisher>Mirage</publisher>
		<rom name="(sps1763)riseoftherobots_dsk1.ipf" size="1039595" crc="17c4a99a" sha1="c175fa600da2a3665619d5f0c75b6aa74724eab1" />
		<rom name="(sps1763)riseoftherobots_dsk2.ipf" size="1039532" crc="ab060b35" sha1="4d3d8ef6680b73bb2ad093211a35ca8d27c1bfa4" />
		<rom name="(sps1763)riseoftherobots_dsk3.ipf" size="1039532" crc="9dfa81cb" sha1="02a8ca546499eb0e65b5bf2479f9264c87fccb22" />
		<rom name="(sps1763)riseoftherobots_dsk4.ipf" size="1039532" crc="2a828e80" sha1="a03f8bd9757fbaff9ee3c484e98d0408caa9b538" />
		<rom name="(sps1763)riseoftherobots_dsk5.ipf" size="1039532" crc="10d7552f" sha1="181215c2e53f46ee4439b463fd426f8326545c0d" />
		<rom name="(sps1763)riseoftherobots_dsk6.ipf" size="1039532" crc="88f4140d" sha1="b4c192f228d2b146bfb30921edcfb5623fd618b7" />
		<rom name="(sps1763)riseoftherobots_dsk7.ipf" size="1039532" crc="e80ea131" sha1="6d353b1b5805a72df88eaa5090023349870da8c2" />
		<rom name="(sps1763)riseoftherobots_dska.ipf" size="1039595" crc="e3bbde9b" sha1="63e93a7a913cd71e7881717a37a9ca7246b6cddd" />
		<rom name="(sps1763)riseoftherobots_dskb.ipf" size="1039532" crc="bb89b78f" sha1="c32865a89412f6b7e8280b11926795a7575b8085" />
		<rom name="(sps1763)riseoftherobots_dskc.ipf" size="1039532" crc="f2dccfe6" sha1="b9982aab99941736343a5714f2d21e5710f5dfbe" />
		<rom name="(sps1763)riseoftherobots_dskd.ipf" size="1039532" crc="20e50520" sha1="75c0bdf01a6d8cbda0339df7d4824d17e71871cd" />
		<rom name="(sps1763)riseoftherobots_dske.ipf" size="1039532" crc="54e370b9" sha1="9a4cb61574f4b692280ef1a391ce4b54870b81a7" />
		<rom name="(sps1763)riseoftherobots_install.ipf" size="1049612" crc="040fe136" sha1="98da0ec6247b8c413298f38913682bdbfcdc739c" />
	</machine>
	<machine name="russel_a">
		<description>Rüsselsheim (Europe, AGA)</description>
		<year>1994</year>
		<publisher>Impressions</publisher>
		<rom name="(sps2215)russelsheim_disk1.ipf" size="1049180" crc="24b0adc9" sha1="89e04556c5298a9c9d03f0f81a1b78218a19a550" />
		<rom name="(sps2215)russelsheim_disk2.ipf" size="1049180" crc="cfc3bea9" sha1="2e7959f0a2dd1f59af5537113802e564bc6b7d84" />
	</machine>
	<machine name="rydercup">
		<description>Ryder Cup - Johnnie Walker (Europe)</description>
		<year>1994</year>
		<publisher>Ocean</publisher>
		<rom name="(sps1617)rydercup-johnniewalker_disk1.ipf" size="1049304" crc="82dda907" sha1="624b85cd600e327c2f7ed58b423b7d20eb940c87" />
		<rom name="(sps1617)rydercup-johnniewalker_disk2.ipf" size="1049612" crc="61f2f87b" sha1="1ac174bbc0e2c4091c40dcbafd557d654afb1bb5" />
		<rom name="(sps1617)rydercup-johnniewalker_disk3.ipf" size="1049612" crc="679e20a6" sha1="274f2cb80e4059c4dc267d39bda8acb50c6d7c62" />
	</machine>
	<machine name="sabret_a">
		<description>Sabre Team (Europe, AGA)</description>
		<year>1994</year>
		<publisher>Krisalis</publisher>
		<rom name="(sps1158)sabreteam_disk1.ipf" size="1049612" crc="c2978a0e" sha1="1cc9bd23ef8d0c9d36d679c83a6fc1b31c0f22f6" />
		<rom name="(sps1158)sabreteam_disk2.ipf" size="1049612" crc="82ca9838" sha1="adaf70072f30c4800e801ceb3373036fe3666525" />
		<rom name="(sps1158)sabreteam_disk3.ipf" size="1049612" crc="f0c273ff" sha1="2c2c56dab224ce0e62fbe26a1e730b023a55d6b8" />
		<rom name="(sps1158)sabreteam_disk4.ipf" size="1049612" crc="bb243a80" sha1="aad35f7791e6884f9c0c043bccd6db9fc8a2e254" />
		<rom name="(sps1158)sabreteam_disk5.ipf" size="1049612" crc="1ae5d165" sha1="9f2217523460503faf89619dc17231593d13ebbf" />
	</machine>
	<machine name="secnds_a">
		<description>Second Samurai (Europe, AGA)</description>
		<year>1994</year>
		<publisher>Psygnosis</publisher>
		<rom name="(sps1624)secondsamurai_disk1of3.ipf" size="1049612" crc="9e3990f4" sha1="941783a794a1e2b5215da13be07a2d897767b02e" />
		<rom name="(sps1624)secondsamurai_disk2of3.ipf" size="1049612" crc="75345556" sha1="a99af08aea928351f644c4cab78a93efdc5ad775" />
		<rom name="(sps1624)secondsamurai_disk3of3.ipf" size="1049612" crc="003c0d1b" sha1="b02d3e24280c62ac7c0d2c671e0b2a3f57f9972d" />
	</machine>
	<machine name="shadfg_a">
		<description>Shadow Fighter (Europe, AGA)</description>
		<year>1995</year>
		<publisher>Gremlin Graphics</publisher>
		<rom name="(sps203)shadowfighter_1.ipf" size="1049180" crc="7ed04f39" sha1="6c3855fb60c06abb3dcfb9fc0f777905659e8103" />
		<rom name="(sps203)shadowfighter_2.ipf" size="1049180" crc="3828a13a" sha1="84b6a75ed516e7501201aca01e00b98273dc9f61" />
		<rom name="(sps203)shadowfighter_3.ipf" size="1049180" crc="f7f3f7b5" sha1="9f36fec569f38eb310b0082e4145ef808877d12e" />
		<rom name="(sps203)shadowfighter_4.ipf" size="1049180" crc="fc2c819a" sha1="9fd92721e33a923016d909b20966f81aa6070889" />
	</machine>
	<machine name="shaqfu">
		<description>Shaq Fu (Europe)</description>
		<year>1995</year>
		<publisher>Ocean</publisher>
		<rom name="(sps1761)shaq-fu_1-disknoone.ipf" size="1049612" crc="c7d489b7" sha1="0fb724349ac974563642cc6757b7957307f07703" />
		<rom name="(sps1761)shaq-fu_2-disknotwo.ipf" size="1049304" crc="5ee403c8" sha1="54722c1a4997c3dc9c7a2d6e88db0460abf19b4f" />
		<rom name="(sps1761)shaq-fu_3-disknothree.ipf" size="1049612" crc="8a828ce1" sha1="663633c4263d85d49c1c364f73102ef0faefc63b" />
		<rom name="(sps1761)shaq-fu_4-disknofour.ipf" size="1049612" crc="fb94a731" sha1="8a80cbfe29f7e4efcff469ca2944213d17e006c9" />
		<rom name="(sps1761)shaq-fu_5-disknofive.ipf" size="1049612" crc="a897835f" sha1="a8db812bdbc9d2c9cf2cf6499e2b0acbed26efc5" />
		<rom name="(sps1761)shaq-fu_6-disknosix.ipf" size="1049612" crc="ecddca1c" sha1="ab56c81a26fc4a861d5adf1418ae6c1fa2cc3a4d" />
	</machine>
	<machine name="simcit2k">
		<description>Sim City 2000 (Europe)</description>
		<year>1994</year>
		<publisher>Maxis</publisher>
		<rom name="simcit2kg\(sps575)simcity2000_diskette1.ipf" size="1049612" crc="ae6d1d01" sha1="50bef1004ad153132d3d8f9b6d6b80ea03bc598c" />
		<rom name="simcit2kg\(sps575)simcity2000_diskette2.ipf" size="1049612" crc="c91a8181" sha1="d9d7b84ee647db8b68411fe88acd9526ce18d125" />
		<rom name="simcit2kg\(sps575)simcity2000_diskette3.ipf" size="1049612" crc="ddb81c85" sha1="19aee80a4b882d1adde9f062bc512458302a299f" />
		<rom name="(sps890)simcity2000_disk1.ipf" size="1049180" crc="c489d923" sha1="a056e0547e39112b9fb41c739c91f131cd66eaec" />
		<rom name="(sps890)simcity2000_disk2.ipf" size="1049180" crc="54335a97" sha1="862cd9089ef6df5e06bf3a59ac59af59fce6df01" />
		<rom name="(sps890)simcity2000_disk3.ipf" size="1049180" crc="437f2cb9" sha1="1dce1a729faf960d17cb00cf78db1d5e27fb85fa" />
	</machine>
	<machine name="simlif_a">
		<description>Sim Life (Europe, v1.00 19930620, AGA)</description>
		<year>1993</year>
		<publisher>Mindscape</publisher>
		<rom name="simliff_a\(sps2380)simlife_disk1.ipf" size="1049612" crc="41460de3" sha1="63b0b66a1d4c938151034d4f6391137f7e1711e7" />
		<rom name="simliff_a\(sps2380)simlife_disk2.ipf" size="1049612" crc="33066a9c" sha1="cd74eb5d058c676c8d52a1d7b76bf5b17a1e969e" />
		<rom name="simliff_a\(sps2380)simlife_disk3.ipf" size="1049612" crc="b70cb199" sha1="a25e08f0915f003ea629805830a370f5a1978696" />
		<rom name="simliff_a\(sps2380)simlife_disk4.ipf" size="1049612" crc="d702d189" sha1="bed5c1dd2fb7fa92524df53b1ba25e67157e4309" />
		<rom name="simlifg_a\(sps2587)simlife_diskette1von4.ipf" size="1049612" crc="ef0d0d62" sha1="5ae0ea7d94ccdbe3f0d01cf7977ee3dd2a9d3f41" />
		<rom name="simlifg_a\(sps2587)simlife_diskette2von4.ipf" size="1049612" crc="a0d77f58" sha1="69c0f66670998d2321cafd3424e6ec03769bc9a7" />
		<rom name="simlifg_a\(sps2587)simlife_diskette3von4.ipf" size="1049612" crc="a17446ae" sha1="3bd931fc22a424be34362619e04d1bc7ba17156c" />
		<rom name="simlifg_a\(sps2587)simlife_diskette4von4.ipf" size="1049612" crc="3d68cdf9" sha1="b5f56c9ffd9f52f1cf468eab0a6e38cb151d8ead" />
		<rom name="(sps889)simlife_disk1of4.ipf" size="1049180" crc="b3ae6bfd" sha1="d33c8b122c961194a269faf44f9f698e3faa268e" />
		<rom name="(sps889)simlife_disk2of4.ipf" size="1049180" crc="f2d9b498" sha1="3b3cef2f80014d2932555a7e9dfd7b929f8ea023" />
		<rom name="(sps889)simlife_disk3of4.ipf" size="1049180" crc="cd9ca0ef" sha1="e3ba2ea266a4318be4bfafe9981b6e83e73e6514" />
		<rom name="(sps889)simlife_disk4of4.ipf" size="1049180" crc="6026f865" sha1="3660cfe23f49d9c6176d651131fb04b3d71f43dd" />
	</machine>
	<machine name="simons_a">
		<description>Simon the Sorcerer (Europe, AGA)</description>
		<year>1994</year>
		<publisher>Adventure Soft</publisher>
		<rom name="simonsf_a\(sps2692)simonthesorcerer_disk1.ipf" size="1049180" crc="213d23c8" sha1="9213fd6b4951535a228f6a62b4945f9c765d6bf4" />
		<rom name="simonsf_a\(sps2692)simonthesorcerer_disk2.ipf" size="1049180" crc="359cb099" sha1="f34cf3ead5a194fe8bcdaaaed5514fe57ce87843" />
		<rom name="simonsf_a\(sps2692)simonthesorcerer_disk3.ipf" size="1049180" crc="37762fbe" sha1="3de3bfda325a04d44868d8c6f471935ab590ff2b" />
		<rom name="simonsf_a\(sps2692)simonthesorcerer_disk4.ipf" size="1049180" crc="3b26405d" sha1="c59cce4180696860654bb1eed7f26d91a26a6075" />
		<rom name="simonsf_a\(sps2692)simonthesorcerer_disk5.ipf" size="1049180" crc="56c67056" sha1="a9f2f76da040c9dcc5e2692cb3c6b32ab25adf5e" />
		<rom name="simonsf_a\(sps2692)simonthesorcerer_disk6.ipf" size="1049180" crc="2ac0f4ff" sha1="e0ad16d5a353dcfc7542ff27d0e9eddc03ccaf04" />
		<rom name="simonsf_a\(sps2692)simonthesorcerer_disk7.ipf" size="1049180" crc="db12e4bd" sha1="2ef371d4d27204a67f0ed9da39f6a974d4ab3d44" />
		<rom name="simonsf_a\(sps2692)simonthesorcerer_disk8.ipf" size="1049180" crc="48d74f96" sha1="c9ed7c6c345584d3b7e4005d3e8b04174db89978" />
		<rom name="simonsf_a\(sps2692)simonthesorcerer_disk9.ipf" size="1049180" crc="9875f16e" sha1="dcc3e3b6ac56f28275bcd6ee4000817e12b0387a" />
		<rom name="simonsg_a\(sps726)simonthesorcerer_diskno1.ipf" size="1049612" crc="fb0d1c70" sha1="20cddd8c22ab423b2a8f9b42ce83377800fc8521" />
		<rom name="simonsg_a\(sps726)simonthesorcerer_diskno2.ipf" size="1049612" crc="4a783d59" sha1="0a953d5c223b2d05617ba2a1c780ceae441a41c1" />
		<rom name="simonsg_a\(sps726)simonthesorcerer_diskno3.ipf" size="1049612" crc="0f07c073" sha1="1b331836b1e1c3f3b2b2ddd77ba15ae98c677318" />
		<rom name="simonsg_a\(sps726)simonthesorcerer_diskno4.ipf" size="1049612" crc="1c0d91f5" sha1="22c1884ca258ea974460581676435160d9b31fbd" />
		<rom name="simonsg_a\(sps726)simonthesorcerer_diskno5.ipf" size="1049612" crc="f7e02eaa" sha1="1e5221f28647488682861bdd370d4fb1fe272d9b" />
		<rom name="simonsg_a\(sps726)simonthesorcerer_diskno6.ipf" size="1049612" crc="0954c270" sha1="9eabb88504316bfb3b075b96e64f18d106906b9d" />
		<rom name="simonsg_a\(sps726)simonthesorcerer_diskno7.ipf" size="1049612" crc="79654d90" sha1="b5eae6601b04abba176ced51cc0f02de4b4d5620" />
		<rom name="simonsg_a\(sps726)simonthesorcerer_diskno8.ipf" size="1049612" crc="2e50f0cd" sha1="3e58f10d1f9213eb3dd197cb9ab70f7da59bda50" />
		<rom name="simonsg_a\(sps726)simonthesorcerer_diskno9.ipf" size="1049612" crc="0a671083" sha1="f42514a07dff65f7613601862d1653dfd49d51c3" />
		<rom name="(sps898)simonthesorcerer_diskno1.ipf" size="1049180" crc="34a671cc" sha1="f84858f2cee002c59de7e164cc17941830832705" />
		<rom name="(sps898)simonthesorcerer_diskno2.ipf" size="1049180" crc="60ad575f" sha1="6083f82d481756ba119b416bcb4c937ef93ba74c" />
		<rom name="(sps898)simonthesorcerer_diskno3.ipf" size="1049180" crc="6f3f19cc" sha1="59a67191c5b646bda590e4ece91f6943190371e1" />
		<rom name="(sps898)simonthesorcerer_diskno4.ipf" size="1049180" crc="69a991e1" sha1="24f8dce175a7666f95a6d9ff2fa60e39f237d201" />
		<rom name="(sps898)simonthesorcerer_diskno5.ipf" size="1049180" crc="74805ab4" sha1="7eef1d5ba330815a378a7824f4c3dd41f2be5308" />
		<rom name="(sps898)simonthesorcerer_diskno6.ipf" size="1049180" crc="7ff0a95d" sha1="cd21499cf1a7ffdd4214a96d91a6d5a83e1f72c8" />
		<rom name="(sps898)simonthesorcerer_diskno7.ipf" size="1049180" crc="240121ab" sha1="71ca30bc45e23eaaa5cf5e7903890a2a446562b3" />
		<rom name="(sps898)simonthesorcerer_diskno8.ipf" size="1049180" crc="5e6fe446" sha1="48a45a450fe7296a379ab6872c1c13635002f5b8" />
		<rom name="(sps898)simonthesorcerer_diskno9.ipf" size="1049180" crc="5d5a8192" sha1="b23e5e01416e7ca6123f0b5d64ac1d51d089005f" />
	</machine>
	<machine name="skelkrew">
		<description>Skeleton Krew (Europe, 19950112)</description>
		<year>1995</year>
		<publisher>Core Design</publisher>
		<rom name="(sps725)skeletonkrew_disk1.ipf" size="1049304" crc="7d2fd829" sha1="6f3c3c0a79e9bbe4d6db7f944f723fba4fa241ec" />
		<rom name="(sps725)skeletonkrew_disk2.ipf" size="1049304" crc="466b2825" sha1="0fa95cc03ac5d2ec0ac626eaeafac4b23547c8e2" />
		<rom name="(sps725)skeletonkrew_disk3.ipf" size="1049304" crc="7238e9e0" sha1="6af5fbefe465bb8846928375573f14eb4441f3d5" />
	</machine>
	<machine name="slamtilt">
		<description>Slam Tilt - The Pinball Game (Europe)</description>
		<year>1996</year>
		<publisher>21st Century</publisher>
		<rom name="(sps1151)slamtilt_disk1.ipf" size="1049180" crc="0cbbd8e6" sha1="314e0d03be64a4604ec95f125018b90546c5c1b5" />
		<rom name="(sps1151)slamtilt_disk2.ipf" size="1049180" crc="a3756d13" sha1="41b73424e7d216618dd1618d1e10f68a1fde1660" />
		<rom name="(sps1151)slamtilt_disk3.ipf" size="1049180" crc="253d99ae" sha1="d459b8c76d0d9410aab5f839f83041104b89de58" />
		<rom name="(sps1151)slamtilt_disk4.ipf" size="1049180" crc="dbe582cb" sha1="8497ab456f58ceb3b1da9343569a5588010324f6" />
		<rom name="(sps1151)slamtilt_disk5.ipf" size="1049180" crc="31cb978a" sha1="720a62f06ca336192c66a630549b5be28b4940e5" />
	</machine>
	<machine name="sleepw_a">
		<description>Sleepwalker (Europe, AGA)</description>
		<year>1993</year>
		<publisher>Ocean</publisher>
		<rom name="sleepw_acr\(sps1880)sleepwalker_disk1.ipf" size="1049304" crc="8d6e25b7" sha1="0d36e35aeae13a45fe262100fafa243ed7693baf" />
		<rom name="sleepw_acr\(sps1880)sleepwalker_disk2.ipf" size="1049612" crc="60ff7c51" sha1="7bc7990631c56940041f1c4b97285d3e4fc131de" />
		<rom name="sleepw_acr\(sps1880)sleepwalker_disk3.ipf" size="1049612" crc="a98a516a" sha1="9911658515dcafea5c9bad4c167e59d2f5706411" />
		<rom name="sleepw_acr\(sps1880)sleepwalker_disk4.ipf" size="1049612" crc="d47a8488" sha1="1ad5337c9d3dcca2b18189765098cccaaee5b78d" />
		<rom name="(sps577)sleepwalker_disk1.ipf" size="1049304" crc="32fd5c1d" sha1="9c413a849b2eda7a7ab12063377ee926980e8245" />
		<rom name="(sps577)sleepwalker_disk2.ipf" size="1049612" crc="c7d8908a" sha1="956df9c33a4aef9d4fd8e1318ca9f5d6b35e4ccf" />
		<rom name="(sps577)sleepwalker_disk3.ipf" size="1049612" crc="6f113eca" sha1="6338007522e34fee5337f00fe1a2b54803cca42d" />
		<rom name="(sps577)sleepwalker_disk4.ipf" size="1049612" crc="9e010f44" sha1="0d9937869cfbe5e5039ea198f91370f7b9ccbd53" />
	</machine>
	<machine name="slmang_a">
		<description>Super League Manager (Europe, AGA)</description>
		<year>1995</year>
		<publisher>Audiogenic</publisher>
		<rom name="(sps2363)superleaguemanager_disk1.ipf" size="1049612" crc="4a0cd4fa" sha1="41ad2eb101b697eb0e8330f31765ee3491c22764" />
		<rom name="(sps2363)superleaguemanager_disk2.ipf" size="1049612" crc="f1349c04" sha1="07e8266261b97d282dc5fa35ec394344bb12dd54" />
	</machine>
	<machine name="sockid_a">
		<description>Soccer Kid (Europe, AGA)</description>
		<year>1993</year>
		<publisher>Krisalis</publisher>
		<rom name="(sps1150)soccerkid_datadisk1.ipf" size="1049180" crc="0138b7cb" sha1="528ec5d79e02163a267b0580b574395734a3cc96" />
		<rom name="(sps1150)soccerkid_datadisk2.ipf" size="1049180" crc="8afe3817" sha1="15a384bc5d50fe7eb64f31e419cf2581992eb63f" />
		<rom name="(sps1150)soccerkid_datadisk3.ipf" size="1049180" crc="6d68be55" sha1="2e0566b7740c4dd5123934043f68824f1994c328" />
		<rom name="(sps1150)soccerkid_datadisk4.ipf" size="1049180" crc="51f0eacd" sha1="ba7ba69381fa83866b5aca6c431be8c074032f00" />
		<rom name="(sps1150)soccerkid_programdisk.ipf" size="1049180" crc="b7a5eb42" sha1="5b57848362e83d4daaaf14f9058ec5acf392dd5c" />
	</machine>
	<machine name="speris">
		<description>The Speris Legacy (Europe)</description>
		<year>1995</year>
		<publisher>Ocean</publisher>
		<rom name="(sps1337)sperislegacy,the_disk1.ipf" size="1049612" crc="6c1fcb56" sha1="f66359b1a4c0235e76f357e15bf07b143df87665" />
		<rom name="(sps1337)sperislegacy,the_disk2.ipf" size="1049612" crc="55589fba" sha1="21de8a5892e0b4f8817005aeb4d39e6c9a75e187" />
		<rom name="(sps1337)sperislegacy,the_disk3.ipf" size="1049612" crc="37e82e9d" sha1="5381680567f31fb7a331e8d31a0a1deae7e34381" />
		<rom name="(sps1337)sperislegacy,the_disk4.ipf" size="1049612" crc="0c649c62" sha1="fe12e0506e044c76bbf20e202a8bf5555e6b5280" />
	</machine>
	<machine name="ssf2t">
		<description>Super Street Fighter II Turbo (Europe)</description>
		<year>1996</year>
		<publisher>Gametek</publisher>
		<rom name="(sps735)superstreetfighteriiturbo_1of11.ipf" size="1049612" crc="fb8415f1" sha1="b3875c25b6ff956eb27c6b6c06b6bedd89535245" />
		<rom name="(sps735)superstreetfighteriiturbo_2of11.ipf" size="1049612" crc="257f36a7" sha1="ef01fcca85dd13cb0c0117361f855f8bd69abe8d" />
		<rom name="(sps735)superstreetfighteriiturbo_3of11.ipf" size="1049612" crc="cda795f6" sha1="117b183a459a584c37849d87d3e4210ca1e78e0b" />
		<rom name="(sps735)superstreetfighteriiturbo_4of11.ipf" size="1049612" crc="bdc81ef6" sha1="aad1f4f9f2a4a9c92144380c60eb475b8b17c17b" />
		<rom name="(sps735)superstreetfighteriiturbo_5of11.ipf" size="1049612" crc="32d20498" sha1="608cccd7bced0433844d6c7cf32f88fe2a7c9788" />
		<rom name="(sps735)superstreetfighteriiturbo_6of11.ipf" size="1049612" crc="33c48997" sha1="2455245104ece4984cff82f03ffe4aa97eb81bc7" />
		<rom name="(sps735)superstreetfighteriiturbo_7of11.ipf" size="1049612" crc="b0abdb8e" sha1="82818afd12f0973b85b5caa6c7d5e85c4f1daada" />
		<rom name="(sps735)superstreetfighteriiturbo_8of11.ipf" size="1049612" crc="05d86051" sha1="ae6836a3d3887dab8fb3ea2024b19fe4a918d53a" />
		<rom name="(sps735)superstreetfighteriiturbo_9of11.ipf" size="1049612" crc="a877de32" sha1="4585bf5e0a769e555403135376dcfa9fc3d5f2f9" />
		<rom name="(sps735)superstreetfighteriiturbo_10of11.ipf" size="1049612" crc="69dc6ea4" sha1="a8a00b24ed1026aa4aa3fb7e387db8209897eceb" />
		<rom name="(sps735)superstreetfighteriiturbo_11of11.ipf" size="1049612" crc="4b60528f" sha1="524093a2b1c8b3875b2a730857be293ac98691bf" />
	</machine>
	<machine name="starcr_a">
		<description>Star Crusader (Europe, AGA)</description>
		<year>1996</year>
		<publisher>Gametek</publisher>
		<rom name="(sps2349)starcrusader_disk1.ipf" size="1049612" crc="360ca980" sha1="6f3fd7d5eff9b06cc8bf33234f1e898a300f2058" />
		<rom name="(sps2349)starcrusader_disk2.ipf" size="1049612" crc="a8ed03d5" sha1="2cf7f59413e4dc668c42fb06cad622d9c466c548" />
		<rom name="(sps2349)starcrusader_disk3.ipf" size="1049612" crc="92fddbdc" sha1="0bc4a460e07c4bbf5c19d7612584ff4fbcf9af20" />
		<rom name="(sps2349)starcrusader_disk4.ipf" size="1049612" crc="fbadaebd" sha1="c623e568045f528ad8a6ad491bb9c82dca8a4f55" />
		<rom name="(sps2349)starcrusader_disk5.ipf" size="1049612" crc="9f135585" sha1="4db153fb7f136435f7ac8132a0fd601b0d8351ab" />
		<rom name="(sps2349)starcrusader_disk6.ipf" size="1049612" crc="436ab769" sha1="1892b86dc465e2d0423c9d4b308ece914a8c1ae5" />
		<rom name="(sps2349)starcrusader_disk7.ipf" size="1049612" crc="304f2b5e" sha1="f8df9d34db800ac9a6962e5c7f9a3d13b80971ee" />
		<rom name="(sps2349)starcrusader_disk8.ipf" size="1049612" crc="f49c01d6" sha1="14fe6afb32c41f21ad4b9b76ed87832e468252af" />
		<rom name="(sps2349)starcrusader_disk9.ipf" size="1049612" crc="dbbfa359" sha1="7a7ff467420e7b42dd2b722afa8d865cdfbf8b44" />
		<rom name="(sps2349)starcrusader_disk10.ipf" size="1049612" crc="3676856e" sha1="306bb6f4ed55848a6c880f2bcd48a72f38c0629e" />
	</machine>
	<machine name="stardust">
		<description>Super Stardust (Europe)</description>
		<year>1994</year>
		<publisher>Team 17</publisher>
		<rom name="(sps175)superstardust_aga_disk1of5.ipf" size="1060742" crc="26fcf7d6" sha1="d1ed1e5aeefd6ebdecec8ede571f719d4f069307" />
		<rom name="(sps175)superstardust_aga_disk2of5.ipf" size="1060742" crc="e3af192b" sha1="db6d84fa0b2dcc23bb59010c34689b463bad9ac5" />
		<rom name="(sps175)superstardust_aga_disk3of5.ipf" size="1060812" crc="29c4722f" sha1="99f584149bca8d53caa21107237ba054870c8b96" />
		<rom name="(sps175)superstardust_aga_disk4of5.ipf" size="1060812" crc="efe3e10b" sha1="9b4550e1a3ceac6cc64fe6f49f8f2cc55330e5b5" />
		<rom name="(sps175)superstardust_aga_disk5of5.ipf" size="1060812" crc="322ccf99" sha1="8227eaab00d07bfa223730e68990107dc973aab2" />
	</machine>
	<machine name="strek25">
		<description>Star Trek - 25th Anniversary (Europe)</description>
		<year>1993</year>
		<publisher>Interplay</publisher>
		<rom name="strek25f\(sps1752)startrek-25thanniversary_disk1.ipf" size="1049612" crc="5c1cee36" sha1="c7141aa0749dda04581c709c449b82af6272bfac" />
		<rom name="strek25f\(sps1752)startrek-25thanniversary_disk2.ipf" size="1049612" crc="3fc62d2d" sha1="59eeecda31f343ecfad5805bab99f4637cf14dee" />
		<rom name="strek25f\(sps1752)startrek-25thanniversary_disk3.ipf" size="1049612" crc="d863fcf5" sha1="8066b8c8d9a56cfd55cb6686cbbb1a14dc072341" />
		<rom name="strek25f\(sps1752)startrek-25thanniversary_disk4.ipf" size="1049612" crc="dab93e3c" sha1="353a32cc30e1929d7a160c691fa20c5e18e5509f" />
		<rom name="strek25f\(sps1752)startrek-25thanniversary_disk5.ipf" size="1049612" crc="8e0ec98f" sha1="8410254017e223b6ecd904fb991138db00db6a11" />
		<rom name="strek25f\(sps1752)startrek-25thanniversary_disk6.ipf" size="1049612" crc="5a3db611" sha1="946297018ed8c2801088889f3c72c50656402669" />
		<rom name="strek25f\(sps1752)startrek-25thanniversary_disk7.ipf" size="1049612" crc="ee788551" sha1="31de97c5631747acf699bce34aab187f88ef30fe" />
		<rom name="strek25f\(sps1752)startrek-25thanniversary_disk8.ipf" size="1049612" crc="f9e0e001" sha1="620e5d1835d5f5e7b2d11f07559690fbbaa65cb9" />
		<rom name="strek25g\(sps1687)startrek-25thanniversary_disc1.ipf" size="1049612" crc="9cbd5101" sha1="600a7b314c9b49f7964898bfe08f94f831ae6f00" />
		<rom name="strek25g\(sps1687)startrek-25thanniversary_disc2.ipf" size="1049612" crc="b14cbed4" sha1="dd58c7d19b72f97131418bcba935c8509c8d177c" />
		<rom name="strek25g\(sps1687)startrek-25thanniversary_disc3.ipf" size="1049612" crc="1e5ed6b2" sha1="580a8b3ae4e1a94a13d63ba83a886351f7179759" />
		<rom name="strek25g\(sps1687)startrek-25thanniversary_disc4.ipf" size="1049612" crc="1af581d6" sha1="45ca96dcd1a82a4041ff75bf410ebb3b3dd324a7" />
		<rom name="strek25g\(sps1687)startrek-25thanniversary_disc5.ipf" size="1049612" crc="b94b9d12" sha1="e8695ac0c593452b66550a9bd77ae657354b75b1" />
		<rom name="strek25g\(sps1687)startrek-25thanniversary_disc6.ipf" size="1049612" crc="9cf8f1d7" sha1="419fbba3ede9fc2244ce170a4b29ce9cbdc2581c" />
		<rom name="strek25g\(sps1687)startrek-25thanniversary_disc7.ipf" size="1049612" crc="ad3bb267" sha1="79c86b3b02b2d14193036acfe4abd4a1bea0e855" />
		<rom name="strek25g\(sps1687)startrek-25thanniversary_disc8.ipf" size="1049612" crc="d6de840f" sha1="76be9473f2744dc7d9c687537d9568a04b6a755f" />
		<rom name="(sps1466)startrek-25thanniversary_disk1.ipf" size="1049612" crc="9f094f93" sha1="1b661c5b99b1f7f851d364357b102356bad7fb8e" />
		<rom name="(sps1466)startrek-25thanniversary_disk2.ipf" size="1049612" crc="c6a6000a" sha1="d8391ddd6628dda611c27566af214bea133227f0" />
		<rom name="(sps1466)startrek-25thanniversary_disk3.ipf" size="1049612" crc="343496f4" sha1="d8b22d9c30f9386793c339e5e8c7f17336ba3519" />
		<rom name="(sps1466)startrek-25thanniversary_disk4.ipf" size="1049612" crc="a204d704" sha1="b27022255758eb43939814844c13d1dcea6332be" />
		<rom name="(sps1466)startrek-25thanniversary_disk5.ipf" size="1049612" crc="6b8864ae" sha1="fdb079f5e63d3475fd0d4e195fcb52577350c05a" />
		<rom name="(sps1466)startrek-25thanniversary_disk6.ipf" size="1049612" crc="c520afcb" sha1="2974f0d7591567b742fbff77c6b356a4ab015717" />
		<rom name="(sps1466)startrek-25thanniversary_disk7.ipf" size="1049612" crc="3f73e65a" sha1="5427ce5cffe705e0d1d1c0ddb297829b0720a4ff" />
		<rom name="(sps1466)startrek-25thanniversary_disk8.ipf" size="1049612" crc="7d5c83d7" sha1="66817f4cb8dd289ae9a20d9d9c04d77a203e4fa3" />
	</machine>
	<machine name="surfninj">
		<description>Surf Ninjas (Europe)</description>
		<year>1994</year>
		<publisher>MicroValue</publisher>
		<rom name="(sps1291)surfninjas_disk1.ipf" size="985148" crc="189ffe26" sha1="0a84382c3e0cd480ec5ffad26084222b61284f87" />
		<rom name="(sps1291)surfninjas_disk2.ipf" size="985148" crc="2b7b10c2" sha1="7d94a3add5ab4a865d696f3fc628be3bb88eaa14" />
	</machine>
	<machine name="swar2050">
		<description>Subwar 2050 (Europe)</description>
		<year>1995</year>
		<publisher>Microprose</publisher>
		<rom name="(sps146)subwar2050_disk1.ipf" size="1049180" crc="1a278d91" sha1="64805b2223fc3d6f4d8ccf1f881db20ee226f246" />
		<rom name="(sps146)subwar2050_disk2.ipf" size="1049180" crc="60465e2c" sha1="e4134b4876950a3ac91e96e5b756339d7a7a51f5" />
	</machine>
	<machine name="testamnt">
		<description>Testament (Europe)</description>
		<year>1997</year>
		<publisher>APC&amp;TCP</publisher>
		<rom name="(sps1162)testament_disk1of3.ipf" size="1049180" crc="482ec95a" sha1="d5cf31645c7ed0da63b6e08f7164763cb315f60b" />
		<rom name="(sps1162)testament_disk2of3.ipf" size="1049180" crc="c5509df8" sha1="49391d1b97ab5bc49bc28ffbd093ec5fdffba28b" />
		<rom name="(sps1162)testament_disk3of3.ipf" size="1049180" crc="2931e47a" sha1="fc5e16cc586e1acc622243e598ac21a3f4994bc0" />
	</machine>
	<machine name="themep_a">
		<description>Theme Park (Europe, AGA)</description>
		<year>1994</year>
		<publisher>Electronic Arts</publisher>
		<rom name="(sps153)themeparkaga_disk1.ipf" size="1049180" crc="542c02ed" sha1="abf71c9aae8cf0a111d95a0506e9e61ed1c3717f" />
		<rom name="(sps153)themeparkaga_disk2.ipf" size="1049180" crc="e886406a" sha1="0343a6f2fdd4be4c48b7a4c933632613c0dd46c8" />
		<rom name="(sps153)themeparkaga_disk3.ipf" size="1049180" crc="425b493e" sha1="a4aaad55e3374b3a5e813bfd283b797ddeb577ff" />
		<rom name="(sps153)themeparkaga_disk4.ipf" size="1049180" crc="4c7a6d46" sha1="b22ed83915852be85c9e5500963565b41aa2b0ff" />
	</machine>
	<machine name="topgr2_a">
		<description>Top Gear 2 (Europe, AGA)</description>
		<year>1994</year>
		<publisher>Gremlin Graphics</publisher>
		<rom name="(sps1858)topgear2_disk1.ipf" size="1049612" crc="977768d4" sha1="bcbecf80622281361b6c91800f7c3e4dc5a4a975" />
		<rom name="(sps1858)topgear2_disk2.ipf" size="1049612" crc="086b27f4" sha1="8c5f5a9a0bb066f7618b49f881dfabad063b6530" />
	</machine>
	<machine name="totalc_a">
		<description>Total Carnage (Europe, AGA)</description>
		<year>1994</year>
		<publisher>I.C.E.</publisher>
		<rom name="(sps1926)totalcarnage_disk1.ipf" size="1049180" crc="f6856c1f" sha1="72ae07c31d6bfca8590ea695d63f42da8d340368" />
		<rom name="(sps1926)totalcarnage_disk2.ipf" size="1049180" crc="a6eeddbc" sha1="ea6c77ee821e1ccca18433bb6cc54a247e184598" />
		<rom name="(sps1926)totalcarnage_disk3.ipf" size="1049180" crc="33063078" sha1="d37c52cfc1c0382d002f325f5badae1e56807321" />
	</machine>
	<machine name="towrsoul">
		<description>Tower of Souls (Europe)</description>
		<year>1995</year>
		<publisher>Black Legend</publisher>
		<rom name="(sps2212)towerofsouls_disk1.ipf" size="1049612" crc="6d9b9cd9" sha1="c9af34ad4d1fc9f2dccea183171e1809dcaebb9b" />
		<rom name="(sps2212)towerofsouls_disk2.ipf" size="1049612" crc="a2b15a3c" sha1="a62e37c5bf7cf55c3774a12a377b84a63a7d44b6" />
		<rom name="(sps2212)towerofsouls_disk3.ipf" size="1049612" crc="5c31c794" sha1="cfa7b21ac669d0e78fc92b39ce9bcc076108c99d" />
		<rom name="(sps2212)towerofsouls_disk4.ipf" size="1049612" crc="aefbed94" sha1="9068a2ac387377bc90ec5920134906b7cb3d39e3" />
		<rom name="(sps2212)towerofsouls_disk5.ipf" size="1049612" crc="07345dcf" sha1="67fa490f7f33ce8035457e9d341645e3fc8662b8" />
	</machine>
	<machine name="trolls">
		<description>Trolls (Europe, AGA)</description>
		<year>1992</year>
		<publisher>Flair Software</publisher>
		<rom name="trolls_a\(sps996)trolls_disk1.ipf" size="1049612" crc="f5c10c56" sha1="9e8d1bcf0e0df198bac115cd7e2d5cd1931c90f3" />
		<rom name="trolls_a\(sps996)trolls_disk2.ipf" size="1049612" crc="2c7d1f86" sha1="0d27e15943a7e581e42ace1c02b824042e6eb4a5" />
		<rom name="(sps155)trolls_disk1.ipf" size="1049180" crc="6f5e1945" sha1="884463a48a2eff52d199072ad18322100120040d" />
		<rom name="(sps155)trolls_disk2.ipf" size="1049180" crc="f5ad6975" sha1="37df493a52ad88047b1834ae8cf1959372888234" />
	</machine>
	<machine name="turbojam">
		<description>Turbo Jam (Europe, Prototype)</description>
		<year>1995</year>
		<publisher>Phelios Development</publisher>
		<rom name="(sps2767)turbojam_diska.ipf" size="1049180" crc="c1c8ad7e" sha1="122e1212e62eacbc0c6e26a63a0ddd175e27bddf" />
		<rom name="(sps2767)turbojam_diskb.ipf" size="1049180" crc="abe99732" sha1="2afac39a0c85a48d93fbac225292654f64e07f23" />
		<rom name="(sps2767)turbojam_diskc.ipf" size="1049180" crc="b0f565b1" sha1="de64d6a0b76892c499ddbc5025735e26c2651639" />
	</machine>
	<machine name="ufo_a">
		<description>UFO - Enemy Unknown (Europe, AGA)</description>
		<year>1994</year>
		<publisher>Microprose</publisher>
		<rom name="(sps157)ufoenemyunknown_disk1.ipf" size="1049180" crc="2eb6d040" sha1="0400841b710a702aad6e75390e9cc9dffcb081bf" />
		<rom name="(sps157)ufoenemyunknown_disk2.ipf" size="1049180" crc="c47bd235" sha1="3c696b3c0284b35aabeefca09f21199f74986558" />
		<rom name="(sps157)ufoenemyunknown_disk3.ipf" size="1049180" crc="a544845f" sha1="9db969590da21c0e2ffb6072a67981fb50f86e4c" />
		<rom name="(sps157)ufoenemyunknown_disk4.ipf" size="1049180" crc="c952b7cd" sha1="fcc1f0c6fb5b3fe3254262f7d355cde37cdfc08c" />
	</machine>
	<machine name="virocp_a">
		<description>Virocop (Europe, AGA)</description>
		<year>1995</year>
		<publisher>Renegade</publisher>
		<rom name="(sps1920)virocop_programdisk.ipf" size="1049612" crc="5ccc6008" sha1="a96f5a993fe21309ec21e2eea21ffb4254272b75" status="baddump" />
		<rom name="(sps1920)virocop_virodata1.ipf" size="1049612" crc="f5e63d8e" sha1="d538bd4dc596c051a44eeffa6e21047e73739cc3" />
		<rom name="(sps1920)virocop_virodata2.ipf" size="1049612" crc="54a1b461" sha1="1a715b0593b6d4384ed79fecf31577f025ccb4f1" />
	</machine>
	<machine name="vkart">
		<description>Virtual Karting (Europe)</description>
		<year>1995</year>
		<publisher>OTM</publisher>
		<rom name="(sps1059)virtualkarting_disk1of2.ipf" size="1049612" crc="a466af3d" sha1="15544258c0cac87f8a2d1aa977a3953866aba1dc" />
		<rom name="(sps1059)virtualkarting_disk2of2.ipf" size="1049612" crc="e0073d96" sha1="1c85ba627a76f2de581b6a00c6cad37483e7d5f3" />
	</machine>
	<machine name="watchtow">
		<description>Watchtower (Europe)</description>
		<year>1996</year>
		<publisher>OTM</publisher>
		<rom name="(sps1071)watchtower_disk1.ipf" size="1049612" crc="9d66935f" sha1="4ca0a88b0fb4a8c3beffb88763bc3cd964c25dd2" />
		<rom name="(sps1071)watchtower_disk2.ipf" size="1049612" crc="f093739d" sha1="4366e86cab49b0e2f8a3bb9a36b52aaaccd8839f" />
		<rom name="(sps1071)watchtower_disk3.ipf" size="1049612" crc="559c1be9" sha1="93ae32b8eb42f17051450d89c9950be05553bc95" />
	</machine>
	<machine name="whizz_a">
		<description>Whizz (Europe, AGA)</description>
		<year>1995</year>
		<publisher>Flair Software</publisher>
		<rom name="whizza_a\(sps803)whizz_1.ipf" size="1049612" crc="46f1c685" sha1="444c1cd1069e97fad3cce582d59b6215ef6f4828" />
		<rom name="whizza_a\(sps803)whizz_2.ipf" size="1049612" crc="730dddbb" sha1="e7f68a9db467b01c4dd3cf827efa9925662bd264" />
		<rom name="(sps1315)whizz_1.ipf" size="1049180" crc="093d5ca5" sha1="5a9f27f90f5ae44f76d01eebe43befcb454d48ec" />
		<rom name="(sps1315)whizz_2.ipf" size="1049180" crc="daf73a42" sha1="42035f042b52e80c4b309c556198667f3f1d3c56" />
	</machine>
	<machine name="wis_a">
		<description>Wembley International Soccer (Europe, AGA)</description>
		<year>1994</year>
		<publisher>Audiogenic</publisher>
		<rom name="(sps1704)wembleyinternationalsoccer_disk1.ipf" size="1048746" crc="e4768ad2" sha1="367c09a3237eb721b2dbc959dfc75f72df3f919b" />
		<rom name="(sps1704)wembleyinternationalsoccer_disk2.ipf" size="1049612" crc="b70de77b" sha1="6fca5cfb19e50deca6dcb8f6b25b3ac85fcea863" />
	</machine>
	<machine name="wormsdc">
		<description>Worms - The Director's Cut (Europe)</description>
		<year>1996</year>
		<publisher>Ocean</publisher>
		<rom name="(sps605)wormsthedirectorscut_disk1of3.ipf" size="1049612" crc="3f23c421" sha1="bb0e0c2d1005312335219f006f56d0644d5034b5" />
		<rom name="(sps605)wormsthedirectorscut_disk2of3.ipf" size="1049612" crc="dd2028d1" sha1="ca083d8f0b388988ae262bb238227d37e212e145" />
		<rom name="(sps605)wormsthedirectorscut_disk3of3.ipf" size="1049612" crc="bb756dd3" sha1="5a76d60bf4b4dc3f5b5a57e5c202d6646ac9ad72" />
	</machine>
	<machine name="xtracing">
		<description>XTreme Racing (Europe)</description>
		<year>1993</year>
		<publisher>Black Magic</publisher>
		<rom name="(sps164)xtremeracing_disk1.ipf" size="1049180" crc="903ab9db" sha1="1d1f60657d8c9f5b2779912a4714e92e932e3fd6" />
		<rom name="(sps164)xtremeracing_disk2.ipf" size="1049180" crc="1f808637" sha1="b14db93f5020e490e4296830f11d2ba331ec9cea" />
		<rom name="(sps164)xtremeracing_disk3.ipf" size="1049180" crc="1710f2ee" sha1="37067818049a673cc353f28e5ea87b30125dfb05" />
	</machine>
	<machine name="zool2_a">
		<description>Zool 2 (Europe, AGA)</description>
		<year>1993</year>
		<publisher>Gremlin Graphics</publisher>
		<rom name="zool2_acc\(sps2427)zool2_disk1.ipf" size="1049180" crc="c1101001" sha1="08ffa347c0dd9c0566782777404693b6c3dc3cf5" />
		<rom name="zool2_acc\(sps2427)zool2_disk2.ipf" size="1049180" crc="193355d6" sha1="6f98658435b0b2ce4f62cef5eb54114da03f9e6f" />
		<rom name="(sps415)zool2aga_disk1.ipf" size="1049612" crc="14d753d4" sha1="2f682aaa4571b34bbf8a60972d15552ebad9943f" />
		<rom name="(sps415)zool2aga_disk2.ipf" size="1049612" crc="3da01e1a" sha1="b61ba77576e978e20890bde1e1f68a8b07fa8014" />
	</machine>
	<machine name="zool_a">
		<description>Zool (Europe, AGA)</description>
		<year>1993</year>
		<publisher>Gremlin Graphics</publisher>
		<rom name="(sps1675)zool_disk1.ipf" size="1003445" crc="4f08c516" sha1="6abe7b67a7923ee129f574be1bb34ab5546c207a" />
		<rom name="(sps1675)zool_disk2.ipf" size="1002939" crc="62341012" sha1="d5c7ce0b3e3f1991d90afc52afbaad41c7ca0af8" />
	</machine>
</datafile>