<?xml version="1.0" encoding="utf-8"?>
<!DOCTYPE datafile PUBLIC "-//Logiqx//DTD ROM Management Datafile//EN" "http://www.logiqx.com/Dats/datafile.dtd">
<datafile>
	<header>
		<name>astrocde</name>
		<description>Bally Professional Arcade cartridges</description>
		<version>0.267</version>
		<author>Pleasuredome</author>
	</header>
	<machine name="280zzap">
		<description>280 Zzzap / Dodgem</description>
		<year>1978</year>
		<publisher>Bally</publisher>
		<rom name="280zzap.bin" size="2048" crc="e4d285e5" sha1="0de670d6f78e3011e84fefc65f70544cdad3320e" />
	</machine>
	<machine name="adssm">
		<description>ADS System Monitor (prototype)</description>
		<year>19??</year>
		<publisher>&lt;unknown&gt;</publisher>
		<rom name="adssm.bin" size="2048" crc="b8d4df61" sha1="93ffa31d308e62a1f0b09f20489bd620a08de37b" />
	</machine>
	<machine name="amazmaze">
		<description>Amazing Maze / Tic-Tac-Toe</description>
		<year>1979</year>
		<publisher>Bally</publisher>
		<rom name="amazmaze.bin" size="2048" crc="cd57c485" sha1="8c833f077830db847caad91a3f040ac7ddcd33f8" />
	</machine>
	<machine name="artiduel">
		<description>Artillery Duel</description>
		<year>1982</year>
		<publisher>Astrocade</publisher>
		<rom name="artiduelp1\artillery duel (5-23) (1982)(astrocade inc.)(proto).bin" size="4096" crc="2227f488" sha1="e8b9a13b5b712ff5e2269813271777956d69be3c" />
		<rom name="artiduelp2\artillery duel (1982)(astrocade inc.)(proto).bin" size="4096" crc="53f75720" sha1="376027b2974aa73e523dc0c139f723168a379ece" />
		<rom name="artiduelp3\artillery duel (1982)(astrocade inc.)(proto)[a].bin" size="2048" crc="2521a6ec" sha1="4b02162dd5503e08479929be36de5a6648410310" />
		<rom name="artiduel.bin" size="4096" crc="4f372019" sha1="24f6accc59301773e7471a831a5e3312c61694b0" />
	</machine>
	<machine name="artjello">
		<description>Artillery Duel / O-Jello</description>
		<year>1986</year>
		<publisher>Perkins Engineering and Mike White</publisher>
		<rom name="artjello.bin" size="8192" crc="bc0d0336" sha1="b935acbee0cd8f2729140a4ce23c88e8641c62b0" />
	</machine>
	<machine name="astrobas">
		<description>Bally BASIC (Astrovision)</description>
		<year>1981</year>
		<publisher>Astrovision</publisher>
		<rom name="astrobas.bin" size="4096" crc="70514687" sha1="a2ac8995a6217b7190aa9b18f49261c0ed3c6b5a" />
	</machine>
	<machine name="astrobat">
		<description>Astro Battle</description>
		<year>1979</year>
		<publisher>Bally</publisher>
		<rom name="astrobat.bin" size="4096" crc="0b5298bc" sha1="cdf7a2a8608c3e90d0cc8a4b751276b76de72f8c" />
	</machine>
	<machine name="balchecn">
		<description>BallyCheck (for new BIOS)</description>
		<year>1981</year>
		<publisher>RGB Electronics</publisher>
		<rom name="balchecn.bin" size="2048" crc="0086beeb" sha1="87133a9dc67361ead997f35e8f7dcde07c2d18a7" />
	</machine>
	<machine name="balcheco">
		<description>BallyCheck (for old BIOS)</description>
		<year>1981</year>
		<publisher>RGB Electronics</publisher>
		<rom name="balcheco.bin" size="2048" crc="46a375ad" sha1="ea2bd23ee9c107b39b62e115e730d4ae8be346cb" />
	</machine>
	<machine name="ballypin">
		<description>Bally Pin</description>
		<year>1979</year>
		<publisher>Bally</publisher>
		<rom name="ballypin.bin" size="4096" crc="3f431613" sha1="05b680777aa9639620c790f0590d96416d49bf94" />
	</machine>
	<machine name="baseball">
		<description>Tornado Baseball / Handball / Hockey / Tennis</description>
		<year>1978</year>
		<publisher>Bally</publisher>
		<rom name="baseball.bin" size="4096" crc="5be548cc" sha1="4dda98d6cf257652fd179eca137b69b67e38b8c6" />
	</machine>
	<machine name="bbasdemo">
		<description>Bally BASIC Demo</description>
		<year>1978</year>
		<publisher>Bally</publisher>
		<rom name="bbasdemo.bin" size="8192" crc="007e70d5" sha1="6ed1f49e6581ecea5328e3c5f99026afd7f1f7e4" />
	</machine>
	<machine name="bbasic">
		<description>Bally BASIC</description>
		<year>1978</year>
		<publisher>Bally</publisher>
		<rom name="bbasic.bin" size="4096" crc="90e276aa" sha1="abb85bc19419a1d81c698884f81a53d85806885d" />
	</machine>
	<machine name="biorhy">
		<description>BioRhythm</description>
		<year>1981</year>
		<publisher>Astrovision</publisher>
		<rom name="biorhy.bin" size="4096" crc="fc4bd27c" sha1="1ba84a04ea5d7d87c213d978fecc188a4a8517a6" />
	</machine>
	<machine name="blckjack">
		<description>Black Jack / Acey Deucey / Poker</description>
		<year>1979</year>
		<publisher>Bally</publisher>
		<rom name="blckjack.bin" size="4096" crc="78d45a11" sha1="7b92e3ad161e31926a730780d1f28015310dd7d7" />
	</machine>
	<machine name="blueutil">
		<description>Blue RAM Utility</description>
		<year>1986</year>
		<publisher>Perkins Engineering and Ken Lill</publisher>
		<rom name="blueutil.bin" size="8192" crc="004ee140" sha1="e76915c4bfb01df855e047b074e2c4605613ed76" />
	</machine>
	<machine name="bowling">
		<description>Bowling (prototype)</description>
		<year>198?</year>
		<publisher>Astrocade</publisher>
		<rom name="bowling.bin" size="4096" crc="1f8bc8ba" sha1="de27100803a414989d538ca34fc1b3e122dfac78" />
	</machine>
	<machine name="brb10">
		<description>Blue RAM BASIC 1.0</description>
		<year>1980</year>
		<publisher>Perkins Engineering</publisher>
		<rom name="brb10p\blue ram basic 1.0 (1980)(perkins engineering)(proto)[not playable].bin" size="4096" crc="2fa59f1e" sha1="ef27b8863b05afe58259fdf5755e919699485e4f" />
		<rom name="brbsic10.bin" size="8192" crc="50112e64" sha1="8e7f0ba7a7f37f09f1c808b50647af3a04e1a92e" />
	</machine>
	<machine name="brb11">
		<description>Blue RAM BASIC 1.1</description>
		<year>1981</year>
		<publisher>Perkins Engineering</publisher>
		<rom name="brbsic11.bin" size="8192" crc="4da03dfe" sha1="9c6759075c2e99d261d0b48b49983ae195d8fda4" />
	</machine>
	<machine name="brckyard">
		<description>Brickyard / Clowns</description>
		<year>1978</year>
		<publisher>Bally</publisher>
		<rom name="brckyard.bin" size="4096" crc="28f9e502" sha1="4c1a9efcd4435f6a79dc2212c4d0d17ea753809c" />
	</machine>
	<machine name="bstdroid">
		<description>Blast Droids</description>
		<year>1983</year>
		<publisher>Esoterica</publisher>
		<rom name="bstdroid.bin" size="4096" crc="79fe386b" sha1="addc89e0add729f2a93cd1774f6f5c1c693e6068" />
	</machine>
	<machine name="buylove">
		<description>Can't Buy Me Love (prototype)</description>
		<year>1986</year>
		<publisher>Richard Degler and George Moses</publisher>
		<rom name="buylove.bin" size="8192" crc="fc6f4f7b" sha1="1b668dc092a2102ac5be0a88b0c5a69871034209" />
	</machine>
	<machine name="c4simon">
		<description>Connect 4 / Simon</description>
		<year>1986</year>
		<publisher>Robert Leake, Harry Hanson, Brett Bilbrey, Joe Borrello, and Mike White</publisher>
		<rom name="c4simon.bin" size="8192" crc="05dd02c8" sha1="e47795e5d89dbab89b879d154faafad4ca150d14" />
	</machine>
	<machine name="candyman">
		<description>Candyman</description>
		<year>1986</year>
		<publisher>L&amp;M Software and Mike White</publisher>
		<rom name="candyman.bin" size="8192" crc="0fc97852" sha1="c87644de2b9231d74cd8c82d612ebd5412a3d87c" />
	</machine>
	<machine name="cclimber">
		<description>Crazy Climber</description>
		<year>2011</year>
		<publisher>Riff Raff Games</publisher>
		<rom name="crazy climber (2011)(riff raff games)[ccv054f].bin" size="8187" crc="bf864c44" sha1="3fc71a3061ddc39788920b27ce11d0ea545e3da6" />
	</machine>
	<machine name="checkbac">
		<description>BASIC Checkers / Backgammon</description>
		<year>1988</year>
		<publisher>John Collins, WaveMakers, and Mike White</publisher>
		<rom name="checkbac.bin" size="8192" crc="9a3b9be2" sha1="5eb38af57bb375fcbb086f104c0c84655f907b3f" />
	</machine>
	<machine name="checkers">
		<description>Checkers (prototype)</description>
		<year>19??</year>
		<publisher>Bally</publisher>
		<rom name="checkers.bin" size="2048" crc="757bab8f" sha1="9ef927e88e3f799276966b569c2402f6b25be416" />
	</machine>
	<machine name="chicken">
		<description>Chicken</description>
		<year>1986</year>
		<publisher>The Bit Fiddlers and Mike White</publisher>
		<rom name="chicken.bin" size="4096" crc="5b946526" sha1="714235b6919dcdae55f9e2a361fc1264d14aa84e" />
	</machine>
	<machine name="claim">
		<description>Claim Jumper</description>
		<year>1986</year>
		<publisher>L&amp;M Software and Mike White</publisher>
		<rom name="claim.bin" size="8192" crc="1edeae0e" sha1="d9dc00d62b7cddd74facba39b6efdc0da1b415b0" />
	</machine>
	<machine name="colbook">
		<description>Coloring Book (prototype)</description>
		<year>198?</year>
		<publisher>Astrocade</publisher>
		<rom name="colbook.bin" size="8192" crc="14f36aba" sha1="41eaaa061ed47996219b70bc0ed7d6a19c4b3c28" />
	</machine>
	<machine name="collwack">
		<description>Collision Course / Wack-A-Mole</description>
		<year>1986</year>
		<publisher>WaveMakers and Mike White</publisher>
		<rom name="collwack.bin" size="8192" crc="313fee89" sha1="3345251dae2dcace5400561196e7f7c23a9056d8" />
	</machine>
	<machine name="colorbas">
		<description>Bally Color BASIC (prototype)</description>
		<year>19??</year>
		<publisher>Bally</publisher>
		<rom name="colorbas.bin" size="4096" crc="e1c30ede" sha1="7b5fa4cd585081c5d51127d32d02a33ed44b5843" />
	</machine>
	<machine name="conan">
		<description>Conan The Barbarian!</description>
		<year>1985</year>
		<publisher>Astrocade and Dave Carson Software</publisher>
		<rom name="conanp\conanp.bin" size="8192" crc="15b1afea" sha1="bc4f757271fca69e0de3973f43d363c4474e2fb7" />
		<rom name="conan.bin" size="8192" crc="8a6adbfe" sha1="8b0d3125b805d57b9958b0e7a4f0e9d1a70f6353" />
	</machine>
	<machine name="cosmicrd">
		<description>Cosmic Raiders</description>
		<year>1983</year>
		<publisher>Astrocade</publisher>
		<rom name="cosmicrd35\cosmic35.bin" size="8192" crc="e3d723a0" sha1="337cdffe2260dc6d36d674fa35047cb5a3598bf9" />
		<rom name="cosmicrd36\cosmic36.bin" size="8192" crc="00b6fe88" sha1="5a3772b8524361b174c761ef759659b4a63166fa" />
		<rom name="cosmicrda\cosmicra.bin" size="8192" crc="869b692e" sha1="b71b81eeaf10b59efb1b51d88b1e758305d5f1e4" />
		<rom name="cosmicrdb\cosmica2.bin" size="8192" crc="37670f78" sha1="30044130dd3b41295351fa3905d53e26e52b3745" />
		<rom name="cosmicrd.bin" size="8192" crc="2a77b3fb" sha1="09ae145e3dbfd132f5130a0cbb508f4fbcf35bee" />
	</machine>
	<machine name="dealdemo">
		<description>Dealer Demo</description>
		<year>1978</year>
		<publisher>Bally</publisher>
		<rom name="dealdemo.bin" size="4096" crc="16b77b44" sha1="302ad18ea17b12a474ebbba1a882d8aad8cf5e94" />
	</machine>
	<machine name="dogpatch">
		<description>Dogpatch</description>
		<year>1980</year>
		<publisher>Bally</publisher>
		<rom name="dogpatch.bin" size="2048" crc="77bed6ba" sha1="263e6372392bc37a2228eb455d1477dcd41d9104" />
	</machine>
	<machine name="eightday">
		<description>Eight Days A Week (prototype)</description>
		<year>1986</year>
		<publisher>Richard Degler and George Moses</publisher>
		<rom name="eightday.bin" size="4096" crc="0bac683f" sha1="ada7eeff503d9ece7c0c3fcd1c007a6218930195" />
	</machine>
	<machine name="fawn">
		<description>Fawn Dungeon (prototype, first version)</description>
		<year>1981</year>
		<publisher>Barry McCleave</publisher>
		<rom name="fawna\fawn2.bin" size="2048" crc="72dd4512" sha1="586281ff1adf4c567acb68884331339f23b2ada3" />
		<rom name="fawn1.bin" size="2048" crc="2ff0fbef" sha1="cb8a8c3b049465e927a0401b390383a63f8e7708" />
	</machine>
	<machine name="feelfine">
		<description>I Feel Fine (prototype)</description>
		<year>1986</year>
		<publisher>Richard Degler and George Moses</publisher>
		<rom name="feelfine.bin" size="4096" crc="2d9d9eb0" sha1="038a3be5857ff06a2a61429592044d06d0179e14" />
	</machine>
	<machine name="flymonk">
		<description>Flying Ace / Monkey Jump / Gong The Kong</description>
		<year>1986</year>
		<publisher>WaveMakers and Mike White</publisher>
		<rom name="flymonk.bin" size="8192" crc="9e08814d" sha1="82dde335da2d504b0b1b41aa2bb24fbfbdc3ddc4" />
	</machine>
	<machine name="football">
		<description>Football</description>
		<year>1978</year>
		<publisher>Bally</publisher>
		<rom name="football.bin" size="4096" crc="fc8998a9" sha1="1d07b45162fab5497fe0a3d4ccb1b33bfd47177a" />
	</machine>
	<machine name="galactic">
		<description>Galactic Invasion</description>
		<year>1981</year>
		<publisher>Astrovision</publisher>
		<rom name="galactic.bin" size="4096" crc="ba558eb7" sha1="939857d621715b831d558bcb2fd2f0f9e9b37676" />
	</machine>
	<machine name="galaxian">
		<description>Galaxian</description>
		<year>1981</year>
		<publisher>Astrovision</publisher>
		<rom name="galaxian.bin" size="4096" crc="d75e9672" sha1="fb13e40c9ebadcb68beb7294a732ecf1b2f2ec30" />
	</machine>
	<machine name="gateesc">
		<description>The Gate Escape</description>
		<year>1986</year>
		<publisher>WaveMakers and Mike White</publisher>
		<rom name="gateesc.bin" size="8192" crc="d89abb30" sha1="a9dca8ae5410a8e5d375f1a36f1ee282aadb7eda" />
	</machine>
	<machine name="golddig">
		<description>Golddigger, Goldrush (prototype, 19840811))</description>
		<year>1984</year>
		<publisher>Dave Carson and Ken Lill</publisher>
		<rom name="golddiga\golddigger, goldrush (198x)(dave carson and ken lill)(proto).bin" size="2048" crc="994661a1" sha1="ca71326eb5cd243d2240804bb314235d96b45380" />
		<rom name="golddigb\golddigger, goldrush (198x)(dave carson and ken lill)(proto)[a].bin" size="2048" crc="face3b05" sha1="a54d2eb5f304fb83ad125560b0e555b0d1beb9ae" />
		<rom name="golddigger, goldrush (8-11-84) (1984)(dave carson and ken lill)(proto).bin" size="2048" crc="20755476" sha1="3537ded59d46a539e05a5f178a409346f1673bd9" />
	</machine>
	<machine name="grandprx">
		<description>Grand Prix</description>
		<year>1981</year>
		<publisher>Astrovision</publisher>
		<rom name="grandprx.bin" size="4096" crc="7b3b7b70" sha1="fd133dc402b6ecbcc718ffb895a16e07979ab329" />
	</machine>
	<machine name="hardday">
		<description>A Hard Day's Night (prototype)</description>
		<year>1986</year>
		<publisher>Richard Degler and George Moses</publisher>
		<rom name="hardday.bin" size="2048" crc="9234ddf6" sha1="d8a7826f5a4f251e31e4aa5670bc86a696827741" />
	</machine>
	<machine name="icbmatk">
		<description>ICBM Attack</description>
		<year>1982</year>
		<publisher>Spectre Systems</publisher>
		<rom name="icbmatkp\icbmatkp.bin" size="4096" crc="49ed3563" sha1="9de812c0d9632379cb3f76edf7908856c81a0dec" />
		<rom name="icbmatk.bin" size="4096" crc="bc2b6fe3" sha1="a3ff72346366d518b6f5011ec7bf160c159a1b62" />
	</machine>
	<machine name="jigqb2b">
		<description>Great American Jigsaw / QB-2B</description>
		<year>1986</year>
		<publisher>Esoterica, WaveMakers, and Mike White</publisher>
		<rom name="jigqb2b.bin" size="8192" crc="a1eb3e15" sha1="61c890b4090463827aafd0cd512ccb090a27426d" />
	</machine>
	<machine name="letitbe">
		<description>Let It Be (prototype)</description>
		<year>1986</year>
		<publisher>Richard Degler and George Moses</publisher>
		<rom name="letitbe.bin" size="4096" crc="baf0019d" sha1="e9fc668a901567274b843da66def4be3dc087c3f" />
	</machine>
	<machine name="life">
		<description>Life</description>
		<year>1985</year>
		<publisher>Richard Degler</publisher>
		<rom name="life.bin" size="2048" crc="752d13fd" sha1="f31cfef8dde6cd5bc030a1e0aae2655da09a2a34" />
	</machine>
	<machine name="lttrmtch">
		<description>Letter Match / Spell 'n Score / Crosswords</description>
		<year>1978</year>
		<publisher>Bally</publisher>
		<rom name="lttrmtch.bin" size="4096" crc="2cf68f93" sha1="266f6978b8f9e6bad36dc21031193ca93cd55be4" />
	</machine>
	<machine name="matk">
		<description>Missile Attack</description>
		<year>1985</year>
		<publisher>Spectre Systems and Mike White</publisher>
		<rom name="matk.bin" size="4096" crc="88f56c4e" sha1="5443b7891b40b314e123f34cf80e7bf797c25f65" />
	</machine>
	<machine name="mazeman">
		<description>Mazeman</description>
		<year>1984</year>
		<publisher>Dave Carson Software</publisher>
		<rom name="mazemanp\mazeman (1984)(dave carson software)(proto).bin" size="4096" crc="af649678" sha1="f296ebdfe1a8c4f1dacf06914be1918b92f4d2b3" />
		<rom name="mazeman.bin" size="4096" crc="565a644c" sha1="4b16f6138d4ecffe532995fa697e9e312550e88a" />
	</machine>
	<machine name="mlangman">
		<description>Machine Language Manager</description>
		<year>1982</year>
		<publisher>The Bit Fiddlers</publisher>
		<rom name="mlangman.bin" size="2048" crc="5393f920" sha1="d5249c6026dd8f277212d58209c1d03e8567d769" />
	</machine>
	<machine name="mscandy">
		<description>Ms. Candyman</description>
		<year>1983</year>
		<publisher>L&amp;M Software</publisher>
		<rom name="mscandy.bin" size="4096" crc="14e93a41" sha1="39cc94a350892ac57dfa144bcf5ba12973d9684b" />
	</machine>
	<machine name="muncher">
		<description>Muncher</description>
		<year>1983</year>
		<publisher>Astrocade, Phillip Harris, and Alternative Engineering</publisher>
		<rom name="muncher.bin" size="8192" crc="e4726657" sha1="02f37ded48b1fb9ba0a2d7e45f5b0a85eaecb1c8" />
	</machine>
	<machine name="musicmak">
		<description>Music Maker</description>
		<year>1985</year>
		<publisher>Astrocade and Dave Carson Software</publisher>
		<rom name="musicmakp2\music maker (1981)(astrocade inc.)(proto).bin" size="7376" crc="cc97a150" sha1="6a35509709497151f4f810a958fc5abf3852afc6" />
		<rom name="musicmakp\musicmap.bin" size="8192" crc="a76828d0" sha1="924cecf006f91bf49f2bcc1e14c55646a0ee93ff" />
		<rom name="musicmak.bin" size="8192" crc="b242ef84" sha1="8101424ebbc2a31d7e750b6d00f01e657fd97cf8" />
	</machine>
	<machine name="nodie">
		<description>No-Die!</description>
		<year>1984</year>
		<publisher>Astrocade, Dave Carson, and Mike White</publisher>
		<rom name="nodie.bin" size="8192" crc="784b256a" sha1="8dd34f2428a65ac590a26b25904a96e6f04e01d2" />
	</machine>
	<machine name="oldyaht">
		<description>Old Bent Nose / Yahtzee</description>
		<year>1987</year>
		<publisher>Bob Wiseman and Mike White</publisher>
		<rom name="oldyaht.bin" size="8192" crc="be686630" sha1="aea64bc366d710206d04086b0627cfb29c086149" />
	</machine>
	<machine name="outpost">
		<description>Outpost 19</description>
		<year>1986</year>
		<publisher>WaveMakers and Mike White</publisher>
		<rom name="outpost.bin" size="8192" crc="7bd3cfbb" sha1="f7172d2d690fd615c1e8d3073d7f697b4a24b100" />
	</machine>
	<machine name="pacman">
		<description>Pac-Man (prototype)</description>
		<year>198?</year>
		<publisher>Astrocade</publisher>
		<rom name="pacmana\pac-man (198x)(astrocade inc.)(proto)[a].bin" size="8192" crc="ca3a67dd" sha1="fc5cd6ec56e0f2d3acf7acfd4dbc560bdf63c768" />
		<rom name="pacman.bin" size="8192" crc="17363546" sha1="3d0e2b3fc4adfd0297a609bd78eb8b557414ea23" />
	</machine>
	<machine name="pacmaze">
		<description>Pacmaze (prototype)</description>
		<year>198?</year>
		<publisher>Dave Carson Software</publisher>
		<rom name="pacmaze (198x)(dave carson software)(proto).bin" size="4096" crc="cff3a6cc" sha1="f8d1b6eb9c4e148b76a46bda7ca3e976abeba056" />
	</machine>
	<machine name="paperbck">
		<description>Paperback Writer (prototype)</description>
		<year>1986</year>
		<publisher>Richard Degler and George Moses</publisher>
		<rom name="paperbck.bin" size="4096" crc="274766cd" sha1="e2b3ca147ba72762d7ada3e5b3e81b8e858a940f" />
	</machine>
	<machine name="pirate">
		<description>Pirate's Chase</description>
		<year>1982</year>
		<publisher>Astrocade</publisher>
		<rom name="pirate.bin" size="4096" crc="7b1b206a" sha1="3ad79a4381441c7f28479ad6b50c9105ca1ba7e4" />
	</machine>
	<machine name="quadra">
		<description>Quadra</description>
		<year>1990</year>
		<publisher>Mike White</publisher>
		<rom name="quadra1.bin" size="8192" crc="b43b17dd" sha1="6eba2bd2b244f28ba6e556d2731a5f6b7b58a7fb" />
		<rom name="quadra2.bin" size="8192" crc="878cb3a5" sha1="eef5ef7dffa5597963a7eeb98b2621ac8c8c49c0" />
		<rom name="quadra3.bin" size="8192" crc="b1219aa9" sha1="03874231d7a26ebbf209f4fe01c5ac1915543d76" />
		<rom name="quadra4.bin" size="8192" crc="231f56ff" sha1="3ddcf28429b4bffd9bfebfeae72fce047fdd7d91" />
		<rom name="quadra5.bin" size="8192" crc="ef2c7744" sha1="a4c14915f8aad1540168ffe84aa9c5cdcb473884" />
		<rom name="quadra6.bin" size="8192" crc="d333e1e3" sha1="99e5108899d02ce50ca23dfdaaa5ddaf5d47e6fc" />
		<rom name="quadra7.bin" size="8192" crc="97c70ffa" sha1="f1bc962f782b78dd2fcc688e8f9a160e858006e3" />
	</machine>
	<machine name="rainbow2">
		<description>Rainbow v2 (prototype)</description>
		<year>19??</year>
		<publisher>Hanson</publisher>
		<rom name="rainbow2.bin" size="2048" crc="3883484a" sha1="888d0de155b53606466393560119ea355edd11ce" />
	</machine>
	<machine name="redbaron">
		<description>Red Baron / Panzer Attack</description>
		<year>1978</year>
		<publisher>Bally</publisher>
		<rom name="redbaron.bin" size="4096" crc="a1c7e129" sha1="e0602c7485f511d6aa29d669967b101de79ddb15" />
	</machine>
	<machine name="roadtoad">
		<description>Road Toad</description>
		<year>1986</year>
		<publisher>Esoterica and Mike White</publisher>
		<rom name="roadtoad.bin" size="8192" crc="f74385ee" sha1="3c7016eb90e9e2fca97f002581880f560c312db3" />
	</machine>
	<machine name="seadevil">
		<description>Sea Devil</description>
		<year>1983</year>
		<publisher>L&amp;M Software</publisher>
		<rom name="seadevil.bin" size="4096" crc="960b6f86" sha1="09efab90ff6a8cdea18fa0fa16dd4996c1feaa9b" />
	</machine>
	<machine name="seawolf">
		<description>Seawolf / Missile</description>
		<year>1978</year>
		<publisher>Bally</publisher>
		<rom name="seawolf.bin" size="2048" crc="a021735e" sha1="4c2ca46ab5a00dc2eb252ee900b2760b758a2162" />
	</machine>
	<machine name="sheloves">
		<description>She Loves You (prototype)</description>
		<year>1986</year>
		<publisher>Richard Degler and George Moses</publisher>
		<rom name="sheloves.bin" size="4096" crc="7b360d3f" sha1="e4e42c1c2975af264b2b6954ebef177e8c1eefb9" />
	</machine>
	<machine name="simgolf">
		<description>Simon / Putt-Putt Golf</description>
		<year>1993</year>
		<publisher>Brett Bilbrey, Joe Borrello, and Mike White</publisher>
		<rom name="simgolf.bin" size="8192" crc="a982c37a" sha1="039e27c227d40aca81a6c990ae5cfe1634dc3862" />
	</machine>
	<machine name="sloshed">
		<description>Sloshed!</description>
		<year>1986</year>
		<publisher>New Image and Mike White</publisher>
		<rom name="sloshed.bin" size="8192" crc="a33ced19" sha1="8ca7110ba93844fa2715ed4f6d3742dbe81ab29e" />
	</machine>
	<machine name="sneaky">
		<description>Sneaky Snake</description>
		<year>1983</year>
		<publisher>New Image</publisher>
		<rom name="sneaky.bin" size="4096" crc="3e9f4f0d" sha1="cc8a23e8e782561fc4eee2c13417367cf30028c5" />
	</machine>
	<machine name="soccer">
		<description>Soccer</description>
		<year>1985</year>
		<publisher>&lt;unknown&gt;</publisher>
		<rom name="soccer.bin" size="8192" crc="56d28b62" sha1="12f1f59d79188b41b39fee40dd4f12cc236b4126" />
	</machine>
	<machine name="soccera2">
		<description>Soccer (prototype, alt 2)</description>
		<year>198?</year>
		<publisher>Astrocade</publisher>
		<rom name="soccera2.bin" size="8192" crc="7c2858dd" sha1="a6fd25d85124e4c3f005f25c067a0b60a7a617c3" />
	</machine>
	<machine name="soccera3">
		<description>Soccer (prototype, alt 3)</description>
		<year>198?</year>
		<publisher>Astrocade</publisher>
		<rom name="soccera3.bin" size="8192" crc="5cb41426" sha1="a6cee6a0bc7a7bfe506b1089b431629e8b57dc04" />
	</machine>
	<machine name="soccera4">
		<description>Soccer (prototype, alt 4)</description>
		<year>198?</year>
		<publisher>Astrocade</publisher>
		<rom name="soccera4.bin" size="8192" crc="4f5e93d5" sha1="5ea2b708df06b09abd63b58e03229efecb98d464" />
	</machine>
	<machine name="soccera">
		<description>Soccer (prototype, alt)</description>
		<year>198?</year>
		<publisher>Astrocade</publisher>
		<rom name="soccera.bin" size="4096" crc="fd633ca9" sha1="39ac51f18eb6ceb8e1f766f4d13d4c0ed7af1f85" />
	</machine>
	<machine name="soccerp">
		<description>Soccer (prototype)</description>
		<year>198?</year>
		<publisher>Astrocade</publisher>
		<rom name="soccerp.bin" size="8192" crc="7de08d9a" sha1="955b138b4db95e8a7c35ff958724440bd75d5fc2" />
	</machine>
	<machine name="solarcnq">
		<description>Solar Conqueror</description>
		<year>1983</year>
		<publisher>Astrocade</publisher>
		<rom name="solarcnqp28\scquer28.bin" size="8192" crc="0709b022" sha1="90900ec2c1fb9d476db22fd479400a6315230f9f" />
		<rom name="solarcnqp39\scquer39.bin" size="8192" crc="8612cc7a" sha1="eba87f0296ff0759eb25a094ea98fd05d9eb91b6" />
		<rom name="solarcnqp\scquerp.bin" size="8192" crc="4a229478" sha1="99139da1e5b8a52251033de6902b537d3f9ab6bc" />
		<rom name="scnquer.bin" size="8192" crc="d15ce025" sha1="3185285687a1b4f643329bea94cba398e1b3ed4b" />
	</machine>
	<machine name="songs">
		<description>Songs (prototype)</description>
		<year>19??</year>
		<publisher>Bally</publisher>
		<rom name="songsa\songs (19xx)(bally mfg. corp.)(proto)[a].bin" size="8192" crc="36a3d077" sha1="892720fb69a1d7bb158d857176374c113ab545ca" />
		<rom name="songsu\songsu.bin" size="8192" crc="16326f8c" sha1="c2f980f59367f4ff80c96fc173c83c0b29c1bc8f" />
		<rom name="songs.bin" size="4096" crc="fe6182b3" sha1="a269b21309b7849b6a3e248417be9316db31e4e6" />
	</machine>
	<machine name="spacefrt">
		<description>Space Fortress</description>
		<year>1981</year>
		<publisher>Astrocade</publisher>
		<rom name="spacefrtp\space fortress (1981)(astrocade inc.)(proto).bin" size="2048" crc="cf5012bd" sha1="08510e05c81192908bb62330dc825e1f63052584" />
		<rom name="spacefrt.bin" size="4096" crc="519cc707" sha1="d1d4527128cad5446cdd4d4f0dfa7194cb50aaef" />
	</machine>
	<machine name="spaceinv">
		<description>Space Invaders</description>
		<year>1979</year>
		<publisher>Bally</publisher>
		<rom name="spaceinvp\space invaders (197x)(bally mfg. corp.)(proto).bin" size="2048" crc="a542f4b2" sha1="46b2396ce3223a8e709a819e674726e6bf0d026e" />
		<rom name="invaders.bin" size="4096" crc="52964c1f" sha1="aecaa45ed1d74ebf882120da75c006ae502e94c1" />
	</machine>
	<machine name="spedmath">
		<description>Speed Math / Bingo Math</description>
		<year>1978</year>
		<publisher>Bally</publisher>
		<rom name="spedmath.bin" size="2048" crc="7d30312a" sha1="8f500f1e2144169bb94214eaa2863dcf6590b926" />
	</machine>
	<machine name="sslope">
		<description>Super Slope</description>
		<year>1986</year>
		<publisher>Esoterica and Mike White</publisher>
		<rom name="sslope.bin" size="4096" crc="df6b2304" sha1="e0793194497631f427581b951f5b0569cc7be398" />
	</machine>
	<machine name="starbttl">
		<description>Star Battle</description>
		<year>1979</year>
		<publisher>Bally</publisher>
		<rom name="starbttl.bin" size="2048" crc="d54a74c8" sha1="00f8c65ed73f6ce134c1e4e0af7c5aa91a287951" />
	</machine>
	<machine name="stweek">
		<description>Stweek</description>
		<year>19??</year>
		<publisher>Bally</publisher>
		<rom name="stweek.bin" size="2048" crc="e4f3766a" sha1="a8170dba7126ff6acb56686a46362bb36bebd799" />
	</machine>
	<machine name="tests">
		<description>Tests</description>
		<year>19??</year>
		<publisher>Bally</publisher>
		<rom name="tests.bin" size="4096" crc="49df19eb" sha1="581f592845ffca65f1336b521d03c57309a6f91c" />
	</machine>
	<machine name="treasure">
		<description>Treasure Cove</description>
		<year>1983</year>
		<publisher>Esoterica</publisher>
		<rom name="treasurep\treasurp.bin" size="4096" crc="5379aabf" sha1="640c4a70ebaa937f8d9c532f6cd9cb67f34be037" />
		<rom name="treasure.bin" size="8192" crc="1447f854" sha1="3c2a01b0b73664be5b332db2a0d7a91bdee2fdab" />
	</machine>
	<machine name="vidstory">
		<description>Video Story Book (prototype)</description>
		<year>19??</year>
		<publisher>&lt;unknown&gt;</publisher>
		<rom name="vidstory.bin" size="8192" crc="2cc8cc3c" sha1="c6688c73175a850865973f5a8423de539497c5f2" />
	</machine>
	<machine name="viperb">
		<description>VIPERSoft BASIC</description>
		<year>1981</year>
		<publisher>Alternative Engineering</publisher>
		<rom name="viperbp\viperbp.bin" size="8192" crc="4cd1ee10" sha1="1d0d0ebf38b89ab9da95540d8c797c05388777e7" />
		<rom name="viperb.bin" size="8192" crc="770143c5" sha1="2dca771d2da1f562c69f838fe96c93ccf9aebeff" />
	</machine>
	<machine name="war">
		<description>War (second printing)</description>
		<year>2012</year>
		<publisher>Riff Raff Games</publisher>
		<rom name="war (2012)(riff raff games)[second printing].bin" size="7931" crc="c1faf1bf" sha1="bca64e756b1f1c23a6b78d90a14541e44161371b" />
	</machine>
	<machine name="wizard">
		<description>The Incredible Wizard</description>
		<year>1982</year>
		<publisher>Astrocade</publisher>
		<rom name="wizardp\wizardp.bin" size="8192" crc="a0cba256" sha1="262c731967b193ece4e1d395e7cb3e8ce9c4fc2c" status="baddump" />
		<rom name="wizard.bin" size="8192" crc="1395b130" sha1="da366390c91e24206b5034bc525e98f2a3ce5f86" />
	</machine>
	<machine name="yahtgold">
		<description>Yahtzee / Golddigger</description>
		<year>1987</year>
		<publisher>Bob Wiseman, Dave Carson, and Mike White</publisher>
		<rom name="yahtgold.bin" size="8192" crc="7d56aa59" sha1="e1c41607cc3fd222002aebb3340e0c8e33be0782" />
	</machine>
	<machine name="yesternv">
		<description>Yesterday (prototype, no vibrato)</description>
		<year>1986</year>
		<publisher>Richard Degler and George Moses</publisher>
		<rom name="yesternv.bin" size="2048" crc="f400e5d4" sha1="9608f05556461ee4da7a7eda74bd6ac6683e874e" />
	</machine>
	<machine name="yesterv">
		<description>Yesterday (prototype, with vibrato)</description>
		<year>1986</year>
		<publisher>Richard Degler and George Moses</publisher>
		<rom name="yesterv.bin" size="2048" crc="a4edba84" sha1="a55d9ead5f921dba2c1aeb2608f5fb4ab93e5667" />
	</machine>
	<machine name="ziggyjx">
		<description>Fun With Vectors - Ziggy (prototype JX label)</description>
		<year>1985</year>
		<publisher>Richard Degler</publisher>
		<rom name="ziggyjx.bin" size="4096" crc="286d4dd4" sha1="b888c5381b0f8e05829d09850a64975458bbfbe4" />
	</machine>
	<machine name="ziggymo">
		<description>Fun With Vectors - Ziggy (prototype MO label)</description>
		<year>1985</year>
		<publisher>Richard Degler</publisher>
		<rom name="ziggymo.bin" size="4096" crc="18a2eb1e" sha1="bf2f934737211aed5c0bd052c5277194edff1977" />
	</machine>
</datafile>