<?xml version="1.0" encoding="utf-8"?>
<!DOCTYPE datafile PUBLIC "-//Logiqx//DTD ROM Management Datafile//EN" "http://www.logiqx.com/Dats/datafile.dtd">
<datafile>
	<header>
		<name>attache</name>
		<description>Otrona Attache disk images</description>
		<version>0.267</version>
		<author>Pleasuredome</author>
	</header>
	<machine name="cpm">
		<description>CP/M 2.2.5</description>
		<year>198?</year>
		<publisher>Digital Research</publisher>
		<rom name="attache_boot_2.2.5.imd" size="306361" crc="e34241ad" sha1="b35261c8644b285902eda4a102630d0aab67d211" />
	</machine>
</datafile>