<?xml version="1.0" encoding="utf-8"?>
<!DOCTYPE datafile PUBLIC "-//Logiqx//DTD ROM Management Datafile//EN" "http://www.logiqx.com/Dats/datafile.dtd">
<datafile>
	<header>
		<name>bbcb_flop</name>
		<description>Acorn BBC Micro Model B disks</description>
		<version>0.267</version>
		<author>Pleasuredome</author>
	</header>
	<machine name="3dbombal">
		<description>3D Bomb Alley</description>
		<year>1983</year>
		<publisher>Software Invasion</publisher>
		<rom name="3dbomballey.ssd" size="102400" crc="5a8deaff" sha1="d0f4716a376e4407492b4db7f87597bc07d7651f" />
	</machine>
	<machine name="4tstory1">
		<description>The Fantastic Adventures of 4-T</description>
		<year>1984</year>
		<publisher>Meritel</publisher>
		<rom name="4T_Story1.ssd" size="102400" crc="ec0febbe" sha1="c556d938e75e94279364c7c0752827ce7bc6fed2" />
	</machine>
	<machine name="4txmas">
		<description>The Christmas Adventures of 4-T and his Friends</description>
		<year>1984</year>
		<publisher>Meritel</publisher>
		<rom name="4T_Xmas.ssd" size="102400" crc="4bea988b" sha1="da755a6fec66bddfc859ca40fa5451a65a97ae01" />
	</machine>
	<machine name="abc">
		<description>ABC</description>
		<year>1984</year>
		<publisher>Acornsoft</publisher>
		<rom name="ABC.ssd" size="102400" crc="bdd721b1" sha1="9129f48b9fc439de9cc92924d7e905d0f4156228" />
	</machine>
	<machine name="accelrtr">
		<description>Accelerator</description>
		<year>1985</year>
		<publisher>Computer Concepts</publisher>
		<rom name="Accelerator.ssd" size="75776" crc="193bd9a5" sha1="224c7c5e6e2030b9fd9e5f73f8debb1c796dd4c5" />
	</machine>
	<machine name="achetont">
		<description>Acheton (Topologika)</description>
		<year>1987</year>
		<publisher>Topologika</publisher>
		<rom name="Acheton (Topologika).ssd" size="145408" crc="64bb8ff0" sha1="2954ba2923a33c469da7c3b8263ab9b7bcdf9bb7" />
	</machine>
	<machine name="acorndem">
		<description>Acornsoft Demo Disk v1.0</description>
		<year>1984</year>
		<publisher>Acornsoft</publisher>
		<rom name="Acornsoft Demo Disk.ssd" size="204800" crc="57015366" sha1="bb72e7cc96ca87c2ebb560f7cb9cba7feb658105" />
	</machine>
	<machine name="acornhit1">
		<description>The Acornsoft Hits Vol.1</description>
		<year>1987</year>
		<publisher>Superior Software/Acornsoft</publisher>
		<rom name="The Acornsoft Hits Vol1.ssd" size="102400" crc="426c5a05" sha1="b2758253391909771c43c30cc19b11b1088fd0ab" />
	</machine>
	<machine name="acornhit2">
		<description>The Acornsoft Hits Vol.2</description>
		<year>1987</year>
		<publisher>Superior Software/Acornsoft</publisher>
		<rom name="The Acornsoft Hits Vol2.ssd" size="95744" crc="01be9682" sha1="1e3afc6fb9a47b87e72efb55ab612150155d4981" />
	</machine>
	<machine name="adfsutil">
		<description>ADFS Utilities</description>
		<year>1986</year>
		<publisher>Acorn</publisher>
		<rom name="ADFS_Utilities.ads" size="163840" crc="c3d4c582" sha1="f5dc3ffabac313782cdbd9de0734403e8120171d" />
	</machine>
	<machine name="algebram">
		<description>Algebraic Manipulation</description>
		<year>1983</year>
		<publisher>Acornsoft</publisher>
		<rom name="algebraic_manipulation.ssd" size="14336" crc="73d51ba3" sha1="8e085cf021b23484273be73c10a0cba2e6445ce2" />
	</machine>
	<machine name="alps23">
		<description>ALPS - Adventure Language Programming System</description>
		<year>1987</year>
		<publisher>Alpine Software</publisher>
		<rom name="alps23.ssd" size="204800" crc="05cb0cd3" sha1="e554baaa6499c306fb4c7acc85901a8c1ab20aa8" />
	</machine>
	<machine name="amxart">
		<description>AMX Art</description>
		<year>1984</year>
		<publisher>Advanced Memory Systems</publisher>
		<rom name="amx_art.ssd" size="56832" crc="a7d54d1b" sha1="634299f5b43a9a81fd12a22d6e51cbaf33954612" />
	</machine>
	<machine name="amxdatab">
		<description>AMX Database</description>
		<year>1985</year>
		<publisher>Advanced Memory Systems</publisher>
		<rom name="amx_database.ssd" size="55552" crc="66d78c22" sha1="047a4101ae48580dedc2edf3ac57e32f9717e532" />
	</machine>
	<machine name="amxdesk">
		<description>AMX Desk</description>
		<year>1985</year>
		<publisher>Advanced Memory Systems</publisher>
		<rom name="amx_desk.ssd" size="91136" crc="2f4df9d4" sha1="81ee0463f43cfd0f3e545829fc8b946879f75a95" />
	</machine>
	<machine name="amxextra">
		<description>Extra! Extra! AMX Pagemaker Utilities</description>
		<year>1987</year>
		<publisher>Advanced Memory Systems</publisher>
		<rom name="ExtraExtra_A_Utilities.ssd" size="102400" crc="1a36e116" sha1="d8fa12cbccc07dd8a0fea886ccbf91c03c85b906" />
		<rom name="ExtraExtra_B_Fonts.ssd" size="102400" crc="edd2abf2" sha1="7f22d21c5b830a8fb5438edf793089b690b62ec7" />
		<rom name="ExtraExtra_ClipArt_A_Uncompacter.ssd" size="204800" crc="75463b2e" sha1="1218f8a177936176ad5e0c5bef01a28059e49764" />
		<rom name="ExtraExtra_ClipArt_B_Cutouts.ssd" size="102400" crc="71378ab6" sha1="863eff0acacfae5cd8b756b965b89c5894efa7bc" />
	</machine>
	<machine name="amxpagem">
		<description>AMX Pagemaker Plus</description>
		<year>1985</year>
		<publisher>Advanced Memory Systems</publisher>
		<rom name="amx_pagemaker.ssd" size="102400" crc="7a8210ef" sha1="c4bede1c7aeb646a86065f1ec7fc108476d5e0c6" />
		<rom name="amx_pagemaker_fonts.ssd" size="102400" crc="e963941d" sha1="e320df4c96ce35375dd6f8ff46b958a68b2c59a5" />
	</machine>
	<machine name="amxpaint">
		<description>AMX Paint Pot</description>
		<year>1985</year>
		<publisher>Advanced Memory Systems</publisher>
		<rom name="amx_paintpot.ssd" size="91648" crc="4c32a0ea" sha1="8281403eeb5f3a3b471bbccd78bf6256e064ecfa" />
	</machine>
	<machine name="amxsart">
		<description>AMX Super Art</description>
		<year>1985</year>
		<publisher>Advanced Memory Systems</publisher>
		<rom name="amx_superart.ssd" size="100352" crc="fa07f8e3" sha1="f1d789d212779a9f1a58aa824e23136241fc1b07" />
	</machine>
	<machine name="amxstpress">
		<description>AMX Stop Press</description>
		<year>1987</year>
		<publisher>Advanced Memory Systems</publisher>
		<rom name="AMX_Stop_Press_Font_Disc.ssd" size="102400" crc="0d9b3297" sha1="40e0c924924eba3b6d9e901304d0fe199e1b8f31" />
		<rom name="AMX_Stop_Press_Master_Downloader.ssd" size="102400" crc="e5ac6f26" sha1="e3b458078a651b0312e75af96a603442a5d6246e" />
		<rom name="AMX_Stop_Press_System_Disc.ssd" size="102400" crc="f93eaff2" sha1="007951af6d62ba96fbbdd7f03ba438529dae8c92" />
	</machine>
	<machine name="amxutils">
		<description>AMX Utilities</description>
		<year>1985</year>
		<publisher>Advanced Memory Systems</publisher>
		<rom name="amx_utilities.ssd" size="102400" crc="424c8708" sha1="e997e9512cbc3ad278584378d0d2420933db4ec0" />
	</machine>
	<machine name="amxzicon">
		<description>AMX 3D Zicon</description>
		<year>1985</year>
		<publisher>Advanced Memory Systems</publisher>
		<rom name="amx_3dzicon.ssd" size="204800" crc="e953aaee" sha1="b62c62f166aa0d0cf4ae0cd7ecaf0a2f56b95204" />
	</machine>
	<machine name="arcpinball">
		<description>ArcPinball</description>
		<year>1990</year>
		<publisher>Shibumi Software</publisher>
		<rom name="ArcPinball (1990)(Shibumi Soft).ssd" size="204800" crc="e255f429" sha1="ae0308ac16ebb277668dd96d1a8e58d666b318c6" />
	</machine>
	<machine name="arsoccer">
		<description>Arcade Soccer</description>
		<year>1989</year>
		<publisher>4th Dimension</publisher>
		<rom name="arcade soccer.ssd" size="92928" crc="c0ff80d4" sha1="7c522c65ea565b1eba20ea2200fa80b2cc06c2db" />
	</machine>
	<machine name="astrobl">
		<description>Astro Blaster</description>
		<year>2016</year>
		<publisher>Retro Software</publisher>
		<rom name="AstroBlaster.ssd" size="103936" crc="45b5c13c" sha1="7dd69dcb34194136a8e88ca3383a07b201662d0c" />
	</machine>
	<machine name="astromny">
		<description>Astromony</description>
		<year>1984</year>
		<publisher>BBC Soft</publisher>
		<rom name="astromony.ssd" size="102400" crc="1b319e90" sha1="b21b233201364f357a33ca015c40b9b7dacd1dfc" />
	</machine>
	<machine name="aucallig">
		<description>Acorn User Calligraphy</description>
		<year>1987</year>
		<publisher>Redwood Publishing</publisher>
		<rom name="AcornUser_Calligraphy.ssd" size="102400" crc="7c1822d1" sha1="76d92ef0b17fecb98e4e71eb5ac281dc18778144" />
	</machine>
	<machine name="aucomp87">
		<description>Acorn User 1987 Compilation Disc</description>
		<year>1988</year>
		<publisher>Redwood Publishing</publisher>
		<rom name="AcornUser_1987Compilation.dsd" size="409600" crc="357b63b0" sha1="3449b212b2244cc1323d4ac66de67a9375d42413" />
	</machine>
	<machine name="aucomp88">
		<description>Acorn User 1988 Compilation Disc</description>
		<year>1989</year>
		<publisher>Redwood Publishing</publisher>
		<rom name="AcornUser_1988Compilation.ssd" size="204800" crc="7f3806ff" sha1="da4491fa7a09aa9c5f841e7ce2c3b9e0d9805f25" />
	</machine>
	<machine name="audischlp">
		<description>Acorn User Disc Help Disc</description>
		<year>1986</year>
		<publisher>Redwood Publishing</publisher>
		<rom name="AcornUser_DiscHelp.ssd" size="200704" crc="22fe9f55" sha1="1bafcd4459bacb803ddbfd1040241a04540a420e" />
	</machine>
	<machine name="aueducat">
		<description>Acorn User Education Disc</description>
		<year>1986</year>
		<publisher>Redwood Publishing</publisher>
		<rom name="AcornUser_Education.ssd" size="204800" crc="8e3b61aa" sha1="d1d2868f03b4ccb9e44b0d1e8b289ba2e4f1f61d" />
	</machine>
	<machine name="augalry">
		<description>Acorn User Gallery 80T</description>
		<year>1986</year>
		<publisher>Redwood Publishing</publisher>
		<rom name="augalry40\AcornUser_Gallery-40T-Disc1.ssd" size="99072" crc="bcc50d65" sha1="060f4217242711a1f9d66a5389447502bacd4b6f" />
		<rom name="augalry40\AcornUser_Gallery-40T-Disc2.ssd" size="100352" crc="805e23e9" sha1="2f706b3eb4f1b6025da7c7ed4206034c0dd7f58c" />
		<rom name="AcornUser_Gallery-80T.ssd" size="204800" crc="cd69b8ad" sha1="62612f23c921381131b2844c4e7d341f359e3ebf" />
	</machine>
	<machine name="augalryc">
		<description>Acorn User Gallery Collection</description>
		<year>1987</year>
		<publisher>Redwood Publishing</publisher>
		<rom name="AcornUser_GalleryCollection.ssd" size="200704" crc="9a609a7d" sha1="f13d5ace6815c1255a9d0bb4866a682943f1da6b" />
	</machine>
	<machine name="augames">
		<description>Acorn User Games Disc</description>
		<year>1988</year>
		<publisher>Redwood Publishing</publisher>
		<rom name="AcornUser_Games.dsd" size="409600" crc="a5baba67" sha1="83a047610e7a63dcd9291146c33929b5e4b5aa31" />
	</machine>
	<machine name="augraph">
		<description>Acorn User Graphics Utilities</description>
		<year>1986</year>
		<publisher>Redwood Publishing</publisher>
		<rom name="AcornUser_GraphicsUtils.ssd" size="204800" crc="ac4f8b36" sha1="5c979d6a94cfcf8d4eb4c219ccb5c3a02a41445b" />
	</machine>
	<machine name="aunetwrk">
		<description>Acorn User Network Utility Disc</description>
		<year>1986</year>
		<publisher>Redwood Publishing</publisher>
		<rom name="AcornUser_NetworkUtils.ssd" size="204800" crc="0d075447" sha1="551a2bf240e17293e230807f52eecc6bcf96a6ca" />
	</machine>
	<machine name="auportfo">
		<description>Acorn User Portfolio Disc</description>
		<year>1987</year>
		<publisher>Redwood Publishing</publisher>
		<rom name="AcornUser_Portfolio.ssd" size="204800" crc="6e1e2430" sha1="f94439aa5b692a354ffb191d0c57e6cda268402f" />
	</machine>
	<machine name="auprintr">
		<description>Acorn User Printer Help Disc</description>
		<year>1986</year>
		<publisher>Redwood Publishing</publisher>
		<rom name="AcornUser_PrinterHelp.dsd" size="409600" crc="5815cf70" sha1="f3daf16f0721db217ffddda760940d058e912779" />
	</machine>
	<machine name="auswrutl">
		<description>Acorn User Sideways RAM Utilities</description>
		<year>1986</year>
		<publisher>Redwood Publishing</publisher>
		<rom name="AcornUser_SWRUtilities.ssd" size="204800" crc="8aadd43c" sha1="e123a79bfbd45ca47430cbfe290c2643d732b775" />
	</machine>
	<machine name="avonmurd">
		<description>Avon &amp; Murdac</description>
		<year>1989</year>
		<publisher>Topologika</publisher>
		<rom name="Avon.ssd" size="87040" crc="494729bb" sha1="88ee4f64af9023e392d328f4e05c8854d142fe83" />
		<rom name="Murdac.ssd" size="66560" crc="82285423" sha1="814df1fee5650085658bb6e3d1edf089eb60db25" />
	</machine>
	<machine name="badapple">
		<description>Teletext Bad Apple</description>
		<year>2017</year>
		<publisher>Bitshifters Collective</publisher>
		<rom name="bs-badappl.dsd" size="409600" crc="6c06dafd" sha1="92c4cd382c7073b47fa359d3352892d2d20c9b65" />
	</machine>
	<machine name="bandits3">
		<description>Bandits at 3 O'clock</description>
		<year>1984</year>
		<publisher>Micro Power</publisher>
		<rom name="BanditsAt3oclock.ssd" size="102400" crc="03ffef19" sha1="2a36c57e1f1766a0c4bc3b192a2c9cdeaca9c424" />
	</machine>
	<machine name="battlebr">
		<description>Battle of Britain</description>
		<year>1987</year>
		<publisher>Design People</publisher>
		<rom name="battle_of_britain.ssd" size="102400" crc="ab286f48" sha1="2f7ee561a62ddd3008760b349ccfaf13a63031c0" />
	</machine>
	<machine name="bcplcalc">
		<description>BCPL Calculations Package</description>
		<year>1983</year>
		<publisher>Acornsoft</publisher>
		<rom name="bcpl_calculations_package.ssd" size="102400" crc="dd67fadb" sha1="211e53f00b430ae2a61b494835644dda1de7e8e5" />
	</machine>
	<machine name="bcplsgen">
		<description>BCPL Stand Alone Generator</description>
		<year>1983</year>
		<publisher>Acornsoft</publisher>
		<rom name="bcpl_standalone_generator.ssd" size="99840" crc="91ac5dd5" sha1="18370351cb6813fca02f96e355ec4ae97c09b6cd" />
	</machine>
	<machine name="bcplutil">
		<description>BCPL Utilities</description>
		<year>1983</year>
		<publisher>Acornsoft</publisher>
		<rom name="BCPL_Utilities.ssd" size="102400" crc="f0e9024a" sha1="d415452758850b7f1149b7c9d2929bd4197aaaca" />
	</machine>
	<machine name="beebsid1">
		<description>Beeb SID Player Disk #1 - The Bill Carr Selection</description>
		<year>2010</year>
		<publisher>&lt;homebrew&gt;</publisher>
		<rom name="pj_sid_01.ssd" size="69120" crc="dfe6f2a5" sha1="cdfe2d49ac6ce3580f93d28d896fd0cac044102f" />
	</machine>
	<machine name="beebsid2">
		<description>Beeb SID Player II - BBC Games</description>
		<year>2010</year>
		<publisher>&lt;homebrew&gt;</publisher>
		<rom name="pj_sid2.ssd" size="43520" crc="9339f2cf" sha1="efc7f3032cba441f5f8110fc63371549e545b3c7" />
	</machine>
	<machine name="beebsid3">
		<description>BeebSID III - The 80's</description>
		<year>2010</year>
		<publisher>&lt;homebrew&gt;</publisher>
		<rom name="beebsid3.ssd" size="107520" crc="489c8c0b" sha1="ca8bbc734a9444007c6306f07e896cb12c8b04ca" />
	</machine>
	<machine name="beebsid4">
		<description>BeebSID IV - The Beatles</description>
		<year>2010</year>
		<publisher>&lt;homebrew&gt;</publisher>
		<rom name="beebsid4.ssd" size="94720" crc="7c987505" sha1="3ce0787e7fcd932fec34cb3dcccf05c1d7c8ede9" />
	</machine>
	<machine name="beebsid5">
		<description>BeebSID V - Movies</description>
		<year>2010</year>
		<publisher>&lt;homebrew&gt;</publisher>
		<rom name="beebsid5.ssd" size="110080" crc="d5da528d" sha1="9cb71cb0ffb48d3344b9937a0f0d16f3852cc476" />
	</machine>
	<machine name="beebsid6">
		<description>BeebSID VI - Madonna</description>
		<year>2010</year>
		<publisher>&lt;homebrew&gt;</publisher>
		<rom name="beebsid6.ssd" size="58880" crc="77f4e91d" sha1="0fe012e7bdf35d05184c6e8c349ebbdb5981c1e0" />
	</machine>
	<machine name="beebsid7">
		<description>BeebSID VII - Xmas Time</description>
		<year>2010</year>
		<publisher>&lt;homebrew&gt;</publisher>
		<rom name="xmassid.ssd" size="76800" crc="fa1a0f10" sha1="d145872660c3d0ffa86903f1d6c603f2d67406fb" />
	</machine>
	<machine name="beebsid8">
		<description>BeebSID VIII - Queen</description>
		<year>2011</year>
		<publisher>&lt;homebrew&gt;</publisher>
		<rom name="beebsid8.ssd" size="140800" crc="c14ad72b" sha1="acda17c6e244cd002295d880b804b503dac369de" />
	</machine>
	<machine name="beebsid9">
		<description>BeebSID IX - 1981</description>
		<year>2012</year>
		<publisher>&lt;homebrew&gt;</publisher>
		<rom name="beebsid9.ssd" size="125440" crc="1fff70c8" sha1="95547a9ec5f1c5e9e073da2744e661848500d8a5" />
	</machine>
	<machine name="beebsid10">
		<description>BeebSID X - Olympics</description>
		<year>2012</year>
		<publisher>&lt;homebrew&gt;</publisher>
		<rom name="beebsid10.ssd" size="81920" crc="1bac6da7" sha1="ceea68da1c446a270e120242f18960023981a5be" />
	</machine>
	<machine name="beebsid11">
		<description>BeebSID 11 - On the Telly</description>
		<year>2013</year>
		<publisher>&lt;homebrew&gt;</publisher>
		<rom name="beebsid11.ssd" size="89600" crc="6e5493fc" sha1="88a381da146f1cb671c476a20bdbe84fffecf4c7" />
	</machine>
	<machine name="beebsid12">
		<description>BeebSID 12 - Jean-Michel Jarre</description>
		<year>2013</year>
		<publisher>&lt;homebrew&gt;</publisher>
		<rom name="beebsid12.ssd" size="43520" crc="24958ba0" sha1="83cf1e9ba640899aef5f90bfb68d6a2cf34d96e6" />
	</machine>
	<machine name="beebsid13">
		<description>BeebSID 13 - Michael Jackson</description>
		<year>2014</year>
		<publisher>&lt;homebrew&gt;</publisher>
		<rom name="beebsid13.ssd" size="94720" crc="ec6bed41" sha1="d5ebf345594c45289431875cf4a30e75da18afbd" />
	</machine>
	<machine name="beebsid14">
		<description>BeebSID 14 - 1982</description>
		<year>2014</year>
		<publisher>&lt;homebrew&gt;</publisher>
		<rom name="beebsid14.ssd" size="53760" crc="51378281" sha1="b75f6a1b119b003c251918efb9ccd65c9617a75f" />
	</machine>
	<machine name="beebsid15">
		<description>BeebSID 15 - 70's Rock</description>
		<year>2015</year>
		<publisher>&lt;homebrew&gt;</publisher>
		<rom name="beebsid15.ssd" size="74240" crc="dcf94822" sha1="fbb9b5bc34630545e42f2e8fa4e17e7b7ca5deac" />
	</machine>
	<machine name="beebsid16">
		<description>BeebSID 16 - ABBA</description>
		<year>2015</year>
		<publisher>&lt;homebrew&gt;</publisher>
		<rom name="beebsid16.ssd" size="104960" crc="7cc1c77e" sha1="2158fa955c56e0bf51daf8546614891e6fdda91e" />
	</machine>
	<machine name="beebsid17">
		<description>BeebSID 17 - Pet Shop Boys</description>
		<year>2016</year>
		<publisher>&lt;homebrew&gt;</publisher>
		<rom name="beebsid17.ssd" size="58880" crc="b3a15530" sha1="24f43d128d28d4e4072826fc5437ea4ba3e37978" />
	</machine>
	<machine name="beebsid18">
		<description>BeebSID 18 - Club Hits</description>
		<year>2017</year>
		<publisher>&lt;homebrew&gt;</publisher>
		<rom name="beebsid18.ssd" size="107520" crc="f332ef9f" sha1="6a9946ad960b07758490d7b23b7a6453b27d8baa" />
	</machine>
	<machine name="beebsid19">
		<description>BeebSID 19 - Classical</description>
		<year>2018</year>
		<publisher>&lt;homebrew&gt;</publisher>
		<rom name="beebsid19.ssd" size="56320" crc="81ac0684" sha1="990062cb1a5ec73608f2aeee775e9dd3bfff10de" />
	</machine>
	<machine name="beebtrk2">
		<description>Beeb Tracker Volume 2: Ninja Gaiden</description>
		<year>2016</year>
		<publisher>Bitshifters Collective</publisher>
		<rom name="bs-beebtrk2.ssd" size="142592" crc="0174737c" sha1="75d298ab55cedd5e8492096956b7971fd1db158b" />
	</machine>
	<machine name="beebtrk3">
		<description>Beeb Tracker Volume 3: Sonic the Hedgehog</description>
		<year>2016</year>
		<publisher>Bitshifters Collective</publisher>
		<rom name="bs-beebtrk3.ssd" size="110592" crc="4d349403" sha1="c82e305827cbebebf6f2d2f3fbd362ba6b5ac6f6" />
	</machine>
	<machine name="beebtrk">
		<description>Beeb Tracker Volume 1: Battle of the Bits</description>
		<year>2016</year>
		<publisher>Bitshifters Collective</publisher>
		<rom name="bs-beebtrk.ssd" size="187648" crc="d7fb81cc" sha1="668769f8c09daba7068bbf2eca84e6164c922c75" />
	</machine>
	<machine name="bribbon1">
		<description>Blue Ribbon Games Disk No.1</description>
		<year>1985</year>
		<publisher>Blue Ribbon</publisher>
		<rom name="BlueRibbonGamesDisk1.ssd" size="90880" crc="0c8878fe" sha1="db715f1820ee0a33694d8817f3c8d377bb296e33" />
	</machine>
	<machine name="bribbon2">
		<description>Blue Ribbon Games Disk No.2</description>
		<year>1985</year>
		<publisher>Blue Ribbon</publisher>
		<rom name="BlueRibbonGamesDisk2.ssd" size="67584" crc="d2e910a6" sha1="f417b2f70b1c0f58a1777e44405d40a53947d997" />
	</machine>
	<machine name="bribbon3">
		<description>Blue Ribbon Games Disk No.3</description>
		<year>1985</year>
		<publisher>Blue Ribbon</publisher>
		<rom name="BlueRibbonGamesDisk3.ssd" size="73728" crc="ae52b9b9" sha1="9e576452d96accd237aba01b4dd197f452a98111" />
	</machine>
	<machine name="bugbyte1">
		<description>The Bug-Byte Compilation</description>
		<year>1987</year>
		<publisher>Bug Byte</publisher>
		<rom name="bugbyte_compilation.ssd" size="99840" crc="fe18fae7" sha1="8de083f1624bffa669a802c7c3e75ef43498dd83" />
	</machine>
	<machine name="bugbyte2">
		<description>The Bug-Byte Compilation II</description>
		<year>1987</year>
		<publisher>Bug Byte</publisher>
		<rom name="bugbyte_compilation2.ssd" size="102400" crc="0701047f" sha1="23c40a55bff3a97cbe7bf603fa922e2969730656" />
	</machine>
	<machine name="byteappl">
		<description>Byte The Apple Music Discs</description>
		<year>1986</year>
		<publisher>Byte The Apple</publisher>
		<rom name="ByteTheAppleMusicDisc1.ssd" size="94464" crc="93153714" sha1="8de077e98fadfc4e1f82cad4b51832746d250c73" />
		<rom name="ByteTheAppleMusicDisc2.ssd" size="107264" crc="67208b29" sha1="d19ce86a805a8c39ac9c2fb701a2655f1e1a182f" />
		<rom name="ByteTheAppleMusicDisc3.ssd" size="89344" crc="7d7de2c2" sha1="138fbc85727258fed4121bbd0df64e1de46cf05a" />
		<rom name="ByteTheAppleMusicDisc4.ssd" size="165632" crc="c02c0adb" sha1="b8601c1d5e0f1acaa4613f6b78f493c9f87a62d0" />
		<rom name="ByteTheAppleMusicDisc5.ssd" size="113920" crc="91148f96" sha1="879a0975786ab3bb2467335d377e8d32dd2fc335" />
		<rom name="ByteTheAppleMusicDisc6.ssd" size="184064" crc="f4cd73a0" sha1="302404cc54b9e68b1aa3b04b6510cce495596090" />
	</machine>
	<machine name="carnival">
		<description>Carnival</description>
		<year>2014</year>
		<publisher>Retro Software</publisher>
		<rom name="carnival.ssd" size="25344" crc="4b4459cf" sha1="5d214b7fd55ba3ccb79d98cc3aeee4e091b939a3" />
	</machine>
	<machine name="castlerd">
		<description>Castle Raider</description>
		<year>2014</year>
		<publisher>Retro Software</publisher>
		<rom name="CastleRaider-1.0.4-BBC.ssd" size="204800" crc="389e9dc2" sha1="3c1d30b14b16727bced0abb81e1b680234b66d8c" />
	</machine>
	<machine name="ccracker">
		<description>Christmas Crackers</description>
		<year>1986</year>
		<publisher>Database Publications</publisher>
		<rom name="Christmas Crackers (Database).ssd" size="96512" crc="5c2012df" sha1="ce865dd8115fe052bede403972076bd91174df71" />
	</machine>
	<machine name="chauffr">
		<description>Chauffeur</description>
		<year>1987</year>
		<publisher>Nidd Valley</publisher>
		<rom name="Chauffeur-NiddValley.ssd" size="102400" crc="c34012cf" sha1="7877d8b9fc0ae7ff87556fe9ed43d6d87692015c" />
	</machine>
	<machine name="chemstru">
		<description>Chemical Structures</description>
		<year>1983</year>
		<publisher>Acornsoft</publisher>
		<rom name="Chemical Structures (1983)(Acornsoft).ssd" size="102400" crc="0ebd4344" sha1="7738b8a3657bc8ba19617f1b9eab8a5055ea4996" />
	</machine>
	<machine name="chickchas">
		<description>Chick Chase</description>
		<year>1987</year>
		<publisher>Chalksoft</publisher>
		<rom name="Chick Chase (Chalksoft).ssd" size="102400" crc="0aefde4a" sha1="305210091a95f796b7e1f0d6eec1e0d3c4a49252" />
	</machine>
	<machine name="clarcade">
		<description>Classic Arcade Games</description>
		<year>1983</year>
		<publisher>Ganymede Systems</publisher>
		<rom name="classic_arcade_games.ssd" size="29952" crc="9ac9f9f9" sha1="7ca211c0e5bd3ef0e7b2d9f998c1d9b1609bf7a9" />
	</machine>
	<machine name="cntrville">
		<description>Centre Ville</description>
		<year>1986</year>
		<publisher>Chalksoft</publisher>
		<rom name="Centre Ville (Chalksoft).ssd" size="102400" crc="66ae85f4" sha1="0f4793fec5100de5b0a8a505c323e719606201c9" />
	</machine>
	<machine name="colorart">
		<description>Colour Art Utility Disc</description>
		<year>1984</year>
		<publisher>Watford Electronics</publisher>
		<rom name="ColourArt.ssd" size="204800" crc="5b3d93d0" sha1="7e162085a17de85ce9d6e698df40b9d65714a134" />
	</machine>
	<machine name="conblend">
		<description>Consonant Blends</description>
		<year>1984</year>
		<publisher>Sherston Software</publisher>
		<rom name="Consonant Blends (Sherston).ssd" size="102400" crc="b6b21cac" sha1="26915934c77baaf1862cba3cc03e1b7a07d2265f" />
	</machine>
	<machine name="ctodoomt">
		<description>Countdown to Doom (Topologika)</description>
		<year>1987</year>
		<publisher>Topologika</publisher>
		<rom name="Countdown to Doom (Topologika).ssd" size="76800" crc="d6301d2f" sha1="9ae1f29d4d28419c66f92e7c0252fe45b73b7dd1" />
	</machine>
	<machine name="cumaform">
		<description>Cumana - BBC disk formatter issue B</description>
		<year>198?</year>
		<publisher>Cumana</publisher>
		<rom name="Cumana-BBC disk formatter issue B.ssd" size="204800" crc="34b86813" sha1="ff5972006c44f226a584a1a3993e9fd322b1104c" />
	</machine>
	<machine name="cutekill">
		<description>Cute To Kill: Beyond Infinity</description>
		<year>1987</year>
		<publisher>Mandarin</publisher>
		<rom name="beyondinfinity-cutetokill.ssd" size="48640" crc="350daf5c" sha1="afe6bc6448e86e6bc6bee34cae09c8cf46828b1b" />
	</machine>
	<machine name="cutoutprev">
		<description>Pagemaker Cutout Previewer</description>
		<year>1987</year>
		<publisher>System Mnemonics</publisher>
		<rom name="PMCutoutPreviewer.ssd" size="204800" crc="a3afc91f" sha1="1a04f247d441c3a6782cb2b15e605903ebe976d8" />
	</machine>
	<machine name="database">
		<description>Database</description>
		<year>1984</year>
		<publisher>Acornsoft</publisher>
		<rom name="database_v2.ssd" size="35584" crc="bc093645" sha1="7683a6999d4753858931f5887fd9237a22a25e8a" />
	</machine>
	<machine name="domesday">
		<description>The Domesday Project: Data Collection Program</description>
		<year>1985</year>
		<publisher>BBC Enterprises Ltd.</publisher>
		<rom name="Domesday_Project-Data_Collection.ssd" size="102400" crc="6f69afb7" sha1="fd19808b6c25556197ee6288463220e18df4557b" />
	</machine>
	<machine name="dominion">
		<description>Dominion</description>
		<year>2004</year>
		<publisher>Cronosoft</publisher>
		<rom name="dominion.ssd" size="75008" crc="f529088a" sha1="af22b16449b82154c5f7340c4aa6ca6c3818687d" />
	</machine>
	<machine name="doscopy">
		<description>DOSCopy</description>
		<year>1986</year>
		<publisher>BAKsoft</publisher>
		<rom name="DOSCopy-Baksoft.ssd" size="102400" crc="d79132ee" sha1="8d1afe5e65196adc7cba79e2cc9c18b770cf30a7" />
	</machine>
	<machine name="dragneye">
		<description>Through the Dragon's Eye</description>
		<year>1989</year>
		<publisher>BBC Soft</publisher>
		<rom name="through_the_dragons_eye_part1.ssd" size="102400" crc="22c4ad6a" sha1="16d21b27ff97eefd9ee1cfafcfaa3f4bd364a4cf" />
		<rom name="through_the_dragons_eye_part2.ssd" size="102400" crc="917121f8" sha1="03514d948d748a68301b8aa43396fc3f661d4ba6" />
	</machine>
	<machine name="du01">
		<description>Disk User 01 June/July 1987</description>
		<year>1987</year>
		<publisher>Argus Specialist Publications</publisher>
		<rom name="Disk User 01.ssd" size="96256" crc="9366da84" sha1="6143701290b37c0fcddaa2c5be47450b5fd38249" />
	</machine>
	<machine name="du02">
		<description>Disk User 02 August/September 1987</description>
		<year>1987</year>
		<publisher>Argus Specialist Publications</publisher>
		<rom name="Disk User 02.ssd" size="96512" crc="34b5310b" sha1="f0bbdbea28a36b3b9704318f0d1a4677297de594" />
	</machine>
	<machine name="du03">
		<description>Disk User 03 October/November 1987</description>
		<year>1987</year>
		<publisher>Argus Specialist Publications</publisher>
		<rom name="Disk User 03.ssd" size="101120" crc="4cd13ead" sha1="43953fb11f58d90eb697c48ebd48739165b72ae6" />
	</machine>
	<machine name="du04">
		<description>Disk User 04 December/January 1987/88</description>
		<year>1987</year>
		<publisher>Argus Specialist Publications</publisher>
		<rom name="Disk User 04.ssd" size="99584" crc="2a3fc3fc" sha1="ddfbbfe14566bcb917197df6327943f914f3d715" />
	</machine>
	<machine name="du05">
		<description>Disk User 05 February/March 1988</description>
		<year>1988</year>
		<publisher>Argus Specialist Publications</publisher>
		<rom name="Disk User 05.ssd" size="94208" crc="3ec2c85b" sha1="8d1841890292684a5d519db710cdb2c51877157e" />
	</machine>
	<machine name="du06">
		<description>Disk User 06 April 1988</description>
		<year>1988</year>
		<publisher>Argus Specialist Publications</publisher>
		<rom name="Disk User 06.ssd" size="101376" crc="fc9f4b7d" sha1="92cb8b58657c810c21a378947a2ad79aeb30e1f9" />
	</machine>
	<machine name="du07">
		<description>Disk User 07 May 1988</description>
		<year>1988</year>
		<publisher>Argus Specialist Publications</publisher>
		<rom name="Disk User 07.ssd" size="102144" crc="943400a0" sha1="afac7da3ed66e151a1b8c723906359ec76601435" />
	</machine>
	<machine name="du08">
		<description>Disk User 08 June 1988</description>
		<year>1988</year>
		<publisher>Argus Specialist Publications</publisher>
		<rom name="Disk User 08.ssd" size="101376" crc="7ac0f1af" sha1="016fc2c3ef4ce38c14702b039b8ce060d3519a7f" />
	</machine>
	<machine name="du09">
		<description>Disk User 09 July 1988</description>
		<year>1988</year>
		<publisher>Argus Specialist Publications</publisher>
		<rom name="Disk User 09.ssd" size="102656" crc="ef6c057b" sha1="58560f4158ef712b81e0330e1498688ee8a3b7cb" />
	</machine>
	<machine name="du10">
		<description>Disk User 10 August 1988</description>
		<year>1988</year>
		<publisher>Argus Specialist Publications</publisher>
		<rom name="Disk User 10.ssd" size="118528" crc="f0f415cf" sha1="3ebc5ced967aed1955c82eb5dc2b1d16f29eb801" />
	</machine>
	<machine name="du11">
		<description>Disk User 11 September 1988</description>
		<year>1988</year>
		<publisher>Argus Specialist Publications</publisher>
		<rom name="Disk User 11.ssd" size="97280" crc="0b60d5c7" sha1="6c155e1a430c0c4aa729d2c5e64b6545b4d1f01f" />
	</machine>
	<machine name="du12">
		<description>Disk User 12 October 1988</description>
		<year>1988</year>
		<publisher>Argus Specialist Publications</publisher>
		<rom name="Disk User 12.ssd" size="101120" crc="103846f1" sha1="251e956f9c328c7e4164b99ef65d8c91d0806253" />
	</machine>
	<machine name="du13">
		<description>Disk User 13 November 1988</description>
		<year>1988</year>
		<publisher>Argus Specialist Publications</publisher>
		<rom name="Disk User 13.ssd" size="100608" crc="9a329e01" sha1="4b6f3505ebf79b6ac09da7301d1e86602fc5b123" />
	</machine>
	<machine name="du14">
		<description>Disk User 14 December 1988</description>
		<year>1988</year>
		<publisher>Argus Specialist Publications</publisher>
		<rom name="Disk User 14.ssd" size="100096" crc="5ce93d1e" sha1="dd54f4b22e8536ff68c2c242595cde246bff18c1" />
	</machine>
	<machine name="dunjunz">
		<description>Dunjunz</description>
		<year>1987</year>
		<publisher>Bug Byte</publisher>
		<rom name="Dunjunz-SideA.ssd" size="102400" crc="9c45c1c4" sha1="bf6120ed9c5756fb59af6731112fe71233aca0cf" />
		<rom name="Dunjunz-SideB.ssd" size="102400" crc="720106d5" sha1="f999969ece13bc9054772290e8b57f64d7ad2b9b" />
	</machine>
	<machine name="egghead">
		<description>Egghead in Space</description>
		<year>2005</year>
		<publisher>Cronosoft</publisher>
		<rom name="Egghead_In_Space.ssd" size="204800" crc="8bdecdf7" sha1="f6a4cd38977876ead16e38e5368574e272202da6" />
	</machine>
	<machine name="elecactn">
		<description>Electronics in Action</description>
		<year>1985</year>
		<publisher>BBC Soft</publisher>
		<rom name="Electronics In Action.ssd" size="102400" crc="5c94da0b" sha1="16d9b81efbf21b8d861576f49ea6335460056e66" />
	</machine>
	<machine name="elite">
		<description>Elite</description>
		<year>1984</year>
		<publisher>Acornsoft</publisher>
		<rom name="elitebbc.ssd" size="204800" crc="1f15458d" sha1="ac47c0d6d0006ceef2102dda521df3364aff32aa" />
	</machine>
	<machine name="elitea">
		<description>Elite-A</description>
		<year>1997</year>
		<publisher>&lt;homebrew&gt;</publisher>
		<rom name="elitea.ssd" size="204800" crc="8f13afce" sha1="31e3cba984e5edc3bbd7f287f563b6d9aa6dd67e" />
	</machine>
	<machine name="elitexec">
		<description>Elite - The Executive Edition</description>
		<year>1986</year>
		<publisher>Unreleased</publisher>
		<rom name="elite_executive.ssd" size="204800" crc="f10aea60" sha1="cbd40dd9cad231f2f093e64665a69b64ddab5608" />
	</machine>
	<machine name="enigma">
		<description>Enigma</description>
		<year>1990</year>
		<publisher>Cervin Games</publisher>
		<rom name="Enigma.ssd" size="55040" crc="8373a65c" sha1="ef317adfb56efed21713bbf3d2ed038a982a1606" />
	</machine>
	<machine name="esb">
		<description>The Empire Strikes Back</description>
		<year>1988</year>
		<publisher>Domark</publisher>
		<rom name="EmpireStrikesBack.ssd" size="45312" crc="ad35ac13" sha1="5cd62482cf749b2e5f2742fe833513870657d920" />
	</machine>
	<machine name="etype">
		<description>E-Type</description>
		<year>1990</year>
		<publisher>4th Dimension</publisher>
		<rom name="e-type.ssd" size="72704" crc="cd685f63" sha1="9d64109db22299adbae8da053eb9d2e68a1cb08c" />
	</machine>
	<machine name="ev1">
		<description>EV1 Camera Interface</description>
		<year>1984</year>
		<publisher>Micro-Robotics</publisher>
		<rom name="EV1CameraInterface.ssd" size="204800" crc="fc182d92" sha1="0990e8fd0f3ac552fb36d5cf41cca76f7d76cf26" />
	</machine>
	<machine name="explorer">
		<description>Explorer</description>
		<year>1991</year>
		<publisher>DragonSoft</publisher>
		<rom name="Explorer_PlayDisk.ssd" size="204800" crc="ca3e7075" sha1="09fc0deb5fcda48e9b958db9aa03a1096471c7d1" />
		<rom name="Explorer_SaveDisk.ssd" size="204800" crc="8a38a5c6" sha1="c60de8b27aee0734ff795cfd4b38afe545f2d00c" />
	</machine>
	<machine name="eyes">
		<description>Eyes</description>
		<year>1984</year>
		<publisher>Ocean (Unreleased)</publisher>
		<rom name="eyes-unreleased.ssd" size="12544" crc="19f1dd27" sha1="182b05ef661872b4e63a7e627675f1f6297da8df" />
	</machine>
	<machine name="famgames">
		<description>Family Games</description>
		<year>1982</year>
		<publisher>I.J.K.</publisher>
		<rom name="family_games.ssd" size="102400" crc="ef66ae5e" sha1="99311a6d2c7d58064d599d5b0c59639ed3f4d8e3" />
	</machine>
	<machine name="firstfilr">
		<description>First Filer</description>
		<year>1986</year>
		<publisher>Chalksoft</publisher>
		<rom name="First Filer - Data (Chalksoft).ssd" size="102400" crc="af1b275f" sha1="49a46a7a69818745cd5687e371bd19f126773f2a" />
		<rom name="First Filer - Program (Chalksoft).ssd" size="102400" crc="4d3ca4ee" sha1="990716b324373ad823411f9c0b835ea3da231a34" />
	</machine>
	<machine name="froggerr">
		<description>Frogger (Retro Software)</description>
		<year>2016</year>
		<publisher>Retro Software</publisher>
		<rom name="frogger-rs.ssd" size="25600" crc="4f0b0152" sha1="3ffe76241e34e5f6dff6ae53d070d3be40ab0002" />
	</machine>
	<machine name="frogman">
		<description>Frogman (Demo)</description>
		<year>1993</year>
		<publisher>&lt;homebrew&gt;</publisher>
		<rom name="frogman-demo.ssd" size="65280" crc="c4fc4bc9" sha1="c81ab2374b31fb3cd761e5a6aca7ed1fc321667f" />
	</machine>
	<machine name="fse">
		<description>Fleet Street Editor</description>
		<year>1986</year>
		<publisher>Mirrorsoft</publisher>
		<rom name="FleetStreetEditor_GraphicsLib_A.ssd" size="102144" crc="b7a3e274" sha1="c6fcf9a7e1e1ab82e29836812f354c1419ff9ea6" />
		<rom name="FleetStreetEditor_GraphicsLib_B.ssd" size="99584" crc="f5580bc0" sha1="52b05d6f24b31fc7087fc36a93aa808eb8fd6c1c" />
		<rom name="FleetStreetEditor_GuidedTour.ssd" size="102400" crc="1f20949b" sha1="dec0aa25ce4b77badd79d47c53fa86b69dfaa86c" />
		<rom name="FleetStreetEditor_System_A.ssd" size="102400" crc="a07e2d4b" sha1="8365556cd3db0a2cba4f21f10e440e3fc1fae5c4" />
		<rom name="FleetStreetEditor_System_B.ssd" size="96000" crc="de4c79ee" sha1="8d5680d42cea761bc0c9fe5de2e98dee251e6349" />
	</machine>
	<machine name="fseadminx">
		<description>Fleet Street Editor: Admin Xtra</description>
		<year>1986</year>
		<publisher>Mirrorsoft</publisher>
		<rom name="FleetStreetEditor_AdminXtra.dsd" size="192000" crc="3699dee1" sha1="cadcfd4251736cb75c1cbb6081efbab1df17d451" />
	</machine>
	<machine name="fsedisney">
		<description>Fleet Street Editor: Walt Disney Graphics Library</description>
		<year>1986</year>
		<publisher>Mirrorsoft</publisher>
		<rom name="FleetStreetEditor_WaltDisney_A.ssd" size="102400" crc="d607a50d" sha1="a1f4cfbd086e49a775a5d18cfd4d7147905e32ae" />
		<rom name="FleetStreetEditor_WaltDisney_B.ssd" size="102400" crc="bb363052" sha1="9682f5b19a27888b0c1fc6a1f46e135ef9cb9907" />
	</machine>
	<machine name="fsefonts">
		<description>Fleet Street Editor: Fonts 'n' Graphics</description>
		<year>1986</year>
		<publisher>Mirrorsoft</publisher>
		<rom name="FleetStreetEditor_FontsGraphics_A.ssd" size="87040" crc="6a9c58d0" sha1="1d1efd094b3696402cda37427ad5ca0d4d465336" />
		<rom name="FleetStreetEditor_FontsGraphics_B.ssd" size="100352" crc="ab05d42e" sha1="377ca5fe4c5fc634e46066fb4b77dcd1ea275702" />
	</machine>
	<machine name="funrun">
		<description>The Great British Fun Run</description>
		<year>1985</year>
		<publisher>Health Education Coucil</publisher>
		<rom name="funrun.ssd" size="102400" crc="c88a9bf6" sha1="4c8ead3b8a1e442e1531b71be18eca40ad1ced10" />
	</machine>
	<machine name="galedge">
		<description>Galaxy's Edge</description>
		<year>1984</year>
		<publisher>Magic Software</publisher>
		<rom name="galaxys_edge.ssd" size="204800" crc="c16a43af" sha1="16b14c7a742b842cae75303e586c1947df84c772" />
	</machine>
	<machine name="gkiller">
		<description>Giant Killer</description>
		<year>1987</year>
		<publisher>Topologika</publisher>
		<rom name="giant killer.ssd" size="102400" crc="082df282" sha1="dfd5e3f33cd850246cce1a7f8de977ee21fa0385" />
	</machine>
	<machine name="hadfs">
		<description>Harston ADFS System Disk 6.10</description>
		<year>2018</year>
		<publisher>J.G.Harston</publisher>
		<rom name="HADFS_System_6.10.dsd" size="409600" crc="fa5301c0" sha1="28d3afaa870ae6300861dbf34a511934882187c6" />
	</machine>
	<machine name="health">
		<description>Look After Yourself!</description>
		<year>1986</year>
		<publisher>Health Education Council</publisher>
		<rom name="health.ssd" size="102400" crc="4f26c92c" sha1="7fbfb474aaa23c42cbb63b8ec04a34c1f355677c" />
	</machine>
	<machine name="holedoc1">
		<description>Holed Out Extra Courses Vol.1</description>
		<year>1989</year>
		<publisher>4th Dimension</publisher>
		<rom name="holed out extra courses vol1.ssd" size="99584" crc="186a21e9" sha1="b4475e56fae9786c4b964e43b0b1a14dec9e8368" />
	</machine>
	<machine name="holedoc2">
		<description>Holed Out Extra Courses Vol.2</description>
		<year>1989</year>
		<publisher>4th Dimension</publisher>
		<rom name="holed out extra courses vol2.ssd" size="99584" crc="78324f99" sha1="eab859a632e8251aa7c3ece6aae4b7d759ec5b99" />
	</machine>
	<machine name="holedout">
		<description>Holed Out</description>
		<year>1989</year>
		<publisher>4th Dimension</publisher>
		<rom name="holed out.ssd" size="89856" crc="4f767fc8" sha1="496f5f20d093651d056528fbee4bcfbc2e9a6c37" />
	</machine>
	<machine name="huntshau">
		<description>The Hunt: Search for Shauna</description>
		<year>1987</year>
		<publisher>Robico</publisher>
		<rom name="the hunt search for shauna.ssd" size="102400" crc="9967e594" sha1="fc9512ecefc422ae6b2152aa308284b500072bd0" />
	</machine>
	<machine name="hyperspo">
		<description>Hyper Sports</description>
		<year>1985</year>
		<publisher>Imagine</publisher>
		<rom name="HyperSports.ssd" size="91392" crc="8a99db6a" sha1="92ae7c8bbcef78f8ad4d89c3c2a61514d73291cb" />
	</machine>
	<machine name="iconartm">
		<description>Icon Art Master</description>
		<year>1985</year>
		<publisher>Micro-Draw</publisher>
		<rom name="Icon Art Master.ssd" size="102400" crc="84737b02" sha1="d3367f85d3aad2a04335c0fc2a09f6d2d1e632f2" />
	</machine>
	<machine name="inertia">
		<description>Inertia</description>
		<year>1990</year>
		<publisher>4th Dimension</publisher>
		<rom name="inertia.ssd" size="56064" crc="e7a50f85" sha1="ce2fa997a2e47abbae819a19b64858db816690d1" />
	</machine>
	<machine name="integraw">
		<description>Integra Windows 1.00</description>
		<year>1989</year>
		<publisher>Computech</publisher>
		<rom name="Integra Windows 1.00 (Computech).ssd" size="102400" crc="c28d1caa" sha1="d1fe037f04b9b8b7c60d71fa671b64a8d4452103" />
	</machine>
	<machine name="isopascal">
		<description>ISO-Pascal</description>
		<year>1985</year>
		<publisher>Acornsoft</publisher>
		<rom name="ISO_Pascal.ssd" size="86528" crc="e43f0695" sha1="5438f404993e3f65781403f7e66a34bd9ca6bac1" />
	</machine>
	<machine name="jedi">
		<description>Return of the Jedi</description>
		<year>1988</year>
		<publisher>Domark</publisher>
		<rom name="ReturnOfTheJedi.ssd" size="36864" crc="89039566" sha1="aaef4206ab345b56fa6e0f0224fcb1585767bfe5" />
	</machine>
	<machine name="knitwear">
		<description>Knitwear Designer</description>
		<year>1987</year>
		<publisher>Database Publications</publisher>
		<rom name="Knitwear Designer (Database).ssd" size="204800" crc="a3b8b5d4" sha1="87c2b85ca57346646a34e82705616f6ac35db61e" />
	</machine>
	<machine name="kohamilt">
		<description>Kingdom of Hamil (Topologika)</description>
		<year>1987</year>
		<publisher>Topologika</publisher>
		<rom name="Kingdom of Hamil (Topologika).ssd" size="66560" crc="7ac4a91b" sha1="a9b6e29fe660429e915cc2fd06fcbd48f638b02b" />
	</machine>
	<machine name="krystalc">
		<description>The Krystal Connection</description>
		<year>2009</year>
		<publisher>Retro Software</publisher>
		<rom name="The Krystal Connection (2009)(Retro Software).ssd" size="38400" crc="0949d4ea" sha1="237a4a4fce3bddca16822c3281ed5328ad793480" />
	</machine>
	<machine name="l1fsutil">
		<description>Econet Level 1 Fileserver Software</description>
		<year>1985</year>
		<publisher>Acorn</publisher>
		<rom name="econet_level_1_utils.ssd" size="204800" crc="ad0fb810" sha1="5df83812d0d8492943ad8d6582c049e1fc1fa583" />
	</machine>
	<machine name="ldaydoom">
		<description>Last Days of Doom</description>
		<year>1990</year>
		<publisher>Topologika</publisher>
		<rom name="Last Days of Doom.ssd" size="138240" crc="fb49260f" sha1="06621ee58a81ce61c92f1013c02970baf9bc6b7c" />
	</machine>
	<machine name="logo">
		<description>Logo (Extensions and Samples)</description>
		<year>1985</year>
		<publisher>Acornsoft</publisher>
		<rom name="Logo (Extensions and Examples).ssd" size="102400" crc="f917a86f" sha1="b74f8b42af4292f8c2a43266d8f221890a3aeee9" />
	</machine>
	<machine name="londonadv">
		<description>London Adventure</description>
		<year>1986</year>
		<publisher>Cambridge ELT</publisher>
		<rom name="London Adventure.ssd" size="38400" crc="ed449787" sha1="2dddb1010268163a40707c10115f9bd42a29b573" />
	</machine>
	<machine name="magscan">
		<description>MagScan - The Beebug Bibliography Disc v1.31</description>
		<year>1991</year>
		<publisher>Beebugsoft</publisher>
		<rom name="Magscan-1.31.dsd" size="409600" crc="e84790ac" sha1="f596f06d0aa083efc416a240a1dfd28a333d93f1" />
	</machine>
	<machine name="megapoca">
		<description>Mega-Apocalypse</description>
		<year>1988</year>
		<publisher>Martech</publisher>
		<rom name="megaapocalypse.ssd" size="40192" crc="4a6e1489" sha1="399e09d9782d7f0068a9acd9113595657dbb4673" />
	</machine>
	<machine name="microtxt">
		<description>Microtext</description>
		<year>1985</year>
		<publisher>Acornsoft</publisher>
		<rom name="microtext_librarian_disc.ssd" size="204800" crc="6c98c541" sha1="8b7be398c2fb5bbcb4de1a03a960e1d12d4484f4" />
		<rom name="microtext_welcome_disc.ssd" size="204800" crc="51474827" sha1="4256fac1f622e1a63128254a29d50f27099ea542" />
	</machine>
	<machine name="midway">
		<description>Midway</description>
		<year>1988</year>
		<publisher>Design People</publisher>
		<rom name="Midway.ssd" size="102400" crc="808c16ed" sha1="c0c8f7f7b6f45446ddd9604a4aa9245176663f19" />
	</machine>
	<machine name="mntpanic">
		<description>Mountain Panic</description>
		<year>2013</year>
		<publisher>Retro Software</publisher>
		<rom name="MountainPanic-v1.2(2013)(Retro Software).ssd" size="102400" crc="1c893b3a" sha1="f1ef8cec1c3b86e9578b94c66137687c070e13c7" />
	</machine>
	<machine name="mo2dab">
		<description>Mini Office II: A Dabhand Guide</description>
		<year>1988</year>
		<publisher>Dabs Press</publisher>
		<rom name="MiniOfficeIIADabHandGuide-DabsPress.ssd" size="42752" crc="b12a5eec" sha1="130b65576d36da544c0079f4ea327a992d19e4eb" />
	</machine>
	<machine name="modemmstr">
		<description>Modem Master</description>
		<year>1987</year>
		<publisher>BBC Soft</publisher>
		<rom name="Modem Master (1987)(BBCSoft).ssd" size="102400" crc="5a5ee41f" sha1="4bc8b4d9f570d56ab718334155593ecbac61c391" />
	</machine>
	<machine name="mr4200">
		<description>MR4200 32K RAM Board</description>
		<year>1986</year>
		<publisher>Peartree Computers</publisher>
		<rom name="MR4200 32K RAM Board (Peartree).ssd" size="204800" crc="04a03cec" sha1="ae642ebecdf968db098e60c06d4ed5383e905c7c" />
	</machine>
	<machine name="mryog">
		<description>Mr Yog and the Nippet</description>
		<year>1984</year>
		<publisher>Sherston Software</publisher>
		<rom name="Mr Yog and the Nippet (Sherston).ssd" size="43520" crc="9dd6d401" sha1="aba82455fbefb8a6621d39af219d5238a8bb426a" />
	</machine>
	<machine name="mstrfile2">
		<description>Masterfile II</description>
		<year>198?</year>
		<publisher>Beebugsoft</publisher>
		<rom name="MasterfileII.ssd" size="204800" crc="da1453f1" sha1="e1c830e07c04577860e42861daf1fbd6e88edd76" />
	</machine>
	<machine name="muxmas88">
		<description>Micro User - Free Xmas Gift</description>
		<year>1988</year>
		<publisher>Impact</publisher>
		<rom name="TheMicroUser-FreeXmasGift.ssd" size="74496" crc="16db1f61" sha1="0682ad1c76f2b8004ec3f67dd61300bc254d165a" />
	</machine>
	<machine name="nevryon">
		<description>Nevryon</description>
		<year>1990</year>
		<publisher>4th Dimension</publisher>
		<rom name="nevryon.ssd" size="101632" crc="a6c83ad4" sha1="e5f8336ffd3b27be04d70974a45d3972b796afdc" />
	</machine>
	<machine name="noteinvd">
		<description>Note Invaders</description>
		<year>1985</year>
		<publisher>Chalksoft</publisher>
		<rom name="Note Invaders (Chalksoft).ssd" size="102400" crc="d21d458e" sha1="98a5c7405cceb9d1e076f8322459abc2688cdb6d" />
	</machine>
	<machine name="numbscop">
		<description>NumbersCope</description>
		<year>1987</year>
		<publisher>Fisher-Marriott</publisher>
		<rom name="NumbersCope (Fisher-Marriott).ssd" size="102400" crc="36ca945b" sha1="e2378aebfb27fad374a5a9649a5a27a3b2744448" />
	</machine>
	<machine name="numpictr">
		<description>Numbers and Pictures</description>
		<year>1987</year>
		<publisher>Chalksoft</publisher>
		<rom name="Numbers and Pictures (Chalksoft).ssd" size="102400" crc="41f5f07e" sha1="3c40260499fcf80589eecd2478d55386bff18697" />
	</machine>
	<machine name="offcmast">
		<description>Office Master</description>
		<year>1986</year>
		<publisher>Watford Electronics</publisher>
		<rom name="OfficeMaster-Watford.ssd" size="102400" crc="b1326630" sha1="9ac036789f80ed44df0400e46d9cbe999d1f379a" />
	</machine>
	<machine name="offcmate">
		<description>Office Mate</description>
		<year>1986</year>
		<publisher>Watford Electronics</publisher>
		<rom name="OfficeMate-Watford.ssd" size="102400" crc="cae9fdca" sha1="1ffe95c2da981ec8e9e10da3b403f067e17a3b20" />
	</machine>
	<machine name="oplbonus">
		<description>Beeb OPL: AdLib Jukebox Bonus Disc</description>
		<year>2016</year>
		<publisher>&lt;homebrew&gt;</publisher>
		<rom name="beebopl_adlib_bonus.ssd" size="143104" crc="8323968a" sha1="93b29ae5f7ce6dd1c53c4671d522de5fbca3a7eb" />
	</machine>
	<machine name="oplbrix">
		<description>Beeb OPL: Brix</description>
		<year>2016</year>
		<publisher>&lt;homebrew&gt;</publisher>
		<rom name="beebopl_brix.ssd" size="109568" crc="e2d450f4" sha1="7c0a9ece1f2c2eef312d06c5f269c79ea419d6f5" />
	</machine>
	<machine name="oplclassic">
		<description>Beeb OPL: AdLib Classical Favourites #1</description>
		<year>2017</year>
		<publisher>&lt;homebrew&gt;</publisher>
		<rom name="beebopl_adlib_classic1.dsd" size="404992" crc="33c32278" sha1="4f47172bb5f661fb989e3999af5bcebb65ec8c40" />
	</machine>
	<machine name="opldroplay">
		<description>Beeb OPL: Droplay</description>
		<year>2016</year>
		<publisher>&lt;homebrew&gt;</publisher>
		<rom name="beebopl_droplay.ssd" size="158976" crc="cfbd0cf7" sha1="0eaef5111aa59f3b4079371860e4d02fd2155200" />
	</machine>
	<machine name="opldynab">
		<description>Beeb OPL: DynaBlaster</description>
		<year>2016</year>
		<publisher>&lt;homebrew&gt;</publisher>
		<rom name="beebopl_dynablaster.ssd" size="49664" crc="ce15f065" sha1="fa3661c558e2d27478b69dff8f7379045104fcf3" />
	</machine>
	<machine name="opljill">
		<description>Beeb OPL: Jill of the Jungle</description>
		<year>2016</year>
		<publisher>&lt;homebrew&gt;</publisher>
		<rom name="beebopl_jillofthejungle.ssd" size="106752" crc="3b8a2e89" sha1="4cccecc5681d0897d1cd654f8e2b58bb2b758182" />
	</machine>
	<machine name="opljukebox">
		<description>Beeb OPL: AdLib Jukebox</description>
		<year>2016</year>
		<publisher>&lt;homebrew&gt;</publisher>
		<rom name="beebopl_adlib_jukebox.ssd" size="171776" crc="b9a8d090" sha1="391eda20b944af844bee995db1c67776c88445c4" />
	</machine>
	<machine name="oplkilob">
		<description>Beeb OPL: KiloBlaster</description>
		<year>2016</year>
		<publisher>&lt;homebrew&gt;</publisher>
		<rom name="beebopl_kiloblaster.dsd" size="394240" crc="f6cece26" sha1="28f61f4049597ba983a6a4e3f89d2961de9a8d03" />
	</machine>
	<machine name="oplpop">
		<description>Beeb OPL: AdLib Pop/Rock Grooves</description>
		<year>2017</year>
		<publisher>&lt;homebrew&gt;</publisher>
		<rom name="beebopl_adlib_pop.dsd" size="314880" crc="927c5f13" sha1="984c5eb9926b816300e1deaca57c998861f5fd78" />
	</machine>
	<machine name="oplsolar">
		<description>Beeb OPL: Solar Winds</description>
		<year>2016</year>
		<publisher>&lt;homebrew&gt;</publisher>
		<rom name="beebopl_solarwinds.ssd" size="159232" crc="48405a04" sha1="bf9bedf8be63acb1e2b7a74b1f18308d3ff746d6" />
	</machine>
	<machine name="oplwacky">
		<description>Beeb OPL: Wacky Wheels</description>
		<year>2016</year>
		<publisher>&lt;homebrew&gt;</publisher>
		<rom name="beebopl_wackywheels.dsd" size="384000" crc="97d35b09" sha1="cb3fdec1fd8c735d00c8fdfa73f448bb082fc259" />
	</machine>
	<machine name="oplxargon">
		<description>Beeb OPL: Xargon</description>
		<year>2016</year>
		<publisher>&lt;homebrew&gt;</publisher>
		<rom name="beebopl_xargon.ssd" size="140288" crc="36f5a3ca" sha1="bba409d3c775ec9dc66d352ef238ad518f425756" />
	</machine>
	<machine name="oplxmas">
		<description>Beeb OPL: AdLib Christmas Carols</description>
		<year>2016</year>
		<publisher>&lt;homebrew&gt;</publisher>
		<rom name="beebopl_adlib_xmas.ssd" size="179200" crc="b484f806" sha1="5715479054c7183deaa54fa0454e25080c2c66c0" />
	</machine>
	<machine name="oplzone66">
		<description>Beeb OPL: Zone 66</description>
		<year>2017</year>
		<publisher>&lt;homebrew&gt;</publisher>
		<rom name="beebopl_zone66.ssd" size="86016" crc="8ee0e0ca" sha1="e2806acef0851cd750aa508b6b3666fb160fb3fb" />
		<rom name="beebopl_zone66_m128.adl" size="655360" crc="ecd94eb7" sha1="ecd4c5b9efec49dbbe71fb5f6377a4e6ff04fb60" />
		<rom name="beebopl_zone66_m128_dac.adl" size="655360" crc="43e8e9fb" sha1="ccf4e2854bd3e68e5e99efd7caa1bd16b64fc22e" />
	</machine>
	<machine name="opusutil">
		<description>Opus Utilities Disc</description>
		<year>1983</year>
		<publisher>Opus</publisher>
		<rom name="OpusUtilitiesDisc.ssd" size="27136" crc="e6296326" sha1="c5a1e4ef2cf62c34b50e1c107454e950d92d3d3a" />
	</machine>
	<machine name="oxpascal">
		<description>Oxford Pascal</description>
		<year>1985</year>
		<publisher>Oxford Computer Systems</publisher>
		<rom name="Oxford_Pascal.ssd" size="92672" crc="fb618111" sha1="2f031ed76eb56676de61e5f379c2fad048c67ed3" />
	</machine>
	<machine name="paranoid">
		<description>Paranoid</description>
		<year>1990</year>
		<publisher>Cervin Games</publisher>
		<rom name="Paranoid.ssd" size="73984" crc="4f9fc969" sha1="07f1be5511f5391a2759304986b16d321241f0d5" />
	</machine>
	<machine name="phquestt">
		<description>Philosopher's Quest (Topologika)</description>
		<year>1987</year>
		<publisher>Topologika</publisher>
		<rom name="Philosopher's Quest.ssd" size="84480" crc="20fa815c" sha1="80f06f7daf55acd3cd5803cf2393503441a59185" />
	</machine>
	<machine name="pirate">
		<description>Pirate</description>
		<year>1986</year>
		<publisher>Chalksoft</publisher>
		<rom name="Pirate (Chalksoft).ssd" size="102400" crc="25bba368" sha1="1c100059d8f5ce28e18784d086e22f9de9654ddc" />
	</machine>
	<machine name="pixlperf">
		<description>Pixel Perfect</description>
		<year>1987</year>
		<publisher>AVP Computing</publisher>
		<rom name="Pixel Perfect FONT DISC.ssd" size="102400" crc="08e9f5b1" sha1="0bf185e829efe6a4502813a8fdcce311d6e8849d" />
		<rom name="Pixel Perfect MASTER DISC.ssd" size="102400" crc="c08f1a10" sha1="9f4f5cc8b810ec116ed0e33d6c4419b1632bb7c4" />
		<rom name="Pixel Perfect PAGE DISC.ssd" size="102400" crc="5eaeb803" sha1="a53b7b55e56b7fee947ff0da353a4c40ae84a01f" />
	</machine>
	<machine name="popquiz">
		<description>Pop Quiz</description>
		<year>198?</year>
		<publisher>&lt;unknown&gt;</publisher>
		<rom name="popquiz_db1.ssd" size="188416" crc="71cf1522" sha1="71f310a01afee915767fe49ff38628e143cb248c" />
		<rom name="popquiz_db2.ssd" size="188416" crc="d82638f4" sha1="195a3c52c4ee5f44d9acd8d45e9719669f1a0d96" />
		<rom name="popquiz_db3.ssd" size="188416" crc="ec14e78b" sha1="a6a6d1965008e9586bd56cd7f060b8ebca38c683" />
		<rom name="popquiz_db4.ssd" size="188416" crc="8a2c865d" sha1="8b39e8f0c3c5c242efcd387ca9e973f4c32b4b43" />
		<rom name="popquiz_master.ssd" size="82432" crc="28aed61a" sha1="1e2d25b7b35470205389603b299a13320d79a893" />
	</machine>
	<machine name="qpfonts">
		<description>Quest Page Fonts</description>
		<year>1987</year>
		<publisher>Watford Electronics</publisher>
		<rom name="QuestPageFonts.ssd" size="80384" crc="025f5026" sha1="253075d3efcfc478cbac3eacaf55c32c0ea5bdb8" />
	</machine>
	<machine name="qpmfonts">
		<description>Quest Pagemaker Fonts</description>
		<year>1987</year>
		<publisher>Watford Electronics</publisher>
		<rom name="QuestPagemakerFonts.ssd" size="95744" crc="1c540b1a" sha1="5ca420717d04bebbd05f4f54e117e3e8d4790496" />
	</machine>
	<machine name="qputils">
		<description>Quest Paint Utility Disc</description>
		<year>1987</year>
		<publisher>Watford Electronics</publisher>
		<rom name="QuestPaint_UtilityDisc.ssd" size="67840" crc="4dc47d83" sha1="129b146d2fcf5d75e9c5769437006eb735f52479" />
	</machine>
	<machine name="quill">
		<description>The Quill (A03)</description>
		<year>1985</year>
		<publisher>Gilsoft</publisher>
		<rom name="quill00\The Quill A00 (1985)(Gilsoft).ssd" size="204800" crc="8578f744" sha1="6beafe69e3b9aba39908f4bcc98c00dedc4f9c2c" />
		<rom name="The Quill A03 (1985)(Gilsoft).ssd" size="204800" crc="2d4ae9d7" sha1="596fd6983324146c12eca04aa02c047e9ade97e0" />
	</machine>
	<machine name="quinkey">
		<description>Quinkey</description>
		<year>1983</year>
		<publisher>Microwriter</publisher>
		<rom name="quinkey.ssd" size="46336" crc="05630cbb" sha1="453c8a36687c1de9edd276b786e8af23cc01f7bd" />
	</machine>
	<machine name="retdoom">
		<description>Return to Doom</description>
		<year>1988</year>
		<publisher>Topologika</publisher>
		<rom name="Return to Doom.ssd" size="112640" crc="f993826d" sha1="fe88ef0e92d06f33272613575a2a2502b28d7c41" />
	</machine>
	<machine name="revsdemo">
		<description>Revs Demo</description>
		<year>1985</year>
		<publisher>Acornsoft</publisher>
		<rom name="Revs Demo.ssd" size="30720" crc="41097c26" sha1="a5151f5286bdfd60d37eb0e1877525dee34d696a" />
	</machine>
	<machine name="rhythmkr">
		<description>Rhythm Maker</description>
		<year>1989</year>
		<publisher>E.S.P.</publisher>
		<rom name="Rhythm Maker (ESP).ssd" size="102400" crc="07e41dd0" sha1="f337e45544a69b8cc1f03ece0c82c388ebaa6fde" />
	</machine>
	<machine name="scavhunt">
		<description>Scavenger Hunt</description>
		<year>1984</year>
		<publisher>Jacaranda Software</publisher>
		<rom name="scavenger_hunt.ssd" size="102400" crc="1aebeea2" sha1="b964f4c81e0f629c2bfc63e68be4ba016a65ba57" />
	</machine>
	<machine name="sciencesh">
		<description>Science - Start Here!</description>
		<year>1987</year>
		<publisher>Central Software</publisher>
		<rom name="Science Start Here - Birds.ssd" size="102400" crc="d1953425" sha1="04ad7abfc7794339596143d30da1061b28c0f252" />
		<rom name="Science Start Here - Myself.ssd" size="102400" crc="85d59681" sha1="70b6503a233de49a846ab6d37fafc429f766dc04" />
		<rom name="Science Start Here - Weather.ssd" size="102400" crc="92a082fe" sha1="96593ba84836b34b2bf785d4874bd5ffbc80144d" />
	</machine>
	<machine name="scrabble">
		<description>Scrabble</description>
		<year>1984</year>
		<publisher>Leisure Genius</publisher>
		<rom name="Scrabble.ssd" size="27904" crc="5a4acaef" sha1="f708cb357ba9de9bac255d758b5da024bb35c754" />
	</machine>
	<machine name="sellador">
		<description>Selladore Tales</description>
		<year>1991</year>
		<publisher>Sherston Software</publisher>
		<rom name="Selladore Tales Startup Disk.ssd" size="102400" crc="db7d8bb2" sha1="3eeafedd9dcb8ae2e0c7b7d31c5a54a143c14f17" />
		<rom name="Selladore Tales User Disk.ssd" size="102400" crc="7dc94c38" sha1="761361d511f37f7020aff9199d8bdcded19f43d9" />
	</machine>
	<machine name="shapeup">
		<description>Shape Up</description>
		<year>1987</year>
		<publisher>GSN Software</publisher>
		<rom name="Shape Up (GSN).ssd" size="102400" crc="d702a090" sha1="091c3476b72614ff5ce4ac645be843d93fd024a8" />
	</machine>
	<machine name="sidquiz">
		<description>Beeb SID Quiz</description>
		<year>2010</year>
		<publisher>&lt;homebrew&gt;</publisher>
		<rom name="sidquiz.dsd" size="240640" crc="0a47bf55" sha1="26b9413b47f1e5d6b0fd501efcc73ab302fa3cff" />
	</machine>
	<machine name="snapple">
		<description>Snapple Hopper</description>
		<year>1985</year>
		<publisher>Macmillian</publisher>
		<rom name="Snapple Hopper.ssd" size="102400" crc="ba35ce9e" sha1="7731af036d80e3ae66d2f4062f8d93c0b9de0963" />
	</machine>
	<machine name="spell">
		<description>Spell!</description>
		<year>198?</year>
		<publisher>Database Publications</publisher>
		<rom name="Spell (Database).ssd" size="204800" crc="1a00c48c" sha1="164923b68d9d7637b9d567639d676528628978ba" />
	</machine>
	<machine name="ssdemo">
		<description>Superior Software - Demonstration Disc</description>
		<year>1983</year>
		<publisher>Superior Software (Demo)</publisher>
		<rom name="superiorsoftware-demo.ssd" size="156672" crc="f1142517" sha1="32faa9add514534bd94e0e6a8c01ae2a165e9922" />
	</machine>
	<machine name="ssgames">
		<description>Superior Software - Games on Disc</description>
		<year>1983</year>
		<publisher>Superior Software (Demo)</publisher>
		<rom name="superiorsoftware-games.ssd" size="78336" crc="01309c6b" sha1="731c3410fff438b0afe3c0a9f89e2c15898752b4" />
	</machine>
	<machine name="starspelp">
		<description>Starspell Plus</description>
		<year>1986</year>
		<publisher>Fisher-Marriott</publisher>
		<rom name="starspelpe\Starspell Plus (Early) (Fisher-Marriott).ssd" size="204800" crc="7bd0b00e" sha1="9878b168191b475881cd6ec162730bb6d65d7854" />
		<rom name="Starspell Plus (Fisher-Marriott).ssd" size="102400" crc="43f94ccc" sha1="67fe665f659aca1e4de93b54d1176bbc01252d9d" />
	</machine>
	<machine name="starwars">
		<description>Star Wars</description>
		<year>1987</year>
		<publisher>Domark</publisher>
		<rom name="StarWars.ssd" size="40448" crc="0553f5ee" sha1="402bac49448f0ac6fe947ca8a75bc0e68cf0126b" />
	</machine>
	<machine name="stlpack1">
		<description>Solidisk Software Pack 1</description>
		<year>1985</year>
		<publisher>Solidisk Technology</publisher>
		<rom name="stl_vol1.ssd" size="204800" crc="dd095730" sha1="b8eb49a247b844c429b074d144dfa5de43bce2ef" />
		<rom name="stl_vol2.ssd" size="204800" crc="2ecbd35e" sha1="97c684b883f0a4f05eb2e67562173d26d7db8aa3" />
		<rom name="stl_vol3.ssd" size="204800" crc="bf08e074" sha1="b8e78d782857cf513d9f69a4be0094865a41a4c9" />
		<rom name="stl_vol4.ssd" size="204800" crc="fdbc91c5" sha1="85888fb83acc04b64f45a189cbdbdbb87b561e17" />
		<rom name="stl_vol5.ssd" size="204800" crc="945cb82a" sha1="c5a38bf57c527593bb3222f89af555828b09420d" />
	</machine>
	<machine name="stlpack2">
		<description>Solidisk Software Pack 2</description>
		<year>1985</year>
		<publisher>Solidisk Technology</publisher>
		<rom name="stl_vol6.ssd" size="204800" crc="fdbfb36e" sha1="8eee5796936bb71acfd3ef1c8df08a97f61329cb" />
		<rom name="stl_vol7.ssd" size="204800" crc="a1904110" sha1="b0f3aface21c890aeedaf206144a51664762227c" />
		<rom name="stl_vol8.ssd" size="204800" crc="954de889" sha1="4f7a136580afe214fab309dbc02a7b0b4dfb24c0" />
		<rom name="stl_vol9.ssd" size="204800" crc="f5b62848" sha1="e8c3e76c89c6ab3be44918d3c3bfc388fec05957" />
		<rom name="stl_vol10.ssd" size="204800" crc="92ff5df5" sha1="8ded11ee54d9b7b0bbe1a4cae4cd28c281810ccc" />
	</machine>
	<machine name="supcoll1">
		<description>The Superior Collection Vol.1</description>
		<year>1987</year>
		<publisher>Superior Software/Acornsoft</publisher>
		<rom name="SuperiorCollectionVol1-Disk1.ssd" size="82688" crc="ab2cea40" sha1="f091c7f8b3a1e8e9d3b72bdd16dab266031f8e0f" />
		<rom name="SuperiorCollectionVol1-Disk2.ssd" size="99840" crc="3702bcca" sha1="5774a78efb66c4c74765ebd02cf40cb324eb1c23" />
	</machine>
	<machine name="supcoll2">
		<description>The Superior Collection Vol.2</description>
		<year>1987</year>
		<publisher>Superior Software/Acornsoft</publisher>
		<rom name="SuperiorCollectionVol2-Disk1.ssd" size="79104" crc="203d27b6" sha1="9d8e21a0b921f86dce0b6eafe1933791456c4a32" />
		<rom name="SuperiorCollectionVol2-Disk2.ssd" size="90880" crc="5c784da3" sha1="1d7fa62287eb403c2a48ce2c2d2f7f4bbdaf860f" />
	</machine>
	<machine name="swdmastr">
		<description>Sword Master</description>
		<year>1985</year>
		<publisher>Acorn User</publisher>
		<rom name="SwordMaster.ssd" size="27136" crc="26d61035" sha1="11517768c7c40afab63e8f61542959ed37a1bae8" />
	</machine>
	<machine name="tcrosswd">
		<description>The Times Computer Crosswords Vol.1</description>
		<year>1988</year>
		<publisher>Akom Limited</publisher>
		<rom name="The Times Crosswords Volume 1-Side1.ssd" size="102400" crc="9b84fe62" sha1="d1ccb5057557cc380a9839cbf365bd0bb4dfe1a3" />
		<rom name="The Times Crosswords Volume 1-Side2.ssd" size="102400" crc="6328fef8" sha1="02ee8578ad37ac07a52ba4114dd448fba1d80c62" />
	</machine>
	<machine name="timeshar">
		<description>TimeShare</description>
		<year>1987</year>
		<publisher>Fisher-Marriott</publisher>
		<rom name="TimeShare (Fisher-Marriott).ssd" size="102400" crc="60aa3359" sha1="d5d9dd3d8fb03882380e4c2b78dcd35304bc3150" />
	</machine>
	<machine name="tmslib3">
		<description>The Music System Song Library 3: 400 Years of Music</description>
		<year>1984</year>
		<publisher>Island Logic</publisher>
		<rom name="TMS_SongLibrary3.ssd" size="102400" crc="55693fda" sha1="e1da0ed94747e763e17bde4386dbb95cb7a47d80" />
	</machine>
	<machine name="tmslib4">
		<description>The Music System Song Library 4: Mainly Bach</description>
		<year>1984</year>
		<publisher>Island Logic</publisher>
		<rom name="TMS_SongLibrary4.ssd" size="102400" crc="22110db5" sha1="1c5ae87fc0b0b51d41ea12d7ccff5949486e2209" />
	</machine>
	<machine name="tmslib5">
		<description>The Music System Song Library 5: Ian Waugh Originals</description>
		<year>1984</year>
		<publisher>Island Logic</publisher>
		<rom name="TMS_SongLibrary5.ssd" size="102400" crc="11f01076" sha1="70ff66dbc8d06c1b4014fbb7f678bc7c5e0f3587" />
	</machine>
	<machine name="tmslib6">
		<description>The Music System Song Library 6: Old Favourites</description>
		<year>1984</year>
		<publisher>Island Logic</publisher>
		<rom name="TMS_SongLibrary6.ssd" size="102400" crc="2b6056fc" sha1="4f987738d9e9bbebc8679580f740015d7aea6063" />
	</machine>
	<machine name="tmsys">
		<description>The Music System</description>
		<year>1984</year>
		<publisher>Island Logic</publisher>
		<rom name="tmsys86\TheMusicSystem(1986).ssd" size="102400" crc="fc61c400" sha1="359e360a5cd37870a68d515ac2264217192a7fee" />
		<rom name="TheMusicSystem.ssd" size="91904" crc="1b37dd8a" sha1="14f58e8adfe8b4c0bd9ee7b2796e0da092c59eb6" />
		<rom name="TMS_SongLibrary.ssd" size="102400" crc="b9cf1020" sha1="86390f123c4f97e1fe8bca611ad12325bf5857c7" />
	</machine>
	<machine name="tmsysutil">
		<description>The Music System (incl. Utilities)</description>
		<year>1984</year>
		<publisher>Island Logic</publisher>
		<rom name="MusicSystemUtils.ssd" size="204800" crc="e6954abc" sha1="b4aea7977c12bdc33ec639a4ff8e9267deb163a5" />
	</machine>
	<machine name="tracker">
		<description>MEDL Tracker Ball Utilities</description>
		<year>1985</year>
		<publisher>MEDL</publisher>
		<rom name="Trackerball Utilities.ssd" size="204800" crc="a21d155e" sha1="bd2a2b29098e81bbe17c76a55e70e80f67a3f225" />
	</machine>
	<machine name="treeknow">
		<description>Tree of Knowledge</description>
		<year>1983</year>
		<publisher>Acornsoft</publisher>
		<rom name="Tree of Knowledge(1983)(Acornsoft).ssd" size="102400" crc="71762857" sha1="90cf78f488804dc0bfc2a8005f20232378de3601" />
	</machine>
	<machine name="triviabb">
		<description>Trivial Pursuit - Baby Boomer Edition</description>
		<year>1986</year>
		<publisher>Domark</publisher>
		<rom name="Trivial Pursuit Baby Boomer Edition (Domark).ssd" size="179200" crc="b65fdcbe" sha1="a10ea2cb66e95df53e2c5ab2d01d617a539c8c1b" />
	</machine>
	<machine name="trivialg">
		<description>Trivial Pursuit - Genus Edition</description>
		<year>1986</year>
		<publisher>Domark</publisher>
		<rom name="Trivial Pursuit Genus Edition (Domark).ssd" size="163840" crc="b56d7876" sha1="26af5eae4de2ebd46abb91223670997a02f76e44" />
	</machine>
	<machine name="triviayp">
		<description>Trivial Pursuit - Young Players Edition</description>
		<year>1986</year>
		<publisher>Domark</publisher>
		<rom name="Trivial Pursuit Young Players Edition (Domark).ssd" size="184320" crc="16cbb180" sha1="9d5582818b302a3ff9cf419a11f53117d500e517" />
	</machine>
	<machine name="tyb01">
		<description>Mix Mania!</description>
		<year>1990</year>
		<publisher>The Yorkshire Boys</publisher>
		<rom name="d-tyb01.dsd" size="396288" crc="a33a24fb" sha1="d7305e13715c1509a607dc556e4a0f8904552886" />
	</machine>
	<machine name="tyb02">
		<description>Sample Disc: 01</description>
		<year>1991</year>
		<publisher>The Yorkshire Boys</publisher>
		<rom name="d-tyb02.dsd" size="409600" crc="41c61852" sha1="268882bec4325f52d754d56f4776fd935213a44b" />
	</machine>
	<machine name="tyb03">
		<description>Sample Disc: 02</description>
		<year>1991</year>
		<publisher>The Yorkshire Boys</publisher>
		<rom name="d-tyb03.dsd" size="408064" crc="f48fa2ff" sha1="5ce1c1b9e168f4365a6638f30110290056ed102f" />
	</machine>
	<machine name="tyb04">
		<description>Sample Disc: 03</description>
		<year>1991</year>
		<publisher>The Yorkshire Boys</publisher>
		<rom name="d-tyb04.dsd" size="409600" crc="0d198ab9" sha1="319741a941881eecd569f75f4cf979d23586e7f9" />
	</machine>
	<machine name="tyb05">
		<description>Mix Mania 2: Vol.1</description>
		<year>1991</year>
		<publisher>The Yorkshire Boys</publisher>
		<rom name="d-tyb05.dsd" size="409088" crc="ee25ffa3" sha1="580fd2d5ef8fd9741da6f9372474cb33446dbd57" />
	</machine>
	<machine name="tyb06">
		<description>Mix Mania 2: Vol.2</description>
		<year>1991</year>
		<publisher>The Yorkshire Boys</publisher>
		<rom name="d-tyb06.dsd" size="407296" crc="86b05fed" sha1="58b0e06d85a32ef9d2b16790469498fac0820f49" />
	</machine>
	<machine name="tyb07">
		<description>Retribution X Demo</description>
		<year>1991</year>
		<publisher>The Yorkshire Boys</publisher>
		<rom name="d-tyb07.dsd" size="348416" crc="bcdf24be" sha1="59916e1cc04400bb0fbac463882beeeaa25da31b" />
	</machine>
	<machine name="tyb08">
		<description>Miscellaneous PD Disc</description>
		<year>????</year>
		<publisher>The Yorkshire Boys</publisher>
		<rom name="d-tyb08.ssd" size="156160" crc="0ff117d8" sha1="8349782894b33eb49b03eea18c1d1109fdf65a24" />
	</machine>
	<machine name="tyb09">
		<description>The Joseph Lavery Collection</description>
		<year>1991</year>
		<publisher>The Yorkshire Boys</publisher>
		<rom name="d-tyb09.ssd" size="204800" crc="94340d71" sha1="485909c44b5ac0e9f601b3bc1e67e5ee03d05cbc" />
	</machine>
	<machine name="tyb10">
		<description>Digitised Artwork</description>
		<year>1991</year>
		<publisher>The Yorkshire Boys</publisher>
		<rom name="d-tyb10.ssd" size="199680" crc="7e0102d2" sha1="96ca4a397eb2ff96264bca3f12b4e446b48d905e" />
	</machine>
	<machine name="tyb11">
		<description>Mandlebrot Pictures</description>
		<year>1991</year>
		<publisher>The Yorkshire Boys</publisher>
		<rom name="d-tyb11.ssd" size="122880" crc="7c8e9b4d" sha1="75b846134c66d7b8451fabe4b89a4aa62896ee6d" />
	</machine>
	<machine name="tyb12">
		<description>PD Desk Top Publisher</description>
		<year>1991</year>
		<publisher>The Yorkshire Boys</publisher>
		<rom name="d-tyb12.ssd" size="88320" crc="c9207914" sha1="610b6c40b3bc0c7f3b341414bf2896375afb6ef2" />
	</machine>
	<machine name="uim">
		<description>U.I.M.</description>
		<year>1989</year>
		<publisher>4th Dimension</publisher>
		<rom name="uim.ssd" size="124928" crc="08871fd4" sha1="c08e86fde0c8faa154eca45fab70c915d9b9c526" />
	</machine>
	<machine name="utilram">
		<description>UTILRAM: The Utility RAM</description>
		<year>1987</year>
		<publisher>Tubelink</publisher>
		<rom name="Utility RAM (Tubelink).ssd" size="102400" crc="9f4c7b3d" sha1="02a82744c7de260e5a52eddb98443cd03420fae6" />
	</machine>
	<machine name="vci">
		<description>Video Camera Interface</description>
		<year>1984</year>
		<publisher>Data Harvest</publisher>
		<rom name="VideoCameraInterface-DataHarvest.ssd" size="98304" crc="25b1f1be" sha1="f3cd82be317b22cccd6df042b82fc2f0338b5f74" />
	</machine>
	<machine name="viewindex">
		<description>ViewIndex</description>
		<year>1984</year>
		<publisher>Acornsoft</publisher>
		<rom name="ViewIndex.ssd" size="204800" crc="1dde7223" sha1="217cce43355ada9287fced9cdebe31d126ca324e" />
	</machine>
	<machine name="viewspell">
		<description>ViewSpell</description>
		<year>1985</year>
		<publisher>Acornsoft</publisher>
		<rom name="ViewSpell.ssd" size="204800" crc="19c51788" sha1="e617b22f44957963247db986a01f1ab8b98c4437" />
	</machine>
	<machine name="viewstore">
		<description>ViewStore</description>
		<year>1985</year>
		<publisher>Acornsoft</publisher>
		<rom name="ViewStore.ssd" size="102400" crc="6001906e" sha1="37008941dc584eff55c58844bd77143c4f3fe84a" />
	</machine>
	<machine name="vnula">
		<description>VideoNuLA Support Disc</description>
		<year>2017</year>
		<publisher>Rob Coleman</publisher>
		<rom name="VideoNuLA Support Disc.ssd" size="36864" crc="a2dfc1fa" sha1="9cc6c6f45695a5dc3be9ea9d6d9f2237b8203ecb" />
	</machine>
	<machine name="wedit">
		<description>The Wapping Editor Utilities 1.30</description>
		<year>1988</year>
		<publisher>Watford Electronics</publisher>
		<rom name="wedit121\WappingEditorUtilities_1.21.ssd" size="102400" crc="4ce8e621" sha1="4828e13b038055fe2a325e55da3912bee9bf74b7" />
		<rom name="WappingEditorUtilities_1.30.ssd" size="102400" crc="029759c7" sha1="a1de2fc1a642888bb5de9a5c859bb758ae74d869" />
	</machine>
	<machine name="weenies">
		<description>Weenies</description>
		<year>2003</year>
		<publisher>Cronosoft</publisher>
		<rom name="Weenies.ssd" size="204800" crc="7a12cc4f" sha1="2fa3c8bcd95459a00014e54391ee1898f52a8a2c" />
	</machine>
	<machine name="welcome">
		<description>Welcome and Disc Utils</description>
		<year>1982</year>
		<publisher>Acorn</publisher>
		<rom name="welcome.ssd" size="78336" crc="03728f14" sha1="d212aa33a14b30dc2ff64920f834fe8c4e6715cc" />
	</machine>
	<machine name="weromram">
		<description>WE Utilities Disc for ROM/RAM Expansion Board</description>
		<year>1986</year>
		<publisher>Watford Electronics</publisher>
		<rom name="we_romram_utilities.ssd" size="102400" crc="7ec0ed6d" sha1="575e385bb61b310619647d0b0645c714bebe3543" />
	</machine>
	<machine name="whalegam">
		<description>Whale Games</description>
		<year>1988</year>
		<publisher>Topologika</publisher>
		<rom name="Whale Games.ssd" size="102400" crc="bee1ab4c" sha1="c57b05d4ce561d1cc4efe0c3cad41c993861c150" />
	</machine>
	<machine name="whimagi2">
		<description>White Magic 2</description>
		<year>1989</year>
		<publisher>4th Dimension</publisher>
		<rom name="white magic 2.ssd" size="102400" crc="8d3ed4da" sha1="fe11e69648bae6e1c6fdfc54cdde91b816ca7e85" />
	</machine>
	<machine name="whimagic">
		<description>White Magic</description>
		<year>1989</year>
		<publisher>4th Dimension</publisher>
		<rom name="white magic.ssd" size="88832" crc="81988eaf" sha1="04aed4908320aa5befb11aa9d8d707bcdc493b79" />
	</machine>
	<machine name="whitelt">
		<description>White Light</description>
		<year>2017</year>
		<publisher>Retro Software</publisher>
		<rom name="WhiteLight-v10_BBCMicro-DFS.ssd" size="204800" crc="813285df" sha1="dd1bf2af17dadec1c33f4caac8e4ff8394640007" />
	</machine>
	<machine name="wizretn">
		<description>The Wizard's Return</description>
		<year>1985</year>
		<publisher>Sherston Software</publisher>
		<rom name="TheWizardsReturnPart1.ssd" size="102400" crc="cfc6793a" sha1="4c5dcc40c8d5da87c3195420551c15d23ef39f59" />
		<rom name="TheWizardsReturnPart2.ssd" size="102400" crc="b119a085" sha1="613e1de1a297adab19e3d63aece6c1c85b2bfc42" />
	</machine>
	<machine name="wordskill">
		<description>Word Skill</description>
		<year>1984</year>
		<publisher>Chalksoft</publisher>
		<rom name="Word Skill (Chalksoft).ssd" size="102400" crc="2f110c6e" sha1="8baa49853bcb420f089d2872b8336f465e349664" />
	</machine>
	<machine name="wrldword">
		<description>World Without Words</description>
		<year>1988</year>
		<publisher>4mation</publisher>
		<rom name="world without words.ssd" size="102400" crc="576db44b" sha1="c2cb171af63296eb00bdb56a3b47ed0073ddc764" />
	</machine>
	<machine name="wwtyping">
		<description>Typing Tutor for Wordwise Plus</description>
		<year>1983</year>
		<publisher>Computer Concepts</publisher>
		<rom name="wordwise_plus_typing_tutor.ssd" size="53760" crc="5575f916" sha1="79dbcf679672b068d31ba14aaa98ec4bbb0bafa5" />
	</machine>
	<machine name="xpansion">
		<description>X-Pansions Elevation</description>
		<year>1991</year>
		<publisher>The Yorkshire Boys</publisher>
		<rom name="tyb-expansions.ssd" size="81920" crc="d0bc04b3" sha1="5f09b1f385e02df99c004d068f234fe249c54c33" />
	</machine>
	<machine name="z88link">
		<description>BBC-Z88 Transfer Link</description>
		<year>1988</year>
		<publisher>Watford Electronics</publisher>
		<rom name="BBC-Z88_Transfer_Link.ssd" size="20992" crc="0b3eecf1" sha1="0d6a7371a04b233acd2d58655ac333535aa12c4e" />
	</machine>
	<machine name="zap">
		<description>Zap!</description>
		<year>2009</year>
		<publisher>Retro Software</publisher>
		<rom name="Zap (2009)(Retro Software).ssd" size="44032" crc="12dbbc47" sha1="535e24688f3a9c00aee9b9cba678c25961c4564c" />
	</machine>
	<machine name="zen">
		<description>Zen</description>
		<year>2012</year>
		<publisher>&lt;homebrew&gt;</publisher>
		<rom name="Zen.2012.REL.ssd" size="143360" crc="707564ee" sha1="48e7eceb5e1c7265e2f1b1d03ccc875e5c9179a2" />
	</machine>
	<machine name="ziggy">
		<description>Ziggy</description>
		<year>1987</year>
		<publisher>Audiogenic</publisher>
		<rom name="Ziggy.ssd" size="102400" crc="6f8b22c2" sha1="e2ed1211fb22d5a7db53050c1043e24fa1abcc77" />
	</machine>
	<machine name="zillion">
		<description>Zillion</description>
		<year>1990</year>
		<publisher>Sherston Software</publisher>
		<rom name="Zillion Planet (Sherston).ssd" size="102400" crc="b360c9ef" sha1="4a3f7374313958976071a217ffa419889f1eb8b6" />
		<rom name="Zillion Solar (Sherston).ssd" size="102400" crc="6980e5d3" sha1="19c2409ee1baadc2acf33ed7f48ca4632658e959" />
		<rom name="Zillion Startup (Sherston).ssd" size="102400" crc="47ad8b0c" sha1="2e5af30a7cf35660ca3388be8b87e9e81740708d" />
	</machine>
</datafile>