<?xml version="1.0" encoding="utf-8"?>
<!DOCTYPE datafile PUBLIC "-//Logiqx//DTD ROM Management Datafile//EN" "http://www.logiqx.com/Dats/datafile.dtd">
<datafile>
	<header>
		<name>bbcm_flop</name>
		<description>Acorn BBC Master disks</description>
		<version>0.267</version>
		<author>Pleasuredome</author>
	</header>
	<machine name="amxsartm">
		<description>AMX Super Art (Master)</description>
		<year>1986</year>
		<publisher>Advanced Memory Systems</publisher>
		<rom name="amx_superart_master.ssd" size="102400" crc="3dff4b7f" sha1="d67cb13474f2cf836ea0655f800c39ace6a1d0b2" />
	</machine>
	<machine name="elitexec">
		<description>Elite (Executive Edition)</description>
		<year>1986</year>
		<publisher>Acornsoft</publisher>
		<rom name="elite_executive.ssd" size="204800" crc="f10aea60" sha1="cbd40dd9cad231f2f093e64665a69b64ddab5608" />
	</machine>
	<machine name="enjoy">
		<description>Enjoy The Silence</description>
		<year>1990</year>
		<publisher>The Yorkshire Boys</publisher>
		<rom name="tyb-enjoy.ssd" size="97280" crc="2f8dafe5" sha1="15c05a7e8c2b130ab99accee0a867467acda1774" />
	</machine>
	<machine name="fsdd">
		<description>FileStore Dealer Test Disc</description>
		<year>1986</year>
		<publisher>Acorn</publisher>
		<rom name="fsdd.adl" size="655360" crc="77560540" sha1="c60e1df1aff74cb491234140577137c65c55be0a" />
	</machine>
	<machine name="mhdutils3">
		<description>Morley Hard Disc Utilities v3.00</description>
		<year>1990</year>
		<publisher>Morley Electronics</publisher>
		<rom name="HardDiscUtil80-MorleyElectronics.adm" size="327680" crc="f1f9d916" sha1="82f1d7da12250a6d5d232625784ac7e8bbc7bff2" />
	</machine>
	<machine name="pop">
		<description>Prince of Persia</description>
		<year>2018</year>
		<publisher>Bitshifters</publisher>
		<rom name="pop-beeb.ssd" size="201472" crc="4fcebaca" sha1="1b317c72a8fac9b2bcd0fcb5d8eab2bbbf7d035d" />
	</machine>
	<machine name="retribx">
		<description>Retribution X</description>
		<year>1992</year>
		<publisher>The Yorkshire Boys</publisher>
		<rom name="tyb-retribution.dsd" size="409600" crc="33ee87cb" sha1="346e6b2f266b663845dc5f1d71666dcdcf5f1083" />
	</machine>
	<machine name="sidmusic1">
		<description>SID Music 1</description>
		<year>2009</year>
		<publisher>&lt;homebrew&gt;</publisher>
		<rom name="SID Music 1.dsd" size="409600" crc="16174039" sha1="c56297fc9dc5c664a66add30b8b8e1fa45ec7042" />
	</machine>
	<machine name="sidmusic2">
		<description>SID Music 2</description>
		<year>2009</year>
		<publisher>&lt;homebrew&gt;</publisher>
		<rom name="SID Music 2.dsd" size="277761" crc="c9e4a751" sha1="aca511d63a5a74a2c3cb7a8bb9a3db57a9a5ac34" />
	</machine>
	<machine name="teletxtr">
		<description>Teletextr</description>
		<year>2017</year>
		<publisher>Bitshifters</publisher>
		<rom name="bs-teletextr.ssd" size="96256" crc="ea864dda" sha1="a8c0ea5c0410e1afbb9338208d437885fb60e943" />
	</machine>
	<machine name="welcomem">
		<description>Welcome &amp; Utilities Disc</description>
		<year>1986</year>
		<publisher>Acorn</publisher>
		<rom name="masterwelcome.adl" size="655360" crc="606598eb" sha1="13cb8944fc6905bc601a94b5c271d1df2b0a4644" />
	</machine>
</datafile>