<?xml version="1.0" encoding="utf-8"?>
<!DOCTYPE datafile PUBLIC "-//Logiqx//DTD ROM Management Datafile//EN" "http://www.logiqx.com/Dats/datafile.dtd">
<datafile>
	<header>
		<name>bw14</name>
		<description>Bondwell 14 disk images</description>
		<version>0.267</version>
		<author>Pleasuredome</author>
	</header>
	<machine name="calcstar">
		<description>CalcStar v1.45</description>
		<year>1983</year>
		<publisher>MicroPro International</publisher>
		<rom name="calcstar.cqm" size="368974" crc="78855358" sha1="bdf5bc01f2eca7a5b264df7a5367622270f17631" />
	</machine>
	<machine name="cpm30">
		<description>CP/M 3.02</description>
		<year>1984</year>
		<publisher>Digital Research Inc.</publisher>
		<rom name="cpm3sys1.cqm" size="368974" crc="22b4904b" sha1="cc5fcbf445281625bf9f670d7bbc1f88e0b0f5af" />
		<rom name="cpm3sys2.cqm" size="368974" crc="6285e8cc" sha1="3886f19a73f4f83db524df5b217f86dfa86bd8c4" />
	</machine>
	<machine name="datastar">
		<description>DataStar v1.41</description>
		<year>1982</year>
		<publisher>MicroPro International</publisher>
		<rom name="datastarc\datastar_v141c.cqm" size="368974" crc="65459fa1" sha1="f61c14a3cb4f4a36a53c8c343d236983db1c5506" />
		<rom name="datastar.cqm" size="368974" crc="a67d06bd" sha1="13298801950eb3fdbbb4b2f9604b7b5cb0619629" />
	</machine>
	<machine name="repstar">
		<description>ReportStar v1.02</description>
		<year>1982</year>
		<publisher>MicroPro International</publisher>
		<rom name="reportstar.cqm" size="368974" crc="cb7512ec" sha1="547ccb4401d59d6691790a9b7465a5bdff102207" />
		<rom name="reportstar_installation.cqm" size="368974" crc="0e017a2c" sha1="af55804ff8b59d7ce4782f7c7ba31ad6a8eeca89" />
	</machine>
	<machine name="wordstar">
		<description>WordStar v3.30</description>
		<year>1983</year>
		<publisher>MicroPro International</publisher>
		<rom name="wordstar.cqm" size="368974" crc="2c443cf8" sha1="b647902c851a7a037bb7f6ceb8d37e018d25f9fc" />
		<rom name="wordstar_installation.cqm" size="368974" crc="37c19ef0" sha1="2fcd919a8c32acbb3d66d2eedba5da3fe587d400" />
	</machine>
</datafile>