<?xml version="1.0" encoding="utf-8"?>
<!DOCTYPE datafile PUBLIC "-//Logiqx//DTD ROM Management Datafile//EN" "http://www.logiqx.com/Dats/datafile.dtd">
<datafile>
	<header>
		<name>clickstart_cart</name>
		<description>LeapFrog ClickStart cartridges</description>
		<version>0.267</version>
		<author>Pleasuredome</author>
	</header>
	<machine name="aniart">
		<description>Animal Art Studio (UK)</description>
		<year>2007</year>
		<publisher>LeapFrog</publisher>
		<rom name="aniarts\500-12887-a - estudio de arte animal (sp).bin" size="4194304" crc="11920f3a" sha1="c6c1f153a6e17a31da1a079f2c8e0e57947d2ac9" />
		<rom name="500-12780-a - animal art studio (uk).bin" size="4194304" crc="f1390fea" sha1="3ace0c1b1ffe883e2dda8976c24f47729df53191" />
	</machine>
	<machine name="backyardigans">
		<description>Nick Jr. The Backyardigans (UK)</description>
		<year>2007</year>
		<publisher>LeapFrog / VIACOM</publisher>
		<rom name="500-12892-a - the backyardigans (uk).bin" size="4194304" crc="d33777fd" sha1="3245cd4f86cf7d1e59f9484eeb61078981fcf6e8" />
	</machine>
	<machine name="bobbuild">
		<description>Bob the Builder - Project: Learn It! (UK)</description>
		<year>2008</year>
		<publisher>LeapFrog</publisher>
		<rom name="500-13084-a - bob the builder (uk).bin" size="4194304" crc="387920df" sha1="ac071987f5389604f368ea0a59962a0c28f73a80" />
	</machine>
	<machine name="cars">
		<description>Disney/Pixar The World of Cars - The Road to Learning! (UK)</description>
		<year>2008</year>
		<publisher>LeapFrog / Disney / Pixar</publisher>
		<rom name="500-13570-a - the world of cars (uk).bin" size="4194304" crc="b021c6a7" sha1="2553877ff49062dce71beb4c717740c62db243cd" />
	</machine>
	<machine name="disneyprincess">
		<description>Disney Princess - The Love of Letters (UK)</description>
		<year>2008</year>
		<publisher>LeapFrog / Disney</publisher>
		<rom name="500-13078-a - disney princess (uk).bin" size="4194304" crc="fe96e198" sha1="106b24cf48ba393d0541db36a60c790df9d95f2a" />
	</machine>
	<machine name="dora">
		<description>Nick Jr. Dora the Explorer - Friends! ¡Amigos! (UK)</description>
		<year>2007</year>
		<publisher>LeapFrog</publisher>
		<rom name="500-12729-a - dora the explorer (uk).bin" size="4194304" crc="e93bd91a" sha1="e4c9649becd6370d555c6475cb491ba78c54ad17" />
	</machine>
	<machine name="godiegogo">
		<description>Nickelodeon Go Diego Go! - Learning Expeditions (UK)</description>
		<year>2008</year>
		<publisher>LeapFrog / VIACOM</publisher>
		<rom name="500-13089-a - go diego go learning expeditions (uk).bin" size="4194304" crc="5e5d0617" sha1="83c644d2728125c26bd32af4e07fe278d6f588a0" />
	</machine>
	<machine name="learningcarnival">
		<description>Learning Carnival (UK)</description>
		<year>2007</year>
		<publisher>LeapFrog</publisher>
		<rom name="500-12731-a - learning carnival (uk).bin" size="4194304" crc="31633d96" sha1="9b0252fe0f3cd539ad47132c6adee358a0c1cba8" />
	</machine>
	<machine name="nemo">
		<description>Disney/Pixar Finding Nemo - Sea of Keys (UK)</description>
		<year>2007</year>
		<publisher>LeapFrog / Disney / Pixar</publisher>
		<rom name="500-12727-a - finding nemo (uk).bin" size="4194304" crc="33e02256" sha1="caac98a66b714aa9addef42d31cd139fe138ea58" />
	</machine>
	<machine name="nihaokailan">
		<description>Nickelodeon Ni Hao, Kai-Lan (UK)</description>
		<year>2008</year>
		<publisher>LeapFrog / VIACOM</publisher>
		<rom name="500-13678-a - ni hao kai-lan (uk).bin" size="4194304" crc="b9d6a774" sha1="9acd15a6b92d10e23e2364a251c71677efaae399" />
	</machine>
	<machine name="puppypals">
		<description>Scout's Puppy Pals (UK)</description>
		<year>2008</year>
		<publisher>LeapFrog</publisher>
		<rom name="500-13085-a - scouts puppy pals (uk).bin" size="4194304" crc="f9cf74c7" sha1="6ba8f0c74a8c6075632db29b9034f72190809305" />
	</machine>
	<machine name="thomas">
		<description>Thomas &amp; Friends - Learning Destinations (UK)</description>
		<year>2007</year>
		<publisher>LeapFrog</publisher>
		<rom name="500-12781-a - thomas and friends (uk).bin" size="4194304" crc="8485c99a" sha1="2a4899868f383b8a6e8cdc0e65dfed86222ff697" />
	</machine>
	<machine name="toystor">
		<description>Disney/Pixar Toy Story - To 100 and Beyond! (UK)</description>
		<year>2007</year>
		<publisher>LeapFrog / Disney / Pixar</publisher>
		<rom name="toystors\500-12894-a - toy story (sp).bin" size="4194304" crc="91a748f6" sha1="05da46b6ded3fee24bc1167395f8139647368b68" />
		<rom name="500-12728-a - toy story (uk).bin" size="4194304" crc="9021fa2e" sha1="841be50a7f0eb4f633469b04928d3085874866dc" />
	</machine>
</datafile>