<?xml version="1.0" encoding="utf-8"?>
<!DOCTYPE datafile PUBLIC "-//Logiqx//DTD ROM Management Datafile//EN" "http://www.logiqx.com/Dats/datafile.dtd">
<datafile>
	<header>
		<name>clipper_flop</name>
		<description>PDC Clipper disks</description>
		<version>0.267</version>
		<author>Pleasuredome</author>
	</header>
	<machine name="system">
		<description>System</description>
		<year>1984</year>
		<publisher>Professional Data Computer</publisher>
		<rom name="1.d64" size="174848" crc="0d179f77" sha1="3c40739a392efd2758f4ad9f8239cd38b4d69172" />
		<rom name="2.d64" size="174848" crc="3fe1ff92" sha1="fd80ea019c307e4a5f8dff1d4fce0d00017796cd" />
		<rom name="3.d64" size="174848" crc="530ad6ef" sha1="14d97c707438ddd4471d997202883d787b3926ea" />
		<rom name="4.d64" size="174848" crc="176883d9" sha1="94a473032073dc7e973a9c79aacc30ff4a812fcf" />
	</machine>
</datafile>