<?xml version="1.0" encoding="utf-8"?>
<!DOCTYPE datafile PUBLIC "-//Logiqx//DTD ROM Management Datafile//EN" "http://www.logiqx.com/Dats/datafile.dtd">
<datafile>
	<header>
		<name>copera</name>
		<description>Yamaha / Sega Copera cartridges</description>
		<version>0.267</version>
		<author>Pleasuredome</author>
	</header>
	<machine name="aliceosh">
		<description>Alice in Oshare-Land</description>
		<year>1994?</year>
		<publisher>Yamaha</publisher>
		<rom name="mpr-17989-h.ic1" size="524288" crc="e330151a" sha1="20b9f4624188b90fdc0122cb80896c809e1b324b" />
	</machine>
	<machine name="copechik">
		<description>Copera no Chikyuu Daisuki</description>
		<year>1994?</year>
		<publisher>Yamaha</publisher>
		<rom name="copera no chikyuu daisuki.ic1" size="1048576" crc="9a5dd562" sha1="730195fc41efb923a4f8e8acd5228d1ae8b16c16" />
	</machine>
	<machine name="copekono">
		<description>Copera no Kono Otonaani</description>
		<year>1994</year>
		<publisher>Yamaha</publisher>
		<rom name="mpr-17438 j11.ic1" size="1048576" crc="1041e52a" sha1="422f46d670a5f8094267984051ed6f90babe2dce" />
	</machine>
	<machine name="doremi">
		<description>Do Re Mi Fa Densetsu</description>
		<year>1993</year>
		<publisher>Yamaha</publisher>
		<rom name="mpr-16164 j06.ic1" size="1048576" crc="24aa1251" sha1="1a7d5156aa3f2ffba168bce1bbd9436cb0c11510" />
	</machine>
	<machine name="melody">
		<description>Melody Land</description>
		<year>1993</year>
		<publisher>Yamaha</publisher>
		<rom name="mpr-16163 j05.ic1" size="1048576" crc="9b05acc9" sha1="cd4f3260309a1236f6f0d491f385d4dececa349e" />
	</machine>
	<machine name="mikeatmw">
		<description>Mike to Asobou Tobidase Milky Way</description>
		<year>1994</year>
		<publisher>Yamaha</publisher>
		<rom name="mpr-17509 j12.ic1" size="1048576" crc="0cb5727d" sha1="5f271c69f574a761f2c83f8005978dcb0635e81b" />
	</machine>
	<machine name="ottokata">
		<description>Otto Katachitchi</description>
		<year>1993</year>
		<publisher>Yamaha</publisher>
		<rom name="mpr-16600.ic1" size="1048576" crc="d1aee834" sha1="93c825160286b483904428eece2b14e521c20d15" />
	</machine>
	<machine name="outacanv">
		<description>Outa no Canvas</description>
		<year>1994</year>
		<publisher>Yamaha</publisher>
		<rom name="mpr-17017-h.ic1" size="1048576" crc="b25e7134" sha1="0578314e66b2385e0520a421af695ccfef44f076" />
	</machine>
	<machine name="timemach">
		<description>Copera no Time Machine</description>
		<year>1993</year>
		<publisher>Yamaha</publisher>
		<rom name="mpr-16162 j04.ic1" size="1048576" crc="a7d33072" sha1="081c61e35478ffdda6eda58f40be056732f35595" />
	</machine>
</datafile>