<?xml version="1.0" encoding="utf-8"?>
<!DOCTYPE datafile PUBLIC "-//Logiqx//DTD ROM Management Datafile//EN" "http://www.logiqx.com/Dats/datafile.dtd">
<datafile>
	<header>
		<name>crvision</name>
		<description>V-Tech Creativision cartridges</description>
		<version>0.267</version>
		<author>Pleasuredome</author>
	</header>
	<machine name="airsea">
		<description>Air/Sea Attack</description>
		<year>1981</year>
		<publisher>Video Technology Ltd.</publisher>
		<rom name="airsea.bin" size="4096" crc="81a9257d" sha1="1fbc52f335c0d8bb96578a6ba764f5631c41fd36" />
	</machine>
	<machine name="astropin">
		<description>Astro Pinball</description>
		<year>1982</year>
		<publisher>Video Technology Ltd.</publisher>
		<rom name="astropina\astropina_01.bin" size="4096" crc="93794d02" sha1="922152e70d614180d7e5614d61c5ced913ecfcd3" />
		<rom name="astropina\astropina_02.bin" size="4096" crc="aacba2e2" sha1="cf2fffe9ca93e1935efba5d264471b1a0b792971" />
		<rom name="astropinb\astropinb.bin" size="8192" crc="cf7bdfc2" sha1="38bcc856d604567dc6453205a8f858bdf2000330" />
		<rom name="astropin.bin" size="8192" crc="d03c0603" sha1="e7cb096d4d16fd8193f7e39c2f73bdf0930c9654" />
	</machine>
	<machine name="autochas">
		<description>Auto Chase</description>
		<year>1981</year>
		<publisher>Video Technology Ltd.</publisher>
		<rom name="autochasa\autochas_01.bin" size="4096" crc="fad237b9" sha1="7762d1b5e12bdc5f32157e6ea820da3566b2c3cd" />
		<rom name="autochasa\autochas_02.bin" size="4096" crc="bebde090" sha1="b8af1085bdb47bcc8cf9e667313ab3bcf4cc99ea" />
		<rom name="autochas.bin" size="8192" crc="bd091ee0" sha1="369dc9aa55dd2c09376be840f8ebeca450db8b9c" />
	</machine>
	<machine name="basic">
		<description>Basic V.1 (1983, Release 2)</description>
		<year>1983</year>
		<publisher>Video Technology Ltd.</publisher>
		<rom name="basicram_01.bin" size="4096" crc="5ee092d0" sha1="c02b0a7e81a2f43a704376381c167b7c6632119c" />
		<rom name="basicram_02.bin" size="4096" crc="76e661db" sha1="ad0aff12c7bee9dd4f256942614b7e99586698f5" />
		<rom name="basicram_03.bin" size="4096" crc="2a5f9ce8" sha1="deedfaa7f0df92beffeab2c84fc503e6b7b9a262" />
	</machine>
	<machine name="basico1">
		<description>Creativision Basic (1983, Release 1)</description>
		<year>1983</year>
		<publisher>Video Technology Ltd.</publisher>
		<rom name="basic83_01.bin" size="8192" crc="3ce2a7ca" sha1="f2171867767d0b658eea0b072aa1891869073bb9" />
		<rom name="basic83_02.bin" size="4096" crc="40f388b9" sha1="989a54e92768baae81cd179808adf1f9943212ee" />
	</machine>
	<machine name="basico2">
		<description>Creativision Basic (1982, Release 2)</description>
		<year>1982</year>
		<publisher>Video Technology Ltd.</publisher>
		<rom name="basic82a_01.bin" size="4096" crc="9b2aeef8" sha1="73950bf03abc8f6646a8d283e12760de453eddf2" />
		<rom name="basic82a_02.bin" size="4096" crc="d713b2d1" sha1="e1af1debb8a05f38aaf14dc79cacbc713f02e6fd" />
		<rom name="basic82a_03.bin" size="4096" crc="37cbda91" sha1="3dfcad03f9a87496196dfe08eff4192b845abf6b" />
	</machine>
	<machine name="basico3">
		<description>Creativision Basic (1982, Release 1)</description>
		<year>1982</year>
		<publisher>Video Technology Ltd.</publisher>
		<rom name="basic82b_01.bin" size="4096" crc="5ee092d0" sha1="c02b0a7e81a2f43a704376381c167b7c6632119c" />
		<rom name="basic82b_02.bin" size="4096" crc="19a12d7e" sha1="181c27465e7e2da58e7432eaa0ae03e186b6c365" />
		<rom name="basic82b_03.bin" size="4096" crc="bbffb7e2" sha1="7d63b24eacabf6b156c07fa48e77531010747134" />
	</machine>
	<machine name="chopper">
		<description>Chopper Rescue</description>
		<year>1983</year>
		<publisher>Video Technology Ltd.</publisher>
		<rom name="chopper_01.bin" size="8192" crc="23a6bb47" sha1="748e4c98ed419999063edfe98f26f9e86c877962" />
		<rom name="chopper_02.bin" size="8192" crc="3980d7ed" sha1="abac0f2a0b73ab5c45e1a617f7c862408086eb66" />
		<rom name="chopper_03.bin" size="2048" crc="0c7b3025" sha1="80aedbcf03153a814a95616e8353ed6e64fd3cbb" />
	</machine>
	<machine name="crazych">
		<description>Crazy Chicky</description>
		<year>1981</year>
		<publisher>Video Technology Ltd.</publisher>
		<rom name="crazych.bin" size="4096" crc="b1b5bfe5" sha1="c0eed370267644d142a42de6201f7ac6d275104d" />
	</machine>
	<machine name="crazypuc">
		<description>Crazy Pucker ~ Crazy Moonie ~ Crazy Chewy</description>
		<year>1981</year>
		<publisher>Video Technology Ltd.</publisher>
		<rom name="crazypuc.bin" size="4096" crc="c673be37" sha1="0762ba98e9a08b7e6063e2a54734becd83df6eb3" />
	</machine>
	<machine name="deepsea">
		<description>Deep Sea Adventure (6k Cart)</description>
		<year>1982</year>
		<publisher>Video Technology Ltd.</publisher>
		<rom name="deepseaa\deeps8k.bin" size="8192" crc="2e0ddd86" sha1="d25f82aab473d4c7850ab626ae92d1eac69dbb32" />
		<rom name="deeps6k_01.bin" size="4096" crc="5112b792" sha1="af917b6ab438b87cde5325d27ccf94c4544c4c9e" />
		<rom name="deeps6k_02.bin" size="2048" crc="2410042a" sha1="e3813c79b8e504f10d6bfc8a6d39ea284fbc26b6" />
	</machine>
	<machine name="hapmon">
		<description>Hapmon</description>
		<year>198?</year>
		<publisher>Richard Hayter</publisher>
		<rom name="hapmon.bin" size="4096" crc="15d07b96" sha1="89359dca952bc90644dfd7f546c184a8165faa14" />
	</machine>
	<machine name="locomot">
		<description>Locomotive (10k cart)</description>
		<year>1983</year>
		<publisher>Video Technology Ltd.</publisher>
		<rom name="locomota\locom12k_02.bin" size="4096" crc="62c6b8e0" sha1="2ebf87eaf6a60bc0d79020a20360916a2c1f0f80" />
		<rom name="locom10k_01.bin" size="8192" crc="5d2e1c6e" sha1="f327434889ac91397c61cdacb88d21cd0df256ce" />
		<rom name="locom10k_02.bin" size="2048" crc="a4e5c224" sha1="ffa0fcb1fa524ee51e63017412007881a50b8971" />
	</machine>
	<machine name="mousepuz">
		<description>Mouse Puzzle</description>
		<year>1982</year>
		<publisher>Video Technology Ltd.</publisher>
		<rom name="mousepuza\mousepuza_01.bin" size="4096" crc="42fa1f8b" sha1="d8da4361cd2c3eb87abb41c4a05ee5136ac1b8b0" />
		<rom name="mousepuza\mousepuza_02.bin" size="4096" crc="09f79bd9" sha1="8325d9b017eab11e24c637599961736b6c25e24e" />
		<rom name="mousepuz.bin" size="8192" crc="e954c46b" sha1="c3aa8077756a6101009645711687edd59bf90a98" />
	</machine>
	<machine name="musicmak">
		<description>Music Maker</description>
		<year>1983</year>
		<publisher>Video Technology Ltd.</publisher>
		<rom name="musicmak_01.bin" size="8192" crc="47ac1882" sha1="bdf343bff5436a4b91ffad20971c3b1c05711307" />
		<rom name="musicmak_02.bin" size="4096" crc="e8caa6d2" sha1="9d3d95e18416fbe0ab30b7d5e3e2518b6a520323" />
	</machine>
	<machine name="planetd">
		<description>Planet Defender (6k Cart)</description>
		<year>1981</year>
		<publisher>Video Technology Ltd.</publisher>
		<rom name="planetd1\planet8k.bin" size="8192" crc="4457c7b3" sha1="0be7935db55ecf3e70b96e071ecbc489bd22dc73" />
		<rom name="planetd2\planetd2.bin" size="8192" crc="4b463c18" sha1="1fd80a3921f2487d9eee2b6d8bb3955d22857d0e" />
		<rom name="planetd_01.bin" size="4096" crc="71cffcdd" sha1="cd72a22d44c9a4be2346847b8ef6e32d929533ae" />
		<rom name="planetd_02.bin" size="2048" crc="734528a9" sha1="39772785538bb7ee061c9bcaa14768328d45674d" />
	</machine>
	<machine name="policej">
		<description>Police Jump</description>
		<year>1982</year>
		<publisher>Video Technology Ltd.</publisher>
		<rom name="policeja\policej_01.bin" size="4096" crc="c6c4e3f4" sha1="8d4f056f77d79b0a9a76d14772f76a0b81b526c6" />
		<rom name="policeja\policej_02.bin" size="4096" crc="bd48d4dc" sha1="20e11659285172e6579d57d6a1a769818762c856" />
		<rom name="policeje\dk a.bin" size="4096" crc="3033cafe" sha1="a626fd7e1e117d4dba8770f7ac3f85886a6d7022" />
		<rom name="policeje\dk b.bin" size="4096" crc="5cab992c" sha1="cc8254932e205e5c307d65b68b2cf13239cafa83" />
		<rom name="policej.bin" size="8192" crc="db3d50b2" sha1="0fe6d15c973c73b53c33945e213bc2671ff5d7df" />
	</machine>
	<machine name="soccer">
		<description>Soccer</description>
		<year>1983</year>
		<publisher>Video Technology Ltd.</publisher>
		<rom name="soccer_01.bin" size="8192" crc="9247087c" sha1="3fe1364024895f8f0e83235a429f884a8831553e" />
		<rom name="soccer_02.bin" size="4096" crc="de284150" sha1="a07befd3a2b1689b2d493ab84928d3aa109f88e6" />
	</machine>
	<machine name="sonicinv">
		<description>Sonic Invader</description>
		<year>1981</year>
		<publisher>Video Technology Ltd.</publisher>
		<rom name="sonicinv.bin" size="4096" crc="767a1f38" sha1="d77f49bfa951ce0ba505ad4f05f3d0adb697811f" />
	</machine>
	<machine name="stoneage">
		<description>Stone Age</description>
		<year>1984</year>
		<publisher>Video Technology Ltd.</publisher>
		<rom name="stoneage.bin" size="8192" crc="74365e94" sha1="dafe57b0ea5da7431bd5b0393bae7cf256c9a562" />
	</machine>
	<machine name="tankatk">
		<description>Tank Attack (6k Cart)</description>
		<year>1981</year>
		<publisher>Video Technology Ltd.</publisher>
		<rom name="tankatka\tankat8k.bin" size="8192" crc="2621ffca" sha1="f3c69a848f1246faf6f9558c0badddd3db626e5f" />
		<rom name="tankatk_01.bin" size="4096" crc="3bd183ff" sha1="c5b7c59ea282238550acd5055fb197aa83163eea" />
		<rom name="tankatk_02.bin" size="2048" crc="114a3a00" sha1="54a7ae46ab79109cbda7401204e3cec13a0b6152" />
	</machine>
	<machine name="tennis">
		<description>Tennis (Wimbledon, 6k Cart)</description>
		<year>1981</year>
		<publisher>Video Technology Ltd.</publisher>
		<rom name="tennisa\tens8k.bin" size="8192" crc="8bed8745" sha1="690a4dcb412e517b172ec5b44c86863ef63b1246" />
		<rom name="tennisb\tens8k_01.bin" size="4096" crc="bfa874cd" sha1="91d1f66ac850728b65045c61b403fb52557336be" />
		<rom name="tenniscs\tenscs8k.bin" size="8192" crc="098d1cbb" sha1="7ea0c5aa6072e2c9eab711f278fd939986a92602" />
		<rom name="tennisd1\tea.bin" size="2048" crc="d669020b" sha1="523bf43e6c237d04e9649bf7beb1da278a346752" />
		<rom name="tennisd1\tnb.bin" size="4096" crc="709adc2b" sha1="f196fcfb1f2debafb46e2f93bc2ab481614d8a3f" />
		<rom name="tennisd2a\tensds8k.bin" size="8192" crc="c914c092" sha1="7b64efddb590332c192f6c4a6accce85a6d402c3" />
		<rom name="tennisd2\tensds6k_01.bin" size="4096" crc="97ab341a" sha1="7cf7ea8a2f70bdbd165a9a523fe50f15b36c9a0e" />
		<rom name="tens6k_01.bin" size="4096" crc="42d5be57" sha1="e8ddc68c418f43dacc9170c335bd66bd7802821c" />
		<rom name="tens6k_02.bin" size="2048" crc="9fac0db1" sha1="ecfb92eb58f916d5b5520bb351c71fc78837a165" />
	</machine>
</datafile>