<?xml version="1.0" encoding="utf-8"?>
<!DOCTYPE datafile PUBLIC "-//Logiqx//DTD ROM Management Datafile//EN" "http://www.logiqx.com/Dats/datafile.dtd">
<datafile>
	<header>
		<name>cz1_cart</name>
		<description>Casio CZ-1 ROM cartridges</description>
		<version>0.267</version>
		<author>Pleasuredome</author>
	</header>
	<machine name="rc10">
		<description>Orchestra (RC-10)</description>
		<year>1986</year>
		<publisher>Casio</publisher>
		<rom name="casio_cz1_cartridge_rc10.bin" size="32768" crc="d1f1c6a6" sha1="c97c8f101d76142b400fa6c466e5d3546d33eea9" />
	</machine>
	<machine name="rc20">
		<description>Piano / Guitar / Percussion (RC-20)</description>
		<year>1986</year>
		<publisher>Casio</publisher>
		<rom name="rc20.bin" size="16384" crc="237a2516" sha1="d1d697fbca0e16a07fa6d2710d2f7327cae81704" status="baddump" />
	</machine>
	<machine name="rc30">
		<description>Organ / Synth. Sound / Sound Effect (RC-30)</description>
		<year>1986</year>
		<publisher>Casio</publisher>
		<rom name="casio_cz1_cartridge_rc30.bin" size="32768" crc="3a88d634" sha1="0acfded6b4b66664f1720f3cd4b47609887fc843" />
	</machine>
</datafile>