<?xml version="1.0" encoding="utf-8"?>
<!DOCTYPE datafile PUBLIC "-//Logiqx//DTD ROM Management Datafile//EN" "http://www.logiqx.com/Dats/datafile.dtd">
<datafile>
	<header>
		<name>dragon_cart</name>
		<description>Dragon cartridges</description>
		<version>0.267</version>
		<author>Pleasuredome</author>
	</header>
	<machine name="alldream">
		<description>Alldream</description>
		<year>1984</year>
		<publisher>Dragon Data</publisher>
		<rom name="alldream (1984)(grosvenor software).rom" size="8192" crc="af91e6ff" sha1="7c6b769510a5472c970597528850db9d0ee19f5a" />
	</machine>
	<machine name="amtor">
		<description>AMTOR/AX25</description>
		<year>1990</year>
		<publisher>Grosvenor Software</publisher>
		<rom name="ax25-amtor (1990) (grosvenor).rom" size="32768" crc="81ba0d4a" sha1="6ad86b5faa5ba07ad42256e96f1c798cd3f0ea5e" />
	</machine>
	<machine name="astrblst">
		<description>Astroblast</description>
		<year>1982</year>
		<publisher>Dragon Data</publisher>
		<rom name="astroblast (1982) (dragon data).rom" size="8192" crc="61143386" sha1="64e103c787d551d9504a6e2c5d70fb2c676c92e1" />
	</machine>
	<machine name="berserk">
		<description>Berserk</description>
		<year>1982</year>
		<publisher>Dragon Data</publisher>
		<rom name="berserk (1982)(a0100)(mark data products).rom" size="8192" crc="7901a633" sha1="aa2265ff9215b019b4f0a0d65a13ed66fbe660fe" />
	</machine>
	<machine name="cashplan">
		<description>Cash Planner</description>
		<year>1983</year>
		<publisher>FarmFax</publisher>
		<rom name="cash planner.1" size="8192" crc="29309592" sha1="8b230ef1a234e9c24d6a322366a84270259cf244" />
		<rom name="cash planner.2" size="8192" crc="d41465b3" sha1="bc368a31d8e30c56749c783b181f83b70fd50fad" />
	</machine>
	<machine name="cavehntr">
		<description>Cave Hunter</description>
		<year>1982</year>
		<publisher>Dragon Data</publisher>
		<rom name="cave hunter (1982)(mark data products).rom" size="4096" crc="8bcaed11" sha1="5fd9605b5f68830d7531a22adc6d59b5af5c95df" />
	</machine>
	<machine name="cdos20">
		<description>Cumana DOS v2.0</description>
		<year>198?</year>
		<publisher>Cumana</publisher>
		<rom name="cumana dos v2.0 (198x)(cumana).rom" size="16384" crc="19b6a5e3" sha1="9513091f37adf330f66a0c08f4e200344ad2e082" />
	</machine>
	<machine name="cosmcinv">
		<description>Cosmic Invaders</description>
		<year>1982</year>
		<publisher>Dragon Data</publisher>
		<rom name="cosmic invaders (1982)(a0102)(spectral associates).rom" size="8192" crc="2ad2f4e0" sha1="0d75e7f849a1c0407f566342dfde2e8a15317839" />
	</machine>
	<machine name="cyrus">
		<description>Chess</description>
		<year>1982</year>
		<publisher>Dragon Data</publisher>
		<rom name="0.ic1" size="4096" crc="6b452ac3" sha1="38f5c6804aa7c8c5ff791bfcfc01318449800fcd" />
		<rom name="1.ic2" size="4096" crc="9a0d3b20" sha1="104a0d27ec35f25af33e784e302b079bf05f4f45" />
	</machine>
	<machine name="dairy">
		<description>Dairy Prediction</description>
		<year>1984</year>
		<publisher>FarmFax</publisher>
		<rom name="dairy prediction.1" size="8192" crc="bb3d1a7e" sha1="d79850fabda1fae61bd4ade5af6f4b545e4f96ed" />
		<rom name="dairy prediction.2" size="8192" crc="7858d11c" sha1="e13384ab1bb6f47deb5def36e488873720cce059" />
	</machine>
	<machine name="dasmdemn">
		<description>DASM/Demon</description>
		<year>1983</year>
		<publisher>Compusense</publisher>
		<rom name="dasm-demon (1983)(compusense).rom" size="8192" crc="f602f497" sha1="fe8ded4fcc529571f6d07cc02c5089638613e164" />
	</machine>
	<machine name="deltados">
		<description>Delta DOS</description>
		<year>1983</year>
		<publisher>Premier Microsystems</publisher>
		<rom name="deltados (1983)(premier micros).rom" size="8192" crc="149eb4dd" sha1="eb686ce6afe63e4d4011b333a882ca812c69307f" />
	</machine>
	<machine name="demo">
		<description>Demonstration</description>
		<year>1982</year>
		<publisher>Dragon Data</publisher>
		<rom name="democart (1982)(a0109)(dragon data).rom" size="8192" crc="7e1cc4b3" sha1="42e07d3ccdb4099720701a0ec39f4e6958922912" />
	</machine>
	<machine name="doodlbug">
		<description>Doodle Bug</description>
		<year>1982</year>
		<publisher>Dragon Data</publisher>
		<rom name="doodle bug (1982) (dragon data).rom" size="8192" crc="410a0332" sha1="637d37bffb6ebfd4441ea356904d71989df87b3f" status="baddump" />
	</machine>
	<machine name="dosdream">
		<description>DOS-Dream</description>
		<year>1986</year>
		<publisher>Dragon Data</publisher>
		<rom name="dos-dream (1986)(dragon data).rom" size="8192" crc="480032e2" sha1="7a93df2eb0ea672112caa356c4bbec01d1f942ee" />
	</machine>
	<machine name="dospls49">
		<description>DOSPlus v4.9B</description>
		<year>1989</year>
		<publisher>3S</publisher>
		<rom name="dospls48\dosplus v4.8 (1989)(3s).rom" size="8192" crc="402b0617" sha1="c9209d3c042d61e8ef984915fc277816d62a25f1" />
		<rom name="dosplus v4.9b (1989)(3s).rom" size="8192" crc="7c6dfca8" sha1="73ae74978a78ec2b97ebb1b0c808238779529bfa" />
	</machine>
	<machine name="drgndos4">
		<description>Dragon DOS v4.0</description>
		<year>1985</year>
		<publisher>Eurohard S.A.</publisher>
		<rom name="drgndos4s\dragondos 4.0 (es)(1985)(dragon data).rom" size="8192" crc="3d31cae8" sha1="9cb2da08b25ea10112ae15bf2e9a827c01e99b61" />
		<rom name="dragondos 4.0 (1985)(dragon data).rom" size="8192" crc="14f4c54a" sha1="89f38825ddf72b9863c04d8066d5ab8cabb9197a" />
	</machine>
	<machine name="drgndos41">
		<description>Dragon DOS v4.1</description>
		<year>1985</year>
		<publisher>Eurohard S.A.</publisher>
		<rom name="dragondos 4.1 (1985)(dragon data).rom" size="8192" crc="16d25658" sha1="ef44a5a0f2f1d9e52a9082e87f9975485f6f0d7d" />
	</machine>
	<machine name="drgndos">
		<description>Dragon DOS v1.0</description>
		<year>1983</year>
		<publisher>Dragon Data</publisher>
		<rom name="dragondos 1.0 (1983)(dragon data).rom" size="8192" crc="b44536f6" sha1="a8918c71d319237c1e3155bb38620acb114a80bc" />
	</machine>
	<machine name="editplus">
		<description>EDIT+</description>
		<year>1983</year>
		<publisher>Compusense</publisher>
		<rom name="edit+ (1983)(compusense).rom" size="8192" crc="135f1aba" sha1="90e67516d3fb3995e7a69649b14063551c1d63ef" />
	</machine>
	<machine name="epromprg">
		<description>EPROM Programmer</description>
		<year>1984</year>
		<publisher>Dragon data</publisher>
		<rom name="eprom_mkII_v21.rom" size="4096" crc="310bc0a0" sha1="4aba041033410ab912753407ae29e5fe89925440" />
	</machine>
	<machine name="epromps">
		<description>Dragon EPROM Programmer</description>
		<year>1984</year>
		<publisher>Steve's Electronics</publisher>
		<rom name="ecm_ep_kit.rom" size="4096" crc="f5e1d7f0" sha1="cce757b0662abb8c110e1a072cbf9f54d097d010" />
	</machine>
	<machine name="fftrainer">
		<description>FarmFax Trainer</description>
		<year>1983</year>
		<publisher>FarmFax</publisher>
		<rom name="trainer.rom" size="8192" crc="9fa36a89" sha1="aacfcba60e976807917340ee4f5af47c17fe8d43" />
	</machine>
	<machine name="ghost">
		<description>Ghost Attack</description>
		<year>1982</year>
		<publisher>Dragon Data</publisher>
		<rom name="ghost attack (1982)(a0103)(computerware).rom" size="8192" crc="45c089f6" sha1="4447fa2c441415e781a0f47f50b65e81f5798ae3" />
	</machine>
	<machine name="meteors">
		<description>Meteoroids</description>
		<year>1982</year>
		<publisher>Dragon Data</publisher>
		<rom name="meteors (1982)(spectral associates).rom" size="4096" crc="64aba2b0" sha1="cd6970056b4c56fc1599228574f0c1419f61176a" />
	</machine>
	<machine name="prestel">
		<description>Prestel</description>
		<year>1987</year>
		<publisher>Peaksoft</publisher>
		<rom name="comron_peaksoft.rom" size="8192" crc="9d18cf46" sha1="14124dfb4bd78d1907e80d779cd7f3bae30564c9" />
	</machine>
	<machine name="prestela">
		<description>Prestel for Dragon Alpha</description>
		<year>198?</year>
		<publisher>Dragon Data</publisher>
		<rom name="prestel for dragon alpha (198x)(dragon data).rom" size="8192" crc="c6820601" sha1="ae0d1833ab644e9c85cb21e75fc2007714f8bbfd" />
	</machine>
	<machine name="qdiagrom">
		<description>Quick Diagnostic ROM</description>
		<year>1982</year>
		<publisher>Dragon Data</publisher>
		<rom name="quick diagnostic rom (1982)(dragon data).rom" size="8192" crc="863cfcfc" sha1="c87b096bbec260ce7230bf2f8d4e27c5b0752038" />
	</machine>
	<machine name="railrunr">
		<description>Rail Runner</description>
		<year>1982</year>
		<publisher>Dragon Data</publisher>
		<rom name="rail runner (1982)(a0111)(computerware).rom" size="8192" crc="53e4be03" sha1="4167a3e2add6d90b30911b6ad32f52163142345c" />
	</machine>
	<machine name="rotation">
		<description>Rotation Formulation Dairy</description>
		<year>1983</year>
		<publisher>FarmFax</publisher>
		<rom name="rotation formulation dairy.1" size="8192" crc="fd0dda29" sha1="c2f67e2cb89cf7d7dd4a7346e0e19c54f7f5e7d4" />
		<rom name="rotation formulation dairy.2" size="8192" crc="d0de8e62" sha1="2adf61728c272c09277637ee28c2b7b586d3c01f" />
	</machine>
	<machine name="soaktest">
		<description>Dragon 32 Soak Test</description>
		<year>1983</year>
		<publisher>&lt;unknown;&gt;</publisher>
		<rom name="d32soaktest.rom" size="4096" crc="41c61438" sha1="6db94922a458ae292d7a5c3333d86f2d935212b6" />
	</machine>
	<machine name="sound">
		<description>Sound Extension Module</description>
		<year>1983</year>
		<publisher>J.C.B. (Microsystems)</publisher>
		<rom name="D32SEM.ROM" size="4096" crc="4cd0f30b" sha1="d07bb9272e3d3928059853730ff656905a80b68e" />
	</machine>
	<machine name="speech">
		<description>Speech Synthesis Module</description>
		<year>1983</year>
		<publisher>J.C.B. (Microsystems)</publisher>
		<rom name="jcb-speech.rom" size="4096" crc="e88dfe36" sha1="df3f64a7a3beeb91469932035af5e4f8a7872aad" />
	</machine>
	<machine name="sprdose6">
		<description>SuperDOS E6</description>
		<year>1986</year>
		<publisher>PNP Communications</publisher>
		<rom name="superdos e6 (198x)(pnp).rom" size="8192" crc="8c1d6c45" sha1="ef157016386ed463374de6bac84d1f8ce654ed80" />
	</machine>
	<machine name="starship">
		<description>Starship Chameleon</description>
		<year>1982</year>
		<publisher>Dragon Data</publisher>
		<rom name="starship chameleon (1982)(a0106)(computerware).rom" size="8192" crc="06c9b4e7" sha1="3f44baf761162d9ba66c8d32f41f5ea10be83aa1" />
	</machine>
	<machine name="terminal">
		<description>Terminal Simulator</description>
		<year>1984</year>
		<publisher>Telepost Systems</publisher>
		<rom name="terminal simulator 1 24-5-84.rom" size="8192" crc="6a7e8b36" sha1="dbd1871c5ecb338defd3209b387d83d5222ed4a6" />
		<rom name="terminal simulator 2 24-5-84.rom" size="8192" crc="ea472a6a" sha1="d6fab40b421a3054bbd32e9d2641ec17fc614cd6" />
	</machine>
	<machine name="testcond">
		<description>Test de Conducción</description>
		<year>1982</year>
		<publisher>Belrampa Servicios, SA</publisher>
		<rom name="1.ic1" size="8192" crc="65d3153d" sha1="c44277f3d7ec615947465d20674b0771bdd44867" />
		<rom name="2.ic2" size="8192" crc="477921ca" sha1="a3d23148842fd7eb3b4f04d63a701a88573cbfb5" />
	</machine>
	<machine name="toolkit">
		<description>Toolkit</description>
		<year>1983</year>
		<publisher>Premier Microsystems</publisher>
		<rom name="toolkit (1983) (premier microsystems).rom" size="8192" crc="82ef981a" sha1="b9c0d29382ae1d685f196ab4b53fb75156e12404" />
	</machine>
	<machine name="ultradrv">
		<description>Ultra Drive</description>
		<year>1984</year>
		<publisher>Ikon Computer Products</publisher>
		<rom name="Dragonfly Tape system v1.3.rom" size="4096" crc="72618948" sha1="12cc90afc7eb1c0b0b720d4722f8d47e39932893" />
	</machine>
</datafile>