<?xml version="1.0" encoding="utf-8"?>
<!DOCTYPE datafile PUBLIC "-//Logiqx//DTD ROM Management Datafile//EN" "http://www.logiqx.com/Dats/datafile.dtd">
<datafile>
	<header>
		<name>easy_karaoke_cart</name>
		<description>IVL Technologies Easy Karaoke cartridges</description>
		<version>0.267</version>
		<author>Pleasuredome</author>
	</header>
	<machine name="ekgg1">
		<description>Golden Greats Vol.1</description>
		<year>2004</year>
		<publisher>IVL Technologies</publisher>
		<rom name="MX29LV040.U4" size="524288" crc="5119b390" sha1="9703f3b753ac22f3d0e18d8aefa479814c73110c" />
	</machine>
	<machine name="ekgg2">
		<description>Golden Greats Vol.2</description>
		<year>2004</year>
		<publisher>IVL Technologies</publisher>
		<rom name="IVL_S033I.U3" size="524288" crc="e4b1e82e" sha1="2db2162e0a86fc82e1978a5f21ea46e5ccde5f6d" />
	</machine>
	<machine name="ekgg3">
		<description>Golden Greats Vol.3</description>
		<year>2004</year>
		<publisher>IVL Technologies</publisher>
		<rom name="MX29LV040.U4" size="524288" crc="163e6f6d" sha1="baa95437161459d3874fe0576a813907d2ee7869" />
	</machine>
	<machine name="ekgg4">
		<description>Golden Greats Vol.4</description>
		<year>2004</year>
		<publisher>IVL Technologies</publisher>
		<rom name="MX29LV040.U4" size="524288" crc="41587eea" sha1="efe29e7dfae91c1f5d0fd196197c3021e8907b58" />
	</machine>
	<machine name="ekmh1">
		<description>Mega Hits Vol.1</description>
		<year>2004</year>
		<publisher>IVL Technologies</publisher>
		<rom name="MX29LV040.U4" size="524288" crc="5d9b69fd" sha1="aeb39029f351ab3aff213e832c5e83cfdfc91355" />
	</machine>
	<machine name="ekmh2">
		<description>Mega Hits Vol.2</description>
		<year>2004</year>
		<publisher>IVL Technologies</publisher>
		<rom name="29lv040.u4" size="524288" crc="3affd9b1" sha1="658f35d664779041d445e085f8bbcf2301dac3e8" />
	</machine>
	<machine name="ekmh3">
		<description>Mega Hits Vol.3</description>
		<year>2004</year>
		<publisher>IVL Technologies</publisher>
		<rom name="MX29LV040.U4" size="524288" crc="23d09988" sha1="c368acab9a867839b379aeec2c95601c82118aef" />
	</machine>
	<machine name="karamsc1">
		<description>KaraokeMicro Star Cartouche 1</description>
		<year>2003</year>
		<publisher>IVL Technologies / Lexibook</publisher>
		<rom name="ics0321-a.u3" size="524288" crc="b0c76017" sha1="1a645b83528f58b8c3e8d8950c05babc37411b49" />
	</machine>
	<machine name="karamsc2">
		<description>KaraokeMicro Star Cartouche 2</description>
		<year>2003</year>
		<publisher>IVL Technologies / Lexibook</publisher>
		<rom name="ics0322-a.u3" size="524288" crc="d6cb51fe" sha1="98a819487ae8b25459e102710ce4325fbd39ce10" />
	</machine>
	<machine name="karamsc3">
		<description>KaraokeMicro Star Cartouche 3</description>
		<year>2004</year>
		<publisher>IVL Technologies / Lexibook</publisher>
		<rom name="27V40.u3" size="524288" crc="33047ac7" sha1="bea9197646ba5a9f8c842363149b1b1ec7b9aada" />
	</machine>
</datafile>