<?xml version="1.0" encoding="utf-8"?>
<!DOCTYPE datafile PUBLIC "-//Logiqx//DTD ROM Management Datafile//EN" "http://www.logiqx.com/Dats/datafile.dtd">
<datafile>
	<header>
		<name>einstein_rom</name>
		<description>Tatung Einstein ROM images</description>
		<version>0.267</version>
		<author>Pleasuredome</author>
	</header>
	<machine name="flexidos">
		<description>FlexiDOS V2.2</description>
		<year>1986</year>
		<publisher>SafeData</publisher>
		<rom name="flexidos_2.2.rom" size="8192" crc="e8f62a09" sha1="94aa5df89dc0a2c7cf5d04221635d05dc6f06514" />
	</machine>
</datafile>