<?xml version="1.0" encoding="utf-8"?>
<!DOCTYPE datafile PUBLIC "-//Logiqx//DTD ROM Management Datafile//EN" "http://www.logiqx.com/Dats/datafile.dtd">
<datafile>
	<header>
		<name>gamate</name>
		<description>Bit Corp Gamate cartridges</description>
		<version>0.267</version>
		<author>Pleasuredome</author>
	</header>
	<machine name="1milwhys">
		<description>One Million Whys</description>
		<year>1993</year>
		<publisher>United Microelectronics Corporation</publisher>
		<rom name="k1-001.bin" size="524288" crc="ebb46efe" sha1="beae4f3365031f4e8ae192a5e6d27a28979ef84b" />
	</machine>
	<machine name="4in1">
		<description>4-in-1 (Mini Golf, Cube-Up, Brick Blaster, and Vindicators)</description>
		<year>1991</year>
		<publisher>Bit Corporation</publisher>
		<rom name="c1-401.bin" size="131072" crc="10e81571" sha1="4dd20632eb31023e18241290eca7d5a5acb1fa84" />
	</machine>
	<machine name="baoqingt">
		<description>Bao Qing Tian</description>
		<year>199?</year>
		<publisher>&lt;unknown&gt;</publisher>
		<rom name="c1-064.bin" size="524288" crc="8574f0eb" sha1="ba42622b9ff4b2fa0cb70f322ee24b1d8c387222" />
	</machine>
	<machine name="baseball">
		<description>Baseball</description>
		<year>1991</year>
		<publisher>Bit Corporation</publisher>
		<rom name="c1-048.bin" size="65536" crc="daf715c5" sha1="f10e180c4aac41e9c710ce38ca9a93ca6f331f57" />
	</machine>
	<machine name="basketba">
		<description>Basketball</description>
		<year>199?</year>
		<publisher>&lt;unknown&gt;</publisher>
		<rom name="c1-063.bin" size="262144" crc="93d5f365" sha1="91b9b9060b76d2012d5cbc6523839f67caa37aaf" />
	</machine>
	<machine name="bomblast">
		<description>Bomb Blaster</description>
		<year>1990</year>
		<publisher>Bit Corporation</publisher>
		<rom name="bomblasta\c1031_bomb_blaster.bin" size="32768" crc="81ffb896" sha1="e79fa833714111a70b4700774dc2575d8cd84f3e" />
		<rom name="c1031_bomb_blast.bin" size="32768" crc="33fd30f4" sha1="069928d2577c05a17f42a96f4183a90773e58539" />
	</machine>
	<machine name="boom">
		<description>Boom</description>
		<year>1991</year>
		<publisher>Bit Corporation</publisher>
		<rom name="c1043_boom.bin" size="32768" crc="20fda0f7" sha1="02f9a07b251bc29d0e5b3d6a4dfde0ab63bd65a3" />
	</machine>
	<machine name="boxforum">
		<description>Box Forum</description>
		<year>1991</year>
		<publisher>Bit Corporation</publisher>
		<rom name="c1003_box_forum.bin" size="32768" crc="82c6f1d5" sha1="a4c826d85b990b4c01d17e81b722cc54f7ae9e93" />
	</machine>
	<machine name="brikblst">
		<description>Brick Blaster</description>
		<year>1990</year>
		<publisher>Bit Corporation</publisher>
		<rom name="c1029_brick_blaster.bin" size="32768" crc="76f5f2f1" sha1="a4e2d675ef6fd844b33d0aa40ce75ecaa6e65002" />
	</machine>
	<machine name="cosmicfg">
		<description>Cosmic Fighter</description>
		<year>1990</year>
		<publisher>Bit Corporation</publisher>
		<rom name="c1032_cosmic_fighter.bin" size="32768" crc="d24df424" sha1="df4ebdd1bfb63fa74b7fe83d0f3ce4b403bb5cde" />
	</machine>
	<machine name="cubeup">
		<description>Cube Up</description>
		<year>1990</year>
		<publisher>Bit Corporation</publisher>
		<rom name="c1001_cubeup.bin" size="16384" crc="2a911e57" sha1="9d3b28887b6f375600bff29f8f233087b9152a60" />
	</machine>
	<machine name="dinoball">
		<description>Dino Ball</description>
		<year>1991</year>
		<publisher>Bit Corporation</publisher>
		<rom name="c1019_dino_ball.bin" size="32768" crc="b609871f" sha1="b9c1817bca6e5a580dabd87a4fe8b757c973403f" />
	</machine>
	<machine name="dinobibo">
		<description>Dino Bibo</description>
		<year>1991</year>
		<publisher>&lt;unknown&gt;</publisher>
		<rom name="c1013_dino_bibo.bin" size="32768" crc="d6e1f1b7" sha1="7e7ba0b7b919e89e2d8a904de30f5ee34ffba822" />
	</machine>
	<machine name="dinopark">
		<description>Dinosaur Park</description>
		<year>1993</year>
		<publisher>Phinnex Co., Ltd.</publisher>
		<rom name="c1-061.bin" size="524288" crc="00356983" sha1="e93c671ee1eb40bb4d7298671dc213a07afef9e0" />
	</machine>
	<machine name="dknight">
		<description>Legend of Dragon Knight</description>
		<year>1991</year>
		<publisher>Bit Corporation</publisher>
		<rom name="c1-008.bin" size="65536" crc="a67ba296" sha1="d01988984e2950fde8096a0156808995a0e5c515" />
	</machine>
	<machine name="dvcastle">
		<description>Devil Castle</description>
		<year>1991</year>
		<publisher>Bit Corporation</publisher>
		<rom name="c1017_devilcastle.bin" size="32768" crc="2f4dfa71" sha1="175994971c157e51ff0b5dd0e46c9e8c92cf2a50" />
	</machine>
	<machine name="encbrick">
		<description>Enchanted Bricks</description>
		<year>1990</year>
		<publisher>Bit Corporation</publisher>
		<rom name="c1005_enchanted_bricks.bin" size="32768" crc="3dcdf55a" sha1="d722c5334a063c1f05e7bcd17fcc645cc3571127" />
	</machine>
	<machine name="famous7">
		<description>Famous 7</description>
		<year>1993</year>
		<publisher>United Microelectronics Corporation</publisher>
		<rom name="c1-052.bin" size="65536" crc="0fa48c23" sha1="ea422fe969b260296b99397cdeff6ae053ac4a86" />
	</machine>
	<machine name="fanttrav">
		<description>Fantasy Travel</description>
		<year>1993</year>
		<publisher>United Microelectronics Corporation</publisher>
		<rom name="c1-057.bin" size="131072" crc="a542c61f" sha1="2eccf1fe8d400a54ffb2f026af8b9842442b6d9f" />
	</machine>
	<machine name="fistofth">
		<description>Fist of Thunder</description>
		<year>1991</year>
		<publisher>Bit Corporation</publisher>
		<rom name="c1-033.bin" size="65536" crc="9002269d" sha1="899d1592f0da06f9684cb271ec34541c702f21ab" />
	</machine>
	<machine name="flgoblin">
		<description>Flying Goblin</description>
		<year>1991</year>
		<publisher>Bit Corporation</publisher>
		<rom name="c1-042.bin" size="65536" crc="8363c32d" sha1="b07681e28b65af53fed23def3f6305ab929bb8f1" />
	</machine>
	<machine name="flipuzle">
		<description>Flipuzzle</description>
		<year>1991</year>
		<publisher>Bit Corporation</publisher>
		<rom name="c1026_flipuzzle.bin" size="32768" crc="f4bd2a05" sha1="3928cd356f23f595d8023e4d4a46a98308cf4662" />
	</machine>
	<machine name="fortress">
		<description>Fortress of Fierceness</description>
		<year>1991</year>
		<publisher>Bit Corporation</publisher>
		<rom name="fortress.bin" size="32768" crc="c771e16b" sha1="aa971e546da8957de29837e5310452c129771967" />
	</machine>
	<machine name="ftnnluck">
		<description>Fortune 'n Luck</description>
		<year>1992</year>
		<publisher>Bit Corporation</publisher>
		<rom name="c1-047.bin" size="131072" crc="39660803" sha1="8719418a6b30c2cc9d013d35d1baacde86016da3" />
	</machine>
	<machine name="galaxinv">
		<description>Galaxy Invaders</description>
		<year>1990</year>
		<publisher>Bit Corporation</publisher>
		<rom name="c1007_galaxy_invaders.bin" size="32768" crc="93afad9b" sha1="03f9c3d6cb3192f5bf91f2ac0e578bc65c8b1825" />
	</machine>
	<machine name="goldpyra">
		<description>The Golden Pyramid</description>
		<year>199?</year>
		<publisher>&lt;unknown&gt;</publisher>
		<rom name="c1-068.bin" size="524288" crc="96386b08" sha1="69909b78598184760b3e261da897a9bc90af9dfb" />
	</machine>
	<machine name="gprace">
		<description>GP Race</description>
		<year>1992</year>
		<publisher>Bit Corporation</publisher>
		<rom name="c1-056.bin" size="131072" crc="447595e4" sha1="1b471f8ac8ffb107c62ec3b765c43e268d90b73a" />
	</machine>
	<machine name="hannibal">
		<description>Further Adventures of Hannibal The Cat</description>
		<year>1993</year>
		<publisher>&lt;unknown&gt;</publisher>
		<rom name="c1-060.bin" size="524288" crc="9aa13551" sha1="a1163f1da52e23bda0502f229488a5b4d04bbe8a" />
	</machine>
	<machine name="hothero">
		<description>Hot Hero</description>
		<year>199?</year>
		<publisher>&lt;unknown&gt;</publisher>
		<rom name="c1-065.bin" size="524288" crc="1ed9d0a3" sha1="568f87864c0ed6117fe34e3f79e56c01e911e482" />
	</machine>
	<machine name="incouple">
		<description>Incantational Couple</description>
		<year>1991</year>
		<publisher>Bit Corporation</publisher>
		<rom name="incouple.bin" size="32768" crc="d092a22a" sha1="bbb5bd0466b79657e44c4e9fde603ec645e77bfe" />
	</machine>
	<machine name="insectwa">
		<description>Insect War</description>
		<year>1995</year>
		<publisher>United Microelectronics Corporation</publisher>
		<rom name="c1-070.bin" size="524288" crc="7ba8af6d" sha1="6aa0364010272c82c7cc8c7afd60254de148fa72" />
	</machine>
	<machine name="jewelris">
		<description>Jewelriss</description>
		<year>1990</year>
		<publisher>Bit Corporation</publisher>
		<rom name="c1-036.bin" size="32768" crc="5ba39d1c" sha1="23f4adad99f6c17fb556b512b6eca2645033aadd" />
	</machine>
	<machine name="kikiinla">
		<description>Kiki Inland</description>
		<year>1992</year>
		<publisher>Bit Corporation</publisher>
		<rom name="c1-046.bin" size="65536" crc="e492ef8e" sha1="fa2b9666c9c1090573c40cafa273c9ff5c1787be" />
	</machine>
	<machine name="killshot">
		<description>Kill Shot</description>
		<year>1991</year>
		<publisher>Bit Corporation</publisher>
		<rom name="c1015_kill_shot.bin" size="32768" crc="69bc6a30" sha1="a4310f285f68c1837b4e92a2e127e22e7f0fd4f2" />
	</machine>
	<machine name="kungfu">
		<description>Kung-Fu Fighter</description>
		<year>1990</year>
		<publisher>Bit Corporation</publisher>
		<rom name="c1018_kung-fu_fighter.bin" size="32768" crc="4ba40206" sha1="7188b9265e43d4c51eab016462ced23a2fcb9972" />
	</machine>
	<machine name="marauder">
		<description>Marauder</description>
		<year>1991</year>
		<publisher>Bit Corporation</publisher>
		<rom name="c1024_marauder.bin" size="32768" crc="c0a8607b" sha1="f41dab120bf7b3d7e2b21a408c8b89b4224bf825" />
	</machine>
	<machine name="marsvoya">
		<description>Mars Voyage</description>
		<year>1991</year>
		<publisher>Bit Corporation</publisher>
		<rom name="c1-038.bin" size="65536" crc="19bba397" sha1="01163f89447c68554cd2fe60b22dea7b578f1605" />
	</machine>
	<machine name="mightbox">
		<description>Mighty Boxer</description>
		<year>1991</year>
		<publisher>Bit Corporation</publisher>
		<rom name="c1-041.bin" size="131072" crc="515e78b9" sha1="741f56cebe672e93985a2c48368e92bc897952aa" />
	</machine>
	<machine name="mightytk">
		<description>Mighty Tank</description>
		<year>199?</year>
		<publisher>Bit Corporation</publisher>
		<rom name="c1004_mighty_tank.bin" size="32768" crc="f24379fd" sha1="ef3a555860b09431fbf1600238e7a4865d7af792" />
	</machine>
	<machine name="minigolf">
		<description>Mini Golf</description>
		<year>1990</year>
		<publisher>Bit Corporation</publisher>
		<rom name="c1006_mini_golf.bin" size="32768" crc="59781e23" sha1="527d6cd2069086e76596bc365be5c807dfffcb64" />
	</machine>
	<machine name="mjigsaw">
		<description>Magic Jigsaw</description>
		<year>1991</year>
		<publisher>Bit Corporation</publisher>
		<rom name="c1054_magic_jigsaw.bin" size="32768" crc="1098bcd3" sha1="75004583a83225e8379fa3f34433e0a76222e1f7" />
	</machine>
	<machine name="moneymaz">
		<description>Money Maze</description>
		<year>199?</year>
		<publisher>&lt;unknown&gt;</publisher>
		<rom name="c1011_money_maze.bin" size="32768" crc="4d9bfd91" sha1="814f4ff6fffb6a86c9936f74f50049b34bc0d362" />
	</machine>
	<machine name="monstpit">
		<description>Monster Pitfall</description>
		<year>1990</year>
		<publisher>Bit Corporation</publisher>
		<rom name="c1027_monster_pitfall.bin" size="32768" crc="be6eda47" sha1="bc35475cfea02de98d2f4646f6ae4a9f48e138f5" />
	</machine>
	<machine name="mythasam">
		<description>Myth of Asamia</description>
		<year>1990</year>
		<publisher>Bit Corporation</publisher>
		<rom name="c1021_mith_of_asamia.bin" size="32768" crc="3871a86c" sha1="70082452deb9d11c91ff3e1ad88ee8cbf24723ad" />
	</machine>
	<machine name="pharaoh">
		<description>Pharaoh Revenger</description>
		<year>1991</year>
		<publisher>Bit Corporation</publisher>
		<rom name="c1012_pharaoh_revenger.bin" size="32768" crc="daac7932" sha1="a1b2846613341fe7d92e4ceb40e5525fce5c1cdd" />
	</machine>
	<machine name="pipemani">
		<description>Pipemania</description>
		<year>1991</year>
		<publisher>Bit Corporation</publisher>
		<rom name="c1022_pipemania.bin" size="32768" crc="ae5978bd" sha1="a86fb7f4cc0f12b0c2d262a6618df76267c1513e" />
	</machine>
	<machine name="punkboy">
		<description>Punk Boy</description>
		<year>1992</year>
		<publisher>Bit Corporation</publisher>
		<rom name="c1-049.bin" size="65536" crc="aa2e0d32" sha1="1b3082be0698c12c8fc978db6a0c63c8958c33f8" />
	</machine>
	<machine name="quizfigh">
		<description>QuizFighter</description>
		<year>1993</year>
		<publisher>United Microelectronics Corporation</publisher>
		<rom name="c1-058.bin" size="262144" crc="16a79cd8" sha1="7d638bf61286adfa612de974efff2d9b5b4b3331" />
	</machine>
	<machine name="robinhoo">
		<description>Robin Hood</description>
		<year>1994</year>
		<publisher>Phinnex Co., Ltd.</publisher>
		<rom name="c1-067.bin" size="524288" crc="76e26b63" sha1="bfb2f4b5b771277333ffc1e27cf3a5608e9ea163" />
	</machine>
	<machine name="rotat">
		<description>Riddle of the Ancient Tomb</description>
		<year>1994</year>
		<publisher>&lt;unknown&gt;</publisher>
		<rom name="c1-069.bin" size="524288" crc="3bceb859" sha1="32187903c10dc80d62e9bf794b912921542d6d38" />
	</machine>
	<machine name="santa">
		<description>Nightmare of Santa Claus</description>
		<year>1991</year>
		<publisher>Bit Corporation</publisher>
		<rom name="c1037_nightmare_of_santa_claus.bin" size="32768" crc="ed243824" sha1="ff3ad53998dd5858f1176767786ec187ea8b059b" />
	</machine>
	<machine name="snowman">
		<description>Snowman Legend</description>
		<year>1991</year>
		<publisher>Bit Corporation</publisher>
		<rom name="c1044_snowman_legend.bin" size="32768" crc="bfdf356f" sha1="19184793176d7aba7e353819aca57030254666ae" />
	</machine>
	<machine name="tennis">
		<description>Tennis</description>
		<year>1991</year>
		<publisher>Bit Corporation</publisher>
		<rom name="c1023_tennis.bin" size="32768" crc="93adefb1" sha1="ef5ae26d0f9a744c73eec364ac7bee2fd6eb1ed9" />
	</machine>
	<machine name="timewarr">
		<description>Time Warrior</description>
		<year>1990</year>
		<publisher>Bit Corporation</publisher>
		<rom name="c1014_time_warrior.bin" size="32768" crc="1502d7e3" sha1="8d15793fbea07cfda8d68d7eb96fe0eccc978317" />
	</machine>
	<machine name="tornado">
		<description>Tornado</description>
		<year>1991</year>
		<publisher>Bit Corporation</publisher>
		<rom name="c1009_tornado.bin" size="32768" crc="4cd6118e" sha1="671ea650ef462e7dcb4cb02b07ddbc300002707b" />
	</machine>
	<machine name="toughguy">
		<description>Tough Guy</description>
		<year>1993</year>
		<publisher>United Microelectronics Corporation</publisher>
		<rom name="c1-053.bin" size="131072" crc="727299c7" sha1="5515f7dc5a00fa38677c4ac5b73af232008f3e51" />
	</machine>
	<machine name="treashnt">
		<description>Treasure Hunter</description>
		<year>1990</year>
		<publisher>Bit Corporation</publisher>
		<rom name="c1035_treasure_hunter.bin" size="32768" crc="3bed5e9c" sha1="c724b40b97a7f97abfb33e31e5c315ae986b669a" />
	</machine>
	<machine name="vindicat">
		<description>Vindicators</description>
		<year>1990</year>
		<publisher>Bit Corporation</publisher>
		<rom name="c1028_vindicators.bin" size="32768" crc="7b99ee4c" sha1="b858479fc168572e684d3bb2330ae6826470f69f" />
	</machine>
	<machine name="volpanic">
		<description>Volcano Panic</description>
		<year>1991</year>
		<publisher>Bit Corporation</publisher>
		<rom name="c1-016.bin" size="131072" crc="1c2921df" sha1="958f4936f3aa8db5e76d315ee6acc6aee0e010b4" />
	</machine>
	<machine name="wcupsocc">
		<description>World Cup Soccer</description>
		<year>199?</year>
		<publisher>&lt;unknown&gt;</publisher>
		<rom name="c1-045.bin" size="65536" crc="c165094f" sha1="148bd0e461d8f967b483136460a770820d2e7226" />
	</machine>
	<machine name="wittyape">
		<description>Witty Apee</description>
		<year>1990</year>
		<publisher>Bit Corporation</publisher>
		<rom name="c1002_witty_apee.bin" size="32768" crc="f1190956" sha1="0c0579472260b1a0f5bfbda4cba8043b2a75aa54" />
	</machine>
</datafile>