<?xml version="1.0" encoding="utf-8"?>
<!DOCTYPE datafile PUBLIC "-//Logiqx//DTD ROM Management Datafile//EN" "http://www.logiqx.com/Dats/datafile.dtd">
<datafile>
	<header>
		<name>gameking3</name>
		<description>TimeTop GameKing 3 cartridges</description>
		<version>0.267</version>
		<author>Pleasuredome</author>
	</header>
	<machine name="2030">
		<description>2030</description>
		<year>200?</year>
		<publisher>TimeTop</publisher>
		<rom name="2030.gk3" size="524288" crc="b9a69404" sha1="19e0a6ba1deafcb5307119cc312eb3f4a3da58cd" />
	</machine>
	<machine name="adventr">
		<description>Adventure</description>
		<year>200?</year>
		<publisher>TimeTop</publisher>
		<rom name="adventure.gk3" size="524288" crc="70082274" sha1="83b164719b2c2d5c133ca05c9fac0102b0d88e4c" />
	</machine>
	<machine name="diamond">
		<description>Diamond</description>
		<year>200?</year>
		<publisher>TimeTop</publisher>
		<rom name="diamond.gk3" size="524288" crc="9b968d49" sha1="ce3de488ebb65ba9802670ea1558761d5aadb7f9" />
	</machine>
	<machine name="falconc">
		<description>Falcon Corps</description>
		<year>200?</year>
		<publisher>TimeTop</publisher>
		<rom name="falcon corps.gk3" size="524288" crc="44f328aa" sha1="37dfafcacc02db182880fb21b38d06c25a1b8024" />
	</machine>
	<machine name="flycar">
		<description>Fly Car</description>
		<year>200?</year>
		<publisher>TimeTop</publisher>
		<rom name="fly_car.gk3" size="524288" crc="da314211" sha1="ea901fe7a7aea203afe6fe0d33e374163cec0262" />
	</machine>
	<machine name="hemic">
		<description>Hemic Battle</description>
		<year>200?</year>
		<publisher>TimeTop</publisher>
		<rom name="hemicbattle.gk3" size="524288" crc="87465984" sha1="60032e52e3ef56be739ce0f6180891a44b68380d" />
	</machine>
	<machine name="panzer">
		<description>Panzer</description>
		<year>200?</year>
		<publisher>TimeTop</publisher>
		<rom name="panzer.gk3" size="524288" crc="52d24c9e" sha1="c6d0aed0b6bf3ff5f8f31973a8e347fe7ceeb52f" />
	</machine>
	<machine name="searcha">
		<description>Search Action</description>
		<year>200?</year>
		<publisher>TimeTop</publisher>
		<rom name="search action.gk3" size="524288" crc="32db01ff" sha1="b9fb8c85d724866daaeadadc1ce91afa124ba6c9" />
	</machine>
	<machine name="urgent">
		<description>Urgent Action</description>
		<year>200?</year>
		<publisher>TimeTop</publisher>
		<rom name="urgenaction.gk3" size="524288" crc="dcf935f8" sha1="9c1375c622caab9e328ee66434087a18a16ea036" />
	</machine>
	<machine name="vagrant">
		<description>Vagrant</description>
		<year>200?</year>
		<publisher>TimeTop</publisher>
		<rom name="vagrant.gk3" size="524288" crc="db50e1c9" sha1="80f27ec7973d336e12ee506f090440db35ecf183" />
	</machine>
</datafile>