<?xml version="1.0" encoding="utf-8"?>
<!DOCTYPE datafile PUBLIC "-//Logiqx//DTD ROM Management Datafile//EN" "http://www.logiqx.com/Dats/datafile.dtd">
<datafile>
	<header>
		<name>gx4000</name>
		<description>Amstrad CPC Plus &amp; GX4000 cartridges</description>
		<version>0.267</version>
		<author>Pleasuredome</author>
	</header>
	<machine name="barb2">
		<description>Barbarian II</description>
		<year>1989</year>
		<publisher>Palace Software</publisher>
		<rom name="barb2.bin" size="131072" crc="8d5d8466" sha1="8b8c966cf70bea3ef8264d3420fbf1ae13aad096" />
	</machine>
	<machine name="batman">
		<description>Batman</description>
		<year>1989</year>
		<publisher>Ocean Software</publisher>
		<rom name="batman.bin" size="131072" crc="fed2468e" sha1="644b7671a06a37a8d0aa49a3c2e4cfca30e3c9c1" />
	</machine>
	<machine name="brubber">
		<description>Burnin' Rubber</description>
		<year>1990</year>
		<publisher>Ocean Software</publisher>
		<rom name="brubber.bin" size="131072" crc="bb0752e7" sha1="a05975ebdba4845bb8c5097958f27a3428728f8d" />
	</machine>
	<machine name="coptr271">
		<description>Copter 271</description>
		<year>1991</year>
		<publisher>Loriciel Software</publisher>
		<rom name="coptr271.bin" size="131072" crc="3f9d0682" sha1="4b0a80aa83eaa89f109bad55ae4b067f698faaeb" />
	</machine>
	<machine name="crzycrs2">
		<description>Crazy Cars II</description>
		<year>1990</year>
		<publisher>Titus Software</publisher>
		<rom name="crzycrs2.bin" size="131072" crc="4bf81a5e" sha1="8f48816b69c00a3c07a8ddae1f5de2d36a11e966" />
	</machine>
	<machine name="dicktr">
		<description>Dick Tracy</description>
		<year>1990</year>
		<publisher>Titus Software</publisher>
		<rom name="dicktrcy.bin" size="131072" crc="b5c29fd0" sha1="2cf3f0140990548b2b3e7f5f7eaf9d7b6ae678af" />
	</machine>
	<machine name="enforcer">
		<description>The Enforcer</description>
		<year>1990</year>
		<publisher>Trojan</publisher>
		<rom name="enforcer.bin" size="131072" crc="69f813a7" sha1="f188716e69c54c8ffed3b56f12aec3bcdb6eabce" />
	</machine>
	<machine name="firefor2">
		<description>Fire &amp; Forget II</description>
		<year>1990</year>
		<publisher>Titus Software</publisher>
		<rom name="fandf2.bin" size="131072" crc="5a6329eb" sha1="3bcd8fe1f519cb8b453d2957f844e84b1e4f28d4" />
	</machine>
	<machine name="klax">
		<description>Klax</description>
		<year>1990</year>
		<publisher>Domark</publisher>
		<rom name="klax.bin" size="131072" crc="94356097" sha1="49b8a6cf1af1f801fb6109f65674427332005d30" />
	</machine>
	<machine name="mystical">
		<description>Mystical</description>
		<year>1990</year>
		<publisher>Infogrames</publisher>
		<rom name="mystical.bin" size="131072" crc="b98b11f5" sha1="9609c1948dfa84bc51f56d94f9667e6fefdfe145" />
	</machine>
	<machine name="navyseal">
		<description>Navy Seals</description>
		<year>1990</year>
		<publisher>Ocean Software</publisher>
		<rom name="nvyseals.bin" size="131072" crc="92b77f03" sha1="6aab7380067ad224c804793f4e575718ff582042" />
	</machine>
	<machine name="noexit">
		<description>No Exit</description>
		<year>1990</year>
		<publisher>CVS</publisher>
		<rom name="noexit.bin" size="131072" crc="28f64ce1" sha1="270844966810b91529d70f3c68f41e3986646659" />
	</machine>
	<machine name="othunder">
		<description>Operation Thunderbolt</description>
		<year>1990</year>
		<publisher>Ocean Software</publisher>
		<rom name="othunder.bin" size="131072" crc="9d5a4f42" sha1="567a15d8a892a20ba3c0d3184a0b381b58f0c34c" />
	</machine>
	<machine name="pang">
		<description>Pang</description>
		<year>1990</year>
		<publisher>Ocean Software</publisher>
		<rom name="pang.bin" size="131072" crc="b6a33a07" sha1="128094fa2999d61466761232b25215e594ad509a" />
	</machine>
	<machine name="panzakb">
		<description>Panza Kick Boxing</description>
		<year>1991</year>
		<publisher>Loriciel Software</publisher>
		<rom name="pkckbox.bin" size="131072" crc="996c30ce" sha1="1e1c65e075c8f3e73d83d42ffe81f1311748432c" />
	</machine>
	<machine name="pinmagic">
		<description>Pinball Magic</description>
		<year>1991</year>
		<publisher>Loriciel Software</publisher>
		<rom name="pbmagic.bin" size="131072" crc="e7500c93" sha1="120f6b670682cedb0ca6cc8c25ad410423a3563f" />
	</machine>
	<machine name="plotting">
		<description>Plotting</description>
		<year>1990</year>
		<publisher>Ocean Software</publisher>
		<rom name="plotting.bin" size="131072" crc="f7a73aaa" sha1="7163872123d61bf575d8a766d9b55ecca0901447" />
	</machine>
	<machine name="protennt">
		<description>Pro Tennis Tour</description>
		<year>1989</year>
		<publisher>Ubisoft</publisher>
		<rom name="prtnnstr.bin" size="131072" crc="64d996f7" sha1="1f9faefca86ed8089fe28f4a1836df106dbf4d12" />
	</machine>
	<machine name="robocop2">
		<description>Robocop 2</description>
		<year>1990</year>
		<publisher>Ocean Software</publisher>
		<rom name="robocop2.bin" size="131072" crc="426bfabc" sha1="5eb7e056a19cb69c45c3bc575c5ed196e7fbd1f5" />
	</machine>
	<machine name="skeetsh">
		<description>Skeet Shoot</description>
		<year>1990</year>
		<publisher>Trojan</publisher>
		<rom name="sktshoot.bin" size="131072" crc="24e7334d" sha1="360f2a0538bdaf15c3a69bf8eb82dcb358fbe1d5" />
	</machine>
	<machine name="switchbl">
		<description>Switchblade</description>
		<year>1990</year>
		<publisher>Gremlin Graphics</publisher>
		<rom name="swtchbld.bin" size="131072" crc="32ea852d" sha1="ce7ab55a83a6003fe3e2b2a3a6f5b318da6f721d" />
	</machine>
	<machine name="syses">
		<description>Burnin' Rubber + Locomotive BASIC (Spain)</description>
		<year>1990</year>
		<publisher>Amstrad</publisher>
		<rom name="sysespd\spapados.bin" size="131072" crc="57ecd6ed" sha1="2a68079bf90dbacf9e921b54874ad3e5408a75bd" />
		<rom name="plus_es.bin" size="131072" crc="5d336a70" sha1="d9f93ed0f4790a078317f7bde8ec6bf838c965e1" />
	</machine>
	<machine name="sysfr">
		<description>Burnin' Rubber + Locomotive BASIC (France)</description>
		<year>1990</year>
		<publisher>Amstrad</publisher>
		<rom name="sysfrpd\frpados.bin" size="131072" crc="5efd7488" sha1="d618e925f326c03be4b1b018f2cc218384eb88c7" />
		<rom name="sysfrv3\basic (f) (white label).bin" size="65536" crc="37e17647" sha1="c977841fdf09151394b49035a53ee5d049b38891" />
		<rom name="plus_fr.bin" size="131072" crc="26ebc1fe" sha1="8f8031e24440d2f1174d21faabb3b0134266daf2" />
	</machine>
	<machine name="sysuk">
		<description>Burnin' Rubber + Locomotive BASIC</description>
		<year>1990</year>
		<publisher>Amstrad</publisher>
		<rom name="sysukpd\engpados.bin" size="131072" crc="e9c5e30e" sha1="596bf4d4dedafca71fadffb6e5fa8634c3cd843f" />
		<rom name="plus_en.bin" size="131072" crc="91d35678" sha1="e73416091449a9e9b3bce19263a54d0bb62235f7" />
	</machine>
	<machine name="tennisc2">
		<description>Tennis Cup II</description>
		<year>1990</year>
		<publisher>Loriciel Software</publisher>
		<rom name="tnnscup2.bin" size="131072" crc="10e9d90f" sha1="9fb694a09a09f84a6519c9e074ff49504a424ccb" />
	</machine>
	<machine name="tintin">
		<description>Tintin On The Moon</description>
		<year>1990</year>
		<publisher>Infogrames</publisher>
		<rom name="tintin.bin" size="131072" crc="72320df4" sha1="3b3a1f870dff22fa0952f2da93e3dc90daef90cc" />
	</machine>
	<machine name="wildstrt">
		<description>Wild Streets</description>
		<year>1990</year>
		<publisher>Titus Software</publisher>
		<rom name="wildstrt.bin" size="131072" crc="bcbae03b" sha1="3ff09f19471d8bcd878583f74a553048068b6dff" />
	</machine>
	<machine name="worldspt">
		<description>World of Sports</description>
		<year>1990</year>
		<publisher>EPYX</publisher>
		<rom name="wrldsprt.bin" size="131072" crc="5cecc439" sha1="6bc5271370eb1ee92f809874f7ef346c2117f9cd" />
	</machine>
</datafile>