<?xml version="1.0" encoding="utf-8"?>
<!DOCTYPE datafile PUBLIC "-//Logiqx//DTD ROM Management Datafile//EN" "http://www.logiqx.com/Dats/datafile.dtd">
<datafile>
	<header>
		<name>hikara</name>
		<description>Takara Tomy Hi-kara cartridges</description>
		<version>0.267</version>
		<author>Pleasuredome</author>
	</header>
	<machine name="bh1jpop1">
		<description>Best Hit Collection Volume 1: J-Pop 1 (Japan)</description>
		<year>2008</year>
		<publisher>Takara Tomy</publisher>
		<rom name="bh0801001.u1" size="2097152" crc="298dff43" sha1="c644a00154d129808261688482943b93440c33dc" />
	</machine>
	<machine name="bh2jpop2">
		<description>Best Hit Collection Volume 2: J-Pop 2 (Japan)</description>
		<year>2008</year>
		<publisher>Takara Tomy</publisher>
		<rom name="bh0801002.u1" size="2097152" crc="ef4c68f3" sha1="ea9d62d6ba98f3c067f39b6d2e9d8b03d441b315" />
	</machine>
	<machine name="bh3jpop3">
		<description>Best Hit Collection Volume 3: J-Pop 3 (Japan)</description>
		<year>2008</year>
		<publisher>Takara Tomy</publisher>
		<rom name="bh0801003.u1" size="2097152" crc="66fbff9d" sha1="02cc6f288a56ec4d598b6d51d920985caa8a7458" />
	</machine>
	<machine name="bh4anim1">
		<description>Best Hit Collection Volume 4: Anime Song 1</description>
		<year>2008</year>
		<publisher>Takara Tomy</publisher>
		<rom name="bh0802001.u1" size="2097152" crc="1294fbcc" sha1="aa68b6aeb497837f8fed595a3537f49a2a17dd11" />
	</machine>
	<machine name="bh5anim2">
		<description>Best Hit Collection Volume 5: Anime Song 2</description>
		<year>2008</year>
		<publisher>Takara Tomy</publisher>
		<rom name="bh0802002.u1" size="2097152" crc="d367d127" sha1="9bbe04ca274caf9b70f542e317ea71028a4886ef" />
	</machine>
	<machine name="bh7">
		<description>Best Hit Collection Volume 7</description>
		<year>2008</year>
		<publisher>Takara Tomy</publisher>
		<rom name="bh0904001.u1" size="2097152" crc="20d58743" sha1="25e348663d2d41bb96267c4430d2eb858bbb79c4" />
	</machine>
	<machine name="bh8">
		<description>Best Hit Collection Volume 8</description>
		<year>2008</year>
		<publisher>Takara Tomy</publisher>
		<rom name="bh0904002.u1" size="2097152" crc="fd24eefa" sha1="015ce9845dd2fb36a04e2c1cdb50d2fc9d4e14c9" />
	</machine>
	<machine name="ciao">
		<description>Ciao Best Hit Cartridge</description>
		<year>2009</year>
		<publisher>Takara Tomy</publisher>
		<rom name="cc0907001.u1" size="2097152" crc="45f6b2a3" sha1="b3b1b3f269b128a2b09aa932f77d53da53f6130f" />
	</machine>
	<machine name="pokemon">
		<description>Utatte Asonde! Best Hit Pokémon</description>
		<year>2008</year>
		<publisher>Takara Tomy</publisher>
		<rom name="r-08b0541.u1" size="2097152" crc="8b6a6d4b" sha1="5f264bff2deedbd61d844c4f8ba4421ac598636c" />
	</machine>
	<machine name="user5">
		<description>Hi-kara 5-song capacity user cartridge (used, with 5 songs) (Japan)</description>
		<year>2008</year>
		<publisher>Takara Tomy</publisher>
		<rom name="user5a\usercart_4songs.bin" size="1048576" crc="e0c3d088" sha1="d2063a65e0e9526ac0f9907fcf82d1f55bd488ed" />
		<rom name="A29L800ATV.u1" size="1048576" crc="679f92e9" sha1="9af880f7f09c0e616d0f0b3cd499ab42de3ab210" />
	</machine>
	<machine name="user10">
		<description>Hi-kara 10-song capacity user cartridge (used, with 10 songs) (Japan)</description>
		<year>2008</year>
		<publisher>Takara Tomy</publisher>
		<rom name="cartdump_pink.u1" size="2097152" crc="235c1c52" sha1="8ce599227e2824d7ca98e3d0f9bb163c09d8fa58" />
	</machine>
	<machine name="user20">
		<description>Hi-kara 20-song capacity user cartridge (used, with 20 songs) (Japan)</description>
		<year>2008</year>
		<publisher>Takara Tomy</publisher>
		<rom name="cartdump_blue.u1" size="2097152" crc="4912b515" sha1="0b004821b07b82eb05c3ce7b0c89e55b35dff20b" />
	</machine>
</datafile>