<?xml version="1.0" encoding="utf-8"?>
<!DOCTYPE datafile PUBLIC "-//Logiqx//DTD ROM Management Datafile//EN" "http://www.logiqx.com/Dats/datafile.dtd">
<datafile>
	<header>
		<name>hp85_rom</name>
		<description>HP-85 Option ROMs</description>
		<version>0.267</version>
		<author>Pleasuredome</author>
	</header>
	<machine name="assembler">
		<description>Assembler ROM</description>
		<year>1980</year>
		<publisher>Hewlett-Packard</publisher>
		<rom name="rom050.bin" size="8192" crc="9827cc3c" sha1="018d6a8df68a839b4e192da957f38a5db20f8bfc" />
	</machine>
	<machine name="io">
		<description>I/O ROM</description>
		<year>1979</year>
		<publisher>Hewlett-Packard</publisher>
		<rom name="rom300.bin" size="8192" crc="6f904a4c" sha1="6f90899fa983e2fd63088ce516c35d07e5942f2b" />
	</machine>
	<machine name="mass">
		<description>Mass storage ROM</description>
		<year>1979</year>
		<publisher>Hewlett-Packard</publisher>
		<rom name="rom320.bin" size="8192" crc="9c03582c" sha1="1cc9a5013739821cd1d7e2a52e8abbd29045e850" />
	</machine>
	<machine name="matrix">
		<description>Matrix ROM</description>
		<year>1979</year>
		<publisher>Hewlett-Packard</publisher>
		<rom name="rom260.bin" size="8192" crc="70f83074" sha1="3ef192ecff71b967ba747bea8df483e0596988b1" />
	</machine>
	<machine name="service">
		<description>Service ROM</description>
		<year>198?</year>
		<publisher>Hewlett-Packard</publisher>
		<rom name="rom340.bin" size="8192" crc="41441333" sha1="6e166b7b0723da126021e2b2cd572660931e066d" />
	</machine>
	<machine name="service_fix">
		<description>Service ROM (fixed)</description>
		<year>198?</year>
		<publisher>Hewlett-Packard</publisher>
		<rom name="rom340_fixed.bin" size="8192" crc="3ebdd60a" sha1="efa3d3cc9e593f6fe74b1189ea4c2dd0660ae698" />
	</machine>
</datafile>