<?xml version="1.0" encoding="utf-8"?>
<!DOCTYPE datafile PUBLIC "-//Logiqx//DTD ROM Management Datafile//EN" "http://www.logiqx.com/Dats/datafile.dtd">
<datafile>
	<header>
		<name>ibmpcjr_flop</name>
		<description>IBM PCjr disk images</description>
		<version>0.267</version>
		<author>Pleasuredome</author>
	</header>
	<machine name="explore">
		<description>Exploring The IBM PCjr</description>
		<year>1983</year>
		<publisher>IBM</publisher>
		<rom name="exploring the ibm pcjr.img" size="163840" crc="409ff73f" sha1="453ae5f3fa7781ece7d421dd973ce54204b9c99d" />
	</machine>
	<machine name="kingqst">
		<description>King's Quest</description>
		<year>1984</year>
		<publisher>Sierra</publisher>
		<rom name="king's quest.img" size="368640" crc="524c1991" sha1="f6159d955959bf421774ed85df09b50026fa5a81" />
	</machine>
	<machine name="pcdos21">
		<description>PC DOS 2.1</description>
		<year>1983</year>
		<publisher>IBM</publisher>
		<rom name="disk1.img" size="184320" crc="6a568d95" sha1="db165cb9bf2b2abbf5fa826dfe3a8f9819ce7ea5" />
		<rom name="disk2.img" size="184320" crc="d5f74e98" sha1="2bfda7185e769ceb5594cfae01c503eaac8449df" />
	</machine>
	<machine name="procm24">
		<description>ProComm (Version 2.4.3)</description>
		<year>1988</year>
		<publisher>Datastorm Technologies, Inc.</publisher>
		<rom name="procomm 243.img" size="368640" crc="63c75c78" sha1="cc3f293349d3458d4577221f15eb121c18465109" status="baddump" />
	</machine>
	<machine name="sampler">
		<description>IBM PCjr Sampler</description>
		<year>198?</year>
		<publisher>IBM</publisher>
		<rom name="ibm pcjr sampler.img" size="368640" crc="c36607b3" sha1="a1d99d975aaed9746056fa1c06563cf08d1a8bc5" />
	</machine>
	<machine name="tdown">
		<description>Touchdown Football</description>
		<year>1984</year>
		<publisher>Imagic</publisher>
		<rom name="touchdown football.img" size="327680" crc="0fbaedb6" sha1="c42650559b2b4eb4b789fd2fa22bc5c8c0589e45" />
	</machine>
	<machine name="tpascal3">
		<description>Turbo Pascal 3.02A</description>
		<year>1985</year>
		<publisher>Borland Inc.</publisher>
		<rom name="turbo pascal 302.img" size="368640" crc="07fafb7e" sha1="1358d6082b0d44107ef1411f3a2c251cef7eb922" status="baddump" />
	</machine>
	<machine name="wordstar">
		<description>Wordstar for PCjr (Release 1.00)</description>
		<year>1987</year>
		<publisher>Micropro International</publisher>
		<rom name="disk 1.img" size="368640" crc="81b95671" sha1="a5f33403b1e3762e6b1c2c84b279e093eec9501f" />
		<rom name="disk 2.img" size="368640" crc="d5c84856" sha1="ef138f490f302e687827b71b8d254143d870f895" />
		<rom name="disk 3.img" size="368640" crc="49884404" sha1="11c8c7d638ba00a1e42844a1efb09fd6f75ac7d4" />
	</machine>
	<machine name="zbasic4">
		<description>ZBasic 4.02</description>
		<year>1987</year>
		<publisher>Zedcor, Inc.</publisher>
		<rom name="zbasic 402.img" size="368640" crc="c8d0b1a0" sha1="ac264cb7267f54acf6d6619e4f782f781674c5e0" status="baddump" />
	</machine>
</datafile>