<?xml version="1.0" encoding="utf-8"?>
<!DOCTYPE datafile PUBLIC "-//Logiqx//DTD ROM Management Datafile//EN" "http://www.logiqx.com/Dats/datafile.dtd">
<datafile>
	<header>
		<name>icanguit</name>
		<description>Fisher-Price / Mattel I Can Play Guitar cartridges</description>
		<version>0.267</version>
		<author>Pleasuredome</author>
	</header>
	<machine name="barbie">
		<description>Barbie Guitar Party (K9901)</description>
		<year>2007</year>
		<publisher>Fisher-Price / Mattel</publisher>
		<rom name="icpgbarbieguitarparty.bin" size="8388608" crc="0355a72a" sha1="ca39f3a4c5c10e6435c6fa5f006c7878cf74f74e" />
	</machine>
	<machine name="ggreats">
		<description>American Idol - Guitar Greats (K9907)</description>
		<year>2007</year>
		<publisher>Fisher-Price / Mattel</publisher>
		<rom name="icpgguitargreats.bin" size="8388608" crc="5a4daf19" sha1="4f673c39fe95399ebfd02257c7b6b80ec44ed14f" />
	</machine>
	<machine name="guitfav">
		<description>Guitar Favorites (K7357)</description>
		<year>2007</year>
		<publisher>Fisher-Price / Mattel</publisher>
		<rom name="icanplayguitar_guitarfavorites.bin" size="8388608" crc="c804822e" sha1="81e10a033355f4ba4be23a6741bd9d81c5627544" />
	</machine>
	<machine name="nashhits">
		<description>Nashville Hits (K9905)</description>
		<year>2007</year>
		<publisher>Fisher-Price / Mattel</publisher>
		<rom name="icpgnashvillehits.bin" size="8388608" crc="b3615978" sha1="9c8d5c085feb55ed18d118d4dd7b9ff72872f3bc" />
	</machine>
	<machine name="roadtune">
		<description>Hot Wheels - Road Tunes (K9902)</description>
		<year>2007</year>
		<publisher>Fisher-Price / Mattel</publisher>
		<rom name="icpgroadtunes.bin" size="8388608" crc="d2c4da6b" sha1="28cb2ea079e4a4885523ef94999342365316ef12" />
	</machine>
	<machine name="rock101">
		<description>Rock 101 (K9906)</description>
		<year>2007</year>
		<publisher>Fisher-Price / Mattel</publisher>
		<rom name="icpgrock101.bin" size="8388608" crc="74b81353" sha1="d2cc03d043242e7fc6595dacfb2cde36612bb44a" />
	</machine>
	<machine name="surfsup">
		<description>SpongeBob SquarePants - Surf's Up (K9903)</description>
		<year>2007</year>
		<publisher>Fisher-Price / Mattel</publisher>
		<rom name="icpgsurfsup.bin" size="8388608" crc="c6ead0fd" sha1="f49ec1cf28e960dd5a253482e74978b67d92f652" />
	</machine>
</datafile>