<?xml version="1.0" encoding="utf-8"?>
<!DOCTYPE datafile PUBLIC "-//Logiqx//DTD ROM Management Datafile//EN" "http://www.logiqx.com/Dats/datafile.dtd">
<datafile>
	<header>
		<name>kc_flop</name>
		<description>VEB Mikroelektronik KC 85 disk images</description>
		<version>0.267</version>
		<author>Pleasuredome</author>
	</header>
	<machine name="caos">
		<description>CAOS</description>
		<year>198?</year>
		<publisher>VEB Mikroelektronik</publisher>
		<rom name="caosa\kc85caos.td0" size="334695" crc="6abbd7d3" sha1="f5b36850674a971db1d3adc3601588b4b0193fef" />
		<rom name="caos.img" size="819200" crc="c988c92a" sha1="42d7605846a39254cd9cac97aa9e404eb51e3b66" />
	</machine>
	<machine name="mdos">
		<description>MicroDOS 2.6</description>
		<year>1988</year>
		<publisher>IRIMS</publisher>
		<rom name="mdosa\kc85microdos.img" size="819200" crc="3222ac4b" sha1="c378850fb492b56caf28f8eb7fbe987d72b07e40" />
		<rom name="microdos.img" size="819200" crc="ce91a44e" sha1="0924e9d2d964b4456b18170df5b7df172c8a043d" />
	</machine>
	<machine name="mldos">
		<description>ML-DOS 2.2</description>
		<year>1997</year>
		<publisher>ML-Soft</publisher>
		<rom name="ml-dos.td0" size="268528" crc="abdf8f62" sha1="b3e80cfe894cbe563de1f34727d8bf58c86285f5" />
	</machine>
</datafile>