<?xml version="1.0" encoding="utf-8"?>
<!DOCTYPE datafile PUBLIC "-//Logiqx//DTD ROM Management Datafile//EN" "http://www.logiqx.com/Dats/datafile.dtd">
<datafile>
	<header>
		<name>leapfrog_ltleappad_cart</name>
		<description>LeapFrog Little Touch LeapPad cartridges</description>
		<version>0.267</version>
		<author>Pleasuredome</author>
	</header>
	<machine name="babyanimlsg">
		<description>Tierbabys (Germany)</description>
		<year>2004</year>
		<publisher>LeapFrog</publisher>
		<rom name="0 - 0001.png" size="37596799" crc="ad66c49d" sha1="16dae35cb0c08d27eb588b83833ca71f8a71806a" />
		<rom name="0 - 0002.png" size="27182987" crc="516607e7" sha1="24216669d85540efadd0874ba8507b189e7585f1" />
		<rom name="0 - 0003.png" size="44907311" crc="2ab6e5fe" sha1="771481c13f6732becfdc79831badcd33016505f0" />
		<rom name="0 - 0004.png" size="38557421" crc="cc8bbb60" sha1="8e1818a7728bbc44ec8c3a7432390c76ef096112" />
		<rom name="0 - 0005.png" size="38654052" crc="4006f47c" sha1="cdc6af0b76d613923561d296fb62024ae9f1a61b" />
		<rom name="0 - 0006.png" size="37881053" crc="cdc740df" sha1="6bdabb6a76b4d74ba554cb488352eba556c49e47" />
		<rom name="0 - 0007.png" size="38717783" crc="63dd73bc" sha1="cd3183762d5131c1a660cdf51c322dbcc24c511e" />
		<rom name="0 - 0008.png" size="45907063" crc="7b199399" sha1="46ec72d03bc57b9323cbdebb6893cb8f2b37353f" />
		<rom name="0 - 0009.png" size="32689578" crc="ec1259fe" sha1="3371968207f0d055bdb4b5b59a74278489fd824e" />
		<rom name="0 - 0010.png" size="40304497" crc="fb61b742" sha1="57f499ff15c1f72f13c48cecbc2a7c93d414976a" />
		<rom name="0 - 0011.png" size="27822662" crc="6153b74d" sha1="2a94cecdcad825060f10a9b9216ba313445c2fc2" />
		<rom name="0 - 0012.png" size="26250052" crc="c007d0d7" sha1="aa1c087d36615572266037e76c75dc887d98621e" />
		<rom name="0 - 0013.png" size="29435467" crc="497dc4b5" sha1="b2f6a9587f4a7e8df5eacc54b3ce8e8b0e3f7ae4" />
		<rom name="0 - 0014.png" size="31887226" crc="b211ff71" sha1="95b1a0911be996460f7cd0da9d0b6fd900d3b146" />
		<rom name="500-11543 - Tierbabys (GER).bin" size="4194304" crc="b1a39c17" sha1="b8c34f706a634cb8cd9b57623cd1f54a6665186a" />
	</machine>
	<machine name="babyfwords">
		<description>Baby's First Words (USA)</description>
		<year>2003</year>
		<publisher>LeapFrog</publisher>
		<rom name="500-10247 - Baby's First Words.bin" size="4194304" crc="a28fdb10" sha1="c9209222dd28b546047fb4352ef8a88d2892c460" />
	</machine>
	<machine name="ifiwere">
		<description>If I were... (USA)</description>
		<year>2003</year>
		<publisher>LeapFrog</publisher>
		<rom name="ifiwereg\0 - 0001.png" size="43138225" crc="fd98bf40" sha1="5ada16f047eddc69aa81f628a4e25f6dedac7883" />
		<rom name="ifiwereg\0 - 0002.png" size="28070691" crc="47dc40e0" sha1="88730b484295b20585b1635d29f9cbdbacfb8957" />
		<rom name="ifiwereg\0 - 0003.png" size="53238961" crc="fcb8eabd" sha1="5c15e670bab926eb345d4a5eea9b7d29aa349c06" />
		<rom name="ifiwereg\0 - 0004.png" size="53515735" crc="6bba1219" sha1="ffe309dbb074fb218f8774876949515e0946c4c7" />
		<rom name="ifiwereg\0 - 0005.png" size="51640445" crc="41c53ec2" sha1="0c26714c43019ded927130f9456cbe7b1259ee22" />
		<rom name="ifiwereg\0 - 0006.png" size="51477998" crc="35ca7c70" sha1="aa7e320ceea425415e15ce8639dfe18a4c090b61" />
		<rom name="ifiwereg\0 - 0007.png" size="48100013" crc="119de4db" sha1="7cfc6615a9d569ad3353ece6cb973c8a3e7aba51" />
		<rom name="ifiwereg\0 - 0008.png" size="50151388" crc="c185858d" sha1="aaa55e9d87c3d4521a85df0fcf6e134f94d3536e" />
		<rom name="ifiwereg\0 - 0009.png" size="50119905" crc="af4b4c8e" sha1="daedd87412854aaae56ee5aeb06d85fd8a61b918" />
		<rom name="ifiwereg\0 - 0010.png" size="53086068" crc="a8c1da8d" sha1="ba96592f78a7b7ef1a737c10f800af63bb7ccd65" />
		<rom name="ifiwereg\0 - 0011.png" size="40381298" crc="94d03bad" sha1="152c58f7105fc2b74e78ff292b5156daca10d7b3" />
		<rom name="ifiwereg\0 - 0012.png" size="54157429" crc="faf97cef" sha1="89f9f3d812324eec151f93ca7b5cab8c3042b71d" />
		<rom name="ifiwereg\0 - 0013.png" size="27724557" crc="eb9835d7" sha1="07a1f3d973d95a21edd94d6dad01f0bafac107fc" />
		<rom name="ifiwereg\0 - 0014.png" size="31818963" crc="3fb918d5" sha1="ae3b2a12101a0b89d244cde30ba338dbb3145f6c" />
		<rom name="ifiwereg\500-11542 - Was ware, wenn (GER).bin" size="4194304" crc="05beb8b3" sha1="64796968d208fbc12eed83a7756321d92daaa719" />
		<rom name="500-11468 UBL - If I were.bin" size="4194304" crc="297cb62a" sha1="4bddc6ea95f92fc33690b349277b1e0234d67ce1" />
	</machine>
	<machine name="poohlovesu">
		<description>Disney Pooh Loves You! (USA)</description>
		<year>2004</year>
		<publisher>LeapFrog</publisher>
		<rom name="poohlovesug\0 - 0001.png" size="40391728" crc="fd0840ca" sha1="24c3a7f3db4c6efd87974ff388035c6c85ad9347" />
		<rom name="poohlovesug\0 - 0002.png" size="18626447" crc="e4aeb433" sha1="d486995935ee7168b2f236b2bb2754eca0cb2204" />
		<rom name="poohlovesug\0 - 0003.png" size="51131196" crc="853af804" sha1="bfa0bbd3079f2c9e145ca85a1b5352abc57d7b97" />
		<rom name="poohlovesug\0 - 0004.png" size="38991303" crc="7150e761" sha1="b0ae9ba2d5a2cbdff51e1e523afc279964dc09a8" />
		<rom name="poohlovesug\0 - 0005.png" size="53129779" crc="28801499" sha1="6ef2e7b652ec00c5e795d3c7f55968473ca837b4" />
		<rom name="poohlovesug\0 - 0006.png" size="52608914" crc="248f529c" sha1="1e7a4043c409c8f26f2ed4dd1bbf1a665c67a118" />
		<rom name="poohlovesug\0 - 0007.png" size="52906878" crc="8d6be3a0" sha1="5cc03ff216d97a75c622687ffaf489e97af82e7c" />
		<rom name="poohlovesug\0 - 0008.png" size="32626410" crc="a9d16744" sha1="d39084ecb23ac1f1abc64a912b25a2dbe9c65a39" />
		<rom name="poohlovesug\0 - 0009.png" size="52280991" crc="3f529ddf" sha1="0b78d0caf89d19264952283e340232ddbd6c87dc" />
		<rom name="poohlovesug\0 - 0010.png" size="51774811" crc="96980eb5" sha1="f8a2850cb300b05dbb3b335a00473c9c885ed56a" />
		<rom name="poohlovesug\0 - 0011.png" size="39753050" crc="03750beb" sha1="7286c76c3156f85c8ddeaf2211384be31da7d811" />
		<rom name="poohlovesug\0 - 0012.png" size="39595361" crc="1b2365e0" sha1="eb9bd9f248a00e35b558f74a5a93ac6a20ca0e6b" />
		<rom name="poohlovesug\0 - 0013.png" size="26575258" crc="29e96e5e" sha1="cacb0a98e91c3dd02e31d2e358cdc2e89fa337ec" />
		<rom name="poohlovesug\0 - 0014.png" size="29753785" crc="c7171d4c" sha1="9b3de89321f637db2ddff814b7e5ae70aae34118" />
		<rom name="poohlovesug\500-12032 - Puuh mag dich (GER).bin" size="2097152" crc="86758367" sha1="c5f0dd899c58f879e659a613ba404cbbb2bb7ed5" />
		<rom name="500-11375 - Pooh Loves You.bin" size="2097152" crc="b91d260f" sha1="babc3c084cec8929b80257a0b0fbfc85fc2eb16e" />
	</machine>
</datafile>