<?xml version="1.0" encoding="utf-8"?>
<!DOCTYPE datafile PUBLIC "-//Logiqx//DTD ROM Management Datafile//EN" "http://www.logiqx.com/Dats/datafile.dtd">
<datafile>
	<header>
		<name>mac_flop_orig</name>
		<description>Apple Macintosh 400K/800K original disk images</description>
		<version>0.267</version>
		<author>Pleasuredome</author>
	</header>
	<machine name="7citygold">
		<description>Seven Cities of Gold</description>
		<year>1986</year>
		<publisher>Electronic Arts</publisher>
		<rom name="seven cities of gold.moof" size="649059" crc="b983b91f" sha1="a099917cd525457e38e801b3270e703a7514d525" />
	</machine>
	<machine name="airborne">
		<description>Airborne!</description>
		<year>1984</year>
		<publisher>Silicon Beach Software</publisher>
		<rom name="airborne.moof" size="649057" crc="49d96b33" sha1="67d2f4436246774e82c78ee6a51db6053cbad912" />
	</machine>
	<machine name="altegof11">
		<description>Alter Ego (version 1.1 female)</description>
		<year>1986</year>
		<publisher>Activision</publisher>
		<rom name="alter ego (female version) disk 1.moof" size="649070" crc="9ec27d78" sha1="200c0b3eaf515a7f188b64d9756506594d826ac3" />
		<rom name="alter ego (female version) disk 2.moof" size="649070" crc="a9821778" sha1="df6a5cebeb470d37442b939e1d2913dfca0e3532" />
		<rom name="alter ego (female version) disk 3.moof" size="649070" crc="58c205cd" sha1="168a9711cce1d438919763356d8de8106be5cbee" />
	</machine>
	<machine name="altegom10">
		<description>Alter Ego (male version 1.0)</description>
		<year>1985</year>
		<publisher>Activision</publisher>
		<rom name="alter ego (male version) disk 1.moof" size="649068" crc="9d6eb3df" sha1="e641ee2c06bdab35c99849cccb960946f6afc8fa" />
		<rom name="alter ego (male version) disk 2.moof" size="645484" crc="79e41a0c" sha1="2f0e29433918184d533885fd651f1ee7699bce24" />
		<rom name="alter ego (male version) disk 3.moof" size="649068" crc="62a5e230" sha1="140a82550c01e139c1e5dcf5f61d225096c29270" />
	</machine>
	<machine name="altrcity">
		<description>Alternate Reality: The City (version 3.0)</description>
		<year>1987</year>
		<publisher>Datasoft</publisher>
		<rom name="alternate reality- the city - disk 1.moof" size="657263" crc="c641a647" sha1="4e3934b764f05d06a1420a60b4c889a336255d57" />
		<rom name="alternate reality- the city - disk 2.moof" size="665455" crc="698e793a" sha1="559c6679ce57b4d38b0bc661422c9e602788ba59" />
	</machine>
	<machine name="anartwar">
		<description>The Ancient Art of War</description>
		<year>1985</year>
		<publisher>Brøderbund Software</publisher>
		<rom name="the ancient art of war.moof" size="648491" crc="8ead3a62" sha1="8d5e290b5a665b762ccf5fca078c1c5bef7e4716" />
	</machine>
	<machine name="apchestr12">
		<description>Apache Strike (version 1.2)</description>
		<year>1987</year>
		<publisher>Silicon Beach Software</publisher>
		<rom name="apache strike v1.2.moof" size="1296263" crc="1ea83f76" sha1="980d7b50381f429e6ef228af2e7752cb34c9b2f6" />
	</machine>
	<machine name="arkan100">
		<description>Arkanoid (version 1.00)</description>
		<year>1988</year>
		<publisher>Taito America Corp</publisher>
		<rom name="arkanoid v1.00.moof" size="1329014" crc="5a3f69e3" sha1="679ae58f761561a15c36233cf56162f19da2dbc1" />
	</machine>
	<machine name="ballyhoor97">
		<description>Ballyhoo (release 97 / 851218-G)</description>
		<year>1985</year>
		<publisher>Infocom</publisher>
		<rom name="ballyhoo r97-851218-g.moof" size="649024" crc="6ea7eec2" sha1="78accf0a9992db9bf7cf98fea290054e3c627765" />
	</machine>
	<machine name="bopow103">
		<description>Balance of Power (version 1.03)</description>
		<year>1985</year>
		<publisher>Mindscape</publisher>
		<rom name="balance of power.moof" size="649019" crc="b82b5b63" sha1="d32ed4cfc23eff11ff4fa411588cfe50929a5c4f" />
	</machine>
	<machine name="bortime">
		<description>Borrowed Time</description>
		<year>1985</year>
		<publisher>Activision</publisher>
		<rom name="borrowed time.moof" size="648697" crc="d047b425" sha1="4c9b91c07aeec4ee7669574ee98c1837e10b1488" />
	</machine>
	<machine name="bridge60">
		<description>Bridge (version 6.0)</description>
		<year>1989</year>
		<publisher>Artworx</publisher>
		<rom name="bridge v6.0.moof" size="649016" crc="b2c0dd09" sha1="7a0fd36b73ce8242248d68ba58f0d1186621396c" />
	</machine>
	<machine name="bydarkcst">
		<description>Beyond Dark Castle</description>
		<year>1987</year>
		<publisher>Silicon Beach Software</publisher>
		<rom name="beyond dark castle - disk 1.moof" size="1296302" crc="07ac3121" sha1="859fbf0a4eebb76be543828d7d6f2bb26cd451d8" />
		<rom name="beyond dark castle - disk 2.moof" size="1296302" crc="ca612749" sha1="d1975c829818d1199c0b7961a98080d3ad576b8e" />
	</machine>
	<machine name="bzoner9">
		<description>Border Zone (release 9 / 881008-3B)</description>
		<year>1987</year>
		<publisher>Infocom</publisher>
		<rom name="border zone r9-871008.moof" size="649049" crc="f3d38a90" sha1="8b1a337c4ab9f164a37e76615a87aff83cf951db" />
	</machine>
	<machine name="chsmst2k102">
		<description>The Chessmaster 2000 (version 1.02)</description>
		<year>1986</year>
		<publisher>Software Toolworks</publisher>
		<rom name="the chessmaster 2000 v1.02.moof" size="642376" crc="b7d7d52e" sha1="37a0118ac4d0d791de06121e6abf0f3e8d5df73c" />
	</machine>
	<machine name="chstarlbb">
		<description>Championship Star League Baseball</description>
		<year>1985</year>
		<publisher>Gamestar</publisher>
		<rom name="championship star league baseball.moof" size="648985" crc="682b91e4" sha1="02c0c82b38d9d6beedfaa6167df1ea6d057810e9" />
	</machine>
	<machine name="crimcrown">
		<description>The Crimson Crown</description>
		<year>1985</year>
		<publisher>Penguin Software</publisher>
		<rom name="the crimson crown.moof" size="648989" crc="1675b100" sha1="384f3405a9bb50df1fbdab0e30cbfb293cdfd106" />
	</machine>
	<machine name="cutthr23">
		<description>Cutthroats (release 23 / 840809-C)</description>
		<year>1984</year>
		<publisher>Infocom</publisher>
		<rom name="cutthroats r23.moof" size="647490" crc="bba121c8" sha1="afb7a66269a9a006efb2c22d91f70455b51985e1" />
	</machine>
	<machine name="darkcstl10">
		<description>Dark Castle (version 1.0)</description>
		<year>1986</year>
		<publisher> Silicon Beach Software</publisher>
		<rom name="dark castle v1.0 - disk 1.moof" size="649028" crc="05b645ca" sha1="d563bd2d81985ec5416dc806475d1ab49dfa7d49" />
		<rom name="dark castle v1.0 - disk 2.moof" size="649028" crc="6c970e1b" sha1="c6f9c8359c36231c3ad772a41701abeb0a0bfbc8" />
	</machine>
	<machine name="deadliner27">
		<description>Deadline (release 27 / 831005-C)</description>
		<year>1983</year>
		<publisher>Infocom</publisher>
		<rom name="deadline r27-831005-c.moof" size="649006" crc="06c223ae" sha1="de93c5cb78122d0740bdb6806410d008992cc7af" />
	</machine>
	<machine name="defcrown">
		<description>Defender of the Crown</description>
		<year>1987</year>
		<publisher>Mindscape</publisher>
		<rom name="defender of the crown.moof" size="1296244" crc="e7ec1857" sha1="58e3ba83291f1ce76cacd782172816443b41e61e" />
	</machine>
	<machine name="dejavu">
		<description>Déjà Vu: A Nightmare Comes True!!</description>
		<year>1985</year>
		<publisher>Mindscape</publisher>
		<rom name="deja vu disk 1.moof" size="649123" crc="6cfeed83" sha1="169a7fe051dfac21502f247207dd4b4460e14816" />
		<rom name="deja vu disk 2.moof" size="649123" crc="bfa737f4" sha1="cd168c3b5bbca33c46796601ab142d4d0d17f1f1" />
	</machine>
	<machine name="dejavuii">
		<description>Déjà Vu II: Lost in Las Vegas!!</description>
		<year>1988</year>
		<publisher>Mindscape</publisher>
		<rom name="deja vu ii- lost in las vegas.moof" size="1296364" crc="1ad479e9" sha1="2d960c125032604bf7a2e30a827d81d9e8bf6197" />
	</machine>
	<machine name="dlxmuscset10">
		<description>Deluxe Music Construction Set (version 1.0)</description>
		<year>1985</year>
		<publisher>Electronic Arts</publisher>
		<rom name="deluxe music construction set v1.0.moof" size="649041" crc="fcfd93cb" sha1="f3831dda946c8233133c690214aea895d30f414e" />
	</machine>
	<machine name="dnhillrac">
		<description>Downhill Racer</description>
		<year>1986</year>
		<publisher>Miles Computing</publisher>
		<rom name="downhill racer.moof" size="649052" crc="3d1f15c3" sha1="6839b22af8030d3fb437ac06a9891b7f80927c5a" />
	</machine>
	<machine name="dolsense13">
		<description>Dollars and Sense (version 1.3)</description>
		<year>1984</year>
		<publisher>Monogram Publishing</publisher>
		<rom name="dollars and sense v1.3.moof" size="649019" crc="362eb14f" sha1="ba1b49920a4d21d629a5419bbea66503b95b1fa2" />
	</machine>
	<machine name="dragonwld">
		<description>Dragonworld</description>
		<year>1985</year>
		<publisher>Telarium</publisher>
		<rom name="dragonworld - disk a.moof" size="649231" crc="daf99b14" sha1="218dc224c981aa92acd191568c1f17722a820ab8" />
		<rom name="dragonworld - disk b.moof" size="649231" crc="5bf6578d" sha1="88ec849edb85cf0ef1358401339483396abe6f3e" />
	</machine>
	<machine name="dueltd2">
		<description>The Duel: Test Drive II</description>
		<year>1989</year>
		<publisher>Accolade</publisher>
		<rom name="the duel- test drive ii.moof" size="1296291" crc="68a7394e" sha1="fa479b35ec1de63467193198bac9c00f4e17f4fe" />
	</machine>
	<machine name="enchantr24">
		<description>Enchanter (release 24 / 851118-G)</description>
		<year>1985</year>
		<publisher>Infocom</publisher>
		<rom name="enchanter r24-851118-g.moof" size="649036" crc="f56689f0" sha1="d570efa9cd02cf8a5933f3972bfc2f4300440cd3" />
	</machine>
	<machine name="encscept">
		<description>Enchanted Scepters</description>
		<year>1984</year>
		<publisher>Silicon Beach Software</publisher>
		<rom name="enchanted scepters.moof" size="657333" crc="1f1e63d6" sha1="d71e0128d408f584c5a91b19d1853ab7a8140d91" />
	</machine>
	<machine name="falcon10">
		<description>Falcon (version 1.0)</description>
		<year>1987</year>
		<publisher>Spectrum Holobyte</publisher>
		<rom name="falcon - disk 1.moof" size="1296384" crc="5e6cb9e0" sha1="f6436501b10db912fe810f9dce1b0d3e324e68c4" />
		<rom name="falcon - disk 2.moof" size="1296384" crc="4fa4f2d8" sha1="c4a585a5f96cafdfb12a6db0f25053aa8ba230f9" />
	</machine>
	<machine name="fltsim102">
		<description>Flight Simulator (version 1.02)</description>
		<year>1986</year>
		<publisher>Microsoft</publisher>
		<rom name="flight simulator v1.02.moof" size="649054" crc="58bb2a05" sha1="2f0176d83b303e084295c629cb3ac6826b440a99" />
	</machine>
	<machine name="fontog241">
		<description>Fontographer (version 2.4.1)</description>
		<year>1987</year>
		<publisher>Altsys</publisher>
		<rom name="fontographer v2.4.1.moof" size="648962" crc="179b3ece" sha1="121aa7fcc2c35a10cc0fb6cbf8793e2769f0f8de" />
	</machine>
	<machine name="foolserr20">
		<description>The Fool's Errand (version 2.0)</description>
		<year>1988</year>
		<publisher>Miles Computing</publisher>
		<rom name="the fool's errand v2.0 disk 1.moof" size="1296166" crc="59945b96" sha1="4bb5244b9fac5e11c1e939ff0af798c9adf6511d" />
		<rom name="the fool's errand v2.0 disk 2.moof" size="1312550" crc="c2643fd4" sha1="cf1b6aa987c439758eb31293e1ef708d5e7564c8" />
	</machine>
	<machine name="forcastle">
		<description>Forbidden Castle</description>
		<year>1985</year>
		<publisher>Mindscape</publisher>
		<rom name="forbidden castle.moof" size="649008" crc="3396471c" sha1="6c38bfda53e78591f633eab9cc16f966251177f1" />
	</machine>
	<machine name="frogger10">
		<description>Frogger (version 1.0)</description>
		<year>1984</year>
		<publisher>Sierra On-Line</publisher>
		<rom name="frogger.moof" size="648965" crc="bf61ee2c" sha1="de5726d466c9d534e1afe21298aba0da2953f518" />
	</machine>
	<machine name="fusill10">
		<description>Fusillade (version 1.0)</description>
		<year>1985</year>
		<publisher>Miles Computing</publisher>
		<rom name="fusillade.moof" size="649029" crc="d29d2bbd" sha1="2072a53c39dd11e5a60f432472aabfef4d55bb92" />
	</machine>
	<machine name="gato13">
		<description>GATO (version 1.3)</description>
		<year>1985</year>
		<publisher>Spectrum Holobyte</publisher>
		<rom name="gato v1.3.moof" size="641368" crc="5fffebb8" sha1="fb57fa04198cc1c7d54773a1b9391c782cdaa7bd" />
	</machine>
	<machine name="geom11">
		<description>Geometry (version 1.1)</description>
		<year>1986</year>
		<publisher>Brøderbund Software</publisher>
		<rom name="geometry v1.1 disk 1.moof" size="649022" crc="75f37d47" sha1="33361989578cf8c7f3d42b13f325a29f646095a4" />
		<rom name="geometry v1.1 disk 2.moof" size="665406" crc="22d9bb00" sha1="ca71b761be1fff5ab8f84e9adc36899be323c585" />
	</machine>
	<machine name="hackerii">
		<description>Hacker II</description>
		<year>1986</year>
		<publisher>Activision</publisher>
		<rom name="hacker ii.moof" size="648965" crc="94e65b01" sha1="fd8b81073e11ffddb5c946294e996d43f952d19c" />
	</machine>
	<machine name="harstkm12">
		<description>Harrier Strike Mission II (version 1.2)</description>
		<year>1987</year>
		<publisher>Miles Computing</publisher>
		<rom name="harrier strike mission ii.moof" size="649023" crc="42a72fe0" sha1="0a106be8dafaafc57decec1b2b89130fec410933" />
	</machine>
	<machine name="harstkm">
		<description>Harrier Strike Mission</description>
		<year>1985</year>
		<publisher>Miles Computing</publisher>
		<rom name="harrier strike mission.moof" size="648964" crc="0b57e1f6" sha1="fc50d46c7df2fb1237118a9279dba5df23cc43cd" />
	</machine>
	<machine name="hhijinxr37">
		<description>Hollywood Hijinx (release 37 / 861215-I)</description>
		<year>1986</year>
		<publisher>Infocom</publisher>
		<rom name="hollywood hijinx r37.moof" size="649032" crc="a2b2d1f1" sha1="38748bf648fa1c00f16ef6c3635808f5991cba2a" />
	</machine>
	<machine name="hitchgr47">
		<description>The Hitchhiker's Guide to the Galaxy (release 47 / 840914-C)</description>
		<year>1984</year>
		<publisher>Infocom</publisher>
		<rom name="the hitchhiker's guide to the galaxy r47.moof" size="649064" crc="736ce5ed" sha1="32cc3ca732b720371c95ed343cee132cdabccc3e" />
	</machine>
	<machine name="homeacc101">
		<description>The Home Accountant (version 1.01)</description>
		<year>1984</year>
		<publisher>Continental Software</publisher>
		<rom name="the home accountant v1.01.moof" size="649025" crc="09be1abf" sha1="57bdf7cd7682209e2c3d68863c620f197a1f184e" />
	</machine>
	<machine name="iiinmac203">
		<description>][ in a Mac (version 2.03)</description>
		<year>1986</year>
		<publisher>COMPUTER:applications, Inc.</publisher>
		<rom name="ii in a mac.moof" size="649009" crc="5821fc1e" sha1="25a878e5349484f922a1a7b0f457ddbf7b1dce76" />
	</machine>
	<machine name="ijrevanc">
		<description>Indiana Jones and the Revenge of the Ancients</description>
		<year>1987</year>
		<publisher>Mindscape</publisher>
		<rom name="indiana jones and the revenge of the ancients.moof" size="649023" crc="b5f1554f" sha1="bef7aafc1f397a29a273f8cdf4f6581fdd0f18c8" />
	</machine>
	<machine name="infidelr22">
		<description>Infidel (release 22 / 840522-C)</description>
		<year>1984</year>
		<publisher>Infocom</publisher>
		<rom name="infidel r22-840522-c.moof" size="649025" crc="9a86b685" sha1="2ddecd9b44328acf9cbf7b9ac23d9790668ba508" />
	</machine>
	<machine name="kingchic">
		<description>The King of Chicago</description>
		<year>1986</year>
		<publisher>Mindscape</publisher>
		<rom name="the king of chicago.moof" size="1296217" crc="f582c989" sha1="606f1d9091c2bc760d705966837d6e454eee8076" />
	</machine>
	<machine name="kquest110">
		<description>King's Quest (version 1.10)</description>
		<year>1987</year>
		<publisher>Sierra On-Line</publisher>
		<rom name="king's quest v1.10 disk 1.moof" size="665533" crc="4884bd0b" sha1="842f2c0d83c0d46901e1009b2f41a01037509468" />
		<rom name="king's quest v1.10 disk 2.moof" size="665533" crc="279a3d96" sha1="702279c674bf05f41a38383e53d275fb3166c473" />
	</machine>
	<machine name="lodrun10">
		<description>Lode Runner (version 1.0)</description>
		<year>1984</year>
		<publisher>Brøderbund Software</publisher>
		<rom name="lode runner.moof" size="649040" crc="9e654df4" sha1="20f9af71734b7d4553f3083453b3caedd88c8fb5" />
	</machine>
	<machine name="lurkhorr203">
		<description>The Lurking Horror (release 203 / 870506-G)</description>
		<year>1987</year>
		<publisher>Infocom</publisher>
		<rom name="the lurking horror r203-870506-g.moof" size="649019" crc="e77be6a6" sha1="9f98fe71141ed230837458db2ac339c31421491d" />
	</machine>
	<machine name="macattk">
		<description>Mac Attack</description>
		<year>1984</year>
		<publisher>Miles Computing</publisher>
		<rom name="mac attack.moof" size="648972" crc="d1766425" sha1="4cdcc8508317bae4d91e907b7c42b0e76765bd8b" />
	</machine>
	<machine name="macdft12">
		<description>MacDraft (version 1.2)</description>
		<year>1986</year>
		<publisher>Innovative Data Design</publisher>
		<rom name="macdraft v1.2 - disk 1 - startup.moof" size="665370" crc="d176309f" sha1="7efd3db4f34ede29076fda7d1e4c6f0316e792e8" />
		<rom name="macdraft v1.2 - disk 2 - program.moof" size="648981" crc="190f3185" sha1="8d1b42b786ae8619f94ca0266f5310097b2afec4" />
	</machine>
	<machine name="macgam10">
		<description>MacGammon! (version 1.0)</description>
		<year>1984</year>
		<publisher>Expert Systems</publisher>
		<rom name="macgammon v1.0.moof" size="649039" crc="0d4d3426" sha1="25557c494052c3dea650574f5a29df166453f58a" />
	</machine>
	<machine name="macpasc10">
		<description>Macintosh Pascal (version 1.0)</description>
		<year>1984</year>
		<publisher>THINK Technologies</publisher>
		<rom name="macintosh pascal v1.0.moof" size="649074" crc="c0c2c779" sha1="8a1a93789008e891dba1f9a54714589475fe7908" />
	</machine>
	<machine name="macvegas11">
		<description>Mac Vegas (version 1.1)</description>
		<year>1985</year>
		<publisher>Videx</publisher>
		<rom name="mac vegas v1.1.moof" size="649086" crc="a03fd1cc" sha1="a16741b6e5767d66c952d60cdc8852b03f92b320" />
	</machine>
	<machine name="macwars">
		<description>MacWars</description>
		<year>1985</year>
		<publisher>Miles Computing</publisher>
		<rom name="macwars.moof" size="647396" crc="373a6a1e" sha1="969c731bb169257c34de6f2c6bd5b1540bee1a63" />
	</machine>
	<machine name="mazesurv">
		<description>Maze Survival</description>
		<year>1987</year>
		<publisher>BLUE WHALE gameworks</publisher>
		<rom name="maze survival.moof" size="648982" crc="9236ae70" sha1="b678d66d8b99ddba5679d55f09f1f22a69cb56c3" />
	</machine>
	<machine name="mexcel100">
		<description>Microsoft Excel (version 1.00)</description>
		<year>1985</year>
		<publisher>Microsoft</publisher>
		<rom name="microsoft excel v1.00 - disk 1.moof" size="648979" crc="ea745998" sha1="b2aa667b6215a04f167f54f280ff790d78393bf8" />
		<rom name="microsoft excel v1.00 - disk 2 boot.moof" size="646931" crc="faa41d45" sha1="4a9e5f41271fb4e485dc941733458d2b9753fc1f" />
	</machine>
	<machine name="mfile104">
		<description>Microsoft File (version 1.04)</description>
		<year>1986</year>
		<publisher>Microsoft</publisher>
		<rom name="microsoft file v1.04.moof" size="1296136" crc="7096f81b" sha1="e8a88b6b9b871ff3108821c74192cc36f90faa3c" />
	</machine>
	<machine name="million10">
		<description>Millionaire (version 1.0)</description>
		<year>1984</year>
		<publisher>Blue Chip Software</publisher>
		<rom name="millionaire v1.0.moof" size="636276" crc="4da1cfdf" sha1="6634b49e0d37173ae08dab77fb40f17278d845c2" />
	</machine>
	<machine name="mindprb10">
		<description>The Mind Prober (version 1.0)</description>
		<year>1984</year>
		<publisher>Human Edge Software</publisher>
		<rom name="the mind prober v1.0.moof" size="648997" crc="90d6f9fc" sha1="112ade8a35891697047ac50cca2cbba2dbf55590" />
	</machine>
	<machine name="mindshdw">
		<description>Mindshadow</description>
		<year>1985</year>
		<publisher>Activision</publisher>
		<rom name="mindshadow.moof" size="641342" crc="6c445b65" sha1="d0375a0970e21bb3ee8388bf0996ba9e3af75102" />
	</machine>
	<machine name="mindvoyr77">
		<description>A Mind Forever Voyaging (release 77 / 850814-E)</description>
		<year>1985</year>
		<publisher>Infocom</publisher>
		<rom name="a mind forever voyaging r77.moof" size="649037" crc="b49881a8" sha1="6f54a3515d94b865044a5229ab4377d2f51ec950" />
	</machine>
	<machine name="moebius103">
		<description>Moebius: The Orb of Celestial Harmony (version 1.03)</description>
		<year>1988</year>
		<publisher>Origin Systems</publisher>
		<rom name="moebius v1.03.moof" size="1328983" crc="e05e0dc5" sha1="af022568978b7986b42704089643f3491adef076" />
	</machine>
	<machine name="mousest100">
		<description>Mouse Stampede (version 1.00)</description>
		<year>1984</year>
		<publisher>Mark of the Unicorn</publisher>
		<rom name="mouse stampede v1.00.moof" size="649025" crc="5b085ae8" sha1="b3c508fb3d66f2864f8f309813ca1cdf9073b111" />
	</machine>
	<machine name="msttckpr34a">
		<description>Master Tracks Pro (version 3.4a)</description>
		<year>1989</year>
		<publisher>Passport Designs</publisher>
		<rom name="master track pro v3.4a.moof" size="1296210" crc="d523723f" sha1="e6a5d4ea287fe6555b42db48108570e46d25c0a9" />
	</machine>
	<machine name="msttckpr110">
		<description>Master Tracks Pro (version 1.10)</description>
		<year>1987</year>
		<publisher>Passport Designs</publisher>
		<rom name="master tracks pro v1.10.moof" size="649031" crc="4dd8e210" sha1="8461c9142f29e1a7149f6c6306d34893e67ac1d9" />
	</machine>
	<machine name="msttckpr200h">
		<description>Master Tracks Pro (version 2.00h)</description>
		<year>1987</year>
		<publisher>Passport Designs</publisher>
		<rom name="master tracks pro v2.00h.moof" size="649032" crc="2dcab1f9" sha1="0300867f6f462c489901dab6293126bfb45acca0" />
	</machine>
	<machine name="msttrkpr40">
		<description>Master Tracks Pro (version 4.0)</description>
		<year>1989</year>
		<publisher>Passport Designs</publisher>
		<rom name="master tracks pro v4.0.moof" size="1296183" crc="655256b4" sha1="0d8f44da1116929b22ee62dbdf32a4e1a9efea5b" />
	</machine>
	<machine name="murbydozt">
		<description>Murder by the Dozen (Thunder Mountain)</description>
		<year>1984</year>
		<publisher>Thunder Mountain</publisher>
		<rom name="murder by the dozen.moof" size="665383" crc="4d00ab89" sha1="9a3504c5926872803f8a9e1fb4e8b310d639a511" />
	</machine>
	<machine name="nordbertr19">
		<description>Nord and Bert Couldn't Make Head or Tail of It (release 19 / 870722-I)</description>
		<year>1987</year>
		<publisher>Infocom</publisher>
		<rom name="nord and bert couldn't make head or tail of it r19.moof" size="649058" crc="6d620902" sha1="c2a4a3e69d34b00b63803786e0492967b16459fb" />
	</machine>
	<machine name="oids14">
		<description>Oids (version 1.4)</description>
		<year>1992</year>
		<publisher>FTL Games</publisher>
		<rom name="oids v1.4.moof" size="1337832" crc="363a503e" sha1="6396e0c506bd5140839c0e397311839f1321b4de" />
	</machine>
	<machine name="oneonone">
		<description>One on One</description>
		<year>1985</year>
		<publisher>Electronic Arts</publisher>
		<rom name="one on one.moof" size="649161" crc="867690de" sha1="96e7c4d6414441219f2b2e0a713aa133736ae86c" />
	</machine>
	<machine name="orbqst104">
		<description>Orb Quest: Part I: The Search for Seven Wards (version 1.04)</description>
		<year>1986</year>
		<publisher>QWare</publisher>
		<rom name="orbquest.moof" size="649041" crc="d83d7146" sha1="4fbc9ed2de3c17fa1fa748e32989e79aba97fc76" />
	</machine>
	<machine name="patvsrom105">
		<description>Patton vs. Rommel (version 1.05)</description>
		<year>1986</year>
		<publisher>Electronic Arts</publisher>
		<rom name="patton vs. rommel.moof" size="649032" crc="5a1211c2" sha1="c9c7e8d4ecd1049b31554099dfaf7ec40408c0d2" />
	</machine>
	<machine name="pensate11">
		<description>Pensate (version 1.1)</description>
		<year>1984</year>
		<publisher>Penguin Software</publisher>
		<rom name="pensate v1.1.moof" size="649030" crc="7218e527" sha1="c21d9b88a0819cc40deea30bb6e63e48bd78c985" />
	</machine>
	<machine name="physics12">
		<description>Physics (version 1.2)</description>
		<year>1989</year>
		<publisher>Brøderbund Software</publisher>
		<rom name="physics v1.2.moof" size="1296179" crc="f973216b" sha1="286a5fb86949cb2d6272470a5a63b83051196363" />
	</machine>
	<machine name="pinballcs">
		<description>Pinball Construction Set (version 2.5)</description>
		<year>1985</year>
		<publisher>Electronic Arts</publisher>
		<rom name="pinball construction set v2.5.moof" size="648517" crc="ee6ee8ec" sha1="906089f4a5ebd804b4a6d7903c26032e33e9d436" />
	</machine>
	<machine name="pltfallr29">
		<description>Planetfall (release 29 / 840118-B)</description>
		<year>1984</year>
		<publisher>Infocom</publisher>
		<rom name="planetfall r29-840118-b.moof" size="647492" crc="4da5b361" sha1="4f0864ad330b97997ec4e663aeae359e954bebd4" />
	</machine>
	<machine name="prtshop12">
		<description>The Print Shop (version 1.2)</description>
		<year>1986</year>
		<publisher>Brøderbund Software</publisher>
		<rom name="the print shop v1.2 - disk 1.moof" size="642409" crc="cedc36a3" sha1="3917eee2b8de0578072c933bde2172b2a06abce5" />
		<rom name="the print shop v1.2 - disk 2.moof" size="649065" crc="6ea6cdb5" sha1="45e2010814a80c651309fc14259ec625aa4be76f" />
	</machine>
	<machine name="qsheet10">
		<description>Q-Sheet (version 1.0)</description>
		<year>1987</year>
		<publisher>Digidesign, Inc.</publisher>
		<rom name="q-sheet v1.0 disk 1 - master program.moof" size="649000" crc="1df03e49" sha1="7793cba7e36dcbd7ad6642c214e020437ec80fd1" />
		<rom name="q-sheet v1.0 disk 2 - sample files.moof" size="649000" crc="4c3e078b" sha1="cf23b35369a3c83e6294eb3d2bf64e56f41ff399" />
	</machine>
	<machine name="rambo">
		<description>Rambo: First Blood Part II</description>
		<year>1985</year>
		<publisher>Mindscape</publisher>
		<rom name="rambo.moof" size="657204" crc="159c43b7" sha1="8eb4001ae30943afdc14c57d5f707deaee12df58" />
	</machine>
	<machine name="rogue10">
		<description>Rogue (version 1.0)</description>
		<year>1985</year>
		<publisher>Epyx</publisher>
		<rom name="rogue.moof" size="648991" crc="241949f0" sha1="7ac8e1faea2e17ed4253d1752f4b5e78e17e9b6e" />
	</machine>
	<machine name="runmoney">
		<description>Run for the Money</description>
		<year>1983</year>
		<publisher>Scarborough Systems</publisher>
		<rom name="run for the money.moof" size="639290" crc="c5b89cf3" sha1="1bb89e799bd370e51a9f6ea0a015b1b0761da53f" />
	</machine>
	<machine name="schboxing">
		<description>Sierra Championship Boxing</description>
		<year>1985</year>
		<publisher>Sierra On-Line</publisher>
		<rom name="sierra championship boxing.moof" size="665401" crc="800f0eb7" sha1="4b8ed63d9d563b0ad84a80ce5bf416f1da105199" />
	</machine>
	<machine name="seastkr15">
		<description>Seastalker (release 15 / 840522-C)</description>
		<year>1984</year>
		<publisher>Infocom</publisher>
		<rom name="seastalker r15.moof" size="649022" crc="f6e7d694" sha1="0737c330f36189859045437494922b05499433db" />
	</machine>
	<machine name="shangh10">
		<description>Shanghai (version 1.0)</description>
		<year>1986</year>
		<publisher>Activision</publisher>
		<rom name="shanghai.moof" size="649000" crc="5a7651ef" sha1="e5d694e6ec50ac9c05ed6da800f5d7e7bcf28092" />
	</machine>
	<machine name="shdwgate">
		<description>Shadowgate</description>
		<year>1985</year>
		<publisher>Mindscape</publisher>
		<rom name="shadowgate disk 1.moof" size="649107" crc="4bdbe269" sha1="b9b6cdf07a31c969952b426babbffbbd197a28e3" />
		<rom name="shadowgate disk 2.moof" size="649133" crc="20dc5e8e" sha1="f1f4d68682caf1f44e8ca3bc68a40eefe498f36a" />
	</machine>
	<machine name="shufcafe10">
		<description>Shufflepuck Cafe (version 1.0)</description>
		<year>1988</year>
		<publisher>Brøderbund Software</publisher>
		<rom name="shufflepuck cafe v1.0.moof" size="1296222" crc="5b539c73" sha1="1ed5dea9672ce515f54930fcd8f261fa7ee0f808" />
	</machine>
	<machine name="simcity11">
		<description>SimCity (version 1.1)</description>
		<year>1989</year>
		<publisher>Maxis</publisher>
		<rom name="simcity v1.1.moof" size="1296179" crc="ca98c8ab" sha1="6234a090b9ca33783d625d4fa93d14eb90d6170b" />
	</machine>
	<machine name="simcity12">
		<description>SimCity (version 1.2, black &amp; white)</description>
		<year>1989</year>
		<publisher>Maxis</publisher>
		<rom name="simcity v1.2.moof" size="1296217" crc="aaeae45d" sha1="e0bfde94b6b86e57fc24f4b62ec402c687943253" />
	</machine>
	<machine name="skyfox">
		<description>Skyfox</description>
		<year>1986</year>
		<publisher>Electronic Arts</publisher>
		<rom name="skyfox.moof" size="649004" crc="b5d51ef9" sha1="4341627ad2b3ddb186e6416b5cb05cb3cf2c9b9c" />
	</machine>
	<machine name="smhitr101">
		<description>Smash Hit Racquetball (version 1.01)</description>
		<year>1986</year>
		<publisher>Primera Software</publisher>
		<rom name="smash hit racquetball.moof" size="649035" crc="234df5da" sha1="39115a4dbec93cbee3baf5f71f79629be21464ed" />
	</machine>
	<machine name="spdrdii11">
		<description>Speed Reader II (version 1.1)</description>
		<year>1985</year>
		<publisher>Davidson &amp; Associates</publisher>
		<rom name="speed reader ii v1.1.moof" size="665419" crc="f92a64f1" sha1="84b06e3485e1b9e578914fb317086e0809f3223c" />
	</machine>
	<machine name="spellbrkr63">
		<description>Spellbreaker (release 63 / 850916-F)</description>
		<year>1985</year>
		<publisher>Infocom</publisher>
		<rom name="spellbreaker r63-850916-f.moof" size="649028" crc="d1832977" sha1="b5d4b8f542ff677246ad927053c0555210441b58" />
	</machine>
	<machine name="squire11">
		<description>Squire (version 1.1)</description>
		<year>1985</year>
		<publisher>Blue Chip Software</publisher>
		<rom name="squire v1.1.moof" size="648500" crc="70dc48af" sha1="9dc87b0b2221134b94b4f9d1a20a06cdd13c9026" />
	</machine>
	<machine name="stfallr107">
		<description>Stationfall (release 107 / 870430-G)</description>
		<year>1987</year>
		<publisher>Infocom</publisher>
		<rom name="stationfall r107-870430-g.moof" size="649014" crc="1a2fe37f" sha1="8f503d2f5f88eb31d3fda25d4a9dfb63f16049fb" />
	</machine>
	<machine name="stratcqt12">
		<description>Strategic Conquest (version 1.2)</description>
		<year>1985</year>
		<publisher>PBI Software</publisher>
		<rom name="strategic conquest v1.2.moof" size="647478" crc="3b490c38" sha1="ca058bd3750cf376b784d47b09ea491b6bcc4350" />
	</machine>
	<machine name="strekkob10">
		<description>Star Trek: The Kobayashi Alternative (version 1.0)</description>
		<year>1985</year>
		<publisher>Simon &amp; Schuster</publisher>
		<rom name="star trek- the kobayashi alternative.moof" size="649065" crc="b0a20dad" sha1="1118fa143ccfffc98f01c46e712c81594c9da048" />
	</machine>
	<machine name="subbatsim">
		<description>Sub Battle Simulator</description>
		<year>1987</year>
		<publisher>Epyx</publisher>
		<rom name="sub battle simulator.moof" size="649056" crc="92bbe1ff" sha1="1108f59d27b6a0f673111d5189f975f88face133" />
	</machine>
	<machine name="surgeon15">
		<description>The Surgeon (version 1.5)</description>
		<year>1985</year>
		<publisher>ISM</publisher>
		<rom name="the surgeon v1.5.moof" size="648966" crc="1d3b1e95" sha1="5768a47e4b0d4ca6c54d47fb840627e5bfa49e24" />
	</machine>
	<machine name="suspectr14">
		<description>Suspect (release 14 / 841005-C)</description>
		<year>1984</year>
		<publisher>Infocom</publisher>
		<rom name="suspect r14-841005-c.moof" size="649023" crc="8430d7a7" sha1="52c4c9e84584c8e45e9ef7f4a217cab3c2c71a38" />
	</machine>
	<machine name="tapt850930">
		<description>Temple of Apshai Trilogy (version 1985-09-30)</description>
		<year>1985</year>
		<publisher>Epyx</publisher>
		<rom name="temple of apshai trilogy.moof" size="648997" crc="0000232e" sha1="65548e24fb8be102120f24d50a6a0205b07af624" />
	</machine>
	<machine name="tasstone">
		<description>Tass Times in Tonetown</description>
		<year>1986</year>
		<publisher>Activision</publisher>
		<rom name="tass times in tonetown.moof" size="648944" crc="b54a8983" sha1="72c3d8c051ed2509bdf19a97846ccc2bf577b81c" />
	</machine>
	<machine name="tesser106">
		<description>Tesserae (version 1.06)</description>
		<year>1990</year>
		<publisher>Inline Design</publisher>
		<rom name="tesserae v1.06.moof" size="1296180" crc="4047edee" sha1="d3480df76e7fd122ee1beab485eac27dff13ac15" />
	</machine>
	<machine name="themist">
		<description>The Mist</description>
		<year>1985</year>
		<publisher>Mindscape</publisher>
		<rom name="the mist.moof" size="649000" crc="8d73233c" sha1="da7150fe63533dd8726eb25ac5d14a8ec171c424" />
	</machine>
	<machine name="thepawn23">
		<description>The Pawn (version 2.3)</description>
		<year>1986</year>
		<publisher>Rainbird</publisher>
		<rom name="the pawn v2.3.moof" size="649057" crc="14d2350a" sha1="78f753e9228c42f5a4dae87c7deca3e8a3e96ae9" />
	</machine>
	<machine name="thequest">
		<description>The Quest</description>
		<year>1984</year>
		<publisher>Penguin Software</publisher>
		<rom name="the quest.moof" size="649043" crc="ff49b1a3" sha1="c0d4291d7fda86bdeb9e4d2fb0721d84e775d0fe" />
	</machine>
	<machine name="toyshop11">
		<description>The Toy Shop (version 1.1)</description>
		<year>1986</year>
		<publisher>Brøderbund Software</publisher>
		<rom name="the toy shop v1.1 - master disk.moof" size="649083" crc="587298c1" sha1="09f5698b104a2fb9693df027059810ec47e1b96b" />
		<rom name="the toy shop v1.1 - toy disk 1.moof" size="649082" crc="ac532f1f" sha1="970669331a5c5387e8142069d3499d4125797892" />
		<rom name="the toy shop v1.1 - toy disk 2.moof" size="649082" crc="b91c9b65" sha1="436989fec30e1ea974745f5c3713b62e4c243e2b" />
	</machine>
	<machine name="transylv">
		<description>Transylvania</description>
		<year>1984</year>
		<publisher>Penguin Software</publisher>
		<rom name="transylvania.moof" size="649018" crc="64f940c3" sha1="298ffe01d0214ebddc3ec4c2f65ae2873e88b734" />
	</machine>
	<machine name="trinityr11">
		<description>Trinity (release 11 / 860509-3H)</description>
		<year>1986</year>
		<publisher>Infocom</publisher>
		<rom name="trinity r11-860509-3h.moof" size="649026" crc="e0af74e1" sha1="48cc33b6d2824a7daf158616f2883e06df70be29" />
	</machine>
	<machine name="uninvited">
		<description>Uninvited</description>
		<year>1986</year>
		<publisher>Mindscape</publisher>
		<rom name="uninvited disk 1.moof" size="649150" crc="fd19dc18" sha1="ceff741f276fd83ef7ad5f0e746194589e1205b3" />
		<rom name="uninvited disk 2.moof" size="649150" crc="04c6f91e" sha1="d70db8a9e11db1243703c87b711be37147530bff" />
	</machine>
	<machine name="vvpoker">
		<description>Vegas Video Poker</description>
		<year>1987</year>
		<publisher>Applications Plus</publisher>
		<rom name="vegas video poker.moof" size="648988" crc="4849b6b0" sha1="bc75cfb0790369d0e25007f70a732a29399cb427" />
	</machine>
	<machine name="wgam851024">
		<description>Winter Games (version 1985-10-24)</description>
		<year>1985</year>
		<publisher>Epyx</publisher>
		<rom name="winter games.moof" size="649009" crc="6cfe6f32" sha1="4b1412edd7dc5b9c4f5794442efccb4f7b226c4a" />
	</machine>
	<machine name="wgam851031">
		<description>Winter Games (version 1985-10-31)</description>
		<year>1985</year>
		<publisher>Epyx</publisher>
		<rom name="winter games rev. 2.moof" size="648986" crc="3b0c69a9" sha1="e8b733ed794b6ae8ee3bb25b71d177c3b89292a1" />
	</machine>
	<machine name="wheurocs10">
		<description>Where in Europe is Carmen Sandiego? (version 1.0)</description>
		<year>1989</year>
		<publisher>Brøderbund Software</publisher>
		<rom name="where in europe is carmen sandiego v1.0 disk 1.moof" size="1296300" crc="c08bd764" sha1="4676d4d364fc6c4adf74b985b77f7a95939255b3" />
		<rom name="where in europe is carmen sandiego v1.0 disk 2.moof" size="1296300" crc="d76f4109" sha1="a745d8dc3f4c12fa143d54f73575c3fe0682d70b" />
	</machine>
	<machine name="whtimecs10">
		<description>Where in Time is Carmen Sandiego? (version 1.0)</description>
		<year>1990</year>
		<publisher>Brøderbund Software</publisher>
		<rom name="where in time is carmen sandiego v1.0 - disk 1.moof" size="1296367" crc="a8f4431d" sha1="89133b38eea2d98dc9014f5f7ba5dae2389c9ed3" />
		<rom name="where in time is carmen sandiego v1.0 - disk 2.moof" size="1296367" crc="2f9cb881" sha1="9d4341b7b21c7ca23aba7332731146edf4077266" />
		<rom name="where in time is carmen sandiego v1.0 - disk 3.moof" size="1296367" crc="8a7784df" sha1="f9df3c99563aa80663fd4c6cb668d12e1634dd53" />
	</machine>
	<machine name="witnessr22">
		<description>The Witness (release 22 / 840924-C)</description>
		<year>1984</year>
		<publisher>Infocom</publisher>
		<rom name="the witness r22.moof" size="649023" crc="f4158e8e" sha1="e361ffd664174259e3817b2d824b95cb18f9c9fb" />
	</machine>
	<machine name="wizardryiv">
		<description>Wizardry VI: Bane of the Cosmic Forge</description>
		<year>1990</year>
		<publisher>Sir-Tech Software</publisher>
		<rom name="wizardry vi - disk a.moof" size="1296283" crc="22159b3f" sha1="2515df08c939890e4d3d74bbdf15fa808449df8c" />
		<rom name="wizardry vi - disk b.moof" size="1296283" crc="01713dfc" sha1="e74c53efda0418be6faf4c2805e3a219e89ed91b" />
		<rom name="wizardry vi - disk c.moof" size="1312667" crc="9342391e" sha1="3536f44b32b91a990a2e1055727b7e8223adb035" />
		<rom name="wizardry vi - disk d.moof" size="1296283" crc="ab262766" sha1="fd3cfd1ec5bf7a5439b6bdf4cdfef91a0f48814f" />
		<rom name="wizardry vi - disk e.moof" size="1296283" crc="cb5d778a" sha1="f740c2524a9fcdb42048a59fbe7a50648fe3ff49" />
		<rom name="wizardry vi - disk f.moof" size="1296283" crc="c048d63c" sha1="73a3d1d05b99ff8ae81d735ac79efd4a13d240c8" />
	</machine>
	<machine name="zorkiiir17">
		<description>Zork III (release 17 / 840727-C)</description>
		<year>1984</year>
		<publisher>Infocom</publisher>
		<rom name="zork iii r17.moof" size="649061" crc="baf1d1c0" sha1="8b9e82ce547e5dca2b9813b894185f46aea2e944" />
	</machine>
	<machine name="zorkir76">
		<description>Zork I: The Great Underground Empire (release 76 / 840509)</description>
		<year>1984</year>
		<publisher>Infocom</publisher>
		<rom name="zork i r76-840509.moof" size="649070" crc="322ce4c7" sha1="e77dc6d772c06bed1dfc33b2ffae810f6ffd9949" />
	</machine>
</datafile>