<?xml version="1.0" encoding="utf-8"?>
<!DOCTYPE datafile PUBLIC "-//Logiqx//DTD ROM Management Datafile//EN" "http://www.logiqx.com/Dats/datafile.dtd">
<datafile>
	<header>
		<name>mephisto_smondial2</name>
		<description>Mephisto Super Mondial II modules</description>
		<version>0.267</version>
		<author>Pleasuredome</author>
	</header>
	<machine name="college">
		<description>College Module</description>
		<year>1988</year>
		<publisher>Hegener + Glaser</publisher>
		<rom name="college_7.7.88" size="32768" crc="02fbdf33" sha1="7d1c87b446ef00f4a533f5193f33b3e05af9ff33" />
	</machine>
</datafile>