<?xml version="1.0" encoding="utf-8"?>
<!DOCTYPE datafile PUBLIC "-//Logiqx//DTD ROM Management Datafile//EN" "http://www.logiqx.com/Dats/datafile.dtd">
<datafile>
	<header>
		<name>mm2_flop</name>
		<description>Nokia MikroMikko 2 floppies</description>
		<version>0.267</version>
		<author>Pleasuredome</author>
	</header>
	<machine name="msdos221">
		<description>Nokia MS-DOS 2.00 Versio 2.21 (Fin)</description>
		<year>1985</year>
		<publisher>Nokia Data</publisher>
		<rom name="12.imd" size="537770" crc="30d62aa0" sha1="887f433133439731baf7617292bcdcb29090075f" />
		<rom name="13.imd" size="451922" crc="2efba243" sha1="341f44c2b204d74f729bf3f68ec77aa313c8ea9f" />
	</machine>
</datafile>