<?xml version="1.0" encoding="utf-8"?>
<!DOCTYPE datafile PUBLIC "-//Logiqx//DTD ROM Management Datafile//EN" "http://www.logiqx.com/Dats/datafile.dtd">
<datafile>
	<header>
		<name>mpf1_rom</name>
		<description>Micro-Professor 1 ROMs</description>
		<version>0.267</version>
		<author>Pleasuredome</author>
	</header>
	<machine name="forth_i88">
		<description>FORTH-I/88</description>
		<year>1985</year>
		<publisher>Multitech</publisher>
		<rom name="forth_i88.bin" size="8192" crc="a04caba9" sha1="1e94f1355722228cd4de0e9a773e7a923cbad745" />
	</machine>
	<machine name="vip_i88">
		<description>VIP-I/88</description>
		<year>1985</year>
		<publisher>Multitech</publisher>
		<rom name="vip_i88.bin" size="16384" crc="c5aceba3" sha1="735af166ff0dbe9c3e48eec61ab2365be74120cb" />
	</machine>
</datafile>