<?xml version="1.0" encoding="utf-8"?>
<!DOCTYPE datafile PUBLIC "-//Logiqx//DTD ROM Management Datafile//EN" "http://www.logiqx.com/Dats/datafile.dtd">
<datafile>
	<header>
		<name>msx1_bee_card</name>
		<description>MSX1 Hudson Soft Bee Cards</description>
		<version>0.267</version>
		<author>Pleasuredome</author>
	</header>
	<machine name="bombmnsp">
		<description>Bomber Man Special (Japan)</description>
		<year>1986</year>
		<publisher>Hudson Soft</publisher>
		<rom name="bomber man special (japan).rom" size="32768" crc="042ad44d" sha1="e700493e1c4c14f711e9c1c262fe3e8d76931ca3" />
	</machine>
	<machine name="jetsetw">
		<description>Jet Set Willy</description>
		<year>1985</year>
		<publisher>Hudson Soft</publisher>
		<rom name="jet set willy (japan).rom" size="16384" crc="9191c890" sha1="45b5b0e9dd8d11d034e09803f92ec9720cda1e3c" />
	</machine>
	<machine name="pooyan">
		<description>Pooyan (Japan)</description>
		<year>1985</year>
		<publisher>Hudson Soft</publisher>
		<rom name="pooyan (japan).rom" size="16384" crc="558a09f6" sha1="692a55393e8eef0800a612c01456e9cecd9c1418" />
	</machine>
	<machine name="starfrce">
		<description>Star Force (Japan)</description>
		<year>1985</year>
		<publisher>Hudson Soft</publisher>
		<rom name="starfrcea\star force (japan) (alt 1).rom" size="32768" crc="e9de7e32" sha1="5fe86465119343804a722ce4768eb33de806a39f" />
		<rom name="star force (japan).rom" size="32768" crc="c14e53a1" sha1="c1746efeb4b44dcc80dfc4f429009feac91d9c48" />
	</machine>
	<machine name="starsold">
		<description>Star Soldier (Japan)</description>
		<year>1986</year>
		<publisher>Hudson Soft</publisher>
		<rom name="starsolda\star soldier (japan) (alt 1).rom" size="32768" crc="f6d4e101" sha1="b58caf47c953b6f00935a201bfccf7ee968dff32" />
		<rom name="star soldier (japan).rom" size="32768" crc="0b3d975d" sha1="6a56b46b8bf014b25863433d6d96e64641a93eef" />
	</machine>
	<machine name="takameij">
		<description>Takahashi Meijin no Boukenjima (Japan)</description>
		<year>1986</year>
		<publisher>Hudson Soft</publisher>
		<rom name="takameija\wonder boy (japan) (alt 1).rom" size="32768" crc="5130c27b" sha1="1672af5bc1740480e8302f7690589ea5b5391bcb" />
		<rom name="wonder boy (japan).rom" size="32768" crc="892266ca" sha1="d74c381ea17acb94527ef3abaa280793a824d322" />
	</machine>
	<machine name="yakyukyo">
		<description>Yakyuu Kyou (Japan)</description>
		<year>1985</year>
		<publisher>Hudson Soft</publisher>
		<rom name="baseball (japan).rom" size="32768" crc="24b94274" sha1="f27721cf9ec316ea3b18233f699febf739b25678" />
	</machine>
</datafile>