<?xml version="1.0" encoding="utf-8"?>
<!DOCTYPE datafile PUBLIC "-//Logiqx//DTD ROM Management Datafile//EN" "http://www.logiqx.com/Dats/datafile.dtd">
<datafile>
	<header>
		<name>msx2p_flop</name>
		<description>MSX2+ disk images</description>
		<version>0.267</version>
		<author>Pleasuredome</author>
	</header>
	<machine name="beppin">
		<description>Beppin Disk (Japan)</description>
		<year>1988</year>
		<publisher>Wisdom</publisher>
		<rom name="beppin disk - wisdom.dsk" size="737280" crc="e151563d" sha1="db2364b83d8976d21b89aa4d34c092a5ce383269" />
	</machine>
	<machine name="dcconnec">
		<description>J.B. Harold 3 - D.C. Connection (Japan)</description>
		<year>1989</year>
		<publisher>Riverhill Soft</publisher>
		<rom name="dcconneca\j.b. harold 3 - d.c. connection (1989)(riverhill soft)(jp)(disk 2 of 3)[a][mouse].dsk" size="737280" crc="952b3db8" sha1="319333dc9f37342802199fe576da759fef66501d" />
		<rom name="dcconneca\j.b. harold 3 - d.c. connection (1989)(riverhill soft)(jp)(disk 3 of 3)[a][mouse].dsk" size="737280" crc="4915e99b" sha1="c4f00d065f61f893a075e26b879dde68d2a493d5" />
		<rom name="j.b. harold 3 - d.c. connection (1989)(riverhill soft)(jp)(disk 1 of 3)[mouse].dsk" size="737280" crc="79543c5d" sha1="9b2919c1c7725458305f8120975d94c2f6524d19" />
		<rom name="j.b. harold 3 - d.c. connection (1989)(riverhill soft)(jp)(disk 2 of 3)[mouse].dsk" size="737280" crc="b3454990" sha1="6a6e5caaf72d3f9285bf5adc11e90ab7242f22c7" />
		<rom name="j.b. harold 3 - d.c. connection (1989)(riverhill soft)(jp)(disk 3 of 3)[mouse].dsk" size="737280" crc="1eb4c4d6" sha1="c2bf5d6aff3b5b676fccdd010eedd67a4a2523ff" />
	</machine>
	<machine name="f1spirit">
		<description>F-1 Spirit 3D Special (Japan)</description>
		<year>1988</year>
		<publisher>Panasoft</publisher>
		<rom name="f1spirita\f-1 spirit 3d special - panasoft (disk a, alt).dsk" size="737280" crc="eb1d19a3" sha1="f3b1dafa72bdc5affaf49bac3481ad5276a51375" />
		<rom name="f1spirita\f-1 spirit 3d special - panasoft (disk b, alt).dsk" size="737280" crc="94fc3831" sha1="a645c37119c59eab0d42f0a2cfbc47dc9678bc3c" />
		<rom name="f1spiritd\f-1 spirit 3d special - panasoft (demo).dsk" size="737280" crc="69058209" sha1="155702d3d41b8f8b3d4659d42aa474ce12f4d3c9" />
		<rom name="f-1 spirit 3d special - panasoft (disk a).dsk" size="737280" crc="96811cc3" sha1="9877150e691d41b615683684cf0b78fc84649d37" />
		<rom name="f-1 spirit 3d special - panasoft (disk b).dsk" size="737280" crc="72039928" sha1="9ab94b449cb3b2c7ea7f87c2f03eebfacddc4019" />
	</machine>
	<machine name="famistah">
		<description>Pro Yakyuu Family Stadium - Homerun Contest (Japan)</description>
		<year>1989</year>
		<publisher>Namcot</publisher>
		<rom name="famistaha\family stadium pro baseball - homerun contest (1989)(namcot)(jp)[a].dsk" size="737280" crc="bd3d819d" sha1="53d1c26f5d87c53f8fa26154c2c568c657d314f6" />
		<rom name="family stadium pro baseball - homerun contest (1989)(namcot)(jp).dsk" size="737280" crc="19a2ea6b" sha1="ebcabafe5936317f19b7db957f448a4952a17011" />
	</machine>
	<machine name="fsa1fx">
		<description>FS-A1FX (Japan)</description>
		<year>1988</year>
		<publisher>Panasonic</publisher>
		<rom name="fs-a1fx - panasonic.dsk" size="737280" crc="2627f23c" sha1="33203ca8602ee1f00fe7dccb98623fc31564c16c" />
	</machine>
	<machine name="fsa1wsx">
		<description>FS-A1WSX (Japan)</description>
		<year>1989</year>
		<publisher>Panasonic</publisher>
		<rom name="fs-a1wsx - system disk 1 - panasonic.dsk" size="737280" crc="024d98e5" sha1="3de4f0413b18272d72212144c652834bacfb29dd" />
		<rom name="fs-a1wsx - system disk 2 - panasonic.dsk" size="737280" crc="94fc9057" sha1="824779ece25664514bdfa6c15675f36477094144" />
	</machine>
	<machine name="fsa1wx">
		<description>FS-A1WX (Japan)</description>
		<year>1988</year>
		<publisher>Panasonic</publisher>
		<rom name="fs-a1wx - system disk 1 - panasonic.dsk" size="737280" crc="18b8f52b" sha1="d5ad5bb12f686fdde03b681287269bbf6e505304" />
		<rom name="fs-a1wx - system disk 2 - panasonic.dsk" size="737280" crc="f29af67b" sha1="40246914726e35a20469b5d1116abeaccc53c16c" />
	</machine>
	<machine name="gamept">
		<description>Game Programming Tool HB-F1XDJ Sen'you (Japan)</description>
		<year>1988</year>
		<publisher>Sony</publisher>
		<rom name="game programming tool hb-f1xdj senyou - sony.dsk" size="737280" crc="51d7a21f" sha1="bf6f593defcff08b51ab8e38988859c5cfa3b071" />
	</machine>
	<machine name="gladius">
		<description>Gladius (Germany)</description>
		<year>1992</year>
		<publisher>M. Pfeil / MP</publisher>
		<rom name="gladius (1992)(msx magazine)(de).dsk" size="737280" crc="c0c93a68" sha1="bf04414ea4891b03ef8c6484eebcc8d5dba4ef5e" />
	</machine>
	<machine name="gradius3l">
		<description>Gradius III Legends</description>
		<year>2001</year>
		<publisher>Imanok</publisher>
		<rom name="gradius3ld\gradius iii legends (demo) (2001)(imanok).dsk" size="737280" crc="c72466e9" sha1="9e3ca9b729ebf31ebf72d64012297d13bd40691e" />
		<rom name="gradius iii legends - imanok.dsk" size="737280" crc="97f6f4cc" sha1="c607f7ca10e03fa4dbf23469a7c423c2af60734d" />
	</machine>
	<machine name="hbf1xv">
		<description>HB-F1XV (Japan)</description>
		<year>1989</year>
		<publisher>Sony</publisher>
		<rom name="creative tool iii - sony.dsk" size="737280" crc="3b0bd75f" sha1="8eff160d9cd80a9a306fedb68bada93fdf2cdbb4" />
		<rom name="creative tools i - sony.dsk" size="737280" crc="575528c9" sha1="4b47e7afab3643d1a79a7a3a5f346233c01b8314" status="baddump" />
		<rom name="creative tools ii - sony.dsk" size="737280" crc="8bd2e824" sha1="8dde94fc487fd74552c2e29c8aff209990def254" />
	</machine>
	<machine name="hbf1xvsd">
		<description>Sony HB-F1XV Story Disk (Japan)</description>
		<year>1990</year>
		<publisher>Sony</publisher>
		<rom name="sony hb-f1xv story disk (1990)(sony)(jp).dsk" size="737280" crc="f8db5647" sha1="1a27dbdfc863f91f504e5a478b6ea4bd324f93e2" />
	</machine>
	<machine name="kohakuir">
		<description>Kohakuiro no Yuigon - Seiyou Karuta Renzoku Satsujin Jiken (Japan)</description>
		<year>1988</year>
		<publisher>Riverhill Soft</publisher>
		<rom name="kohakuira\kohakuiro no yuigon. amber's will (1988)(riverhill soft)(jp)(disk 1 of 3)[a].dsk" size="737280" crc="a10009a9" sha1="f96e0998a5d01fabb85c89eb4b12898176397edf" />
		<rom name="kohakuira\kohakuiro no yuigon. amber's will (1988)(riverhill soft)(jp)(disk 2 of 3)[a].dsk" size="737280" crc="a8c68a53" sha1="a33a4688b046e6af495735ca3ed13695c8d4af42" />
		<rom name="kohakuira\kohakuiro no yuigon. amber's will (1988)(riverhill soft)(jp)(disk 3 of 3)[a].dsk" size="737280" crc="3aa43fa7" sha1="06a250229e98a9467506f0ebb7de63d6ebb382e8" />
		<rom name="kohakuiro no yuigon. amber's will (1988)(riverhill soft)(jp)(disk 1 of 3).dsk" size="737280" crc="a7243795" sha1="db05159539daebe28b66921209161295999af6d3" />
		<rom name="kohakuiro no yuigon. amber's will (1988)(riverhill soft)(jp)(disk 2 of 3).dsk" size="737280" crc="b0e1eae4" sha1="a7c082f99cfa46323e641a52962e7d673fd7a6bd" />
		<rom name="kohakuiro no yuigon. amber's will (1988)(riverhill soft)(jp)(disk 3 of 3).dsk" size="737280" crc="daaf92c2" sha1="fbe01190e5b674d08b39b7d3cbca136fe52bf8a5" />
	</machine>
	<machine name="komainuq">
		<description>The Komainu Quest (Japan)</description>
		<year>1989</year>
		<publisher>Seto JC</publisher>
		<rom name="the komainu quest - seto jc.dsk" size="737280" crc="11d01bf1" sha1="cfabf08b7b4a8379d085fb39a8462ba99050fe35" />
	</machine>
	<machine name="laydock2">
		<description>Laydock 2 - Last Attack (Japan)</description>
		<year>1988</year>
		<publisher>Panasoft</publisher>
		<rom name="laydock 2 - last attack (1988)(t&amp;e soft)(jp)(disk 1 of 2).dsk" size="737280" crc="02c2949e" sha1="c4217c7f0371e9c6f830d8a76f731123548c9719" />
		<rom name="laydock 2 - last attack (1988)(t&amp;e soft)(jp)(disk 2 of 2).dsk" size="737280" crc="cd89e9d3" sha1="63daaadce6ef18938788f3d1e4b08deff15fe5da" />
	</machine>
	<machine name="lubeck">
		<description>Lübeck (Japan)</description>
		<year>1990</year>
		<publisher>MSX Magazine</publisher>
		<rom name="lubecka\lubeck (1990)(msx magazine)(jp)[a].dsk" size="737280" crc="2ff5b9c9" sha1="8b41aac1d940fe06b2ae806eba1e5d3cebaf5134" />
		<rom name="lubeck (1990)(msx magazine)(jp).dsk" size="737280" crc="bc7f8e95" sha1="b143989e8c0a7826a21373b4271713a0465bbcac" />
	</machine>
	<machine name="maoufuk">
		<description>Maou no Fukkatsu DX (Japan)</description>
		<year>1993</year>
		<publisher>Panic Studio</publisher>
		<rom name="maou no fakkutsu dx - panic studio (disk 1).dsk" size="737280" crc="b135035b" sha1="9d7c801585779fa594c45fe2cce8bf82615cc6e6" />
		<rom name="maou no fakkutsu dx - panic studio (disk 2).dsk" size="737280" crc="ecf68cfd" sha1="228fcba0f80a38ae54e0515e2fd20bc07578cad2" />
		<rom name="maou no fakkutsu dx - panic studio (disk 3).dsk" size="737280" crc="5210dfe8" sha1="21d4991a04838b85408832b651b129d6b0ae65be" />
	</machine>
	<machine name="megadoom">
		<description>Megadoom (Netherlands)</description>
		<year>1992</year>
		<publisher>First Class Software</publisher>
		<rom name="megadoomd\megadoom (demo) (1992)(first class software)(nl).dsk" size="737280" crc="72aa680e" sha1="196f0e8d263d69215cfc634e0518e7206136468d" />
		<rom name="megadoomd\megadoom (demo) (1992)(first class software)(nl)[2 disks].dsk" size="737280" crc="f8554ee4" sha1="70d62bfb6505ae91b1afde000d7b5fb771a8b38d" />
		<rom name="megadoom (1992)(first class software)(nl)(disk 1 of 2)(opening disk).dsk" size="737280" crc="70a3494d" sha1="fa83f00dd2feb4a30d71616578ce553466d4d14e" />
		<rom name="megadoom (1992)(first class software)(nl)(disk 2 of 2)(game disk).dsk" size="737280" crc="1d7716de" sha1="6c48f8dedd8494c3aabeea3af997363ed861ac0f" />
	</machine>
	<machine name="midgarts">
		<description>Mid-Garts (MSX2+) (Japan)</description>
		<year>1989</year>
		<publisher>WolfTeam</publisher>
		<rom name="m2p_006a.dsk" size="737280" crc="9eef9228" sha1="a5c831306c86d445d42ec13f7551346f28814686" />
		<rom name="m2p_006b.dsk" size="737280" crc="26f58049" sha1="5ba41719f93bd8dc55b6a1b027cf321a31dd0884" />
		<rom name="m2p_006c.dsk" size="737280" crc="691c1eff" sha1="42cdf6f5bb4d7d39f4a11e7fec31b0a5ecf7ecd4" />
		<rom name="m2p_006d.dsk" size="737280" crc="bdf45ec0" sha1="ee868c95dacc2edee29e7c390bcb2f87ec07b898" />
		<rom name="m2p_006e.dsk" size="737280" crc="406f5f54" sha1="90b4f39cb440b2cb3b2479ee5e633818ebe54bb4" />
		<rom name="m2p_006f.dsk" size="737280" crc="c65264da" sha1="8c847557b7838afff2354eb8a9d7f02e5d70519c" />
	</machine>
	<machine name="mutekisy">
		<description>Muteki Senshi Yajiuman (Japan)</description>
		<year>1995</year>
		<publisher>Team Plankton</publisher>
		<rom name="muteki senshi yajiuman - team plankton (disk 1).dsk" size="737280" crc="f358d1af" sha1="acc3c0144e8d1a3059333e5d61c3b54039d1612f" />
		<rom name="muteki senshi yajiuman - team plankton (disk 2).dsk" size="737280" crc="3a956abc" sha1="51b4943d712d56f94e2f44c2f05491d163df907a" />
		<rom name="muteki senshi yajiuman - team plankton (disk 3).dsk" size="737280" crc="9efce070" sha1="173051e3ec3d21d2cf7833c452fbf24935f618cb" />
	</machine>
	<machine name="pbstrip">
		<description>Playboy Strippoker (Netherlands)</description>
		<year>1992</year>
		<publisher>First Class Software</publisher>
		<rom name="playboy strippoker (1992)(first class software)(nl).dsk" size="737280" crc="f98efc23" sha1="898a8cad406389b27a54f1cbbe77a922c225b2ba" />
	</machine>
	<machine name="phc70">
		<description>PHC-70FD/FD2 (Japan)</description>
		<year>1988</year>
		<publisher>Sanyo</publisher>
		<rom name="phc-70 - sanyo (demo soft).dsk" size="737280" crc="73c930d6" sha1="2f45dfe9fdd03b33ddd8ce362389dedbf6c43afd" />
		<rom name="phc-70 - sanyo (msx-dos).dsk" size="737280" crc="a61f2353" sha1="139ffdb5e864cdfefae95de5425cff8e2875e830" status="baddump" />
	</machine>
	<machine name="playbln">
		<description>Playboy Late Night</description>
		<year>1991</year>
		<publisher>MSX Club Challenger</publisher>
		<rom name="playboy late night - msx club challenger.dsk" size="737280" crc="bb945978" sha1="42594512434e00081b773ef3b888d7130863d826" />
	</machine>
	<machine name="scr11des">
		<description>Screen 11 Designer (Netherlands)</description>
		<year>1994</year>
		<publisher>Stichting Sunrise</publisher>
		<rom name="screen 11 designer - stichting sunrise.dsk" size="737280" crc="e28f8056" sha1="de6d7242fd912fe9fd751ab3a5cb67a9dd25335c" />
	</machine>
	<machine name="shuumatsu">
		<description>Shuumatsu no Sugoshikata - The World is Drawing to an W/End (Japan)</description>
		<year>2001</year>
		<publisher>Abogado Powers</publisher>
		<rom name="shuum,astu no sugoshikata - abogado powers (disk a).dsk" size="737280" crc="1760342f" sha1="8a1550cb23b5e6cf47d404d465dbfe1f0e63b808" />
		<rom name="shuum,astu no sugoshikata - abogado powers (disk b).dsk" size="737280" crc="415ffc3e" sha1="4982d77849806433e33b17916bc5d2013512f488" />
		<rom name="shuum,astu no sugoshikata - abogado powers (disk c).dsk" size="737280" crc="e9e78c5b" sha1="10b7aa5dc8c2bf81b5e6e5af1ad10e78e9b156c4" />
		<rom name="shuum,astu no sugoshikata - abogado powers (disk d).dsk" size="737280" crc="95766ca2" sha1="192204ebd8c389948f4b0c596f13be297990b37e" />
		<rom name="shuum,astu no sugoshikata - abogado powers (disk e).dsk" size="737280" crc="53165b62" sha1="9f3bf91905fd884651c71ed874028da495342e85" />
		<rom name="shuum,astu no sugoshikata - abogado powers (disk f).dsk" size="737280" crc="40286445" sha1="d5381ee5c49aa83bd49ea752b656db038cb95ea2" />
		<rom name="shuum,astu no sugoshikata - abogado powers (disk g).dsk" size="737280" crc="c88fe861" sha1="0d252d15daa343d67d740f554b8298e2b7ba1f5e" />
		<rom name="shuum,astu no sugoshikata - abogado powers (disk h).dsk" size="737280" crc="5482463e" sha1="30b9faa23d4209886e5237ac36e28b6caab138d6" />
	</machine>
	<machine name="sonyc">
		<description>Sonyc (Spain, demo)</description>
		<year>1995</year>
		<publisher>Analogy</publisher>
		<rom name="sonyc (demo) (1995)(analogy)(es).dsk" size="737280" crc="2bb51edf" sha1="29acb7529bcaca5b2f82a208e501ca6352ae87f8" />
	</machine>
	<machine name="tetris2">
		<description>Tetris II Special Edition (re-release)</description>
		<year>1999</year>
		<publisher>R.A.M.</publisher>
		<rom name="tetris ii special edition - r.a.m. (disk 1).dsk" size="737280" crc="d4ba5d0a" sha1="a9398352d55fcb972b5de7435f4a3844b6cbb195" />
		<rom name="tetris ii special edition - r.a.m. (disk 2).dsk" size="737280" crc="1fb32adf" sha1="24d129e3a3069867067862245c52cbe1f03af50f" />
		<rom name="tetris ii special edition - r.a.m. (disk 3).dsk" size="737280" crc="249a2520" sha1="6dc4a731403d6e3ce7f59006e65b150b9438d8ed" />
	</machine>
	<machine name="trtmania">
		<description>Turtle Mania (Germany, demo)</description>
		<year>1997</year>
		<publisher>WR</publisher>
		<rom name="turtle mania (demo) (1997)(wr)(de).dsk" size="737280" crc="6ac549ce" sha1="26f53fc39126975de5a607fd73c32b970a6124fc" />
	</machine>
	<machine name="unmei">
		<description>Unmei - Destiny (Japan)</description>
		<year>1995</year>
		<publisher>Sign House</publisher>
		<rom name="unmei - destiny - sign house.dsk" size="737280" crc="57b2ef9e" sha1="5584eba519da196ebce46d1f936db543e06eb425" />
	</machine>
	<machine name="wig">
		<description>The Wig (Japan)</description>
		<year>1989</year>
		<publisher>MSX Magazine</publisher>
		<rom name="wiga\wig, the (1989)(msx magazine)(jp)[a].dsk" size="737280" crc="781df33a" sha1="ec186a538f45fb22e42b83f5e16d494456879950" />
		<rom name="wig, the (1989)(msx magazine)(jp).dsk" size="737280" crc="c88649e5" sha1="88411e1c1547d032c47bf41522bbadef634cc9f3" />
	</machine>
	<machine name="witchiz">
		<description>The Witch 'Iz' (Japan, bad dump?)</description>
		<year>1991</year>
		<publisher>Chihiro</publisher>
		<rom name="witch iz, the (1991)(chihiro)[b].dsk" size="737280" crc="9eef4495" sha1="d096b1ef10c9d7b3ddffda0ec14b841c2c14cada" />
	</machine>
	<machine name="yoshidak">
		<description>Yoshida Kensetsu (Japan)</description>
		<year>1990</year>
		<publisher>MSX Magazine</publisher>
		<rom name="yoshidakb\yoshida kensetsu. super zelixer (1990)(msx magazine)(jp)[a2].dsk" size="737280" crc="44c87cea" sha1="3fdf86ccb98de95bd7b3775783257e377526e6ca" />
		<rom name="yoshidakc\yoshida kensetsu. super zelixer (1990)(msx magazine)(jp)[a3].dsk" size="737280" crc="b6c1d954" sha1="055066483bcad253b0c79af6fa65ec68ea2c45e7" />
		<rom name="yoshidakd\yoshida kensetsu. super zelixer (1990)(msx magazine)(jp)[a4].dsk" size="737280" crc="4e3c96ff" sha1="9f051f845904bf1cd1adf08cbc0ef4804d1f48a5" />
		<rom name="yoshidake\yoshida kensetsu. super zelixer (1990)(msx magazine)(jp)[a5].dsk" size="737280" crc="e00896f1" sha1="987c59d42eb13ffff8a021d28f4cce1a31178667" />
		<rom name="yoshida kensetsu. super zelixer (1990)(msx magazine)(jp).dsk" size="737280" crc="0a42c38f" sha1="d5121af2a9db3b04c52334a200fdd9202f12a920" />
	</machine>
	<machine name="zukatto">
		<description>Hennano de Zukatto</description>
		<year>1996</year>
		<publisher>&lt;doujin&gt;</publisher>
		<rom name="zukatto.dsk" size="737280" crc="302574ed" sha1="0513ce6664d2cea4e0eb863a68a923401ecaa0da" />
	</machine>
</datafile>