<?xml version="1.0" encoding="utf-8"?>
<!DOCTYPE datafile PUBLIC "-//Logiqx//DTD ROM Management Datafile//EN" "http://www.logiqx.com/Dats/datafile.dtd">
<datafile>
	<header>
		<name>msxr_flop</name>
		<description>MSX Turbo-R disk images</description>
		<version>0.267</version>
		<author>Pleasuredome</author>
	</header>
	<machine name="6thsense">
		<description>In the 6th Sense - Product of the Hearts (Japan)</description>
		<year>2007</year>
		<publisher>Rabbit Soft Worker's</publisher>
		<rom name="hearts_r.dsk" size="737280" crc="619614b4" sha1="669ac574bc9abbaebca602d6d998353f3352714d" />
	</machine>
	<machine name="2021snok">
		<description>2021 Snooky! (Japan)</description>
		<year>1991</year>
		<publisher>Studio Hawk</publisher>
		<rom name="2021 snooky (1991)(studio hawk)(jp).dsk" size="737280" crc="3d3e50b0" sha1="96d493fabe69aa8322e68e0b0c5344c464325cf9" />
	</machine>
	<machine name="babylon">
		<description>Treasure of Babylon (France)</description>
		<year>2013</year>
		<publisher>Eric Boez</publisher>
		<rom name="treasureofbabylon1-0.dsk" size="737280" crc="9cdc78e2" sha1="4f4a7a6de36d9b5f88f21ba31d5d07435c7887f7" />
	</machine>
	<machine name="ddrehear">
		<description>Dream Drops - Secret Design of the Hearts (Japan)</description>
		<year>2011</year>
		<publisher>Rabbit Soft Worker's</publisher>
		<rom name="dd_rehearsal.dsk" size="737280" crc="58ffca39" sha1="fc19a452557a75fbe4c55ee313302dfd6b362610" />
	</machine>
	<machine name="destiny2">
		<description>innocent wish ~destiny2~ (Japan)</description>
		<year>1995</year>
		<publisher>Sign House</publisher>
		<rom name="innocent wish - destiny2 - sign house.dsk" size="737280" crc="ee349375" sha1="4abff41ef488885802c2d0056bbdc4a9d7d3e1c7" />
	</machine>
	<machine name="dewoman2">
		<description>Dewoman Chuuhen (Japan)</description>
		<year>1993</year>
		<publisher>Blue Eyes</publisher>
		<rom name="dewoman chuuhen - blue eyes (scenario disk 1).dsk" size="737280" crc="d45e16e2" sha1="e824d58e515712a2d755cbbba0777fa99d30a61b" />
		<rom name="dewoman chuuhen - blue eyes (scenario disk 2).dsk" size="737280" crc="88b09c6f" sha1="d83bc23cfa35261a2cf3bd3c427cf4124ee5b884" />
		<rom name="dewoman chuuhen - blue eyes (scenario disk 3).dsk" size="737280" crc="05833b12" sha1="f9b0a23c8f3492312b7d55707c5f1afd9e831795" />
		<rom name="dewoman chuuhen - blue eyes (scenario disk 4).dsk" size="737280" crc="610701d6" sha1="1cae39bb19f9f9c2effb28de79d43c1ddcdc405a" />
		<rom name="dewoman chuuhen - blue eyes (scenario disk 5).dsk" size="737280" crc="804ba36f" sha1="b0e2ac097abc71fcc6a96adcdf02fcd4badc0d8f" />
		<rom name="dewoman chuuhen - blue eyes (scenario disk 6).dsk" size="737280" crc="0ac21691" sha1="8b6a910aeca13be79af65e982ade500cc04eca00" />
		<rom name="dewoman chuuhen - blue eyes.dsk" size="737280" crc="f1473f20" sha1="1a0601de2c75dfff81ed5822fea5edbd0d4b2c6d" />
	</machine>
	<machine name="dewoman">
		<description>Dewoman Zenpen (Japan)</description>
		<year>1993</year>
		<publisher>Blue Eyes</publisher>
		<rom name="dewoman zenpen - blue eyes (scenario disk 1).dsk" size="737280" crc="b4c908d1" sha1="734ce3a9fd23a61a23730d3c0f43a0020cbb6ecc" />
		<rom name="dewoman zenpen - blue eyes (scenario disk 2).dsk" size="737280" crc="7e015840" sha1="bf32d3719fc40107465bed2a913a5cc2909d4ec6" />
		<rom name="dewoman zenpen - blue eyes (scenario disk 3).dsk" size="737280" crc="fda648e4" sha1="4610b9daf62849cd3f482796aa63fa9c0398241a" />
		<rom name="dewoman zenpen - blue eyes.dsk" size="737280" crc="816c872e" sha1="2b8ece3f12b69af21bd8f2fe019b697ef3221ed3" />
	</machine>
	<machine name="diefrag2">
		<description>Die Frage II' (Japan)</description>
		<year>199?</year>
		<publisher>Studio Sequence</publisher>
		<rom name="diefrag2a\frage ii, die (199x)(studio sequence)(jp)[b].dsk" size="737280" crc="6d749b83" sha1="3da39ec846c109fbd74476efa3f9a349a85081b0" status="baddump" />
		<rom name="diefrage.dsk" size="737280" crc="3249258a" sha1="4f0ddc72531c55857325ed3651219b7a6081de39" />
	</machine>
	<machine name="drmfight">
		<description>Dream Fighters (Japan)</description>
		<year>1996</year>
		<publisher>Monoki</publisher>
		<rom name="dreamfighters.dsk" size="737280" crc="0d25daef" sha1="fa0d62775202f9e7e9a7cb617a7ab40323c2b6f2" />
	</machine>
	<machine name="earthatt">
		<description>Earth Attack (Japan)</description>
		<year>19??</year>
		<publisher>GW's Workshop</publisher>
		<rom name="earth attack (19xx)(gw's workshop)[b].dsk" size="737280" crc="b6cd052d" sha1="3ad636e6726be67f395b80d170566065c5d80868" />
	</machine>
	<machine name="estriker">
		<description>Mobius Debugger 2 - Eternal Striker</description>
		<year>1995</year>
		<publisher>Studio Sequence</publisher>
		<rom name="eternaldemo.dsk" size="737280" crc="19a45f75" sha1="20cbe1beaa164f2fc80a49caeadf320848881a74" />
	</machine>
	<machine name="fantattr">
		<description>Fantasy Attraction (Japan)</description>
		<year>1996</year>
		<publisher>Rem Company</publisher>
		<rom name="fantasy attraction - rem company.dsk" size="737280" crc="b977ace3" sha1="0a3b65b266d0e1709d168e60a41786a2c7459735" />
	</machine>
	<machine name="flywind">
		<description>Shoot That Flying Windows! (Finland)</description>
		<year>1997</year>
		<publisher>Nyyrikki</publisher>
		<rom name="flywinda\shoot that flying windows (1997)(nyyrikki)[a][mouse].dsk" size="737280" crc="07a4a7ef" sha1="14e93cedcdd35e42c46d8d2c7b0b153012507bdb" />
		<rom name="shoot that flying windows (1997)(nyyrikki)[mouse].dsk" size="737280" crc="1c8f1d96" sha1="d69c803efb9558314489ab04a25ec84a2901f49f" />
	</machine>
	<machine name="fnano2d">
		<description>F-Nano 2' - 3D Car Action (Japan)</description>
		<year>1997</year>
		<publisher>XRay</publisher>
		<rom name="f-nano 2' (xray, 1997).dsk" size="737280" crc="3b65605e" sha1="031f9dcc4ae1832dd3e0252c2988a7c7a13b90a7" />
	</machine>
	<machine name="fnano2">
		<description>F-Nano 2 - 3D Car Action (Japan)</description>
		<year>1994</year>
		<publisher>XRay</publisher>
		<rom name="f-nano 2 - 3d car action (demo) (1994)(xray)(jp).dsk" size="737280" crc="65f9baa0" sha1="2ffd8e05317a1f5f296635da654b51739d392b6a" />
	</machine>
	<machine name="fray">
		<description>Fray - In Magical Adventure (Japan)</description>
		<year>1990</year>
		<publisher>Micro Cabin</publisher>
		<rom name="fraya\fray - in magical adventure (1990)(micro cabin)(jp)(disk 1 of 5)(opening disk 0)[a].dsk" size="737280" crc="ee1ddd5d" sha1="858f9861f5015fd2e04f5a9fa4de971bfe7b5ec4" />
		<rom name="fraya\fray - in magical adventure (1990)(micro cabin)(jp)(disk 2 of 5)(opening disk 1)[a].dsk" size="737280" crc="df4f5d75" sha1="4508096f7a4d5bf1c9e94df62def933ef1f6630f" />
		<rom name="fraya\fray - in magical adventure (1990)(micro cabin)(jp)(disk 3 of 5)(opening disk 2)[a].dsk" size="737280" crc="f2d4c059" sha1="ad26d223992b9c7713d2df7bd44b8a1cb09b9209" />
		<rom name="fraya\fray - in magical adventure (1990)(micro cabin)(jp)(disk 4 of 5)(game disk 0)[a].dsk" size="737280" crc="99dcaab5" sha1="bf2f9b963c8045dca79921c3c08cea9a4a31f129" />
		<rom name="fraya\fray - in magical adventure (1990)(micro cabin)(jp)(disk 5 of 5)(game disk 1)[a].dsk" size="737280" crc="db96855a" sha1="9fce9c2fb9f684ed2478deacf02a1388975230e5" />
		<rom name="frayb\fray - in magical adventure (1990)(micro cabin)(jp)(disk 1 of 5)(opening disk 0)[a2].dsk" size="737280" crc="fe161465" sha1="9abd04cfb508567ab4d19e4a0a82fa00f6348286" />
		<rom name="frayb\fray - in magical adventure (1990)(micro cabin)(jp)(disk 4 of 5)(game disk 0)[a2].dsk" size="737280" crc="4a96b160" sha1="f28e35348dceb9bef0d6e21674bf01d67fd9501b" />
		<rom name="fray - in magical adventure (1990)(micro cabin)(jp)(disk 1 of 5)(opening disk 0).dsk" size="737280" crc="f26fdaeb" sha1="fd3c5f8793bfbec1851c89cfc32366618c6f482d" />
		<rom name="fray - in magical adventure (1990)(micro cabin)(jp)(disk 2 of 5)(opening disk 1).dsk" size="737280" crc="c33d5ac3" sha1="0b145459326c62254522bf77f063b069d086aa29" />
		<rom name="fray - in magical adventure (1990)(micro cabin)(jp)(disk 3 of 5)(opening disk 2).dsk" size="737280" crc="b770ee14" sha1="80701f4a86a151778c4fc81f56e9088d7b880651" />
		<rom name="fray - in magical adventure (1990)(micro cabin)(jp)(disk 4 of 5)(game disk 0).dsk" size="737280" crc="8c6d9bed" sha1="0bddc86900b934cb381ce3aac8d9f8614ca49ede" />
		<rom name="fray - in magical adventure (1990)(micro cabin)(jp)(disk 5 of 5)(game disk 1).dsk" size="737280" crc="d631a475" sha1="c1c35bedb620181846a407d6900db741f751e50f" />
	</machine>
	<machine name="fsa1gt">
		<description>FS-A1GT (Japan)</description>
		<year>1990</year>
		<publisher>Panasonic</publisher>
		<rom name="fs-a1gt - system disk 1 - panasonic.dsk" size="737280" crc="450767d5" sha1="e76af38ac8d9b83705f63d4d13147fbebf0c4e8e" />
		<rom name="fs-a1gt - system disk 2 - panasonic.dsk" size="737280" crc="d6e2407a" sha1="fd1f052485d22631c0e340f8466ac22af991176d" />
		<rom name="fs-a1gt - system disk 3 - panasonic.dsk" size="737280" crc="a60b77c7" sha1="da1ac7d37e52e09eba400ec3edee8542cc4a9e04" />
	</machine>
	<machine name="fsa1st">
		<description>FS-A1ST (Japan)</description>
		<year>1990</year>
		<publisher>Panasonic</publisher>
		<rom name="fs-a1st - system disk 1 - panasonic.dsk" size="737280" crc="3adac3ad" sha1="245fae3c1d13e96fcad4313a4ab14ebfb69a80ed" />
		<rom name="fs-a1st - system disk 2 - panasonic.dsk" size="737280" crc="70bb0924" sha1="f6151d2d3dc2ba5205f027bfa1554f41c89ebfb4" />
	</machine>
	<machine name="gekikara">
		<description>Gekikara Roudousha (Japan)</description>
		<year>1995</year>
		<publisher>Delta Trial</publisher>
		<rom name="gekikara.dsk" size="737280" crc="7eca8ac2" sha1="e8330e337c5edef9d7df394acf997e6d8115146d" />
	</machine>
	<machine name="gunfesta">
		<description>Gun Shot vs Festa Again (Japan)</description>
		<year>2001</year>
		<publisher>Rabbit Soft Worker's</publisher>
		<rom name="gun shot vs festa again (2001)(rabbit soft worker's)(jp).dsk" size="737280" crc="6375481b" sha1="56ac03a3fc5dcdb2cf07f1110284d87f7be061cb" />
	</machine>
	<machine name="hamaraja">
		<description>The Best of Hamaraja Night (Japan)</description>
		<year>1999</year>
		<publisher>Pastel Hope</publisher>
		<rom name="the best of hamaraja night - pastel hope.dsk" size="737280" crc="d13a5775" sha1="c39716a58fe2997871c62fe5c5769bcc24f4d75d" />
	</machine>
	<machine name="hoippuru">
		<description>Mahou no Kuni no Hoippuru (Japan)</description>
		<year>1996</year>
		<publisher>Pastel Hope</publisher>
		<rom name="mahouno kunino hoippuru - pastel hope.dsk" size="737280" crc="e584c2f4" sha1="168c8ac3f2bf1cb327114b9a66bca99eed55f610" />
	</machine>
	<machine name="illcity">
		<description>Illusion City - Genei Toshi (Japan)</description>
		<year>1991</year>
		<publisher>Micro Cabin</publisher>
		<rom name="illusion city (1991)(micro cabin)(jp)(disk 01 of 13)(game disk 1).dsk" size="737280" crc="6c09d054" sha1="94258658039f76d22bc79ec02b7b78e9b4a7ac13" />
		<rom name="illusion city (1991)(micro cabin)(jp)(disk 02 of 13)(game disk 2).dsk" size="737280" crc="69872539" sha1="4535b5a13a86537e363566bd2a864cbf17bcd2e7" />
		<rom name="illusion city (1991)(micro cabin)(jp)(disk 03 of 13)(game disk 3).dsk" size="737280" crc="494a0db3" sha1="ac94c9f5e735c935a5ed4ff47c9689e5e07ac266" />
		<rom name="illusion city (1991)(micro cabin)(jp)(disk 04 of 13)(game disk 4).dsk" size="737280" crc="9d31fe9f" sha1="da08fd8c79ebb28a01232734bf607f576f7987cf" />
		<rom name="illusion city (1991)(micro cabin)(jp)(disk 05 of 13)(game disk 5).dsk" size="737280" crc="d8a0e0c8" sha1="5472f519f06212562d72f5be229b74a4599f13c2" />
		<rom name="illusion city (1991)(micro cabin)(jp)(disk 06 of 13)(game disk 6).dsk" size="737280" crc="5b89b23d" sha1="1141f0b05250ffde6cbd02a29041c4c520008267" />
		<rom name="illusion city (1991)(micro cabin)(jp)(disk 07 of 13)(game disk 7).dsk" size="737280" crc="98a4a1ac" sha1="fdad8341a81d1310f00e07057b61ea4ef31cdf06" />
		<rom name="illusion city (1991)(micro cabin)(jp)(disk 08 of 13)(game disk 8).dsk" size="737280" crc="11998da3" sha1="efa7b70351f0302e112cb9b0ef49dc033c967e3d" />
	</machine>
	<machine name="lostword0">
		<description>Hyper Role Playing Story LOSTWORD Episode 0 (Japan)</description>
		<year>2019</year>
		<publisher>Rabbit Soft Worker's</publisher>
		<rom name="lostword episode 0 - rabbit soft workers.dsk" size="737280" crc="88e544ab" sha1="9b6367656e0959d3907f9d36156c58b85710b8af" />
	</machine>
	<machine name="mechbrn">
		<description>Mechanical Brain (Japan)</description>
		<year>1996</year>
		<publisher>Studio Sequence</publisher>
		<rom name="mechanical brain - studio sequence.dsk" size="737280" crc="61050e08" sha1="4f69e1ccb9e4622c0f0870c10fda4df00e01e97f" />
	</machine>
	<machine name="mejuusa">
		<description>Mejuu Sa - Medusa (Japan)</description>
		<year>1994</year>
		<publisher>Blue Eyes</publisher>
		<rom name="mejuu sa - medusa - blue eyes (disk 1).dsk" size="737280" crc="ac934e71" sha1="2b05d80ce3b23cdda12104a589f463fa69bfad20" />
		<rom name="mejuu sa - medusa - blue eyes (disk 2).dsk" size="737280" crc="eb55bb2b" sha1="f771ae808d733a5faeeed60337cea8a6855203ae" />
		<rom name="mejuu sa - medusa - blue eyes (disk 3).dsk" size="737280" crc="098dc8bb" sha1="a943977a9e9ad27d1f72fd2a1a0f43ecd6838bf1" />
	</machine>
	<machine name="mistralb">
		<description>Mistral Blue</description>
		<year>2002</year>
		<publisher>Popcorn</publisher>
		<rom name="misttria.dsk" size="737280" crc="5367f0da" sha1="6f352de01235c9f4ac763f8f3714aad3672956a8" />
	</machine>
	<machine name="mlsaga">
		<description>Moon Light Saga - Horus no Shou (Japan)</description>
		<year>1996</year>
		<publisher>MapleYard</publisher>
		<rom name="mlsagaa\moonlight saga (1997)(-)[b].dsk" size="737280" crc="e4d13543" sha1="835363a41c6145a92eb9f8d7c8a0404145af2f97" status="baddump" />
		<rom name="moon light saga - mapleyard (disk 1).dsk" size="737280" crc="c50c5df5" sha1="bb8a6a16cfc18eb5d2cda52d4beb477ca9c39b9b" />
		<rom name="moon light saga - mapleyard (disk 2).dsk" size="737280" crc="5390e365" sha1="ced756745c370272a4fcf2e9419efa72c3b5123a" />
		<rom name="moon light saga - mapleyard (system disk).dsk" size="737280" crc="6db89056" sha1="850e5482e14ccbd7cd853d78718ad1ad0ee1235d" />
	</machine>
	<machine name="mlsagab">
		<description>Moon Light Saga (Japan, alt)</description>
		<year>1996</year>
		<publisher>MapleYard</publisher>
		<rom name="moonlight saga (1996)(maple yard)(jp).dsk" size="737280" crc="5adff71b" sha1="c6e339c992562800ded94b29cd910cfe7d656cea" />
	</machine>
	<machine name="msxviewcalc">
		<description>MSX ViewCALC (Japan)</description>
		<year>1991</year>
		<publisher>ASCII Corporation</publisher>
		<rom name="msx viewcalc - ascii (storage disk).dsk" size="737280" crc="3e5ee807" sha1="9d3378dd8f2369c3b2178f098b83140aedef1305" />
		<rom name="msx viewcalc - ascii (system disk).dsk" size="737280" crc="113447cb" sha1="63a5a9e4971b14c2be21f1c7d35b1af3500fa5e3" />
	</machine>
	<machine name="multiplx">
		<description>Multi-Plex (Japan)</description>
		<year>1993</year>
		<publisher>MIWA</publisher>
		<rom name="multiplxa\multi-plex (1993)(miwa)(jp)[a].dsk" size="737280" crc="d116b2f7" sha1="8cd400d46b8af6a0f557eda0903ad916898b91cc" />
		<rom name="multi-plex (1993)(miwa)(jp).dsk" size="737280" crc="126399dc" sha1="a6f75f120c89c22dce27a63f73209d96ccacb92a" />
	</machine>
	<machine name="munote">
		<description>μ.Note (Japan)</description>
		<year>1992</year>
		<publisher>Bit²</publisher>
		<rom name="myu note (1992)(bit2)(jp)(disk 1 of 2).dsk" size="737280" crc="e2d5772b" sha1="420fdd3980c4f18f46055ec457cf236348625a18" />
		<rom name="myu note (1992)(bit2)(jp)(disk 2 of 2).dsk" size="737280" crc="e3eda999" sha1="cf41b87c1390684fc31c2d6634756592d616073b" />
	</machine>
	<machine name="musios">
		<description>μ.Sios (Japan)</description>
		<year>1991</year>
		<publisher>Bit²</publisher>
		<rom name="myu sios (1991)(bit2)(jp)(disk 1 of 3).dsk" size="737280" crc="2cf78feb" sha1="f80b22f2f1f8263cceb782738558767286dd89a1" />
		<rom name="myu sios (1991)(bit2)(jp)(disk 2 of 3).dsk" size="737280" crc="0ffa249d" sha1="b7107c665a502c815e0d55e4165a17bd98420385" />
		<rom name="myu sios (1991)(bit2)(jp)(disk 3 of 3).dsk" size="737280" crc="74010ac2" sha1="2e1b83373aadd455f093907b0700623b462cbe68" />
	</machine>
	<machine name="paradrm">
		<description>PaRaDream - Parallel Dream (Japan)</description>
		<year>1992</year>
		<publisher>RAC House</publisher>
		<rom name="paradrma\paradream (1992)(rac house)(jp)[a].dsk" size="737280" crc="cb11589a" sha1="eea7efb3a3f3df9a8985a24bc9838d3ef90b78e7" />
		<rom name="paradrmb\paradream (1992)(rac house)(jp)[a2].dsk" size="737280" crc="7cafcc2c" sha1="7182f010517a9d7f54f2ade133c8f3b7f77b8f3e" />
		<rom name="paradream (1992)(rac house)(jp).dsk" size="737280" crc="81f23eae" sha1="1dd663e5b38ce0206f09a8c6a226f9e6562e341a" />
	</machine>
	<machine name="phi">
		<description>Phi</description>
		<year>2004</year>
		<publisher>Mariko-ban GCC</publisher>
		<rom name="phi.dsk" size="737280" crc="c71e6887" sha1="e5034a491c115e19678deb0d983128538a20bd43" />
	</machine>
	<machine name="qvgdm">
		<description>Qui Veut Gagner Des Millions</description>
		<year>2004</year>
		<publisher>Walter</publisher>
		<rom name="qqsm\quien quiere ser milionario - walter.dsk" size="737280" crc="d45aac6d" sha1="db490319cd6e68ee25d1669b00a46a54a19db924" />
		<rom name="qui veut gagner des millions - walter.dsk" size="737280" crc="0a6974b2" sha1="c78087a64ac2cc73eb08bf1fd6452a4ea0dccade" />
	</machine>
	<machine name="r2chas">
		<description>R2 Chaser's (Japan)</description>
		<year>1996</year>
		<publisher>Studio Sequence</publisher>
		<rom name="r2 chasers - studio sequence.dsk" size="737280" crc="ac80184a" sha1="f59dde8b8c2782cf5efd013f30d5f3787aa43eb4" />
	</machine>
	<machine name="ranma">
		<description>Ranma ½ - Hiryuu Densetsu (Japan)</description>
		<year>1992</year>
		<publisher>Bothtec</publisher>
		<rom name="ranmaa\ranma nibunnoichi 1-2 (1992)(bothtec)(jp)(disk 1 of 8)[a].dsk" size="737280" crc="9068b80b" sha1="846d114dfdcf6d33997937e03aefb5cfb782e75b" />
		<rom name="ranmaa\ranma nibunnoichi 1-2 (1992)(bothtec)(jp)(disk 6 of 8)[a].dsk" size="737280" crc="b313ebd6" sha1="99d9e9580372e9eccdc69a20e6b349a90e1c1005" />
		<rom name="ranmaa\ranma nibunnoichi 1-2 (1992)(bothtec)(jp)(disk 8 of 8)[a].dsk" size="737280" crc="825b91a9" sha1="9dd478f437147726ba585c1a6446c0150f2de9a2" />
		<rom name="ranmab\ranma nibunnoichi 1-2 (1992)(bothtec)(jp)(disk 1 of 8)[a2].dsk" size="737280" crc="bbd17c43" sha1="50f5d422b5eb45f5e8b340e1030bf65cb91e1a8e" />
		<rom name="ranmab\ranma nibunnoichi 1-2 (1992)(bothtec)(jp)(disk 8 of 8)[a2].dsk" size="737280" crc="742f421d" sha1="34acc7e52b700557071447345f3f7419a972ddae" />
		<rom name="ranmac\ranma nibunnoichi 1-2 (1992)(bothtec)(jp)(disk 1 of 8)[a3].dsk" size="737280" crc="39cf454c" sha1="c627a49182ccf80e231525cb1a3a53e460fc024b" />
		<rom name="ranma nibunnoichi 1-2 (1992)(bothtec)(jp)(disk 1 of 8).dsk" size="737280" crc="6074f52f" sha1="13ef524c86124a628e6169edcf81e2ede3140bc0" />
		<rom name="ranma nibunnoichi 1-2 (1992)(bothtec)(jp)(disk 2 of 8).dsk" size="737280" crc="fbb7805b" sha1="a9e6bfd80298626086e3a81d054b37142db08b52" />
		<rom name="ranma nibunnoichi 1-2 (1992)(bothtec)(jp)(disk 3 of 8).dsk" size="737280" crc="26295e10" sha1="7dcfedaafde8cf0b286d80b0f2a930dba15a362c" />
		<rom name="ranma nibunnoichi 1-2 (1992)(bothtec)(jp)(disk 4 of 8).dsk" size="737280" crc="4cb5d6f4" sha1="c0750209ce9b36dd76091ed353d762a9f5380adb" />
		<rom name="ranma nibunnoichi 1-2 (1992)(bothtec)(jp)(disk 5 of 8).dsk" size="737280" crc="9d9fd03d" sha1="7f92d37b3cb31689a3fa54c374c84366e302afb3" />
		<rom name="ranma nibunnoichi 1-2 (1992)(bothtec)(jp)(disk 6 of 8).dsk" size="737280" crc="c90a316e" sha1="27dfae858e543a443521dc3b9a8f70028e0cd033" />
		<rom name="ranma nibunnoichi 1-2 (1992)(bothtec)(jp)(disk 7 of 8).dsk" size="737280" crc="77b007ec" sha1="0f64b6b2a1eefb0597793ccb82a247945a19b5ca" />
		<rom name="ranma nibunnoichi 1-2 (1992)(bothtec)(jp)(disk 8 of 8).dsk" size="737280" crc="ea153962" sha1="6ea5f0a2b89f223220ee8003b83a2f537fd63ee3" />
	</machine>
	<machine name="saishubo">
		<description>Saishuu Bouei-sen - Save Your Mother Planet: The Earth (Japan)</description>
		<year>1996</year>
		<publisher>GW's Workshop</publisher>
		<rom name="earth (1996)(gw's workshop).dsk" size="737280" crc="82acc22b" sha1="eabdccc0f7c0a640013a4618d9c20aa458e1e0c5" />
	</machine>
	<machine name="seeddrag">
		<description>Seed of Dragon (Japan)</description>
		<year>1990</year>
		<publisher>Riverhill Soft</publisher>
		<rom name="seeddraga\seed of dragon (1990)(riverhill soft)(jp)(disk 1 of 3)(game disk 1)[a].dsk" size="737280" crc="a5f1a706" sha1="0df21b3debfc5bc83eed276ddeed0acf7f62ab30" />
		<rom name="seeddraga\seed of dragon (1990)(riverhill soft)(jp)(disk 2 of 3)(game disk 2)[a].dsk" size="737280" crc="86ea43d0" sha1="cf11190db1c36aa9b79c534b131f7258729e0e99" />
		<rom name="seeddraga\seed of dragon (1990)(riverhill soft)(jp)(disk 3 of 3)(game disk 3)[a].dsk" size="737280" crc="d0ef7a8e" sha1="a41729e7ae2e5223374603cadc08f551ae8e40e6" />
		<rom name="seeddragb\seed of dragon (1990)(riverhill soft)(jp)(disk 1 of 3)(game disk 1)[a2].dsk" size="737280" crc="08fd8f1b" sha1="5803057e6c75a5841dc4f273e7d26b73f83a74f9" />
		<rom name="seed of dragon (1990)(riverhill soft)(jp)(disk 1 of 3)(game disk 1).dsk" size="737280" crc="6375eeb9" sha1="7a329629bc7667761751f092e8d2dc350f9eba76" />
		<rom name="seed of dragon (1990)(riverhill soft)(jp)(disk 2 of 3)(game disk 2).dsk" size="737280" crc="dd1fd600" sha1="16bece552fd1af10c2cf467d1c89e7d2869ded35" />
		<rom name="seed of dragon (1990)(riverhill soft)(jp)(disk 3 of 3)(game disk 3).dsk" size="737280" crc="3ac7bc91" sha1="f376d8875548a7910317ab7a34cd2be823101385" />
	</machine>
	<machine name="shdblade">
		<description>Shoulder Blade (Japan, bad dump?)</description>
		<year>1997</year>
		<publisher>GW's Workshop</publisher>
		<rom name="blade (1997)(gw's workshop)[b].dsk" size="737280" crc="3dab74d6" sha1="8c0b7b32ec22840ce1dabd38863e1876232d3b9d" status="baddump" />
	</machine>
	<machine name="spcpnc">
		<description>Space Panic! (Japan)</description>
		<year>1998</year>
		<publisher>Mikasen</publisher>
		<rom name="space panic - mikasen.dsk" size="368640" crc="ac36568e" sha1="d7a024eca395907a66672d8e2e7b2d814dfedd85" />
	</machine>
	<machine name="speedln">
		<description>Speedline (demo)</description>
		<year>2001</year>
		<publisher>Traposoft</publisher>
		<rom name="speedline - traposoft.dsk" size="737280" crc="48acbd73" sha1="5c779c0134cfaeb6910d24aa5298e47229d83ad4" />
	</machine>
	<machine name="stage11k">
		<description>Stage 11 Kai (Japan)</description>
		<year>1998</year>
		<publisher>Mikasen</publisher>
		<rom name="stage 11 kai - mikasen.dsk" size="737280" crc="5d59c80f" sha1="d66ff9d0fd2c4beb8742a4558ddbe177ea745c3b" />
	</machine>
	<machine name="stage11">
		<description>Stage 11 (Japan)</description>
		<year>1996</year>
		<publisher>Mikasen</publisher>
		<rom name="stage 11 - mikasen.dsk" size="737280" crc="9e14fce8" sha1="89466408f3e61a03558e939f4bcb0949ea758a79" />
	</machine>
	<machine name="stg">
		<description>S.T.G. (Japan)</description>
		<year>1996</year>
		<publisher>Y. Tomohara</publisher>
		<rom name="s.t.g. (1996)(y. tomohara).dsk" size="368640" crc="1bf3a50c" sha1="1bfbac72446c059d4838a0b117c5cd5db0a85e21" />
	</machine>
	<machine name="stgspec">
		<description>S.T.G. Special - Do Don Taku (Japan)</description>
		<year>1998</year>
		<publisher>Y. Tomohara</publisher>
		<rom name="s.t.g. special - do don taku (1998)(y. tomohara).dsk" size="737280" crc="82309e65" sha1="a885df863a6f04441881ac907510ab80d139c357" />
	</machine>
	<machine name="sth2">
		<description>South Town's Hero II (Japan)</description>
		<year>1995</year>
		<publisher>FM-Guamuom</publisher>
		<rom name="south towns hero ii - fm-guamuom (disk a).dsk" size="737280" crc="c86c7236" sha1="295097cac2d9e9af0befc16ddff6be47e98056fd" />
	</machine>
	<machine name="stht">
		<description>South Town's Hero Turbo (Japan)</description>
		<year>1995</year>
		<publisher>FM-Guamuom</publisher>
		<rom name="south towns hero turbo - fm-guamuom.dsk" size="737280" crc="dd4eaf2b" sha1="8514c9ea020d13b6b6cb4d58eab0e194eb0550e7" />
	</machine>
	<machine name="supfight">
		<description>Superiority Fighters (Japan)</description>
		<year>1994</year>
		<publisher>Mushroom</publisher>
		<rom name="superiority fighters - mushroom.dsk" size="737280" crc="601c9bf1" sha1="03db284a1c879694fd3693db1876f4b5646c7873" />
	</machine>
	<machine name="sweet">
		<description>Sweet (Japan)</description>
		<year>1994</year>
		<publisher>Kazuyuki Suzuki</publisher>
		<rom name="sweet (1994)(kazuyuki suzuki)(jp)[old t800].dsk" size="737280" crc="3cf9612c" sha1="8d46a336944128a9f925498647a3d163f7796acd" />
	</machine>
	<machine name="telebas1">
		<description>Telebasic Edición No. 1 (Spain)</description>
		<year>1993</year>
		<publisher>Traposoft</publisher>
		<rom name="telebasic edicion no 1 - traposoft.dsk" size="737280" crc="9c11fde1" sha1="d0691a07805dea89eb3be54bbcf37303df49e192" />
	</machine>
	<machine name="telebas2">
		<description>Telebasic Edición No. 2 (Spain)</description>
		<year>1994</year>
		<publisher>Traposoft</publisher>
		<rom name="telebasic edicion no 2 - traposoft.dsk" size="737280" crc="c3cc936d" sha1="cec2cc9915d3f72a26ae409f6e156b9d2822ed4c" />
	</machine>
	<machine name="telebas3">
		<description>Telebasic Edición No. 3 (Spain)</description>
		<year>1995</year>
		<publisher>Traposoft</publisher>
		<rom name="telebasic edicion no 3 - traposoft.dsk" size="737280" crc="a60abbc8" sha1="7d6e1844a4603fdfdb3282a8dfae8cd75e057ce2" />
	</machine>
	<machine name="turblast">
		<description>Turbo Blaster (Japan)</description>
		<year>1994</year>
		<publisher>M.O.V</publisher>
		<rom name="turbo blaster - m.o.v.dsk" size="737280" crc="fcc14198" sha1="e0acf2bff6792ed5927ee5a55e87c16fdafdc3fb" />
	</machine>
	<machine name="turboost">
		<description>Turbo Booster (Japan)</description>
		<year>1990</year>
		<publisher>Kyoto Media</publisher>
		<rom name="turbo booster (1990)(team toy boys)(jp)[b].dsk" size="737280" crc="f7233416" sha1="78763684ef466ef84773f9f3c3102deaf2cc61cb" />
	</machine>
	<machine name="welkislg">
		<description>Welkis the Legend (Japan)</description>
		<year>1996</year>
		<publisher>Uechan Dayo</publisher>
		<rom name="welkis the legend - uechan dayo (disk 1).dsk" size="737280" crc="755a7d93" sha1="a85658fa750ddb0573c2d6451e92311e4519a477" />
		<rom name="welkis the legend - uechan dayo (disk 2).dsk" size="737280" crc="7a3f2d13" sha1="be5c17578f2fc820d2c0f8636ffc040e104f3f98" />
	</machine>
	<machine name="zekkotby">
		<description>Zekkou no Tsuri Biyori ya!! (Japan)</description>
		<year>1996</year>
		<publisher>GW's Workshop</publisher>
		<rom name="zekkotbya\fishing v1.0 (1996-02-26)(gw's workshop)[a].dsk" size="737280" crc="85e05982" sha1="5575d703d7e8290c1c8e434492efc340ba0b0558" />
		<rom name="fishing v1.0 (1996-02-26)(gw's workshop).dsk" size="737280" crc="09c578bb" sha1="b532cc47c08ea406efe3e551e0db2023f4d11154" />
	</machine>
	<machine name="zterra">
		<description>Zone Terra (Netherlands)</description>
		<year>1994</year>
		<publisher>Quadrivium</publisher>
		<rom name="zterrad\zone terra (demo) (1994)(quadrivium)(nl).dsk" size="737280" crc="ed4ac074" sha1="a36dec1e71df540c4e87ee7f38660900f3a05efd" />
		<rom name="zone terra (1994)(quadrivium)(nl).dsk" size="737280" crc="5d7c7d25" sha1="cd631425a0fb7e7cf043c8f69281fd8255ce2c4f" />
	</machine>
</datafile>