<?xml version="1.0" encoding="utf-8"?>
<!DOCTYPE datafile PUBLIC "-//Logiqx//DTD ROM Management Datafile//EN" "http://www.logiqx.com/Dats/datafile.dtd">
<datafile>
	<header>
		<name>mtx_cass</name>
		<description>Memotech MTX cassettes</description>
		<version>0.267</version>
		<author>Pleasuredome</author>
	</header>
	<machine name="3dtach">
		<description>3D Tachyon Fighter</description>
		<year>1984</year>
		<publisher>Continental Software</publisher>
		<rom name="3d tachyon fighter (1984)(continental software).wav" size="2021162" crc="2589dbde" sha1="6a71529a04b6aa408e5129e22fe9a5424c38d1ee" />
	</machine>
	<machine name="3dturbo">
		<description>3D Turbo</description>
		<year>1984</year>
		<publisher>Continental Software</publisher>
		<rom name="3d turbo (1984)(continental software).wav" size="1854157" crc="4c284701" sha1="4e4ba0658bdf1e269d80905303f88b623d080276" />
	</machine>
	<machine name="agrovatr">
		<description>Agrovator</description>
		<year>1985</year>
		<publisher>Syntax Software</publisher>
		<rom name="agrovator (1985)(syntax software).wav" size="1689130" crc="b559a805" sha1="c3d7418a20bc9df0120903d768c83c5ab3fe3465" />
	</machine>
	<machine name="alice">
		<description>Alice in Wonderland</description>
		<year>1983</year>
		<publisher>Continental Software</publisher>
		<rom name="alice in wonderland (1983)(continental software).wav" size="2484522" crc="bd85acc6" sha1="6301ccf3072b390cb44a4a85c71f063886f171b0" />
	</machine>
	<machine name="alphatro">
		<description>Mission Alphatron</description>
		<year>1984</year>
		<publisher>Continental Software</publisher>
		<rom name="alphatroa\mission alphatron (1984)(continental software)[a].wav" size="1411127" crc="d14f3525" sha1="858bf19bc6085f58a096670e936994eae34264eb" />
		<rom name="mission alphatron (1984)(continental software).wav" size="1410990" crc="3dfcb4ba" sha1="64e7d42156745ca2a3032c418f97163e89634d65" />
	</machine>
	<machine name="arcazion">
		<description>Arcazions</description>
		<year>1985</year>
		<publisher>Syntax Software</publisher>
		<rom name="arcazion (1985)(sawyer, chris).wav" size="730152" crc="e2b88cf7" sha1="2fdda7c67165288b44755e2014a402ce8762bafd" />
	</machine>
	<machine name="astromil">
		<description>Astromilon</description>
		<year>1984</year>
		<publisher>Continental Software</publisher>
		<rom name="astromilon (1984)(continental software).wav" size="606506" crc="02b07b74" sha1="6dc84b5fb7aafc569606d9a75cd2749c852903c0" />
	</machine>
	<machine name="astropac">
		<description>Astro-Pac</description>
		<year>1984</year>
		<publisher>Continental Software</publisher>
		<rom name="astro-pac (1984)(continental software).wav" size="1150504" crc="28723a4f" sha1="bd8489cb38d109aedc111b199c1c36e1f62acf7e" />
	</machine>
	<machine name="backgamm">
		<description>Backgammon</description>
		<year>1983</year>
		<publisher>Continental Software</publisher>
		<rom name="backgammon (1983)(continental software).wav" size="1128490" crc="b1581a9c" sha1="ef9898fe868f51707fd9e7666b5aac9e7eb3b1ba" />
	</machine>
	<machine name="blobbo">
		<description>Blobbo</description>
		<year>1984</year>
		<publisher>Continental Software</publisher>
		<rom name="blobbo (1984)(continental software).wav" size="1205546" crc="5e6be874" sha1="47d4fb8b3ad2861231812c1af094f3f4f23e52bf" />
	</machine>
	<machine name="canvas">
		<description>Micro Canvas</description>
		<year>2000</year>
		<publisher>MTX ISFT</publisher>
		<rom name="micro canvas (2000)(mtx isft).wav" size="3058350" crc="bee454e5" sha1="fc9c0b49befc0411ee1370f775a0859f7ac22983" />
	</machine>
	<machine name="cavesorb">
		<description>Caves of Orb</description>
		<year>1985</year>
		<publisher>Syntax Software</publisher>
		<rom name="caves of orb - side a (1985)(syntax software).wav" size="16958508" crc="7df07c47" sha1="fd3ffdb54dcc35e8c714665409feb355cf4dfc44" />
		<rom name="caves of orb - side b (1985)(syntax software).wav" size="16976940" crc="b47683e3" sha1="e357526692c1e39e0ac7f3e24d181ae9d30eafc5" />
	</machine>
	<machine name="cbakery">
		<description>Comic Bakery (MSX Conversion)</description>
		<year>1984</year>
		<publisher>Konami</publisher>
		<rom name="comic bakery (1984)(konami).wav" size="3252558" crc="da5a65f1" sha1="e0d834dfc30c6d63f121abd4fa9b06e2df43a66e" />
	</machine>
	<machine name="cbridge2">
		<description>Contract Bridge II</description>
		<year>1984</year>
		<publisher>Continental Software</publisher>
		<rom name="cbridge2a\contract bridge ii (1984)(continental software)[a].wav" size="3367936" crc="c662669c" sha1="a98ad20cfad39e7b3ba0e9df8ab97e830ee4d286" />
		<rom name="contract bridge ii (1984)(continental software).wav" size="3367810" crc="63e8a4a6" sha1="0b5ba910d170fa3e2aebb84ecec76973bc60d3bc" />
	</machine>
	<machine name="cosmraid">
		<description>Cosmic Raiders</description>
		<year>1984</year>
		<publisher>Continental Software</publisher>
		<rom name="cosmic raiders (1984)(continental software).wav" size="1326820" crc="c4684ba3" sha1="35403fc613cd45dfb97fd8502f7647c39b49009d" />
	</machine>
	<machine name="demotape">
		<description>Demonstration Tape</description>
		<year>1983</year>
		<publisher>Memotech</publisher>
		<rom name="demonstration tape.wav" size="883174" crc="354bdd13" sha1="09faf6f5c591ff38f723ef80fc2ec5b18188084a" />
	</machine>
	<machine name="draughts">
		<description>MTX Draughts</description>
		<year>1983</year>
		<publisher>Continental Software</publisher>
		<rom name="mtx draughts (1983)(continental software).wav" size="1134980" crc="42e7007b" sha1="9a3b45f9312c4389015f6fa644277b010b19ee06" />
	</machine>
	<machine name="goldmine">
		<description>Goldmine</description>
		<year>1983</year>
		<publisher>Continental Software</publisher>
		<rom name="goldmine (1983)(continental software).wav" size="3377977" crc="263b14a8" sha1="8c19ebf881448003ae3389b8d8303eb54320a4c5" />
	</machine>
	<machine name="hawkwars">
		<description>Hawk Wars</description>
		<year>1985</year>
		<publisher>Syntax Software</publisher>
		<rom name="hawk wars (1985)(syntax software).wav" size="986666" crc="f38501a9" sha1="cbb349aa61c2caed142dcc0703d00ca375f73c3e" />
	</machine>
	<machine name="jumpjack">
		<description>Jumping Jack Flash</description>
		<year>1985</year>
		<publisher>Syntax Software</publisher>
		<rom name="jumpjacka\jumping jack flash (1985)(syntax software)[a].wav" size="2800510" crc="55880d5b" sha1="51ecef974d417fa021f544e59476233325c56f44" />
		<rom name="jumping jack flash (1985)(syntax software).wav" size="2800648" crc="c7203844" sha1="c6fb39c408588910af63ba5b9ee4d6a605dbbb38" />
	</machine>
	<machine name="kilopede">
		<description>Kilopede</description>
		<year>1983</year>
		<publisher>Continental Software</publisher>
		<rom name="kilopede (1983)(continental software).wav" size="689866" crc="32e73f52" sha1="219bae458fe266c83e2c84f7af61bfa4acdd98ac" />
	</machine>
	<machine name="knuckles">
		<description>Knuckles</description>
		<year>1983</year>
		<publisher>Continental Software</publisher>
		<rom name="knucklesa\knuckles (1983)(continental software)[a].wav" size="1766967" crc="677a1d0b" sha1="23f476930a247686e6907f6bde44d1fc15be311c" />
		<rom name="knuckles (1983)(continental software).wav" size="1766980" crc="fa8bb304" sha1="fc2feb8b769b0abb3b8d87662144616204d99f14" />
	</machine>
	<machine name="lildevil">
		<description>Little Devils</description>
		<year>1985</year>
		<publisher>Continental Software</publisher>
		<rom name="little devils (1985)(syntax software).wav" size="794920" crc="1dfe1f05" sha1="bb8120a162d5272653b48fe98f54de1a6a775c78" />
	</machine>
	<machine name="misomega">
		<description>Mission Omega</description>
		<year>1985</year>
		<publisher>Syntax Software</publisher>
		<rom name="mission omega (1985)(sawyer, chris - syntaxsoft).wav" size="854826" crc="da3fac2b" sha1="82096de278a94a1cdae6263de65d604582fbb15e" />
	</machine>
	<machine name="mtxchess">
		<description>MTX Chess</description>
		<year>1983</year>
		<publisher>Continental Software</publisher>
		<rom name="mtx chess (1983)(continental software).wav" size="2198847" crc="5e96b81f" sha1="bb5c67af8bf49ed454c816abe19a583df83ebd01" />
	</machine>
	<machine name="nemo">
		<description>Nemo</description>
		<year>1983</year>
		<publisher>Continental Software</publisher>
		<rom name="nemo (1983)(continental software).wav" size="1232168" crc="e3e012b5" sha1="c59dd0343942d72bcff961e8868b721c825e0c3d" />
	</machine>
	<machine name="obloids">
		<description>Obloids</description>
		<year>1984</year>
		<publisher>Continental Software</publisher>
		<rom name="obloids (1984)(continental software).wav" size="1241642" crc="815729bf" sha1="769422894d41954dca5db3b5e2e411ee96c86884" />
	</machine>
	<machine name="omacfarm">
		<description>Old Mac Farmer (MSX Conversion)</description>
		<year>1984</year>
		<publisher>Mass Tael</publisher>
		<rom name="old mac farmer (1984)(mass tael).wav" size="2956319" crc="f4460aa1" sha1="44ba8d0eabfc8a66b055367050271bb960787f2c" />
	</machine>
	<machine name="pacman">
		<description>Pac-Man (MSX Conversion)</description>
		<year>1984</year>
		<publisher>Namco</publisher>
		<rom name="pac-man (1984)(namco).wav" size="2187874" crc="8c00a056" sha1="d8482868e8aafff925efb6bdd079f9a308ee1ece" />
	</machine>
	<machine name="phaid">
		<description>Phaid</description>
		<year>1983</year>
		<publisher>Continental Software</publisher>
		<rom name="phaida\phaid (1983)(continental software)[a].wav" size="1508207" crc="b8299386" sha1="a1704dc34e26a7107f0b3dd94b56c0e234cd57b3" />
		<rom name="phaid (1983)(continental software).wav" size="1497466" crc="db9d7c98" sha1="9d5630fc226d414c0f52d5924c13b229f5a18afc" />
	</machine>
	<machine name="ppac">
		<description>Power Pac (Sord M5 Conversion)</description>
		<year>1982</year>
		<publisher>Namco</publisher>
		<rom name="powerpac (1982)(namco).wav" size="2559674" crc="97b06931" sha1="48c3b70da47ad823a0648634290d3e5c04d73b4d" />
	</machine>
	<machine name="qogo">
		<description>Qogo</description>
		<year>1984</year>
		<publisher>Continental Software</publisher>
		<rom name="qogo (1984)(continental software).wav" size="802346" crc="877996a3" sha1="e5ef101c7656897df0495a5ae642f1cf487b9737" />
	</machine>
	<machine name="quazzia">
		<description>Quazzia</description>
		<year>1984</year>
		<publisher>Megastar Games</publisher>
		<rom name="quazzia (1984)(megastar games).wav" size="2440746" crc="0b834345" sha1="2495de02a7d8b9a330701149caef9ca7ed7b452b" />
	</machine>
	<machine name="reversi">
		<description>Reversi</description>
		<year>1984</year>
		<publisher>Continental Software</publisher>
		<rom name="reversia\reversi (1984)(continental software)[a].wav" size="1782569" crc="e468f5e9" sha1="f7d82d67b8d94915739f185ccecc724f720b74c2" />
		<rom name="reversi (1984)(continental software).wav" size="1782582" crc="bd643977" sha1="5bf931f5c2252d0c3a5d6f5d13464988cc13dff1" />
	</machine>
	<machine name="sasa">
		<description>SASA (MSX Conversion)</description>
		<year>1983</year>
		<publisher>Mass Tael</publisher>
		<rom name="sasa (1983)(mass tael).wav" size="3539756" crc="4333fe65" sha1="a72bb124401feaa2321f494c7e2e887b91a7c8bf" />
	</machine>
	<machine name="sloopy">
		<description>Sloopy's Christmas</description>
		<year>1984</year>
		<publisher>Gamesware</publisher>
		<rom name="sloopys christmas (1984)(gamesware).wav" size="13645578" crc="8098bda8" sha1="1100f995fb9a4a34327da1fa27b801b3b4aac8d1" />
	</machine>
	<machine name="sminefld">
		<description>Super Minefield</description>
		<year>1984</year>
		<publisher>Continental Software</publisher>
		<rom name="super minefield (1984)(continental software).wav" size="1032746" crc="f5f47e24" sha1="496a4048d9effafb0bb3f8c739e30b017fc89e27" />
	</machine>
	<machine name="spaceinv">
		<description>Space Invasion (Coleco Conversion)</description>
		<year>1998</year>
		<publisher>John Dondzila</publisher>
		<rom name="space invasion (1998)(dondzila, john).wav" size="1750058" crc="08e592c0" sha1="a63f4c788cc10db01e89cc8bb2e121382fada0c2" />
	</machine>
	<machine name="spectron">
		<description>Spectron (Coleco Conversion)</description>
		<year>1983</year>
		<publisher>Spectravideo</publisher>
		<rom name="spectron (1983)(spectravideo).wav" size="2529593" crc="d858a530" sha1="b97ad7fe2a494171a08bd3c33ac97b5d6f76b9b0" />
	</machine>
	<machine name="starcmd">
		<description>Star Command</description>
		<year>1984</year>
		<publisher>Continental Software</publisher>
		<rom name="star command (1984)(continental software).wav" size="1962026" crc="3ae902f0" sha1="4508c2bcf5dd4abcd148e6bc177c6f3f1c98f5ae" />
	</machine>
	<machine name="surfscan">
		<description>Surface Scanner</description>
		<year>1984</year>
		<publisher>Megastar Games</publisher>
		<rom name="surface scanner (1984)(megastar games).wav" size="1788648" crc="a291ed23" sha1="f0136543a9fb07e8a6f1bff778111370c6fde71f" />
	</machine>
	<machine name="tapeworm">
		<description>Tapeworm</description>
		<year>1984</year>
		<publisher>Continental Software</publisher>
		<rom name="tapeworm (1984)(continental software).wav" size="754288" crc="d39cc8e2" sha1="05bffa9b020a8025f4c70c2389b7d753a777f261" />
	</machine>
	<machine name="targzone">
		<description>Target Zone</description>
		<year>1985</year>
		<publisher>Syntax Software</publisher>
		<rom name="target zone (1985)(syntax software).wav" size="1386109" crc="0d7c47b4" sha1="e98e2ebca226366cdf10bb913063ca8f5aeaeb59" />
	</machine>
	<machine name="tbunny">
		<description>Telebunny (MSX Conversion)</description>
		<year>1983</year>
		<publisher>Mass Tael</publisher>
		<rom name="telebunny (1983)(mass tael).wav" size="3194448" crc="8f68761b" sha1="68b0542a44dc84fd44648c3dcc81e0651934469f" />
	</machine>
	<machine name="toado">
		<description>Toado</description>
		<year>1984</year>
		<publisher>Continental Software</publisher>
		<rom name="toado (1984)(continental software).wav" size="1225768" crc="d0186e4c" sha1="88ef2d83771806665379ea9295d373d8882d4f59" />
	</machine>
	<machine name="vernon">
		<description>Vernon and the Vampires</description>
		<year>1983</year>
		<publisher>Syntax Software</publisher>
		<rom name="vernon and the vampires (1983)(syntax software).wav" size="1385723" crc="533bdad4" sha1="4d046fcb6273f74b86385cc35477ba8ad13a31dd" />
	</machine>
	<machine name="zombien">
		<description>Zombie Near</description>
		<year>2015</year>
		<publisher>Oscar Toledo G.</publisher>
		<rom name="zombie near (2015)(oscar toledo g.).wav" size="8338018" crc="6fa81c6e" sha1="ba923221c53f02061e19395eb014f3a1711068cf" />
	</machine>
</datafile>