<?xml version="1.0" encoding="utf-8"?>
<!DOCTYPE datafile PUBLIC "-//Logiqx//DTD ROM Management Datafile//EN" "http://www.logiqx.com/Dats/datafile.dtd">
<datafile>
	<header>
		<name>mz700_cass</name>
		<description>Sharp MZ-700 cassettes</description>
		<version>0.267</version>
		<author>Pleasuredome</author>
	</header>
	<machine name="1z013b">
		<description>BASIC Interpreter 1Z-013B V1.0A / Applications V1.0A</description>
		<year>1983</year>
		<publisher>Sharp Corporation</publisher>
		<rom name="1z013b_a\applications v1.0a.wav" size="59977632" crc="19d9b5c3" sha1="6a7b0888251918511c67ce84907f3fef43b0f4b5" />
		<rom name="1z013bswe\s-basic swe.wav" size="74092456" crc="ed0ab4c8" sha1="a402c9c646a85869c30fa2be7d90b93c482f5689" />
		<rom name="cent2\centro-anleitung.mzf" size="3379" crc="0235012c" sha1="fa0ff0b7439a14041fa763d93d990e6985dc7809" />
		<rom name="cent2\s-basic-cent-2.mzf" size="27681" crc="1bd8c019" sha1="567294fffd602639c99694311a268c1a9c20794f" />
		<rom name="gdp9ba\gdp9-ba.mzf" size="29606" crc="434aba4e" sha1="b1c6bf95d11f44a859ed32b75561916dc8d3b051" />
		<rom name="kbasic5\k-basic v.5.mzf" size="30296" crc="95c0d65a" sha1="e55fc43638bd6249df1b557ea037804c28314303" />
		<rom name="sutapeba\sutapeba.mzf" size="29060" crc="c7cf80d1" sha1="03a1f12ff2d0d57698db1b6b4b3e1cc45ce1b9ec" />
		<rom name="tbasic\t-basic (uitleg).mzf" size="6155" crc="e19e76b6" sha1="f3e65322933c7c0657e5bdbd26a0930e177ff28a" />
		<rom name="tbasic\t-basic+bm+pk(+).mzf" size="28063" crc="b1f4ddb9" sha1="0bad5abbc5772eeb9b3abbd43f59ab993488b6c5" />
		<rom name="1z-013b.mzf" size="27680" crc="2d1a7697" sha1="254ab9d3b7edc921d3f02136c2c6855e79e3b4fd" />
		<rom name="music.mzf" size="2432" crc="2230824a" sha1="8a48b6db013db0e08a97b87855e413cd5378369c" />
		<rom name="mz-1p01.mzf" size="10885" crc="bad0cb47" sha1="d94116ac7f992f303147eefbbacc22ed58a25eab" />
		<rom name="mz-700 demo.mzf" size="7714" crc="65cf25ec" sha1="9c055cb9a3d519b1661e16337ef5b1eb872a4b4f" />
	</machine>
	<machine name="3crdbrag">
		<description>Three Card Brag</description>
		<year>1982</year>
		<publisher>Solo Software</publisher>
		<rom name="three card brag.mzf" size="12807" crc="d06d5a7d" sha1="b30d57e76352226f009c31230d4ce85b1b69ac98" />
	</machine>
	<machine name="3dcarrac">
		<description>3D Car Race</description>
		<year>19??</year>
		<publisher>&lt;unknown&gt;</publisher>
		<rom name="3-d car race.mzf" size="6785" crc="f7647581" sha1="3603461843bf7f13902fc35b6d0f708a93b98b7b" />
	</machine>
	<machine name="3dgraph">
		<description>3-D Graphikpaket (Germany)</description>
		<year>19??</year>
		<publisher>BBG Software</publisher>
		<rom name="3-d graphikpaket.mzf" size="13038" crc="432f9972" sha1="956056be3dac70ef4a4d5953aebd7a92cf29e26b" />
	</machine>
	<machine name="3dwayout">
		<description>3-D Way Out</description>
		<year>19??</year>
		<publisher>BBG Software</publisher>
		<rom name="3d-way out.mzf" size="10565" crc="33ea8534" sha1="b4a6a366b9e0a96f7ff3d0577749441e29835f58" />
	</machine>
	<machine name="10games">
		<description>10 Games for MZ-700</description>
		<year>1983?</year>
		<publisher>Sharp Corporation</publisher>
		<rom name="10gamesa\10 plays for mz-700 1a.wav" size="101777452" crc="84ba7cf4" sha1="7357e9202037517874987ea30dc336fb9dc68370" />
		<rom name="10gamesa\10 plays for mz-700 1b.wav" size="101417004" crc="987ad1ac" sha1="25e8438ba36413552afbeb707990e75b18a0434f" />
		<rom name="10gamesa\10 plays for mz-700 2a.wav" size="109170732" crc="984d4d67" sha1="8fd7964ae7dbc269179c7d85fb0539733735d265" />
		<rom name="10gamesa\10 plays for mz-700 2b.wav" size="109117484" crc="f42c9fd7" sha1="9dc4bb6dc9d209817bd06e3254e5b7deb05a9af5" />
		<rom name="battle game.mzf" size="10933" crc="b73a396c" sha1="6830eee6cdaa5b797efb7d4e94761a87d832d642" />
		<rom name="circus star.mzf" size="10817" crc="e8a70639" sha1="58c2a0f95e232dbab93cddb564e07fc0a53319eb" />
		<rom name="land escape.mzf" size="14267" crc="2a1158b3" sha1="a3f1fd87f4254292947ee34315b7ca9e3f18d0cf" />
		<rom name="man-hunt.mzf" size="2708" crc="a3a73667" sha1="29e075032b975bd1ed6b8c804a8176591e3d155c" />
		<rom name="moving searcher.mzf" size="8480" crc="ec11c6b0" sha1="8b3a4992ab51c3210d94b7526db42c5a2d9228f7" />
		<rom name="painful man.mzf" size="12178" crc="53a5af9d" sha1="3e8d0e6f6f57f70dd6896547eb2a86d903e5c05b" />
		<rom name="round shoot.mzf" size="16142" crc="fe9c19e1" sha1="2e93ac6a2d8d301725598146df52ac79a9ea7f38" />
		<rom name="send-1.mzf" size="11799" crc="ad162095" sha1="65785fe158e2164316661cf418057d08a927922b" />
		<rom name="snake snake exp1.mzf" size="28958" crc="b0ceb64f" sha1="ae993cef663d8b2275404cfb8d8d029dbb917ce2" />
		<rom name="super puck-man.mzf" size="9930" crc="4e2907f1" sha1="2dd87d1b880e08cd2ef1a928ab040e93dfd1937e" />
	</machine>
	<machine name="6502i">
		<description>6502 Interpreter</description>
		<year>19??</year>
		<publisher>BBG Software</publisher>
		<rom name="6502 betriebssys.mzf" size="5545" crc="cf305643" sha1="31e21334aa01e3bbcb3d9f260baccdc52d4dbe75" />
	</machine>
	<machine name="aceracer">
		<description>Ace Racer</description>
		<year>1982</year>
		<publisher>Solo Software</publisher>
		<rom name="ace racer.mzf" size="8951" crc="ffbda92c" sha1="e9de546a81aaaf6a2dc9006d54552fa4ab1b323a" />
	</machine>
	<machine name="advchess">
		<description>Advanced Chess</description>
		<year>19??</year>
		<publisher>Solo Software</publisher>
		<rom name="advancedchess.mzf" size="12418" crc="f7f205a2" sha1="a0c31412abc14cc8381588a335594553e7949fce" />
	</machine>
	<machine name="airbus">
		<description>Airbus A 310</description>
		<year>1985</year>
		<publisher>BBG Software</publisher>
		<rom name="airbus a 310.mzf" size="43744" crc="14e293be" sha1="905d9de7b83d46378d319d23ed1d6abf2f75756b" />
	</machine>
	<machine name="aliens">
		<description>Aliens (Netherlands)</description>
		<year>19??</year>
		<publisher>G.J. Krijnen</publisher>
		<rom name="aliens.mzf" size="2739" crc="2c09eec8" sha1="dc067073242cb3f6bb2dba142963820f6c6d936d" />
	</machine>
	<machine name="amity">
		<description>Amityville (France)</description>
		<year>19??</year>
		<publisher>Jean François Campan</publisher>
		<rom name="amityville.mzf" size="19328" crc="f928e0fc" sha1="398640708aabad3ae9402d2207aaade35f615a2e" />
	</machine>
	<machine name="antares">
		<description>Antares (Germany)</description>
		<year>1986</year>
		<publisher>BBG Software</publisher>
		<rom name="antares.mzf" size="20352" crc="c1993ef5" sha1="73492978e9a096526031bd3d59b890dbc181b1c8" />
	</machine>
	<machine name="anthill">
		<description>Anthill Raiders</description>
		<year>1982</year>
		<publisher>Solo Software</publisher>
		<rom name="anthill raider.mzf" size="10504" crc="ea797005" sha1="93bc7f06e32636d301e719ac467cc89d77cc8d4a" />
	</machine>
	<machine name="apollowp">
		<description>Apollo Word Processor V2.7</description>
		<year>1982</year>
		<publisher>Apollo Software</publisher>
		<rom name="apollowp28\apollo2_8-200785.mzf" size="33413" crc="d37b7953" sha1="ea4d4ac1a81f391e57d9c98a96fcf2e34e773a3d" />
		<rom name="apollo.mzf" size="5499" crc="46b8ae1c" sha1="916c3ccd0f1c441b0f8c268e774eea511a953dd6" />
	</machine>
	<machine name="astbelt">
		<description>Asteroid Belt</description>
		<year>19??</year>
		<publisher>Solo Software</publisher>
		<rom name="asteroid belt.mzf" size="8473" crc="78f2deec" sha1="8678842f82ab3ddd2caee7b8ad54132ecc8cc222" />
	</machine>
	<machine name="astrobla">
		<description>Astro-Blaster</description>
		<year>19??</year>
		<publisher>Solo Software</publisher>
		<rom name="astro-blaster.mzf" size="7808" crc="2745b08a" sha1="c10a6748043b909706aa2cc0915b4fae2abc786d" />
	</machine>
	<machine name="atkatank">
		<description>Attack-A-Tank</description>
		<year>1982</year>
		<publisher>Solo Software</publisher>
		<rom name="attack-a-tank.mzf" size="8018" crc="136cbd7b" sha1="9daaf83eda41837167d9652113e38d6f0d780379" />
	</machine>
	<machine name="backgamm">
		<description>Backgammon</description>
		<year>19??</year>
		<publisher>Solo Software</publisher>
		<rom name="backgammon.mzf" size="28801" crc="1af3a970" sha1="5ecf8b6b7e54e6e081d00d390bcd63fa39c2f9a2" />
	</machine>
	<machine name="basezero">
		<description>Base Zero</description>
		<year>19??</year>
		<publisher>&lt;unknown&gt;</publisher>
		<rom name="basezero.mzf" size="20448" crc="99267a84" sha1="d197e3521cba91957300f9b40e640e015b1f1b3a" />
	</machine>
	<machine name="basic700">
		<description>Basic 700/4</description>
		<year>19??</year>
		<publisher>R. &amp; L. Software</publisher>
		<rom name="basic 700-vers.4.mzf" size="27685" crc="9fc513ad" sha1="45b6657fe25fdcd95ab28ad0a1a70e6c4e0d37d1" />
	</machine>
	<machine name="basicod2">
		<description>S-BASIC/Vertaler BASICODE-2 (Netherlands)</description>
		<year>19??</year>
		<publisher>&lt;unknown&gt;</publisher>
		<rom name="s-basicode 2.mzf" size="28447" crc="1372eee2" sha1="2d2450804764412e6c70eaa8a01fc1f35ee4b492" />
	</machine>
	<machine name="bio700">
		<description>Biorhythmus (Germany)</description>
		<year>1983</year>
		<publisher>Ursoft</publisher>
		<rom name="bio-700.mzf" size="5417" crc="f80a86ad" sha1="f24fc2392a8c2d0714609a4ddca6787dfb1f21c2" />
	</machine>
	<machine name="biorythm">
		<description>Super Biorhythm</description>
		<year>1983</year>
		<publisher>Solo Software</publisher>
		<rom name="super biorhythm.mzf" size="11283" crc="3f984659" sha1="71a1ba7768144cf5f0824d2176a8e78e91623980" />
	</machine>
	<machine name="blastoff">
		<description>Blast Off</description>
		<year>19??</year>
		<publisher>BBG Software</publisher>
		<rom name="blastoff.mzf" size="19078" crc="79eb92a5" sha1="e3ca0f39eb2871811c14d693f8f69b6df3de6445" />
	</machine>
	<machine name="bloktek">
		<description>Bloktekeningen</description>
		<year>19??</year>
		<publisher>&lt;unknown&gt;</publisher>
		<rom name="bloktekeningen.mzf" size="664" crc="7cac9e40" sha1="cded29d07d538dbd713bed02cbadfa169f290574" />
	</machine>
	<machine name="bombman">
		<description>Bomber Man</description>
		<year>1983</year>
		<publisher>Hudson Soft</publisher>
		<rom name="f1200.mzf" size="8336" crc="47ce8ceb" sha1="26aaa0e0c5d4056f0a1a37a40005661645ab06bd" />
	</machine>
	<machine name="bouldash">
		<description>Boulder Dash (France)</description>
		<year>19??</year>
		<publisher>Jean François Campan</publisher>
		<rom name="boulder_dash.mzf" size="22656" crc="573adbe0" sha1="1937bcfbf001ae2cccc33a75c62eea3e7dfc6f4c" />
	</machine>
	<machine name="breuken1">
		<description>Breuken 1 (Netherlands)</description>
		<year>1984?</year>
		<publisher>Roger Deneweth?</publisher>
		<rom name="breuken 1.mzf" size="21946" crc="28fc471d" sha1="a062939fce7caf8463a8b8af77fd41a441880604" />
	</machine>
	<machine name="calendri">
		<description>Calendrier (France)</description>
		<year>19??</year>
		<publisher>Jean François Campan</publisher>
		<rom name="calendrier.mzf" size="1664" crc="182b1b9a" sha1="18bbc9c6f38006bb3dee730bc43e654c3c90b241" />
	</machine>
	<machine name="cannball">
		<description>Cannon Ball</description>
		<year>19??</year>
		<publisher>&lt;unknown&gt;</publisher>
		<rom name="cannon ball.mzf" size="5248" crc="cdcd5637" sha1="2706ce8894d69423244d8d92218d41fd1fd90523" />
	</machine>
	<machine name="catacomb">
		<description>Catacombes (France)</description>
		<year>1986</year>
		<publisher>Jean François Campan</publisher>
		<rom name="catacombes.mzf" size="20096" crc="9790770c" sha1="628724cc7d20ddeffce6d016d9ed4fc993fe38de" />
	</machine>
	<machine name="cataplus">
		<description>Catacombes+ (France)</description>
		<year>19??</year>
		<publisher>Jean François Campan</publisher>
		<rom name="catacombes_+.mzf" size="45440" crc="71605b7f" sha1="936582548efdb78062906e4111a9f02730eb0c76" />
	</machine>
	<machine name="ccacr">
		<description>Caterpillar Crawl and Counter Reverse</description>
		<year>19??</year>
		<publisher>Knight's Computers</publisher>
		<rom name="caterpillar.mzf" size="3792" crc="77302ba9" sha1="8a1617fdee0eafe0f373d8b64245b36c8c43367f" />
		<rom name="reverse.mzf" size="7408" crc="6a09cc09" sha1="2eeb7dcff6c4fbfe8b2a5f5be544a617fc7cd77e" />
	</machine>
	<machine name="cent2dsk">
		<description>Centronics Interface Utility (Germany)</description>
		<year>1984</year>
		<publisher>Multisoft</publisher>
		<rom name="centro-anl.disk.mzf" size="4454" crc="c810256f" sha1="fe6560ee585801d024da9196ce1ebd52ac76922d" />
	</machine>
	<machine name="clubgolf">
		<description>Club Golf</description>
		<year>1982</year>
		<publisher>Solo Software</publisher>
		<rom name="club golf.mzf" size="16648" crc="edd2b5b1" sha1="0c08d31972268d54877cff89afec1ff03c16c0be" />
	</machine>
	<machine name="cmaster">
		<description>C-Master (Germany)</description>
		<year>19??</year>
		<publisher>Ursoft</publisher>
		<rom name="c-master.mzf" size="19885" crc="56c13ae3" sha1="0e138a80939121d40ccf66049eb3ce6c3a5af8c4" />
	</machine>
	<machine name="codeword">
		<description>Codewoord (Netherlands)</description>
		<year>19??</year>
		<publisher>&lt;unknown&gt;</publisher>
		<rom name="codewoord.mzf" size="2934" crc="3a233848" sha1="c7b52536f756d3adb4e64d9ad439bb216db81c20" />
	</machine>
	<machine name="competit">
		<description>Competitie (Netherlands)</description>
		<year>19??</year>
		<publisher>&lt;unknown&gt;</publisher>
		<rom name="competitie.mzf" size="4133" crc="695343f6" sha1="5bfcbf28fa3bb43404490fce04f5c3abafd04c66" />
	</machine>
	<machine name="complain">
		<description>Commando Plain</description>
		<year>1982</year>
		<publisher>Solo Software</publisher>
		<rom name="commando plain.mzf" size="11014" crc="a95485bb" sha1="1ec9c8218ac15fb54fb8b70ef4e8a458eaeba18a" />
	</machine>
	<machine name="compslot">
		<description>Comput-A-Slot</description>
		<year>19??</year>
		<publisher>Solo Software</publisher>
		<rom name="comput-a-slot.mzf" size="8996" crc="840810ea" sha1="94d50fbb71ec9cc4652588acbcf30ee3c2850bbd" />
	</machine>
	<machine name="comptek">
		<description>Computertekenen (Netherlands)</description>
		<year>19??</year>
		<publisher>&lt;unknown&gt;</publisher>
		<rom name="computertekenen.mzf" size="2325" crc="a46a4773" sha1="5bd07e412ea476464ca0a5f6f408c698c87aadc3" />
	</machine>
	<machine name="connect4">
		<description>Connect Four</description>
		<year>19??</year>
		<publisher>Solo Software</publisher>
		<rom name="connect four.mzf" size="7986" crc="87d8256a" sha1="f21a36efaf417d3df0acfdff81a1131978eb4af4" />
	</machine>
	<machine name="conveyor">
		<description>Conveyor</description>
		<year>1983</year>
		<publisher>Solo Software</publisher>
		<rom name="conveyor.mzf" size="6775" crc="cd128bcf" sha1="665ba6d48506b7089b373e2837b5cb25a05e6784" />
	</machine>
	<machine name="copy">
		<description>Multicopy-BV (Germany)</description>
		<year>19??</year>
		<publisher>&lt;unknown&gt;</publisher>
		<rom name="copy-cf.mzf" size="2560" crc="4f9d7b59" sha1="b996ea036260ec7e80578ca4467f2f0188433d84" />
	</machine>
	<machine name="cribbage">
		<description>Cribbage</description>
		<year>19??</year>
		<publisher>Knight's Computers</publisher>
		<rom name="cribbage.mzf" size="23011" crc="bb14182d" sha1="fd52418ccd80bcfd58dfb57c08e746f44d5acf76" />
	</machine>
	<machine name="croaker">
		<description>Croaker</description>
		<year>1982</year>
		<publisher>Solo Software</publisher>
		<rom name="croaker.mzf" size="16036" crc="530cb577" sha1="2e7c67a1cbad480cba8175c9d89963dddfdb414c" />
	</machine>
	<machine name="cyfax">
		<description>Cyfax</description>
		<year>1982</year>
		<publisher>Solo Software</publisher>
		<rom name="cyfax.mzf" size="11914" crc="b6f3b13f" sha1="25821e2076526d3cf5edc79a1d45f691242ca6e4" />
	</machine>
	<machine name="dateiuni">
		<description>Datei Universal (Germany)</description>
		<year>19??</year>
		<publisher>BBG Software</publisher>
		<rom name="datei universal.mzf" size="4313" crc="2fb5138d" sha1="fe962faed7fa11ed8d65dd2e51c22e65701ab1ff" />
	</machine>
	<machine name="dbfiler">
		<description>Database Filer</description>
		<year>1982</year>
		<publisher>Solo Software</publisher>
		<rom name="database filer.mzf" size="14838" crc="d679484e" sha1="60a0d6c4180fc183966f716d0c838e256fe4e5f4" />
	</machine>
	<machine name="dbp701">
		<description>DBP701+ Datenbanksystem (Germany)</description>
		<year>1982</year>
		<publisher>Kersten &amp; Partner</publisher>
		<rom name="dbp-701+.mzf" size="6663" crc="cdbc1f16" sha1="49d42828ba3b90beafbe164dbc1e226bb225b234" />
	</machine>
	<machine name="demasaso">
		<description>Demasaso (France)</description>
		<year>1985</year>
		<publisher>Jean François Campan</publisher>
		<rom name="demasaso.mzf" size="16000" crc="f52e8b7d" sha1="58f5851a9e467069d812395c91a31e808088814f" />
	</machine>
	<machine name="descente">
		<description>Descente aux Enfers (France)</description>
		<year>19??</year>
		<publisher>Jean François Campan</publisher>
		<rom name="descente_aux_enfers.mzf" size="8832" crc="57f1b9d7" sha1="c4197feb7cd8542da05577d76733eba869ae0c51" />
	</machine>
	<machine name="destruct">
		<description>Destructeurs (France)</description>
		<year>19??</year>
		<publisher>Jean François Campan</publisher>
		<rom name="destructeurs.mzf" size="32384" crc="e09ac0f0" sha1="a9cf3baf1aacd2d5d2d27637fdc4304c303af8a9" />
	</machine>
	<machine name="dgorilla">
		<description>Donkey Gorilla</description>
		<year>19??</year>
		<publisher>Tecno Soft</publisher>
		<rom name="donkey gorilla.mzf" size="34579" crc="b51608c2" sha1="8ba846204f21a8dec594de2a3ddb982ae16c249f" />
	</machine>
	<machine name="diaboliq">
		<description>Le Cadre Diabolique</description>
		<year>19??</year>
		<publisher>Jean François Campan</publisher>
		<rom name="cadre_diabolique.mzf" size="3456" crc="05f663ae" sha1="e32da60a7f288cd33237cbf0ddc4670930ee1de8" />
	</machine>
	<machine name="dominat">
		<description>Domination</description>
		<year>1982</year>
		<publisher>Solo Software</publisher>
		<rom name="domination.mzf" size="11560" crc="083afb5b" sha1="7f9f6c1f3bae5674a79a3d7e9c3409d4012b9b93" />
	</machine>
	<machine name="easidata">
		<description>Easidata V1.3 (Germany)</description>
		<year>1983</year>
		<publisher>Solo Software</publisher>
		<rom name="sh7ced1.3g.mzf" size="6073" crc="2dfd5a67" sha1="e7f7acde3eac31699a910c2a34213e208c85793b" />
	</machine>
	<machine name="explatom">
		<description>Exploding Atoms</description>
		<year>19??</year>
		<publisher>Knight's Computers</publisher>
		<rom name="exploding atoms.mzf" size="4786" crc="179d150b" sha1="0d88d2aa6b99b9bd383aa8ce81ea657d706af327" />
	</machine>
	<machine name="fantgrov">
		<description>Fantastic Grove</description>
		<year>1984</year>
		<publisher>BBG Software</publisher>
		<rom name="fantastic grove.mzf" size="24134" crc="e71e6fe8" sha1="994907ef0b5178cd7bb396a61864143717645bc7" />
	</machine>
	<machine name="fightcom">
		<description>Fighter Command</description>
		<year>1982</year>
		<publisher>Solo Software</publisher>
		<rom name="fighter command.mzf" size="15219" crc="91b4540f" sha1="bf3b9c484459e0d4736ab01daa01bc118210fa16" />
	</machine>
	<machine name="fire">
		<description>Fire!!!</description>
		<year>1982</year>
		<publisher>Solo Software</publisher>
		<rom name="fire.mzf" size="8989" crc="f436dbdf" sha1="13105caad93da5e6edb5a73080f8b1178923c521" />
	</machine>
	<machine name="fishfred">
		<description>Fisherman Fred</description>
		<year>1982</year>
		<publisher>Solo Software</publisher>
		<rom name="fisherman fred.mzf" size="8526" crc="c24fb14f" sha1="f0cd799ecaae485bda506a3cfeafaae0900fbe0d" />
	</machine>
	<machine name="flugsim">
		<description>Flugsimulator (Germany)</description>
		<year>1984</year>
		<publisher>HOBRA Soft</publisher>
		<rom name="flugsimulator.mzf" size="11904" crc="be7207ff" sha1="20e845bfa10489c2e163d4c916cca7382fef353d" />
	</machine>
	<machine name="fulspeed">
		<description>Full Speed</description>
		<year>19??</year>
		<publisher>BBG Software</publisher>
		<rom name="full speed.mzf" size="15950" crc="ed38789c" sha1="f613825ed468528b743338f760ce7ceebf09d638" />
	</machine>
	<machine name="gcajj">
		<description>Gate Crasher and Jungle Jinks</description>
		<year>19??</year>
		<publisher>Knight's Computers</publisher>
		<rom name="gate-crasher.mzf" size="5656" crc="db3998de" sha1="1fbd8fe5a5f8f4800519bf48292cd0d34f93be5d" />
		<rom name="jungle-jinks.mzf" size="5307" crc="41763067" sha1="d3d0a6aeb5d6b73a2d1225fa95ffff11700a69e6" />
	</machine>
	<machine name="geboorte">
		<description>Geboortedatum (Netherlands)</description>
		<year>19??</year>
		<publisher>&lt;unknown&gt;</publisher>
		<rom name="geboortedatum.mzf" size="763" crc="7a7a957b" sha1="24ec6678e6cb8576ed1f5b68a8ea3ebf3e25f926" />
	</machine>
	<machine name="globule">
		<description>Globule (France)</description>
		<year>19??</year>
		<publisher>Jean François Campan</publisher>
		<rom name="globule.mzf" size="4224" crc="23b3dbbd" sha1="62f3c2f79ae67891c4905b7354492d6a54386bd1" />
	</machine>
	<machine name="globwar3">
		<description>Global War III</description>
		<year>1982</year>
		<publisher>Solo Software</publisher>
		<rom name="global war 3.mzf" size="28011" crc="3f7b491c" sha1="0f9f4b1b28e7d9548fc56fd9292502c219180b9b" />
	</machine>
	<machine name="gobbler">
		<description>Gobbler</description>
		<year>19??</year>
		<publisher>Solo Software</publisher>
		<rom name="gobbler.mzf" size="10347" crc="6d63bca8" sha1="4ba5cbfddd2c05a8b4a377000ad3e77a5b1526a8" />
	</machine>
	<machine name="greedyg">
		<description>Greedy Gremlins</description>
		<year>19??</year>
		<publisher>Knight's Computers</publisher>
		<rom name="greedy gremlins.mzf" size="20745" crc="08e2c994" sha1="735520576db0d672477ecbeed537de9c91229029" />
	</machine>
	<machine name="grid">
		<description>Grid</description>
		<year>19??</year>
		<publisher>BBG Software</publisher>
		<rom name="grid.mzf" size="15776" crc="0233c676" sha1="882302288d2115ea29591b14be3268576239e21f" />
	</machine>
	<machine name="guerilla">
		<description>Space Guerilla</description>
		<year>19??</year>
		<publisher>BBG Software</publisher>
		<rom name="space guerilla.mzf" size="20046" crc="a963cdca" sha1="bed1c9918e73e25208e5784f991a7ac9e93af7d4" />
	</machine>
	<machine name="guerre">
		<description>Guerre Spatiale (France)</description>
		<year>19??</year>
		<publisher>Jean François Campan</publisher>
		<rom name="guerre_spatiale.mzf" size="8320" crc="2e40a2f1" sha1="1a4528b62c37398fd00362456bafee3b28a1390f" />
	</machine>
	<machine name="hdcorgel">
		<description>HDC Orgel</description>
		<year>19??</year>
		<publisher>&lt;unknown&gt;</publisher>
		<rom name="hdc_orgel.mzf" size="1921" crc="ec2146af" sha1="1d0f337604d97197bb068c9c0f400232a3d6b6a0" />
	</machine>
	<machine name="hspascal">
		<description>Hisoft PASCAL 4T</description>
		<year>1984</year>
		<publisher>Hisoft</publisher>
		<rom name="hp4tmz7.mzf" size="21397" crc="f743d246" sha1="987181b475c184d0d77bd53118e5ff6c23ac08a6" />
		<rom name="hp4tmz7l.mzf" size="175" crc="dc7bfadf" sha1="562db950562e820cc710aec215f4b8d740c2b5fd" />
	</machine>
	<machine name="hunchy">
		<description>Hunchy</description>
		<year>19??</year>
		<publisher>Solo Software</publisher>
		<rom name="hunchy.mzf" size="16282" crc="40567a46" sha1="a4937311ebf234589fd050f91bdc9efed3afa9ad" />
	</machine>
	<machine name="impomiss">
		<description>Impossible Mission (France)</description>
		<year>1986</year>
		<publisher>Jean François Campan</publisher>
		<rom name="impossible_mission.mzf" size="25728" crc="df0187ce" sha1="5a36aef949b5629730d68e983ef8946d55470184" />
	</machine>
	<machine name="isola">
		<description>Isola (France)</description>
		<year>19??</year>
		<publisher>Jean François Campan</publisher>
		<rom name="isola.mzf" size="4736" crc="b1c581e4" sha1="d0632f520f20f5ec64d68109ccc1a02f41bd531d" />
	</machine>
	<machine name="jeuxint">
		<description>Jeux Intergalactiques (France)</description>
		<year>19??</year>
		<publisher>Jean François Campan</publisher>
		<rom name="jeux_intergalactiques.mzf" size="11392" crc="ad0d9838" sha1="2bbb536162ea1f1c34d379741ade621fae48163b" />
	</machine>
	<machine name="jumprun">
		<description>Jumping-Runner (France)</description>
		<year>1986</year>
		<publisher>Jean François Campan</publisher>
		<rom name="jumping_runner.mzf" size="10624" crc="25581b92" sha1="3b64599774c915bc719dcb5d9def1cce0f706bf6" />
	</machine>
	<machine name="kalender">
		<description>Kalender</description>
		<year>1984</year>
		<publisher>Michael Gartner</publisher>
		<rom name="kalender.mzf" size="10208" crc="6fb5a68a" sha1="dbdd53674934d2fe83aa98c895e5a8e989ab1bf3" />
	</machine>
	<machine name="kamertje">
		<description>Kamertje Verhuren (Netherlands)</description>
		<year>1987</year>
		<publisher>NOS</publisher>
		<rom name="kamertje.mzf" size="10525" crc="83a15d59" sha1="ff08b5c9a83ae1f61de6e96b30e411b8292cb6cd" />
	</machine>
	<machine name="kasboek">
		<description>Kasboek (Netherlands)</description>
		<year>1984</year>
		<publisher>NOS</publisher>
		<rom name="kasboek.mzf" size="12041" crc="3f9d7399" sha1="0ad40ba436a8de31224456b3c8267a93f3ba2e98" />
	</machine>
	<machine name="kcastle">
		<description>Knight's Castle</description>
		<year>19??</year>
		<publisher>&lt;unknown&gt;</publisher>
		<rom name="knight's castle.mzf" size="21113" crc="ac3ce797" sha1="7133718daf0498a5f314f3d06f5f77c29db0d561" />
	</machine>
	<machine name="kcufo">
		<description>UFO (Knight's Computers)</description>
		<year>19??</year>
		<publisher>Knight's Computers</publisher>
		<rom name="knights ufo.mzf" size="17936" crc="909f5517" sha1="f0f65998d4e12aa89de3985f7b50a8f82b29e1b7" />
	</machine>
	<machine name="kentucky">
		<description>Kentucky Derby</description>
		<year>1982</year>
		<publisher>Solo Software</publisher>
		<rom name="kentucky derby.mzf" size="8184" crc="9d4d89ee" sha1="6f54cb5a29864edc3352eeb01bc6985c8347cacd" />
	</machine>
	<machine name="klavier">
		<description>MZ-700 Klavier (Germany)</description>
		<year>19??</year>
		<publisher>MZ-Verlag</publisher>
		<rom name="mz-700_klavier.mzf" size="12060" crc="407f598a" sha1="9df150d4fa64829371a16b554c017162c11ed8c9" />
	</machine>
	<machine name="knightsf">
		<description>Knight's MZ-700 Forth</description>
		<year>19??</year>
		<publisher>Knight's Computers</publisher>
		<rom name="knightsfmod\mz-700 forth.mzf" size="5329" crc="bf45d5ed" sha1="dd459ce6133102af4fd15379518e08d1e5007180" />
		<rom name="kniforth.mzf" size="5313" crc="9b5e6cb9" sha1="e74921d01173dc201fb6a167e6a223da511421c7" />
	</machine>
	<machine name="kp80c354">
		<description>K&amp;P 80-column Disk Basic V3.54 (Germany)</description>
		<year>19??</year>
		<publisher>Kersten &amp; Partner</publisher>
		<rom name="kup80z354.mzf" size="33409" crc="810133bc" sha1="f97516935970ca5baf664eeb6c046b5a7bf1befe" />
	</machine>
	<machine name="kp80c355">
		<description>K&amp;P 80-column Disk Basic V3.55 (Germany)</description>
		<year>19??</year>
		<publisher>Kersten &amp; Partner</publisher>
		<rom name="kup80z355.mzf" size="33409" crc="11991c57" sha1="82f0386d492fd892193cbb9308b6107ead0f7bcb" />
	</machine>
	<machine name="kpbasic">
		<description>K&amp;P BASIC V1.04</description>
		<year>1984</year>
		<publisher>Kersten &amp; Partner</publisher>
		<rom name="kp dbasic.800b.mzf" size="34944" crc="bece51e4" sha1="78248460a2fd5960420453d72a7258cffdfc0285" />
	</machine>
	<machine name="ksmines">
		<description>King Solomon's Mines</description>
		<year>19??</year>
		<publisher>Solo Software</publisher>
		<rom name="k.s.m. pt. 1.mzf" size="193" crc="63c2c635" sha1="501052ef0b01c2169cb438e3cd9afc98ca31dd6f" />
		<rom name="k.s.m. pt. 2.mzf" size="29461" crc="8ef4de01" sha1="1f00ae547e26c100457e4406a24b7eb23940bc34" />
		<rom name="k.s.m. pt. 3.mzf" size="29461" crc="cc2308cf" sha1="c5c9a7164e599b7fcec34eef723bf6c22750cc8f" />
	</machine>
	<machine name="kuma">
		<description>Kuma Interpreter</description>
		<year>19??</year>
		<publisher>&lt;unknown&gt;</publisher>
		<rom name="kuma interpr..mzf" size="11905" crc="0e1fb28f" sha1="4ab5c35b63a704dc3ea176a7a7861cee64b23296" />
	</machine>
	<machine name="ladybug">
		<description>Lady Bug</description>
		<year>19??</year>
		<publisher>BBG Software</publisher>
		<rom name="lady-bug.mzf" size="18256" crc="4bb2a291" sha1="1b3ecb8924af8b380424368aba6affaf2b957333" />
	</machine>
	<machine name="lemans">
		<description>Le Mans</description>
		<year>19??</year>
		<publisher>&lt;unknown&gt;</publisher>
		<rom name="le mans.mzf" size="17166" crc="bfef7e0b" sha1="1ad73d1e80b3c073f4429d60db47317dc8edf684" />
	</machine>
	<machine name="lightpat">
		<description>Lightning Patrol</description>
		<year>19??</year>
		<publisher>Solo Software</publisher>
		<rom name="lightning patrol.mzf" size="10164" crc="552c516b" sha1="ca00efede327de7508e1282b68910ffb2662ebc9" />
	</machine>
	<machine name="lijnspel">
		<description>Lijnenspel</description>
		<year>19??</year>
		<publisher>&lt;unknown&gt;</publisher>
		<rom name="lijnenspel.mzf" size="441" crc="790a3465" sha1="a68aa49e15b9ca651769fa817a3a6e356d1313f0" />
	</machine>
	<machine name="lissajou">
		<description>Lissajou-Figur (Germany)</description>
		<year>19??</year>
		<publisher>&lt;unknown&gt;</publisher>
		<rom name="demo-lissajou.mzf" size="1697" crc="1102f5d5" sha1="f16e4e8281bf8c64e6d5944bf986f6b032877fa5" />
	</machine>
	<machine name="logov30">
		<description>Bienvenue sous LOGO V3.0 (France)</description>
		<year>1987?</year>
		<publisher>Jean François Campan</publisher>
		<rom name="logo_v30.mzf" size="15488" crc="1c49805f" sha1="fab0632fe498fb36250ef086cd2672266f585458" />
	</machine>
	<machine name="macpac">
		<description>Mac Pac</description>
		<year>1983</year>
		<publisher>Ursoft</publisher>
		<rom name="macpacg\pac-man.mzf" size="8837" crc="a50e8b50" sha1="7f80110b2287a3a8db338e994f0c2c7f2cb73212" />
		<rom name="mac pac.mzf" size="8649" crc="b845be69" sha1="91d8f91ddc9b0cc7b7a6eacd4a1f3bdf85cd47f3" />
	</machine>
	<machine name="madmaze">
		<description>Mad Maze</description>
		<year>19??</year>
		<publisher>BBG Software</publisher>
		<rom name="mad maze.mzf" size="20046" crc="18261cd3" sha1="f661a85bea8fc287111b760bf78192255b9f5577" />
	</machine>
	<machine name="manza">
		<description>Manza (France)</description>
		<year>19??</year>
		<publisher>Jean François Campan</publisher>
		<rom name="manza.mzf" size="11904" crc="079081be" sha1="bc4aaf0eb54f5f07b058b6690cbecee6c9afa2ec" />
	</machine>
	<machine name="matpendu">
		<description>Matpendu (France)</description>
		<year>1986</year>
		<publisher>Jean François Campan</publisher>
		<rom name="math_pendu.mzf" size="5760" crc="9bb0f637" sha1="686c441087af017f3d7cad1579506578ae47ebd1" />
	</machine>
	<machine name="mazeesc">
		<description>Maze Escape</description>
		<year>19??</year>
		<publisher>Solo Software</publisher>
		<rom name="maze escape.mzf" size="4738" crc="45ab6536" sha1="c216e1470398f1040f6113d44c0be5ec1a4ad8c2" />
	</machine>
	<machine name="messing">
		<description>Messing (Netherlands)</description>
		<year>19??</year>
		<publisher>&lt;unknown&gt;</publisher>
		<rom name="messing.mzf" size="3112" crc="ff4508ba" sha1="b08a1d9b8cc2dbf3097cfd796d8731d552508ace" />
	</machine>
	<machine name="misalpha">
		<description>Mission Alpha (France)</description>
		<year>1986</year>
		<publisher>Jean François Campan</publisher>
		<rom name="mission_alpha.mzf" size="25472" crc="1bde34ee" sha1="2a3b9674bc196efcdb41db8286ed590c661c016f" />
	</machine>
	<machine name="misdelta">
		<description>Mission Delta (France)</description>
		<year>19??</year>
		<publisher>Jean François Campan</publisher>
		<rom name="mission_delta.mzf" size="14720" crc="47c0345b" sha1="5feae82aa28ae55348c1122aa15c0a29d39c1583" />
	</machine>
	<machine name="missiona">
		<description>Mission A</description>
		<year>19??</year>
		<publisher>Jean François Campan</publisher>
		<rom name="mission_a.mzf" size="2688" crc="a7593358" sha1="a80fa24a663a932261419b8bd0571ffb5b2f7c54" />
	</machine>
	<machine name="mlsp8002">
		<description>ML SP-8002</description>
		<year>19??</year>
		<publisher>BBG Software</publisher>
		<rom name="ml-sp 8002 bbg.mzf" size="3713" crc="4b6d1616" sha1="611485dd5dd08d6dd7f78cd0c43569259863bea9" />
	</machine>
	<machine name="moleatck">
		<description>Mole Attack</description>
		<year>1982</year>
		<publisher>HAL Laboratory</publisher>
		<rom name="moleatta.mzf" size="4146" crc="11c14b64" sha1="fbb3482690505748cd8193f6ec77794d9d8be942" />
	</machine>
	<machine name="momm">
		<description>Mystery of Munroe Manor</description>
		<year>19??</year>
		<publisher>Solo Software</publisher>
		<rom name="munroe manor.mzf" size="31713" crc="5482373e" sha1="6fdb88a8d9bb7d55acdd505526b12c862b9754e7" />
	</machine>
	<machine name="monitor2">
		<description>Monitor (machine code)</description>
		<year>1984</year>
		<publisher>R. Scharnagl?</publisher>
		<rom name="monitor3.mzf" size="4240" crc="3c80140f" sha1="2a8b036b6f8cbdeb897a12bc69ff890d1acebde1" />
	</machine>
	<machine name="monitor6">
		<description>Monitor 6</description>
		<year>19??</year>
		<publisher>&lt;unknown&gt;</publisher>
		<rom name="monitor6.mzf" size="5482" crc="800455e4" sha1="492ee04b9560667727997527115deae2b3674488" />
	</machine>
	<machine name="monitor">
		<description>Monitor (BASIC)</description>
		<year>1984</year>
		<publisher>R. Scharnagl?</publisher>
		<rom name="monitor.mzf" size="4224" crc="cc78903a" sha1="73289ef8b73cd3151c89e6379b434e2bd0e5c654" />
	</machine>
	<machine name="morpion">
		<description>Morpion (France)</description>
		<year>19??</year>
		<publisher>Jean François Campan</publisher>
		<rom name="morpion.mzf" size="2688" crc="3da53fae" sha1="f0653e2653593aa8e5a687ca717b77d4d0669358" />
	</machine>
	<machine name="morpius">
		<description>Morpius (France)</description>
		<year>19??</year>
		<publisher>Jean François Campan</publisher>
		<rom name="morpius.mzf" size="2176" crc="ce0e4c85" sha1="d0c065f7ebb17bc0ed327292798870955d8d7095" />
	</machine>
	<machine name="moty">
		<description>Moty</description>
		<year>1985</year>
		<publisher>BBG Software</publisher>
		<rom name="moty.mzf" size="47695" crc="73567390" sha1="d5c350a672e91a73bf97ddaadaa994109dab32d6" />
	</machine>
	<machine name="mstrmind">
		<description>Mastermind</description>
		<year>19??</year>
		<publisher>Solo Software</publisher>
		<rom name="mastermind.mzf" size="10182" crc="093892af" sha1="ce19e4e4f14233d37267ae47998491104d7e3c6e" />
	</machine>
	<machine name="mucmac">
		<description>Muc Mac</description>
		<year>19??</year>
		<publisher>BBG Software</publisher>
		<rom name="mucmac700.mzf" size="16585" crc="5a49451e" sha1="b4d3f23019df154e1a7bf5db32388dabf5f43c66" />
	</machine>
	<machine name="musiques">
		<description>Musique Suisse</description>
		<year>19??</year>
		<publisher>&lt;unknown&gt;</publisher>
		<rom name="musique_suisse.mzf" size="3979" crc="c2d839fd" sha1="2262373e3bbcfd70e1610aa4b2c2e0b9fcf3605b" />
	</machine>
	<machine name="mz2z009e">
		<description>Disk BASIC Interpreter MZ-2Z009E V1.0A</description>
		<year>19??</year>
		<publisher>Bernd Krueger-Knauber?</publisher>
		<rom name="mz2z009ed\2z009e.mzf" size="36992" crc="edc7035b" sha1="c4096524f26eb7ec361861fb62f32780fc2ec45e" />
		<rom name="mz2z009ed\auto run.mzf" size="431" crc="dc6d0ef0" sha1="92805c5ffc06a25f4f49f388d488980f2362accf" />
		<rom name="mz2z009ed\fdcopy.mzf" size="9010" crc="28babdfa" sha1="e1256279fceec16c1a7e17941898c450e8e96569" />
		<rom name="mz2z009ed\trans.mzf" size="26750" crc="a4c1c515" sha1="b4384e2034411b832a223c80a31cd40303296815" />
		<rom name="mz-2z009.mzf" size="34431" crc="a7f673e0" sha1="22eccc3bf55d804ebc17a1c002dfc65846ac4966" />
	</machine>
	<machine name="mz5z008">
		<description>BASIC Interpreter MZ-5Z008 V1.0A</description>
		<year>19??</year>
		<publisher>&lt;unknown&gt;</publisher>
		<rom name="mz5z008qd\auto run.mzf" size="382" crc="11711e10" sha1="a96ec8fc7f42f769f481c75c241aca910bb79254" />
		<rom name="mz5z008qd\basic mz-5z008.mzf" size="34431" crc="9af19fa9" sha1="51c7e0ce506019397043ac4f9b07abb522e21eef" />
		<rom name="mz5z008qd\delete.mzf" size="8575" crc="46a38036" sha1="151493c0d3dd316c8ae25c7c662339093f6b5cbe" />
		<rom name="mz5z008qd\qdcopy.mzf" size="7967" crc="2413efcf" sha1="938d7639503ef9614fd3259f27f1f306f1c68ac1" />
		<rom name="mz5z008qd\trans.mzf" size="25795" crc="1f9a6eef" sha1="b2fb093b2d14464d3262e15bf203b6c23cc1efb8" />
		<rom name="unigg\uni700basic.mzf" size="35469" crc="59d85063" sha1="11a9bbd79d4ae0d103b8b28f08b814f8a5852d49" />
		<rom name="basic mz-5z008_2.mzf" size="34431" crc="490e72f3" sha1="791572a2ec8be4a931c68629708834a7c811408a" />
	</machine>
	<machine name="mz7forth">
		<description>MZ-700 Forth</description>
		<year>1983</year>
		<publisher>Sharpsoft</publisher>
		<rom name="mz700 forth1.mzf" size="13953" crc="118f2300" sha1="a8635945d0c264b2a9791adbba05392a2f5af602" />
	</machine>
	<machine name="mz700tut">
		<description>BASIC Sharp MZ-700 Tutorial</description>
		<year>1984</year>
		<publisher>Solo Software</publisher>
		<rom name="bas700tutorial.mzf" size="26249" crc="487231f6" sha1="112c125d1b536cafb3cb61fe94d6659106ab7cbc" />
	</machine>
	<machine name="nakamoto">
		<description>Nakamoto</description>
		<year>19??</year>
		<publisher>&lt;unknown&gt;</publisher>
		<rom name="nakamoto.mzf" size="28977" crc="33becdc4" sha1="598cc23e49f01586965cd21f1cfe2525097445dc" />
	</machine>
	<machine name="nibbler">
		<description>Nibbler</description>
		<year>1984</year>
		<publisher>BBG Software</publisher>
		<rom name="nibbler_part1.mzf" size="34944" crc="aee17b3a" sha1="eda65cf9278e83437d2687aa95ef5e004dc07cc2" />
		<rom name="nibbler_part2.mzf" size="13358" crc="052745b4" sha1="61b8b5b847593b686eebc0a0e4bd5f27a15a16c9" />
	</machine>
	<machine name="nighpark">
		<description>Nightmare Park</description>
		<year>1982</year>
		<publisher>Solo Software</publisher>
		<rom name="nighparkb\nightm_prk.mzf" size="20803" crc="bf063aaf" sha1="a52ed6f7d8490990c91a34f11be76422c730f0fa" />
		<rom name="nightmare park2.mzf" size="20668" crc="ebc21e74" sha1="c6c0347b167126b0bcdf72671d9d1d4aed4a0bfd" />
		<rom name="nightmare park.mzf" size="20656" crc="be8c07e0" sha1="0b3362bf72c67222753c3f8e278a50ec651ac480" />
	</machine>
	<machine name="niteflit">
		<description>Nite Flite</description>
		<year>1984</year>
		<publisher>Solo Software</publisher>
		<rom name="nite flite.mzf" size="25228" crc="f0991a0d" sha1="7776f387ea2f8a4f350a95bbae043507cde29336" />
	</machine>
	<machine name="nombres">
		<description>Apprentissage des Nombres (France)</description>
		<year>19??</year>
		<publisher>Jean François Campan</publisher>
		<rom name="apprentissage_nombres.mzf" size="5248" crc="e7b01f7c" sha1="2f7f669f10260b1a919fd05ee0d33fc96db5d023" />
	</machine>
	<machine name="octopuss">
		<description>Octopussy (France)</description>
		<year>19??</year>
		<publisher>Jean François Campan</publisher>
		<rom name="octopussy.mzf" size="5760" crc="742d5401" sha1="e78bb963a25920ef93ceb70bdfb94923d424ae7c" />
	</machine>
	<machine name="panique">
		<description>Panique (France)</description>
		<year>19??</year>
		<publisher>Jean François Campan</publisher>
		<rom name="panique.mzf" size="6784" crc="20651b41" sha1="40cc592f430552f6aa7bdc9cc7434a9013756cf7" />
	</machine>
	<machine name="parashot">
		<description>Para Shoot</description>
		<year>1983</year>
		<publisher>Solo Software</publisher>
		<rom name="para shoot.mzf" size="7112" crc="cf5e1e1d" sha1="808569f6ffd4014f88403f40bc8c5ce8e5a16cd8" />
	</machine>
	<machine name="patalpha">
		<description>Patrol Alpha</description>
		<year>1983</year>
		<publisher>BBG Software</publisher>
		<rom name="patrol alpha.mzf" size="15830" crc="cdc5462e" sha1="f024fcc7baee47f73cae19acd031541e4cfebc8c" />
	</machine>
	<machine name="pcgaid">
		<description>PCGAID-700 V1.0 (Japan)</description>
		<year>19??</year>
		<publisher>HAL Laboratory</publisher>
		<rom name="pcgaide\pcgaid_europe.mzf" size="4162" crc="40bf7069" sha1="4c528571f93f63e5b94421d4eac5880f2d5fffc1" />
		<rom name="pcgaid.mzf" size="4162" crc="c34ef347" sha1="4319578cdf1aa0d21400c33627701774c0297de6" />
	</machine>
	<machine name="pcgbasic">
		<description>PCG BASIC Interpreter (Germany)</description>
		<year>19??</year>
		<publisher>Ursoft</publisher>
		<rom name="pcg basic.mzf" size="28849" crc="4f190928" sha1="1ee2def8105cecd633d6f68210ece4046f6aec5b" />
	</machine>
	<machine name="pendu">
		<description>Le Pendu (France)</description>
		<year>19??</year>
		<publisher>Jean François Campan</publisher>
		<rom name="pendu.mzf" size="8576" crc="abe4b706" sha1="dbc5f8079daa5f6b535f95497581d32d153a3a97" />
	</machine>
	<machine name="plot">
		<description>MZ700 Plot (Germany)</description>
		<year>1985</year>
		<publisher>RK-Datentechnik</publisher>
		<rom name="mz-700 plot.mzf" size="11226" crc="fa78d9e8" sha1="bced0f6903cc0a6d6fd2b9ffcf581c5b95574b9c" />
	</machine>
	<machine name="poker">
		<description>Poker</description>
		<year>19??</year>
		<publisher>Knight's Computers</publisher>
		<rom name="700 poker.mzf" size="6600" crc="a9d02df8" sha1="6a939f6907adfdc22dfd8b0f2e89d3b3d716abcf" />
	</machine>
	<machine name="printfig">
		<description>Printerfiguren</description>
		<year>19??</year>
		<publisher>&lt;unknown&gt;</publisher>
		<rom name="printerfiguren1.mzf" size="427" crc="3dbeeb8b" sha1="371114f826077bbfc68e7f4238325d8becc9738c" />
	</machine>
	<machine name="puiss4">
		<description>Puissance 4 (France)</description>
		<year>1986</year>
		<publisher>Jean François Campan</publisher>
		<rom name="puissance_4.mzf" size="7808" crc="2975c9a2" sha1="83630db3f4454687a85026c96f4ac7a55ea3fb9a" />
	</machine>
	<machine name="puzzle">
		<description>Puzzle (France)</description>
		<year>19??</year>
		<publisher>Jean François Campan</publisher>
		<rom name="puzzle.mzf" size="15232" crc="d9ceece4" sha1="994380bc5f24ef05044cfa4e33ebd1bd2f54a953" />
	</machine>
	<machine name="qixi">
		<description>Qixi</description>
		<year>1984</year>
		<publisher>BBG Software</publisher>
		<rom name="quixi.mzf" size="21198" crc="0d423204" sha1="666432a33e21b0945c2f4337f0fd89b92722d320" />
	</machine>
	<machine name="raumuhle">
		<description>Raummühle (Germany)</description>
		<year>19??</year>
		<publisher>&lt;unknown&gt;</publisher>
		<rom name="3dmuehle.mzf" size="3217" crc="9da17c5b" sha1="a8f91e63f80f1b93e995d8ba476e83b28343a351" />
	</machine>
	<machine name="realfort">
		<description>RealFortran</description>
		<year>19??</year>
		<publisher>BBG Software</publisher>
		<rom name="realfort.mzf" size="16001" crc="3a683729" sha1="85e02bacc79929459535a6cff94d8e92f8bbf18c" />
	</machine>
	<machine name="rebond">
		<description>Rebond (France)</description>
		<year>1987</year>
		<publisher>Jean François Campan</publisher>
		<rom name="rebond.mzf" size="27776" crc="c3a4b8d8" sha1="8200d5e2253e8ec469480965a16a5d505063c4fd" />
	</machine>
	<machine name="rescplan">
		<description>Rescue Plane</description>
		<year>19??</year>
		<publisher>&lt;unknown&gt;</publisher>
		<rom name="rescue plane.mzf" size="20605" crc="ae0137cd" sha1="c8279f282a41d225c44fa14ef862d376d75cbca6" />
	</machine>
	<machine name="reverse">
		<description>Reverse</description>
		<year>1982</year>
		<publisher>Hudson Soft</publisher>
		<rom name="reverse.mzf" size="7408" crc="3cc6464d" sha1="ed23c7d394afbc809f890377ead11a33d9453c68" />
	</machine>
	<machine name="rr1906">
		<description>Rolls-Royce 1906 Silverghost (Germany?)</description>
		<year>19??</year>
		<publisher>&lt;unknown&gt;</publisher>
		<rom name="rollsroyce1906.mzf" size="9512" crc="6fe27560" sha1="5a075c9a9e6dfe295d4e242d4c835fb3e5fc769a" />
	</machine>
	<machine name="safecrak">
		<description>Safecracker</description>
		<year>1982</year>
		<publisher>Solo Software</publisher>
		<rom name="safe-cracker.mzf" size="8929" crc="cf27eb34" sha1="09364fafd6246d2af8cdcc5313e7bc205a1f6a25" />
	</machine>
	<machine name="sbasicc">
		<description>S-BASIC Compiler</description>
		<year>1984</year>
		<publisher>BBG Software</publisher>
		<rom name="sbasiccdutch1\s-basic-comp-cnt.mzf" size="27520" crc="3d63ad48" sha1="95961dda9e8c2ff8272de8cf09747d02ec772750" />
		<rom name="sbasiccdutch2\s-basic-compiler.mzf" size="27520" crc="2e2e16b9" sha1="bcc0cacef084ede4a5339d0b8fe2f89b443822b4" />
		<rom name="s-basic-compiler-original.mzf" size="27542" crc="6c94ad9f" sha1="a451093eda8fa6e03dc1b82186d95e7394a92626" />
	</machine>
	<machine name="schac700">
		<description>Schach 700 (Germany)</description>
		<year>1984</year>
		<publisher>Hobra Soft</publisher>
		<rom name="schach700.mzf" size="20480" crc="197eba5f" sha1="0bc16ee277149f564443fb12afd562f3f29edb16" />
	</machine>
	<machine name="shogun">
		<description>Shogun</description>
		<year>19??</year>
		<publisher>BBG Software</publisher>
		<rom name="shogun.mzf" size="16338" crc="93108528" sha1="d0247f3e738dfa58d7f3d06f59fb052238236584" />
	</machine>
	<machine name="sinberg">
		<description>Sin-Berg (Germany)</description>
		<year>19??</year>
		<publisher>&lt;unknown&gt;</publisher>
		<rom name="demo sin-berg.mzf" size="1154" crc="e975b2d7" sha1="adad4be627e9d3cdab1203ff2cf9386266c0fdae" />
	</machine>
	<machine name="skychaos">
		<description>Sky Chaos</description>
		<year>19??</year>
		<publisher>&lt;unknown&gt;</publisher>
		<rom name="sky chaos.mzf" size="24921" crc="b7412dcb" sha1="39e5b7e20913eb25f178d06467b338f609c939e1" />
	</machine>
	<machine name="smonitor">
		<description>Sub-Monitor 700</description>
		<year>19??</year>
		<publisher>&lt;unknown&gt;</publisher>
		<rom name="sub-monitor-700.mzf" size="4224" crc="b482d378" sha1="d347284ccd4880e59dd3224798142217ec45f956" />
	</machine>
	<machine name="sosz80">
		<description>SOSZ80 Fortran V1.0</description>
		<year>19??</year>
		<publisher>&lt;unknown&gt;</publisher>
		<rom name="fortransosz80.mzf" size="12417" crc="1f274461" sha1="0a47cf8884c27ae79c898fdce14d72dafc2f7fbf" />
	</machine>
	<machine name="soudard">
		<description>Soudard (France)</description>
		<year>19??</year>
		<publisher>Jean François Campan</publisher>
		<rom name="soudard.mzf" size="5504" crc="9900dacd" sha1="11fdc09260accacb0d0228d5d0c0866f255855b0" />
	</machine>
	<machine name="sp4015">
		<description>Interpreter PASCAL SP-4015</description>
		<year>19??</year>
		<publisher>&lt;unknown&gt;</publisher>
		<rom name="sp4015c\pascal sp-4015_c.mzf" size="16512" crc="9a530859" sha1="ff0b36b62efa8d7dc86969da8c235996cbff6fad" />
		<rom name="sp4015qd\qd-pascal_c.mzf" size="16513" crc="d236ba38" sha1="fa0c5cfc70826a5d1f6c69b8fdba4ec56e05f84d" />
		<rom name="pascal sp-4015.mzf" size="16512" crc="7530565b" sha1="796faa1ce799b6e488166f43bf55356eabe8cdd5" />
	</machine>
	<machine name="spacific">
		<description>South Pacific</description>
		<year>19??</year>
		<publisher>Jean François Campan</publisher>
		<rom name="south_pacific.mzf" size="17024" crc="13e5f4d7" sha1="cfb2b29a5ae5f6664fa87592acb1a8b1d2cfa625" />
	</machine>
	<machine name="spadata">
		<description>SPA Data (Germany)</description>
		<year>1983</year>
		<publisher>Solo Software</publisher>
		<rom name="spa data.mzf" size="11005" crc="1a4ae23d" sha1="104d53300934005471079ce2fabe2e5827d7b859" />
	</machine>
	<machine name="specdbug">
		<description>Spectrum Debugger V1.1R (Czechoslovakia)</description>
		<year>1991</year>
		<publisher>Proton Software</publisher>
		<rom name="s-master.mzf" size="11077" crc="b759422c" sha1="5e8652e31470d0875252838975743538437f547c" />
	</machine>
	<machine name="spoker">
		<description>Strip Poker</description>
		<year>1986</year>
		<publisher>Jean François Campan</publisher>
		<rom name="strip_poker.mzf" size="16768" crc="3c0a9ebc" sha1="489ce40abc6ab6b64cd8a809ea466ef57e48c14b" />
	</machine>
	<machine name="squash">
		<description>Squash (Germany)</description>
		<year>19??</year>
		<publisher>BBG Software</publisher>
		<rom name="squash 700.mzf" size="5098" crc="01e0a8d4" sha1="345eebea5c497fec30d0ac03830274755090dabf" />
	</machine>
	<machine name="srasf">
		<description>Suicide Run and Space Fighter</description>
		<year>19??</year>
		<publisher>Knight's Computers</publisher>
		<rom name="space fighter.mzf" size="5164" crc="de494a0c" sha1="37250c450f25f5046e3ea5b28bb865650ffd15d8" />
		<rom name="suicide run.mzf" size="3109" crc="9d6e0f22" sha1="ba44bd9999904e3e890a11cd797be104769cfb30" />
	</machine>
	<machine name="ssufo">
		<description>UFO (Solo Software)</description>
		<year>19??</year>
		<publisher>Solo Software</publisher>
		<rom name="ufo.mzf" size="8050" crc="6d821a57" sha1="4a688d114f15d7910693b1fc714c926454c5d26b" />
	</machine>
	<machine name="starfght">
		<description>Star Fighter</description>
		<year>19??</year>
		<publisher>Jean François Campan</publisher>
		<rom name="star_fighter.mzf" size="6784" crc="db54bfe9" sha1="4ebfb1522dab32c190c60a9db0f5989f0a72f6db" />
	</machine>
	<machine name="startrek">
		<description>Star Trek</description>
		<year>1982</year>
		<publisher>Solo Software</publisher>
		<rom name="startrek.mzf" size="15099" crc="0214ccce" sha1="560e1bf2322ce647e00c39b4989349ae05241dd7" />
	</machine>
	<machine name="subshoot">
		<description>Submarine Shooter</description>
		<year>1983</year>
		<publisher>Hudson Soft</publisher>
		<rom name="submarine shooter.mzf" size="19322" crc="c263bfd6" sha1="c56fda3aba5d2c2a76772f8e6a9e2ca759133b10" />
	</machine>
	<machine name="superspy">
		<description>Super Spy (Netherlands)</description>
		<year>19??</year>
		<publisher>Erik van Hattum</publisher>
		<rom name="super spy_obj.mzf" size="22854" crc="eb884baf" sha1="99b78750697a8222f3a48d7be0aa74b7df4c1be4" />
	</machine>
	<machine name="supinvdr">
		<description>Superior Space Invader</description>
		<year>1983</year>
		<publisher>P. Dormand</publisher>
		<rom name="space_invaders.mzf" size="21888" crc="38438e14" sha1="ab758a95305c022ef796f866b52bc98da1d12b02" />
	</machine>
	<machine name="suprbndt">
		<description>Super Bandit</description>
		<year>19??</year>
		<publisher>&lt;unknown&gt;</publisher>
		<rom name="super-bandit.mzf" size="23814" crc="ef9eb1a4" sha1="c31ff65ac8fd61c2c87e174e95f5232f089d0dcc" />
	</machine>
	<machine name="suprheli">
		<description>Super Helicopter</description>
		<year>19??</year>
		<publisher>Nag Soft</publisher>
		<rom name="super helicopter.mzf" size="16834" crc="97528bce" sha1="81cbc0e16fbff868531eb0a2efee492b8f7da1ca" />
	</machine>
	<machine name="suprtypn">
		<description>Lichtkrantspel (Netherlands)</description>
		<year>19??</year>
		<publisher>Henk Barten</publisher>
		<rom name="supertypen.mzf" size="35327" crc="30418d21" sha1="dc6edec978278d297682ee30b8b3acb80780a2be" />
	</machine>
	<machine name="suprvrac">
		<description>Super Vrac (France)</description>
		<year>19??</year>
		<publisher>Jean François Campan</publisher>
		<rom name="super_vrac.mzf" size="6272" crc="a33a5dd8" sha1="fa310529b825290c9dbdea647d6a9315aa9892e7" />
	</machine>
	<machine name="sutam1f">
		<description>SUTAM1F</description>
		<year>19??</year>
		<publisher>&lt;unknown&gt;</publisher>
		<rom name="sutam1f.mzf" size="4480" crc="f9b44b41" sha1="7bdad0d3d4c6345679c0385058ea23786dab99f9" />
	</machine>
	<machine name="sutamc9">
		<description>SUTAMC9</description>
		<year>19??</year>
		<publisher>&lt;unknown&gt;</publisher>
		<rom name="sutapemo\sutapemo.mzf" size="1616" crc="5ef2fa2c" sha1="d16ec89129427f570fcc94661cc6496b6a2d2673" />
		<rom name="sutamc9.mzf" size="1616" crc="4c76c19d" sha1="55559e8d5e39c9fbbee6bcceb17a9a30694f3cca" />
	</machine>
	<machine name="sysxpert">
		<description>Systeme Expert (France)</description>
		<year>1989</year>
		<publisher>Jean François Campan</publisher>
		<rom name="systeme_expert.mzf" size="11136" crc="34e6ea88" sha1="bfa7aef85c3f8ee8a347b4b210fedf8a1dc80c1b" />
	</machine>
	<machine name="tapeworm">
		<description>Tape Worm</description>
		<year>1983</year>
		<publisher>BBG Software</publisher>
		<rom name="tapeworm.mzf" size="20044" crc="1fe0ac7a" sha1="002ea9ebf4b489724a50e19a0d8a1e725cadf3e7" />
	</machine>
	<machine name="telefon">
		<description>Telefontarieven (Netherlands)</description>
		<year>1987?</year>
		<publisher>NOS</publisher>
		<rom name="telefontarieven.mzf" size="22349" crc="511086d7" sha1="38a6f069830f825af07463e0b1434e20e6940c28" />
	</machine>
	<machine name="tomahawk">
		<description>Tomahawk (Germany)</description>
		<year>19??</year>
		<publisher>Hiroshi Masuko</publisher>
		<rom name="tomahawk.mzf" size="20353" crc="2304a6b4" sha1="334981fe23cc1977f86354871ebb72b20dfa66a8" />
	</machine>
	<machine name="tracker">
		<description>Tracker</description>
		<year>1982</year>
		<publisher>Solo Software</publisher>
		<rom name="tracker.mzf" size="4939" crc="7965da44" sha1="ed0599f59620c2fbfa1ffa742370ee586c0c5522" />
	</machine>
	<machine name="trucker">
		<description>Trucker</description>
		<year>19??</year>
		<publisher>Solo Software</publisher>
		<rom name="trucker.mzf" size="16543" crc="a0b4bcd3" sha1="a73ba6a2a86af00cd8a153ee13883b521da9cbc0" />
	</machine>
	<machine name="typen">
		<description>Typevaardigheid (Netherlands)</description>
		<year>19??</year>
		<publisher>Henk Barten</publisher>
		<rom name="typen.mzf" size="26944" crc="18649219" sha1="a55df4f632cab4560b8bb487395e47900aa9e5e3" />
	</machine>
	<machine name="urania2">
		<description>Urania II (France)</description>
		<year>1984</year>
		<publisher>Jean François Campan</publisher>
		<rom name="urania_ii.mzf" size="18048" crc="f13a4a5b" sha1="ebebbd2242b92639d3ffc1d5ee847a494b7eb9d2" />
	</machine>
	<machine name="urasz80">
		<description>URAS-Z80 V1.1 (Germany)</description>
		<year>19??</year>
		<publisher>&lt;unknown&gt;</publisher>
		<rom name="uras-700.mzf" size="8577" crc="9277ac3a" sha1="1534b509d8574142fd4eaf26026b2f199412b626" />
	</machine>
	<machine name="vol676">
		<description>Vol 676 (France)</description>
		<year>1986</year>
		<publisher>Jean François Campan</publisher>
		<rom name="vol_676.mzf" size="27520" crc="c8e07921" sha1="0feeecdde67ef12db0a4e8e6d489837c534c9a22" />
	</machine>
	<machine name="vragend">
		<description>Vragend Maken (Netherlands)</description>
		<year>1984?</year>
		<publisher>NOS</publisher>
		<rom name="vragendmaken.mzf" size="23522" crc="9621e4ed" sha1="d138f25e4f1ec562be1c83d4cde1551e9021b814" />
	</machine>
	<machine name="vviper">
		<description>Vicious Viper</description>
		<year>19??</year>
		<publisher>Knight's Computers</publisher>
		<rom name="vicious viper.mzf" size="3423" crc="801a08f3" sha1="8c24591be0e092148ce1feba49a51125e9345e0d" />
	</machine>
	<machine name="wizcastl">
		<description>Wizards Castle</description>
		<year>1983</year>
		<publisher>Knight's Computers</publisher>
		<rom name="wizard castle.mzf" size="21062" crc="08661823" sha1="eb19181a08b781752f50e5ce19ae15daa67ff6b5" />
	</machine>
	<machine name="wndrhous">
		<description>Wonder House (Japan)</description>
		<year>1983</year>
		<publisher>Task Forts Kochi</publisher>
		<rom name="wonderhouse.mzf" size="28307" crc="c99d1276" sha1="491b988334b0aa58b5c03eaca1954a0bf8773975" />
	</machine>
	<machine name="wooky">
		<description>Wooky</description>
		<year>19??</year>
		<publisher>BBG Software</publisher>
		<rom name="wookya.mzf" size="7529" crc="a18ba08d" sha1="9056c1b2200f86a3a08c1e18df977243883b539e" />
		<rom name="wookyb.mzf" size="47744" crc="55e002c8" sha1="2c0c8cff60ac4c8c89f613523cb3ab22eac8a13a" />
	</machine>
	<machine name="xanagram">
		<description>Xanagrams</description>
		<year>1983</year>
		<publisher>Dean Software</publisher>
		<rom name="xanagrams.mzf" size="39106" crc="3bb485ed" sha1="53b6ac78e3084f13e55c5736027d6a994aa2d43c" />
	</machine>
	<machine name="xbc">
		<description>XBC F V1.02</description>
		<year>1987</year>
		<publisher>BBG Software</publisher>
		<rom name="xbcmod\xbc.mzf" size="31408" crc="6a322758" sha1="74be58aa476b99dc1bcf6d5c306e5320f1c65269" />
		<rom name="xbc f 1_02.mzf" size="31488" crc="26acda5e" sha1="fc099cf7713bff86e590cebc2bdfde694065d05e" />
	</machine>
	<machine name="yams">
		<description>Y.A.M.S. (France)</description>
		<year>19??</year>
		<publisher>Jean François Campan</publisher>
		<rom name="yams.mzf" size="15232" crc="0a7dec34" sha1="aa56420b65f65e0a5ec6a5453c0516c4842420f0" />
	</machine>
	<machine name="z80dis">
		<description>Z80 Disassembleur V1.1 (France)</description>
		<year>1989</year>
		<publisher>Jean François Campan</publisher>
		<rom name="z80_desassembleur.mzf" size="5248" crc="0c71f2be" sha1="2874d2d516c24090d146b56c087f9e69b1c98295" />
	</machine>
	<machine name="zen">
		<description>Zen</description>
		<year>1983</year>
		<publisher>Multisoft</publisher>
		<rom name="zen.mzf" size="5120" crc="c4c61b6d" sha1="759f6ab2032cadf2312ac1595028dfd1afa4603e" />
	</machine>
</datafile>