<?xml version="1.0" encoding="utf-8"?>
<!DOCTYPE datafile PUBLIC "-//Logiqx//DTD ROM Management Datafile//EN" "http://www.logiqx.com/Dats/datafile.dtd">
<datafile>
	<header>
		<name>n64_lodgenet</name>
		<description>LodgeNet 64 software</description>
		<version>0.267</version>
		<author>Pleasuredome</author>
	</header>
	<machine name="1080snow">
		<description>1080° Snowboarding</description>
		<year>1998</year>
		<publisher>Nintendo</publisher>
		<rom name="nteg00.z64" size="16777216" crc="67e010d2" sha1="7266eef53af8f2c21f3e3288258121f97eddfa7e" status="baddump" />
	</machine>
	<machine name="dk64">
		<description>Donkey Kong 64</description>
		<year>1999</year>
		<publisher>Nintendo</publisher>
		<rom name="ndog00.z64" size="33554432" crc="acba2248" sha1="f39476827ccf7f03707de5d79949559a4dac390b" status="baddump" />
	</machine>
	<machine name="drmar64">
		<description>Dr. Mario 64</description>
		<year>2001</year>
		<publisher>Nintendo</publisher>
		<rom name="nn6g00.z64" size="4194304" crc="dd5190ee" sha1="e63b10abfaa37aa8c7f37643d6d4e82fadb511fe" status="baddump" />
	</machine>
	<machine name="eeerase">
		<description>eeerase</description>
		<year>19??</year>
		<publisher>LodgeNet</publisher>
		<rom name="eeerase.z64" size="1179648" crc="2d5bc167" sha1="bcb439e41a997ee459a0b792cbbfe4a765894d67" status="baddump" />
	</machine>
	<machine name="excitb64">
		<description>Excitebike 64 (USA)</description>
		<year>2000</year>
		<publisher>Nintendo</publisher>
		<rom name="nmxg00.z64" size="16777216" crc="a1895884" sha1="3a043dc4c8b1351ca56c3ab9bb061bd7fa99c312" status="baddump" />
	</machine>
	<machine name="fzerox">
		<description>F-Zero X</description>
		<year>1998</year>
		<publisher>Nintendo</publisher>
		<rom name="nfzg00.z64" size="16777216" crc="1c753f3f" sha1="2a7cd80ce10a654f3844c602268d66cdbe78230d" status="baddump" />
	</machine>
	<machine name="gauntleg">
		<description>Gauntlet Legends</description>
		<year>1999</year>
		<publisher>Midway</publisher>
		<rom name="ngxg02.z64" size="16777216" crc="1f030279" sha1="45a8d42e17993d1009c858d1847b311197b04f8c" status="baddump" />
	</machine>
	<machine name="hydroth">
		<description>Hydro Thunder</description>
		<year>2000</year>
		<publisher>Midway</publisher>
		<rom name="nhtg01.z64" size="33554432" crc="1ec49934" sha1="30794eb5c1c6a22fbb9dd530f22d153163a6ccda" status="baddump" />
	</machine>
	<machine name="kirby64">
		<description>Kirby 64 - The Crystal Shards</description>
		<year>2000</year>
		<publisher>Nintendo</publisher>
		<rom name="nk4g00.z64" size="33554432" crc="70ba28e4" sha1="f615c6e10d1044c944bd4965c5471bb3f1cf5c5b" status="baddump" />
	</machine>
	<machine name="marioglf">
		<description>Mario Golf</description>
		<year>1999</year>
		<publisher>Nintendo</publisher>
		<rom name="nmfg00.z64" size="33554432" crc="1c256575" sha1="47c5f700940bb65be1145e7d6543ddf1a816ddda" status="baddump" />
	</machine>
	<machine name="mariokrt">
		<description>Mario Kart 64</description>
		<year>1997</year>
		<publisher>Nintendo</publisher>
		<rom name="nktg00.z64" size="12582912" crc="407edef1" sha1="5b0a0c8b57881f43f9314b427a84d29a46a12607" status="baddump" />
	</machine>
	<machine name="mariopr3">
		<description>Mario Party 3</description>
		<year>2001</year>
		<publisher>Nintendo</publisher>
		<rom name="nmvg00.z64" size="33554432" crc="9f929c0f" sha1="9be79ddb66a6306dec7404e934c6d9fe454f42f4" status="baddump" />
	</machine>
	<machine name="marioten">
		<description>Mario Tennis</description>
		<year>2000</year>
		<publisher>Nintendo</publisher>
		<rom name="nm8g00.z64" size="16777216" crc="02af0a24" sha1="1f76e775c5f2e247d6550aecc2666149c6025989" status="baddump" />
	</machine>
	<machine name="midwaygh">
		<description>Midway's Greatest Arcade Hits Vol. 1</description>
		<year>2000</year>
		<publisher>Midway</publisher>
		<rom name="naig01.z64" size="4194304" crc="f3c48bb7" sha1="a36131328ad707800f6841289cdede17b3b9ee16" status="baddump" />
	</machine>
	<machine name="mk4">
		<description>Mortal Kombat 4</description>
		<year>1998</year>
		<publisher>Midway</publisher>
		<rom name="nm4g01.z64" size="16777216" crc="ea494c11" sha1="535429836cfd4b6f533dd6dda540a19286613518" status="baddump" />
	</machine>
	<machine name="ntetris">
		<description>The New Tetris</description>
		<year>1999</year>
		<publisher>Nintendo</publisher>
		<rom name="nrig00.z64" size="12582912" crc="d3523b37" sha1="cf52ba144788ecc9c1f7cfd61d7878c6173b1ef6" status="baddump" />
	</machine>
	<machine name="papermar">
		<description>Paper Mario</description>
		<year>2000</year>
		<publisher>Nintendo</publisher>
		<rom name="nmqg00.z64" size="67108864" crc="f845af4e" sha1="c54905138e67daaddc6def94e76f626c4fbc81f7" status="baddump" />
	</machine>
	<machine name="pilotwin">
		<description>Pilotwings 64</description>
		<year>1996</year>
		<publisher>Nintendo</publisher>
		<rom name="npwg01.z64" size="8388608" crc="29fa9832" sha1="580d65f3d5cae595bf7c62456ff6ea60a4595798" status="baddump" />
	</machine>
	<machine name="pokesnap">
		<description>Pokémon Snap</description>
		<year>1999</year>
		<publisher>Nintendo</publisher>
		<rom name="npfg00.z64" size="16777216" crc="8347c9bc" sha1="b624c57e4d9e7851b422475a200fe72a300e3b1c" status="baddump" />
	</machine>
	<machine name="r2rumble">
		<description>Ready 2 Rumble Boxing</description>
		<year>1999</year>
		<publisher>Midway</publisher>
		<rom name="nrdg01.z64" size="33248096" crc="6d8dab04" sha1="2ad70a3243a20cd02d24103a2717c90654c173ac" status="baddump" />
	</machine>
	<machine name="rampage2">
		<description>Rampage 2 - Universal Tour</description>
		<year>1998</year>
		<publisher>Midway</publisher>
		<rom name="n2pg01.z64" size="12582912" crc="c28afc5e" sha1="0a6c390b7d1a96b93fc28faa3b11cf18400b1773" status="baddump" />
	</machine>
	<machine name="rush2">
		<description>Rush 2 - Extreme Racing USA</description>
		<year>1998</year>
		<publisher>Midway</publisher>
		<rom name="nr2g02.z64" size="12582912" crc="c7e9d391" sha1="1556edd66c54bf6ec200915ac4265f078c1555a2" status="baddump" />
	</machine>
	<machine name="sm64u">
		<description>Super Mario 64</description>
		<year>1996</year>
		<publisher>Nintendo</publisher>
		<rom name="nsmg00.z64" size="8388608" crc="35c02d9f" sha1="37f5ed5394d885de2aff705074bd76ddc95d3cc9" status="baddump" />
	</machine>
	<machine name="smashbro">
		<description>Super Smash Bros.</description>
		<year>1999</year>
		<publisher>Nintendo</publisher>
		<rom name="nalg00.z64" size="16777216" crc="1c001a5d" sha1="a0aea7d219443209c6580a501601d3151c58d3ac" status="baddump" />
	</machine>
	<machine name="starfox">
		<description>Star Fox 64</description>
		<year>1997</year>
		<publisher>Nintendo</publisher>
		<rom name="nfxg01.z64" size="12582912" crc="637a422d" sha1="1b759465439297fbbe21c19df0924d8e75b1aa5a" status="baddump" />
	</machine>
	<machine name="swrogue">
		<description>Star Wars - Rogue Squadron</description>
		<year>1998</year>
		<publisher>LucasArts</publisher>
		<rom name="nrsg00.z64" size="16777216" crc="b31c4197" sha1="80cdebe735d21589b692157633aae4be0b98c08e" status="baddump" />
	</machine>
	<machine name="vchess">
		<description>Virtual Chess 64</description>
		<year>1998</year>
		<publisher>Titus</publisher>
		<rom name="nvcg02.z64" size="4194304" crc="ac7aa76d" sha1="90a012eb6a0cb1ac158492a6c2683f181c5b0205" status="baddump" />
	</machine>
	<machine name="vpool">
		<description>Virtual Pool 64</description>
		<year>1998</year>
		<publisher>Crave Entertainment</publisher>
		<rom name="nvrg03.z64" size="4194304" crc="b58fc734" sha1="b595e31c1599d52ef363c974ea54e52f201795f2" status="baddump" />
	</machine>
	<machine name="waverace">
		<description>Wave Race 64</description>
		<year>1996</year>
		<publisher>Nintendo</publisher>
		<rom name="nwrg11.z64" size="8388608" crc="6def22dc" sha1="895c70d2280d5d6cc0bd7013a135c21b688f9f80" status="baddump" />
	</machine>
	<machine name="yoshisto">
		<description>Yoshi's Story</description>
		<year>1997</year>
		<publisher>Nintendo</publisher>
		<rom name="nysg00.z64" size="16777216" crc="19a7091e" sha1="f489a3cdef729cd1ade23996096fe88501e75079" status="baddump" />
	</machine>
	<machine name="zeldamaj">
		<description>The Legend of Zelda - Majora's Mask</description>
		<year>2000</year>
		<publisher>Nintendo</publisher>
		<rom name="nzsg00.z64" size="33554432" crc="e4b47e08" sha1="ecabc86f0de743c02ba3fa0c83ab163538b00be9" status="baddump" />
	</machine>
	<machine name="zeldaoot">
		<description>The Legend of Zelda - Ocarina of Time</description>
		<year>1998</year>
		<publisher>Nintendo</publisher>
		<rom name="czlg00.z64" size="33554432" crc="c4d2ac1d" sha1="86ff85565e0e4f78d56f50e73df51ba29d36738a" status="baddump" />
	</machine>
</datafile>