<?xml version="1.0" encoding="utf-8"?>
<!DOCTYPE datafile PUBLIC "-//Logiqx//DTD ROM Management Datafile//EN" "http://www.logiqx.com/Dats/datafile.dtd">
<datafile>
	<header>
		<name>nes_kstudio</name>
		<description>Nintendo Entertainment System - Karaoke Studio expansion cartridges</description>
		<version>0.267</version>
		<author>Pleasuredome</author>
	</header>
	<machine name="top20v1">
		<description>Karaoke Studio - Senyou Cassette - Top Hit 20 Vol. 1 (Jpn)</description>
		<year>1987</year>
		<publisher>Bandai</publisher>
		<rom name="karaoke studio senyou cassette vol. 1 (japan).prg" size="131072" crc="7dda2982" sha1="4a5f9af0a810dba95a2ba82c4c23a07adbbe845f" status="baddump" />
	</machine>
	<machine name="top20v2">
		<description>Karaoke Studio - Senyou Cassette - Top Hit 20 Vol. 2 (Jpn)</description>
		<year>1988</year>
		<publisher>Bandai</publisher>
		<rom name="karaoke studio senyou cassette vol. 2 (japan).prg" size="131072" crc="66473923" sha1="8a64ac421c82c8bc0c47e8fb28890ba13a086d56" status="baddump" />
	</machine>
</datafile>