<?xml version="1.0" encoding="utf-8"?>
<!DOCTYPE datafile PUBLIC "-//Logiqx//DTD ROM Management Datafile//EN" "http://www.logiqx.com/Dats/datafile.dtd">
<datafile>
	<header>
		<name>orion_cart</name>
		<description>Orion-128 &amp; Pro cartridges</description>
		<version>0.267</version>
		<author>Pleasuredome</author>
	</header>
	<machine name="ordos403">
		<description>ORDOS403</description>
		<year>19??</year>
		<publisher>&lt;unknown&gt;</publisher>
		<rom name="ordos403.bin" size="2048" crc="57ff308a" sha1="8cb33f4b3ce9918d16fdbcd27cd3228938a82915" />
	</machine>
	<machine name="romdisk">
		<description>ROMDISK</description>
		<year>19??</year>
		<publisher>&lt;unknown&gt;</publisher>
		<rom name="romdisk.bin" size="56736" crc="852b143d" sha1="ff9942c3396ef17d4c6e979f77ef291c690b3547" />
	</machine>
</datafile>