<?xml version="1.0" encoding="utf-8"?>
<!DOCTYPE datafile PUBLIC "-//Logiqx//DTD ROM Management Datafile//EN" "http://www.logiqx.com/Dats/datafile.dtd">
<datafile>
	<header>
		<name>orionpro_flop</name>
		<description>OrionPro disk images</description>
		<version>0.267</version>
		<author>Pleasuredome</author>
	</header>
	<machine name="bascom">
		<description>BASCOM</description>
		<year>19??</year>
		<publisher>&lt;unknown&gt;</publisher>
		<rom name="soft__bascom_pushkov__bascom.odi" size="819200" crc="94a6de7e" sha1="34cbb8ce720d3aff35ff021d74514b25263869e0" />
	</machine>
	<machine name="basic">
		<description>BASIC__P3</description>
		<year>19??</year>
		<publisher>&lt;unknown&gt;</publisher>
		<rom name="soft__basic__p3.odi" size="819200" crc="e6189f5c" sha1="bb24e68afc37897e0b70c3feaf43926fdbf2a749" />
	</machine>
	<machine name="bios210">
		<description>ROM_210_1__BIOS-210</description>
		<year>19??</year>
		<publisher>&lt;unknown&gt;</publisher>
		<rom name="system__rom_210_1__bios-210.odi" size="819200" crc="1916190c" sha1="704fb8f30a33dc8e28311768de1b2c86af715999" />
	</machine>
	<machine name="corona10">
		<description>CORONA10__P4</description>
		<year>19??</year>
		<publisher>&lt;unknown&gt;</publisher>
		<rom name="soft__corona10__p4.odi" size="819200" crc="52022a60" sha1="b22293950f17b2397bf084afc0c5f38f7017fdf2" />
	</machine>
	<machine name="corona22">
		<description>CORONA22</description>
		<year>19??</year>
		<publisher>&lt;unknown&gt;</publisher>
		<rom name="soft__corona22.odi" size="819200" crc="7b68c7df" sha1="0c798584d6590eaa9c6f057370f2bca1177f704f" />
	</machine>
	<machine name="corona">
		<description>CORONA__P4</description>
		<year>19??</year>
		<publisher>&lt;unknown&gt;</publisher>
		<rom name="error404-1_disks_pro__corona__p4.odi" size="819200" crc="52022a60" sha1="b22293950f17b2397bf084afc0c5f38f7017fdf2" />
	</machine>
	<machine name="cpmutil">
		<description>UTILS_CPM__DISK01P</description>
		<year>19??</year>
		<publisher>&lt;unknown&gt;</publisher>
		<rom name="error404-1_disks_pro__utils_cpm__disk01p.odi" size="819200" crc="f216b157" sha1="aab948dd9bd19de18fd864468b36e12a547bb56a" />
	</machine>
	<machine name="disk01p">
		<description>DISK01P</description>
		<year>19??</year>
		<publisher>&lt;unknown&gt;</publisher>
		<rom name="disk01p.odi" size="819200" crc="df89e2b3" sha1="4b1ca5c4657c16c277738120a412cf2138ccab5a" />
	</machine>
	<machine name="docbiosa">
		<description>DOC_3__Bios_pro</description>
		<year>19??</year>
		<publisher>&lt;unknown&gt;</publisher>
		<rom name="doc_doc_3__bios_pro.odi" size="819200" crc="ab7c0b28" sha1="e94fa5811919a2a7c42e5a8f4ade3a7c4e929d5c" />
	</machine>
	<machine name="docbiosp">
		<description>DOC_BIOS_PRO</description>
		<year>19??</year>
		<publisher>&lt;unknown&gt;</publisher>
		<rom name="doc_doc_2__bios_pro.odi" size="819200" crc="dd5caf42" sha1="36c418a255923e7137a5be72787cb9f746dfba96" />
	</machine>
	<machine name="docp20">
		<description>DOC_2__P20</description>
		<year>19??</year>
		<publisher>&lt;unknown&gt;</publisher>
		<rom name="doc_doc_2__p20.odi" size="819200" crc="dd5caf42" sha1="36c418a255923e7137a5be72787cb9f746dfba96" />
	</machine>
	<machine name="ibmdisk">
		<description>IBM-DISK</description>
		<year>19??</year>
		<publisher>&lt;unknown&gt;</publisher>
		<rom name="utils__ibm-disk.odi" size="819200" crc="79f84962" sha1="3f153034d9f8ca2dffda87638f1c18961ea2bf73" />
	</machine>
	<machine name="m80">
		<description>M80__P5</description>
		<year>19??</year>
		<publisher>&lt;unknown&gt;</publisher>
		<rom name="soft__m80__p5.odi" size="819200" crc="fe9872d0" sha1="0713d96ded956a20aff1a55f5001a38c0c360ef0" />
	</machine>
	<machine name="massn">
		<description>MASSM</description>
		<year>19??</year>
		<publisher>&lt;unknown&gt;</publisher>
		<rom name="soft__massm_pushkov__massm.odi" size="819200" crc="4aed60cd" sha1="fe4a6fedc01adc03ce875ca3a636350df6640a08" />
	</machine>
	<machine name="multifnt">
		<description>MultiFont20_MULTIFNT</description>
		<year>19??</year>
		<publisher>&lt;unknown&gt;</publisher>
		<rom name="soft__multifont20_pushkov__multifnt.odi" size="829440" crc="90fc7aec" sha1="109fe16d66ff3fc1b03409d708f82f7662bf4144" />
	</machine>
	<machine name="pas1">
		<description>PAS-1</description>
		<year>19??</year>
		<publisher>&lt;unknown&gt;</publisher>
		<rom name="soft__pas-1.odi" size="829440" crc="986f187b" sha1="1aff357779dc1c6639870ef66abc7b374603c7d4" />
	</machine>
	<machine name="prodos1">
		<description>PRODOS_101__P1</description>
		<year>19??</year>
		<publisher>&lt;unknown&gt;</publisher>
		<rom name="error404-1_disks_pro__prodos_101__p1.odi" size="819200" crc="7e31d286" sha1="8696a28b8a00396a2d7e69dbae66bd2ca4bd2c4a" />
	</machine>
	<machine name="prodos2">
		<description>PRODOS_200__PRODOS20</description>
		<year>19??</year>
		<publisher>&lt;unknown&gt;</publisher>
		<rom name="error404-1_disks_pro__prodos_200__prodos20.odi" size="819200" crc="b3411437" sha1="690655f73c6f0eca59fb5b88f97be875a2760b18" />
	</machine>
	<machine name="prodos20">
		<description>PRODOS20</description>
		<year>19??</year>
		<publisher>&lt;unknown&gt;</publisher>
		<rom name="prodos20.odi" size="819200" crc="f9db9796" sha1="a7b7d5c482d43629f2f07bde29fe487bb56b7a9c" />
	</machine>
	<machine name="prodosa">
		<description>PRODOS_101_1__P1</description>
		<year>19??</year>
		<publisher>&lt;unknown&gt;</publisher>
		<rom name="system__prodos_101_1__p1.odi" size="819200" crc="5c33177e" sha1="014620a8b051c8913844c4ad4e6987d5a9590afb" />
	</machine>
	<machine name="prodosb">
		<description>PRODOS_200__P1-PRO</description>
		<year>19??</year>
		<publisher>&lt;unknown&gt;</publisher>
		<rom name="system__prodos_200__p1-pro.odi" size="819200" crc="c30983b6" sha1="4ca322eb91ce3db9a213c4f456281b7be88b8f96" />
	</machine>
	<machine name="prorom">
		<description>PRO_ROM_100__PRO_V100</description>
		<year>19??</year>
		<publisher>&lt;unknown&gt;</publisher>
		<rom name="error404-1_disks_pro__pro_rom_100__pro_v100.odi" size="819200" crc="9495c1d0" sha1="cc33b1a289785febdb62528859d6aecc38eabd4f" />
	</machine>
	<machine name="prosoft">
		<description>PRO_Soft__P3</description>
		<year>19??</year>
		<publisher>&lt;unknown&gt;</publisher>
		<rom name="error404-1_disks_pro__pro_soft__p3.odi" size="819200" crc="e6189f5c" sha1="bb24e68afc37897e0b70c3feaf43926fdbf2a749" />
	</machine>
	<machine name="protp30d">
		<description>PRO_TP30_Doc__P2</description>
		<year>19??</year>
		<publisher>&lt;unknown&gt;</publisher>
		<rom name="error404-1_disks_pro__pro_tp30_doc__p2.odi" size="819200" crc="688b9068" sha1="423ed31e21cebfa301d688dbca3608bbf7fbc660" />
	</machine>
	<machine name="protp30">
		<description>PRO_TP30__P02</description>
		<year>19??</year>
		<publisher>&lt;unknown&gt;</publisher>
		<rom name="error404-1_disks_pro__pro_tp30__p02.odi" size="819200" crc="fb4341e4" sha1="a0fa66c8757f9959734de412d512d03d318fdc0e" />
	</machine>
	<machine name="softsoun">
		<description>SOUND</description>
		<year>19??</year>
		<publisher>&lt;unknown&gt;</publisher>
		<rom name="soft__sound_pushkov__sound.odi" size="819200" crc="471e107a" sha1="f7e2b43b73556b6aa29fd2fd5b52ca78ab5eacba" />
	</machine>
	<machine name="src210">
		<description>ROM_210_Src__LIST-5</description>
		<year>19??</year>
		<publisher>&lt;unknown&gt;</publisher>
		<rom name="system__rom_210_src__list-5.odi" size="819200" crc="609089f4" sha1="0bd6879b9ab42379218657f541a6141b6cbe3e7c" />
	</machine>
	<machine name="tbasic41">
		<description>TBASIC410_TBAS-PRO</description>
		<year>19??</year>
		<publisher>&lt;unknown&gt;</publisher>
		<rom name="soft__tbasic410_pushkov__tbas-pro.odi" size="829440" crc="e306c505" sha1="69c2def53fdf7ea349df6c3f01ba362b813f91bd" />
	</machine>
	<machine name="textpic1">
		<description>Text &amp; Pics__31</description>
		<year>19??</year>
		<publisher>&lt;unknown&gt;</publisher>
		<rom name="textpics__pro_1__31.odi" size="819200" crc="6efcf796" sha1="8b4fe9a52b4b0bc1866d5255b05fc169883f3f35" />
	</machine>
	<machine name="textpic2">
		<description>TextPics__Pro_2__28</description>
		<year>19??</year>
		<publisher>&lt;unknown&gt;</publisher>
		<rom name="textpics__pro_2__28.odi" size="819200" crc="1ea263ba" sha1="6e6e21a2eef6919751e912067a92fa8479d62031" />
	</machine>
	<machine name="tpasc30">
		<description>TPAscal30_1__P02</description>
		<year>19??</year>
		<publisher>&lt;unknown&gt;</publisher>
		<rom name="soft__tpascal30_1__p02.odi" size="819200" crc="fb4341e4" sha1="a0fa66c8757f9959734de412d512d03d318fdc0e" />
	</machine>
	<machine name="tpascpro">
		<description>TPAscalPro_TURBOPRO</description>
		<year>19??</year>
		<publisher>&lt;unknown&gt;</publisher>
		<rom name="soft__tpascalpro_pushkov__turbopro.odi" size="819200" crc="413906af" sha1="446c20066627d4bb29df2776fa75570bb122c37f" />
	</machine>
</datafile>