<?xml version="1.0" encoding="utf-8"?>
<!DOCTYPE datafile PUBLIC "-//Logiqx//DTD ROM Management Datafile//EN" "http://www.logiqx.com/Dats/datafile.dtd">
<datafile>
	<header>
		<name>pc1000</name>
		<description>VTech PreComputer 1000 cartridges</description>
		<version>0.267</version>
		<author>Pleasuredome</author>
	</header>
	<machine name="biblekno">
		<description>Bible Knowledge</description>
		<year>1988</year>
		<publisher>VTech</publisher>
		<rom name="27-5410-00.ic1" size="131072" crc="fc1fa151" sha1="54cd1311aa9f58607836b152826e782de6bfe098" />
	</machine>
	<machine name="cgen2">
		<description>Connaissances Generales II</description>
		<year>1989</year>
		<publisher>VTech</publisher>
		<rom name="27-5040-00-0.u1" size="131072" crc="4eb76fe6" sha1="99d3ad729b7eb784558dba50a38a80cf154a9b30" />
	</machine>
	<machine name="encyclop">
		<description>Encyclopedie</description>
		<year>1989</year>
		<publisher>VTech</publisher>
		<rom name="27-5040-00-0.u1" size="131072" crc="4eb76fe6" sha1="99d3ad729b7eb784558dba50a38a80cf154a9b30" />
	</machine>
	<machine name="explor">
		<description>Explorations</description>
		<year>1991</year>
		<publisher>VTech</publisher>
		<rom name="27-5410-00.ic1" size="131072" crc="fc1fa151" sha1="54cd1311aa9f58607836b152826e782de6bfe098" />
	</machine>
	<machine name="fantasyt">
		<description>Fantasy Trivia</description>
		<year>1988</year>
		<publisher>VTech</publisher>
		<rom name="LH531G34.ic1" size="131072" crc="ec1c2c18" sha1="09ff0dbdbe679ed5ae2bd312d271be3d32bf252f" />
	</machine>
	<machine name="ftp">
		<description>Famous Things &amp; Places</description>
		<year>1992</year>
		<publisher>VTech</publisher>
		<rom name="LH531G30" size="131072" crc="3a0722b8" sha1="1ebc0ca41dddff8f4ef1e5a0f7986c4e5b5cfdd5" />
	</machine>
	<machine name="ftpa">
		<description>Famous Things &amp; Places Alt</description>
		<year>1992</year>
		<publisher>VTech</publisher>
		<rom name="LH531G30" size="131072" crc="3a0722b8" sha1="1ebc0ca41dddff8f4ef1e5a0f7986c4e5b5cfdd5" />
	</machine>
	<machine name="generala">
		<description>General Knowledge 2 Alt</description>
		<year>1988</year>
		<publisher>VTech</publisher>
		<rom name="LH531G35.ic1" size="131072" crc="36f87983" sha1="505b564a01056ba33cc366cede761ce59d92d16e" />
	</machine>
	<machine name="generalk">
		<description>General Knowledge 2</description>
		<year>1988</year>
		<publisher>VTech</publisher>
		<rom name="LH531G34.ic1" size="131072" crc="ec1c2c18" sha1="09ff0dbdbe679ed5ae2bd312d271be3d32bf252f" />
	</machine>
	<machine name="speller">
		<description>Pre-Computer Speller</description>
		<year>1988</year>
		<publisher>VTech</publisher>
		<rom name="27-00867-000.ic1" size="131072" crc="71c54de1" sha1="9b0d253d286e6353c5e6113d07f5cfe4fe77d889" />
	</machine>
	<machine name="sportstr">
		<description>Sports Trivia</description>
		<year>1988</year>
		<publisher>VTech</publisher>
		<rom name="LH531G35.ic1" size="131072" crc="36f87983" sha1="505b564a01056ba33cc366cede761ce59d92d16e" />
	</machine>
	<machine name="supers">
		<description>Super Science</description>
		<year>1991</year>
		<publisher>VTech</publisher>
		<rom name="LH531G08.ic1" size="131072" crc="e311c7ea" sha1="8403675984043b0abeaa71a8496cb050c84a05b7" />
	</machine>
	<machine name="supersa">
		<description>* Super Science *</description>
		<year>1991</year>
		<publisher>VTech</publisher>
		<rom name="LH531G08.ic1" size="131072" crc="e311c7ea" sha1="8403675984043b0abeaa71a8496cb050c84a05b7" />
	</machine>
</datafile>