<?xml version="1.0" encoding="utf-8"?>
<!DOCTYPE datafile PUBLIC "-//Logiqx//DTD ROM Management Datafile//EN" "http://www.logiqx.com/Dats/datafile.dtd">
<datafile>
	<header>
		<name>pc88va</name>
		<description>NEC PC-88VA disk images</description>
		<version>0.267</version>
		<author>Pleasuredome</author>
	</header>
	<machine name="88va2d">
		<description>88VA2 Demo</description>
		<year>19??</year>
		<publisher>NEC</publisher>
		<rom name="88va1td\88va1 tentou demo.d88" size="1331888" crc="a0d11833" sha1="0e99c7154c5e118e416daf7668db2a630634ab78" />
		<rom name="pc88vad\pc88-va demo.d88" size="1296112" crc="56097ca5" sha1="833ef5f645fbaf1683b53d423e506a2f72e1e83e" />
		<rom name="nec pc-88va2 demo.d88" size="1331888" crc="ca33e185" sha1="7895ffebce522bacef50397b23414e09bce7e9d0" />
	</machine>
	<machine name="abunaten">
		<description>Abunai Tengu Densetsu</description>
		<year>1989</year>
		<publisher>アリスソフト (Alicesoft)</publisher>
		<rom name="disk a.xdf" size="1261568" crc="7614c8af" sha1="eeea190cf882eb91b55965553cf3bac64f09dee0" />
		<rom name="disk b.xdf" size="1261568" crc="9e83829f" sha1="e171236054d08b78b30657a3f7132e179de9a0cf" />
		<rom name="disk c.xdf" size="1261568" crc="9d536580" sha1="feb812332d2119196558cffde50a5ef1272a4c37" />
	</machine>
	<machine name="animefrm">
		<description>Anime Framer (v1.0)</description>
		<year>1987</year>
		<publisher>NEC</publisher>
		<rom name="paint\paint - data disk.d88" size="1331888" crc="73739619" sha1="60f493e7ab24ad8fc57367224a994b0ecf0ad5e2" />
		<rom name="paint\paint - prog disk.d88" size="1331888" crc="08107401" sha1="aab13d4437358f0fac7adec31cf83d1a22608616" />
		<rom name="animeframer - data disk.d88" size="1338960" crc="9b5cd907" sha1="80f1558a3d5c6d21d1c42d8325ae55e320674ef7" />
		<rom name="animeframer - prog disk.d88" size="1338960" crc="2eff589a" sha1="a385f97c7f38579af3320a8d0505f000134e7493" />
	</machine>
	<machine name="ballbrkr">
		<description>Balloon Breaker</description>
		<year>1996</year>
		<publisher>&lt;doujin&gt;</publisher>
		<rom name="balloon breaker.d88" size="1331888" crc="352d976e" sha1="c56f916f84673539bf29d6fc564e69b4d4b82484" />
	</machine>
	<machine name="boomer">
		<description>Boomering</description>
		<year>1996</year>
		<publisher>&lt;doujin&gt;</publisher>
		<rom name="boomering.d88" size="1331888" crc="11b2a411" sha1="299d971e36b03ce6fbd9ffa13d45019936461c4c" />
	</machine>
	<machine name="cresmoon">
		<description>Crescent Moon Girl</description>
		<year>1989</year>
		<publisher>アリスソフト (Alicesoft)</publisher>
		<rom name="disk a.xdf" size="1261568" crc="ccebcb01" sha1="fc6c8913c9e0fc70b0983d0d2dc8837e441ae567" />
		<rom name="disk b.xdf" size="1261568" crc="702de57e" sha1="1d7bfbcb3a2543abfadec1a5d999386994763384" />
		<rom name="disk c.xdf" size="1261568" crc="d1c56921" sha1="7a8d496fc94167b99cc8cc5b590e5dab8f453d05" />
	</machine>
	<machine name="dps">
		<description>D.P.S - Dream Program System</description>
		<year>1989</year>
		<publisher>アリスソフト (Alicesoft)</publisher>
		<rom name="disk a.xdf" size="1261568" crc="f6078845" sha1="f1695e9b313daba8a93ee2d74aefe833262078f4" />
		<rom name="disk b.xdf" size="1261568" crc="224d3faf" sha1="300cf05020e91069c0fd54d2d992e5b7acccd1c9" />
	</machine>
	<machine name="dpssg2">
		<description>D.P.S. SG 2 - Dream Program System SG Set 2</description>
		<year>1991</year>
		<publisher>アリスソフト (Alicesoft)</publisher>
		<rom name="scenario 1.xdf" size="1261568" crc="d1bdb2bf" sha1="ea58a504414d0824ddd9adc23ca504a974573f26" />
		<rom name="scenario 2.xdf" size="1261568" crc="10250dff" sha1="550696eb596e0c3ffbb670d2fd003faf664866d5" />
		<rom name="scenario 3.xdf" size="1261568" crc="b8d09260" sha1="d4067d8c87e3fe6f66396145edeb64fdcbe22842" />
		<rom name="system.xdf" size="1261568" crc="509433e8" sha1="db9f073f6afb379c4b7d79f8b685048951421eb2" />
	</machine>
	<machine name="dpssg3">
		<description>D.P.S. SG 3 - Dream Program System SG Set 3</description>
		<year>1991</year>
		<publisher>アリスソフト (Alicesoft)</publisher>
		<rom name="scenario 1.xdf" size="1261568" crc="03631feb" sha1="f13f294c47993cff8d8a87baa481170a697c9cd5" />
		<rom name="scenario 2.xdf" size="1261568" crc="0c58a147" sha1="2c009163532b104757e119a20d947b91469aaad6" />
		<rom name="scenario 3.xdf" size="1261568" crc="4ebe2833" sha1="d29eaad46e44af04d140f4ee18262490e46f1b79" />
		<rom name="system.xdf" size="1261568" crc="509433e8" sha1="db9f073f6afb379c4b7d79f8b685048951421eb2" />
	</machine>
	<machine name="dpssg">
		<description>D.P.S. SG - Dream Program System SG</description>
		<year>1990</year>
		<publisher>アリスソフト (Alicesoft)</publisher>
		<rom name="scenario 1.xdf" size="1261568" crc="a96f5768" sha1="3b84125f81d610ba218a2df9aab163d044ee84d4" />
		<rom name="scenario 2.xdf" size="1261568" crc="030bbe44" sha1="7fe3bd38370c67fbd80c9b069299abcf914c45ab" />
		<rom name="scenario 3.xdf" size="1261568" crc="ee47af10" sha1="3db3f994df5701ec2811c4f628ca7552845a07ab" />
		<rom name="system.xdf" size="1261568" crc="94af1a60" sha1="b662d9024b23aef819eaf95826cd56cc9a517e70" />
	</machine>
	<machine name="famist89a">
		<description>Family Stadium '89 - Pennant Race Hen</description>
		<year>19??</year>
		<publisher>ゲームアーツ (Game Arts)</publisher>
		<rom name="famista89_1.d88" size="1298608" crc="9c7766fe" sha1="00d3db6035ba07183066fe928dfd7a2753f76229" />
		<rom name="famista89_2.d88" size="1298608" crc="4304ec90" sha1="a9b2632c3dacacdbec10277797a05d256d7befc2" />
		<rom name="famista89_u.d88" size="1331888" crc="11ee32e8" sha1="959205c410d24db3cca3ceb147d57a8b94aa20bf" />
	</machine>
	<machine name="famista">
		<description>Family Stadium</description>
		<year>19??</year>
		<publisher>ゲームアーツ (Game Arts)</publisher>
		<rom name="famist89\family stadium pennant race ban (va) (disk 1).d88" size="1281968" crc="fd71b310" sha1="48e72d453a49cba1e6c31b7a1cdfe8ac2b0d01ad" />
		<rom name="famist89\family stadium pennant race ban (va) (disk 2).d88" size="1281968" crc="d7f86e0f" sha1="d5ebf14ae42e39f964c6eb5c69db12d2d9d7a926" />
		<rom name="famista_1.d88" size="1281968" crc="3c78e2e7" sha1="1040b1d79052df93e4a1b3a6ed019098c8c2ad46" />
		<rom name="famista_2.d88" size="1281968" crc="29cfa16a" sha1="2a343ef96852ae882730cfe340cb130d48f17bc5" />
		<rom name="famista_u.d88" size="1331888" crc="d2623a5e" sha1="b57bb896488e62c6d1c5bd20acf97d4f9f805a0c" />
	</machine>
	<machine name="fray">
		<description>Fray - In Magical Adventure</description>
		<year>1991</year>
		<publisher>マイクロキャビン (Micro Cabin)</publisher>
		<rom name="fray - in magical adventure (disk 1).fdi" size="1261568" crc="3a88990a" sha1="252e2589bb8c12800cdd678508b0abd868d0ab83" />
		<rom name="fray - in magical adventure (disk 2).fdi" size="1261568" crc="9cbfb7b4" sha1="b040e4ed4e3e516effb1f6997b0f766f4b376ab4" />
		<rom name="fray - in magical adventure (disk 3).fdi" size="1261568" crc="9f79f4bb" sha1="2d3ebbaa844bd451190d899a7f53829b07b830eb" />
		<rom name="fray - in magical adventure (disk 4).fdi" size="1261568" crc="c074800a" sha1="bf114221bdcc8e6545c4566ae58cea1af324aa9a" />
	</machine>
	<machine name="harehare">
		<description>Hare Hare Yukai</description>
		<year>2006</year>
		<publisher>&lt;doujin&gt;</publisher>
		<rom name="harehare1.d88" size="1331888" crc="1488f784" sha1="96f93801318ed850f1074fb5f050420d098d85b5" />
		<rom name="harehare2.d88" size="1331888" crc="61d820e5" sha1="ff667f767e9a27be286053bc198eb0855925e7e8" />
	</machine>
	<machine name="hatisora">
		<description>Hati no Sora de</description>
		<year>1994</year>
		<publisher>&lt;doujin&gt;</publisher>
		<rom name="hati sora.d88" size="1298608" crc="bdee6770" sha1="445ba8da78cce7fd3c4d1bce263d8c8edd88849d" />
	</machine>
	<machine name="illcity">
		<description>Illusion City - Genei Toshi</description>
		<year>1992</year>
		<publisher>マイクロキャビン (Micro Cabin)</publisher>
		<rom name="disk 1.fdi" size="1265664" crc="6c28f456" sha1="b9595c3798b0faf5152df79f1ea1c74ce3a07672" />
		<rom name="disk 2.fdi" size="1265664" crc="408aba76" sha1="5770ff0dc637776d6cb5e30cd4a128fb783befa3" />
		<rom name="disk 3.fdi" size="1265664" crc="da57a623" sha1="3fbd4cdeccf99e531b34dfe5a3fe890966307fa8" />
		<rom name="disk 4.fdi" size="1265664" crc="cfb2c03b" sha1="b7397ef886811f71927d53c6d940167f01147b9d" />
		<rom name="disk 5.fdi" size="1265664" crc="1187eea4" sha1="7ad2a757460adaff37d73c59287b941241d1e160" />
		<rom name="disk 6.fdi" size="1265664" crc="3256197f" sha1="26a46c2f6124c569b3586e6b9dd97e521460bc0e" />
		<rom name="disk 7.fdi" size="1265664" crc="2b71cca8" sha1="60b32fe6816be8a9b0b35d9b779ab5baa2fac8af" />
		<rom name="user disk.fdi" size="1265664" crc="c1c566df" sha1="0211d36ee53453122d6e2df604d5fdf6c9bfba3a" />
	</machine>
	<machine name="micromus">
		<description>Micro Musician VA</description>
		<year>1989</year>
		<publisher>Music Network</publisher>
		<rom name="micromusician va.d88" size="1331888" crc="f2ff8069" sha1="a201a60330c701f1f2021b73664582e535dc9b7e" />
	</machine>
	<machine name="midgarts">
		<description>Mid Garts (VA patched?)</description>
		<year>19??</year>
		<publisher>ウルフチーム (WolfTeam)</publisher>
		<rom name="mid garts patched va (disk 1).d88" size="415824" crc="6cb7ccd5" sha1="9f67454ef4b87b09857db6bbd482600dbe074beb" />
		<rom name="mid garts patched va (disk 2).d88" size="415824" crc="ff34f309" sha1="9e9668e0f6c601aaa4d2544fed5255e5b1704e8c" />
		<rom name="mid garts patched va (disk 3).d88" size="415824" crc="c486a06d" sha1="bac326f7d482609f7ce23f72063b59dbe7592673" />
		<rom name="mid garts patched va (disk 4).d88" size="415824" crc="b7266c42" sha1="00485820f0f68a3de794db07b643e49f453b5fff" />
		<rom name="mid garts patched va (disk 5).d88" size="415824" crc="1019066c" sha1="daf53434cf0ffc6423262a343ed7df5c434dd921" />
	</machine>
	<machine name="mightmag">
		<description>Might &amp; Magic</description>
		<year>198?</year>
		<publisher>スタークラフト (Starcraft)</publisher>
		<rom name="might &amp; magic(diska_userdisk) (star craft).d88" size="1094592" crc="de68bba5" sha1="d6be57c867a3cca8b694bc2b129705c653ae44da" />
		<rom name="might &amp; magic(diskb_gamedisk) (star craft).d88" size="1100592" crc="7f4ea9d9" sha1="afe55877a8899fea022b5d3bd0a38adb4580fb0a" />
		<rom name="might &amp; magic(diskc_bootdisk) (star craft).d88" size="1331888" crc="f3c56b5e" sha1="ab39d96aa7a5446a8cb8b929978f6211746d02bc" />
	</machine>
	<machine name="mightmg2">
		<description>Might &amp; Magic Book 2</description>
		<year>1984</year>
		<publisher>スタークラフト (Starcraft)</publisher>
		<rom name="might &amp; magic book2 (bootdisk) (star craft).d88" size="1296112" crc="0f851010" sha1="3cb58c9effa7bb75292905e81bc8cce5039ad6e7" />
		<rom name="might &amp; magic book2 (playerdisk) (star craft).d88" size="1100592" crc="ddc7d79b" sha1="b61870c6bb206e2fc25f182b576259e634017ca4" />
		<rom name="might &amp; magic book2 (programdisk) (star craft).d88" size="1094592" crc="53efd8fc" sha1="c16b11fc3e404e0fde29ec1dce0d81cd494c3317" />
		<rom name="might &amp; magic book2 (utilitydisk) (star craft).d88" size="1100592" crc="0cb2ccd5" sha1="ff409a7e280f16cd348f53924e993360eb9a93cb" />
	</machine>
	<machine name="olteus">
		<description>Olteus</description>
		<year>1987</year>
		<publisher>ウインキーソフト (Winky Soft)</publisher>
		<rom name="olteusa\olteus (1987)(winky)(disk 4 of 4)(disk d).d88" size="1296112" crc="100cd5d1" sha1="749cd61ca25e084b40037835fbabdfada9ead884" />
		<rom name="olteus(diska) (winky soft).d88" size="1281968" crc="76546093" sha1="5c4bf120c1822e76aaf5a2cf0afc8c62226f8d82" />
		<rom name="olteus(diskb) (winky soft).d88" size="1281968" crc="45f32c19" sha1="1a91a7bf441917e361ab4b9d1f6609a1101be1fc" />
		<rom name="olteus(diskc) (winky soft).d88" size="1281968" crc="46eabfee" sha1="1f5ce27138186775d94f0aa980a53fb1a5f6ac07" />
		<rom name="olteus(diskd) (winky soft).d88" size="1296112" crc="246bae5b" sha1="b18eed01265eed7229788b7226130b5042c61c73" />
	</machine>
	<machine name="pacman">
		<description>Pac-Man</description>
		<year>19??</year>
		<publisher>&lt;doujin&gt;</publisher>
		<rom name="pacmana\pacmana.d88" size="1281968" crc="14ecc6d5" sha1="a0d4b7fa7c68323a8542d3739782d216ffab85a6" />
		<rom name="pacman.d88" size="1331888" crc="9198eae1" sha1="2abf462b72c29e2ff56ea7c1401836f01b97dfe1" />
	</machine>
	<machine name="pceva2tb">
		<description>PC-Engine (VA2 Tenpu-ban)</description>
		<year>1988</year>
		<publisher>NEC</publisher>
		<rom name="pce11\pc-engine 1.1 os.d88" size="1331888" crc="17d2e121" sha1="b88095cae4238a68833435ac0e3414081cb5a13b" status="baddump" />
		<rom name="pc-engine (va2 tenpu-ban).d88" size="1338960" crc="3c2cf3c5" sha1="e92694e060f46037fd2cdf11ad1f2d75c5121de2" />
	</machine>
	<machine name="rance2">
		<description>Rance 2 - Hangyaku no Shojo-tachi</description>
		<year>1990</year>
		<publisher>アリスソフト (Alicesoft)</publisher>
		<rom name="adisk.xdf" size="1261568" crc="959d531e" sha1="8bfa67e8290f195f6325cc03ff667a7c935958ba" />
		<rom name="bdisk.xdf" size="1261568" crc="c51e2d10" sha1="3e82f90249ec3545a67758970e018d297ffb8f23" />
		<rom name="cdisk.xdf" size="1261568" crc="473aaf1c" sha1="e3bc65950531df8dda0e5392323cebb6cb92c44f" />
		<rom name="ddisk.xdf" size="1261568" crc="b84fdce5" sha1="ba80bdd9d32cda0713abfc7259c841237463a512" />
		<rom name="edisk.xdf" size="1261568" crc="df3de612" sha1="0cec33872aa32c1451a0741064a1db86f92ebfd7" />
		<rom name="fdisk.xdf" size="1261568" crc="0d9a2891" sha1="834cd1495d36217fb0e7d19814abd3ea387d4fc0" />
	</machine>
	<machine name="rance">
		<description>Rance - Hikari wo Motomete</description>
		<year>1989</year>
		<publisher>アリスソフト (Alicesoft)</publisher>
		<rom name="disk a.xdf" size="1261568" crc="7512d4ff" sha1="a442213bf7330548ef012f3e0623b1df5fb2142e" />
		<rom name="disk b.xdf" size="1261568" crc="fa088a6f" sha1="7ddcace8d5e42a75b0ca30f262f71159844ee69d" />
		<rom name="disk c.xdf" size="1261568" crc="5e571192" sha1="cc6ecbb63be4c201e0634c85d0883173f983e879" />
		<rom name="disk d.xdf" size="1261568" crc="80c44e64" sha1="497bff6513c4fba5d193f06df95009dc2c154370" />
	</machine>
	<machine name="rogueall">
		<description>Rogue Alliance</description>
		<year>198?</year>
		<publisher>スタークラフト (Starcraft)</publisher>
		<rom name="rogue alliance(bootdisk) (star craft).d88" size="1331888" crc="4f7b8123" sha1="e9143d1ba3c600d11ea8f6952ad0e68e8a769d03" />
		<rom name="rogue alliance(playdisk) (star craft).d88" size="1128880" crc="eefc9724" sha1="350ec250eb63a080322e79f2509eae7efd6a109b" />
		<rom name="rogue alliance(programdisk) (star craft).d88" size="1122880" crc="9dd5846b" sha1="86f494dda6d6498df3635cb028461c8ccc1069d7" />
	</machine>
	<machine name="rtype">
		<description>R-Type</description>
		<year>1988</year>
		<publisher>NEC</publisher>
		<rom name="r-type(disk1) (irem).d88" size="1296112" crc="5d24bb7f" sha1="2f8ee8495ebc68dae466e753c7e38c0df4c654b8" />
		<rom name="r-type(disk2) (irem).d88" size="1296112" crc="041d6155" sha1="b72d4ed6a031bfa0e1900dd012effc811a8169c1" />
	</machine>
	<machine name="shanghai">
		<description>Shanghai</description>
		<year>1986</year>
		<publisher>システムソフト (System Soft)</publisher>
		<rom name="shang-hai (system soft).d88" size="1296112" crc="b567190e" sha1="68ca3d14e0ea12637c5f7b1c2244f0370c3abc5e" />
	</machine>
	<machine name="shinraba">
		<description>Shinra Bansho</description>
		<year>1987</year>
		<publisher>日本テレネット (Nihon Telenet)</publisher>
		<rom name="shinra bansho(diska) (nihon telenet).d88" size="1331888" crc="6983feed" sha1="0f834209d82ab13832f63f82aeafa9854b5621e6" />
		<rom name="shinra bansho(diskb) (nihon telenet).d88" size="1296112" crc="1ee8acdf" sha1="4e0cab59ec6707f848b28b056040be835e2357ed" />
	</machine>
	<machine name="sorcer">
		<description>Sorcerian</description>
		<year>1988</year>
		<publisher>日本ファルコム (Nihon Falcom)</publisher>
		<rom name="gilgasor\sorcerian va (gilgamesh)(nihon falcom).d88" size="761008" crc="e673cee3" sha1="626478f821cdf65173b05cb2c5843d4c926de47e" />
		<rom name="sorcerexp2\sorcerian va (tsuika2)(nihon falcom).d88" size="761008" crc="93591936" sha1="af95aca8214ffaa81573914c9b1cc2c053b324c6" />
		<rom name="sorcerexp3\sorcerian va (tsuika3)(nihon falcom).d88" size="760608" crc="87323c96" sha1="87cef8d3c1aa600be5c327feb49b2140d53c6316" />
		<rom name="sorcerexp4\sorcerian va (uchu)(nihon falcom).d88" size="761008" crc="e75a4fd5" sha1="067c2811e59f5ce1d366826b8595409382133407" />
		<rom name="sorcerexp\sorcerian va (tsuika1)(nihon falcom).d88" size="761008" crc="0080de65" sha1="e801ea413590ba409def2a947668bf64a81ed4c4" />
		<rom name="sorcersel1\sorcerian va (selected1)(takeru_brother).d88" size="761008" crc="b1e06658" sha1="c5ee1cc25b58943b0632e27db8885bf737a95dc4" />
		<rom name="sorcersel2\sorcerian va (selected2)(takeru_brother).d88" size="761008" crc="5e80f8c8" sha1="4b1438280bdd9e71dfed1b9d7beed948a2c69816" />
		<rom name="sorcersel3\sorcerian va (selected3)(takeru_brother).d88" size="761008" crc="d881c9cf" sha1="418297a8a79b7fd4808490c57820202d327bc217" />
		<rom name="sorcersel4\sorcerian va (selected4)(takeru_brother).d88" size="761008" crc="f4bb4c53" sha1="5e34d329427b2d350e90f287e2d28fd7ef16fa05" />
		<rom name="sorcersel5\sorcerian va (selected5)(takeru_brother).d88" size="761008" crc="cc7b491a" sha1="720774039653a48325d7cd5e32dbfe536ff44016" />
		<rom name="sorcerutil\sorcerian va (utility)(nihon falcom).d88" size="761008" crc="a41c948c" sha1="86a8c260901e42f72d066f3d95a703dbcde23584" />
		<rom name="sorcerian va (program)(nihon falcom).d88" size="761008" crc="b6184dce" sha1="1b465063194faffa634006aaaa76cdffa4d9529e" />
		<rom name="sorcerian va (scenario#1)(nihon falcom).d88" size="761008" crc="ae710257" sha1="500c3800e89e62580a8e766e4ea7ed702673d505" />
		<rom name="sorcerian va (scenario#2)(nihon falcom).d88" size="761008" crc="f41929f4" sha1="184d81ebf43627b0a3d4361477b757845b6e637e" />
		<rom name="sorcerian va (scenario#3)(nihon falcom).d88" size="761008" crc="53f6e8fe" sha1="86f86a1fbc783634fbcae292fff53af1f49cff8c" />
		<rom name="sorcerian va (user)(nihon falcom).d88" size="761008" crc="bf940215" sha1="41800b49186e3145c44b105d8c2a84c7c09c358e" />
	</machine>
	<machine name="tetris">
		<description>Tetris</description>
		<year>1988</year>
		<publisher>B·P·S (Bullet-Proof Software)</publisher>
		<rom name="tetris.mfm" size="3481685" crc="2edafe52" sha1="1a93282d59f56517ac2d4a8aa3fa323611c8c67a" />
	</machine>
	<machine name="upo">
		<description>Saishuu Heiki UPO (Pre-Release)</description>
		<year>1992</year>
		<publisher>&lt;doujin&gt;</publisher>
		<rom name="upo.d88" size="1289040" crc="cfbcfdda" sha1="0b57d9c9df6c4186339f484794905417ea0dccb4" />
	</machine>
	<machine name="xak2">
		<description>Xak II</description>
		<year>1990</year>
		<publisher>マイクロキャビン (Micro Cabin)</publisher>
		<rom name="xak 2 (disk 1).d88" size="1281968" crc="cd855b7a" sha1="508e25ca306631be64e69e476d49116e7ac04bce" />
		<rom name="xak 2 (disk 2).d88" size="1281968" crc="3927cdcf" sha1="555daba18a61ea2219b5685a850b512dea085cf2" status="baddump" />
		<rom name="xak 2 (disk 3).d88" size="1281968" crc="42e25779" sha1="897b62c7fdb604f5bb729e0aeb183566e08c4e33" status="baddump" />
	</machine>
</datafile>