<?xml version="1.0" encoding="utf-8"?>
<!DOCTYPE datafile PUBLIC "-//Logiqx//DTD ROM Management Datafile//EN" "http://www.logiqx.com/Dats/datafile.dtd">
<datafile>
	<header>
		<name>pokemini</name>
		<description>Nintendo Pokemini cartridges</description>
		<version>0.267</version>
		<author>Pleasuredome</author>
	</header>
	<machine name="pichubro">
		<description>Pichu Bros. Mini (Jpn)</description>
		<year>2002</year>
		<publisher>Nintendo</publisher>
		<rom name="pichu bros. mini (japan).bin" size="524288" crc="00d8c968" sha1="6f9bded4842b451102083d181db9deac2a7696e4" />
	</machine>
	<machine name="pichuhop">
		<description>Pichu Bros. Mini - Hoppip's Jump Match (Jpn, Preview)</description>
		<year>2002</year>
		<publisher>Nintendo</publisher>
		<rom name="pichu bros. mini - hoppip's jump match (japan) (preview).bin" size="524288" crc="be22866a" sha1="1c928c1e989f37751536494e1e843ed01c7f2c93" />
	</machine>
	<machine name="pichunts">
		<description>Pichu Bros. Mini - Netsukikyuu (Jpn, Preview)</description>
		<year>2002</year>
		<publisher>Nintendo</publisher>
		<rom name="pichu bros. mini - netsukikyuu (japan) (preview).bin" size="524288" crc="a22d00a7" sha1="041b6bea48d316eb63efcf930a9bda0dd3bd6618" />
	</machine>
	<machine name="pichuskt">
		<description>Pichu Bros. Mini - Skateboard (Jpn, Preview)</description>
		<year>2002</year>
		<publisher>Nintendo</publisher>
		<rom name="pichu bros. mini - skateboard (japan) (preview).bin" size="524288" crc="dec65262" sha1="b36ed9e3c86d37b128bcefbeb6088c4c66f11c52" />
	</machine>
	<machine name="pokerace">
		<description>Pokémon Race Mini (Jpn)</description>
		<year>2002</year>
		<publisher>Nintendo</publisher>
		<rom name="pokeracep\pokemon race mini (japan) (preview).bin" size="524288" crc="8f731830" sha1="6b8dbaa68ede37e64a22ee4b1cbb722f038cf5b5" />
		<rom name="pokemon race mini (japan).bin" size="524288" crc="f8c842b5" sha1="12bfbd2c8a810b49338148feb6162e29a540ac3a" />
	</machine>
	<machine name="pokesoda">
		<description>Pokémon Sodateyasan Mini (Jpn)</description>
		<year>2002</year>
		<publisher>Nintendo</publisher>
		<rom name="pokemon sodateyasan mini (japan).bin" size="524288" crc="d55fc4c8" sha1="3b87d4d61ba3db92190b6ffa055f463adea2363c" />
	</machine>
	<machine name="pokezcrd">
		<description>Pokémon Zany Cards (Aus, Euro, USA)</description>
		<year>2001</year>
		<publisher>Nintendo</publisher>
		<rom name="pokeacrd\pokemon anime card daisakusen (japan).bin" size="524288" crc="199d7ab1" sha1="2c3aee0d0db8b4a80083732b8db07b0cc72608a8" />
		<rom name="pokezcrdf\pokemon zany cards (france).bin" size="524288" crc="830da957" sha1="7a8b3f6a3751cd39431d822fa3a8016ffd2d26d8" />
		<rom name="pokezcrdg\pokemon zany cards (germany).bin" size="524288" crc="c009d501" sha1="0922e0147ff097e56d5ec98bf66ef050539329fa" />
		<rom name="cards_u.bin" size="524288" crc="8a2fc063" sha1="f34909ed7d1c1d432819ff774c0767ebfa42fb84" />
	</machine>
	<machine name="pparty">
		<description>Pokémon Party Mini (Euro)</description>
		<year>2001</year>
		<publisher>Nintendo</publisher>
		<rom name="ppartyj\party_j.bin" size="524288" crc="ae2dde60" sha1="4db4568b990077c21320b50dee6a3ceb258809db" />
		<rom name="ppartyu\pokemon party mini (usa).bin" size="524288" crc="938d3819" sha1="ac94ed80d6f857e9530d17cc77c43aa809bf0415" />
		<rom name="pokemon party mini (europe).bin" size="524288" crc="54acb670" sha1="58c3210187497cffe989debcc095cb99c465e970" />
	</machine>
	<machine name="ppinb">
		<description>Pokémon Pinball Mini (Aus, Euro, USA)</description>
		<year>2001</year>
		<publisher>Nintendo</publisher>
		<rom name="ppinbj\pokemon pinball mini (japan).bin" size="524288" crc="398d47de" sha1="57c78731f17f29d9cddfc7e21b4d8801e8569ca6" />
		<rom name="ppinbjp\pokemon pinball mini (japan) (preview).bin" size="524288" crc="88ca8cc5" sha1="a4209afea584757055aa6d4a77e58f943d2d6c6d" />
		<rom name="ppinbp\pokemon pinball mini (usa) (gamecube preview).bin" size="524288" crc="50ad9d57" sha1="6704e372e20f137a4b46e2ab2d5c1231900ce1d3" />
		<rom name="pokemon pinball mini (usa).bin" size="524288" crc="a0091534" sha1="3ec1e04de413c22e9034074789ff2c45646ec0ac" />
	</machine>
	<machine name="pptbasej">
		<description>Pokémon Party Mini - Baseline Judge (Euro, GameCube)</description>
		<year>2001</year>
		<publisher>Nintendo</publisher>
		<rom name="pptbasejj\pokemon party mini - baseline judge (japan) (gamecube).bin" size="524288" crc="f5192440" sha1="bdad2fc86506f18c16d2bd249cc1ad4ebf6113dd" />
		<rom name="pptbaseju\pokemon party mini - baseline judge (usa) (gamecube).bin" size="524288" crc="0cfb4d1c" sha1="20004ffc01eeb04e72402e70fc97170111aafa6a" />
		<rom name="pptslowj\pokemon party mini - slowking's judge (europe) (gamecube).bin" size="524288" crc="9fd4d48b" sha1="e3bd506b97ea94e9291c2fa4e1395e1829bafeaf" />
		<rom name="pokemon party mini - baseline judge (europe) (gamecube).bin" size="524288" crc="0e1e150b" sha1="a309e00b2a8d7290070f27ec2fe10cfaba048283" />
	</machine>
	<machine name="pptdribl">
		<description>Pokémon Party Mini - Chansey's Dribble (Euro, GameCube)</description>
		<year>2001</year>
		<publisher>Nintendo</publisher>
		<rom name="pptdriblj\pokemon party mini - ricochet dribble (japan) (gamecube).bin" size="524288" crc="d09db45c" sha1="88b60902f9cf779ebcba1caee7c8477fc2e22598" />
		<rom name="pptdriblu\pokemon party mini - ricochet dribble (usa) (gamecube).bin" size="524288" crc="3322ed38" sha1="ba1db1745933a941479d885fe0d1b52365b7f817" />
		<rom name="pokemon party mini - chansey's dribble (europe) (gamecube).bin" size="524288" crc="ba504497" sha1="c9a5f335c93e9bacf198b976d430cf798bc517bc" />
	</machine>
	<machine name="pptrocks">
		<description>Pokémon Party Mini - Pikachu's Rocket Start (Euro, GameCube)</description>
		<year>2001</year>
		<publisher>Nintendo</publisher>
		<rom name="pptrocksu\pokemon party mini - rocket start (usa) (gamecube).bin" size="524288" crc="44c5271e" sha1="840d43fe55e8e056940ff0b7bc6d7e4e11b5e047" />
		<rom name="pokemon party mini - pikachu's rocket start (europe) (gamecube).bin" size="524288" crc="f15964af" sha1="b1922f3d43f3a4e36876c3e0e8428809fd999efc" />
	</machine>
	<machine name="ppuzzlc2">
		<description>Pokémon Puzzle Collection Vol. 2 (Jpn)</description>
		<year>2002</year>
		<publisher>Nintendo</publisher>
		<rom name="pokemon puzzle collection vol. 2 (japan).bin" size="524288" crc="76a1bbf8" sha1="11775bbac2e985ef90d4192ed6322dd3b8352ac9" />
	</machine>
	<machine name="ppuzzlc">
		<description>Pokémon Puzzle Collection (Aus, Euro, USA)</description>
		<year>2001</year>
		<publisher>Nintendo</publisher>
		<rom name="ppuzzlcf\puzzle_f.bin" size="524288" crc="3004c354" sha1="5a2927770c1e2c7df3f8cc80c9252bb1111ca3a6" />
		<rom name="ppuzzlcfp\pokemon puzzle collection (france) (gamecube preview).bin" size="524288" crc="7776f2bb" sha1="d748f54bb50622858ae65cba74ba0cc82415fcbc" />
		<rom name="ppuzzlcg\pokemon puzzle collection (germany).bin" size="524288" crc="22101046" sha1="7c83682f595dc6eafc9c438d92eba7920ff3b2ca" />
		<rom name="ppuzzlcgp\pokemon puzzle collection (germany) (gamecube preview).bin" size="524288" crc="0e7752e8" sha1="7dc61e11b482b873d58657c827e3b166b3882db2" />
		<rom name="ppuzzlcj1\pokemon puzzle collection (japan) (gamecube).bin" size="524288" crc="da278854" sha1="1ce915f0c03bc0ec2e505669336e6b6965f7476c" />
		<rom name="ppuzzlcj\pokemon puzzle collection (japan).bin" size="524288" crc="95afae59" sha1="2da4d24ed3192a88ab0b71ade7aec387987c5000" />
		<rom name="ppuzzlcp\pokemon puzzle collection (usa) (gamecube preview).bin" size="524288" crc="6f8ae656" sha1="048bb1d30d6ff21be14dd123c52a375e12611238" />
		<rom name="pokemon puzzle collection (usa).bin" size="524288" crc="2b348340" sha1="9c5fa07cc9f93874b297f759a6c6fd98f6ec6f47" />
	</machine>
	<machine name="ptetris">
		<description>Pokémon Tetris (Euro)</description>
		<year>2002</year>
		<publisher>Nintendo</publisher>
		<rom name="ptetrisj\pokemon shock tetris (japan).bin" size="524288" crc="b4b5cc20" sha1="e81c3576b0c96e6ca28b958f8dda11cea5fce078" />
		<rom name="pokemon tetris (europe) (en,ja,fr).bin" size="524288" crc="2fb23527" sha1="5fd1198a4725e21629edd4869535b70edfe165d4" />
	</machine>
	<machine name="snorlax">
		<description>Snorlax's Lunch Time (Euro, GameCube)</description>
		<year>2003</year>
		<publisher>Nintendo</publisher>
		<rom name="lunchtme\lunch time (usa) (gamecube).bin" size="524288" crc="05c5c126" sha1="3511d1bf4a3570a4011ca9d7d9d77ea43cc7543d" />
		<rom name="snorlaxj\snorlax's lunch time (japan) (gamecube).bin" size="524288" crc="0186ea70" sha1="a332feeca96c2b4cad2e1abd2d9b289804101a4a" />
		<rom name="snorlax's lunch time (europe) (gamecube).bin" size="524288" crc="b9324f30" sha1="22cc052d900909a9032b7c84a0c7ab7c366a4a57" />
	</machine>
	<machine name="togepi">
		<description>Togepi no Daibouken (Jpn)</description>
		<year>2002</year>
		<publisher>Nintendo</publisher>
		<rom name="togepip\togepi no daibouken (japan) (preview).bin" size="524288" crc="8c557c89" sha1="db7d8209594c6e8edee5932f799f36ecf1cfac9f" />
		<rom name="togepi no daibouken (japan).bin" size="524288" crc="33b3492b" sha1="0f56e0a3e72180b1113b900a6d3e4f8e8f570bb3" />
	</machine>
</datafile>