<?xml version="1.0" encoding="utf-8"?>
<!DOCTYPE datafile PUBLIC "-//Logiqx//DTD ROM Management Datafile//EN" "http://www.logiqx.com/Dats/datafile.dtd">
<datafile>
	<header>
		<name>pt68k2</name>
		<description>PT68K2 5.25 disks</description>
		<version>0.267</version>
		<author>Pleasuredome</author>
	</header>
	<machine name="skdos33">
		<description>SK*DOS 3.3 for PT68K2</description>
		<year>1990</year>
		<publisher>Star-K Software</publisher>
		<rom name="pt68k-2_skdos.imd" size="371742" crc="3112e58e" sha1="69613c2aded6d3c2cf7837b724c1d6e0297266f3" />
	</machine>
</datafile>