<?xml version="1.0" encoding="utf-8"?>
<!DOCTYPE datafile PUBLIC "-//Logiqx//DTD ROM Management Datafile//EN" "http://www.logiqx.com/Dats/datafile.dtd">
<datafile>
	<header>
		<name>pv1000</name>
		<description>Casio PV-1000 cartridges</description>
		<version>0.267</version>
		<author>Pleasuredome</author>
	</header>
	<machine name="amidar">
		<description>Amidar</description>
		<year>1982</year>
		<publisher>Casio</publisher>
		<rom name="amidar.bin" size="8192" crc="c82628cc" sha1="00322d4025fef19728194442f9e06a4cccd01933" />
	</machine>
	<machine name="digdug">
		<description>Dig Dug</description>
		<year>1982</year>
		<publisher>Casio</publisher>
		<rom name="digdug.bin" size="16384" crc="a94f02fa" sha1="502a163c1ae88eccc7e9782261d86d4090cb41e1" />
	</machine>
	<machine name="dirtychm">
		<description>Dirty Chameleon</description>
		<year>198?</year>
		<publisher>Casio</publisher>
		<rom name="dirtychm.bin" size="8192" crc="8e7fb358" sha1="63e94cc01410aefd59b465105e701330dc13c398" />
	</machine>
	<machine name="excitemj">
		<description>Excite Mahjong</description>
		<year>1982</year>
		<publisher>Casio</publisher>
		<rom name="excitemj.bin" size="16384" crc="0d2f829c" sha1="6cc9e5d234bc1b483108ae4dc79d644802a64ef0" />
	</machine>
	<machine name="fightbug">
		<description>Fighting Bug</description>
		<year>1982</year>
		<publisher>Casio</publisher>
		<rom name="fightbug.bin" size="8192" crc="84986255" sha1="7202641a387da90323d149e2f327a5c828856556" />
	</machine>
	<machine name="naugtboy">
		<description>Naughty Boy</description>
		<year>198?</year>
		<publisher>Casio</publisher>
		<rom name="naugtboy.bin" size="8192" crc="43a13e99" sha1="a72e8606b8b6c8d10050d6d7b1ff87455b623004" />
	</machine>
	<machine name="pachiufo">
		<description>Pachinko - UFO</description>
		<year>1982</year>
		<publisher>Casio</publisher>
		<rom name="pchnkufo.bin" size="16384" crc="9ee981ab" sha1="d6ca45430a34ce0090ba882ade5a2268a862d4f4" />
	</machine>
	<machine name="pooyan">
		<description>Pooyan</description>
		<year>1982</year>
		<publisher>Casio</publisher>
		<rom name="pooyan.bin" size="8192" crc="bd6edc48" sha1="606b7d603da23e70012b361d7ffb53ea026f88f5" />
	</machine>
	<machine name="scobra">
		<description>Super Cobra</description>
		<year>1981</year>
		<publisher>Casio</publisher>
		<rom name="scobra.bin" size="8192" crc="cdffc2cd" sha1="9e748050ccb0fa948b06346d241dfcd11868e8e2" />
	</machine>
	<machine name="spcpanic">
		<description>Space Panic</description>
		<year>1981?</year>
		<publisher>Casio</publisher>
		<rom name="11-space_panic.bin" size="8192" crc="23547111" sha1="b16dbea89ba9f934a08c274d8bb6cce06da13193" />
	</machine>
	<machine name="turpin">
		<description>Turpin</description>
		<year>1981?</year>
		<publisher>Casio</publisher>
		<rom name="07-turpin.bin" size="8192" crc="a3aef98d" sha1="1f49371b0ebf4fe6c5fb606fd9744f3bb15a619b" />
	</machine>
	<machine name="tutankhm">
		<description>Tutankham</description>
		<year>1982</year>
		<publisher>Casio</publisher>
		<rom name="tutnkham.bin" size="8192" crc="a0b606d8" sha1="56efa2ab7c4a6db7b44714e46c5bf2ba71983ee8" />
	</machine>
	<machine name="warpwarp">
		<description>Warp &amp; Warp</description>
		<year>1981</year>
		<publisher>Casio</publisher>
		<rom name="warpwarp.bin" size="8192" crc="2a0d4ad9" sha1="f9ffca3a1d85b116dd92f118f9ea940bf2449db5" />
	</machine>
</datafile>