<?xml version="1.0" encoding="utf-8"?>
<!DOCTYPE datafile PUBLIC "-//Logiqx//DTD ROM Management Datafile//EN" "http://www.logiqx.com/Dats/datafile.dtd">
<datafile>
	<header>
		<name>rx78_cass</name>
		<description>Gundam RX-78 cassettes</description>
		<version>0.267</version>
		<author>Pleasuredome</author>
	</header>
	<machine name="graphmaths">
		<description>Graphics Mathematics</description>
		<year>1983</year>
		<publisher>Bandai</publisher>
		<rom name="graphmaths.wav" size="2345516" crc="e4411028" sha1="b03a855fe527c8a181b1c6e3d8daee6d637a97cc" />
	</machine>
	<machine name="yellowcab">
		<description>Yellow Cab</description>
		<year>1983</year>
		<publisher>Bandai</publisher>
		<rom name="yellowcab.wav" size="3613740" crc="27ac7d0a" sha1="c3d2a05d2ca68d9fabc8f3cea839079ea432ba41" />
	</machine>
</datafile>