<?xml version="1.0" encoding="utf-8"?>
<!DOCTYPE datafile PUBLIC "-//Logiqx//DTD ROM Management Datafile//EN" "http://www.logiqx.com/Dats/datafile.dtd">
<datafile>
	<header>
		<name>rz1_cass</name>
		<description>Casio RZ-1 cassettes</description>
		<version>0.267</version>
		<author>Pleasuredome</author>
	</header>
	<machine name="80sdrums">
		<description>80's Drums (samples)</description>
		<year>2016</year>
		<publisher>&lt;homebrew&gt;</publisher>
		<rom name="80s_drums.cas" size="21406" crc="5428108b" sha1="560afbe28fc2112e9cda4811eba78e833e219169" />
	</machine>
	<machine name="fourcymb">
		<description>Four Cymbals (samples)</description>
		<year>2016</year>
		<publisher>&lt;homebrew&gt;</publisher>
		<rom name="four_cymbals.wav" size="8379044" crc="5b1bce12" sha1="1a2ea236819aed674de199b7fcb8f829ce1167dd" />
	</machine>
	<machine name="harddrum">
		<description>Hard Drums (samples)</description>
		<year>2016</year>
		<publisher>&lt;homebrew&gt;</publisher>
		<rom name="hard_drums.cas" size="21406" crc="4f4aee44" sha1="f16d9f967689fc1d0929f0f17d5f3e31f57cdda9" />
	</machine>
	<machine name="rz1sc">
		<description>Casio RZ-1 Sound Collection</description>
		<year>1983</year>
		<publisher>Casio</publisher>
		<rom name="rz1_sound_collection_side_a.wav" size="39426360" crc="cb00c86c" sha1="869672d3b429033bd0073e0ccf743f26dc6b6bd2" />
		<rom name="rz1_sound_collection_side_b.wav" size="34800258" crc="9f0b0628" sha1="47c88b973e4be88a62144c57719b86e1b90b34d9" />
	</machine>
</datafile>