<?xml version="1.0" encoding="utf-8"?>
<!DOCTYPE datafile PUBLIC "-//Logiqx//DTD ROM Management Datafile//EN" "http://www.logiqx.com/Dats/datafile.dtd">
<datafile>
	<header>
		<name>sat_vccart</name>
		<description>Sega Saturn VideoCD cartridges</description>
		<version>0.267</version>
		<author>Pleasuredome</author>
	</header>
	<machine name="hivcd2d">
		<description>Hitachi Video CD Card (Jpn, Two Dots, v1.011)</description>
		<year>1995</year>
		<publisher>Hitachi</publisher>
		<rom name="hivcd1d\mpr-17773c-h.ic303" size="524288" crc="f9ca3180" sha1="40f284e79f205728b72c7d7c0cf0bae0ade38f76" />
		<rom name="mpr-17773e-t.ic303" size="524288" crc="88bcb5ab" sha1="88aa35e48e655540e87ebeae10220413a8feee81" />
	</machine>
	<machine name="jvcvc1">
		<description>Victor Video CD Decoder (Jpn, v1.003)</description>
		<year>1995</year>
		<publisher>Victor</publisher>
		<rom name="pza6.ic303" size="524288" crc="ef9d13ef" sha1="eaac576b8b5e79e7df5e3efd70275b220ff70d78" />
	</machine>
	<machine name="jvcvc2">
		<description>Victor Twin Operator Video CD &amp; Photo CD (Jpn, v2.001)</description>
		<year>1995</year>
		<publisher>Victor</publisher>
		<rom name="jvcvc2a\pzd9.ic303" size="524288" crc="f2dde5c7" sha1="567f82a31d5f93676120d699869b3ca64995e167" />
		<rom name="pa26.ic303" size="524288" crc="badf129d" sha1="286f2c75b1a5bb9d7df23db9f0a381e61b1ac76c" />
	</machine>
	<machine name="jvcvc20">
		<description>JVC Video CD / Photo CD Decoder (Jpn, v3.000)</description>
		<year>1996?</year>
		<publisher>JVC</publisher>
		<rom name="pa32.ic303" size="524288" crc="afe194aa" sha1="bb6459da484864226616c5d45b779d4b1644c527" />
	</machine>
	<machine name="ssmovie">
		<description>SegaSaturn Movie Card (Jpn, v1.102)</description>
		<year>1995</year>
		<publisher>Sega</publisher>
		<rom name="mpr-17610a-h.ic303" size="524288" crc="9688c629" sha1="f7171b2a8f1c464696771941225c32d636b59349" />
	</machine>
	<machine name="vcd">
		<description>Video CD Card (Euro, v1.105)</description>
		<year>1995</year>
		<publisher>Sega</publisher>
		<rom name="mpr-17896-h.ic303" size="524288" crc="192e52c2" sha1="2f5ebd434f6d5b82e93d03e5626007bd5380f652" />
	</machine>
</datafile>