<?xml version="1.0" encoding="utf-8"?>
<!DOCTYPE datafile PUBLIC "-//Logiqx//DTD ROM Management Datafile//EN" "http://www.logiqx.com/Dats/datafile.dtd">
<datafile>
	<header>
		<name>sat_cart</name>
		<description>Sega Saturn cartridges</description>
		<version>0.267</version>
		<author>Pleasuredome</author>
	</header>
	<machine name="ar">
		<description>Action Replay</description>
		<year>199?</year>
		<publisher>&lt;unknown&gt;</publisher>
		<rom name="action replay rom.bin" size="84069" crc="cc518d69" sha1="8c091285a2fc863c8b3e6e9e5849a8a3469e02ff" />
	</machine>
	<machine name="kof95">
		<description>The King of Fighters '95 (Euro, Jpn) (Support Cartridge)</description>
		<year>1995</year>
		<publisher>SNK</publisher>
		<rom name="mpr-18811-mx.ic1" size="2097152" crc="90412e10" sha1="a67cd4f550751f8b91de2b8b74528ab4e0c11c77" />
	</machine>
	<machine name="test1f">
		<description>Test Menu v1.0f</description>
		<year>1994</year>
		<publisher>Sega</publisher>
		<rom name="sega saturn test menu v1.0f.bin" size="524288" crc="17031c7a" sha1="433cb101bb6e61873778dfcd61a65c72ec552dd9" />
	</machine>
	<machine name="ultraman">
		<description>Ultraman (Jpn) (Support Cartridge)</description>
		<year>1995</year>
		<publisher>Bandai</publisher>
		<rom name="mpr-19367-mx.ic1" size="2097152" crc="b9644b52" sha1="56c1b93da6b660bf393fbf48ca47569000ef4047" />
	</machine>
</datafile>