<?xml version="1.0" encoding="utf-8"?>
<!DOCTYPE datafile PUBLIC "-//Logiqx//DTD ROM Management Datafile//EN" "http://www.logiqx.com/Dats/datafile.dtd">
<datafile>
	<header>
		<name>sc3000_cass</name>
		<description>Sega Computer 3000 cassettes</description>
		<version>0.267</version>
		<author>Pleasuredome</author>
	</header>
	<machine name="bastow">
		<description>The Secret of Bastow Manor</description>
		<year>1984</year>
		<publisher>Dotsoft</publisher>
		<rom name="TheSecretOfBastowManor_Pt1.wav" size="1660342" crc="4e26b753" sha1="e23d728b3959cf5f42b62f1495c33e65aa06580e" />
		<rom name="TheSecretOfBastowManor_Pt2.wav" size="3383930" crc="8a023fe8" sha1="9d00a27a08850ee10f786f8cf0c446a4eb415873" />
		<rom name="TheSecretOfBastowManor_Pt3.wav" size="9604160" crc="bc2db5c6" sha1="2281f015dffb522bda928dd7a04685b96f239a64" />
		<rom name="TheSecretOfBastowManor_Pt4.wav" size="9635070" crc="16adb5ff" sha1="ddae963d717e6bf0e74c07bbaeb947ddda44c48f" />
		<rom name="TheSecretOfBastowManor_Pt5.wav" size="8990380" crc="64febb9b" sha1="047cebfc04bb038f61d938fb4f5c3ecb26f91e64" />
	</machine>
	<machine name="cityland">
		<description>City Lander</description>
		<year>198?</year>
		<publisher>Grandstand</publisher>
		<rom name="CityLander.wav" size="7141680" crc="4570cb68" sha1="868fa0a002d02805533fdfb027853fcf613c4e13" />
	</machine>
	<machine name="dragonq">
		<description>Dragonquest</description>
		<year>1984</year>
		<publisher>John Sands</publisher>
		<rom name="Dragonquest.wav" size="10451972" crc="39e55170" sha1="01c5ad7697ad980401781ec9eae33e359e30f67d" />
	</machine>
	<machine name="dungeons">
		<description>Dungeons Beneath Cairo</description>
		<year>1984</year>
		<publisher>Sega</publisher>
		<rom name="DungeonsBeneathCairo.wav" size="14216966" crc="49ec80c2" sha1="36bfc2d0cb992de1aecff1851ed4d7c514bf4f25" />
	</machine>
	<machine name="environd">
		<description>Environoid</description>
		<year>1984</year>
		<publisher>John Sands</publisher>
		<rom name="Environoid.wav" size="9565890" crc="8f878a44" sha1="5e826099ac4c8af7865df990cdaa96455e9ce6d9" />
	</machine>
	<machine name="help">
		<description>Help</description>
		<year>1984</year>
		<publisher>Grandstand</publisher>
		<rom name="Help.wav" size="18196834" crc="cd952d6b" sha1="6d32dd33f884677c54300be57a8cdaf283478a82" />
	</machine>
	<machine name="house">
		<description>The House</description>
		<year>1984</year>
		<publisher>Grandstand</publisher>
		<rom name="TheHouse.wav" size="25191280" crc="85b183d2" sha1="a222e8763a357b4f962b207b6c7d4b73bbc841a9" />
	</machine>
	<machine name="lawn">
		<description>Lawn</description>
		<year>198?</year>
		<publisher>Hi-Tech Programming</publisher>
		<rom name="Lawn.wav" size="4539370" crc="bcc0d3ae" sha1="fe453dcf1db4f1f2972367a734488c482a6a9cc8" />
	</machine>
	<machine name="madmummy">
		<description>The Case of the Mad Mummy</description>
		<year>1984</year>
		<publisher>Dotsoft</publisher>
		<rom name="TheCaseOfTheMadMummy_Pt1.wav" size="1471940" crc="015e9f5a" sha1="f9dad83618df356ec90c4e6b17c79d60548c86b7" />
		<rom name="TheCaseOfTheMadMummy_Pt2.wav" size="7096050" crc="78373569" sha1="2b671bda5e4c2f59cd5e8e19038326229215f567" />
		<rom name="TheCaseOfTheMadMummy_Pt3.wav" size="8716606" crc="46ea34d1" sha1="821b2a7825bf0e2a3586f3eb77ccfe1a6f5d4cda" />
		<rom name="TheCaseOfTheMadMummy_Pt4.wav" size="8759294" crc="e02d43f2" sha1="fa82ea479117106547f5d633fb261aefb9389c59" />
		<rom name="TheCaseOfTheMadMummy_Pt5.wav" size="7711302" crc="393fb342" sha1="475ea7799c735bbb967aac38deba5f435dae9e95" />
	</machine>
	<machine name="quikdraw">
		<description>Quick Draw</description>
		<year>198?</year>
		<publisher>&lt;unknown&gt;</publisher>
		<rom name="QuickDraw.wav" size="4331832" crc="1e6b2539" sha1="01d74b28d4d156aa5c111bfb31e568c4f2bbfdb9" />
	</machine>
	<machine name="sconqst">
		<description>Solar Conquest</description>
		<year>1984</year>
		<publisher>John Sands</publisher>
		<rom name="SolarConquest.wav" size="14320112" crc="7c3653f9" sha1="0c74aabf394f4d765df130a93625c1db72189d98" />
	</machine>
	<machine name="voltron">
		<description>Voltron</description>
		<year>1987</year>
		<publisher>&lt;homebrew&gt;</publisher>
		<rom name="Voltron.wav" size="4364214" crc="39589e11" sha1="951c4166299dfc52518bbec67000aa504ff7563b" />
	</machine>
	<machine name="vortexbl">
		<description>Vortex Blaster</description>
		<year>1984</year>
		<publisher>Poseidon Software</publisher>
		<rom name="vortex blaster 2.wav" size="31128834" crc="242851df" sha1="5a0be3c35317ff39e2e687c72bb1ea73e3b6cd28" />
	</machine>
	<machine name="vpoker">
		<description>Video Poker</description>
		<year>1984</year>
		<publisher>Gold Record Software</publisher>
		<rom name="VideoPoker.wav" size="9770486" crc="88a59002" sha1="bfaa050f28b855a856039effcc0498484070f370" />
	</machine>
</datafile>