<?xml version="1.0" encoding="utf-8"?>
<!DOCTYPE datafile PUBLIC "-//Logiqx//DTD ROM Management Datafile//EN" "http://www.logiqx.com/Dats/datafile.dtd">
<datafile>
	<header>
		<name>Visual Pinball [VP9] Recreated Tables [Flipperless] [FullScreen]</name>
		<description>Visual Pinball [VP9] Recreated Tables [Flipperless] [FullScreen] (2024-01-27)</description>
		<version></version>
		<date>2024-01-27</date>
		<author></author>
	</header>
	<machine name="Bell Ringer (Gottlieb)(1990)(TAB, destruk)(1.1)[VP9][Flipperless][FullScreen]">
		<description>Bell Ringer (Gottlieb)(1990)(TAB, destruk)(1.1)[VP9][Flipperless][FullScreen]</description>
		<rom name="FS Bell Ringer.vpt" size="998400" crc="41602a9a" md5="381e808a9217bdd87de11fa9e8b7bd12" sha1="4a4cdd843664c81a0fedc9c8396558cd989204b9" />
		<rom name="screenshot.jpg" size="778075" crc="ab5aef06" md5="7f557fb4435785eeb41d44f2c712279a" sha1="c14b48d2405f36b868fe5a92b5635e14d9c741e1" />
	</machine>
</datafile>