<?xml version="1.0" encoding="utf-8"?>
<!DOCTYPE datafile PUBLIC "-//Logiqx//DTD ROM Management Datafile//EN" "http://www.logiqx.com/Dats/datafile.dtd">
<datafile>
	<header>
		<name>Visual Pinball [VPX0-VPX06] Recreated Tables [Flipperless]</name>
		<description>Visual Pinball [VPX0-VPX06] Recreated Tables [Flipperless] (2024-01-27)</description>
		<version></version>
		<date>2024-01-27</date>
		<author></author>
	</header>
	<machine name="66 (Globe Manufacturing Co.)(1934)(Druadic)(1.0a)[VPX06][Flipperless]">
		<description>66 (Globe Manufacturing Co.)(1934)(Druadic)(1.0a)[VPX06][Flipperless]</description>
		<rom name="66 (Globe Manufacturing Co. 1934) v1.0a.vpx" size="9601024" crc="5593e15b" md5="e3a65ad3074e171696e216cdfa07ccf4" sha1="3949ee39fc350588698395264aadc32ded55564e" />
		<rom name="66GlobeManufacturingAD.jpg" size="75877" crc="0fae7c59" md5="ba92a44c01ab979b0736e28a7e01e31a" sha1="8dd68bd9f1cc75201c6001e7abd9ff943f91508a" />
		<rom name="66Screenshot.jpg" size="495941" crc="a4354bd0" md5="4d1b5697f140d41d32ea6fd25f29ac05" sha1="ee54cc2e81431531db19d5b14182925a278023a8" />
	</machine>
	<machine name="Alle Neune (NSM)(1969)(STAT, hmueck, bord)(1.1)[VPX06][Table Top Counter]">
		<description>Alle Neune (NSM)(1969)(STAT, hmueck, bord)(1.1)[VPX06][Table Top Counter]</description>
		<rom name="1.0/Alle Neune (NSM 1969).vpx" size="32899072" crc="3cfa8275" md5="62aa6c3e1514fa350f96b03623c47d52" sha1="4336911f2eb7e7ffba6a52479c76085ef79ee551" />
		<rom name="1.1/Alle Neune (NSM 1969).vpx" size="33370112" crc="91079252" md5="b8c5dd02914a5182ec450631699f9144" sha1="fd63b1cbc7cf688761885e895637a570738f0bac" />
		<rom name="Alle Neune (NSM 1969).jpg" size="93886" crc="157c5101" md5="aab63034c7e78b2ece3af08c3e35b461" sha1="88d50a9f818b9f95b3ebd2042604a123129ee856" />
		<rom name="Alle Neune (NSM 1969).png" size="33592" crc="84a4264e" md5="b2294efb3638f50780725367aa76cf21" sha1="a6eeee00f978ef07735c70f268445a2c2efa464d" />
		<rom name="Alle-Neune-DT-1-480x600-1038x1297.png" size="1959484" crc="f6e3ccfc" md5="226b13c00191ca1a27fc556021afc757" sha1="41cd723640db2f970782d5a85e1e0c4f9befba8a" />
		<rom name="Photo.jpg" size="69688" crc="6a2e89ee" md5="d40b6b57b74e895119e22431bae79284" sha1="adfb3c7f2901c9ada286893dd4bcfd810a210007" />
	</machine>
	<machine name="Baby Leland (Stoner Manufacturing Corp)(1933)(Druadic)(1.0a)[VPX06][Flipperless]">
		<description>Baby Leland (Stoner Manufacturing Corp)(1933)(Druadic)(1.0a)[VPX06][Flipperless]</description>
		<rom name="Baby Leland (Stoner Manufacturing Corp. 1933) v1.0a.vpx" size="11452416" crc="bc4bbbf3" md5="1e15eb187caa8d466014d6c22334bf77" sha1="974355f524386c026a2357077dfe51806f201df5" />
		<rom name="Baby Leland README.txt" size="2307" crc="a4030175" md5="c328fbb31cd6f8f545a5adccd964871c" sha1="6ad083f7f51f9638e3c9e552686624f7fa5e42ca" />
		<rom name="BabyLelandSCREENIEVPX.jpg" size="502526" crc="225e4496" md5="be57b43e285a703898a4e89851a18b08" sha1="453f7d3e767f5acd1a4bd86c33c33be21381fda8" />
	</machine>
	<machine name="Bally Beauty (Bally)(1952)(Druadic)(1.1a)[VPX06][Bingo]">
		<description>Bally Beauty (Bally)(1952)(Druadic)(1.1a)[VPX06][Bingo]</description>
		<rom name="Bally Beauty (Bally 1952) v1.1a.vpx" size="10358784" crc="9f9413d0" md5="8810f3886a43f5b2b1091ed2dbfa1b78" sha1="70df66c05a255b221c8849a64876b9c3f77a9dc9" />
		<rom name="beautyvpxscreenshot_se9.jpg" size="705249" crc="32f73234" md5="48da7fa07774a8efb3f5b79b3d23453f" sha1="94dad770878bc74d4bfe3fcf8f9e6dd4d1c31a44" />
		<rom name="CenterCard.bmp" size="262158" crc="294a89d9" md5="156d59885dff751b8ca104d9671b2d09" sha1="96661a456e899953f3308ec579f3bfa0c2bca43d" />
		<rom name="LeftSideCard.png" size="232490" crc="b0f35285" md5="407b1aa5ff990d8ece4fbe4d45f8c299" sha1="bcadee8675f58e54f032100725eff0d0ffd37caa" />
	</machine>
	<machine name="Ballyhoo (Bally)(1932)(Warbler33)(1.30a)[VPX06][Seven Ball][Flipperless]">
		<description>Ballyhoo (Bally)(1932)(Warbler33)(1.30a)[VPX06][Seven Ball][Flipperless]</description>
		<rom name="Ballyhoo non-tarcisio.png" size="174350" crc="969956d2" md5="9de8a6f49932ddb031d2bfbd62a74a23" sha1="78aaf72c3aa2c487c25b555f95e0faf57032e463" />
		<rom name="Ballyhoo Seven Ball 1.30a.directb2s" size="1452658" crc="ab4d4a33" md5="0750889c320625a97f130229f4ec0851" sha1="55d991020c6b7f59cad15186c6acef0889a701fe" />
		<rom name="Ballyhoo Seven Ball 1.30a.vpx" size="30625792" crc="92fe229d" md5="58830aec0e7c01b11ebd63255faff285" sha1="b5b69b57b9a516cf1d374fb45e47683c0bcc5a79" />
		<rom name="Ballyhoo tarcisio wheel.png" size="944888" crc="7684ad84" md5="7ffa244e6f811ca162327e8d7e2c5660" sha1="5979bdd9ad9231b00d5972517c1845778864c4aa" />
		<rom name="seven-ball-screenshot.jpg" size="309347" crc="e94cf83b" md5="5057e646887e109c31a13c41a29007bf" sha1="e6fc7b585eb5f207eeee426f39ce1b2c9e379f5a" />
	</machine>
	<machine name="Ballyhoo (Bally)(1932)(Warbler33)(1.30a)[VPX06][Ten Ball][Flipperless]">
		<description>Ballyhoo (Bally)(1932)(Warbler33)(1.30a)[VPX06][Ten Ball][Flipperless]</description>
		<rom name="Ballyhoo non-tarcisio.png" size="174350" crc="969956d2" md5="9de8a6f49932ddb031d2bfbd62a74a23" sha1="78aaf72c3aa2c487c25b555f95e0faf57032e463" />
		<rom name="Ballyhoo tarcisio wheel.png" size="944888" crc="7684ad84" md5="7ffa244e6f811ca162327e8d7e2c5660" sha1="5979bdd9ad9231b00d5972517c1845778864c4aa" />
		<rom name="Ballyhoo Ten Ball 1.30a.directb2s" size="1452658" crc="ab4d4a33" md5="0750889c320625a97f130229f4ec0851" sha1="55d991020c6b7f59cad15186c6acef0889a701fe" />
		<rom name="Ballyhoo Ten Ball 1.30a.vpx" size="30625792" crc="d53c8946" md5="9874b0662ab3b0375fedc3d4bb9ffc01" sha1="55eacaf653e2aa84f191d076f662ac526b0e13da" />
		<rom name="ten-ball-screenshot.jpg" size="309985" crc="aedeef2c" md5="8d19e238c10614632830212b4c2599bd" sha1="d084000571eaa718a25ccc2970f0da6881cde81c" />
	</machine>
	<machine name="Ballyhoo (Bally)(1932)(Warbler33)(2.0)[VPX06][Flipperless]">
		<description>Ballyhoo (Bally)(1932)(Warbler33)(2.0)[VPX06][Flipperless]</description>
		<rom name="Ballyhoo (Bally 1932) 2.0.directb2s" size="1452658" crc="ab4d4a33" md5="0750889c320625a97f130229f4ec0851" sha1="55d991020c6b7f59cad15186c6acef0889a701fe" />
		<rom name="Ballyhoo (Bally 1932) 2.0.vpx" size="41201664" crc="d6d41cc3" md5="33dcdc1080e6618237151bf09ba8cb21" sha1="bb7993bf2ce461ae5a055523e0dc47cf364a882e" />
		<rom name="Ballyhoo non-tarcisio.png" size="174350" crc="969956d2" md5="9de8a6f49932ddb031d2bfbd62a74a23" sha1="78aaf72c3aa2c487c25b555f95e0faf57032e463" />
		<rom name="Ballyhoo tarcisio wheel.png" size="944888" crc="7684ad84" md5="7ffa244e6f811ca162327e8d7e2c5660" sha1="5979bdd9ad9231b00d5972517c1845778864c4aa" />
	</machine>
	<machine name="Bank-A-Ball (J.F. Linck Corp)(1932)(Druadic)(1.1a)[VPX06][Flipperless]">
		<description>Bank-A-Ball (J.F. Linck Corp)(1932)(Druadic)(1.1a)[VPX06][Flipperless]</description>
		<rom name="Bank A Ball (J.F. Linck Corp. 1932) v1.1a.vpx" size="10252288" crc="edae027c" md5="1eb20f0d5cad3fcae346e4bca8584eae" sha1="b760f100bb720421fc6e864f8654cd58d5ddc37b" />
		<rom name="BankABall V1.1 VPX README.txt" size="1111" crc="9303e6c4" md5="6b2b9e5e1c621a92e183e2502f55c3d9" sha1="8d3fadb31ff8495d8e262b69dff1cf0090016ef7" />
		<rom name="BankABallV1.1VPXSCREENIE.jpg" size="494668" crc="03a9e562" md5="81e2cb11b5da21b1fc998f8c271d7e94" sha1="90549030d373d78858fca6187e163821639e733a" />
	</machine>
	<machine name="Bankum (J.F. Thomas)(1930)(Druadic)(1.2a)[VPX06]">
		<description>Bankum (J.F. Thomas)(1930)(Druadic)(1.2a)[VPX06]</description>
		<rom name="Bankum (J.F. Thomas 1930) v1.2a.vpx" size="9494528" crc="c0b6f230" md5="104fbddf433d1dbd4c2240e473903712" sha1="ee6c7e9058dc53bddd456681e81d1388e8a7b6cd" />
		<rom name="Bankum.jpg" size="305395" crc="727d5a2d" md5="84bd915121c577d597eca8e86f888d6e" sha1="71ea661b3fec8d5b1c686987bfab079e88d9d4a9" />
	</machine>
	<machine name="Bat-Em (In &amp; Outdoor Games Co.)(1932)(Druadic)(1.2a)[VPX06][Flipperless]">
		<description>Bat-Em (In &amp; Outdoor Games Co.)(1932)(Druadic)(1.2a)[VPX06][Flipperless]</description>
		<rom name="Bat Em (In &amp; Outdoor Games Co. 1932) v1.2a.vpx" size="14016512" crc="885b851f" md5="e8be3c88f5d64e044188f05bb40a9582" sha1="53ff115fcb66e742a8d660a24dcc04ca2b01233a" />
		<rom name="BatEmSCREENIEV1.2VPX.jpg" size="598473" crc="432b9e6b" md5="a48b5c080f0826d30da71de5987b9ee0" sha1="0a291d487c9e503650584fb9e9617ee7e51ddc08" />
	</machine>
	<machine name="Bell Ringer (Gottlieb)(1990)(Rascal)(1.1)[VPX06][Skill Machine][VP8 conversion]">
		<description>Bell Ringer (Gottlieb)(1990)(Rascal)(1.1)[VPX06][Skill Machine][VP8 conversion]</description>
		<rom name="1.0/Bell Ringer (Gottlieb 1990).vpx" size="2445312" crc="17146ae5" md5="f04fa24eda24261218479ace0c49059b" sha1="718aa260b056c4cc30b7a530505f484e7a0372bd" />
		<rom name="1.0/bell ringer.png" size="1434523" crc="3b92edcb" md5="8a99286b0a2e86c1a899ebb89a65eb08" sha1="bdba599087ba6531821663ec7516571ec78cebb1" />
		<rom name="1.1/Bell Ringer (Gottlieb 1990).vpx" size="2445312" crc="4a0471cd" md5="14144e3e5194630ab683e7699e00cc2b" sha1="a855d4b74069c38708f936e92363166939fdf1d1" />
		<rom name="1.1/bellringerss16-9.png" size="1107401" crc="f1f0585f" md5="9b106ee3741b4b148ce3fec4cd2feae4" sha1="261f669da9b36b31334a9086257a074ea07fd15b" />
		<rom name="1.1/bellringerss16-9fs.png" size="1884055" crc="69dbb86f" md5="b763f947e4e3f90f217ee3511bf6bd4b" sha1="41095a2bccb521065eb9bbaaaa3d15ee67b4eff4" />
	</machine>
	<machine name="Best Hand (Daval)(1947)(Druadic)(1.0a)[VPX06][Skill Machine]">
		<description>Best Hand (Daval)(1947)(Druadic)(1.0a)[VPX06][Skill Machine]</description>
		<rom name="Best Hand (Daval 1947) v1.0a.vpx" size="6176768" crc="109e8718" md5="90e75c89440e04c3e266810e3e48cf8c" sha1="a689bfa6d4b9fa091edf5d4c0d149810b6c131cc" />
		<rom name="besthandscreenshot_2Rb.jpg" size="639111" crc="29fe6eea" md5="539c2fbaaad1e5d3474265c6ed83d6df" sha1="45d1a3bc6b52e1d4360e1efd08fd4d45719a3540" />
	</machine>
	<machine name="Blackstone (Stoner Manufacturing Corp)(1933)(Druadic)(1.0)[VPX06][Flipperless]">
		<description>Blackstone (Stoner Manufacturing Corp)(1933)(Druadic)(1.0)[VPX06][Flipperless]</description>
		<rom name="Blackstone AD.bmp" size="4092702" crc="8e440d6e" md5="b0673df665ef19c20e2555516ffa8be4" sha1="43a002f1d3fdccdc913d03eabc0ea3e8303689b9" />
		<rom name="Blackstone RULES.txt" size="2651" crc="22a948fd" md5="aa82fde858b9b190f4937eeeeed97047" sha1="b7282261e33d3bf422188c47ce423913ff8441cd" />
		<rom name="Blackstone Screenshot VPX6.jpg" size="602759" crc="1d542911" md5="37912b4b9b52b14683ef2f6e267e4b4e" sha1="fbc7ed8a995312a33c5df149284e98b4f17709ea" />
		<rom name="Blackstone VPX 6.vpx" size="13643776" crc="5d8f652d" md5="d36fbaa6040be021717ce184d13ee12b" sha1="ebe24c2a0fafafe538863f8cb2bf78eea142b6dc" />
	</machine>
	<machine name="Bonanza (Exhibit Supply Co.)(1935)(Druadic)(1.4a)[VPX06][Flipperless]">
		<description>Bonanza (Exhibit Supply Co.)(1935)(Druadic)(1.4a)[VPX06][Flipperless]</description>
		<rom name="1.2/BonanzaVPX.vpx" size="1052672" crc="abb5a942" md5="61fb62e1d6b285db47139de93a5f03ea" sha1="b0f6c295940a304ec0f61c06c3a7c4fcfc15d949" />
		<rom name="1.2/bonanzavpximage_2yD.png" size="712806" crc="197c0158" md5="0424fca375a5187983bb1a9bda354d9f" sha1="b9f1b16cf1071271287ec0c853e1366970c2793c" />
		<rom name="1.4/Bonanza (Exhibit Supply Co. 1935) v1.4a.vpx" size="6504448" crc="18843c79" md5="3310b0722989d732b4ab9a3c9667c577" sha1="2665b3adc6d92c7d7dfe0ca1eb680f31adcc7e02" />
		<rom name="1.4/bonanzav1.4screenshot_oMw.jpg" size="595804" crc="e4a37e74" md5="55d04cae67d6e1f4de7171ac7fc17e27" sha1="1fb43be45be88c0b311c04cd790b25b9f9a38c2f" />
	</machine>
	<machine name="Boop-A-Doop (Pace Manufacturing Co.)(1932)(Druadic)(1.0a)[VPX06][Flipperless]">
		<description>Boop-A-Doop (Pace Manufacturing Co.)(1932)(Druadic)(1.0a)[VPX06][Flipperless]</description>
		<rom name="Boop A Doop (Pace Manufacturing Co. 1932) v1.0a.vpx" size="12468224" crc="43139f64" md5="f611247923a859d803e04f34b1cd7762" sha1="a21b4b00e0b761ccca2adb1a2926c9567aed385e" />
		<rom name="BoopADoop AD PHOTO.jpg" size="65765" crc="7f3827f4" md5="c90eb69cf337f975d7d6531c9f97b0e3" sha1="dd8bc9b5df517a28aef9d9725dc1c37737dfc33c" />
		<rom name="BoopADoop README.txt" size="5452" crc="3e7da920" md5="ffb301748b751dbef5ea93dc4acb7161" sha1="23e375dd7092d33454d666a534cb8e57ef090850" />
		<rom name="BoopADoopSCREENIEVPX.jpg" size="549932" crc="38481f47" md5="6ab15626568f140907fba30302ceef64" sha1="0a06498d779170c3ad41f050bbd63e6aeffa1f88" />
	</machine>
	<machine name="Bright Lights (Bally)(1951)(Druadic)(1.3a)[VPX06][Bingo]">
		<description>Bright Lights (Bally)(1951)(Druadic)(1.3a)[VPX06][Bingo]</description>
		<rom name="Bright Lights (Bally 1951) v1.3a.vpx" size="11763712" crc="70fbd979" md5="8516b277548725069d571e325fde2696" sha1="7e9280c0448dedc62298a83bf2a652b48cbd8bf6" />
		<rom name="brightlightsvpxscreenshot_bWy.jpg" size="718539" crc="d9d2b91b" md5="2e2648720cbce5c663faeaccbd5b9505" sha1="09396ad987a03e84a500441945a8e4394ff176a4" />
	</machine>
	<machine name="Broadway (Bally)(1951)(Druadic)(1.5a)[VPX06][Bingo]">
		<description>Broadway (Bally)(1951)(Druadic)(1.5a)[VPX06][Bingo]</description>
		<rom name="broadway51screenshot_i87.jpg" size="580922" crc="2ac6db72" md5="ffeb88e0315fde3353faf616d6dc54d0" sha1="bd533c3754800d1d1f9421c631c8015ee80c6814" />
		<rom name="Broadway51v1.0VPX.vpx" size="6103040" crc="5aea7ba2" md5="b558d2d87855bbbf71c1c9e4d50da5e9" sha1="7b57bc588aff3c97ae9ca71d676f03484e98df4e" />
		<rom name="Broadway (Bally 1951) v1.5a.vpx" size="10792960" crc="0d1d4f2a" md5="faf6f1c3d1f7d57cd596881d7be339ab" sha1="660465919b2750d77daf04e420bcfedc6be778d9" />
	</machine>
	<machine name="BunnyBoard (Marble Games Company Youngstown, Ohio)(1932)(Druadic)(1.0a)[VPX06][Flipperless]">
		<description>BunnyBoard (Marble Games Company Youngstown, Ohio)(1932)(Druadic)(1.0a)[VPX06][Flipperless]</description>
		<rom name="Author Notes.txt" size="7075" crc="b51d9b8c" md5="4cd1dc4d366dbdee3527bb9e9ff37599" sha1="20ca3b5fbc2bd3694313e7798ca721c59e90aa73" />
		<rom name="Bunnyboard (Marble Games Company 1931) v1.0a.vpx" size="11993088" crc="2cb606eb" md5="65dd6a542e0d8cf7f032cc3d8b7f6e53" sha1="6f734274feac06bb13a7a5e01e210120dc324598" />
		<rom name="Bunnyboard Screenshot.jpg" size="596893" crc="5cb4256e" md5="f92a906346de93d72ad034457e98106d" sha1="a31e787cf8684b690476d02c4814e44860ade557" />
	</machine>
	<machine name="BunnyBoard (Marble Games Company Youngstown, Ohio)(1932)(Tom)(1.0)[VPX06][Flipperless]">
		<description>BunnyBoard (Marble Games Company Youngstown, Ohio)(1932)(Tom)(1.0)[VPX06][Flipperless]</description>
		<rom name="bb.png" size="2234154" crc="401667c7" md5="c14daa06b43da45756356d2bf9f4b7c0" sha1="b0ba7fd729a7666c268f3d7c9027607764325c23" />
		<rom name="BunnyBoard (Marble Games Company 1932).vpx" size="29425664" crc="10e7df18" md5="bafa1da7fd3d0834706a58ab3abe56a6" sha1="01a03238ea57ef8291e33ffd3ca143b28476fc24" />
	</machine>
	<machine name="Carnival Queen (Bally)(1958)(HSM)(1.0)[VPX06][Bingo]">
		<description>Carnival Queen (Bally)(1958)(HSM)(1.0)[VPX06][Bingo]</description>
		<rom name="Carnival Queen (Bally 1958).directb2s" size="5840903" crc="01c7abb1" md5="59876ab00aa74d63171b7dbdb368e307" sha1="d25572fdde0d7cf5f7525de0b02a361bfeabe755" />
		<rom name="Carnival Queen (Bally 1958).png" size="365641" crc="e30b6057" md5="570a8590f1b7af221a1f47af9e0524f2" sha1="8392e33f627910102d9e6bdd65c19966d86ae2a5" />
		<rom name="Carnival Queen (Bally 1958).vpx" size="45498368" crc="2b244e0a" md5="6016b7f4df61fd52a621fd64f03e3459" sha1="c4d323ff20987360a7e31b08811c391ea4acbc8e" />
		<rom name="carnival-queen--bally-1958-.png" size="365641" crc="e30b6057" md5="570a8590f1b7af221a1f47af9e0524f2" sha1="8392e33f627910102d9e6bdd65c19966d86ae2a5" />
		<rom name="cqbackglass.png" size="3363287" crc="33d79f1c" md5="b8cc12fb706aeee243aa4b984ed5d522" sha1="6db9f62beb82cbb07846fbc517951cbc19ec8d24" />
		<rom name="cqplayfield.png" size="5279579" crc="edb78fa8" md5="7cb20d85631d0fc451e95d1e0acc14c1" sha1="7bc605fbe2bfe1a716908831dfe8c896c2eae1f0" />
	</machine>
	<machine name="Cavalcade (Stoner Mfg. Co.)(mfuegemann)(1.0)[VPX][Bagatelle]">
		<description>Cavalcade (Stoner Mfg. Co.)(mfuegemann)(1.0)[VPX][Bagatelle]</description>
		<rom name="Cavalcade.txt" size="717" crc="e185a0c6" md5="f2daa49fae29ad5cd8297ade8b92c876" sha1="79c6038ad6aaeef65cca6829403806c5558f5b73" />
		<rom name="Cavalcade_PF.png" size="1280128" crc="066d091d" md5="cbb8340680351da3344bb680ef4bd71b" sha1="6db0416e727649fe749a2d942fad473587da6550" />
		<rom name="Cavalcade_VPX_1_0.vpx" size="31354880" crc="4a2ee2a6" md5="2058f7b2662c470d5c61175db21f2812" sha1="3e5f9d587101db5a19f0563bae2875dd9decc5c5" />
	</machine>
	<machine name="Cloverleaf (Gottlieb)(1932)(Druadic)(1.4)[VPX06][Flipperless]">
		<description>Cloverleaf (Gottlieb)(1932)(Druadic)(1.4)[VPX06][Flipperless]</description>
		<rom name="1.2/CloverleafVPX.vpx" size="5988352" crc="9d130178" md5="23910f5a9d3c50a3fe2d6d904ec568f7" sha1="d9c4c356752a55c0b524df3a7f58d2d839cdb00f" />
		<rom name="1.2/cloverleafvpxscreenshot_OZY.jpg" size="666070" crc="1a4dfc6c" md5="1830d827db5dc46e008b49317b0f3ce9" sha1="a3d46da1ec82381e0bfdc3928fefb06bbe95a80b" />
		<rom name="1.4/cloverleafscreenshot_8z8.jpg" size="669163" crc="fb32a2cd" md5="86c226aed1a2b432598e5ea99ebe927a" sha1="a6fdbad53e8cd5a1303862d0c4d23b7b10a5c7dc" />
		<rom name="1.4/CloverleafVPX V1.4.vpx" size="5943296" crc="845245a1" md5="098ec6355361b96cb32576bdd5f2fec3" sha1="7c63ec37c4cb2ff06dee10614d265c9be8ed4eeb" />
	</machine>
	<machine name="Coconuts (Amusement Coin Machine)(1932)(Druadic)(1.3)[VPX06][Flipperless]">
		<description>Coconuts (Amusement Coin Machine)(1932)(Druadic)(1.3)[VPX06][Flipperless]</description>
		<rom name="CoconutsSCREENIE.jpg" size="602092" crc="09dfdcb4" md5="10f2837abe27654c55d8df0f0b53dfdd" sha1="563d6b06724bd31eb2a74c008bcdc7d0a3e69cdc" />
		<rom name="CoconutsVPX.vpx" size="1449984" crc="976aaf79" md5="b4bf1f312db3a6f3fcbb06342a601593" sha1="5f74ea5b4191be51a420885b1a17095cbafb19eb" />
	</machine>
	<machine name="Contact Master (PAMCO)(1934)(Druadic)(1.0a)[VPX06][Flipperless]">
		<description>Contact Master (PAMCO)(1934)(Druadic)(1.0a)[VPX06][Flipperless]</description>
		<rom name="Contact Master (PAMCO, 1934) VPX v1.0a.vpx" size="12439552" crc="c2c06c44" md5="33eb83e3b1218ac949af74bfd9570600" sha1="1fa294420d869ff69ef340b41e9ada50bfeb3303" />
		<rom name="Contact Master INFO.txt" size="1800" crc="920482e9" md5="5e4c7cc43d2ec0ab17cb7eef1f464f52" sha1="d64f94ae3565e2ea51fc8587f2ea9b472d76c6c8" />
		<rom name="Contact Master THANX.txt" size="8558" crc="77ffab8c" md5="290075c39612a380e6db99bfe7bbc691" sha1="c4d20e4cf36cdc0debb48d2e90b58f7f6a644eda" />
		<rom name="ContactMaster SCREENIE.jpg" size="552515" crc="f9ef49d7" md5="2e17f8da72f9170aa87a91215d4c1886" sha1="4cce06865f6c616ef80313f53ecf1b6ca2d12abd" />
	</machine>
	<machine name="Corinthian Master (Corinthian)(2015)(J4miePlayer)(1.3)[Bagatelle][dB2S]">
		<description>Corinthian Master (Corinthian)(2015)(J4miePlayer)(1.3)[Bagatelle][dB2S]</description>
		<rom name="Corinthian Master 1.3.directb2s" size="4224564" crc="7ec01534" md5="d4a292b44146ebfe6df063ce85bd7934" sha1="a3e2128251fff44978a113b30b6d40da3825b9ca" />
		<rom name="Corinthian Master 1.3.vpx" size="31141888" crc="ee689421" md5="79b686e1c9b508a35b168f423ef1cf80" sha1="2f9bd60def7e94f1a7d6f0db9f9fbfbc0cc1cbee" />
		<rom name="Corinthian Master Wheel.png" size="250736" crc="4a041179" md5="3c3ca7823e5c30be7eb95c8d84d7d163" sha1="80dba3288ca0e8fb47dc0dd566a8fb266f8ebdbb" />
		<rom name="screenshot.jpg" size="167061" crc="608fbff9" md5="aeb169ccde8c1cfa54694bafe5d2c625" sha1="7d3df310b7a90f0a5f6623a6eeb9aab7b3fdd3d8" />
	</machine>
	<machine name="Daisy (Peo Manufacturing Co.)(1932)(Druadic)(1.1a)[VPX06][concave table]">
		<description>Daisy (Peo Manufacturing Co.)(1932)(Druadic)(1.1a)[VPX06][concave table]</description>
		<rom name="Daisy (Peo Manufacturing Co. 1932) v1.0a.vpx" size="5685248" crc="f59401c5" md5="2d36779fb11e05acbcc3b3170b525296" sha1="24f993f0266d51b7ceee36d71b074318a781961c" />
		<rom name="daisyscreenshotvpx_A4L.jpg" size="468790" crc="de08cea6" md5="fcca7181c68ccefd8fd92a11db8603ec" sha1="5aace694f580bbcfde313823e12858a745f2ec03" />
	</machine>
	<machine name="Dutch Pool (A.B.T)(1931)(Druadic)(1.1a)[VPX06][Flipperless]">
		<description>Dutch Pool (A.B.T)(1931)(Druadic)(1.1a)[VPX06][Flipperless]</description>
		<rom name="Dutch Pool (A.B.T. Manufacturing Company 1931) v1.1a.vpx" size="10514432" crc="4e84c265" md5="f5db7aa33554dbe3bbb133dbed9f07a5" sha1="e6ed00efe1e14d5a58861df6d6bad81b923506b9" />
		<rom name="DutchPoolSCREENIEVPX.jpg" size="623668" crc="f28bb7cd" md5="9042484793928925efaa77efed59ad49" sha1="41647528409e4dbf7d78c17589badff311078a43" />
		<rom name="SPECIAL THANX Dutch Pool.txt" size="3521" crc="4cd6ede6" md5="f09b8483eb5587fad1e288e2b0cccc0d" sha1="557a21e90dffa4a2f2215f74f13500ddd321d228" />
	</machine>
	<machine name="Fleet Jr (Bally)(1933)(druadic)(1.0)[VPX06][Flipperless]">
		<description>Fleet Jr (Bally)(1933)(druadic)(1.0)[VPX06][Flipperless]</description>
		<rom name="Fleet AD 2.jpg" size="439187" crc="42bab3a6" md5="fb5d2b363c185352f3cedb54d884147b" sha1="63d52a905171c6cdbb063365273efe7b3412170d" />
		<rom name="Fleet AD.jpg" size="470507" crc="9a648e18" md5="45f1a4a05f4e5c8fdf211f2b4d094e65" sha1="f9b106d5cc3132061393186e5cf33c1cad5e444c" />
		<rom name="Fleet Jr SCREENIE.jpg" size="554094" crc="050a93af" md5="02c0b520ceb39f449c947182214aa040" sha1="901d965c9601d2a4b1e8583fc66b79948233fc08" />
		<rom name="Fleet Jr VPX6.vpx" size="12152832" crc="9c2ce1b1" md5="0263828ae8995167e1b303e11d9abed1" sha1="7b9d8f561f008a0b0f7e385e2403782f3c17cee9" />
		<rom name="Fleet Jr. RULES.txt" size="3981" crc="16a79725" md5="3dd0d4800e9eaad037550ca89df59152" sha1="549068217144f6830eb3a65a8bb26786481ac5b5" />
	</machine>
	<machine name="Gold Crown (Pierce Tool)(1932)(Druadic)(1.1a)[VPX06][Flipperless]">
		<description>Gold Crown (Pierce Tool)(1932)(Druadic)(1.1a)[VPX06][Flipperless]</description>
		<rom name="Gold Crown (Pierce Tool and Manufacturing Co. 1932) v1.1a.vpx" size="10141696" crc="563f5b93" md5="76de73b95d9f44be09791ccdb3e4bd85" sha1="8d2669dbe4535cb1c22cc37da38d5ce92673754e" />
		<rom name="GoldCrownV1.1VPXSCREENIE.jpg" size="477739" crc="227f09dd" md5="4c04da3d83eb4a53fc1acfb80ca7c53f" sha1="b079d70f2240f0eb2cdb51ff53570e1c83ce8b8c" />
	</machine>
	<machine name="Good Luck (Genco)(1932)(Druadic)(1.1a)[VPX06][Flipperless]">
		<description>Good Luck (Genco)(1932)(Druadic)(1.1a)[VPX06][Flipperless]</description>
		<rom name="120_02_09_19_2_25_30_0.jpg" size="109241" crc="d0820835" md5="eb49cf8bcdc27fc88b6178d64b24f854" sha1="366885b8992227e016d460b0de884cbff26199a0" />
		<rom name="Good Luck (Genco 1932) v1.1a.vpx" size="6856704" crc="85065a98" md5="e96759effbc358441028f8b820ed1071" sha1="f8b7dcfc1da5d5c6346cb808833172967132a48a" />
	</machine>
	<machine name="Grand Casino (J.P. Seeberg Corp,)(1934)(druadic)(1.0a)[VPX][Flipperless]">
		<description>Grand Casino (J.P. Seeberg Corp,)(1934)(druadic)(1.0a)[VPX][Flipperless]</description>
		<rom name="Grand Casino (J.P. Seeberg Corp. 1934) v1.0a.vpx" size="12021760" crc="40c2070f" md5="02023b910da0d7e91d850569e093473b" sha1="47776e08dcc96906e51dc2ba921ed37cfff2de1e" />
		<rom name="Grand Casino IMG.jpeg" size="104763" crc="f49b1251" md5="9563d596943437eacaf8bd81391de464" sha1="c2e30669c901b2e642a909aff7d22dd50c18fcd4" />
		<rom name="Grand Casino RULES.txt" size="2672" crc="1c866da8" md5="dcddc5217409744a3acdc7b409af7d18" sha1="22837564ccea2a07e469284fbdec8cc52a8d7a49" />
		<rom name="GrandCasinoVPXSCREENIE.jpg" size="653494" crc="a8982eaf" md5="13b08a25912b669cc1ad0f1104ec93fa" sha1="96f9b98d4e82842f2008158b4303dfe13019eadb" />
		<rom name="Tribute To J.P. Seeburg.txt" size="7738" crc="ffb9d260" md5="00375054dfdda969ce87ca154db7afc0" sha1="c84687899857d68afa22224531b461034b9375c5" />
	</machine>
	<machine name="Hi Lo Jr. (Northwest Coin Machine Co.)(1932)(Druadic)(1.4a)[VPX06][Flipperless]">
		<description>Hi Lo Jr. (Northwest Coin Machine Co.)(1932)(Druadic)(1.4a)[VPX06][Flipperless]</description>
		<rom name="Hi Lo Junior (Northwest Coin Machine Co. 1932) v1.4a.vpx" size="7778304" crc="92f3234b" md5="863938ec2d8154545080fc36367a6352" sha1="a20b210338a1ae7c42c64abfb69fcf019b83ddee" />
		<rom name="HiLoV1.4VPXSCREENIE.jpg" size="571941" crc="f16dab10" md5="961a0e6997fdbcbf95955d2d614fd163" sha1="f2ee72f92fa57450f6fcad5115f289d607ffa0ee" />
	</machine>
	<machine name="Hi-Skor (Hi-Skor Amusement Co.)(1932)(Druadic)(1.1a)[VPX06][Flipperless]">
		<description>Hi-Skor (Hi-Skor Amusement Co.)(1932)(Druadic)(1.1a)[VPX06][Flipperless]</description>
		<rom name="Hi Skor (Hi Skor Amusement Co. 1932) VPX v1.1a.vpx" size="11923456" crc="484bcb1a" md5="8ffd2b8d3a1fc04f6d7bcb48942dacf5" sha1="e732a1bacc8f307ff155d9b5f08c3f541b9607a9" />
		<rom name="Hi-SkorV1.1VPXSCREENIE.jpg" size="523019" crc="8ae49e85" md5="59512efc852bb50aa783a147aa115336" sha1="47ac82402785fd55510a441c5b1f97d76211f81c" />
	</machine>
	<machine name="Hit or Miss (PAMCO)(1935)(Druadic)(1.0a)[VPX06][Flipperless]">
		<description>Hit or Miss (PAMCO)(1935)(Druadic)(1.0a)[VPX06][Flipperless]</description>
		<rom name="Hit or Miss (PAMCO 1935) v1.0a.vpx" size="8294400" crc="95956d31" md5="a851e22f4c4755e84437b9fc28c1779b" sha1="8ae453d7608bb3a4eb6a675bf79e83192de3bb70" />
		<rom name="hitormissscreenshot.jpg" size="549161" crc="09afbef7" md5="bb457860e8c9e328d30573ccdae62491" sha1="b33ab583237275440c013c6c83bace786be2eca0" />
	</machine>
	<machine name="Hit The Goal (Hercules Novelty Company)(1931)(Druadic)(1.3a)[VPX06][Flipperless]">
		<description>Hit The Goal (Hercules Novelty Company)(1931)(Druadic)(1.3a)[VPX06][Flipperless]</description>
		<rom name="Hit The Goal (Hercules Novelty Co. 1931) v1.3a.vpx" size="8290304" crc="090b934c" md5="933681a45612cfd9fc6f5c3c25140b1b" sha1="cc12ec2c419ba073524ccc6a8586e2fa6708b9dd" />
		<rom name="HitTheGoalORIGINALIMAGE.jpg" size="114762" crc="c5afc9bb" md5="38b46cbeb6f544c98bed048c1fc4e3a2" sha1="49f67bffb8c8092c5b2de8465bf89327cb63a13d" />
		<rom name="HTGSCREENIE1.3VPX.jpg" size="607323" crc="e3995b95" md5="5673338f7ae869cd8b3ed15b74823907" sha1="636e6a807c27417bdb39ed7de7d86243236e4874" />
	</machine>
	<machine name="Hit The Goal - Roll A Ball (Hercules Novelty Co.)(1931)(Druadic)(1.0a)[VPX06][Flipperless]">
		<description>Hit The Goal - Roll A Ball (Hercules Novelty Co.)(1931)(Druadic)(1.0a)[VPX06][Flipperless]</description>
		<rom name="2 in 1 SCREENIE 1.jpg" size="657741" crc="a83e2777" md5="d605e9e4ed44807944e2ed99f50d788b" sha1="f4892aff24b1521f72da10e776bd966b9fe1c8b5" />
		<rom name="2 in 1 SCREENIE 2.jpg" size="699416" crc="7078d6e8" md5="e3abdd993a78cb5096002d0314393a3c" sha1="3d6f7ab96e104cca44a68ecfb89122127d9304c1" />
		<rom name="Hit The Goal Roll A Ball (2 in 1) (Hercules Novelty Co. 1931) v1.0a.vpx" size="8679424" crc="07db87f5" md5="639636495fb7692935422377a2760150" sha1="c75994ef6253ef825a6871fb16eb1fcdb87c0cfc" />
	</machine>
	<machine name="Horseshoe (Mini) (A.B.T.)(1931)(Druadic)(1.1a)[VPX06][Flipperless]">
		<description>Horseshoe (Mini) (A.B.T.)(1931)(Druadic)(1.1a)[VPX06][Flipperless]</description>
		<rom name="Horseshoe (Mini) (A.B.T. Manufacturing Company 1931) v1.1a.vpx" size="11071488" crc="401bac8d" md5="613b129ac4fee8e1460d86daefffab1c" sha1="7f9df65efc8d74eb4a3805abec0e78809d8fddc8" />
		<rom name="HorseshoeMiniSCREENIEVPX.jpg" size="441378" crc="7b7a8130" md5="5ba3a184629f4c089286f31725efcad5" sha1="1e049d80990ebcf0b6d95b109cd24fd8aa238c7f" />
		<rom name="SPECIAL THANX Horseshoe Mini.txt" size="3729" crc="a3d320a7" md5="28fa06ed12c17b487912b0dab828341f" sha1="2d725387f6c5736492f6464c6d5b4e16f1e44a99" />
	</machine>
	<machine name="Hunter (Jennings)(1935)(Warbler33, mfuegemann)(1.07)[VPX06][Novelty Play]">
		<description>Hunter (Jennings)(1935)(Warbler33, mfuegemann)(1.07)[VPX06][Novelty Play]</description>
		<rom name="Hunter2.png" size="673140" crc="22743e99" md5="d17a810873eaf59c6a41a1e85a4e1242" sha1="f48dccb4448dff080abf626622d5b6b349984099" />
		<rom name="Hunter (Jennings 1935) 1.07.directb2s" size="12474392" crc="489cc659" md5="919aad96bdbc1e335ba5366fb18ecdda" sha1="c4cbab6a0457db466dfb9b2928444928b0e92e62" />
		<rom name="Hunter (Jennings 1935) 1.07.vpx" size="22085632" crc="cfb2b745" md5="fd2fb818662f1ebbaf00f6e6d8703d58" sha1="122a16dc4394279fa4bab4eaeafb918a82e0c193" />
		<rom name="Hunter non-tarcisio.png" size="203807" crc="9b961020" md5="f3fdf39974224b4bff6205264c83d2ae" sha1="19be35f4a0144777e9f937c67a71ca2ec1f7baec" />
		<rom name="screenshot.jpg" size="1566102" crc="37af677e" md5="51891e2240f4464dc6d0b9e3a00134f3" sha1="be2217dccd1137e756a484e1e41214a2b05bafd8" />
	</machine>
	<machine name="Ice Cold Beer (Taito)(1983)(mfuegemann (VP9), 32assassin (0.9)[VPX06][Bingo machine]">
		<description>Ice Cold Beer (Taito)(1983)(mfuegemann (VP9), 32assassin (0.9)[VPX06][Bingo machine]</description>
		<rom name="Ice Cold Beer (Taito 1983).vpx" size="17391616" crc="622de05c" md5="02d331122ac2826641c8867046ad373e" sha1="f3ff1eba8704cc559aee85119a6e22ae3d9c137e" />
		<rom name="Ice-Cold-Beer-600x338-1038x584.png" size="261038" crc="eb773b3e" md5="3829020d31004ea04e1e501eb458c2bc" sha1="3cd724f4555eeb25c326790b4d06b7ab15b8fc9b" />
	</machine>
	<machine name="Joker Wild (Bally)(1970)(updon719, HSM)(1.0)[VPX06][Flipperless]">
		<description>Joker Wild (Bally)(1970)(updon719, HSM)(1.0)[VPX06][Flipperless]</description>
		<rom name="Joker Wild (Bally 1970) Wheel.png" size="33374" crc="be43225d" md5="668c2cfe94e2e87ab3be76dc530bce3e" sha1="8755b93ac8d9457da8e8b3e827980ae4476a1784" />
		<rom name="Joker Wild (Bally 1970).directb2s" size="3547798" crc="455921f7" md5="83bf27eeb92c2f5e85e744f50ed2d87d" sha1="9b2d4285bcdf5c421c53a92af99b83739ec29d1a" />
		<rom name="Joker Wild (Bally 1970).png" size="258870" crc="8abcd4e3" md5="89e852445573c77469d6c67a19b6e7de" sha1="4d81d780fc3f51fede4b3100f070a9595e86e3bf" />
		<rom name="Joker Wild (Bally 1970).vpx" size="16584704" crc="c5a756f9" md5="fa40daf12c5743da66411f9f2b650c79" sha1="edbe2985458e8aae4d11bea5733a0d0a02f53a5d" />
		<rom name="screenshot.png" size="5289046" crc="19d0fa46" md5="e4264d7b512670466e5aebe72c79f2ca" sha1="6747b44e566009ce046065297017f9011770d477" />
	</machine>
	<machine name="Line Drive (Williams)(1972)(tgx, Pinuck (VP9))(1.0.0)[VPX06][Bat Game]">
		<description>Line Drive (Williams)(1972)(tgx, Pinuck (VP9))(1.0.0)[VPX06][Bat Game]</description>
		<rom name="Line Drive (Williams 1972).vpx" size="8454144" crc="4a51091c" md5="70d92a57f642818661edb1d3496e7ec6" sha1="e17897cbfb834364ae76648548f593c18d3b4a22" />
		<rom name="line-drive--williams-1972-.png" size="3197970" crc="290ee210" md5="bf72f70e27838aafd7c2f6c71cc3dcbc" sha1="04e0ab038cedc470167d0ee491fc78da6d835739" />
	</machine>
	<machine name="Major League (PAMCO)(1934)(Warbler33)(0.40)[VPX06][Bagatelle][DOF outhere]">
		<description>Major League (PAMCO)(1934)(Warbler33)(0.40)[VPX06][Bagatelle][DOF outhere]</description>
		<rom name="Major League (PAMCO 1934) 0.40 DOF.directb2s" size="26264854" crc="3622deca" md5="672344f503ef158ff5eb09149f9b06dd" sha1="4063c47146476809789d5d0fbe2fd56b9a44fc0a" />
		<rom name="Major League (PAMCO 1934) 0.40 DOF.vpx" size="27156480" crc="a14138e6" md5="5942bc99e43dc8d692d5e13cd625fe61" sha1="cddb71efacbc4e5825ce8ca452594d43cf8f97dd" />
		<rom name="Major League (PAMCO 1934) non-tarcisio.png" size="310790" crc="3d799b23" md5="2a0bc12da87504350d981866c4c9a98c" sha1="a084d8b9cbb0b0f4f890d534d8c45c07390a9076" />
		<rom name="Major League (PAMCO 1934).png" size="1040773" crc="44cf947d" md5="62624e61e722e21d09d8e0a7035be54a" sha1="bc8ec58b6379481b00950460b4774a6786241812" />
	</machine>
	<machine name="Maple Leaf, The (Automatic Industries Limited)(1932)(Druadic)(1.0a)[VPX06][Flipperless]">
		<description>Maple Leaf, The (Automatic Industries Limited)(1932)(Druadic)(1.0a)[VPX06][Flipperless]</description>
		<rom name="SPECIAL THANX Maple Leaf.txt" size="2760" crc="4910b943" md5="95cf7b47e755cbc135ce64f0074181e7" sha1="94d8a09b9aa44b7e320ff5674cdd540f8caad339" />
		<rom name="The Maple Leaf (Automatic Industries Ltd. 1932) v1.0a.vpx" size="10661888" crc="60cc0ee8" md5="719b7a403a1572e7bd5b89de2fff2ed6" sha1="99660ed08519197fc86dbe3375d2cca232091f8b" />
		<rom name="TheMapleLeafSCREENIEVPX.jpg" size="516370" crc="ed575829" md5="a86f9d96373fbe24beef0bbd23b22a03" sha1="1fbc9e3be658764fb52fb94f9ef37eb90b38ee23" />
	</machine>
	<machine name="Merry-Go-Round (Gottlieb)(1934)(Romolo)(1.0)[VP995][Flipperless]">
		<description>Merry-Go-Round (Gottlieb)(1934)(Romolo)(1.0)[VP995][Flipperless]</description>
		<rom name="Merry-Go-Round34 ss.jpg" size="117261" crc="0bf0b190" md5="371bb64ca94e66c43940d2389e08f98a" sha1="c468a101b87a1fb41ab19c8e58789aacd25c4e75" />
		<rom name="Merry-Go-Round (Gottlieb 1934)VP995.vpt" size="3117056" crc="127f1d8e" md5="691a313a961b6b4e5ace8a156d02859b" sha1="05019357ee3cef9c809d3fd1cd9a6f4157c3670d" />
	</machine>
	<machine name="Merry-Go-Round (Unknown)(1932)(Romolo)(1.0)[VP995][Flipperless]">
		<description>Merry-Go-Round (Unknown)(1932)(Romolo)(1.0)[VP995][Flipperless]</description>
		<rom name="Merry-Go-Round (Unknown 1932)VP995.vpt" size="2859008" crc="c80ef0a5" md5="16fbab0255ee90354180d3272bfa2e54" sha1="f7fb12e245c439a3d390dd1a2314f91307a9c250" />
	</machine>
	<machine name="Mexican Baseball (Daval)(1947)(Druadic)(1.6a)[VPX06][Skill Machine]">
		<description>Mexican Baseball (Daval)(1947)(Druadic)(1.6a)[VPX06][Skill Machine]</description>
		<rom name="Mexican Baseball (Daval 1947) v1.6a.vpx" size="6348800" crc="d50527ad" md5="52962a63d0bd7a34973de726cfb804e6" sha1="093ee341410507d84fe50bd2d13badf812253cc4" />
		<rom name="mexicanbaseballscreenshot_g02.jpg" size="427915" crc="9dcc889e" md5="626cc65da14707e14f044a81a6aceb43" sha1="097de063ee5cece87554ae46f3397c659b8903cc" />
	</machine>
	<machine name="Mexican Baseball (Daval)(1947)(Druadic)(2.0a)[VPX06][Alternate][Skill Machine]">
		<description>Mexican Baseball (Daval)(1947)(Druadic)(2.0a)[VPX06][Alternate][Skill Machine]</description>
		<rom name="MexBaseballSCREENSHOTALT2.jpg" size="426463" crc="84c5fcb6" md5="7552314c11eb96bf95631562e389be47" sha1="3def3bf5adf7fab033f5325d2d2dd3f8c4ee7dab" />
		<rom name="Mexican Baseball (Daval 1947) vALT. 2a.vpx" size="6615040" crc="7ef6a24f" md5="259231a465d2b997f5d1fddb52295f56" sha1="8552da0bd7ff8e29b7043f66d208e8eca44bc036" />
	</machine>
	<machine name="Midget Hi-Ball (Peo Manufacturing)(1932)(Druadic)(4.1a)[VPX06][Flipperless]">
		<description>Midget Hi-Ball (Peo Manufacturing)(1932)(Druadic)(4.1a)[VPX06][Flipperless]</description>
		<rom name="MHB4.1VPXSCREENIE.jpg" size="639160" crc="40e0aa88" md5="cc5a41068e6eb07fdc0e389f9c02772d" sha1="34bff2f2366273971114206c54512b0496c916d2" />
		<rom name="Midget Hi Ball (Peo Manufacturing Corporation 1932) v4.1a.vpx" size="7426048" crc="5d1df46b" md5="157c790ecf6e198e3d53031dffe9cfaf" sha1="dd8870eb7b126536cdcbeb579cad4c192152292d" />
	</machine>
	<machine name="New Century (Genco)(1933)(Druadic)(1.0a)[VPX06][Flipperless]">
		<description>New Century (Genco)(1933)(Druadic)(1.0a)[VPX06][Flipperless]</description>
		<rom name="New Century (Genco 1933) v1.0a.vpx" size="16523264" crc="60723874" md5="81bb89ba78180e2ee0b60937fb3fa365" sha1="580befc29e5de0b317b9b782188d56c62b2e2ccc" />
		<rom name="newcenturyvpxscreenshot_g4Z.jpg" size="539323" crc="9216fd85" md5="4208cc476d414880676de73e0febaaf9" sha1="5f6830c889f5cef5f76152b855f4d16eca633455" />
	</machine>
	<machine name="Nudgy (Bally)(1947)(Scottacus, Bord, OneVox)(1.05)[VPX06][Rolldown Game][VR]">
		<description>Nudgy (Bally)(1947)(Scottacus, Bord, OneVox)(1.05)[VPX06][Rolldown Game][VR]</description>
		<rom name="Nudgy (Bally 1947).directb2s" size="1690482" crc="2b05add3" md5="2e55202589c8ec6be597676cd2f8c2bc" sha1="d57c2843d78d87ac492f81a487902c951fbe692d" />
		<rom name="Nudgy (Bally 1947).vpx" size="201248768" crc="10e90940" md5="80b097e089bcbcf1fba1fca7a111288b" sha1="74d87a1da8992022de6f61eaabd748703f010674" />
	</machine>
	<machine name="Octopus (Nintendo)(1981)(STAT)(1.0a)[VPX04][Other]">
		<description>Octopus (Nintendo)(1981)(STAT)(1.0a)[VPX04][Other]</description>
		<rom name="1.0a/Octopus (Nintendo 1981).directb2s" size="6297242" crc="17d87329" md5="ca31bfd4e1b40460f3615d2024ceefe9" sha1="9a3361cb849db7d02c21fe8775c906b710e62f76" />
		<rom name="1.0a/Octopus (Nintendo 1981).vpx" size="1384448" crc="150594dd" md5="ae21054f812f7a72cef71b68fb0742a8" sha1="2633ea0d4d2148e52a9d818cd815de97633cdebf" />
		<rom name="1.0/Octopus (Nintendo 1981).directb2s" size="6297242" crc="17d87329" md5="ca31bfd4e1b40460f3615d2024ceefe9" sha1="9a3361cb849db7d02c21fe8775c906b710e62f76" />
		<rom name="1.0/Octopus (Nintendo 1981).vpx" size="1384448" crc="150594dd" md5="ae21054f812f7a72cef71b68fb0742a8" sha1="2633ea0d4d2148e52a9d818cd815de97633cdebf" />
		<rom name="b2s haggi mod mit backglass 2/backglass2.png" size="2394087" crc="1b196fb6" md5="77345ada1ddfc8cd371d11473d2284f2" sha1="fb0d5576d52abef6a0684db047f40dbffecec5eb" />
		<rom name="b2s haggi mod mit backglass 2/Octopus (Nintendo 1981) 1.0a.directb2s" size="6489904" crc="66b5c15e" md5="715d83053831b908d71692d9930ecd75" sha1="4c360734866fe59f8388c6d286575be2e351ffd1" />
		<rom name="b2s orginal mit Backglass 1/Backglass 1.png" size="6698871" crc="9874d1af" md5="8888e9a30de7822423b722f473072f1e" sha1="7f5b1a16623483a8e899e2c71ccd58a75b46de44" />
		<rom name="b2s orginal mit Backglass 1/Octopus (Nintendo 1981) 1.0a.directb2s" size="18262923" crc="60f28587" md5="918842010383f92e8fe03abf06b5305d" sha1="e5aaa3c6f3225943668067c3595913dc199abeda" />
		<rom name="b2s orginal mit backglass 2/backglass.png" size="5942331" crc="fa9ed0a4" md5="c240815b41b2c453c46f34d7287b6b06" sha1="8e2bc5d8d2c6d0289b1b22a61b12bb6469c0d6ab" />
		<rom name="b2s orginal mit backglass 2/Octopus (Nintendo 1981) 1.0a.directb2s" size="16829446" crc="550d67b1" md5="b62b7c31f30db120879e5975d16dcc25" sha1="251dd9a87b54197ab0822ace9ad54b2c1281af64" />
		<rom name="octopus--nintendo-1981-.jpg" size="129880" crc="17509808" md5="b38cb1334154aaab8791aa2a055cfc0e" sha1="717e2ca91946c3c8855275fe6182396ab961081e" />
		<rom name="oncab.jpg" size="213029" crc="baa6b30e" md5="a4d8e8d52b789e5c4a6bcbd7c435072b" sha1="a1f6ec259d3534209ed2adc6dfbd701ea7fdc43f" />
	</machine>
	<machine name="Play A Hand (Giepen)(1950)(Druadic)(1.0a)[VPX06]">
		<description>Play A Hand (Giepen)(1950)(Druadic)(1.0a)[VPX06]</description>
		<rom name="Author Notes.txt" size="4593" crc="0e5f77d1" md5="9a98975fdd0e711399beafe022942dd9" sha1="a96ec0ae78ccbd385df20bb5df756498022d1180" />
		<rom name="PAH SCREENIE.jpg" size="597282" crc="b928a3af" md5="1a6299df3b2a8a77a6da823974eedffd" sha1="ec010c26124c72cdaa24877883837ff2d13805d3" />
		<rom name="Play A Hand (Giepen 1950) v1.0a.vpx" size="13287424" crc="daeb977f" md5="1b54ad1d9c593ebc1238aaa4da34530f" sha1="0ff36966f02655c6f954bc1e1d092f0cf7f5e5ae" />
	</machine>
	<machine name="Player's Choice (Betco Products, Inc.)(1945)(1.0)[VPX06][Flipperless]">
		<description>Player's Choice (Betco Products, Inc.)(1945)(1.0)[VPX06][Flipperless]</description>
		<rom name="PChoice5 VPX6.vpx" size="13426688" crc="5280c915" md5="66911832f4ada48460b9e74889eceaef" sha1="77b3db57f5754afc14f89f36bb4022f85ccd9b1e" />
		<rom name="PChoice FRONT LABEL.png" size="1204226" crc="6b42dfbe" md5="d1efd266da2d82053d26b5b947b93897" sha1="11bcc873df21a6f9b455868dd0748bc65a9aa380" />
		<rom name="Players Choice RULES.txt" size="1792" crc="31d337b2" md5="6ad7a935a3bdf8d9228a91b27500ddbe" sha1="1dc3a480b1dd94e5da288cbd75cdd941050218b0" />
		<rom name="Players Choice SCREENIE.jpg" size="555433" crc="b813549e" md5="7f3b539222063d705c6bfd1fbda1a575" sha1="b16e62ba39815134521ec26add147e7e0122a46e" />
	</machine>
	<machine name="Polo Skill (A. Pirmischer)(1931)(Druadic)(1.0a)[VPX06][skill machine]">
		<description>Polo Skill (A. Pirmischer)(1931)(Druadic)(1.0a)[VPX06][skill machine]</description>
		<rom name="Polo Skill (A. Pirmischer 1931) v1.0a.vpx" size="9801728" crc="01f82092" md5="9a5e1686d168f715e93b95677cdd7926" sha1="519300d342e8c1681da1b501fad26314b312b147" />
		<rom name="Polo Skill RULES.txt" size="4910" crc="978101e4" md5="f7296be32a7073235c3d057b2cc6491b" sha1="e230683db5eaff4f77014aea27e8f6bb7f2335f4" />
		<rom name="PoloSkillSCREENIEVPX.jpg" size="576042" crc="9e56170a" md5="9448459f5d472d84b1321106ba44286f" sha1="8ba0378e04fd9183e52b40f57a17546fbf19c309" />
	</machine>
	<machine name="Roller Derby (Bally)(1960)(HSM)(2.0)[VPX06][Bingo machine]">
		<description>Roller Derby (Bally)(1960)(HSM)(2.0)[VPX06][Bingo machine]</description>
		<rom name="1.0/Bally Roller Derby 1.0.vpx" size="36974592" crc="71ea5f91" md5="348000bba71a5df72ad779e3596b3615" sha1="f09decbe8b1777889dda06e3fdea554e6b717e30" />
		<rom name="1.0/Bally Roller Derby.directb2s" size="4413613" crc="d426a4c0" md5="fd73cfb5d6aa4c9e5777d6802871621a" sha1="6fec34c6eefe214226915673c02d452e7ea1f291" />
		<rom name="1.0/ss1.png" size="2296203" crc="ff9c2807" md5="7883abdf791d22d82b4d91a110f5c58d" sha1="95562fff73e14308a73b27c37d50476cedd3f277" />
		<rom name="1.0/ss2.png" size="1399666" crc="2d3fd538" md5="19ff088ff1ab5393d82e04cc3840cc94" sha1="42d074c30b2cdde6773fe8662627e55301cf81e4" />
		<rom name="2.0/Bally Roller Derby 2.0.directb2s" size="7995471" crc="72fe02b8" md5="c958a5c3fc85bc26a3de2da26304967b" sha1="2e42d0802936fdf83758216483116f5358c6ce5d" />
		<rom name="2.0/Bally Roller Derby 2.0.vpx" size="43991040" crc="e0f7b864" md5="a8524e0fe22c187d75eed1901b9785b8" sha1="909fc387a67fd287395bd4a44ec0ab89f4248226" />
		<rom name="2.0/rderby-ss1.png" size="2296203" crc="ff9c2807" md5="7883abdf791d22d82b4d91a110f5c58d" sha1="95562fff73e14308a73b27c37d50476cedd3f277" />
		<rom name="2.0/rderby.png" size="1842119" crc="dfca92c9" md5="b411e0cb0473cb6b93517766d7167670" sha1="76fcd993ec26d1257f49e54410e31e59a43e4fc9" />
	</machine>
	<machine name="Rollet (The Barok Co.)(1931)(Druadic)(1.2a)[VPX06][Flipperless]">
		<description>Rollet (The Barok Co.)(1931)(Druadic)(1.2a)[VPX06][Flipperless]</description>
		<rom name="Rollet (Barok Co. 1931) v1.2a.vpx" size="8351744" crc="37fb020f" md5="a21856741c373654555a0aee6e2ae78b" sha1="f3548528fb0bebf8c2d5b532c9d5199d061cecdb" />
		<rom name="RolletV1.2VPXSCREENIE.jpg" size="484452" crc="42378013" md5="346a964c3a59a21429fdc093952f2614" sha1="56aed383193c3e31c19cd582c14110d0d7a5c97c" />
	</machine>
	<machine name="SCRAM! (Hutchison Engineering Co.)(1932)(druadic)(1.0b)[VPX06][Tabletop]">
		<description>SCRAM! (Hutchison Engineering Co.)(1932)(druadic)(1.0b)[VPX06][Tabletop]</description>
		<rom name="SCRAM (Hutchison Engineering Co. 1932) v1.0b.vpx" size="9842688" crc="b66f57aa" md5="4821f0d85ea105f4b79b2d7546abd07c" sha1="4e5f78dd1cd77581a2c51609cefe66497903a4b0" />
		<rom name="scramscreenshot_71h.jpg" size="540253" crc="0d305917" md5="ebea63db1cdab3e3cb6cc9074c6155ad" sha1="436c7a13b5649c0445955de40fcde3dce1d3aa18" />
	</machine>
	<machine name="Scramball (Keeney)(1958)(druadic)(2.1a)[VPX06]">
		<description>Scramball (Keeney)(1958)(druadic)(2.1a)[VPX06]</description>
		<rom name="Scramball (Keeney 1958) v2.1a.vpx" size="2392064" crc="ccbc59ea" md5="cb4ad58be82cdf8b2691110c5763f0fa" sha1="b5fd1009b20c90971138c75cb541ffcc46b8a5c2" />
	</machine>
	<machine name="Sharpshooter (Bally)(1961)(Rascal)(1.0)[VPX06][DT+FS+dB2S][Shooting]">
		<description>Sharpshooter (Bally)(1961)(Rascal)(1.0)[VPX06][DT+FS+dB2S][Shooting]</description>
		<rom name="Instructions to install.txt" size="1180" crc="4849b92a" md5="200759add2bdab05673360efb0985e41" sha1="2580a21e26d5bb20e2a8636c0de065048c08705a" />
		<rom name="setup.exe" size="607232" crc="4cd14850" md5="e4d0705ae78f2c12fe7b58e22d6cac3b" sha1="af12ae8dbd71ebeda86c10a684309841c4b9b976" />
		<rom name="Sharpshooter - Bally 1961.directb2s" size="1650517" crc="7bc55f52" md5="f97bb1de665fcdae54bfb6fba7bfd0f6" sha1="acda801be5f1f82ec22e75b05e399dacb3a9f8c2" />
		<rom name="Sharpshooter - Bally 1961.vpx" size="45973504" crc="e8553be5" md5="0c37ced7e41168d88bbc50471d57433d" sha1="d6614f47372d9431da39a182f1f0f80dcd4722ed" />
		<rom name="sharpshooterlogo.png" size="122822" crc="d713865a" md5="1c3c42e4a1bde6a47cefe79ff6e392ac" sha1="e777ed91e08e708e1b63b47bdcbda3fc9fd9859d" />
		<rom name="sharpshooterssb2s.jpg" size="507040" crc="cb35fb97" md5="1caf6e64bb5dfc7aa287c879af244f7c" sha1="e23b31cd40fd712e95130bab023e4b25a8b61854" />
		<rom name="sharpshooterssdt.jpeg" size="425037" crc="d96bbe27" md5="cf9eb5d7618d6882512ccee71ab9cf08" sha1="5d25f55a8dc704e6f24caae932c2b9dba4f13067" />
		<rom name="sharpshooterssfs.jpg" size="413941" crc="b35370fd" md5="281c90d5a0bfdd4a430bc856caae231d" sha1="5c74a5b44dfad97f96917ed5f5afd26d545b009e" />
		<rom name="vpmjinput.vbs" size="5898" crc="f6aab4c0" md5="31f35c5c57bf3754f958200a320cb90b" sha1="221e03776c10059bd764f304a934c24a29bd46bc" />
		<rom name="VPMouseJoystickInputSetup.msi" size="673792" crc="734a6650" md5="922b6910cf5db2a38eb1091604b1873b" sha1="2d5b1b965ed528d36e032cb83e849bee01f1d0f8" />
	</machine>
	<machine name="Shooting Star (Daval)(1934)(Druadic)(1.1a)[VPX06][Flipperless]">
		<description>Shooting Star (Daval)(1934)(Druadic)(1.1a)[VPX06][Flipperless]</description>
		<rom name="Shooting Star (Junior) (Daval Mfg Company 1934) v1.1a.vpx" size="10108928" crc="6fdd1011" md5="574b3c4fbbe9e1494c3182481461c680" sha1="cca40394543933c76c8edd558f54bbac31c18603" />
		<rom name="Shooting Star RULES.txt" size="1750" crc="c5e48999" md5="ad50227a647603277988fa328378c4c9" sha1="afc84243201931dfa630eaaaaeb522f2f06b2b57" />
		<rom name="ShootingStarJrSCREENIEV1.1VPX.jpg" size="453023" crc="d6f928a2" md5="caa61ff810c4557229e038f7be1a95c8" sha1="464145c128ec02515dfa47e84fff9eecea3157b0" />
	</machine>
	<machine name="Silver Cup (Genco)(1933)(Druadic)(1.0a)[VPX06][Flipperless]">
		<description>Silver Cup (Genco)(1933)(Druadic)(1.0a)[VPX06][Flipperless]</description>
		<rom name="screenie.jpg" size="606711" crc="bc5e3a56" md5="01d02c7b7e50d723f5a156385069c3b7" sha1="db86aa777f1702ce24e4813da59a9a99f34e98f2" />
		<rom name="Silver Cup (Genco 1933) v1.0a.vpx" size="17707008" crc="95d14bdd" md5="1ab8e7fe3603ed66b4adfa5e3827f052" sha1="e84de66d6d5630b3fb5b87e57d8315cc1cd63713" />
	</machine>
	<machine name="Silver Line (Billport)(197x)(JPSalas)(1.0.1)[VPX05][Game]">
		<description>Silver Line (Billport)(197x)(JPSalas)(1.0.1)[VPX05][Game]</description>
		<rom name="Silver_Line_1.0.0.vpx" size="4386816" crc="03feb693" md5="adfd2a5e7c1e4129d27a135ee45c9e9b" sha1="a7e1ea5e260a6e97897b2096457763241a89dc71" />
		<rom name="Silver_Line_1.0.1.vpx" size="4386816" crc="ff42c6b4" md5="82542a15f3bdac2c7e6b45ca6ff1552a" sha1="f9ea9925787721b354b08f49b8a750b6971df178" />
		<rom name="silver_line_100.jpg" size="789998" crc="2505866e" md5="5fb7a0a35ee987e35ba4de371a9b21e2" sha1="1e8646ed7810da3ec3fce3edaecdd7f797939375" />
	</machine>
	<machine name="Silver Streak (Bally)(1935)(Druadic)(1.4a)[VPX06][Flipperless]">
		<description>Silver Streak (Bally)(1935)(Druadic)(1.4a)[VPX06][Flipperless]</description>
		<rom name="Silver Streak (Bally, 1935) VPX v1.4a.vpx" size="9052160" crc="48d5ca31" md5="a27f441625bf11d8cfdbba2bab355e08" sha1="b73773e16c6ba8734be76f1489192f2a5f6849f0" />
		<rom name="silverstreaksnapshotvpx_910.jpg" size="554502" crc="99ca2646" md5="f3e206cee8864de94e8e0ad4299468a5" sha1="33f749dc4d747b3427b318167677dc455a0917d3" />
	</machine>
	<machine name="Skill Cards (Giepen)(1961)(Druadic)(1.1a)[VPX06][Flipperless]">
		<description>Skill Cards (Giepen)(1961)(Druadic)(1.1a)[VPX06][Flipperless]</description>
		<rom name="Skill Cards (Giepen Associates Inc. 1957) v1.1a.vpx" size="10584064" crc="9a5766c5" md5="67dfe5042c686aea23333e02c7a13cfe" sha1="b401e633e5066fea84bd4fed6580abe92ba146fd" />
		<rom name="SkillCards 1957 ORIGINAL IMG.jpg" size="400184" crc="c8797c27" md5="598ad58513fa1893996e91348fac55ca" sha1="abe92bcbd20ecdf20f4360e3c509b2c57111d67e" />
		<rom name="SkillCardsV1.1VPXSCREENIE.jpg" size="604042" crc="0512f17b" md5="02463f61dda911bf1380c82f8496d376" sha1="3a44a3f842931f092db65f3d8d57b2dcdda3e0cf" />
	</machine>
	<machine name="Sky Ride (Genco)(1933)(Druadic)(1.1a)[VPX06][Flipperless]">
		<description>Sky Ride (Genco)(1933)(Druadic)(1.1a)[VPX06][Flipperless]</description>
		<rom name="Author Notes Sky Ride.txt" size="6500" crc="29371c83" md5="ff49e7bea9245588745b7aa98ba6c600" sha1="d0cab0f3b465e76ece85137cd0a132394eef1a1d" />
		<rom name="Sky Ride (Genco, 1933) v1.1a.vpx" size="13336576" crc="312499d1" md5="302b93694ef80b5ef12996c9f1d96ce7" sha1="af8a431f7850a70be5983ca00a8590c1535cf1f6" />
		<rom name="SkyRideV1.1SCREENIEVPX.jpg" size="747888" crc="fa9b0c4e" md5="99b21ab2747de45b03cf2263fa2c4620" sha1="ef2d8e970f929bc667497d6410ce7ef4708f9720" />
	</machine>
	<machine name="Solo (The Ad-Lee Company)(1935)(druadic)(1.0)[VPX06][Payout Machine]">
		<description>Solo (The Ad-Lee Company)(1935)(druadic)(1.0)[VPX06][Payout Machine]</description>
		<rom name="Solo RULES.txt" size="2689" crc="6366004e" md5="956f75116cc74108d277dc1784ccbee8" sha1="064d25dafd880777c2002af00247aa61f7d5fd48" />
		<rom name="Solo SCREENIE.jpg" size="525546" crc="20195444" md5="c8be7103fe0910315acaa022194cc12e" sha1="a6118e08133d2f163a3b2aee6b58219448c49f0b" />
		<rom name="Solo VPX.vpx" size="11997184" crc="3718fdcd" md5="b4726f3a23bcd09f9b089b37a1183ecd" sha1="c3af2d48eabc573105112ebf0237a8c105dcf5d4" />
	</machine>
	<machine name="Spitfire (Genco)(1935)(druadic)(2.0)[VPX06][Flipperless]">
		<description>Spitfire (Genco)(1935)(druadic)(2.0)[VPX06][Flipperless]</description>
		<rom name="Genco Spitfire AD.jpg" size="1003992" crc="9c2ce554" md5="8c1a5cddf347e1ca0223e55dd72745cf" sha1="46024ae6ab7fff6d325ba366b95fb70425a0eeda" />
		<rom name="Spitfire RULES.txt" size="4074" crc="86e02076" md5="ba63f4afc3f7f15eca7fd609276218fd" sha1="d5a0bc8b580b660e5fb5db11a5a5aca0f0c02b10" />
		<rom name="Spitfire SCREENIE.jpg" size="592606" crc="ff5d9b86" md5="9d0080e38b9874d7d7ff01647a0ab126" sha1="f3e73652b27568396ea41d46ed58c93b030e5b13" />
		<rom name="Spitfire VPX6 2.vpx" size="15355904" crc="41012575" md5="99294cc12d655684e6786e71285718a8" sha1="4bcfc840a83c414c51700ee74b21ab3dc789daf9" />
	</machine>
	<machine name="Star Light  (Durable Toy &amp; Novelty Corp.)(1930)(bord)(1.0)[VPX06][Bagatelle]">
		<description>Star Light  (Durable Toy &amp; Novelty Corp.)(1930)(bord)(1.0)[VPX06][Bagatelle]</description>
		<rom name="Star-Light (Durable Toy &amp; Novelty Corp. circa 1930).vpx" size="46006272" crc="4e8c42a0" md5="3220d38009a909dc15e2b325c0cfe221" sha1="33aa99cf3f80a08a4a20153f0e0758bd91d2d261" />
	</machine>
	<machine name="Ten Strike Classic (Benchmark Games Inc.)(2003)(Rascal, Wizards_Hat)(1.1)[VPX06][Bowling]">
		<description>Ten Strike Classic (Benchmark Games Inc.)(2003)(Rascal, Wizards_Hat)(1.1)[VPX06][Bowling]</description>
		<rom name="1.0/Ten Strike Classic (Benchmark Games, Inc. 2003) v1.directb2s" size="6541449" crc="31c0ca68" md5="8bb3d29e3c5627372f4accaa3f3d984a" sha1="7e94db215de109e3049676242d026e5e3c077572" />
		<rom name="1.0/Ten Strike Classic (Benchmark Games, Inc. 2003) v1.vpx" size="43241472" crc="fee34ad3" md5="7cdeba46ea1ecdb45b365af1087db661" sha1="019742845ac49f2fdfd01bf093a986ec109f4c94" />
		<rom name="1.1/Ten Strike Classic (Benchmark Games, Inc. 2003) v1.1.directb2s" size="6541449" crc="31c0ca68" md5="8bb3d29e3c5627372f4accaa3f3d984a" sha1="7e94db215de109e3049676242d026e5e3c077572" />
		<rom name="1.1/Ten Strike Classic (Benchmark Games, Inc. 2003) v1.1.vpx" size="43507712" crc="16b0ed06" md5="365dd034012de17af23e208f66e0a94a" sha1="d5fe3ab5205c8723c43fcbb93a010a8a79566983" />
		<rom name="ten-strike-classic--benchmark-games--inc-2003--v1.jpg" size="198782" crc="9cd4fac3" md5="e040b92d0410ee81b07024a392950641" sha1="13ef2889bde18af631f3f1b492eed586cf89a040" />
		<rom name="tenstrikeclassicssdt.jpg" size="538437" crc="ddd4f80b" md5="c4e97fb0f648c0441c39e4ab78280791" sha1="daa79f40f60a2cc1289ab13a244372106222ffa4" />
		<rom name="tenstrikeclassicssfs.jpg" size="433668" crc="bd0d3768" md5="8c99bd0d9bfcbfdbef40e5571fd78f46" sha1="fd86c3c33cd2d3d48f872cff9da156e404363695" />
		<rom name="tenstrikeclassicwheel.png" size="167892" crc="801e2c88" md5="c09ad652d3f3986b519a3ca399e8ca16" sha1="3fb07ef774470b07f1ebc832699c2062847f8efc" />
	</machine>
	<machine name="Ticker (Bally)(1933)(druadic)(1.0b)[VPX06][Flipperless]">
		<description>Ticker (Bally)(1933)(druadic)(1.0b)[VPX06][Flipperless]</description>
		<rom name="Ticker LABEL PART.png" size="202116" crc="2afad92d" md5="1bd00977e4b430787fc817b60845301c" sha1="01f57fca71149b43ff8a52637958736505a90cd5" />
		<rom name="Ticker RULES.txt" size="2473" crc="9846dae2" md5="5210210e4cd5f854ae0f0608e69c2ca0" sha1="3a8eb39233111b33ee816add2b734a16efa37061" />
		<rom name="Ticker SCREENIE.jpg" size="598938" crc="69bf4016" md5="e4a9de42605ee8b519f1071503dcaee2" sha1="9239e9a52a27a6bdf065affa3ddc1d54a02ba502" />
		<rom name="Ticker VPX6.vpx" size="12808192" crc="e6edc633" md5="897f1263d9608a8040be7318d10a48ef" sha1="26283db056c82340adf5c551d89af2425e63e0f7" />
	</machine>
	<machine name="Victory Ball (O.D. Jennings And Company)(1932)(Druadic)(1.0a)[VPX06][Countertop Machine]">
		<description>Victory Ball (O.D. Jennings And Company)(1932)(Druadic)(1.0a)[VPX06][Countertop Machine]</description>
		<rom name="Author Notes Victory Ball.txt" size="5686" crc="accb4835" md5="b1a2cd4336d03be8e6916966a9a41b49" sha1="912cc9261a79a24056c8c364c63969300b6ad1c6" />
		<rom name="Victory Ball (O.D. Jennings And Company 1932) v1.0a.vpx" size="13008896" crc="867e86ab" md5="612d1a995e6e73b22964db8761c5f677" sha1="5f67a8266c546e9db7480674861aedebe61ab6da" />
		<rom name="VictoryBallSCREENIE.jpg" size="640258" crc="5f7655e7" md5="d268e9355b914e6b5b6b32ed24feb353" sha1="88ff539f77df2e60874d852816daba34d11439a3" />
	</machine>
	<machine name="Winner (Williams)(1971)(Warbler33)(0.98)[VPX06][Horse Racing]">
		<description>Winner (Williams)(1971)(Warbler33)(0.98)[VPX06][Horse Racing]</description>
		<rom name="Winner (Williams 1971) 0.98.directb2s" size="13497651" crc="732c2900" md5="afb790f10f07f7f530257359709d1d27" sha1="8eaccbbf2eee561be6508f8a49d7dc26b2ac99cf" />
		<rom name="Winner (Williams 1971) 0.98.vpx" size="26640384" crc="94de47fa" md5="7e64b1129e2a1673fafaeb5ddfa83ce9" sha1="59ceee38bfc1907186732e273ba0ffd054175db5" />
		<rom name="Winner (Williams 1971) non tarcisio.png" size="1610337" crc="80c27ee0" md5="1fc8feaed9d65dafabea8876339ea04b" sha1="4b62c396e25244bd11fd533b6ab88e7b10d63f6f" />
		<rom name="Winner (Williams 1971).png" size="815970" crc="0463da05" md5="f0b9d22f671c8c18371f0b4c30d561c6" sha1="c13cd24ef781c13b291c7b2c57738e8a438d2c59" />
	</machine>
	<machine name="World's Fair Jigsaw (Rock-Ola)(1933)(Randr)(1.0)[VPX][Flipperless]">
		<description>World's Fair Jigsaw (Rock-Ola)(1933)(Randr)(1.0)[VPX][Flipperless]</description>
		<rom name="World's Fair Jigsaw (Rock-Ola 1933).vpx" size="35819520" crc="15cddeb4" md5="f35488924adae54fc4dbeab6c4eafa1e" sha1="c7c51826da549f7d566aebca2238ea9a20e1662f" />
	</machine>
	<machine name="WOW! (Mills Novelty Company)(1932)(Druadic)(1.2b)[VPX06][Bagatelle]">
		<description>WOW! (Mills Novelty Company)(1932)(Druadic)(1.2b)[VPX06][Bagatelle]</description>
		<rom name="WOW (Mills Novelty Company 1932) v1.2b.vpx" size="12193792" crc="9bed0a6d" md5="3e421d9b60b49567f8c5c6ea347d818d" sha1="9278d1b18ac5729901cb7077ee2b121c86510392" />
		<rom name="WOWV1.2SCREENIE.jpg" size="713421" crc="3a97141c" md5="50a8064bbf899975e77ccf83fc6794a8" sha1="39f2226a3eee31afd2f53c695a44150a0567f3e1" />
	</machine>
	<machine name="Yamanobori (aka Mountain Climbing Game) (KOMAYA)(1981)(JPSalas, animatorPinballFan, STAT)(1.0)[VPX06][Flipperless]">
		<description>Yamanobori (aka Mountain Climbing Game) (KOMAYA)(1981)(JPSalas, animatorPinballFan, STAT)(1.0)[VPX06][Flipperless]</description>
		<rom name="Yamanobori (aka Mountain Climbing Game) (KOMAYA 1981) v1.0.directb2s" size="50486679" crc="a3f723c6" md5="80d8d1f2268861f5794570049699846a" sha1="40a67ee5cef71c85c25266ba8e5e63a06b2d01f8" />
		<rom name="Yamanobori (aka Mountain Climbing Game) (KOMAYA 1981) v1.0.vpx" size="150958080" crc="2be06110" md5="996e5fe517d3b9eab1c264bc72287959" sha1="3a9f9e8dcc5a5ead01e8744af3c81fc8c1564a70" />
		<rom name="yamanobori.jpg" size="1655869" crc="9cf861a2" md5="58be424136c64215ea053b87098c66d7" sha1="a6bb6f473c5316ba772fabed4b486999a539892e" />
		<rom name="Yamanobori_v1 READ ME FIRST.txt" size="2948" crc="68497e23" md5="0f9545bdb8c8e9fc2198c53be4576ed3" sha1="b6abd197431a1b083c6970f114415bf19541286d" />
		<rom name="yamanoborifs.jpg" size="1625245" crc="62eb0a8d" md5="068ebe61c6245f5bc45da75b0b0a43ec" sha1="1c3aedf7ad29676aa3ded128a9a99a6adfb5b7d9" />
	</machine>
	<machine name="Zeke's Peak (Taito)(1984)(mfuegemann, 32assassin)(0.9)[VPX06][Flipperless]">
		<description>Zeke's Peak (Taito)(1984)(mfuegemann, 32assassin)(0.9)[VPX06][Flipperless]</description>
		<rom name="Zeekes-Peak-600x338-1038x584.png" size="296154" crc="4438dfa3" md5="0adb91e0b82332616d48beb170557c19" sha1="79de78c20b357d95346039215ce189f992c97453" />
		<rom name="Zeke's Peak (Taito 1984).vpx" size="23040000" crc="5f5580a4" md5="d86237deafe114480cb1c49802e3f152" sha1="87f05838bb2b283eabfb0de9a582d989348d7fcb" />
	</machine>
</datafile>