<?xml version="1.0" encoding="utf-8"?>
<!DOCTYPE datafile PUBLIC "-//Logiqx//DTD ROM Management Datafile//EN" "http://www.logiqx.com/Dats/datafile.dtd">
<datafile>
	<header>
		<name>Visual Pinball [VP99x] Original Tables [Hybrid View]</name>
		<description>Visual Pinball [VP99x] Original Tables [Hybrid View] (2024-01-27)</description>
		<version></version>
		<date>2024-01-27</date>
		<author></author>
	</header>
	<machine name="Teenage Mutant Ninja Turtles (2011)(StevOz, Rascal)(1.0)[VP990][HV]">
		<description>Teenage Mutant Ninja Turtles (2011)(StevOz, Rascal)(1.0)[VP990][HV]</description>
		<rom name="Teenage Mutant Ninja Turtles (2011) (Original) (StevOz) (Rascal) (1.0) (HV) (VP9.9.0 only).png" size="2669952" crc="a0ae810d" md5="9dbc860ac11391269de97e5a6ba1a18e" sha1="f5925fdb542d9604b2ff73482079d92cd1073700" />
		<rom name="Teenage Mutant Ninja Turtles (2011) (Original) (StevOz) (Rascal) (1.0) (HV) (VP9.9.0 only).vpt" size="42909696" crc="0f391fba" md5="45b420aae97a21f71783929d5a8d81a4" sha1="f592d6f8727f2405750f88813443e61b50079057" />
	</machine>
</datafile>