<?xml version="1.0" encoding="utf-8"?>
<!DOCTYPE datafile PUBLIC "-//Logiqx//DTD ROM Management Datafile//EN" "http://www.logiqx.com/Dats/datafile.dtd">
<datafile>
	<header>
		<name>Visual Pinball [VP8] PinMame Tables</name>
		<description>Visual Pinball [VP8] PinMame Tables (2024-01-27)</description>
		<version></version>
		<date>2024-01-27</date>
		<author></author>
	</header>
	<machine name="250 cc (Inder)(1992)(JPSalas)(5.0.0)[VP8]">
		<description>250 cc (Inder)(1992)(JPSalas)(5.0.0)[VP8]</description>
		<rom name="250cc - JP.vpt" size="4711936" crc="a880aeba" md5="5d95c13218d6d0ad4cebe96f63e8861e" sha1="77fc6ea49505bd907de609535d1adb5ea4d749b3" />
	</machine>
	<machine name="301 Bullseye (Grand Products)(1984)(Eala Dubh Sidhe, TAB, Gaston)(1.0.1)[VP8][Conversion Kit]">
		<description>301 Bullseye (Grand Products)(1984)(Eala Dubh Sidhe, TAB, Gaston)(1.0.1)[VP8][Conversion Kit]</description>
		<rom name="301 Bullseye (Grand Products)(1984)(Eala Dubh Sidhe, TAB, Gaston)(1.0.1)[VP8][Conversion Kit]/301 Bullseye screenshot.jpg" size="148368" crc="7879eefe" md5="0dc5b0857c311b596140c5ac055ba143" sha1="e88f029f2a57544b075db3d1bb172567c6af217d" />
		<rom name="301 Bullseye (Grand Products)(1984)(Eala Dubh Sidhe, TAB, Gaston)(1.0.1)[VP8][Conversion Kit]/301 Bullseye VP8.vpt" size="2674688" crc="7ef95553" md5="cd2082a2cdfeb1b3111506b9e7a55b97" sha1="f9cc74b342647cf73d853934ab3a919bd0b4158d" />
	</machine>
	<machine name="Addams Family, The (Bally)(1992)(PacDude)(1.2)[VP8]">
		<description>Addams Family, The (Bally)(1992)(PacDude)(1.2)[VP8]</description>
		<rom name="AddamsFamily_1-2.jpg" size="132989" crc="b08f2da6" md5="965ae977384152a599ef23e905a40539" sha1="4aa53cc1e219970a9582b36bdd852779790810c1" />
		<rom name="AddamsFamily_PD_1-2.vpt" size="11598336" crc="94d2378c" md5="61281664b7848ca8b4d6874faeadb4c9" sha1="919b50a6de61a574e5583a9f4e369994a16bdc96" />
	</machine>
	<machine name="Addams Family, The (Bally)(1994)(PacDude)(1.2)[VP8][Special Collectors Edition]">
		<description>Addams Family, The (Bally)(1994)(PacDude)(1.2)[VP8][Special Collectors Edition]</description>
		<rom name="AddamsFamilyGold_1-2.jpg" size="135967" crc="c5bc47bd" md5="14f524196faabb8ce93ece560a831dce" sha1="a60b3a64834dc8d9bb01003485cabae202e0ea49" />
		<rom name="AddamsFamilyGold_PD_1-2.vpt" size="11613184" crc="50880ea9" md5="d44a7c05d1f4288cadf970e73954cbfb" sha1="5b619d8b7d4e1db8dc74c37f40550829ec77b717" />
	</machine>
	<machine name="Al's Garage Band Goes on a World Tour (Alvin G.)(1992)(TAB, Destruk)(1.2)[VP8]">
		<description>Al's Garage Band Goes on a World Tour (Alvin G.)(1992)(TAB, Destruk)(1.2)[VP8]</description>
		<rom name="Al's Garage Band Goes on a World Tour (Alvin G.)(1992)(TAB, Destruk)(1.2)[VP8]/Al's Garage Band Goes on World Tour screenshot.jpg" size="142040" crc="f2c35069" md5="9a70e5ebb8b8eb731b26d5f8b29f0039" sha1="0644d79dd39cc956364cb94d316caa16158005d6" />
		<rom name="Al's Garage Band Goes on a World Tour (Alvin G.)(1992)(TAB, Destruk)(1.2)[VP8]/World Tour.vpt" size="1398784" crc="b4233603" md5="a954b117ac2a98d2f3aecd767c8110c6" sha1="c48f89b677d1f14a1b549a93bfb28e34e4cfaf5e" />
	</machine>
	<machine name="Ali (Stern)(1980)(Luvthatapex, Joe Entropy, Moonchild)(1.3)[VP8]">
		<description>Ali (Stern)(1980)(Luvthatapex, Joe Entropy, Moonchild)(1.3)[VP8]</description>
		<rom name="Ali 1.3.vpt" size="2443264" crc="cece97a5" md5="de175f1bcf895ba28b24c5a989d53484" sha1="4be2127f6725b56dbe8389a8942bb935c3495be7" />
		<rom name="Pinball.ttf" size="23548" crc="02e83ad1" md5="a50ceaf415b07a0c9e467b03f2127a82" sha1="a3285aedc5d4d42e7bf6a06713562bc94a165f97" />
	</machine>
	<machine name="Amazing Spider-Man, The (Gottlieb)(1980)(Bob5453)(March 2009)[VP8]">
		<description>Amazing Spider-Man, The (Gottlieb)(1980)(Bob5453)(March 2009)[VP8]</description>
		<rom name="Amazing_Spiderman_The_2009_vp8.vpt" size="9842176" crc="686b6379" md5="5e30f6a4bd76b71d29c5f0efdc50dafc" sha1="6886ad5eb998256236c6837890d7fea3c3aab310" />
	</machine>
	<machine name="America 1492 (Juegos Populares)(1986)(Destruk, TAB)(1.0)[VP8]">
		<description>America 1492 (Juegos Populares)(1986)(Destruk, TAB)(1.0)[VP8]</description>
		<rom name="America 1492.vpt" size="1553408" crc="bddc98bc" md5="ae31620714441b921706b51eecd84c0c" sha1="05779120b2f00661a42884db73cfd12b24e27a63" />
	</machine>
	<machine name="Apollo 13 (SEGA)(1995)(El Condor, Biffman)(RC2)[VP8]">
		<description>Apollo 13 (SEGA)(1995)(El Condor, Biffman)(RC2)[VP8]</description>
		<rom name="a13.vbs" size="4589" crc="7e53f6a4" md5="6aee8addfafdbefda848a271de427297" sha1="aa74f2bbc459018c43fa55a575c71ff9b9836147" />
		<rom name="Apollo 13 (Sega).vpt" size="3441152" crc="1c25314c" md5="57e7aed08e8382121c8d195163e6f155" sha1="b889c555479ae865814b8dd0cd71ccb363f89f63" />
		<rom name="screenshot.jpg" size="663560" crc="e1b3d968" md5="a531bcd8a2e2f7136b810741ef7638e9" sha1="5cc6bc430ec6df4a9ce6cd19e331b32c48a90e28" />
	</machine>
	<machine name="Arena (Gottlieb)(1987)(Mnpg, MoonChild)(2.1)[VP8]">
		<description>Arena (Gottlieb)(1987)(Mnpg, MoonChild)(2.1)[VP8]</description>
		<rom name="Arena                            XXXx.vpt" size="2247680" crc="c8f14f59" md5="67f8bc090dcbe4eab4a1a71f9f335cca" sha1="086a7a62b8402b31c7a0846b57888e1ecb96b93a" />
		<rom name="screenshot.jpg" size="735894" crc="c1878be7" md5="90ea8fbca856a6c562d22e9556f33bf8" sha1="83c0be5a66e2457c695180e354b70bf19c5e79c8" />
	</machine>
	<machine name="Atlantis (Bally)(1989)(MajikBubble)(Final Version)[VP8]">
		<description>Atlantis (Bally)(1989)(MajikBubble)(Final Version)[VP8]</description>
		<rom name="Atlantis.vpt" size="3090432" crc="6e36de62" md5="5ec42aa28db7c14ee6c1f9c6eca07885" sha1="6fb9248144fd22d18290d4af7b6952dbd0ee2df1" />
		<rom name="screenshot.jpg" size="77263" crc="103553fe" md5="19c60e3713337d342b56f1d2f4cb1032" sha1="e33a2d7c58e2fb0eb1d36eb5e2320aa4fe480612" />
	</machine>
	<machine name="Atlantis (Bally)(1989)(MajikBubble, Destruk)(1.0)[VP8]">
		<description>Atlantis (Bally)(1989)(MajikBubble, Destruk)(1.0)[VP8]</description>
		<rom name="Atlantis.vpt" size="3090432" crc="b8f7afea" md5="775fd430b21b0126acf342367e5e3f73" sha1="8c036c538d6f24c19d7c9de5ac60d38ae11a72fb" />
		<rom name="screenshot.jpg" size="688055" crc="e009d650" md5="4ea3a51eb7b96e0285ca80687bdd3fe8" sha1="91d24e1dcb8152b5e765d0ba9c7f9d1914b6170c" />
	</machine>
	<machine name="Attack from Mars (Bally)(1995)(Ian Boffin, destruk)(2.0)[VP8]">
		<description>Attack from Mars (Bally)(1995)(Ian Boffin, destruk)(2.0)[VP8]</description>
		<rom name="Attack from Mars (Bally)(1995)(Ian Boffin, destruk)(2.0)[VP8]/Attack from Mars (Ian Boffin) screenshot.jpg" size="653933" crc="8d2ec351" md5="9f0dda46e1c845bec42740e92cea6579" sha1="2f90c4f11f459957e75a2c7512c334a831cc77aa" />
		<rom name="Attack from Mars (Bally)(1995)(Ian Boffin, destruk)(2.0)[VP8]/Attack From Mars RC2.vpt" size="2854912" crc="d9bfbdc7" md5="e8623b0b1dc1c9e405f52c0b8f7adae3" sha1="875a35403bb971d14ade98df3427cb8530c7dd1b" />
	</machine>
	<machine name="Attack from Mars (Bally)(1995)(JPG-Pins, JPSalas)(2.2)[VP8]">
		<description>Attack from Mars (Bally)(1995)(JPG-Pins, JPSalas)(2.2)[VP8]</description>
		<rom name="Attack from Mars (Bally)(1995)(JPG-Pins, JPSalas)(2.2)[VP8]/AFM_2.2_JPG-PINS.vpt" size="9363968" crc="2c7aeab2" md5="20bd4628ff9925f65883b526059635a1" sha1="250d9b7004114e5d9a5f6f2ec500991b4d6c852b" />
		<rom name="Attack from Mars (Bally)(1995)(JPG-Pins, JPSalas)(2.2)[VP8]/Attack from Mars (JPG-Pins) screenshot.jpg" size="294233" crc="44f4afcf" md5="45367f4140c6c204b5159ab0cf7a8ced" sha1="685665ef4c378ff8a3ee01b1b51b177488cd52e7" />
	</machine>
	<machine name="Attack from Mars (Bally)(1995)(JPSalas)(1.32)[VP8]">
		<description>Attack from Mars (Bally)(1995)(JPSalas)(1.32)[VP8]</description>
		<rom name="Attack from Mars (Bally)(1995)(JPSalas)(1.32)[VP8]/Attack from Mars.vpt" size="8021504" crc="4831b489" md5="5da666decafc4f216b25dd9e3acdd43a" sha1="25277b0ae9f8a773d80ed34dd9be5f407e0e1d86" />
		<rom name="Attack from Mars (Bally)(1995)(JPSalas)(1.32)[VP8]/Lighter Playfield/pf.jpg" size="585670" crc="0de7765a" md5="9e64c5731c263424059ab031a8bd10fd" sha1="74a5ddd46bdfeedf812ecbb6e6e0f515535c587f" />
		<rom name="Attack from Mars (Bally)(1995)(JPSalas)(1.32)[VP8]/Lighter Playfield/pf_a.jpg" size="613571" crc="20e36197" md5="4ced019f3feb9c919783335f279ccafe" sha1="7e8d9ece6b61f49ed863db32353d7dc5fc68286a" />
		<rom name="Attack from Mars (Bally)(1995)(JPSalas)(1.32)[VP8]/Lighter Playfield/pf_b.jpg" size="602803" crc="60e4c98a" md5="21a728c0f60775a4cab1bcf84f46abaa" sha1="dc936193eace1cb9875b004e1424bd39a44d767b" />
		<rom name="Attack from Mars (Bally)(1995)(JPSalas)(1.32)[VP8]/Lighter Playfield/pf_on.jpg" size="621779" crc="58a7cefb" md5="200ea1f8627a271c2974e0ed7ce974d0" sha1="4f24f61eca60424c09ac6f4e284026d74ef503d3" />
	</machine>
	<machine name="Attack from Mars (Bally)(1995)(PacDude, destruk)(4.3)[VP8]">
		<description>Attack from Mars (Bally)(1995)(PacDude, destruk)(4.3)[VP8]</description>
		<rom name="Attack From Mars_PD_4-3.vpt" size="8790016" crc="7316a0ff" md5="c3a844fc658f14fc790d5927c6c3015d" sha1="985afaf6a2b5a127a1ed34818769e85ff4d619c6" />
		<rom name="screenshot.jpg" size="124386" crc="bf937a47" md5="1515fa5ef49bf26e8980d950d700dec4" sha1="127c45cf030ab1257c713ecbf39b2368589e1eb7" />
	</machine>
	<machine name="Barracora (Williams)(1981)(DesAngel, Germax, Destruk)(1.2.0)[VP8]">
		<description>Barracora (Williams)(1981)(DesAngel, Germax, Destruk)(1.2.0)[VP8]</description>
		<rom name="barracora.jpg" size="571829" crc="f5cee234" md5="92a356548205121da3f46e72c562f425" sha1="179ef15a240b886ef436a46221df9d44eaa44670" />
		<rom name="Barracora.vpt" size="5933568" crc="01dda796" md5="048f6c64f6fe5d6e688c13830b674ab0" sha1="2bae772d9f88c0125e47c446b2b93655e2d994d4" />
		<rom name="WilliamsFontWide.ttf" size="19304" crc="b0fe21e0" md5="c369c4262ed80fd0c802bf97a7c1fb04" sha1="a2690325b4a1d18078608fd2c4ce6a4eacb7638a" />
	</machine>
	<machine name="Black Pyramid (Bally)(1984)(destruk, nico193)(1.0.1)[VP8]">
		<description>Black Pyramid (Bally)(1984)(destruk, nico193)(1.0.1)[VP8]</description>
		<rom name="Black Pyramid.vpt" size="1235968" crc="dfae979b" md5="7c691dfcc939b95b5a6a2b004d803464" sha1="ea48a0196f51f8255f94e0d8d764b87b6dd41f3a" />
	</machine>
	<machine name="Bone Busters (Gottlieb)(1989)(TAB, Destruk)(1.0.0)[VP8]">
		<description>Bone Busters (Gottlieb)(1989)(TAB, Destruk)(1.0.0)[VP8]</description>
		<rom name="Bone Busters.vpt" size="1482240" crc="d4d93c48" md5="0396806c748e7b75f80a579a57a7f67b" sha1="2a80867804d0bd06bc7f8979fb9996473fbe3e29" />
		<rom name="bonebusters.jpg" size="566181" crc="2d6e836f" md5="eea3193f20a09522aa0b5356c6929e68" sha1="e109aad3fa226bac4bbcd0b6f7c70edc0fc608ae" />
	</machine>
	<machine name="Bounty Hunter (Gottlieb)(1985)(Kristian,DesAngel, Luvthatapex, Destruk)(1.0.0)[VP8]">
		<description>Bounty Hunter (Gottlieb)(1985)(Kristian,DesAngel, Luvthatapex, Destruk)(1.0.0)[VP8]</description>
		<rom name="Bounty Hunter.vpt" size="1954304" crc="8ff6fc50" md5="b3d77214ffad66853b69969a80614717" sha1="1074b34497733e0172c7650fbe12e2015a7222fc" />
		<rom name="screenshot.jpg" size="883627" crc="a97c14eb" md5="7e59b74a1cf79b314776756bb3e7a72f" sha1="67ab6320f7e561155691d057072a2fe75f0835c9" />
	</machine>
	<machine name="Circus (Gottlieb)(1980)(LuvThatApex, Destruk)(1.2)[VP8]">
		<description>Circus (Gottlieb)(1980)(LuvThatApex, Destruk)(1.2)[VP8]</description>
		<rom name="Circus.vpt" size="2386432" crc="68bc52a8" md5="3ed3d575d143944d27c5978e1084cac4" sha1="fb91b2b83851a91131b289d522fb9da4a9a73e4e" />
		<rom name="PinballFull.ttf" size="15012" crc="ab81e90b" md5="7e1350640a5f96753ed0e537f2bb93bb" sha1="b4502fbbf87002b936e363b8af0ebfe2de40793a" />
	</machine>
	<machine name="Cirqus Voltair (Bally)(1997)(Scapino)(3.0)[VP81]">
		<description>Cirqus Voltair (Bally)(1997)(Scapino)(3.0)[VP81]</description>
		<rom name="CircusVoltaireReadme.txt" size="8311" crc="363aac59" md5="79e609446f9c4f33059280c8aca16bab" sha1="b6481886506ca211935b46099dbdd4ef54f84deb" />
		<rom name="ScapinosCirqusVoltaireVPMv3_0Shot.jpg" size="927223" crc="26e05fdb" md5="24eb280d048e0788f3f15cb7571da231" sha1="a596da6328031e5cb9e25a61e6fdf5c44a16b70f" />
		<rom name="ScapinosCirqusVoltairVPMv3_0.vpt" size="21733888" crc="b972ee8f" md5="e406b4568ddf942a99acf0c07e3e6323" sha1="67fcf7bf788338a19bbee05032a6c91bc6efa1a4" />
	</machine>
	<machine name="Close Encounters of the Third Kind (Gottlieb)(1978)(Scapino)(5.0)[VP81]">
		<description>Close Encounters of the Third Kind (Gottlieb)(1978)(Scapino)(5.0)[VP81]</description>
		<rom name="Close Encounters VPM v5_0.jpg" size="754445" crc="deebe223" md5="fa792f6eaefae6b359b83c7a1eba48db" sha1="bc5b4ea62e9d9bb67235847c01e8412a582eaee6" />
		<rom name="Close Encounters VPM v5_0.txt" size="7419" crc="18941198" md5="941d2ca9fc81eb8c09f0cef29dc9a7a5" sha1="050414aa7dc6e29cbdc20908626514353bdf3018" />
		<rom name="Close Encounters VPM v5_0.vpt" size="10825728" crc="0dec75a9" md5="c98ae5bd9846bd85cbe3ded30d829fa8" sha1="f3a2063e06da2d526b8aaecaf22f81a6efd42b85" />
	</machine>
	<machine name="Count-Down (Gottlieb)(1979)(Scapino)(3.0)[VP81]">
		<description>Count-Down (Gottlieb)(1979)(Scapino)(3.0)[VP81]</description>
		<rom name="CountDownVPMv3_0.jpg" size="493664" crc="13357095" md5="b8047489ab8c6594f7b33286d4a8ef71" sha1="22c7c2d943bffc4545b2dc7a9eb9e3f2bcce5b31" />
		<rom name="CountDownVPMv3_0.txt" size="2252" crc="98d8d9da" md5="24c9bd07c904d3a941a7e8e4739682e6" sha1="cd2a8f1888d4e8d2d74314129f0d9d34cab3b9d9" />
		<rom name="ScapinoCountDownVPMv3_0.vpt" size="7305216" crc="5aacc153" md5="343c935c259ea03d6a31ebc9e5ac8633" sha1="0f575d868a76a4c700ea4fc634bd8d91a7c4036b" />
	</machine>
	<machine name="Disco Fever (Williams)(1978)(TAB, Destruk)(1.0)[VP8]">
		<description>Disco Fever (Williams)(1978)(TAB, Destruk)(1.0)[VP8]</description>
		<rom name="Disco Fever (Williams)(1978)(TAB, Destruk)(1.0)[VP8]/Disco Fever screenshot.jpg" size="646543" crc="43b27943" md5="9121bd868bd86d092bdd67d868127c5e" sha1="afb6c9a2fae3c6fdb3708c75ebd19239afec4619" />
		<rom name="Disco Fever (Williams)(1978)(TAB, Destruk)(1.0)[VP8]/Disco Fever___TAB.vpt" size="1857536" crc="3c97dd7f" md5="bc234f2aede12f73bcdb023160482ba4" sha1="955ce6ed01bb0172372aab7a21034f67e02d2ea4" />
	</machine>
	<machine name="Dragon (Gottlieb)(1978)(LuvThatApex, Destruk)(1.0)[VP8]">
		<description>Dragon (Gottlieb)(1978)(LuvThatApex, Destruk)(1.0)[VP8]</description>
		<rom name="Dragon-VPM.vpt" size="4793344" crc="ddf16068" md5="63f14dd6d01876c8da8c8d404cdfc0ac" sha1="bf2bf9b71fd1f8af52147754d576733802443847" />
		<rom name="screenshot.jpg" size="201108" crc="c1e9d25d" md5="367f8305140cf4bb8d501f0f7646e4be" sha1="f5ea91f85dd7cf0eaead0cd842c8b9e804d2bf66" />
	</machine>
	<machine name="Earthshaker (Williams)(1989)(PacDude)(1.2)[VP8]">
		<description>Earthshaker (Williams)(1989)(PacDude)(1.2)[VP8]</description>
		<rom name="Earthshaker_1-2.jpg" size="171765" crc="8b9440c5" md5="ba5c80d7b00c8f86f7009a24bd232294" sha1="8bd934764554a590a6b1579566f86f42c3aacfe6" />
		<rom name="Earthshaker_PD_1-2.vpt" size="6674432" crc="a125db51" md5="49b4647bc7bc6bd1195028fba36f68bb" sha1="47bc4c5d13a46bf0f0e880accd384790da57684a" />
	</machine>
	<machine name="El Dorado (Gottlieb)(1975)(JPSalas, GRONI)(1.1)[VP8]">
		<description>El Dorado (Gottlieb)(1975)(JPSalas, GRONI)(1.1)[VP8]</description>
		<rom name="El_Dorado_v1.1_JPG-PINS.vpt" size="8200192" crc="6ec279c3" md5="dc22d05216b0975f5d768e3fbd69c3af" sha1="de3e0142711462bcd17059336ecc762c0e687224" />
		<rom name="screenshot.jpg" size="172316" crc="8dade948" md5="0b801870fc5ca4ea92e91be447f34ba3" sha1="81dbbce9c59de0f290aa9bce3e349bfc7aa2cc63" />
	</machine>
	<machine name="El Dorado City of Gold (Gottlieb)(1984)(LuvThatApex, Destruk)(2.0)[VP8]">
		<description>El Dorado City of Gold (Gottlieb)(1984)(LuvThatApex, Destruk)(2.0)[VP8]</description>
		<rom name="El Dorado - LuvThatApex.vpt" size="2032128" crc="ce0ff7de" md5="06d085cc855cc773744b3d452c7c45a0" sha1="bbc01463560a3a63e6845cfdfc9b1aeb19e2bfa6" />
	</machine>
	<machine name="Elektra (Bally)(1981)(Patatrox, MoonChilD, Destruk)(1.0)[VP8]">
		<description>Elektra (Bally)(1981)(Patatrox, MoonChilD, Destruk)(1.0)[VP8]</description>
		<rom name="Elektra.vpt" size="2365440" crc="603e3032" md5="8d703a2f8f9c2ecc4bebff9df5fb33ee" sha1="753c4eec5c67b9cf00c213de3e1fe16eac26beb7" />
	</machine>
	<machine name="Empire Strikes Back, The (A. Hankin &amp; Co.)(1980)(Eala Dubh Sidhe, Destruk)(1.0)[VP8]">
		<description>Empire Strikes Back, The (A. Hankin &amp; Co.)(1980)(Eala Dubh Sidhe, Destruk)(1.0)[VP8]</description>
		<rom name="Empire Strikes Back (Hankin).vpt" size="2522112" crc="7e921d18" md5="40332d6f176295bc2b15f678e610a32c" sha1="5d08a3ca16aa45f6cae6f353a1472ae3c5be1988" />
		<rom name="screenshot.jpg" size="687892" crc="54bd9ae9" md5="2af64bdfb8a4db2708a661c0fb36337a" sha1="56ed4f31c2a5ed2a76b112963974473c70e7c8cb" />
	</machine>
	<machine name="Fire! (Williams)(1987)(Destruk, LuvThatApex, AJ)(1.0)[VP8]">
		<description>Fire! (Williams)(1987)(Destruk, LuvThatApex, AJ)(1.0)[VP8]</description>
		<rom name="Fire!.vpt" size="5051392" crc="da06c92a" md5="b0b8b9911feaaaa60db1ffbb1e6b8421" sha1="c16a823db54487681c0f2093f0e2c8300577851f" />
	</machine>
	<machine name="Firepower II (Williams)(1983)(Kristian, Cutter)(1.5)[VP8]">
		<description>Firepower II (Williams)(1983)(Kristian, Cutter)(1.5)[VP8]</description>
		<rom name="FirePower 2 1.5.vpt" size="1936896" crc="2658fc19" md5="cd99f1999ebf0f4b7a0f9b67835b3629" sha1="fbd38ceee38a347f7c8ce685f5008d935e3e6b55" />
		<rom name="metro_b.ttf" size="76420" crc="3f6728e0" md5="3cc0f1b0d99fafed96eba0abda5a2783" sha1="e513e51102ce3e7c5cb6b6ff0e255f6a4bb196e3" />
	</machine>
	<machine name="Flash Gordon (Bally)(1981)(Scapino)(3.1)[VP8]">
		<description>Flash Gordon (Bally)(1981)(Scapino)(3.1)[VP8]</description>
		<rom name="FlashGordonScapinoV3_1_4x3.vpt" size="10851840" crc="a71cccf2" md5="0d7f7284f4dc2c16a9e5596bbf7e4d15" sha1="f3f68e0162097c48efd42594eac1daa42309e863" />
		<rom name="FlashGordonScapinoV3_1_4x3Screenshot.jpg" size="473872" crc="bf6024b7" md5="13896553927b2daf8023355707cd02ad" sha1="90488b12e9549c0f2ac259c855505ac9081ff2d4" />
		<rom name="FlashGordonV3_1_Readme.txt" size="2296" crc="7a2afd8f" md5="cd3eb56bf78b794e4f582f6beff939a5" sha1="c655567085cef9313f1c9fb62226ddfe7c2017c5" />
	</machine>
	<machine name="Flintstones, The (Williams)(1994)(Aurian)(1.0)[VP8]">
		<description>Flintstones, The (Williams)(1994)(Aurian)(1.0)[VP8]</description>
		<rom name="Flintstones                                       XXXXX.vpt" size="3128320" crc="4406f76e" md5="ea35e5914ab91f93f37ec671e3ba9c01" sha1="c3318b8112f3bcbd4d7291931141e1a686fd30ae" />
		<rom name="screenshot.jpg" size="714550" crc="5431bcd6" md5="8b869be42b494f0eddf4ebbe3bf9839d" sha1="8ba422d4d0c900cb3b06e8494359e27de0055f73" />
	</machine>
	<machine name="Granny and the Gators (Bally)(1984)(TAB, Destruk)(1.1)[VP8]">
		<description>Granny and the Gators (Bally)(1984)(TAB, Destruk)(1.1)[VP8]</description>
		<rom name="Granny and the Gators.vpt" size="1015808" crc="13804067" md5="9a1ac64e8e5821323338b33dadba2d89" sha1="2ee82f7f812dd9182e013cda69c9f3e568820861" />
		<rom name="Granny.vbs" size="5202" crc="58f6a328" md5="0697f6452f92cf336938b4f6afc4615d" sha1="cde189c9c1e5000284ca8b2b8c7e761e1118c930" />
		<rom name="screenshot.jpg" size="430746" crc="d0c3ef6e" md5="eb20434fa8130d22e4b30332aa21a203" sha1="30e7115a8e96dc56d68aa890bc8c1b37e5ff5f76" />
	</machine>
	<machine name="Guns N' Roses (Data East)(1994)(Apocalypse, Sellenoff, PeBo)(1.2)[VP8]">
		<description>Guns N' Roses (Data East)(1994)(Apocalypse, Sellenoff, PeBo)(1.2)[VP8]</description>
		<rom name="Guns N' Roses.vpt" size="4288512" crc="c8ae0236" md5="3e6e4fd6ae7b2ce35a01d754df12ad88" sha1="f1b80fc17e5ffdc11dfa106edc5aef1dedbe9893" />
	</machine>
	<machine name="Guns N' Roses (Data East)(1994)(Lord Hiryu, JPSalas)(3.2)[VP8]">
		<description>Guns N' Roses (Data East)(1994)(Lord Hiryu, JPSalas)(3.2)[VP8]</description>
		<rom name="Guns_And_Roses_LordHiryu-JPSalas_v3.2.vpt" size="10061312" crc="95f25bde" md5="49434471ea997afbfd46e0bea421529e" sha1="01d8249bfc30ced0456593b030287d98bea8f0a2" />
	</machine>
	<machine name="HardBody (Bally)(1987)(Destruk)(1.0.0)[VP8]">
		<description>HardBody (Bally)(1987)(Destruk)(1.0.0)[VP8]</description>
		<rom name="dsfiles_img-5-1235122818.jpg" size="405279" crc="fb16708d" md5="5ae8c30853382824c5052f18547f5925" sha1="a2cbec5dd8e7e6bee6459a36b8e220f750757ef7" />
		<rom name="Hard Body.vpt" size="1106432" crc="e8fc6643" md5="703163dc0680f812e0c356c39a10a80f" sha1="e5481c5925ceb080c9a7b81606b0e07bac2335d5" />
	</machine>
	<machine name="Hook (Data East)(1992)(Jamin)(1.0)[VP8]">
		<description>Hook (Data East)(1992)(Jamin)(1.0)[VP8]</description>
		<rom name="dsfiles_img-326-1236715977.jpg" size="247349" crc="0cf4be7e" md5="0b8c3a557cd00791708675ad5f2ff37b" sha1="0a8950b01a45b693b886d1df6d4767fff4e65f45" />
		<rom name="Hook (Jamin 1.0).vpt" size="9361408" crc="34c378a6" md5="d441e315bde959bf53ac74f4c2e74ba6" sha1="f97b95fe087189bb5fe991d404d8aacfc8d10587" />
	</machine>
	<machine name="Hook (Data East)(1992)(Joep, ElCondor, Apocalypse, DataDragon, Pingod, SubZero1970, Destruk)(1.0.0)[VP8]">
		<description>Hook (Data East)(1992)(Joep, ElCondor, Apocalypse, DataDragon, Pingod, SubZero1970, Destruk)(1.0.0)[VP8]</description>
		<rom name="dsfiles_img-5-1235123625.jpg" size="726728" crc="88e05e35" md5="e449db1b0e9241f733306f08b265b37b" sha1="2735a1f873acbb60e94ea3630e0805f9b90a48eb" />
		<rom name="Hook.vpt" size="4325888" crc="7b6245d7" md5="a9282de8182663afcfb7ff76919ba890" sha1="62d5a3730cec6f745a3836c3898c4e2d64b912de" />
	</machine>
	<machine name="Hot Doggin' (Bally)(1980)(Joe Entropy, Coroner, Destruk)(1.0)[VP8]">
		<description>Hot Doggin' (Bally)(1980)(Joe Entropy, Coroner, Destruk)(1.0)[VP8]</description>
		<rom name="Hot Doggin'.vpt" size="1267200" crc="753b5ce1" md5="f515449dc75092ced5715b895825faba" sha1="94b6d8252887a5dde36564b5fd3dddb876fb1273" />
		<rom name="screenshot.jpg" size="675972" crc="0c75d793" md5="ecb85754fe32bf907e3a7a1e31e66575" sha1="37328ac4872b5ee3612e31d4164bdf2998b5d942" />
	</machine>
	<machine name="Hot Shots (Gottlieb)(1989)(MNPG, Destruk)(1.1)[VP8]">
		<description>Hot Shots (Gottlieb)(1989)(MNPG, Destruk)(1.1)[VP8]</description>
		<rom name="dsfiles_img-5-1235124176.jpg" size="845312" crc="a86ccc61" md5="12031ff027a3e6c51894117b70004341" sha1="66792edfb1e16646e6682e22f44ce90bf2c3c5cf" />
		<rom name="Hot Shots.vpt" size="5451264" crc="19fa1013" md5="c3a6c64d0e4db16d96903c27965bfd41" sha1="d517265c5441814a0aa15ceba791c04082d86832" />
	</machine>
	<machine name="HotTip (Williams)(1977)(Gaston, Gerard S, Germax, Destruk)(1.0)[VP8]">
		<description>HotTip (Williams)(1977)(Gaston, Gerard S, Germax, Destruk)(1.0)[VP8]</description>
		<rom name="dsfiles_img-5-1237259716.jpg" size="519616" crc="262ec6fd" md5="353044e909d57966044d4403cd42d39b" sha1="6a6a6de81733ed387288109ef132ef0ae07e7427" />
		<rom name="HotTip.vpt" size="909824" crc="7559efc8" md5="a84624402d2f026745b79e5f2a6c8368" sha1="c8e7e0c53172b1de17316f184c0d764d7387d98a" />
	</machine>
	<machine name="Hurricane (Williams)(1991)(TAB)(1.1)[VP8]">
		<description>Hurricane (Williams)(1991)(TAB)(1.1)[VP8]</description>
		<rom name="dsfiles_img-17-1240139537.jpg" size="500847" crc="142c85b4" md5="6568ba9f8c78bbae90cbf72f5128ef4e" sha1="abb94c0c2e66cc7d649b9bcc42a382ab3dbc6671" />
		<rom name="Hurricane 1.1.vpt" size="3004416" crc="eb77f060" md5="fb5c363ac2d87d5789414e7e3c53bde2" sha1="1016ea62c64c9ffd9e6ea6f2a43dbaf959a9981d" />
	</machine>
	<machine name="Johnny Mnemonic (Williams)(1995)(Scapino)(1.1)[VP8]">
		<description>Johnny Mnemonic (Williams)(1995)(Scapino)(1.1)[VP8]</description>
		<rom name="JMv1_1ScreenShot.jpg" size="329221" crc="7ca3f590" md5="2005f8bd82bec065e77b76465256ea53" sha1="b55ffcd9d3134994197f6cd132dc0569b5a143c5" />
		<rom name="JohnnyMnemonicVPMv1_1.vpt" size="12231168" crc="1a17aa1c" md5="d28bab9893d9642059e9b4d6c21136d5" sha1="489fc9ea97cda25ac13750ce700b87b1a4a13e14" />
		<rom name="JohnnyMnemonicVPMv1_1ReadMe.txt" size="2016" crc="25ebac5b" md5="00278d560df45c3dde02527b929d3a71" sha1="ec217103b23650476bb1110559fbdc9760fa74f2" />
	</machine>
	<machine name="Judge Dredd (Bally)(1993)(PacDude)(1.5)[VP8]">
		<description>Judge Dredd (Bally)(1993)(PacDude)(1.5)[VP8]</description>
		<rom name="JudgeDredd_1-5.jpg" size="215156" crc="983ec58f" md5="2640302346824345f8985da3862a2674" sha1="be3efb0499a84569be4e16dda61dc0c69c6e75c1" />
		<rom name="JudgeDredd_PD_1-5.vpt" size="6605312" crc="ce3e80e1" md5="34d1a882248aeeedcbc16a718891a016" sha1="990e88f322ccf446ff779528e46b137be8bb3a2b" />
	</machine>
	<machine name="Jungle Lord (Williams)(1981)(Kristian, Germax)(2.0)[VP8]">
		<description>Jungle Lord (Williams)(1981)(Kristian, Germax)(2.0)[VP8]</description>
		<rom name="Jungle Lord.vpt" size="2063360" crc="ac2d952c" md5="e5668c1464999a4f622873ff316620e9" sha1="4234c4447fa68b1027087a805ee1ab313be816a7" />
	</machine>
	<machine name="Krull (Gottlieb)(1983)(LuvThatApex, Eala Dubh Sidhe)(1.0)[VP8]">
		<description>Krull (Gottlieb)(1983)(LuvThatApex, Eala Dubh Sidhe)(1.0)[VP8]</description>
		<rom name="Krull.vpt" size="5774336" crc="959ac55d" md5="9c1f83d86e12fb5e3ac966c7fd32f639" sha1="09494218103d7cebebb341f189ea32d43bc8e790" />
		<rom name="WilliamsFontWide.ttf" size="19304" crc="b0fe21e0" md5="c369c4262ed80fd0c802bf97a7c1fb04" sha1="a2690325b4a1d18078608fd2c4ce6a4eacb7638a" />
	</machine>
	<machine name="Lady Luck (Bally)(1986)(Destruk)(1.3)[VP8]">
		<description>Lady Luck (Bally)(1986)(Destruk)(1.3)[VP8]</description>
		<rom name="Lady Luck.vpt" size="1780736" crc="84791556" md5="62ce1b40537e4e5305d284fa8686b17f" sha1="1347a90532c441ce2404edfd553e7a8170fbcbac" />
		<rom name="lady luck_D48.jpg" size="404471" crc="d798fb77" md5="da7b9322adc324829d3c64857f3db687" sha1="fb441ea51d8c3bac080fa446b043fa1c8f1d8c15" />
	</machine>
	<machine name="Laser Cue (Williams)(1984)(DesAngel, destruk)(1.1.0)[VP8]">
		<description>Laser Cue (Williams)(1984)(DesAngel, destruk)(1.1.0)[VP8]</description>
		<rom name="Laser Cue - DesAngel.vpt" size="7874048" crc="f0a81728" md5="e1d225a48fc6292a7c12cc8055312e90" sha1="a9544a4b167d7d84672e15009dd7ec496b42f8bb" />
		<rom name="PinballFull.ttf" size="15012" crc="ab81e90b" md5="7e1350640a5f96753ed0e537f2bb93bb" sha1="b4502fbbf87002b936e363b8af0ebfe2de40793a" />
	</machine>
	<machine name="Laser War (Data East)(1987)(DesAngel, destruk)(1.0.0)[VP8]">
		<description>Laser War (Data East)(1987)(DesAngel, destruk)(1.0.0)[VP8]</description>
		<rom name="Laser War.vpt" size="1946112" crc="f076272a" md5="3d1ca39791afca7d5296fd9ac3ac243a" sha1="fa450099c3100372fc6fa7dd8c559d3517260393" />
	</machine>
	<machine name="Laser War (Data East)(1987)(JPSalas)(1.0.1)[VP8]">
		<description>Laser War (Data East)(1987)(JPSalas)(1.0.1)[VP8]</description>
		<rom name="Laser War - JP.vpt" size="7238144" crc="7a9935f9" md5="78c3a73557c620967ee7e494f27492d1" sha1="a24991611a15ea28d27ae7fea7463e1a40424125" />
	</machine>
	<machine name="Lost In Space (SEGA)(1998)(TAB, Destruk)(1.0.0)[VP8]">
		<description>Lost In Space (SEGA)(1998)(TAB, Destruk)(1.0.0)[VP8]</description>
		<rom name="Lost In Space.vpt" size="1568768" crc="36fc4801" md5="c5841022e6453a20565b8097755d6ad6" sha1="7bdc618abe51159511d5eb215c2a05cc7ba82772" />
		<rom name="screenshot.jpg" size="104771" crc="05878713" md5="f01cecdf0b1d316adc49fbc2af1716f3" sha1="3a28f10dcfcd207e1d568b4bad242efdb159122a" />
	</machine>
	<machine name="Magic (Stern)(1979)(Eala Dubh Sidhe, LuvThatApex)(1.0)[VP8]">
		<description>Magic (Stern)(1979)(Eala Dubh Sidhe, LuvThatApex)(1.0)[VP8]</description>
		<rom name="Magic/cpu_u2.716" size="2048" crc="8838091f" md5="6adbffbc5332f11daac25ebbc7c86656" sha1="d2702b5e15076793b4560c77b78eed6c1da571b6" />
		<rom name="Magic/cpu_u6.716" size="2048" crc="fb955a6f" md5="c1db7747d37329b42d533e60b85e302c" sha1="387080d5af318463475797fecff026d6db776a0c" />
		<rom name="Magic VPM.jpg" size="329801" crc="04c19d19" md5="10e946291812a245078fd608f5a740e0" sha1="076a8dcd13af9c373b2c336fc689219a7dd4d0d1" />
		<rom name="magic-VPM.vpt" size="5912576" crc="c5ba99e7" md5="93942b59e41b1ab3be6476897363fd74" sha1="f52ac0b0b42183a2e9e57ae0e631843ea4d20c5c" />
	</machine>
	<machine name="Mata Hari (Bally)(1978)(Scapino)(1.0)[VP8]">
		<description>Mata Hari (Bally)(1978)(Scapino)(1.0)[VP8]</description>
		<rom name="MataHariScapinoV1_0_4x3.jpg" size="416984" crc="a042aea2" md5="9451ede9c7fd2b251055ac9807b4469a" sha1="e1ee10bf2483745a3d072752c6d8ec610adea270" />
		<rom name="MataHariScapinoV1_0_4x3.vpt" size="9645568" crc="39c62773" md5="36def955db52d78ca8b2883e8a7e120e" sha1="48d56f3a92f697c6e57a0bf6a173f3496b2c78a1" />
		<rom name="MataHariScapinoV1_0_4x3ReadMe.txt" size="709" crc="6eb2f7ea" md5="09bbaf6de6c87cf518b792db6bdbdf6a" sha1="8dd78094c66cbc2b99ee320fa91ca7ee76770bdd" />
	</machine>
	<machine name="Monopoly (Stern)(2001)(PacDude)(1.3)[VP8]">
		<description>Monopoly (Stern)(2001)(PacDude)(1.3)[VP8]</description>
		<rom name="Monopoly_PD_1-3.vpt" size="8249344" crc="dd9df38b" md5="4a08dd611ff04a76a8e16eaca11fd686" sha1="24c81b14549232eb417b6aa0a5dc759d5568bfbb" />
		<rom name="screenshot.jpg" size="106928" crc="9765c36f" md5="89856fa2070920e13eb1b559d4b196ae" sha1="6c5be887f1aa4a5ce25c83b6df422261ec3109c8" />
	</machine>
	<machine name="Monopoly (Stern)(2001)(PacDude)(1.3)[VP8][Fast version]">
		<description>Monopoly (Stern)(2001)(PacDude)(1.3)[VP8][Fast version]</description>
		<rom name="Monopoly_PD_1-3_Fast.vpt" size="8248320" crc="c982d2c7" md5="cde14329e80bf7d0c23e61ece39854ad" sha1="f69bb9037f9113c31077e1cb15a869d6fdabb3a5" />
		<rom name="screenshot.jpg" size="106928" crc="9765c36f" md5="89856fa2070920e13eb1b559d4b196ae" sha1="6c5be887f1aa4a5ce25c83b6df422261ec3109c8" />
	</machine>
	<machine name="Neutron Star (Atari)(1981)(Furio)(1.0)[VP8]">
		<description>Neutron Star (Atari)(1981)(Furio)(1.0)[VP8]</description>
		<rom name="Neutron Star.vpt" size="1543168" crc="8facf463" md5="66564f1cc46572b471394e12dab23131" sha1="df1408ee61e9e8d666d7e141e4157ab089c02dd7" />
	</machine>
	<machine name="NFL (Stern)(2001)(Joep, TAB)(1.12)[VP8]">
		<description>NFL (Stern)(2001)(Joep, TAB)(1.12)[VP8]</description>
		<rom name="NFL.vpt" size="1821696" crc="95a93a05" md5="82d1da08c4f11b113e478c04a75ba2a1" sha1="f3d55ed7aa6794d788bcc8c0e2522bdb5257a791" />
	</machine>
	<machine name="Night Rider (Bally)(1977)(destruk)(1.0.0)[VP8]">
		<description>Night Rider (Bally)(1977)(destruk)(1.0.0)[VP8]</description>
		<rom name="Night Rider.vpt" size="2123776" crc="6b8889d0" md5="3b4adfb9da14066c652675062b2dafe7" sha1="281e44591780e52c9f66de7ec2c83aa6250598db" />
	</machine>
	<machine name="Nitro Ground Shaker (Bally)(1980)(Eala Dubh Sidhe, Phoenixx1771, TAB, Inkochnito, Destruk)(1.0)[VP8]">
		<description>Nitro Ground Shaker (Bally)(1980)(Eala Dubh Sidhe, Phoenixx1771, TAB, Inkochnito, Destruk)(1.0)[VP8]</description>
		<rom name="ngndshkr/720-35_6.716" size="2048" crc="78d6d289" md5="d8bae2dfd1959cb420e8b6ec5df5d4f4" sha1="47c3005790119294309f12ea68b7e573f360b9ef" />
		<rom name="ngndshkr/776-11_2.716" size="2048" crc="b0396b55" md5="e48fc63d276d7f79fa92c3c364635a6e" sha1="2d10c4af7ecfa23b64ffb640111b582f44256fd5" />
		<rom name="ngndshkr/776-15_4.716" size="2048" crc="63c80c52" md5="c38a2e478b8387a2735df689f01ea51e" sha1="3350919fce237b308b8f960948f70d01d312e9c0" />
		<rom name="ngndshkr/776-17_1.716" size="2048" crc="f2d44235" md5="0e1eb36a414c1b36f9f40131a99b7365" sha1="282106767b5ec5180fa8e7eb2eb5b4766849c920" />
		<rom name="Nitro Ground Shaker new.jpg" size="320773" crc="d90651d9" md5="7f9b1445ac31c768b76d8a9c5faa90c6" sha1="62c34f6de3d49cf03c60795541c2befaee55d4ff" />
		<rom name="Nitro Ground Shaker new.vpt" size="5502464" crc="af235de9" md5="368d834468ff267342b77a72a00ddbcf" sha1="9f6fe7743d417e7446684da3ea87a6cc36e09b9c" />
	</machine>
	<machine name="Pink Panther (Gottlieb)(1981)(LuvThatApex, Destruk, Gaston)(1.7.2)[VP8]">
		<description>Pink Panther (Gottlieb)(1981)(LuvThatApex, Destruk, Gaston)(1.7.2)[VP8]</description>
		<rom name="Pinball.ttf" size="23548" crc="02e83ad1" md5="a50ceaf415b07a0c9e467b03f2127a82" sha1="a3285aedc5d4d42e7bf6a06713562bc94a165f97" />
		<rom name="Pink Panther.vpt" size="4635136" crc="5f86b14f" md5="f02867ce70685a745ffd679af40a6c07" sha1="c1cf8e68dd393bc73a9bc3cdd835b23b117af9ae" />
	</machine>
	<machine name="Police Force (Williams)(1989)(JPSalas)(5.0.0)[VP8]">
		<description>Police Force (Williams)(1989)(JPSalas)(5.0.0)[VP8]</description>
		<rom name="Police_Force_JP_5.0.vpt" size="5006848" crc="9ac73bd3" md5="dffd2e25c2125934b5af8afc1c4b16f6" sha1="3dde2969ac3834be4d7f13b5bd48973d22448343" />
	</machine>
	<machine name="Quicksilver (Stern)(1980)(Joe Entropy, LuvThatApex)(1.1.0)[VP8]">
		<description>Quicksilver (Stern)(1980)(Joe Entropy, LuvThatApex)(1.1.0)[VP8]</description>
		<rom name="Pinball.ttf" size="23548" crc="02e83ad1" md5="a50ceaf415b07a0c9e467b03f2127a82" sha1="a3285aedc5d4d42e7bf6a06713562bc94a165f97" />
		<rom name="Quicksilver.vpt" size="2080256" crc="0627c59d" md5="8d8eb84af294b08421557a69ba252b8f" sha1="c667c48252140cddb606084dad1334f007dde209" />
	</machine>
	<machine name="Radical! (Bally)(1990)(Lio, TAB, Destruk)(1.0)[VP8]">
		<description>Radical! (Bally)(1990)(Lio, TAB, Destruk)(1.0)[VP8]</description>
		<rom name="Radical.vpt" size="3249152" crc="00165ddd" md5="7ea42097923ac451cc365de7f1ee9f05" sha1="40c94a9f66f13f93d3e1911f7d7cd2ba5be5674f" />
		<rom name="radical_4R1.jpg" size="156621" crc="be67051c" md5="93417d8d29b683daf87c662cedf4df5b" sha1="768aedd720c6c113b7869274535cd81b71d77774" />
	</machine>
	<machine name="Red &amp; Ted's Road Show (Williams)(1994)(Jamin)(1.11)[VP8]">
		<description>Red &amp; Ted's Road Show (Williams)(1994)(Jamin)(1.11)[VP8]</description>
		<rom name="Red &amp; Ted's Road Show (Williams)(1994)(Jamin)(1.11)[VP8]/Red &amp; Ted's Road Show screenshot.jpg" size="239206" crc="94ed1686" md5="71c121fa2fff4206965ab9f7aa795077" sha1="8aea79750cbf2964c230aa1bbdfcd5a25db01789" />
		<rom name="Red &amp; Ted's Road Show (Williams)(1994)(Jamin)(1.11)[VP8]/Roadshow Jamin 1-11.vpt" size="10147328" crc="8817c745" md5="dc72c4990b0c04952a5971970d96ee9d" sha1="358708c0ae463ff44bbf5c0f26604ba5cebe032c" />
	</machine>
	<machine name="Red &amp; Ted's Road Show (Williams)(1994)(PacDude, destruk)(1.52)[VP8]">
		<description>Red &amp; Ted's Road Show (Williams)(1994)(PacDude, destruk)(1.52)[VP8]</description>
		<rom name="Red &amp; Ted's Road Show (Williams)(1994)(PacDude, destruk)(1.52)[VP8]/Red &amp; Ted's Road Show screenshot.jpg" size="189292" crc="be5f1103" md5="c325ad056e4aaa5234301950f60b93a3" sha1="4ee0801b318a5f3111f63606e93c943a533eebdf" />
		<rom name="Red &amp; Ted's Road Show (Williams)(1994)(PacDude, destruk)(1.52)[VP8]/RoadShow_PD_1-52.vpt" size="7316480" crc="930421d7" md5="89ae214a83c5738d9e5cf7d5b60f04b8" sha1="7fc35b3aa8c3c6fbfe36b0564122de444e48bab0" />
	</machine>
	<machine name="Rescue 911 (Gottlieb)(1994)(Pingod, Destruk, Joep)(1.0)[VP8]">
		<description>Rescue 911 (Gottlieb)(1994)(Pingod, Destruk, Joep)(1.0)[VP8]</description>
		<rom name="Rescue 911.vpt" size="2146304" crc="0eac9395" md5="c0e2a86bcd655b41a3555eed045915a5" sha1="11d05465608bfcc3c285c20e530ad747bc84d820" />
		<rom name="screenshot.jpg" size="659896" crc="3e19b2c2" md5="4e892923f14e423fbfc75b3fb0603552" sha1="45216a71e919b7fe59f5fb03eae0334802d18974" />
	</machine>
	<machine name="Robo-War (Gottlieb)(1988)(Destruk, Mnpg, Tab)(2.2)[VP8]">
		<description>Robo-War (Gottlieb)(1988)(Destruk, Mnpg, Tab)(2.2)[VP8]</description>
		<rom name="Robo-War (Gottlieb) (1988) (Destruk &amp; Mnpg &amp; Tab) (2.1).vpt" size="2169344" crc="e9015898" md5="fa4def3ffc835c649bcb51b665943b06" sha1="75fccb0cefe6b016c1c8a3e78165fbb09e470b40" />
		<rom name="Robo-War (Gottlieb) (1988) (Destruk &amp; Mnpg &amp; Tab) (2.1a).vpt" size="2169344" crc="e8a11f94" md5="05b80cc2e62c46c38ca2700981554e0c" sha1="629817b3a57acb85fb8a34e1426b4667976f300a" />
		<rom name="Robo-War (Gottlieb) (1988) (Destruk &amp; Mnpg &amp; Tab) (2.2).vpt" size="2171904" crc="684d95bc" md5="590fe0a9bf4d2e7193cb31baf01e4084" sha1="41ba35f75aa51e57302a7c99528c0b26b0b92f71" />
		<rom name="Robo-War (Gottlieb) (1988) (Destruk &amp; Mnpg &amp; Tab) (2.2-later).vpt" size="2171904" crc="98c07184" md5="cd60425f03fb9487599636aff448c9a9" sha1="639fa00d1ec2b38c6d242be20cf796fbbc0aedb5" />
		<rom name="Robo-War (Gottlieb) (1988) (Destruk &amp; Mnpg) (1.0).vpt" size="637440" crc="4d99f029" md5="9da0071704f2a8c60e62454e133dd7a9" sha1="9d0bbd39bfd6ffd08f93ab0ad3710f835ef9d524" />
		<rom name="Robo-War (Gottlieb) (1988) (Destruk &amp; Mnpg) (2.0).vpt" size="2168832" crc="c7064d45" md5="cb031eccc3e5f11f89b4cd5b15ce01c3" sha1="f182031ca4c654b2a1a3a3e294c2a4d4e4f9f31c" />
		<rom name="Robo-War (Gottlieb) (1988) Backglass.jpg" size="136941" crc="94b43e78" md5="99ec319b1f625421bfd4bb16f34541bf" sha1="b2939580f228bf0b722d72d2e9b5b0ff8151aec3" />
		<rom name="Robo-War (Gottlieb) (1988) Flyer - 1.jpg" size="428765" crc="29a608a9" md5="065b508199f5841126b9abd3c71a9e90" sha1="1ed51bf770bfd4b0c8089dd995b231b61dc2739a" />
		<rom name="Robo-War (Gottlieb) (1988) Flyer - 2.jpg" size="625917" crc="880d28ad" md5="c41a15b7c9039c66fbc037fd89b9fadb" sha1="a0b4fb713da6b47a9aa96e803645190a9cffbf29" />
		<rom name="Robo-War (Gottlieb) (1988) Instruction Cards.doc" size="41984" crc="53eef72a" md5="64df1d529cbf4a10521595a4327bbcba" sha1="bda4eb8ef56029ccf3a7b34f15a9dce9816992ea" />
		<rom name="Robo-War (Gottlieb) (1988) Instruction Cards.pdf" size="47070" crc="341f9248" md5="92a84f277e8873a902bc11e74977208d" sha1="f3f7b91307f5e86b850457605a460f5955bd22f0" />
		<rom name="Robo-War (Gottlieb) (1988) Machine.jpg" size="148448" crc="d1597ba2" md5="2ff4d23885f291875d290c8c3dedbe84" sha1="6feed1f7840f92ddd09c2b1880696c4d858fdb7a" />
		<rom name="Robo-War (Gottlieb) (1988) Playfield.jpg" size="141853" crc="052859b7" md5="dfbfe71ac1bfe44349bf8fc328fcc7fe" sha1="f3ee4c059c4afa611c82288df56b02f35bc651c5" />
		<rom name="Robo-War (Gottlieb) (1988) robowars.cfg" size="3894" crc="cf238e52" md5="14cd939848908a5ab82bb9b07cfae4d2" sha1="d3682bf17f8e6d3418a01053d8d7544286aebcb0" />
		<rom name="Robo-War (Gottlieb) (1988) robowars.nv" size="302" crc="be0a41ec" md5="dfe36236809c1fd9e149950875007a77" sha1="a300088ee0bb266e03a33130cc4c9e66851a5904" />
		<rom name="Robo-War (Gottlieb) (1988) Screenshot (2.1 - 1).jpg" size="39059" crc="6f766fab" md5="9dd8d1a28c71293607fa54963edf96dd" sha1="8b7f330ff5b14568376b79e3a933f3f1d9f8bd76" />
		<rom name="Robo-War (Gottlieb) (1988) Screenshot (2.1 - 2).jpg" size="78410" crc="792bf4c2" md5="36d5e93a4095ab8f664635ec13713d1c" sha1="18f3827aed0b9e0cad90ec6d4ef38be1d9bc2ad2" />
		<rom name="Robo-War (Gottlieb) (1988) Screenshot (2.2).jpg" size="350389" crc="32a1b7e6" md5="e2555b1d9e024884b82b828779cbfcbd" sha1="9b52f4fadf68b2c74fe02d76d6197063601ce1f6" />
		<rom name="Robo-War (Gottlieb) (1988) Script.txt" size="1963" crc="98f2fc22" md5="8f8355a2f54be37efb6142aba442682a" sha1="af4f75b58e9008dd93ae6b027d032f9978fca371" />
	</machine>
	<machine name="RoboCop (Data East)(1989)(cyBORG, subzero1970, destruk)(1.0)[VP8]">
		<description>RoboCop (Data East)(1989)(cyBORG, subzero1970, destruk)(1.0)[VP8]</description>
		<rom name="RoboCop (cyBORG) screenshot.jpg" size="621245" crc="b248af0a" md5="5e7d7c30edbe2b447de0ad9a69a88816" sha1="203569d6efa25f89f025d9d86266c7542871f266" />
		<rom name="Robocop.vpt" size="2184192" crc="4c77d989" md5="d863f4ffe183a8852a6577e8be035e10" sha1="57c80e8be8a1bfcc85081aa32c983b9fd2284286" />
	</machine>
	<machine name="RoboCop (Data East)(1989)(JPSalas)(5.0.0)[VP8]">
		<description>RoboCop (Data East)(1989)(JPSalas)(5.0.0)[VP8]</description>
		<rom name="RoboCop (JPSalas) screenshot.jpg" size="825446" crc="af9980be" md5="ee7175127cb6f9d391e8f8ac149540c0" sha1="201b5fb1eab57d72400aa6748c08e529a561be9f" />
		<rom name="Robocop_JP_5.0.vpt" size="4082688" crc="019232c3" md5="e8855f7bb59a098ac89e03b934847b4f" sha1="7d7fa1f279576e2105ba7c233145e09043d5fe8c" />
	</machine>
	<machine name="Robot (Zaccaria)(1985)(destruk)(1.0)[VP8]">
		<description>Robot (Zaccaria)(1985)(destruk)(1.0)[VP8]</description>
		<rom name="PinballFull.ttf" size="15012" crc="ab81e90b" md5="7e1350640a5f96753ed0e537f2bb93bb" sha1="b4502fbbf87002b936e363b8af0ebfe2de40793a" />
		<rom name="Robot.vpt" size="5744640" crc="eabbcfa3" md5="35139f1cb99c2e605be7ca71f373050a" sha1="da13f8c17c579fe104f8eeeec195c5b777a490ba" />
	</machine>
	<machine name="Robot (Zaccaria)(1985)(luvthatapex)(1.0)[VP8][FS]">
		<description>Robot (Zaccaria)(1985)(luvthatapex)(1.0)[VP8][FS]</description>
		<rom name="UVP Robot.vpt" size="5951488" crc="624e4ad2" md5="84be2113d2c4139bf87915d794132944" sha1="e6428825a520c4dc89d807bb0bfc0862bbde7625" />
	</machine>
	<machine name="Scared Stiff (Bally)(1996)(JPG-Pins, Destruk, TAB)(1.06)[VP8]">
		<description>Scared Stiff (Bally)(1996)(JPG-Pins, Destruk, TAB)(1.06)[VP8]</description>
		<rom name="Scared Stiff (Bally)(1996)(JPG-Pins, Destruk, TAB)(1.06)[VP8]/Scared Stiff (JPG-Pins) screenshot.jpg" size="195625" crc="c5faca89" md5="ecc2947aaa09d76c3d819c9f888ea7ac" sha1="38367db8aed162d42c2043d35b38a185e7c5effb" />
		<rom name="Scared Stiff (Bally)(1996)(JPG-Pins, Destruk, TAB)(1.06)[VP8]/ScaredStiffPrototype1.06-vp8.vpt" size="11269120" crc="2a154b20" md5="582e79eaf7f92fbc0bcfa66583a40a32" sha1="eebd5e80edb11fbf18f400fa5bca233bc1b281e0" />
	</machine>
	<machine name="Shaq Attaq (Gottlieb)(1995)(Joep, Aurian, Destruk)(8.2)[VP8]">
		<description>Shaq Attaq (Gottlieb)(1995)(Joep, Aurian, Destruk)(8.2)[VP8]</description>
		<rom name="Shaq Attaq (Gottlieb)(1995)(Joep, Aurian, Destruk)(8.2)[VP8]/Shaq Attaq screenshot.jpg" size="652917" crc="3968e4c6" md5="95982c07969b267d127bd1e1708bbf07" sha1="ec26a3d88ed99683d73fdb01b7c9525800e9b1eb" />
		<rom name="Shaq Attaq (Gottlieb)(1995)(Joep, Aurian, Destruk)(8.2)[VP8]/Shaq Attaq.vpt" size="3064320" crc="22a29a27" md5="b4b38e94c16bd940cbbd7de5b4e6f2dc" sha1="bdc1372739a20d3b22c0343f8515e2e5a2eb54ae" />
	</machine>
	<machine name="Skateball (Bally)(1980)(Pebo, destruk)(1.0)[VP8]">
		<description>Skateball (Bally)(1980)(Pebo, destruk)(1.0)[VP8]</description>
		<rom name="image.jpg" size="761561" crc="60547853" md5="8f1d443c105ce8afcc8fa0cadba2cdc1" sha1="4fcd12c9e5d229993b82ca134b805accb4ffaf93" />
		<rom name="Pinball.ttf" size="23548" crc="02e83ad1" md5="a50ceaf415b07a0c9e467b03f2127a82" sha1="a3285aedc5d4d42e7bf6a06713562bc94a165f97" />
		<rom name="Skateball.vpt" size="6214144" crc="10fdaf95" md5="354ab1c40ba69737be2c1d13ac335d1b" sha1="7b0976e9f1f16752cf0705cec7cb5fd1b4f1440d" />
	</machine>
	<machine name="Space Shuttle (Williams)(1984)(Emkaah)(0.95)[VP8]">
		<description>Space Shuttle (Williams)(1984)(Emkaah)(0.95)[VP8]</description>
		<rom name="screenshot.jpg" size="239246" crc="40d0e111" md5="f0f114e621ea3fb4eb26ee9f58f2dbae" sha1="a1697fe4961fe617aae52423e92c435cbf354048" />
		<rom name="Space Shuttle a95.vpt" size="11830784" crc="f701bbba" md5="4029444515d0577fe4101f956b402b68" sha1="87cd1aa2403476b87919fdfbf7eff01dde18632a" />
		<rom name="WSpaceshuttlecore.vbs" size="54160" crc="5a7ad6f8" md5="836a42785529adc71e63b8c2505b3b8d" sha1="b78464c6f0076f7d978976c0eebf324b46c61435" />
	</machine>
	<machine name="Spirit (Gottlieb)(1982)(Luvthatapex, Moonchild, Destruk)(1.2)[VP8]">
		<description>Spirit (Gottlieb)(1982)(Luvthatapex, Moonchild, Destruk)(1.2)[VP8]</description>
		<rom name="PinballFull.ttf" size="15012" crc="ab81e90b" md5="7e1350640a5f96753ed0e537f2bb93bb" sha1="b4502fbbf87002b936e363b8af0ebfe2de40793a" />
		<rom name="Spirit.vpt" size="2976256" crc="71b6337c" md5="6e37fd1b3e5799b032b71f42fc93f5c1" sha1="96ccb340a864752ed95ee02ffc3c2dace574d468" />
	</machine>
	<machine name="Spy Hunter (Bally)(1984)(Cyborg, Inkochnito, Eala Dubh Sidhe, Destruk)(1.4.0)[VP8]">
		<description>Spy Hunter (Bally)(1984)(Cyborg, Inkochnito, Eala Dubh Sidhe, Destruk)(1.4.0)[VP8]</description>
		<rom name="screenshot.jpg" size="754181" crc="b5de502d" md5="51507e86933ad7eab1beb0ea5515a80d" sha1="599634bf4e558f9509f09099f0659fc05f1f7e17" />
		<rom name="Spy Hunter.vpt" size="3918336" crc="9fa8cfc6" md5="6f3a875a0661ac24bcb568587dbe8253" sha1="c58ba4ae87dbfb94ae0ef39cf460a9e7b981dae4" />
	</machine>
	<machine name="Star Trek - The Next Generation (Williams)(1993)(BlueTex, RobHemp, Pinball Ken, Destruk)(2.6a)[VP8]">
		<description>Star Trek - The Next Generation (Williams)(1993)(BlueTex, RobHemp, Pinball Ken, Destruk)(2.6a)[VP8]</description>
		<rom name="FINALNEW.TTF" size="19812" crc="07879de9" md5="e51fb96ce7dced66c4c8ee5048316f7a" sha1="86fe891b82a490b91da23148043a8777866bb50f" />
		<rom name="GOLONG.TTF" size="6848" crc="056e4a65" md5="6a11ad5d20dd03075e163af15e6e8286" sha1="e81783fa3539807fea04be004305becdf21f2f71" />
		<rom name="screenshot.jpg" size="735807" crc="6622acde" md5="6145fea9b1123b9be68dfcb1f27c6419" sha1="8e16e0155c207a6a83f181e7008f09a926c2f2ba" />
		<rom name="STTNG 2.6a.vpt" size="2831872" crc="814dfe76" md5="b3057a6810d98bd1ac885de8c0d851e1" sha1="f8c713df2c04446611d86141a7b9bdf1227fc341" />
	</machine>
	<machine name="Star Trek - The Next Generation (Williams)(1993)(JPG-PINS)(2.2)[VP8]">
		<description>Star Trek - The Next Generation (Williams)(1993)(JPG-PINS)(2.2)[VP8]</description>
		<rom name="screenshot.jpg" size="243426" crc="fbda19f8" md5="db8edf3c31f92dffedec838c1c18924a" sha1="09c98b90634ec7066c81b498b7233cf79b41ed41" />
		<rom name="STTNG_v2.2_JPG-PINS.vpt" size="14805504" crc="b1a39fdd" md5="69198ef473ce3f812e1506cade6a0e53" sha1="387f9f05bea6d369fa1da0cba2e748e8f08e5544" />
	</machine>
	<machine name="Star Wars (Data East)(1992)(JPSalas)(1.1)[VP8]">
		<description>Star Wars (Data East)(1992)(JPSalas)(1.1)[VP8]</description>
		<rom name="Star Wars (Data East)(1992)(JPSalas)(1.1)[VP8]/Star Wars screenshot.jpg" size="196631" crc="51e7b953" md5="c1069016f34adb21d972c93419cca74c" sha1="64244081cbd09c0b583f9ef17817efa93c726f11" />
		<rom name="Star Wars (Data East)(1992)(JPSalas)(1.1)[VP8]/Star_Wars_JP_1.1.vpt" size="9592320" crc="af7e2bbb" md5="de77d69e49bc0f7678d7492019780729" sha1="c6760897378b1a291c662f1b26d092ff09e6b2c8" />
	</machine>
	<machine name="Superman (Atari)(1979)(Eala Dubh Sidhe)(2.0)[VP8]">
		<description>Superman (Atari)(1979)(Eala Dubh Sidhe)(2.0)[VP8]</description>
		<rom name="Superman (Atari 1979) v2.0.vpt" size="9900544" crc="eb1aa3e4" md5="dbe7030a191828575d0a0a683fd01af7" sha1="9e05f5c525c2f6b6a34ed49617ade1e91498518c" />
		<rom name="Superman screenshot.jpg" size="514256" crc="5e6aa578" md5="df610f6273b1e7eec17a1f718303cc57" sha1="56e33fc463d855231e12d7726366e5b2edfd80cb" />
	</machine>
	<machine name="Superman (Atari)(1979)(Eala Dubh Sidhe, neurokinetik)(1.0)[VP8]">
		<description>Superman (Atari)(1979)(Eala Dubh Sidhe, neurokinetik)(1.0)[VP8]</description>
		<rom name="Superman VPM(Atari, 1979).vpt" size="2467328" crc="91ff1570" md5="b2cffd95d4da42ba1146242a2ef73770" sha1="ee294cc5385394964ee6f93bb71a7ab220f347b6" />
	</machine>
	<machine name="Surf 'n Safari (Gottlieb)(1991)(Lander, Zaphod )(1.2)[VP8]">
		<description>Surf 'n Safari (Gottlieb)(1991)(Lander, Zaphod )(1.2)[VP8]</description>
		<rom name="screenshot.jpg" size="931317" crc="75892cc1" md5="313e944b49487c0e5cb99d30af4da157" sha1="de2784ff61747ab496d63e04b73bfe3ac9b287c5" />
		<rom name="Surf 'N Safari -Zaphod Lander.vpt" size="3143680" crc="e619d9d9" md5="8999f76398c4f214f0a2cd010782e685" sha1="011dcfa59ab91e5854da8d3451e8605f4c12d0f6" />
	</machine>
	<machine name="Surf 'n Safari (Gottlieb)(1991)(Tab, Destruk)(1.2)[VP8]">
		<description>Surf 'n Safari (Gottlieb)(1991)(Tab, Destruk)(1.2)[VP8]</description>
		<rom name="screenshot.jpg" size="698625" crc="f2a37448" md5="c4b24e8d22c757af68efe26a38999fb0" sha1="17c26faa8c70e8adeb04308ac629dcb3a0bbf18e" />
		<rom name="Surf 'N Safari.vpt" size="1294848" crc="35f28846" md5="d139ec5c2b040b0dbf7310f086388b12" sha1="a581c4e849bd24929453f16bb4919362ff2cc72c" />
	</machine>
	<machine name="Swords of Fury (Williams)(1988)(Lio)(RC3)[VP8]">
		<description>Swords of Fury (Williams)(1988)(Lio)(RC3)[VP8]</description>
		<rom name="screenshot.jpg" size="367286" crc="a3638756" md5="b4051d85740d0f28046b09d079533f3c" sha1="bca6fbbffa095d04d6fbe772b4eaab7ebf4d5a48" />
		<rom name="swords of fury [RC3].vpt" size="2845696" crc="40307f03" md5="7d09f18c04f635b87ae64f47d6e3190d" sha1="b869dfae2ff478fe4a4d383a263654de32b0d1b8" />
		<rom name="swords of fury_rules.txt" size="8605" crc="af2315a3" md5="3ea041357f62281a580fb04aa8ab00d6" sha1="0e0d7e503a0d6e9689250990f46ea696a0950e07" />
		<rom name="swords of readme.txt" size="3795" crc="07123ab6" md5="055462a978c6f2e7a90cd6e894046ffc" sha1="e48d3104964222f6a9c11c04eaf28fd59477137b" />
	</machine>
	<machine name="Tag-Team Pinball (Gottlieb)(1985)(Destruk, Lander, TAB)(3.0)[VP8]">
		<description>Tag-Team Pinball (Gottlieb)(1985)(Destruk, Lander, TAB)(3.0)[VP8]</description>
		<rom name="screenshot.jpg" size="822490" crc="197851a5" md5="839a12d65be04b86651ec3f910e3371d" sha1="7f946fd91246b6db8680d1178fad9943797bf19c" />
		<rom name="Tag-Team Pinball.vpt" size="2270208" crc="234bdc3f" md5="f9356f565a0dfc64d33b5ca8e736e50f" sha1="4a0ac6496f70d0cd149cdf380d44aa684cd874d1" />
	</machine>
	<machine name="Tales from the Crypt (Data East)(1993)(JPSalas)(1.0)[VP8]">
		<description>Tales from the Crypt (Data East)(1993)(JPSalas)(1.0)[VP8]</description>
		<rom name="screenshot.jpg" size="191577" crc="ac015893" md5="5221b98c2090176e28fe9b76ab4fe2e8" sha1="a5a5ecedce15ac43b8343b8341e26b945ce53c6d" />
		<rom name="Tales_from_the_Crypt_JP_1.0.vpt" size="5427200" crc="f1052258" md5="f3eced831f444596b247986a566c8e5b" sha1="3190a5680a42238cfd21e0c4a44287f6f2015660" />
	</machine>
	<machine name="Tales from the Crypt (Data East)(1993)(Lander)(1.0)[VP8]">
		<description>Tales from the Crypt (Data East)(1993)(Lander)(1.0)[VP8]</description>
		<rom name="screenshot.jpg" size="890247" crc="9f4c27be" md5="633334abaa3b92d37748f3454980e46f" sha1="a99e36dca605ef7c70664552ca2f474936229d82" />
		<rom name="Tales from the Crypt - (Lander).vpt" size="4268032" crc="e2424d8e" md5="d92a0985c627cab4030636cdcbbe22bc" sha1="a4bf742ddf256e5cd699c51d39b1591ef992848d" />
	</machine>
	<machine name="Tee'd Off (Gottlieb)(1993)(Joep, El_Condor, Destruk)(Rc3)[VP8]">
		<description>Tee'd Off (Gottlieb)(1993)(Joep, El_Condor, Destruk)(Rc3)[VP8]</description>
		<rom name="screenshot.jpg" size="462551" crc="b69fb122" md5="ea3f4a11c0a66430a04e31874473c635" sha1="d8aeff4868e922d8cbdcba88cf7b6163d4776819" />
		<rom name="Tee'd Off.vpt" size="2852864" crc="d7e6dbee" md5="94c3c99b00db0db7831c74bbe9e94c95" sha1="f272c23265975ee2428b27d117961c8a4fe47f31" />
	</machine>
	<machine name="Tee'd Off (Gottlieb)(1993)(JPSalas)(1.01)[VP8]">
		<description>Tee'd Off (Gottlieb)(1993)(JPSalas)(1.01)[VP8]</description>
		<rom name="screenshot.jpg" size="752276" crc="1647104e" md5="1490a2f8a63dfb86b807e85f44b0ba5b" sha1="875ec6aae56d6063f05a8b547cf99c30602f9e5f" />
		<rom name="Teed-Off - JP.vpt" size="4323840" crc="927176e8" md5="f4c1d4fc7971753675250fd33c073317" sha1="158b30f75a5a5f787dda6d7376870b3d68faf040" />
	</machine>
	<machine name="Terminator 2 - Judgement Day (Williams)(1991)(PacDude)(3.1.0)[VP8]">
		<description>Terminator 2 - Judgement Day (Williams)(1991)(PacDude)(3.1.0)[VP8]</description>
		<rom name="screenshot.jpg" size="100939" crc="8a534484" md5="4f15bcb4e0cdd4d4c2f8a639a72ff7ee" sha1="9cffa106ded2e73b7ad9e033829f38d2433f7cef" />
		<rom name="T2 - Judgment Day 3.1P.vpt" size="3890688" crc="ed515928" md5="3e794cb0db09887dc3766fe9b71d7e57" sha1="e5878f7ea90333b1fabec421d7a4a0f23ffbcf44" />
		<rom name="T2_PMod_Revhistory.txt" size="13804" crc="3297bf61" md5="73aaadf2ab3d9f75d8520a096f875aa9" sha1="8bce0f2edb1fc063a38b595179f5a91e0710bcd4" />
	</machine>
	<machine name="Terminator 3 - Rise of the Machines (Stern)(2003)(Jamin)(1.0)[VP8]">
		<description>Terminator 3 - Rise of the Machines (Stern)(2003)(Jamin)(1.0)[VP8]</description>
		<rom name="Terminator 3 (Jamin 1.0).vpt" size="4664832" crc="9054fad0" md5="2cf124a283a39514497ec13fb3db832f" sha1="bacc4ce72c5cf7030e42c26e0d4d191367a506f7" />
		<rom name="Terminator 3 - Rise of the Machines (Stern) (2003) Backbox.jpg" size="147658" crc="c68dfd3a" md5="6607504aab2a4e107521bcc150860970" sha1="859a2b03105c668921fbc62cfadd4ec0791fe79d" />
		<rom name="Terminator 3 - Rise of the Machines (Stern) (2003) Backglass - 1.jpg" size="70517" crc="c141ea38" md5="4b547083a9e9fcbba5899436dd52130b" sha1="0925ebc55508fbc974379ef3be3e7fecf0b80513" />
		<rom name="Terminator 3 - Rise of the Machines (Stern) (2003) Backglass - 2.jpg" size="183977" crc="37e88c33" md5="675a639840f4482e753d30f22849455b" sha1="f2ac6e198791f6e15592f5987625d283b311960c" />
		<rom name="Terminator 3 - Rise of the Machines (Stern) (2003) Flyer - 1.jpg" size="322894" crc="23d3ee90" md5="9ed421454c7a9ad324e3077582747286" sha1="d8043ef62786740978411698fbadccd7d99e2f80" />
		<rom name="Terminator 3 - Rise of the Machines (Stern) (2003) Flyer - 2.jpg" size="366419" crc="fbdc94b3" md5="b10f48889b1b3bd9a2d4468369cfd326" sha1="da4100ca25e88473b7d71f64c4ea589b139630e5" />
		<rom name="Terminator 3 - Rise of the Machines (Stern) (2003) Instruction Cards Multi Language.pdf" size="354872" crc="0d0dbcba" md5="1d3f8828b85a30346cbbceff38cea499" sha1="ba1a185acc515b91cce7a7ceb85d1aaa27550b47" />
		<rom name="Terminator 3 - Rise of the Machines (Stern) (2003) Lower Playfield.jpg" size="234263" crc="2a319ae3" md5="aa7c885ea7dbb4da99806dd76474afc7" sha1="80471b09e8b710b1d588a323d83225c5334214b8" />
		<rom name="Terminator 3 - Rise of the Machines (Stern) (2003) Machine.jpg" size="171094" crc="95e1dd72" md5="11a58f4a199463b436aa64759ee7f268" sha1="196302db9eb996d2409abacdf922cb805f3a1ad3" />
		<rom name="Terminator 3 - Rise of the Machines (Stern) (2003) Middle Playfield.jpg" size="228028" crc="2afe0c88" md5="aaf3e5b37a275a1d34694a5eb5563483" sha1="ed6d3030495ab0127ae67da347537bc5ae23a6b6" />
		<rom name="Terminator 3 - Rise of the Machines (Stern) (2003) Playfield - 1.jpg" size="100728" crc="2ecafd59" md5="580660ef07369e3315851dc8fd7042e3" sha1="73d250c7f644411d5a86531d75203058a2484d9c" />
		<rom name="Terminator 3 - Rise of the Machines (Stern) (2003) Playfield - 2.jpg" size="395468" crc="3966fd16" md5="676cd8bd14d447267c1a95e0cfe04457" sha1="aefe71a89e611661e4ac1e3dc0ad2af81e7d6432" />
		<rom name="Terminator 3 - Rise of the Machines (Stern) (2003) Press_Release.pdf" size="125317" crc="468d6325" md5="bdaca5647d37e07a4a7eb73266a37ef3" sha1="d4e129e8c01a7bc797acb44716d30140b1741aea" />
		<rom name="Terminator 3 - Rise of the Machines (Stern) (2003) Screenshot (1.0).jpg" size="197781" crc="ca854fb9" md5="2629715adbc7e3daab508ca3477fb622" sha1="2f741c0c2e260ba5e767e77e9419f19303b0dcc8" />
		<rom name="Terminator 3 - Rise of the Machines (Stern) (2003) Upper Playfield.jpg" size="207167" crc="7816af2b" md5="a0c99724367c214f494624c2d4bf9658" sha1="0d8d0c20696073d21eca8e4c981716d753299eeb" />
	</machine>
	<machine name="Ticket Tac Toe (Williams)(1996)(DesAngel, KidC, Destruk)(1.0)[VP8]">
		<description>Ticket Tac Toe (Williams)(1996)(DesAngel, KidC, Destruk)(1.0)[VP8]</description>
		<rom name="screenshot.jpg" size="523469" crc="063fe6f5" md5="cf6cb6d271a732413db62a3e5bba0fb1" sha1="b9645753f071217ebf408c1ad6394b430181d187" />
		<rom name="Ticket Tac Toe.vpt" size="5902336" crc="8d716c19" md5="234989f791c6c8dd9bfabe0a9cc41a6c" sha1="6ecc197529893e7a6de65ad7d96026572b9636b0" />
	</machine>
	<machine name="Time Warp (Williams)(1979)(Evolution Studios, Destruk)(1.0)[VP8]">
		<description>Time Warp (Williams)(1979)(Evolution Studios, Destruk)(1.0)[VP8]</description>
		<rom name="PinballFull.ttf" size="15012" crc="ab81e90b" md5="7e1350640a5f96753ed0e537f2bb93bb" sha1="b4502fbbf87002b936e363b8af0ebfe2de40793a" />
		<rom name="screenshot.jpg" size="574683" crc="d52891f0" md5="72d3576973f8dfd5115933cbf88a3845" sha1="aec02d94bf44ef8664f181f53aad9ee18fba5400" />
		<rom name="Time Warp.vpt" size="8496640" crc="c44865eb" md5="c3abc43ae2980233746f5eb3b1f49e6e" sha1="4ad36bbf686b30db1f1f7092c7c36a2e76902bdf" />
	</machine>
	<machine name="Title Fight (Gottlieb)(1990)(TAB)(3.0.0)[VP8]">
		<description>Title Fight (Gottlieb)(1990)(TAB)(3.0.0)[VP8]</description>
		<rom name="Title Fight.vpt" size="2393600" crc="7b0dfe5e" md5="783889f5cc8607e0c2689f06ead6c46a" sha1="4002045b8f5b20b14cb3eeeeb275778b0cc6fc11" />
	</machine>
	<machine name="Torpedo Alley (Data East)(1988)(TAB, Detruk)(2.2.3)[VP8]">
		<description>Torpedo Alley (Data East)(1988)(TAB, Detruk)(2.2.3)[VP8]</description>
		<rom name="screenshot.jpg" size="605874" crc="cb244cc1" md5="06714a770529995bfb86771435a68aa3" sha1="c12ef18f0ace8c91a27d23678087b78c05493ef1" />
		<rom name="Torpedo Alley.vpt" size="2821632" crc="7d02f4ec" md5="f94811b557943f4f2493a5127b571a22" sha1="60184069f125a39851bc32fafe478ca403e800c9" />
	</machine>
	<machine name="Transporter the Rescue (Bally)(1989)(Destruk, Lio, Nicky Special)(1.0)[VP8]">
		<description>Transporter the Rescue (Bally)(1989)(Destruk, Lio, Nicky Special)(1.0)[VP8]</description>
		<rom name="Transporter.vpt" size="2436608" crc="958e8f20" md5="8f2066bed67b9a0c8ac2a19b11403ece" sha1="95dae153cb428f74b5e9580bfc00f7dbef01bbd5" />
	</machine>
	<machine name="Varkon (Williams)(1982)(destruk, DesAngel)(1.0)[VP8]">
		<description>Varkon (Williams)(1982)(destruk, DesAngel)(1.0)[VP8]</description>
		<rom name="Varkon (Williams)(1982)(destruk, DesAngel)(1.0)[VP8]/Varkon screenshot.jpg" size="478770" crc="90e2e5fb" md5="61b5b951286a15869493d7598cacb408" sha1="67159dc08492cf917aafbbfaac64dc50668b9cc3" />
		<rom name="Varkon (Williams)(1982)(destruk, DesAngel)(1.0)[VP8]/Varkon.vpt" size="3649024" crc="2ccf84ec" md5="61f48a3c86bdc96d03e28f02b3a32ee1" sha1="11183c4ae20253c6d54c84e8d87ddfe87d52faf6" />
		<rom name="Varkon (Williams)(1982)(destruk, DesAngel)(1.0)[VP8]/WilliamsFontWide.ttf" size="19304" crc="b0fe21e0" md5="c369c4262ed80fd0c802bf97a7c1fb04" sha1="a2690325b4a1d18078608fd2c4ce6a4eacb7638a" />
	</machine>
	<machine name="Vegas (Gameplan)(1979)(destruk, Lander, Joep, Apocalypse, TAB)(1.0)[VP8]">
		<description>Vegas (Gameplan)(1979)(destruk, Lander, Joep, Apocalypse, TAB)(1.0)[VP8]</description>
		<rom name="Vegas (Gameplan)(1979)(destruk, Lander, Joep, Apocalypse, TAB)(1.0)[VP8]/Vegas - GamePlan.vpt" size="2738688" crc="5f8fefb2" md5="aa1a230f9fbf9b676e37a474745eca8a" sha1="d538545271b8e5978970951c925336244dd4f9b7" />
		<rom name="Vegas (Gameplan)(1979)(destruk, Lander, Joep, Apocalypse, TAB)(1.0)[VP8]/Vegas screenshot.jpg" size="117719" crc="d18ad7cc" md5="1147fb5e20e421387cc7b2de679807bf" sha1="89768efeb9b09e1dffbfd7a0a44a48b35b9fc905" />
	</machine>
	<machine name="Vegas (Gottlieb)(1990)(Joep, destruk)(1.1)[VP8]">
		<description>Vegas (Gottlieb)(1990)(Joep, destruk)(1.1)[VP8]</description>
		<rom name="Vegas (Gottlieb)(1990)(Joep, destruk)(1.1)[VP8]/Vegas Gottlieb.vpt" size="1027584" crc="a23987e6" md5="60318a535d01f6eb22e80b1632886897" sha1="662d01af634f2e333a8135a426faaec6bb05d825" />
		<rom name="Vegas (Gottlieb)(1990)(Joep, destruk)(1.1)[VP8]/Vegas screenshot.jpg" size="596981" crc="58a4136f" md5="3fa381d45e88ae7cdff4ff3a51579205" sha1="b62a3b3e90ffcdec327d6b5ab3e59ffeae1ebf73" />
	</machine>
	<machine name="Vegas (Taito do Brasil)(1978)(destruk, TAB, Kabuki Joe, Gaston)(1.0)[VP8]">
		<description>Vegas (Taito do Brasil)(1978)(destruk, TAB, Kabuki Joe, Gaston)(1.0)[VP8]</description>
		<rom name="Vegas (Taito do Brasil)(1977)(destruk, TAB, Kabuki Joe, Gaston)(1.0)[VP8]/Vegas - Taito.vpt" size="897536" crc="f145d58e" md5="1037d07d6f8ddb382c0a0759a26d0530" sha1="5a2f5792cf0fe7a313fdaf4c87e847ce68083178" />
		<rom name="Vegas (Taito do Brasil)(1977)(destruk, TAB, Kabuki Joe, Gaston)(1.0)[VP8]/Vegas screenshot.jpg" size="140493" crc="9a880bd8" md5="5ff22b97e2c8d432ca3f0b8bd154b852" sha1="779fb1a0d81f8704b6dcfbbd2e7540e58dabdc71" />
	</machine>
	<machine name="Victory (Gottlieb)(1987)(MNPG, TAB)(0.2)[VP8]">
		<description>Victory (Gottlieb)(1987)(MNPG, TAB)(0.2)[VP8]</description>
		<rom name="Victory (Gottlieb)(1987)(MNPG, TAB)(0.2)[VP8]/Victory screenshot.jpg" size="879514" crc="3997d9f2" md5="8d1da2ce477821dbe2dc0c72824ece7e" sha1="125a4eb6b9f270606ee0bb6f2e5ed806584f2e9a" />
		<rom name="Victory (Gottlieb)(1987)(MNPG, TAB)(0.2)[VP8]/Victory.vpt" size="4450304" crc="da48edd2" md5="e595e19cb03249cfad650e33b5debe04" sha1="5bdb6f9d85c95e6063a7909a49547d73103a605d" />
	</machine>
	<machine name="Viking (Bally)(1979)(Eala Dubh Sidhe, destruk)(1.3)[VP8]">
		<description>Viking (Bally)(1979)(Eala Dubh Sidhe, destruk)(1.3)[VP8]</description>
		<rom name="Viking (Bally)(1979)(Eala Dubh Sidhe, destruk)(1.3)[VP8]/Viking screenshot.jpg" size="897397" crc="62d04c86" md5="5f7c8a509f65c74c18cb669d6d27bad7" sha1="2babca4aa557850c7246bdc72229ece5b44ddeec" />
		<rom name="Viking (Bally)(1979)(Eala Dubh Sidhe, destruk)(1.3)[VP8]/Viking.vpt" size="3223040" crc="4619e83c" md5="c87715342af891bf800f808b2f15cb60" sha1="73e2948c44b328e120e2bc337e47d355be6b4e84" />
	</machine>
	<machine name="Viper (Stern)(1981)(Eala Dubh Sidhe, TinyRodent, Compufox, destruk, TAB)(1.0)[VP8]">
		<description>Viper (Stern)(1981)(Eala Dubh Sidhe, TinyRodent, Compufox, destruk, TAB)(1.0)[VP8]</description>
		<rom name="Viper (Stern)(1981)(Eala Dubh Sidhe, TinyRodent, Compufox, destruk, TAB)(1.0)[VP8]/Viper (Stern 1981).vpt" size="8253952" crc="72600fc3" md5="4f2a051527d9853d1059233e55b644b4" sha1="247a5ead2b9dd5ffd46d040e703219bc8762fd64" />
		<rom name="Viper (Stern)(1981)(Eala Dubh Sidhe, TinyRodent, Compufox, destruk, TAB)(1.0)[VP8]/Viper screenshot.jpg" size="190507" crc="e13924b7" md5="4500fe2db69fc10295d00a1b5bb77f72" sha1="2542effc026e0a8bb8f880987ff2c52a5cabd9fd" />
	</machine>
	<machine name="Viper Night Drivin' (SEGA)(1998)(wtiger, TAB, destruk)(1.0)[VP8]">
		<description>Viper Night Drivin' (SEGA)(1998)(wtiger, TAB, destruk)(1.0)[VP8]</description>
		<rom name="Viper Night Drivin' (SEGA)(1998)(wtiger, TAB, destruk)(1.0)[VP8]/Viper Night Drivin' screenshot.jpg" size="189744" crc="d1a3c41b" md5="ffd42f87e86a032eab53bb5b81cf2aa1" sha1="d8e6a68054c3287d2ee7bb5a2612dde23daf6f3e" />
		<rom name="Viper Night Drivin' (SEGA)(1998)(wtiger, TAB, destruk)(1.0)[VP8]/Viper Night Drivin'.vpt" size="2402816" crc="8a71016f" md5="a131051327ea89d6a6ab57b9ac69af54" sha1="0b4e21942b12cb7eba72d1fce010648ff2d9b33f" />
	</machine>
	<machine name="Volcano (Gottlieb)(1981)(LuvThatApex, destruk, TAB)(1.0)[VP8]">
		<description>Volcano (Gottlieb)(1981)(LuvThatApex, destruk, TAB)(1.0)[VP8]</description>
		<rom name="Volcano (Gottlieb)(1981)(LuvThatApex, destruk, TAB)(1.0)[VP8]/Quartz.ttf" size="57860" crc="2915b2ed" md5="55f96a010646b90457e9bc03d43e2b67" sha1="74d93c590b5de2e4ee03fd3d3cc8ea64439131cc" />
		<rom name="Volcano (Gottlieb)(1981)(LuvThatApex, destruk, TAB)(1.0)[VP8]/Volcano (LuvThatApex, destruk) screenshot.jpg" size="169664" crc="8718fb50" md5="759a1d7dcd11bc97b25065e6c3e4c05a" sha1="62e7782b0ced2a12bf41528592f60c3c4a818c04" />
		<rom name="Volcano (Gottlieb)(1981)(LuvThatApex, destruk, TAB)(1.0)[VP8]/Volcano.vpt" size="4697600" crc="c2aea5b5" md5="85044984dd87f02fbbe26c6ddea19dc6" sha1="0f8c24425d66366707176a36f6a5e71749da2d49" />
	</machine>
	<machine name="Volcano (Gottlieb)(1981)(Patatrox, destruk)(0.10)[VP8]">
		<description>Volcano (Gottlieb)(1981)(Patatrox, destruk)(0.10)[VP8]</description>
		<rom name="Volcano (Gottlieb)(1981)(Patatrox, destruk)(0.10)[VP8]/Volcano (Patatrox) screenshot.jpg" size="801654" crc="125886e2" md5="bac8d8bb12c5846f9e5fe5bd298568c6" sha1="c3962f18d19bd55ae3f1758c70bb759cb24007a4" />
		<rom name="Volcano (Gottlieb)(1981)(Patatrox, destruk)(0.10)[VP8]/Volcano - Patatrox.vpt" size="1361920" crc="1db86d70" md5="e9ab3396bb041ec66ed9afc7dc880ef3" sha1="2918c5d4815e9036cbb690fd95f062c4c1e43dbc" />
	</machine>
	<machine name="Voltan Escapes Cosmic Doom (Bally)(1978)(Eala Dubh Sidhe, Joe Entropy, destruk)(1.0)[VP8]">
		<description>Voltan Escapes Cosmic Doom (Bally)(1978)(Eala Dubh Sidhe, Joe Entropy, destruk)(1.0)[VP8]</description>
		<rom name="Voltan Escapes Cosmic Doom (Bally)(1978)(Eala Dubh Sidhe, Joe Entropy, destruk)(1.0)[VP8]/Voltan Escapes Cosmic Doom screenshot.jpg" size="714754" crc="4e916d10" md5="9fed24ed2734dfc5fdcf809e32683ec2" sha1="f702702ffbad1f6747912e70b1875703c6ff434b" />
		<rom name="Voltan Escapes Cosmic Doom (Bally)(1978)(Eala Dubh Sidhe, Joe Entropy, destruk)(1.0)[VP8]/Voltan.vpt" size="2342400" crc="cc1c56a1" md5="af36d9c5edf1a8907d8b68aacb2c5f06" sha1="5a580e02a4f6b785a989f96058c16acdab89b63b" />
	</machine>
	<machine name="Vortex (Taito do Brasil)(1983)(Dox, Maloti, destruk, TAB)(1.0)[VP8]">
		<description>Vortex (Taito do Brasil)(1983)(Dox, Maloti, destruk, TAB)(1.0)[VP8]</description>
		<rom name="Vortex (Taito do Brasil)(1983)(Dox, Maloti, destruk, TAB)(1.0)[VP8]/Vortex screenshot.jpg" size="164048" crc="e4314eb2" md5="96ac2d260c9e9ffb651fad6585551126" sha1="ec45b058d7a81dc160943f958f0537af79b90821" />
		<rom name="Vortex (Taito do Brasil)(1983)(Dox, Maloti, destruk, TAB)(1.0)[VP8]/Vortex.vpt" size="1449984" crc="42e44528" md5="50399d932cfc89cfdd096ddd8c40b542" sha1="1125458471749aef5b4eff9b8e022a9f72e9f156" />
	</machine>
	<machine name="Warlok (Williams)(1992)(Cutter, Kristian, TAB)(1.8.0)[VP8]">
		<description>Warlok (Williams)(1992)(Cutter, Kristian, TAB)(1.8.0)[VP8]</description>
		<rom name="Warlok (Williams)(1992)(Cutter, Kristian, TAB)(1.8.0)[VP8]/Warlok screenshot.jpg" size="160217" crc="b3354937" md5="bf83f575170216fdb43b011febc16a67" sha1="5c3212a041eaedbd062c3326f5a6fc0c95167989" />
		<rom name="Warlok (Williams)(1992)(Cutter, Kristian, TAB)(1.8.0)[VP8]/Warlok.vpt" size="2020352" crc="180b876a" md5="c8cf646d14348445c2fd12f19e15903e" sha1="d836fd1ce8e1d1187f4154fee73401bdcc1fbc12" />
	</machine>
	<machine name="WaterWorld (Gottlieb)(1995)(TAB, destruk)(1.0.2)[VP8]">
		<description>WaterWorld (Gottlieb)(1995)(TAB, destruk)(1.0.2)[VP8]</description>
		<rom name="Waterworld (Gottlieb)(1995)(TAB, destruk)(1.0.2)[VP8]/Waterworld screenshot.jpg" size="1408738" crc="2d942731" md5="5cd29ec532869c19c6f8123a428be49c" sha1="2646c12ff27538c3376dd57ca7315eaac96320fe" />
		<rom name="Waterworld (Gottlieb)(1995)(TAB, destruk)(1.0.2)[VP8]/Waterworld.vpt" size="1792000" crc="a1498a8b" md5="ee50ac0b262404e752882b021e7585a4" sha1="106f98e3c369465d7c3dbb6e938cf2a4e3b5e20c" />
	</machine>
	<machine name="Whirlwind (Williams)(1990)(Andre Needham, AJ, destruk)(1.2)[VP8]">
		<description>Whirlwind (Williams)(1990)(Andre Needham, AJ, destruk)(1.2)[VP8]</description>
		<rom name="Whirlwind (Williams)(1990)(Andre Needham, AJ, destruk)(1.2)[VP8]/Whirlwind (Andre Nedjam) screenshot.jpg" size="714726" crc="d83338fb" md5="778d94bcfc9ff531f860c72e7eb58978" sha1="1831da2c9e1e7586e607d0bea3a276392f275573" />
		<rom name="Whirlwind (Williams)(1990)(Andre Needham, AJ, destruk)(1.2)[VP8]/Whirlwind.vpt" size="1299456" crc="ad4321cf" md5="76bf398135f7a9c192a51ba06479d1f3" sha1="46e79107cb635eea050280a88eb6d75b454857ed" />
	</machine>
	<machine name="Whirlwind (Williams)(1990)(PacDude, LHH BJ)(1.1)[VP8][Slow Computer]">
		<description>Whirlwind (Williams)(1990)(PacDude, LHH BJ)(1.1)[VP8][Slow Computer]</description>
		<rom name="Whirlwind (Williams)(1990)(PacDude, LHH BJ)(1.1)[VP8][Slow Computer]/WhirlWind 1.1 (BJ) mod.vpt" size="11182592" crc="38c02308" md5="d0108a7d758e96b6df8d9a14545599f3" sha1="4b31d8238138c70dbc008336451081d08ef3852f" />
		<rom name="Whirlwind (Williams)(1990)(PacDude, LHH BJ)(1.1)[VP8][Slow Computer]/Whirlwind (LHH BJ) screenshot.jpg" size="294067" crc="1bfaeec3" md5="dfc5fb37741f9f6e278cbc2c25d6d19c" sha1="eaa4705edbf97787495d88d19681af9770fd907d" />
	</machine>
	<machine name="Whirlwind (Williams)(1990)(PacDude, LHH BJ)(1.2)[VP8]">
		<description>Whirlwind (Williams)(1990)(PacDude, LHH BJ)(1.2)[VP8]</description>
		<rom name="Whirlwind (Williams)(1990)(PacDude, LHH BJ)(1.2)[VP8]/WhirlWind 1.2 (BJ) mod.vpt" size="12345856" crc="79f3f699" md5="e07b78e0a5a65ee1b0c4d1b7c1d7371c" sha1="72136749fcbe06613da3c0c8ea4ac8a2dbb967aa" />
		<rom name="Whirlwind (Williams)(1990)(PacDude, LHH BJ)(1.2)[VP8]/Whirlwind (LHH BJ) screenshot.jpg" size="294067" crc="1bfaeec3" md5="dfc5fb37741f9f6e278cbc2c25d6d19c" sha1="eaa4705edbf97787495d88d19681af9770fd907d" />
	</machine>
	<machine name="Who Dunnit (Williams)(1995)(Jamin)(1.2.1)[VP8]">
		<description>Who Dunnit (Williams)(1995)(Jamin)(1.2.1)[VP8]</description>
		<rom name="Who Dunnit (Williams)(1995)(Jamin)(1.2.1)[VP8]/Who Dunnit Jamin 1.21.vpt" size="11381760" crc="7f92d544" md5="b3241f29ab89335bd1547a6dff966a82" sha1="97a51a8a92916a2b373b4f29635771f74897b387" />
		<rom name="Who Dunnit (Williams)(1995)(Jamin)(1.2.1)[VP8]/Who Dunnit screenshot.jpg" size="204549" crc="25915ff8" md5="4fc753c730d5b16eb19d9aa3c30d56d4" sha1="4b15a867a48de79e5caeb5222b0e62e634dbafe6" />
	</machine>
	<machine name="Who Dunnit (Williams)(1995)(Kid Charlemagne, Joxer, TAB)(2.3)[VP8]">
		<description>Who Dunnit (Williams)(1995)(Kid Charlemagne, Joxer, TAB)(2.3)[VP8]</description>
		<rom name="Who Dunnit (Williams)(1995)(Kid Charlemagne, Joxer, TAB)(2.3)[VP8]/Who Dunnit 2.3.vpt" size="4112896" crc="d3c9eaa0" md5="5ec2b9cb41f2e1435b46c5ea4a073265" sha1="9c12bb5f312a49d72b5e9a4d243ed3f29ece5657" />
		<rom name="Who Dunnit (Williams)(1995)(Kid Charlemagne, Joxer, TAB)(2.3)[VP8]/Who Dunnit screenshot.jpg" size="162405" crc="e8c89f19" md5="3a5f2cd9357dbb775499710116ed3c31" sha1="7bcaf5837870fd624762dcf9ebcdf1daed59b56c" />
	</machine>
	<machine name="Wild Fyre (Stern)(1978)(Kristian, LuvThatApex, Destruk, TAB)(1.0)[VP8]">
		<description>Wild Fyre (Stern)(1978)(Kristian, LuvThatApex, Destruk, TAB)(1.0)[VP8]</description>
		<rom name="Wild Fyre (Stern)(1978)(Kristian, LuvThatApex, Destruk, TAB)(1.0)[VP8]/Quartz.ttf" size="57860" crc="2915b2ed" md5="55f96a010646b90457e9bc03d43e2b67" sha1="74d93c590b5de2e4ee03fd3d3cc8ea64439131cc" />
		<rom name="Wild Fyre (Stern)(1978)(Kristian, LuvThatApex, Destruk, TAB)(1.0)[VP8]/Wild Fyre screenshot.jpg" size="192275" crc="469b4177" md5="c32f6d670e7f9775b4013f82b0a51deb" sha1="7b00596dc89a69e0adc9f8bc91a323b40d093da2" />
		<rom name="Wild Fyre (Stern)(1978)(Kristian, LuvThatApex, Destruk, TAB)(1.0)[VP8]/WildFyre.vpt" size="4176384" crc="e8b4e187" md5="1f9866cf5570ed471b46478791871418" sha1="79a46b21626415f8a257ef707d124e83695f43c2" />
	</machine>
	<machine name="Winter Sports (Zaccaria)(1978)(CompuFox, JPSalas)(1.0)[VP8]">
		<description>Winter Sports (Zaccaria)(1978)(CompuFox, JPSalas)(1.0)[VP8]</description>
		<rom name="Winter Sports (Zaccaria)(1978)(CompuFox, JPSalas)(1.0)[VP8]/ReadMe.txt" size="263" crc="dac1f9c7" md5="91d5148bd52b966a5d4ce26564dcb3ae" sha1="31a5f793a6994a47edd1875b303ade574cbdd343" />
		<rom name="Winter Sports (Zaccaria)(1978)(CompuFox, JPSalas)(1.0)[VP8]/Winter Sports - JP.vpt" size="2658304" crc="a31e740b" md5="42cd9427a40a8dd8664d3a63446f846e" sha1="2d2a48137f30d04c78901156e07722120dece9d8" />
		<rom name="Winter Sports (Zaccaria)(1978)(CompuFox, JPSalas)(1.0)[VP8]/Winter Sports screenshot.jpg" size="857905" crc="05095610" md5="ed17c3e588e3c73e3222d9e806858baf" sha1="699df306036b8bb37f2b17ab8c9838a52c424b4d" />
		<rom name="Winter Sports (Zaccaria)(1978)(CompuFox, JPSalas)(1.0)[VP8]/WSPORTS.NV" size="1070" crc="41d80b32" md5="3c24e0249d5127efba6a2ea7b2a7a547" sha1="cf992949c90cdeb28587d7e748559e3d02b1a0cd" />
	</machine>
	<machine name="Winter Sports (Zaccaria)(1978)(LuvThatApex, Destruk, TAB)(1.1)[VP8]">
		<description>Winter Sports (Zaccaria)(1978)(LuvThatApex, Destruk, TAB)(1.1)[VP8]</description>
		<rom name="Winter Sports (Zaccaria)(1978)(LuvThatApex, Destruk, TAB)(1.1)[VP8]/WilliamsFontWide.ttf" size="19304" crc="b0fe21e0" md5="c369c4262ed80fd0c802bf97a7c1fb04" sha1="a2690325b4a1d18078608fd2c4ce6a4eacb7638a" />
		<rom name="Winter Sports (Zaccaria)(1978)(LuvThatApex, Destruk, TAB)(1.1)[VP8]/Winter Sports screenshot.jpg" size="160219" crc="ce3f9609" md5="e08b085bfc74e7f7aabba62315050b71" sha1="83c5dc55915c95844cb81a43bfbfd4c56c58742e" />
		<rom name="Winter Sports (Zaccaria)(1978)(LuvThatApex, Destruk, TAB)(1.1)[VP8]/Winter Sports.vpt" size="2642944" crc="d0cecd30" md5="ff518a1150b8f47a9b6e8fbee1ba6c90" sha1="f4568616cc71837a3c19124eab68e0a1f762c851" />
	</machine>
	<machine name="Wipe Out (Gottlieb)(1993)(Cameron, TAB, Destruk)(1.3.0)[VP8]">
		<description>Wipe Out (Gottlieb)(1993)(Cameron, TAB, Destruk)(1.3.0)[VP8]</description>
		<rom name="Wipe Out (Gottlieb)(1993)(Cameron, TAB, Destruk)(1.3.0)[VP8]/Wipe Out screenshot.jpg" size="146319" crc="3eddc2f4" md5="4de4f298508ae4578e064864fb1910bc" sha1="16d17be21b813a66042111ca775df19f21bd12ee" />
		<rom name="Wipe Out (Gottlieb)(1993)(Cameron, TAB, Destruk)(1.3.0)[VP8]/Wipe Out.vpt" size="3312640" crc="a242b9b0" md5="957d36de7d580bc4c0a11d0442992cb4" sha1="821e059fa788766f06560701cb487b6d2b652a72" />
	</machine>
	<machine name="World Challenge Soccer (Gottlieb)(1994)(Joep, TAB)(4.0.0)[VP8]">
		<description>World Challenge Soccer (Gottlieb)(1994)(Joep, TAB)(4.0.0)[VP8]</description>
		<rom name="World Challenge Soccer (Gottlieb)(1994)(Joep, TAB)(4.0.0)[VP8]/World Challenge Soccer screenshot.jpg" size="133422" crc="f92bae8a" md5="d8ea20350b3052dc71ac536d50182c24" sha1="78161ec4fa4548bece5422f71bc3b26f1be303b6" />
		<rom name="World Challenge Soccer (Gottlieb)(1994)(Joep, TAB)(4.0.0)[VP8]/World Challenge Soccer.vpt" size="1762304" crc="2141abf1" md5="38d9dacf0906befa232406f04bb45c59" sha1="2c22054597a66f3d842ceef9d4e765ff3ad0b176" />
	</machine>
	<machine name="World Cup 90 (Mr. Game)(1990)(Destruk, TAB)(1.0)[VP8]">
		<description>World Cup 90 (Mr. Game)(1990)(Destruk, TAB)(1.0)[VP8]</description>
		<rom name="World Cup 90 (Mr. Game)(1990)(Destruk, TAB)(1.0)[VP8]/World Cup 90 screenshot.jpg" size="128886" crc="a24aada0" md5="850e3c11cd29bd6e2b3dc07ff46c73df" sha1="5e555b6c1e5efa5e97e5e9f6badba696287ca1f0" />
		<rom name="World Cup 90 (Mr. Game)(1990)(Destruk, TAB)(1.0)[VP8]/World Cup 90.vpt" size="1773056" crc="53e52770" md5="024211645e0af21a280183cece40ebc7" sha1="6e645455444de464495424f459e53caab21c6c00" />
	</machine>
	<machine name="World Cup Soccer 94 (Bally)(1994)(Kid Charlemagne, Fuseball, Wpcmame, destruk)(1.1)[VP8]">
		<description>World Cup Soccer 94 (Bally)(1994)(Kid Charlemagne, Fuseball, Wpcmame, destruk)(1.1)[VP8]</description>
		<rom name="World Cup Soccer 94 (Bally)(1994)(Kid Charlemagne, Fuseball, Wpcmame, destruk)(1.1)[VP8]/World Cup Soccer 94 screenshot.jpg" size="688338" crc="a7a7ebcc" md5="21548e453fcea14d4133e4b12973e79c" sha1="30cc3e569250e518b2f6a2c6b9867faa007d0c31" />
		<rom name="World Cup Soccer 94 (Bally)(1994)(Kid Charlemagne, Fuseball, Wpcmame, destruk)(1.1)[VP8]/World Cup Soccer 94.vpt" size="2644480" crc="3c89625b" md5="d11fa9b642a3045457b176dc0bf6e633" sha1="72a17ad75259e420064c632f42cea98a9adae593" />
	</machine>
	<machine name="World Cup Soccer (Williams)(1978)(Eala Dubh Sidhe, Destruk, TAB)(1.0)[VP8]">
		<description>World Cup Soccer (Williams)(1978)(Eala Dubh Sidhe, Destruk, TAB)(1.0)[VP8]</description>
		<rom name="World Cup Soccer (Williams)(1978)(Eala Dubh Sidhe, Destruk, TAB)(1.0)[VP8]/World Cup Soccer screenshot.jpg" size="142248" crc="e90b5701" md5="d8eaf5cfcd1fd9d7892fbc2ffee69d8d" sha1="ac0b139f1571c6171206b261ef5789c23b55d0f7" />
		<rom name="World Cup Soccer (Williams)(1978)(Eala Dubh Sidhe, Destruk, TAB)(1.0)[VP8]/World Cup.vpt" size="2474496" crc="d860be02" md5="910b0d8f8510722a8e12e50ba4d7a9e8" sha1="6caf065f5767ddbd896054217d4334bd190601b5" />
	</machine>
	<machine name="WWF Royal Rumble (Data East)(1994)(Rothmans, TAB)(1.0)[VP8]">
		<description>WWF Royal Rumble (Data East)(1994)(Rothmans, TAB)(1.0)[VP8]</description>
		<rom name="WWF Royal Rumble (Data East)(1994)(Rothmans, TAB)(1.0)[VP8]/WWF Royal Rumble RC1.vpt" size="1776640" crc="fdd7142a" md5="faacce01a7aeecfb54f647b1b1180b46" sha1="479fb0e5497a7f883eaaa871833e90c0c9e7078d" />
		<rom name="WWF Royal Rumble (Data East)(1994)(Rothmans, TAB)(1.0)[VP8]/WWF Royal Rumble screenshot.jpg" size="112522" crc="82001b88" md5="ab3070f879aacf65597a8f4f3b2dfb81" sha1="1975dd02be5c6ed1d05f1bf41621843515b905bf" />
	</machine>
	<machine name="X Force (Technoplay)(1987)(TAB, Destruk)(1.0)[VP8]">
		<description>X Force (Technoplay)(1987)(TAB, Destruk)(1.0)[VP8]</description>
		<rom name="X Force (Technoplay)(1987)(TAB, Destruk)(1.0)[VP8]/X Force screenshot.jpg" size="134843" crc="43d70620" md5="a71e0e2b8560ee4480ba6738f9dc2d02" sha1="9b23063d0b4c601bb6f6c124f471dc4611f30382" />
		<rom name="X Force (Technoplay)(1987)(TAB, Destruk)(1.0)[VP8]/X Force.vpt" size="1253888" crc="f9c4d5b9" md5="524d4270885ed2f531e95494cd53fc84" sha1="51af8859647cd6a426f619d4802e88c30c231cd8" />
	</machine>
	<machine name="X's &amp; O's (Bally)(1983)(Eala Dubh Sidhe, Joe Entropy, TAB)(1.0)[VP8]">
		<description>X's &amp; O's (Bally)(1983)(Eala Dubh Sidhe, Joe Entropy, TAB)(1.0)[VP8]</description>
		<rom name="X's &amp; O's (Bally)(1983)(Eala Dubh Sidhe, Joe Entropy, TAB)(1.0)[VP8]/X's &amp; O's screenshot.jpg" size="177854" crc="86574e56" md5="12d582e42b25bad8a3030b9a931c6beb" sha1="b6f606db3cd647ccc8cea9e5d212ded36a2a042d" />
		<rom name="X's &amp; O's (Bally)(1983)(Eala Dubh Sidhe, Joe Entropy, TAB)(1.0)[VP8]/XsAndOs_vpm_1.vpt" size="3352064" crc="56bcf21a" md5="be64e7aa98a4fd2c60557a30cdf6c03d" sha1="aca57f519258e2802b0584a7a5f3ad63fbfeaa96" />
	</machine>
	<machine name="X-Files (SEGA)(1997)(Magnox, TAB)(1.02)[VP8]">
		<description>X-Files (SEGA)(1997)(Magnox, TAB)(1.02)[VP8]</description>
		<rom name="X-Files (SEGA)(1997)(Magnox, TAB)(1.02)[VP8]/X-Files 1.2.vpt" size="2237952" crc="f93d69c8" md5="6a6db0be6b7a3c590069a93a7f97dd8b" sha1="85b405da6b933120787365496c384a5370b6639e" />
		<rom name="X-Files (SEGA)(1997)(Magnox, TAB)(1.02)[VP8]/X-Files screenshot.jpg" size="128967" crc="58ade71d" md5="81777ea73ead43a1b0b079d074ff0ef5" sha1="b6771249b88cb695c4384401ac3b32e176c068ac" />
	</machine>
	<machine name="Xenon (Bally)(1980)(Scapino, TAB)(2.1)[VP8]">
		<description>Xenon (Bally)(1980)(Scapino, TAB)(2.1)[VP8]</description>
		<rom name="Xenon (Bally)(1980)(Scapino, TAB)(2.1)[VP8]/Xenon ReadMe.txt" size="2164" crc="cb7fd7ce" md5="f0d5462bd2f9192171f781e08685bf77" sha1="c172c13d07d27cc97bc5a9de4e2f9f4a1c3b8de1" />
		<rom name="Xenon (Bally)(1980)(Scapino, TAB)(2.1)[VP8]/Xenon release.jpg" size="393925" crc="f2ee8bf2" md5="9748e388edab4483c491462fda993640" sha1="b2c8789b836340f38ad75dc8ec9cdb1149e5b30d" />
		<rom name="Xenon (Bally)(1980)(Scapino, TAB)(2.1)[VP8]/XenonVPMv2_1.vpt" size="15073280" crc="f2b61970" md5="1bcb07c62ff26346185d23af6107c813" sha1="5e4db6d1b8179b33583ae428531683d3f5b6ea96" />
		<rom name="Xenon (Bally)(1980)(Scapino, TAB)(2.1)[VP8]/speedfixvp/RunVP.bat" size="74" crc="445f8bd2" md5="5b377667959e4e37b74d1911f1091ea5" sha1="194e8e68b135b53a434484bdb64d9f4eb3548ba8" />
		<rom name="Xenon (Bally)(1980)(Scapino, TAB)(2.1)[VP8]/speedfixvp/SpeedFixReadme.txt" size="647" crc="0a4971c7" md5="6382ed014bb6bc69d7608b840799bec0" sha1="f4d04891c1af43480bf5e51b0d99edaac136b3a5" />
		<rom name="Xenon (Bally)(1980)(Scapino, TAB)(2.1)[VP8]/speedfixvp/turnoff.reg" size="250" crc="1eddc42c" md5="dbc9291c5dec41ff5a86376c8b0be73e" sha1="ff8866e8f5e5a6065962a9681d8fcb351ba18ea8" />
		<rom name="Xenon (Bally)(1980)(Scapino, TAB)(2.1)[VP8]/speedfixvp/turnon.reg" size="250" crc="d5811789" md5="292d0225e6259e0ecb5101488ea7d4af" sha1="d1d04db14d953311800e5441b0c6d3a366a19c33" />
	</machine>
	<machine name="Zankor (Zaccaria)(1986)(Luvthatapex, Destruk, TAB)(2.0)[VP8]">
		<description>Zankor (Zaccaria)(1986)(Luvthatapex, Destruk, TAB)(2.0)[VP8]</description>
		<rom name="Zankor (Zaccaria)(1986)(Luvthatapex, Destruk, TAB)(2.0)[VP8]/Zankor screenshot.jpg" size="271964" crc="a0ae13f0" md5="22c3bc6200c13942481ebd1a30d5e7a8" sha1="4fdea8e730b2cb8f2b0d091c884dd6baa3c8fd06" />
		<rom name="Zankor (Zaccaria)(1986)(Luvthatapex, Destruk, TAB)(2.0)[VP8]/Zankor.vpt" size="2309120" crc="80527a61" md5="7254c296dbb0c642103eb85779084cd9" sha1="a87f89787197a30e98877c1857394457e20567c9" />
	</machine>
	<machine name="Zarza (Taito do Brasil)(1982)(Plumb, Maloti, Dox, Destruk, Kabuki_Jo, TAB)(1.0)[VP8]">
		<description>Zarza (Taito do Brasil)(1982)(Plumb, Maloti, Dox, Destruk, Kabuki_Jo, TAB)(1.0)[VP8]</description>
		<rom name="Zarza (Taito do Brasil)(1982)(Plumb, Maloti, Dox, Destruk, Kabuki_Jo, TAB)(1.0)[VP8]/Zarza screenshot.jpg" size="178602" crc="bdcc321c" md5="dfedeb8dc27c973d7c92583808aa6929" sha1="15265d8f5c8ab0a376a82cfa59382752d675f94b" />
		<rom name="Zarza (Taito do Brasil)(1982)(Plumb, Maloti, Dox, Destruk, Kabuki_Jo, TAB)(1.0)[VP8]/Zarza.vpt" size="1449472" crc="74ff7d63" md5="7025820c7809a42a8b1466c7f8732778" sha1="660d9b6e380fed24f8c6c2e2f2eacf899ecc5124" />
	</machine>
</datafile>