<?xml version="1.0" encoding="utf-8"?>
<!DOCTYPE datafile PUBLIC "-//Logiqx//DTD ROM Management Datafile//EN" "http://www.logiqx.com/Dats/datafile.dtd">
<datafile>
	<header>
		<name>Visual Pinball [VP99x] Recreated Tables [Flipperless][FS+WS]</name>
		<description>Visual Pinball [VP99x] Recreated Tables [Flipperless][FS+WS] (2024-01-27)</description>
		<version></version>
		<date>2024-01-27</date>
		<author></author>
	</header>
	<machine name="Alle Neune (NSM)(1976)(STAT)(1.2)[VP990][FullScreen][Bowling Wall Machine]">
		<description>Alle Neune (NSM)(1976)(STAT)(1.2)[VP990][FullScreen][Bowling Wall Machine]</description>
		<rom name="Alle Neune (NSM 1969) dB2S freestlz v1.0/Alle Neune (NSM 1969).directb2s" size="4236680" crc="94892cd8" md5="01bea05b095ed79054707946876dbb09" sha1="b02aa0e0a2b2026d33baff9cb5682d9b6968a4b4" />
		<rom name="Alle Neune (NSM 1969) dB2S freestlz v1.0/alle-neune--nsm-1969-.png" size="2102430" crc="dfb7ab4c" md5="b3b5130285cfc35618e2a7143e989a56" sha1="e25cd0f6f0b50dd24c295510aa3163353997bc42" />
		<rom name="Media/Flyer Images/Front/Alle Neune.jpg" size="97756" crc="fdaa2fdd" md5="4b967d38e6a7c11c4831b770592839bd" sha1="f4e9c0b8c41977c51b235b233e6899b095c6a3b7" />
		<rom name="Media/Visual Pinball/Backglass Images/Alle Neune.png" size="83711" crc="4f020eea" md5="710b518d438571bc1df8a06d62cb9aae" sha1="69bc4018d231c75a6ec68f0aec6344e5ed65fe03" />
		<rom name="Media/Visual Pinball/Table Images/Alle Neune.jpg" size="177292" crc="810d16be" md5="31a9cf23950cd07609e73d8705a2d35a" sha1="012aa4851b263b9dca247925c5d6dcedf809ed1e" />
		<rom name="Media/Visual Pinball/Wheel Images/Alle Neune.png" size="33592" crc="84a4264e" md5="b2294efb3638f50780725367aa76cf21" sha1="a6eeee00f978ef07735c70f268445a2c2efa464d" />
		<rom name="Alle Neune FS.vpt" size="7995392" crc="09880815" md5="4e6ed4fe7cf9dbe63fa0e1471d179857" sha1="8a1de13533680c9c1a40d91ad72a53029df00201" />
		<rom name="alle-neune.jpg" size="177292" crc="810d16be" md5="31a9cf23950cd07609e73d8705a2d35a" sha1="012aa4851b263b9dca247925c5d6dcedf809ed1e" />
	</machine>
	<machine name="Ice Cold Beer (Taito)(1983)(mfugemann)(1.5)[VP990][FullScreen+dB2S mfuegemann][Ball Bearing Rolling Game]">
		<description>Ice Cold Beer (Taito)(1983)(mfugemann)(1.5)[VP990][FullScreen+dB2S mfuegemann][Ball Bearing Rolling Game]</description>
		<rom name="1.1/Ice Cold Beer_FS_1_1.vpt" size="10895360" crc="5f1d2d9f" md5="cf635e7d5659c5d474ff71e0a2fb1647" sha1="e4887a76b463a18d43936c7ce5cf0c5916a149b0" />
		<rom name="1.2/Ice Cold Beer_FS_1_2.vpt" size="9945088" crc="1fbb0c0d" md5="afb21374bf35ca9ab1ee7aa8917baeea" sha1="fb6ab66768afa99cf211e19e4d2efe725d6a8687" />
		<rom name="1.3/Ice Cold Beer_FS_1_3.vpt" size="9945088" crc="9bba0c7e" md5="1b18941101870823d3f3412e947bb55e" sha1="23c71add18e506e2fb63d43771818bc944fecf5f" />
		<rom name="1.4/Ice Cold Beer_FS_1_4.vpt" size="9945088" crc="4f0b7db2" md5="2e6fbf1b7d782af172b779493f9c3874" sha1="018d42c0c5774933908e2ece7fb62fabf1c72280" />
		<rom name="1.5/Ice Cold Beer_FS_1_5.directb2s" size="4188563" crc="857f1578" md5="316b674faa0bdb83c15203606b56d3c9" sha1="ac674b4d27e0a9afb917f55420c582edef464acf" />
		<rom name="1.5/Ice Cold Beer_FS_1_5.vpt" size="9945088" crc="a86324e6" md5="e3f71708558d00588a446eaaa0b1d1e3" sha1="c4369079a7bb81ee1940bc20c8151809fdbacf53" />
		<rom name="BG.png" size="1844733" crc="138ab755" md5="4c72a7ced53d00bd0613b7388a107c7f" sha1="52f263cd7259930c47062c4b8c320810b4249216" />
		<rom name="Playfield.png" size="1716076" crc="661ee6b8" md5="83d06f1972c979e3ae582bb57c035d39" sha1="af24cd31dbd05e38530c696330afa1131096b1dc" />
		<rom name="screenshot.png" size="1772808" crc="1b27c2d6" md5="0e4754fe3c311de5c0b3d7df4bf3c481" sha1="3b4f2c1e89fd174a573974e6d07ec44cd94da85f" />
	</machine>
	<machine name="Zeke's Peak (Taito)(1984)(mfuegemann)(1.4)[VP990][FullScreen+dB2S mfuegemann])">
		<description>Zeke's Peak (Taito)(1984)(mfuegemann)(1.4)[VP990][FullScreen+dB2S mfuegemann])</description>
		<rom name="1.0/ZekesPeak_1_0_FS.vpt" size="16830464" crc="9a948cf0" md5="781606b4cf19eced33c257765496edf2" sha1="d17d8c193f42bd94846a65eed58a6238fe03c73d" />
		<rom name="1.1/ZekesPeak_1_1_FS.vpt" size="15339520" crc="8943e887" md5="ce5fa38a6f234f022299e9614b431ca2" sha1="023ca66f2de1925d14b8f5a9b40409ae7dd56595" />
		<rom name="1.2a/ZekesPeak_1_2_FS.directb2s" size="4434046" crc="2a2b6da3" md5="ecadd8346556ad0fd29e7dae47d3f0ec" sha1="0f51582bdfcd169a149b812b039e5232db32bf98" />
		<rom name="1.2a/ZekesPeak_1_2_FS.vpt" size="16969728" crc="74d1a2be" md5="611e39ff7872cea605a542f30ae09cab" sha1="c156a99c547723ea0c7f6cbed787681bfa0e854c" />
		<rom name="1.2/ZekesPeak_1_2_FS.directb2s" size="4434046" crc="2a2b6da3" md5="ecadd8346556ad0fd29e7dae47d3f0ec" sha1="0f51582bdfcd169a149b812b039e5232db32bf98" />
		<rom name="1.2/ZekesPeak_1_2_FS.vpt" size="16969728" crc="5bad66b9" md5="6cdf0c36f8984bbea433fb9ac31d0ce6" sha1="e1d45f5d142aa13e4f16a4a2bf823487ae5197b5" />
		<rom name="1.3/ZekesPeak_1_3_FS.directb2s" size="4434046" crc="2a2b6da3" md5="ecadd8346556ad0fd29e7dae47d3f0ec" sha1="0f51582bdfcd169a149b812b039e5232db32bf98" />
		<rom name="1.3/ZekesPeak_1_3_FS.vpt" size="16969728" crc="4db71239" md5="298ff73772e009afdb50d4cfb5f863fe" sha1="06442cdfb050e80d7b7ef0bdd2656b8eb6034255" />
		<rom name="1.4/readme.txt" size="1974" crc="763b0e3d" md5="4a6ad9d038711680996acd04ae78efa2" sha1="4b7e7337ecaa9e7f4172d448e8d333c1e6e97268" />
		<rom name="1.4/screenshot.jpg" size="663207" crc="ca3d4c22" md5="5d5e71426a8f23ba443ef21877a64fab" sha1="8e51852d077237ef8226230301e03e984fbd0295" />
		<rom name="1.4/ZekesPeak_1_4_FS.directb2s" size="4434046" crc="2a2b6da3" md5="ecadd8346556ad0fd29e7dae47d3f0ec" sha1="0f51582bdfcd169a149b812b039e5232db32bf98" />
		<rom name="1.4/ZekesPeak_1_4_FS.vpt" size="16969728" crc="bafd0767" md5="3979e2bf42c8fc1230798f71087c69d4" sha1="eceafb9560eec5d4109530c5f5221e962137134a" />
		<rom name="BG_Zeke.png" size="2061956" crc="c0e005d1" md5="700bdc09e3de5bdfe5248d00dca36536" sha1="aaa22ed9b8c8ab537b1f6987737e113d418a1cbf" />
		<rom name="screenshot.jpg" size="663207" crc="ca3d4c22" md5="5d5e71426a8f23ba443ef21877a64fab" sha1="8e51852d077237ef8226230301e03e984fbd0295" />
		<rom name="Zeke_Playfield.png" size="2360211" crc="f2dfbaa7" md5="55c0fffbb08b33497a6a3fb88d9c1c40" sha1="aa32228808f5ffe63f3aff5f606369a96deaf245" />
	</machine>
</datafile>