<?xml version="1.0" encoding="utf-8"?>
<!DOCTYPE datafile PUBLIC "-//Logiqx//DTD ROM Management Datafile//EN" "http://www.logiqx.com/Dats/datafile.dtd">
<datafile>
	<header>
		<name>Visual Pinball [VP9] Recreated Tables [Flipperless]</name>
		<description>Visual Pinball [VP9] Recreated Tables [Flipperless] (2024-01-27)</description>
		<version></version>
		<date>2024-01-27</date>
		<author></author>
	</header>
	<machine name="2 in 1 - Whizball (Peo Manufacturing)(1932) + Midget Bagatelle (xxxx)(195x) (druadic)(3.0)[VP9][Counter Top Game]">
		<description>2 in 1 - Whizball (Peo Manufacturing)(1932) + Midget Bagatelle (xxxx)(195x) (druadic)(3.0)[VP9][Counter Top Game]</description>
		<rom name="2 in 1 - Whizball (Peo Manufacturing)(1932) + Midget Bagatelle (xxxx)(195x) (druadic)(3.0)[VP9][Counter Top Game].vpt" size="970240" crc="d22f7f01" md5="53c5835bc39ae0706f1ab9d59f669356" sha1="53585abef628a5f7a6301bc14e17cf1609ccb493" />
		<rom name="2 in 1 screenshot.jpg" size="96623" crc="148d56b7" md5="955878b52229233a3e43ad9f8b62718d" sha1="f9b81ae6dda375aeb0594345bf6b1665e4341983" />
	</machine>
	<machine name="5 Star (Universal Industries)(1951)(Patrick, tiltjlp)(2.0)[VP9][Bingo machine]">
		<description>5 Star (Universal Industries)(1951)(Patrick, tiltjlp)(2.0)[VP9][Bingo machine]</description>
		<rom name="5 Star (2.0) screenshot.jpg" size="84212" crc="7fcd923a" md5="24196cdb02da43931d2e355358d09e26" sha1="c9e13874911d31bba94068e3c61d44cfc3ae99cb" />
		<rom name="5 Star (Universal Industries)(1951)(Patrick, tiltjlp)(2.0)[VP9][Bingo machine].vpt" size="1492992" crc="e7b64f4c" md5="bb84c9bcc61ce834ec5f6a92da3941e3" sha1="8bc796c81caf808be36e1f912d9c5319b22900e5" />
	</machine>
	<machine name="21,000 (Rock-ola)(1935)(Romolo)(1.0)[VP9][Flipperless]">
		<description>21,000 (Rock-ola)(1935)(Romolo)(1.0)[VP9][Flipperless]</description>
		<rom name="21,000 (Rock-ola Manufacturing Co 1935).jpg" size="87333" crc="a1b5f016" md5="07206fcf0631029e78b3bc301fd99ca5" sha1="daa834d775f0a2888c264562632abb49c5fe82b3" />
		<rom name="21,000 (Rock-ola Manufacturing Co 1935).vpt" size="1978368" crc="31ef3c8d" md5="59c6b0cbf110eefa4c30851c654eceda" sha1="54079ea302c3a8735d078f9c87ae10dc05273a28" />
	</machine>
	<machine name="A-B-C Bingo (United)(1951)(Romolo)(1.0)[VP9][Bingo Machine]">
		<description>A-B-C Bingo (United)(1951)(Romolo)(1.0)[VP9][Bingo Machine]</description>
		<rom name="A-B-C Bingo (United 1951).jpg" size="391941" crc="fe012719" md5="88289b3e474420567addfade13a52277" sha1="5fee493d790392b9eb3e865cd9ae64488d595750" />
		<rom name="A-B-C Bingo (United 1951).vpt" size="1519616" crc="9d788794" md5="aa997bd7f74b168ea6268472ca0cd180" sha1="7d909b043a1865cf533b678e238c8a9491c380c4" />
	</machine>
	<machine name="Air Races (Stoner Manufacturing Co)(1937)(Romolo)(1.0)[VP9][Flipperless]">
		<description>Air Races (Stoner Manufacturing Co)(1937)(Romolo)(1.0)[VP9][Flipperless]</description>
		<rom name="Air Races (Stoner Manufacturing Co 1937).jpg" size="131514" crc="0053bd7b" md5="e380a5b7bc983e06ad68a504d9e49e6d" sha1="cf7ee689b7ca5c9481c681e1c1269beed0f95e17" />
		<rom name="Air Races (Stoner Manufacturing Co 1937).vpt" size="3366912" crc="e4973d0b" md5="239b1e9f0530ca788cacc9bbdbcd455a" sha1="7f2ace7c682048cf697c59d35d73ad8939240d1f" />
	</machine>
	<machine name="Arcade - Marble &amp; Baseball Game (xxxx)(192x)(tiltjlp, druadic)(1.0)[VP9][Bagatelle]">
		<description>Arcade - Marble &amp; Baseball Game (xxxx)(192x)(tiltjlp, druadic)(1.0)[VP9][Bagatelle]</description>
		<rom name="Arcade - Marble &amp; Baseball Game (1.0)[VP9] screenshot.jpg" size="169672" crc="6d7fd462" md5="1e977f9b7e993cec3cdd1379c71505c8" sha1="ddb117494cfc92e3683181f79e51d5b0c2e76e28" />
		<rom name="Arcade - Marble &amp; Baseball Game (xxxx)(192x)(tiltjlp, druadic)(1.0)[VP9][Bagatelle].vpt" size="1670656" crc="b7edf832" md5="9dbf147d6fa50d9b6ac30309b1648c96" sha1="80d02e8e40cc862cac64b4c524a000514f3da787" />
	</machine>
	<machine name="Bally Sharpshooter (Bally)(1961)(Rascal)(1.1)[VP9][Shooting Game]">
		<description>Bally Sharpshooter (Bally)(1961)(Rascal)(1.1)[VP9][Shooting Game]</description>
		<rom name="Bally Sharpshooter (1.1) screenshot.jpg" size="870336" crc="87f2d24f" md5="a2ec4446222816cd3135140d00096578" sha1="56373d1e04759da5a618e3a4f98b3d6904f9dfc8" />
		<rom name="Bally Sharpshooter (Bally)(1961)(Rascal)(1.1)[VP9][Shooting Game].vpt" size="9809920" crc="fdccc228" md5="a3359da89743cf3d6cc249119c709776" sha1="3c08bd87853a2e71ec0e17f483118b2e8acc803a" />
	</machine>
	<machine name="Bankum (J.F. Thomas)(1930)(Druadic)(1.0)[VP9][Flipperless]">
		<description>Bankum (J.F. Thomas)(1930)(Druadic)(1.0)[VP9][Flipperless]</description>
		<rom name="BankumV9.vpt" size="2055168" crc="00c0e036" md5="43adc2f35787b1f672c63a539976dab0" sha1="8daf7ab675529b27a3e6616d5f5580dc930485a7" />
		<rom name="screenshot.jpg" size="95199" crc="a3580cee" md5="a13e08512129a6e7ef3107db41dfb8ce" sha1="9c4335d4d23cac22e0355d1fedfaef6af548ddcc" />
	</machine>
	<machine name="Basket Bounce (Smethport)(1987)(druadic)(1.0fix)[VP9][Cardboard-backed Game]">
		<description>Basket Bounce (Smethport)(1987)(druadic)(1.0fix)[VP9][Cardboard-backed Game]</description>
		<rom name="Basket Bounce (Smethport)(1987)(druadic)(1.0)[VP9][Cardboard-backed Game].vpt" size="2538496" crc="d02fb604" md5="121aa873cc3242f7ade3b0f7335ca5cc" sha1="e6d0cc50eaf50e90cd6238e70055e06fd48facf0" />
		<rom name="Basket Bounce (Smethport)(1987)(druadic)(1.0fix)[VP9][Cardboard-backed Game].vpt" size="2540032" crc="8127f47f" md5="44804fad4a55b23e33391885a33cd340" sha1="40fd15b1e9a993fceea95d0d43072640a76c89c2" />
		<rom name="Basket Bounce screenshot.jpg" size="138946" crc="8ea8ab22" md5="38c8e03b8546919b0e2d9a1577bec2d6" sha1="d0959c7738ddf2600d27ad8220690a8618586674" />
	</machine>
	<machine name="Basketball (Exhibit Supply Co)(1938)(Romolo)(1.0)[VP9][Flipperless]">
		<description>Basketball (Exhibit Supply Co)(1938)(Romolo)(1.0)[VP9][Flipperless]</description>
		<rom name="Basketball (Exhibit Supply Co 1938).jpg" size="100968" crc="e8c6d46c" md5="af83830664382c1a8f15782041d5ac64" sha1="2ae6a65e21922c1868f36048a694d65bf56f88ba" />
		<rom name="Basketball (Exhibit Supply Co 1938).vpt" size="2625536" crc="a72f50c2" md5="96386c3aec32a42074482eb23c89988d" sha1="4c68c2844f5c46326ad843f81e86ad6eb4172018" />
	</machine>
	<machine name="Bell Ringer (Gottlieb)(1990)(TAB, destruk)(1.0)[VP9]">
		<description>Bell Ringer (Gottlieb)(1990)(TAB, destruk)(1.0)[VP9]</description>
		<rom name="Bell Ringer VP9.vpt" size="2437632" crc="4a5a13cd" md5="4c190bd2f3b7e8ab5d9e2a1e85832e71" sha1="01d13e08d197554e8419d414ce61b646ba1cd299" />
		<rom name="screenshot.jpg" size="140364" crc="b69b039c" md5="dbe92665677fcb5e5c702e0228a98bc3" sha1="9e91773b7d6318d7331aa75b09759176d6b5292f" />
	</machine>
	<machine name="Bink's Whiz Bowler (Chicago Coin)(1945)(tiltjlp)(3.0)[VP9][Counter Top Game]">
		<description>Bink's Whiz Bowler (Chicago Coin)(1945)(tiltjlp)(3.0)[VP9][Counter Top Game]</description>
		<rom name="1.0/Bink's Whiz Bowler (1.0) screenshot.jpg" size="129660" crc="4ff9e336" md5="669c0949f5ef6492198ef3012626538a" sha1="62168132edf6ada9fd5857d1a7ce04db65d23b20" />
		<rom name="1.0/Bink's Whiz Bowler (Chicago Coin)(1945)(tiltjlp)(1.0)[VP9][Counter Top Game].vpt" size="919552" crc="072179d7" md5="e373fba5de98f4e0ab57a83b66fd497e" sha1="920f5c5f811fe5fd090e3d726a80a039be23e437" />
		<rom name="3.0/Bink's Whiz Bowler (3.0) screenshot.jpg" size="523285" crc="f7ba09dc" md5="463e6a70b9a1c4018591dff498988d89" sha1="6ae6f1d9e88943c983b989a0c78a8414359fe1e2" />
		<rom name="3.0/Bink's Whiz Bowler (Chicago Coin)(1945)(tiltjlp)(3.0)[VP9][Counter Top Game].vpt" size="5165056" crc="38dd3543" md5="cfdcf464646f9f5d6e62407f1a3ec75e" sha1="d78af9630bf2b1d6047a365f2c878a16d79a685f" />
	</machine>
	<machine name="Black-Jack (Acorn)(1932)(druadic)(1.0)[VP9][Insert Table playfield]">
		<description>Black-Jack (Acorn)(1932)(druadic)(1.0)[VP9][Insert Table playfield]</description>
		<rom name="Black-Jack (Acorn)(1932)(druadic)(1.0)[VP9][Insert Table playfield].vpt" size="2891776" crc="6b32c628" md5="e719043219ca12bbb2b1ab87147fe8cc" sha1="e7b2a576731120857b27e61acf7dbdc9bf02d16a" />
		<rom name="Black-Jack screenshot.png" size="1576870" crc="93610123" md5="5efcdc4c59270a22cbbc6dd370056fc4" sha1="cfb42ea728c1f6b0c7f049c26b97d0f7519ce9d4" />
	</machine>
	<machine name="Bonanza (Exhibit Supply Co.)(1935)(druadic)(1.1)[VP9][Payout machine]">
		<description>Bonanza (Exhibit Supply Co.)(1935)(druadic)(1.1)[VP9][Payout machine]</description>
		<rom name="Bonanza (1.1) screenshot.jpg" size="70210" crc="cb571aca" md5="9160d050bc0f5ec507a1272779065555" sha1="13343eeca1ad1510644f5208279fe86272d35e5a" />
		<rom name="Bonanza (Exhibit Supply Co.)(1935)(druadic)(1.1)[VP9][Payout machine].vpt" size="931840" crc="92276675" md5="80e959c2d4c2fee013c3a0253f43ac3d" sha1="b1e54fef19fdb4320f4791acb962913ee0775019" />
	</machine>
	<machine name="Brokers Tip (Gottlieb)(1933)(Romolo)(1.0)[VP9][Flipperless]">
		<description>Brokers Tip (Gottlieb)(1933)(Romolo)(1.0)[VP9][Flipperless]</description>
		<rom name="Brokers Tip (Gottlieb 1933).jpg" size="112989" crc="d0327cf5" md5="74a9e801754033fd16cbac372e97ba73" sha1="16e83a2cde47036d5098f97623ab249df07cdde0" />
		<rom name="Brokers Tip (Gottlieb 1933).vpt" size="2351104" crc="47c5176a" md5="0e7451bf32d4eb7bac0fd7f81c822609" sha1="568f7e47c012a3a1c0c7f01c538541de3dcd15b2" />
	</machine>
	<machine name="Buster Ball (Genco)(1931)(Themer)(2.1)[VP9][Flipperless]">
		<description>Buster Ball (Genco)(1931)(Themer)(2.1)[VP9][Flipperless]</description>
		<rom name="Buster Ball by Themer (2.1).vpt" size="565248" crc="d0a007d0" md5="d5a40b5b534496f38e51382f7162f7e7" sha1="26ddffa1d6a39c6320ca274a23fb07974183a202" />
		<rom name="screenshot.jpg" size="205190" crc="7705b40a" md5="d2242e192d9a4a931439a0840a16b7bd" sha1="4e83ed069ca0981c173fb1d6f12d3dd8b0a90104" />
	</machine>
	<machine name="Casper The Friendly Ghost (xxxx)(1988)(tiltjlp)(1.0)[VP9][Toy Pin Game]">
		<description>Casper The Friendly Ghost (xxxx)(1988)(tiltjlp)(1.0)[VP9][Toy Pin Game]</description>
		<rom name="Casper The Friendly Ghost (xxxx)(1988)(tiltjlp)(1.0)[VP9][Toy Pin Game].vpt" size="1978368" crc="56985e12" md5="8be9a7c4ca97edf1e3cd57fb2127e133" sha1="a0460d64a2d6153e8e5d95dc1aec13345f79c393" />
		<rom name="Casper The Friendly Ghost screenshot.jpg" size="653032" crc="d3520131" md5="591c7e3e6a73c0f57ee71bc698f753c5" sha1="703c34c81f8eabeea40a156776d255a129f09b30" />
	</machine>
	<machine name="Chicago Express (Daval Mfg Company Inc)(1935)(Romolo)(1.0)[VP9][Flipperless]">
		<description>Chicago Express (Daval Mfg Company Inc)(1935)(Romolo)(1.0)[VP9][Flipperless]</description>
		<rom name="Chicago Express (Daval Mfg Company Inc 1935).jpg" size="111621" crc="25afc325" md5="27176ce6aceed1ffa7fa838e2b517a46" sha1="24af29634f98e839770764909b30794a61a3738d" />
		<rom name="Chicago Express (Daval Mfg Company Inc 1935).vpt" size="3014656" crc="38584f1f" md5="d4f26b94c30c2f0afa1aa0d8a2fd1297" sha1="ef6422ec334b1a4282eaf35da528d12ef1549539" />
	</machine>
	<machine name="Cloverleaf (Gottlieb)(1931)(druadic)(1.1)[VP9][Flipperless]">
		<description>Cloverleaf (Gottlieb)(1931)(druadic)(1.1)[VP9][Flipperless]</description>
		<rom name="Cloverleaf (1.1) screenshot.jpg" size="146958" crc="fcf1249c" md5="14c75191d75e10760f15b314406f6b4c" sha1="4804e17d3602ccc8ee367fb21b8d54bb75c3965f" />
		<rom name="Cloverleaf (Gottlieb)(1931)(druadic)(1.1)[VP9][Flipperless].vpt" size="1068544" crc="58afb3be" md5="e0f00ef718dc9d353b6c766446fa48a0" sha1="0c45f1af1b16b6db549fd49817ec1afbbf471f1b" />
	</machine>
	<machine name="Coconuts (Amusement Coin Machine)(1932)(druadic)(1.2)[VP9][Countertop Game]">
		<description>Coconuts (Amusement Coin Machine)(1932)(druadic)(1.2)[VP9][Countertop Game]</description>
		<rom name="Coconuts (1.2) screenshot.jpg" size="127540" crc="58d616b4" md5="d46538de0a7e08283b6d708a73947ee3" sha1="1115ba1635c286349040ea0eaaebb941794fdd7a" />
		<rom name="Coconuts (Amusement Coin Machine)(1932)(druadic)(1.2)[VP9][Countertop Game].vpt" size="1047040" crc="715735f3" md5="02fa7b47b56aef86f960807b01566eb4" sha1="d81de21ec08bff4bdf2ad673d7919231584351fb" />
	</machine>
	<machine name="Commodore (Chicago Coin)(1939)(Romolo)(1.0)[VP9][Flipperless]">
		<description>Commodore (Chicago Coin)(1939)(Romolo)(1.0)[VP9][Flipperless]</description>
		<rom name="Commodore ( Chicago Coin 1939).jpg" size="149882" crc="bbce7d15" md5="80a00cddaf73987178783f5bbda2b4bf" sha1="0cd686049ec26016bbc36910c2294a62a3aa643f" />
		<rom name="Commodore ( Chicago Coin 1939).vpt" size="4550656" crc="d7dc5d35" md5="23d470fc3ed905bba5a021109af8074a" sha1="d455efdce7ced78bef63f14bc761a54fe0dcc958" />
	</machine>
	<machine name="Contact (Exhibit Supply Co.)(1939)(druadic)(1.2)[VP9][Flipperless]">
		<description>Contact (Exhibit Supply Co.)(1939)(druadic)(1.2)[VP9][Flipperless]</description>
		<rom name="Contact (Exhibit Supply Co.)(1939)(druadic)(1.2)[VP9][Flipperless].vpt" size="3144192" crc="da13d125" md5="b675c5cc25a016f02bc63ca61d1d06e4" sha1="15c4505fa5fefb1f22833604a5fa444b5e3912c4" />
		<rom name="Contact screenshot.jpg" size="108303" crc="e0862051" md5="e5350f859f6c220c2d9886d46cb2392a" sha1="e4842a487ee1a25234bd2ec9fe82e07665dfa7c5" />
	</machine>
	<machine name="County Fair (United Manufacturing Co)(1951)(Romolo)(1.0)[VP9][Flipperless]">
		<description>County Fair (United Manufacturing Co)(1951)(Romolo)(1.0)[VP9][Flipperless]</description>
		<rom name="County Fair (United Manufacturing Co. 1951).jpg" size="143186" crc="28cca115" md5="34ff216bda9da5635bee24bba916bb2a" sha1="a26a4b76fe41be55ed4f7b37fd1bfe48bfef9dee" />
		<rom name="County Fair (United Manufacturing Co. 1951).vpt" size="12619776" crc="78309e0c" md5="bc817b80e0f5fd65ed7e34e41d2c3430" sha1="306be1d9cf65215d92df1068e57074b7f13f2f94" />
	</machine>
	<machine name="Diamonds (xxxx)(190x)(tiltjlp)(1.0)[VP9][Bagatelle]">
		<description>Diamonds (xxxx)(190x)(tiltjlp)(1.0)[VP9][Bagatelle]</description>
		<rom name="Diamonds (xxxx)(190x)(tiltjlp)(1.0)[VP9][Bagatelle].vpt" size="826368" crc="1c205851" md5="e2b0b2bafa24fd158b53609f8d41f712" sha1="3605c87747b96be8512a27bccd5d9e1512e23655" />
		<rom name="Diamonds screenshot.jpg" size="133888" crc="7085a990" md5="d772b7f0e2820f21350b83530abab328" sha1="e5cd1a866d211a52f5d70dfa2b5fe61a883ae4aa" />
	</machine>
	<machine name="Everest, The (xxxx)(1865)(tiltjlp)(1.0)[VP9][Bagatelle]">
		<description>Everest, The (xxxx)(1865)(tiltjlp)(1.0)[VP9][Bagatelle]</description>
		<rom name="Everest, The (xxxx)(1865)(tiltjlp)(1.0)[VP9][Bagatelle].vpt" size="541696" crc="29a4d5e5" md5="f742f0a2b7a991adf1ea810e43a5eeb2" sha1="126564b494896fcf73d86483c58236ec0310d162" />
		<rom name="Everest, The screenshot.jpg" size="119387" crc="64a6754f" md5="29b1a653f051c48fe9c101954a54a6a9" sha1="34c9316c5dcd58ca7abe45029a6c8f11b64bcd68" />
	</machine>
	<machine name="Fatima (Bally)(1933)(Romolo)(1.0)[VP9][Flipperless]">
		<description>Fatima (Bally)(1933)(Romolo)(1.0)[VP9][Flipperless]</description>
		<rom name="Fatima ( Bally 1933).jpg" size="108539" crc="d46eeb50" md5="d94cfe02e2a4f1c9e7d8212caa0788c1" sha1="ce2761a0ef6f66f5cfba962bdf0a1697e2ed5151" />
		<rom name="Fatima ( Bally 1933).vpt" size="2756608" crc="ffc2b5d3" md5="71ebc48b3832fd9f6d2fb14059305569" sha1="e8fa5f833670c335ea46b9d2234979bba497cb4f" />
	</machine>
	<machine name="Golden Nugget (Genco)(1953)(druadic, plumb)(1.2)[VP9][Counter Top Game]">
		<description>Golden Nugget (Genco)(1953)(druadic, plumb)(1.2)[VP9][Counter Top Game]</description>
		<rom name="Golden Nugget (Genco)(1953)(druadic, plumb)(1.2)[VP9][Counter Top Game].vpt" size="3410432" crc="835c7040" md5="27acbb072e48a34231383098cbc03373" sha1="13197e5460fb9a0a4e703968e94d7ef29219a08b" />
		<rom name="Golden Nugget screenshot.jpg" size="113837" crc="428852ca" md5="c2cc19c546847180e6c3e09b34d9cbd1" sha1="16c5e64003b67aa262f6f88068f85b1bd2dec440" />
	</machine>
	<machine name="Good Luck (Genco)(1932)(druadic)(1.1L)[VP909][Bagatelle]">
		<description>Good Luck (Genco)(1932)(druadic)(1.1L)[VP909][Bagatelle]</description>
		<rom name="Good Luck (Genco)(1932)(druadic)(1.0L)[VP909][Bagatelle].vpt" size="1567744" crc="5a55cfac" md5="7c5802a18cdca8c2d45ef607b09806d9" sha1="bc49f079bfebd52731e8c0a05c75f880f550b7c2" />
		<rom name="Good Luck (Genco)(1932)(druadic)(1.1L)[VP909][Bagatelle].vpt" size="1568768" crc="3b5437b9" md5="2ca7ac9211a072a6d5d688a00beec8fa" sha1="c16d9cbe9397aa2a27cc3f2f18afd40b019282a3" />
		<rom name="Good Luck INFO.txt" size="2403" crc="d1b80737" md5="4de967e512f49ed81a6d83b468b81a60" sha1="fcd67993cf491ad244b85f90d0cebb1bf03632da" />
		<rom name="Good Luck screenshot.jpg" size="985892" crc="682db8e3" md5="4d25fec00fac60c69750be4ce70381f3" sha1="a362807f4370a36a9973645d0e4914a96c2068e5" />
		<rom name="Good Luck UPDATE v1.1L.txt" size="942" crc="1db224e9" md5="a8e1a7cd41b0426d175a836eb859ddac" sha1="265ef6023a6b70d43825d5165705b65d97c2a61f" />
	</machine>
	<machine name="Gropper's Popular Toy Game (xxxx)(190x)(tiltjlp)(2.0)[VP9][Toy Pin]">
		<description>Gropper's Popular Toy Game (xxxx)(190x)(tiltjlp)(2.0)[VP9][Toy Pin]</description>
		<rom name="Gropper's Popular Toy Game (xxxx)(190x)(tiltjlp)(1.0)[VP9][Toy Pin].vpt" size="697856" crc="c5c0e10c" md5="512f93242b4448eb0885691263f32149" sha1="0d84a058a8ca4874c4f764b14e4e49191c0b2a31" />
		<rom name="Gropper's Popular Toy Game (xxxx)(190x)(tiltjlp)(2.0)[VP9][Toy Pin].vpt" size="678400" crc="af3cd3e8" md5="2f9ee6a0e47cf50f86d82065ebaa7cbb" sha1="137bc040dd7999abff8cd4858d99aff5679c06aa" />
		<rom name="Gropper's Popular Toy Game screenshot.jpg" size="161864" crc="307b1b71" md5="31ab174cf53734f80156ffa03c5079f3" sha1="51f7efe2cfc653c73ece250c3b9829288c283274" />
	</machine>
	<machine name="Gumball Baseball (xxxx)(194x)(tiltjlp)(2.0)[VP9][Trade Stimulator]">
		<description>Gumball Baseball (xxxx)(194x)(tiltjlp)(2.0)[VP9][Trade Stimulator]</description>
		<rom name="Gumball Baseball (2.0) screenshot.jpg" size="462350" crc="6fa78daa" md5="de4d9cf186ec1a0e47b575efdee6abb7" sha1="0ef219c0bce6923b7735e79a8be21094b33128c2" />
		<rom name="Gumball Baseball (xxxx)(194x)(tiltjlp)(2.0)[VP9][Trade Stimulator].vpt" size="973824" crc="d0424d3b" md5="c51255b55eaafda2595132cd57f81f12" sha1="36b2a08e8c76a27a1b0ccb79ce96157b69dda535" />
	</machine>
	<machine name="Hi Lo (Northwest Coin Machine Company)(1932)(druadic)(1.0)[VP9][Flipperless]">
		<description>Hi Lo (Northwest Coin Machine Company)(1932)(druadic)(1.0)[VP9][Flipperless]</description>
		<rom name="Hi Lo (Northwest Coin Machine Company)(1932)(druadic)(1.0)[VP9][Flipperless].vpt" size="1290752" crc="a584514a" md5="f78f57a9a1f89e50b23fd1ac4c08905a" sha1="1ca496f0d2afbacb0a95c5f15a1b9876bc35d5fe" />
		<rom name="Hi Lo screenshot.jpg" size="78371" crc="859995c4" md5="0db9253f24a55a6703af49567af09d94" sha1="4326988f30ff61479fa9233b9f9df7b6c37e7fbb" />
	</machine>
	<machine name="Hit The Goal (Hercules Novelty Co.)(1931)(druadic)(1.1)[VP9][Payout machine]">
		<description>Hit The Goal (Hercules Novelty Co.)(1931)(druadic)(1.1)[VP9][Payout machine]</description>
		<rom name="Hit The Goal (1.1) screenshot.jpg" size="83083" crc="f8b51e54" md5="43873a65fa14fe2104760c31843fd696" sha1="9b1910a137df5078cb3c35f8771b743e66e650b1" />
		<rom name="Hit The Goal (Hercules Novelty Co.)(1931)(druadic)(1.1)[VP9][Payout machine].vpt" size="584192" crc="e3474852" md5="6c4f52d9c1e17f2a59ee47d1dceb6e3a" sha1="f4878a24228ca4ab01f6321e186ae3e762970762" />
	</machine>
	<machine name="Jazbo High Score (xxxx)(1935)(tiltjlp)(1.0)[VP9][Bagatelle]">
		<description>Jazbo High Score (xxxx)(1935)(tiltjlp)(1.0)[VP9][Bagatelle]</description>
		<rom name="Jazbo High Score (xxxx)(1935)(tiltjlp)(1.0)[VP9][Bagatelle].vpt" size="2248192" crc="4c46c0f6" md5="bf046d06c93f719cbeb389dedbd2e1e7" sha1="877ee84fed930cc987ce1dff81ecddb7d0ef7622" />
		<rom name="Jazbo High Score screenshot.jpg" size="359170" crc="4ef530d4" md5="f56e4475375929bc28167feec68b851c" sha1="e2d3fd120d649c652314e73bb60ca47ac10c382a" />
	</machine>
	<machine name="Les Fleches (Magister of Paris, France)(1934)(Romolo)(1.0)[VP9][Payout Machine]">
		<description>Les Fleches (Magister of Paris, France)(1934)(Romolo)(1.0)[VP9][Payout Machine]</description>
		<rom name="Les Flèches (Magister of Paris 1934).jpg" size="136505" crc="b7841458" md5="81521907295e31447988a5592edd17d0" sha1="299f40d7c342c56d0e92ee9471a3dfee542afba9" />
		<rom name="Les Flèches (Magister of Paris 1934).vpt" size="5521408" crc="c92cb20b" md5="da2b412df27b0dd08eff4fe2eb880f2a" sha1="0995fcd5da2f79e72b95dd58f23eb8e73e9475d4" />
	</machine>
	<machine name="Marble Pinball (xxxx)(1932)(tiltjlp)(1.01)[VP9][Bagatelle]">
		<description>Marble Pinball (xxxx)(1932)(tiltjlp)(1.01)[VP9][Bagatelle]</description>
		<rom name="Marble Pinball101_locked.vpt" size="463360" crc="cb3475ae" md5="72f7710822a79c2eb479185def1687d1" sha1="2e6f14c745b9221a2529f8fe76a21c7976788ac1" />
		<rom name="Marble Pinball screenshot.jpg" size="140001" crc="5e7cb50e" md5="b2be156eda54d535e87d508cb58677f9" sha1="f77cad1fa9d050fe15f05cc932b7e4af154a8a87" />
		<rom name="Marble Pinball.vpt" size="465920" crc="99a75d71" md5="232cb099d4dc05805b366c54edf4ac5a" sha1="c8b0ff1a1f3014b00cf0786e361199ebd8b18461" />
	</machine>
	<machine name="Marx Skee Ball (xxxx)(194x)(tiltjlp)(2.1)[VP9][Bagatelle]">
		<description>Marx Skee Ball (xxxx)(194x)(tiltjlp)(2.1)[VP9][Bagatelle]</description>
		<rom name="Marx Skee Ball (xxxx)(194x)(tiltjlp)(1.0)[VP9][Bagatelle].vpt" size="306176" crc="0a89bc24" md5="1799e39674c28edde4ff4ecc75bf078f" sha1="21c37ee35ea61d90608016fc10542efcdc20c778" />
		<rom name="Marx Skee Ball (xxxx)(194x)(tiltjlp)(2.0)[VP9][Bagatelle].vpt" size="526336" crc="09d07837" md5="1a96634fd8ab76c766597dc0b2ecbc1a" sha1="0ed3bdb7674a53e9a797cc8321e1d9ade8143523" />
		<rom name="Marx Skee Ball (xxxx)(194x)(tiltjlp)(2.1)[VP9][Bagatelle].vpt" size="546816" crc="15b6fc0c" md5="377b7db471809d41625264a081f57a03" sha1="c593c86c15e8047b925ea9b74987ef4290db3818" />
		<rom name="Marx Skee Ball screenshot.jpg" size="192179" crc="83ed6861" md5="375d68663ae9a0a4387e0ebb3d6e7f86" sha1="a7ee66ef6ffccd484276d687fab9fc21cd20b5d0" />
	</machine>
	<machine name="Mexican Baseball (Daval)(1947)(druadic)(1.0)[VP9][Skill Game]">
		<description>Mexican Baseball (Daval)(1947)(druadic)(1.0)[VP9][Skill Game]</description>
		<rom name="MexBaseballVP9v1.0.vpt" size="2619392" crc="9628da96" md5="0fb983d5aea3fee322bc0288b61f2d5b" sha1="ba2e2b87779daf6be40fdce8c06804bdaa7571bf" />
		<rom name="screenshot.jpg" size="743969" crc="09e8d68b" md5="ee06416e43d274c7e543f7c324e0ed42" sha1="13bb115758f5b14981d94a3741c2cbbb2e695864" />
	</machine>
	<machine name="Missile, The (Koraku Factory)(1957)(patrick, tiltijlp)(2.0)[VP9][Pachinko]">
		<description>Missile, The (Koraku Factory)(1957)(patrick, tiltijlp)(2.0)[VP9][Pachinko]</description>
		<rom name="Missile, The (Koraku Factory)(1957)(patrick, tiltijlp)(2.0)[VP9][Pachinko].vpt" size="5599744" crc="7aa0456a" md5="44b6e88302cad997ddba5f0e3fe06880" sha1="2614eae86a56411dc068728ae2827c133dffd57e" />
		<rom name="Missile, The (VP9) screenshot.jpg" size="538714" crc="0d5de563" md5="deca164d58eeb3bb06b0d80ac66e657e" sha1="1efb7a5fece425c35c3d520e5c71c816a26892a2" />
	</machine>
	<machine name="Monicker (Bally)(1941)(druadic)(3.1)[VP9][Pin Machine]">
		<description>Monicker (Bally)(1941)(druadic)(3.1)[VP9][Pin Machine]</description>
		<rom name="Monicker (Bally)(1941)(druadic)(3.1)[VP9][Pin Machine].vpt" size="1236480" crc="f1ce7269" md5="c86df7cbdcfb2d37f02cb93d5afcfe1d" sha1="82463f8b4c399ae2994466172206a12195bfae9f" />
		<rom name="Monicker screenshot.jpg" size="119287" crc="ef112cab" md5="1b290d0ae14fa12b66b3ccb2cc98f6c4" sha1="e6cb6364b12075ca61bc22cc561e780a45d0d38c" />
	</machine>
	<machine name="Olympic (Empire Wood Working Company)(1932)(tiltjlp)(1.0)[VP9][Bagatelle]">
		<description>Olympic (Empire Wood Working Company)(1932)(tiltjlp)(1.0)[VP9][Bagatelle]</description>
		<rom name="Olympic (Empire Wood Working Company)(1932)(tiltjlp)(1.0)[VP9][Bagatelle].vpt" size="1140736" crc="251ef702" md5="622481653b5890fc4095d1db8f9e66d7" sha1="e5ae2483328bf527c8632afe734b12230dae81d1" />
		<rom name="Olympic ad.jpg" size="412860" crc="a912d392" md5="fa5e741433c5d1e6c4d5e70890d21fe7" sha1="23823cf3a1e692e98cc43a7afe22cfe068b78fa0" />
		<rom name="Olympic screenshot.jpg" size="544810" crc="375d314f" md5="2014318f77eb3da1a27690f0d0e791e3" sha1="eae11cc1fbe750993a5ed3975734940f00b0719a" />
	</machine>
	<machine name="Pee-Wee (Genco)(194x)(druadic)(2.0)[VP9][Counter Top Game]">
		<description>Pee-Wee (Genco)(194x)(druadic)(2.0)[VP9][Counter Top Game]</description>
		<rom name="Pee-Wee (Genco)(194x)(druadic)(2.0)[VP9][Counter Top Game].vpt" size="1632768" crc="f544b123" md5="c84d36501d1f2e56c020745391ae8edb" sha1="817a85370273c854bb6f899a162429d6db64ed52" />
		<rom name="Pee-Wee screenshot.jpg" size="83913" crc="e785b486" md5="18bdffd49671e31be386efef94d7ed8d" sha1="d84ef758c1b7cd684144b11d0215f4bc19f2501d" />
	</machine>
	<machine name="Poosh Flip M Up (Northwestern Products)(1945)(tiltjlp)(1.0)[VP9][Bagatelle]">
		<description>Poosh Flip M Up (Northwestern Products)(1945)(tiltjlp)(1.0)[VP9][Bagatelle]</description>
		<rom name="Poosh Flip M Up (Northwestern Products)(1945)(tiltjlp)(1.0)[VP9][Bagatelle].vpt" size="1597952" crc="97e978cf" md5="6728ac16c86227b1266ce3a820fd50a1" sha1="af45a9f83cd8bf5facac83ae2d260017a663f2ef" />
		<rom name="Poosh Flip M Up screenshot.jpg" size="114581" crc="46c48f93" md5="c7b3aba13058a1436091a42e6ddc17a4" sha1="7630b3d23fdff6274597a11b6c2c81ae54341f75" />
	</machine>
	<machine name="Rollette (xxxx)(193x)(tiltjlp)(1.0)[VP9][Bagatelle]">
		<description>Rollette (xxxx)(193x)(tiltjlp)(1.0)[VP9][Bagatelle]</description>
		<rom name="Rollette (xxxx)(193x)(tiltjlp)(1.0)[VP9][Bagatelle].vpt" size="634368" crc="2f212e13" md5="7e68bfae4858ae031d0bc8a91834e12e" sha1="1910b40896a8aca7272946c45c9b6a38a97157a8" />
		<rom name="Rollette screenshot.jpg" size="156969" crc="67d2df8d" md5="c8ffc859eb197fac1d924fdc33a9cfbe" sha1="7d8505862d0cc2432d23a02ee84ffbf05fc1cba3" />
	</machine>
	<machine name="Roto-Pool (United Manufacturing Co)(1956)(Romolo)(1.0)[VP9][Cue Game]">
		<description>Roto-Pool (United Manufacturing Co)(1956)(Romolo)(1.0)[VP9][Cue Game]</description>
		<rom name="Roto-Pool (United Manufacturing Co 1956).jpg" size="82582" crc="84790c57" md5="0bd87d500f9a664ebf0f88af126c2530" sha1="9a1e4c3d91c23221183a14d4d3b4238fd3619742" />
		<rom name="Roto-Pool (United Manufacturing Co 1956).vpt" size="1806336" crc="9197496c" md5="fbe31dd11bd0d4d70d1d34d3dffacb96" sha1="6463bf2f9a7397b5827949c109f136b2c1436e9d" />
	</machine>
	<machine name="Silver Streak (Bally)(1935)(druadic)(1.2)[VP9][Payout Table]">
		<description>Silver Streak (Bally)(1935)(druadic)(1.2)[VP9][Payout Table]</description>
		<rom name="Silver Streak (1.2) screenshot.jpg" size="122986" crc="26674ad3" md5="87994161f5c8ddf1eed063c8462c30b8" sha1="a74b8f05bea3ccd26103fc1cd7fc82f9b5d136ec" />
		<rom name="Silver Streak (Bally)(1935)(druadic)(1.2)[VP9][Payout Table].vpt" size="1627648" crc="5d8939b1" md5="476f971e1fcff519ff23f0d9ac8e96b2" sha1="aaca51660fc90f9dd25c1759e1cf506bc447e0a1" />
	</machine>
	<machine name="SmartBall (xxxx)(192x)(Patrick, tiltjlp)(2.0)[VP9][Japanese Pinball]">
		<description>SmartBall (xxxx)(192x)(Patrick, tiltjlp)(2.0)[VP9][Japanese Pinball]</description>
		<rom name="SmartBall (2.0) screenshot.jpg" size="208374" crc="a2d063ce" md5="f81998c887a05106a10cf8e6227f5a16" sha1="0b13d374236713e129ecd9d606c7ea82730b1a70" />
		<rom name="SmartBall (xxxx)(192x)(Patrick, tiltjlp)(2.0)[VP9][Japanese Pinball].vpt" size="1910272" crc="5e4e527b" md5="91489ed8565723af2cdc1775dd382bc4" sha1="7d1d7f5364a6c4a79cd18dc3c2f082b97ea7e4e9" />
	</machine>
	<machine name="Speedway (Gottlieb)(1933)(druadic)(1.1)[VP9][Flipperless]">
		<description>Speedway (Gottlieb)(1933)(druadic)(1.1)[VP9][Flipperless]</description>
		<rom name="Speedway screenshot.jpg" size="91257" crc="7d7e0761" md5="5c351d4ca7fab6868117a6378af63f4e" sha1="4c6b77223cfadcb85392ad8911d63a6025665b20" />
		<rom name="SpeedwayVP9.vpt" size="4227584" crc="2c72dae4" md5="e779de49137496f471c268f1df049892" sha1="152a61372e951f5d03db5cff7762ce539780d479" />
	</machine>
	<machine name="Spinner (Bally)(1962)(Romolo)(1.0)[VP9][Flipperless-Spinning Bumper]">
		<description>Spinner (Bally)(1962)(Romolo)(1.0)[VP9][Flipperless-Spinning Bumper]</description>
		<rom name="Spinner (Bally 1962).jpg" size="77790" crc="b318686d" md5="65007bb27d263cdebb9a2dfe846486cb" sha1="a7118871c6f40f4e9a573712d5e506f94c63a9b9" />
		<rom name="Spinner (Bally 1962).vpt" size="692224" crc="6f070ef4" md5="80b0cdbe1d5f21df410d4dce45bb3a8c" sha1="11644c3f1374ede781fd8ef0399257ab99926b29" />
	</machine>
	<machine name="Starlight (Durable Toy &amp; Novelty Corp. of New York City)(195x)(tiltjlp)(1.0)[VP9][Bagatelle]">
		<description>Starlight (Durable Toy &amp; Novelty Corp. of New York City)(195x)(tiltjlp)(1.0)[VP9][Bagatelle]</description>
		<rom name="Starlight (Durable Toy &amp; Novelty Corp. of New York City)(195x)(tiltjlp)(1.0)[VP9][Bagatelle].vpt" size="2460160" crc="df4b284a" md5="44bbda782d6b8f02bcae704bc1e38af7" sha1="c41fa6daa9366dd44432cba90caa186b71fc3a1f" />
		<rom name="Starlight screenshot.jpg" size="600219" crc="6990ae14" md5="4033cb054950798e00b618e6853dd064" sha1="ccf111b755228d351dd858eca54588cbc0ac1a93" />
	</machine>
	<machine name="Sweetheart Double (Houston Showcase &amp; Manufactoring Company)(1932)(tiltjlp)(1.0)[VP9][Bagatelle]">
		<description>Sweetheart Double (Houston Showcase &amp; Manufactoring Company)(1932)(tiltjlp)(1.0)[VP9][Bagatelle]</description>
		<rom name="Sweetheart Double (Houston Showcase &amp; Manufactoring Company)(1932)(tiltjlp)(1.0)[VP9][Bagatelle].vpt" size="1916928" crc="36902e1a" md5="33ccd3df9b1c8d55d40d554ac1b17b22" sha1="f13e0c363593780af34a50b760ef6816a3b3caa6" />
		<rom name="Sweetheart Double screenshot.jpg" size="520931" crc="2d0f42f8" md5="480adbabc6186063d7e4f70bafb72da0" sha1="7a5a4f5dfd011aabc36a54e37dfb10a307c83082" />
	</machine>
	<machine name="Target (Beverator)(1935)(druadic)(4.0)[VP9][Payout Machine]">
		<description>Target (Beverator)(1935)(druadic)(4.0)[VP9][Payout Machine]</description>
		<rom name="Target (Beverator)(1935)(druadic)(4.0)[VP9][Payout Machine].vpt" size="1017344" crc="28bf9e95" md5="cef0da9e47b03d4e7b2efe199b8a30c3" sha1="23680dd1bf3a70f1fc98759cba50bb79531988af" />
		<rom name="Target (VP9) screenshot.jpg" size="84013" crc="ef0ea1d0" md5="b858302969c88874f9d26353d19f8d03" sha1="5c4ab220efa2861aaf71a87d02ec7757bcbf22ea" />
	</machine>
	<machine name="Ten Strike Classic (Benchmark Games Inc.)(2003)(Rascal, Wizards_Hat)(1.2)[VP91x][Bowling]">
		<description>Ten Strike Classic (Benchmark Games Inc.)(2003)(Rascal, Wizards_Hat)(1.2)[VP91x][Bowling]</description>
		<rom name="Ten Strike Classic (Benchmark Games)(2003)(Rascal, Wizards_Hat)(1.2)[VP91x][Bowling].vpt" size="31993856" crc="51d14189" md5="cf8076b68060bff06fa3fe0e0dd39060" sha1="587fd21fe29fa9f106a31362b15964d83d07a46f" />
		<rom name="Ten Strike Classic screenshot.jpg" size="323970" crc="399f04d2" md5="53db28dc0b97289d964782c8eac4dbc7" sha1="8d7125c65d20cb58653255f7e382daa714ea2e8f" />
	</machine>
	<machine name="Triumph (ADEBE)(1935)(Romolo)(1.0)[VP9][Counter Top Game]">
		<description>Triumph (ADEBE)(1935)(Romolo)(1.0)[VP9][Counter Top Game]</description>
		<rom name="Triumph (ADEBE 1935).jpg" size="127029" crc="b913882f" md5="7142c0ab1960f7a245c62ccde8f968f4" sha1="45c979dadf2f1254669f97d6825376815d234261" />
		<rom name="Triumph (ADEBE 1935).vpt" size="9150464" crc="e47c4397" md5="8f2055c6e9bd35773b85154a8a1cbe5f" sha1="1dcd1ca2a44c53f68b38139dba22ecfb44743c74" />
	</machine>
	<machine name="Trophy Hunt (Smethport Specialty Company)(1980)(tiltjlp, druadic)(2.0)[VP9][Bagatelle]">
		<description>Trophy Hunt (Smethport Specialty Company)(1980)(tiltjlp, druadic)(2.0)[VP9][Bagatelle]</description>
		<rom name="Trophy Hunt (2.0) screenshot.jpg" size="232157" crc="7d8750ef" md5="5104089e1e6f2b1a4b94b79f221a747c" sha1="8c144504413aec6d766e11077eb555850c4510b6" />
		<rom name="Trophy Hunt (Smethport Specialty Company)(1980)(tiltjlp, druadic)(2.0)[VP9][Bagatelle].vpt" size="2896384" crc="1f3a2d45" md5="a10fd84d7e7f0e56d0531f8f286872b6" sha1="9b935a25254549c5d2fb1a2e1061a40a981ef290" />
	</machine>
	<machine name="Twenty One (Groetchen)(1920)(Destruk, Grizz, tiltjlp)(1.01)[VP909][Trade Stimulator]">
		<description>Twenty One (Groetchen)(1920)(Destruk, Grizz, tiltjlp)(1.01)[VP909][Trade Stimulator]</description>
		<rom name="Twenty One (Groetchen)(1920)(Destruk, Grizz, tiltjlp)(1.01)[VP909][Trade Stimulator].vpt" size="2446336" crc="df2a8100" md5="45c75c7e9d17e4e21020f40967499d64" sha1="5161612a22f9fc504123a4e842a2f5fd09ddcd1e" />
		<rom name="Twenty One screenshot.jpg" size="394902" crc="abd18f1e" md5="4a0d22fdd4fa5516764bf92347d609a1" sha1="1e3cf19d6b428d49c50fb1983d3570de4b4877cd" />
	</machine>
	<machine name="Wild Ride (xxxx)(1990)(tiltjlp)(1.0)[VP9][Sideshooter]">
		<description>Wild Ride (xxxx)(1990)(tiltjlp)(1.0)[VP9][Sideshooter]</description>
		<rom name="Wild Ride SS.jpg" size="502332" crc="cf9aea47" md5="04b55ea006e15cad7cd0a159f4a4c27c" sha1="fce8715812544579807ac3cd4ae0276e1dd82e6e" />
		<rom name="Wild Ride SS.vpt" size="5087232" crc="619411c7" md5="f23d06cd26c22ca9b5291c73279a31d4" sha1="bdee9ba66444294c7fe891129d3c61482c2a7c24" />
	</machine>
	<machine name="WWF Body Slam 21 (xxxx)(1986)(tiltjlp)(1.0)[VP9][Bagatelle]">
		<description>WWF Body Slam 21 (xxxx)(1986)(tiltjlp)(1.0)[VP9][Bagatelle]</description>
		<rom name="WWF Body Slam 21 (xxxx)(1986)(tiltjlp)(1.0)[VP9][Bagatelle].vpt" size="820224" crc="73016d4a" md5="13844ec45c0a07a304e64b25ef378c30" sha1="86a66c1732aec45aedaee80f9771abb75bed6fb8" />
		<rom name="WWF Body Slam 21 screenshot.jpg" size="432129" crc="4c911278" md5="08c743e2a7a799a8e672b1b27a5821f8" sha1="c1797fa97c2af535c1978034847873a6c393d7ea" />
	</machine>
</datafile>