<?xml version="1.0" encoding="utf-8"?>
<!DOCTYPE datafile PUBLIC "-//Logiqx//DTD ROM Management Datafile//EN" "http://www.logiqx.com/Dats/datafile.dtd">
<datafile>
	<header>
		<name>Visual Pinball [VPX07] Original Tables [MODs, HACKs]</name>
		<description>Visual Pinball [VPX07] Original Tables [MODs, HACKs] (2024-01-27)</description>
		<version></version>
		<date>2024-01-27</date>
		<author></author>
	</header>
	<machine name="Aliens (Delta23)(2.0)[VPX07][MOD Gfx v1.0 Starlion]">
		<description>Aliens (Delta23)(2.0)[VPX07][MOD Gfx v1.0 Starlion]</description>
		<rom name="Aliens Starlion MoD.vpx" size="214933504" crc="dc920752" md5="f6e5b706a0c28790752c15a825e312d4" sha1="d4165deacd5ffa6a1e0bcef246efb028ef56d7bf" />
	</machine>
	<machine name="Aliens (Delta23)(2.0)[VPX07][MOD v1.0 bombaj344]">
		<description>Aliens (Delta23)(2.0)[VPX07][MOD v1.0 bombaj344]</description>
		<rom name="Aliens- mod 1.0/Music/A-FILL.mp3" size="16145568" crc="ee5f5df5" md5="d58a7d86b386546a48692893c2baad47" sha1="b634a002ba2b626c1c7ad399333f48a2ccef3ee3" />
		<rom name="Aliens- mod 1.0/Music/A-MBALL 1.mp3" size="8272515" crc="76f62786" md5="59fd7dba2c2600e4f860dca5fdfa98c1" sha1="ab810931547225c26c7a185eb650b65e3d09ada6" />
		<rom name="Aliens- mod 1.0/Music/A-MBALL 2.mp3" size="6107658" crc="74b6069c" md5="7692dbc5e99f9877222b4afa0dee7b50" sha1="30f842746ab682c55e6df7f0da8d1671f651c107" />
		<rom name="Aliens- mod 1.0/Music/A-MBALL 3.mp3" size="12878514" crc="e587f742" md5="8c51b78af22990385c0085763f0c9654" sha1="68896b4a31bc28508e45cba830d20f806a131093" />
		<rom name="Aliens- mod 1.0/Music/A-TRACK 1.mp3" size="12678167" crc="223404c9" md5="85796471a200cfb15da678a04539af7f" sha1="1ebf643ac610ecb3efc54d9fb71f4a4e16fa3f96" />
		<rom name="Aliens- mod 1.0/Music/A-TRACK 2.mp3" size="16330953" crc="ab3b88b8" md5="458a9fc6f1c4bd58c486668d72a5d775" sha1="efab1c99a61c58dba4bf16a32a5ce101d9dff0ab" />
		<rom name="Aliens- mod 1.0/Music/A-TRACK 3.mp3" size="16143834" crc="745fea01" md5="f6eef43c22daa3f39f1ab716e8cd1ad4" sha1="944b0202a7cad8130ba2700c64835c28d3a39d40" />
		<rom name="Aliens- mod 1.0/Music/A-TRACK 4.mp3" size="14963917" crc="be4a1820" md5="082078c88d80d7569a1220d7e3aba6be" sha1="7d93d02baba17ab093f3a1b68c514a3a093358ba" />
		<rom name="Aliens- mod 1.0/Music/A-TRACK 5.mp3" size="15199144" crc="2f86878e" md5="0a86f0455a7fb34ec668fe22085881bf" sha1="2189b9ea5a37961372204aaddb77c08a79b59ca4" />
		<rom name="Aliens- mod 1.0/Music/A-TRACK 6.mp3" size="15708883" crc="0b2cafde" md5="c7ccd018ca886aaab0f9a04395929b3a" sha1="fc6ea2dd296616e9b6b0bc0658d53837faa6986a" />
		<rom name="Aliens- mod 1.0/Music/A-TRACK 7.mp3" size="10017055" crc="0a87c734" md5="012ebac24ec7692ec4b9c41371955856" sha1="6dbfb36bf15c940625738ea20ed8d434e12355ec" />
		<rom name="Aliens- mod 1.0/Music/A-TRACK 8.mp3" size="15919121" crc="17f78abc" md5="9f03b3c8f968199ae0b1be515e14be98" sha1="e4aa8bc001cbeb6292eea5bc796a6f2bef889b54" />
		<rom name="Aliens- mod 1.0/Music/A-TRACK 9.mp3" size="14553086" crc="06e157e9" md5="8a84ba1f647ef8066c21d987a1a4e1f9" sha1="39524c22946a66509ae89b8105f89bcced15d793" />
		<rom name="Aliens- mod 1.0/Aliens 2.0.vpx" size="223436800" crc="2a7d38de" md5="e940a25c5c311b4b0bebe7ca192ef809" sha1="75a3b72be9b5923a071852e1ca8bb9d780173124" />
		<rom name="Aliens- mod 1.0/Aliens.directb2s" size="10135619" crc="e458ec6f" md5="2a4c8b30716173dfd31ac38de8cd3419" sha1="019e7cf66e7e6c148ce1e7e089a605bbeb968f46" />
	</machine>
	<machine name="Attack of the KIller Tomatoes (2023)(Iceman)(1.0.2)[VPX07][MOD Music v1.0 nagaidevil]">
		<description>Attack of the KIller Tomatoes (2023)(Iceman)(1.0.2)[VPX07][MOD Music v1.0 nagaidevil]</description>
		<rom name="Tomatoes/Attack of the Killer Tomatoes - Original.mp3" size="1837894" crc="72845945" md5="034ad56f0d4d30f5a5f4817ae852a7c2" sha1="5e6e7d0929a968689173df085e5a0791ad549710" />
		<rom name="Tomatoes/Ball lost.mp3" size="98348" crc="9ee1e596" md5="036f52d3f1ffd62fb7b31bdd025c89a1" sha1="06223bd048d5a868d84bcafb281cc77b7f220ebf" />
		<rom name="Tomatoes/Hot Tomato - Freddie King.mp3" size="6785611" crc="6e86bfc3" md5="a79a9f32748b337e13b8d889cc6b4f0f" sha1="cc10cf314caf8e7df8b161fba9ec34c6db00e9f6" />
		<rom name="Tomatoes/intro.mp3" size="246723" crc="50cb3c87" md5="67713c1fbe4f2ddc6be61aa5a346e74b" sha1="9a2114d4dd510b90f93bcab88a8bbcde6e9dc79b" />
		<rom name="Tomatoes/Return of the Killer Tomatoes - Rick Patterson.mp3" size="8327874" crc="4e703481" md5="378eaed8ae0315158bbf1b868bf1b7ae" sha1="4ce8716efc94642af8291864aae7413351472eeb" />
		<rom name="Tomatoes/Tomato Head - Shonen Knife.mp3" size="5175632" crc="223f6092" md5="474fed58fdc833efe1abe7ad73fea5fa" sha1="89565a172dd328f96c5f9238aa563bbef642280f" />
		<rom name="Tomatoes/Tomato Stomp.mp3" size="1738429" crc="d198fd24" md5="4fcd23052c24b0e1ac53ba52a394a73a" sha1="5d0252562696591a46b713034d9a7595f63a1829" />
		<rom name="Tomatoes/Tomatoes On The Rampage - Cincinnati Pops.mp3" size="2721756" crc="f15b95a2" md5="aafb68fde892aa197d248cf2c51fe13a" sha1="b850c6fae4a82dcb82b0120d86f16b9b581526d0" />
		<rom name="Attack of the Killer Tomatoes (Iceman 2023) MusicMOD Wheel.png" size="431715" crc="ca312ad8" md5="f5951375b79f949490e78cd7393f9c74" sha1="a37404e5009cde2e75fdbcfa794498f32b5fbbbf" />
		<rom name="Attack of the Killer Tomatoes (Iceman 2023) MusicMOD.directb2s" size="26116670" crc="46d37011" md5="f1263f0d283ddaee860e0f9fea4aafe7" sha1="af66e592df4eb03a0625bc68c687872c75806e09" />
		<rom name="Attack of the Killer Tomatoes (Iceman 2023) MusicMOD.vpx" size="24285184" crc="1f3e1b61" md5="fcb4fdec203a37d78c1066e94d35c6d5" sha1="25d4825b2474947a033d5d5d2303c7ad87b3aba5" />
		<rom name="readme.txt" size="1207" crc="c7d2eafb" md5="28f9b90fd04646ae7464f2bc634c734c" sha1="e9890c2ecce5998deb12f297ede433938a581fac" />
	</machine>
	<machine name="Avengers, The (2023)(VLive, Iceman)(1.01)[VPX07][MOD English of 'Chapeau Melon et Bottes de Cuir' v1.4.0 Stevegooner123]">
		<description>Avengers, The (2023)(VLive, Iceman)(1.01)[VPX07][MOD English of 'Chapeau Melon et Bottes de Cuir' v1.4.0 Stevegooner123]</description>
		<rom name="Avengers,TV Series 1.4.0.directb2s" size="2998009" crc="b1eaca01" md5="d756bbe3d8b5e31a0b2179d93035ae40" sha1="dec2795d6c8c219193603f8da4cff47ebdf54128" />
		<rom name="Avengers,TV Series 1.4.0.vpx" size="45936640" crc="1374257b" md5="3837857f707bc93281062055cc73383d" sha1="eff17e7cf86b4aebe0092fccfba97de3cf31d347" />
	</machine>
	<machine name="Batman 66 (2018)(luvthecubs)(1.2)[VPX07][Source Table The Flash JPSalas, Onevox][B&amp;W MOD v1.3 Pinmafia]">
		<description>Batman 66 (2018)(luvthecubs)(1.2)[VPX07][Source Table The Flash JPSalas, Onevox][B&amp;W MOD v1.3 Pinmafia]</description>
		<rom name="Batman 66 BW MOD.directb2s" size="20261236" crc="3de829f5" md5="1c6d35b9418b02b674e4424b8734d956" sha1="0af1097ce314ce6e54f4aeef53293534d03e3b0d" />
		<rom name="Batman 66 BW MOD.vpx" size="147853312" crc="d32cafdf" md5="dc3990e091ef4507ffd86ca0e11be4d0" sha1="ee10f9dcb14a292dfcc3ad6417d30cc98e765dd3" />
	</machine>
	<machine name="Bond 60th (2022)(marty02)(4.2)[VPX07][Dr. No MOD v1.1 Timblo]">
		<description>Bond 60th (2022)(marty02)(4.2)[VPX07][Dr. No MOD v1.1 Timblo]</description>
		<rom name="Bond Final timblo V1.10.vpx" size="119533568" crc="4b93d086" md5="29e99ea6439d707fd19de254cd5b5a7c" sha1="bdaf998a7649df48159d2d69770962fa6e431379" />
	</machine>
	<machine name="Caballeros del Zodiaco (Saint Seiya Pinball) (Jicho2003)(1.0.3)[VPX07][MOD Gfx &amp; Italian Voices v1.3 Giorgio83]">
		<description>Caballeros del Zodiaco (Saint Seiya Pinball) (Jicho2003)(1.0.3)[VPX07][MOD Gfx &amp; Italian Voices v1.3 Giorgio83]</description>
		<rom name="Cavalieri_dello_Zodiaco_Saint_Seiya_GIORGIO83_V1_3.directb2s" size="22200777" crc="1c613c39" md5="3ed294abb4fc4e76b56fc96ded27abee" sha1="50fcce8d514fa78bc938ecc3b5fd55b9ff78153e" />
		<rom name="Cavalieri_dello_Zodiaco_Saint_Seiya_GIORGIO83_V1_3.vpx" size="199397376" crc="8a914d17" md5="2349d05714cea4a6ee800347ea96524f" sha1="bda6bca8a26cac9b01f4bfa076e02e0c9a1f058e" />
		<rom name="Cavalieri_dello_Zodiaco_Saint_Seiya_GIORGIO83_V1_3_DESKTOP_ROTATED_90.vpx" size="434413568" crc="d3b3f4cd" md5="a8aeeee69536c4191fc5694e417d85ec" sha1="4dd274fc30296a74fcee4ff6300bbcccb218847a" />
	</machine>
	<machine name="CARtoons RC (2017)(HauntFreaks, BorgDog, SliderPoint)(2.3)[VPX07][MOD Gfx v1.3f Wylte]">
		<description>CARtoons RC (2017)(HauntFreaks, BorgDog, SliderPoint)(2.3)[VPX07][MOD Gfx v1.3f Wylte]</description>
		<rom name="CARtoons RC (2017) v2.3.directb2s" size="29233672" crc="be200b94" md5="79b456162ff2a43255154138cd16579b" sha1="63683d0c8712927696abb3410b9279ce577e4c88" />
		<rom name="CARtoons RC (Nailed 2021)  Patch Notes.txt" size="3378" crc="f79490a9" md5="448e685cea23c2b5742d95f4578a91dd" sha1="9dd0899fa1e3dcfd8c22be65f9bcefa08fb15d70" />
		<rom name="CARtoons RC (Nailed 2021) v1.3f.vpx" size="76034048" crc="70a5dd44" md5="4868d854f2d090aea6da21bf1e59d7d9" sha1="bc85fb5e69728f19648b4490ffa14ce7cc878cac" />
		<rom name="closeup.jpg" size="527453" crc="6548f096" md5="6c5556655d5ea3f4311e52888cee24ea" sha1="a5bb60ad2955c36515546041f9106a8fd8c001ef" />
		<rom name="DTRoaches.jpg" size="546366" crc="79ac3b33" md5="d10884032bbb39ad7492fa4ac2245890" sha1="c597636c72106ff15d9fafd73ba668ea9472f548" />
	</machine>
	<machine name="Dragon Ball Z (Javier)(1.06)[VPX07][MOD Gfx v1.2 Oly]">
		<description>Dragon Ball Z (Javier)(1.06)[VPX07][MOD Gfx v1.2 Oly]</description>
		<rom name="DBZ/Dragon Ball 01.mp3" size="3511413" crc="f6b1e213" md5="bf9e0ed4232d805c9a6f91a572d1f1a4" sha1="a838a3ea228cca804b0d5f5dc299e4f1e4e2a0b0" />
		<rom name="DBZ/Dragon Ball 02.mp3" size="1092127" crc="d5540908" md5="77e9197d64515adb4ed5e4c1fb048343" sha1="9a9c761dc28ee9dcd0ec83c2f919b6d4abbfa4ad" />
		<rom name="DBZ/Dragon Ball 03.mp3" size="1473933" crc="0068a6d4" md5="094df6fd2c41529b069fd3d0202c151f" sha1="b8571f27e54c219ec81e377b6c52c4cc89a1f390" />
		<rom name="DBZ/Dragon Ball 04.mp3" size="1007469" crc="26a95477" md5="caae2bbbb90036fd630814e2f7dcc2ec" sha1="1e2df15410b2695bfabdad8b0f0f708b2b6fe9c5" />
		<rom name="DBZ/Dragon Ball 05.mp3" size="1254528" crc="a4b1d16f" md5="3c9b7157ea0403596c957f3b4ba343fa" sha1="6ef7a2b65d267709ff19b8f2087e92aa091bb017" />
		<rom name="DBZ/Dragon Ball 06.mp3" size="1580011" crc="34092b4f" md5="7e4228bc9c46e0f735b46add2a13cdd9" sha1="489a4ec32adb4e7a9c58788fa849aaf8f44e0fb9" />
		<rom name="DBZ/Dragon Ball 07.mp3" size="1327229" crc="4204dba6" md5="7288df6cf3ec09bb6160fa8732958861" sha1="76283e0af938dabf257b00cdcbdbe934166902d6" />
		<rom name="DBZ/Dragon Ball 08.mp3" size="1503405" crc="8705f38c" md5="d18e23aee74e899b17927510095ca186" sha1="2c0b75a76a1953f2ccfbc4307b71515ddd20dd7e" />
		<rom name="DBZ/Dragon Ball 09.mp3" size="1140525" crc="87e8434e" md5="82185a390369accc735ac0fd7a7726a5" sha1="b3d92543a2806109c103f3cea270676f217348bc" />
		<rom name="DBZ/Dragon Ball 10.mp3" size="984384" crc="30b5e1e6" md5="d0063375b54c6b7c6fc4df32b6b4254c" sha1="cc0b8762fb5910bc7e406a0b65d97b63f266a945" />
		<rom name="DBZ/Dragon Ball 11.mp3" size="1005741" crc="ae0a5f59" md5="d26ed5931ad15ce4275adcc09ee776ee" sha1="bdc8d83b53745fef29bc3d8dc13b9fd96d972c48" />
		<rom name="DBZ/Dragon Ball 12.mp3" size="683757" crc="1cdb3c49" md5="f01e9ef0d281b2a6201656479f21f0a6" sha1="c72fff40dbc76f1422c87696fa341a17d3229270" />
		<rom name="DBZ/Dragon Ball 13.mp3" size="1099629" crc="7eb238c4" md5="1b3ffd656861fbcb33f72be6798d2b6c" sha1="0436373fe18d43ed135c5c1c08ba149c2060167a" />
		<rom name="DBZ/Dragon Ball 14.mp3" size="1414080" crc="fc2f8e6e" md5="e1ab244e2422fab0a1b55942e74b2e8b" sha1="8b6fd6916a3009429f1a67892807c67a012be576" />
		<rom name="DBZ/Dragon Ball 15.mp3" size="2316096" crc="983433c2" md5="5be55b9a1112278a48f4673d51501bef" sha1="da9106c20041cfb8a56d397149e3068893ce82ff" />
		<rom name="DBZ/Dragon Ball 16.mp3" size="1994112" crc="48c07c95" md5="b1778656e72efb67cab61834b1273a5f" sha1="9d41dfd7329c6c4fecebe9e90c9e91db395bfcdc" />
		<rom name="DBZ/Dragon Ball 17.mp3" size="1225728" crc="c6667361" md5="bc44160e573f6fd497023ff4e3178b0a" sha1="643d554c92849deff0b6acb9f45f1e25d83c89db" />
		<rom name="DBZ/Dragon Ball 18.mp3" size="2047104" crc="0e0c3c23" md5="3aa2b60e72552f8faf1d6a6de8e6583a" sha1="279d2087245097ea6290eb835203ab95ac7e6910" />
		<rom name="DBZ/Dragon Ball 19.mp3" size="1930752" crc="b1cba2d1" md5="0aa487f7202ba4ad2624b84e9f1b696d" sha1="d02fff43c48e3101d66a57f3e1116856fe1cfa4f" />
		<rom name="DBZ/Dragon Ball 20.mp3" size="1179693" crc="211efbc6" md5="2d6771cb98949808a9f1b2435c1d8fd5" sha1="fec11db2ec0f544891115a7e46f1e333c0f56559" />
		<rom name="DBZ/Dragon Ball 21.mp3" size="819072" crc="1a10a683" md5="cc995dadc9630c8e7ea2bc4af282bb63" sha1="6be202767312802cfbfb89517bdaac594b7037e5" />
		<rom name="DBZ/Dragon Ball 22.mp3" size="7027776" crc="7bb60c06" md5="48edf3c8418fea58819e42b30419bb6a" sha1="f1f5636c92e9c6c8aca4f0b0bbffbc2f6ba4009b" />
		<rom name="DBZ/Dragon Ball 23.mp3" size="2396205" crc="d602399a" md5="4b67e4e7e1d5a1f1bf3ed4279f61ba1b" sha1="61272c9b3458d659583785f0ce40447af9d3a219" />
		<rom name="DBZ/Dragon Ball 24.mp3" size="758637" crc="9a799a88" md5="8f71544103fa2f0153acdad26f42b974" sha1="4d9ab1086eeedbebdf8873645392a73c6224c652" />
		<rom name="DBZ/Dragon Ball 25.mp3" size="1985517" crc="915422ee" md5="ff524d59e8c5ca948d5ebf38026dbe5b" sha1="75579709f75b4d26f4ff1ce9e7ce85c4bebda874" />
		<rom name="DBZ/Dragon Ball 26.mp3" size="2189997" crc="a289a03a" md5="4e85d4185d9d3649e755f1f063620059" sha1="443e4cfa618ec5fa39056e4b7cca2aebaf811bc7" />
		<rom name="DBZ/Dragon Ball 27.mp3" size="6185664" crc="6d3f2b55" md5="9c30132367e7ec9dc41e1d6de3aa9e96" sha1="6f7f70b9c9bd91433bc4161b59dc8da7284cf18e" />
		<rom name="DBZ/Dragon Ball 28.mp3" size="736704" crc="ad0c64a1" md5="0d6c161bc325975583cdd3b9e0dad6d3" sha1="2d9829f2e80d8cdc05dfd06ecd8c7376b6fa399e" />
		<rom name="DBZ/Dragon Ball 29.mp3" size="1760570" crc="04486b79" md5="3be061f1632b45afd96af991d3dde3f4" sha1="bbae15ae0ec98beeb21a1db93e575b95b49b4f21" />
		<rom name="DBZ/Dragon Ball 30.mp3" size="771885" crc="858ff6ce" md5="470e66ba6fc1fe43cb36700ea1221193" sha1="e18a317e0ba0fc958663730837f57d68228cbb24" />
		<rom name="DBZ/Dragon Ball 31.mp3" size="929664" crc="2381f7bd" md5="56a99b3586553633c0e0b1cb887cc2ec" sha1="9659ccdaf00164d9e2b28fe56b1e15bed6453c78" />
		<rom name="DBZ/Dragon Ball 32.mp3" size="2209005" crc="1a090c08" md5="519944c058aeb46a5e4f797e48836f93" sha1="bd26a73a2b5aed7cc2d61a8355d4fabfdfc3520b" />
		<rom name="DBZ/Dragon Ball 33.mp3" size="1207872" crc="a593a476" md5="d1ae89f47b3fb9475b24f9ddfab6fe68" sha1="470d85950711cbcb192ccc908229c684d40d5ef6" />
		<rom name="DBZ/Dragon Ball 34.mp3" size="932884" crc="74ba7316" md5="9a9b5b45008ac02e56e353c05df34a2f" sha1="fab848a3ef8878b491e48f58f610b915746d1900" />
		<rom name="Dragon Ball Z 1.2.0 oly.vpx" size="50151424" crc="e9e1fe11" md5="32a47832c9120f855990d233d4e01bbc" sha1="3583f1d0fa9a1e8c48826d505c72b79c5ee851fb" />
		<rom name="Dragon Ball Z 1.2.0 oly.vpx.directb2s" size="3560021" crc="1bdbd16f" md5="605b24d1c88e272c9938cc0f893dc688" sha1="ecba7e20b2bfb59ff8920b74618f2ec6cbb4544d" />
		<rom name="FPVPX.vbs" size="622" crc="0cb22cb4" md5="220283763bbb755aeb2388354316bda5" sha1="8f1c222c02e6b6247e087667e5aad06bcf77cfd9" />
		<rom name="Wheel Dragon Ball Z oly.png" size="1386683" crc="b8f6bd9b" md5="5541408ee6857a558822bd4071e909f1" sha1="ee54ac20c88bc9ed2c144c7091d86a30f08127b1" />
	</machine>
	<machine name="Dragon Flames (2024)(NotWildlife)(1.1)[VPX07][MOD Desktop v2.0 jogrady7]">
		<description>Dragon Flames (2024)(NotWildlife)(1.1)[VPX07][MOD Desktop v2.0 jogrady7]</description>
		<rom name="Dragon Flames (O-wildlifewizard 2023).directb2s" size="1443962" crc="9251a8f5" md5="91bbe48ac87067c53742ff455e44ec74" sha1="c16ef2db9b1aa145d4b902630f5fa79b9908c921" />
		<rom name="Dragon Flames (O-wildlifewizard 2023).pov" size="3160" crc="cb51d6eb" md5="47c47bcaac6f2f1bf5b7f71804f3690c" sha1="0f880a19e71feff1c41284707b3322ee31d172d9" />
		<rom name="Dragon Flames (O-wildlifewizard 2023).vpx" size="19554304" crc="13bda7c7" md5="cfba73d4c14e33fd30f4570534d51e6a" sha1="3af8a4295c9d8143d5c688d02f7ffaf13d5fda77" />
		<rom name="DragonFlamesLogo.png" size="213650" crc="43becae7" md5="94f58bd9680ede4083900eaf28ffb2ad" sha1="71741935ce71a949d22ef7ca0282b05ed0c73eb4" />
		<rom name="DragonFlamesRULES.txt" size="938" crc="da51e1fb" md5="bf6e35fef27c26262d8f519bcb2c96b4" sha1="ca2b9a8ffe5ef1da2c43f513e11373accd2cbd31" />
	</machine>
	<machine name="Dragonball Z Budokai (2023)(masonou)(1.0.0)[VPX07][MOD Music v2.0 larouillas]">
		<description>Dragonball Z Budokai (2023)(masonou)(1.0.0)[VPX07][MOD Music v2.0 larouillas]</description>
		<rom name="Music/DragonBall Z Budokai Mod Music.mp3" size="59030091" crc="31599e00" md5="de2590000c26b623a0b92e7bab94d7fd" sha1="f53e0a59d8abbaa665b50ba83be6ca848a7175e5" />
		<rom name="DragonBall Z Budokai Mod Music.directb2s" size="14592820" crc="7c27171a" md5="49ebc0b0371fe86e1fbb427a37ce6731" sha1="46b7071b79f26c3acf099e2a6f2f23a4720d3591" />
		<rom name="DragonBall Z Budokai Mod Music.png" size="1239101" crc="e1e1adb5" md5="4516a4ea9f48d42ecc59e68a43141940" sha1="ed49baa3eae92f089b1df451b1d1d3eaaa8fd0d4" />
		<rom name="DragonBall Z Budokai Mod Music.vpx" size="43950080" crc="960816a9" md5="c3fb52b6f5b97bd9edb1604a19c15aa6" sha1="d8bbe97ac3afa2d577fb0efb29574621cc66dce8" />
	</machine>
	<machine name="Elvira's Party House of Horror (2021)(marty02, 32assassin)(1.1)[VPX07][Source Table Elvira-Bally 32assassin][MOD Gfx v2.0 Hauntfreaks]">
		<description>Elvira's Party House of Horror (2021)(marty02, 32assassin)(1.1)[VPX07][Source Table Elvira-Bally 32assassin][MOD Gfx v2.0 Hauntfreaks]</description>
		<rom name="Elvira mash-up (original 2021).vpx" size="94576640" crc="f09d938e" md5="c368fcd88a9a933869b9b712aeadfa20" sha1="030cb89ec9a63b5907e78ceef1c5786b9707a317" />
		<rom name="Elvira re-mix (original 2021) full dmd.directb2s" size="33469632" crc="524d0ea1" md5="7bba9a3a45924bcac877695a2713df52" sha1="4703b432bd36159eacfb408596a98c86b57e3d88" />
		<rom name="Full DMD Read Me.txt" size="988" crc="ddb0dadf" md5="14a26594b8044fb4857c2a17b9a4bffa" sha1="5494aeba7518d3a431be2e5fec8c9346f4b839f3" />
	</machine>
	<machine name="Escape from New York (Shannon)(1.0)[VPX07][MOD Unknown]">
		<description>Escape from New York (Shannon)(1.0)[VPX07][MOD Unknown]</description>
		<rom name="alias.txt" size="93" crc="f8a92724" md5="f961c41789fa68652c4a8c66dcca0a4e" sha1="34fd2f6845bea3c20e886a0cd1465888ed5a731d" />
		<rom name="Escape from New York (1981).vpx" size="124772352" crc="9eb15964" md5="e0605f0a31cce75883db180904d66135" sha1="838deda5b9938c02f88ed2ba794acd069e9eb1af" />
		<rom name="Escape from New York FULLDMD.mp4" size="2673060" crc="bc6163ce" md5="b295a76639143f079a70412f39147026" sha1="236ffb46969ded71fa2d500eb60f6c5337432e99" />
	</machine>
	<machine name="Grinch, The (2022)(Pinballfan2018, Daphisbowl, Iaakki, Bambi Plattfuss)(1.0)[VPX07][MOD Gfx v1.0.0 Dark Phoenix Group, Skully63]">
		<description>Grinch, The (2022)(Pinballfan2018, Daphisbowl, Iaakki, Bambi Plattfuss)(1.0)[VPX07][MOD Gfx v1.0.0 Dark Phoenix Group, Skully63]</description>
		<rom name="Media Pack/Read me.txt" size="125" crc="560ffe88" md5="8508ee9a2695e984302c791627add326" sha1="badd702a66cb3c9e0bc2343734b80fa7c9573d24" />
		<rom name="Media Pack/The Grinch-2022- pinballfan2018.vpx/(pop-audio) The Grinch-2022- pinballfan2018.mp3" size="336803" crc="8cd89eee" md5="35dd04f18f377449bd4d513fd5a5c259" sha1="c0d6adc474202d52fc1858f6566ef4787e175815" />
		<rom name="Media Pack/The Grinch-2022- pinballfan2018.vpx/(pop-BackGlass) The Grinch-2022- pinballfan2018.mp4" size="329396" crc="33384857" md5="48b360eae73db3d07a5c2379117df507" sha1="3c304b8835fe3c8cf9e0eae390f20fe19f90a0e3" />
		<rom name="Media Pack/The Grinch-2022- pinballfan2018.vpx/(pop-Loading) The Grinch-2022- pinballfan2018.mp4" size="15358896" crc="15899c63" md5="7e47a69d8183b443e46d92a6d95e4c09" sha1="034afdfa670342411d646ad1779e67530eec422d" />
		<rom name="Media Pack/The Grinch-2022- pinballfan2018.vpx/(pop-Menu) The Grinch-2022- pinballfan2018.mp4" size="18268403" crc="3266a10f" md5="5d25597a4ba7fcbb43f48b2acffce5f8" sha1="29f1dc0f21fd877a1484aaa6e5c578dfccce908e" />
		<rom name="Media Pack/The Grinch-2022- pinballfan2018.vpx/(pop-PlayField) The Grinch-2022- pinballfan2018.mp4" size="426589" crc="0bd3fda1" md5="0eaafb335cd25e7c869bfcd13b220389" sha1="8a72f639b31a4b04f71d0504ba40f22397c491f4" />
		<rom name="Media Pack/The Grinch-2022- pinballfan2018.vpx/(pop-Wheel) The Grinch-2022- pinballfan2018.png" size="394949" crc="b15d10d7" md5="6522764d99601da2c482ceaafdde5b56" sha1="c23852af4d178e8586a66fe68a6419695b5086fa" />
		<rom name="Pup Folder/Read me.txt" size="121" crc="9107db4c" md5="0f65ffe869d44cddd3695397b26a89fb" sha1="a0cbe22538783189117b86266ef7baf712e53811" />
		<rom name="Pup Folder/TheGrinch/EditThisPuPPack.bat" size="88" crc="69681b6c" md5="b138c1d0119fa1307c7e283e7f2eb9a6" sha1="9905d1f07941b0e3af38b111531ae9985dded1de" />
		<rom name="Pup Folder/TheGrinch/playlists.pup" size="723" crc="54f6b8b8" md5="1fdb3f5b1ea5ac7b9e9b48a74554bf22" sha1="7f3aae5fae33411520f0eafc559db02b656131aa" />
		<rom name="Pup Folder/TheGrinch/screens.pup" size="682" crc="25dd0753" md5="efea0a3f1c8eda3b068cfe249a0d97b0" sha1="5c5194565f24738eef43dffa7b86cd1f8d553716" />
		<rom name="Pup Folder/TheGrinch/triggers.pup" size="2280" crc="98bae26e" md5="28fd37eb139a901db61246a5e09f7a24" sha1="4d8820150f887082f81eae897f9b013e5401f6f0" />
		<rom name="Pup Folder/TheGrinch/5,000/5,000.mp4" size="3001599" crc="7eaaf48f" md5="8fc53f77581e7556599a124266da7d95" sha1="88beb121bd608ec417c83000fc688709b938abcf" />
		<rom name="Pup Folder/TheGrinch/ADVANCE BONUS/ADVANCEBONUS1.mp4" size="2061637" crc="efc74109" md5="5ff05e1c9671069b8db7fc4ded74f9de" sha1="e8d1abac93b8ad7531c1e991d20344b528423a38" />
		<rom name="Pup Folder/TheGrinch/ADVANCE BONUS/ADVANCEBONUS2.mp4" size="2008922" crc="c0dc931b" md5="bf76613600e43573f3f068e4386f28dd" sha1="82c772048fd61f97578bee6e2135ece3da0773bb" />
		<rom name="Pup Folder/TheGrinch/ADVANCE BONUS/ADVANCEBONUS3.mp4" size="2080210" crc="5f7d9d07" md5="e5a0b4f921029a169e81438e4aa4c648" sha1="8c2ecc501f7f93f927b566fdff0b2e321ec7b901" />
		<rom name="Pup Folder/TheGrinch/Attract/Attract1.mp4" size="88875794" crc="103b889a" md5="0d532de475dc3fe3fd22f481ed2978eb" sha1="c39babcd1847be684ba3f13c7e0985b56825623e" />
		<rom name="Pup Folder/TheGrinch/Attract/Attract2.mp4" size="100443856" crc="815100e1" md5="d546377e5ca07ebcab0b807a9ba3de46" sha1="3e81bd77fb0027bf2fb9e14065c97b8366be02bd" />
		<rom name="Pup Folder/TheGrinch/BallCapture/BONUS CAPTURE.mp4" size="12695076" crc="7e7f8ea9" md5="33f5be61e214d637c909b9d2fe2e6634" sha1="030348351b5041eaf99229716549946e5810f71a" />
		<rom name="Pup Folder/TheGrinch/BallCapture/BONUS.mp4" size="1757652" crc="f87b6ff2" md5="80ba8b6fcf85314c1334d3b94a76967a" sha1="97a85621cad092c6af694fa2e298a8306238802e" />
		<rom name="Pup Folder/TheGrinch/BallCapture/BONUSKICK.mp4" size="3312489" crc="94e302de" md5="1cd3ff8ec9e44d59fb519e5ed844d96b" sha1="d24ee175cf0554ba3b8a81ccb07216734eb124f7" />
		<rom name="Pup Folder/TheGrinch/BG/Backglass.mp4" size="579118" crc="4db400ef" md5="b839985e6f2554969e4ded602fdc4219" sha1="095ac8c1bcf57ab07229a38c2351b23206fb6c59" />
		<rom name="Pup Folder/TheGrinch/BONUS/DOUBLEBONUS 02.mp4" size="3749549" crc="36204d36" md5="23ec56c7c9075d0f25f9348157af7515" sha1="7f3f9415df95dfb9f7bc4a609b4a3824807a14f0" />
		<rom name="Pup Folder/TheGrinch/BONUS/TRIPLEBONUS.mp4" size="4361982" crc="40d10bf2" md5="8a7cb6b16e51f31b89fc93aac7ea9626" sha1="16ce764ecde5b4adb6ddc242e7e69a11547b5b02" />
		<rom name="Pup Folder/TheGrinch/CINDY/CINDY1.mp4" size="3357394" crc="a3efc43f" md5="f5b50866f1f14cc5ca805ba63f8e4380" sha1="7cb8fa8a20dd5a981731b7c0a6a0ee57098a3bbc" />
		<rom name="Pup Folder/TheGrinch/CINDY/CINDY2.mp4" size="4347556" crc="ed807716" md5="4f10e897d33b951a87d7c39c451136fc" sha1="a487f482a9aad91b0d7558dbf05394d896961dba" />
		<rom name="Pup Folder/TheGrinch/CINDY/CINDY3.mp4" size="6882650" crc="5a3b6a8d" md5="58d255354a997ffb7b23051b0fe74509" sha1="8d4d3c4e8372e091e67e28f562ac98c7ea0a1624" />
		<rom name="Pup Folder/TheGrinch/DRAIN/@BALLLOST1.mp4" size="3534374" crc="4b661224" md5="2d3d61d3edc923e383cc5b6cce4e73d8" sha1="fc7e88b3e4f238892b57e9ffa9a212d1d518abe6" />
		<rom name="Pup Folder/TheGrinch/DRAIN/@BALLLOST2.mp4" size="3501557" crc="c7bbb282" md5="534a32005043e3b2de4a2a35198ed3ab" sha1="74631ade41ba128035599527305bfc98a8f2a3ff" />
		<rom name="Pup Folder/TheGrinch/DRAIN/@BALLLOST3.mp4" size="3477316" crc="b2c1ea81" md5="a9280c516e4e4d632c62d99acb5c2060" sha1="ea7152a2d24a90429173fcb509b21d9e26d738e6" />
		<rom name="Pup Folder/TheGrinch/DRAIN/@BALLLOST4.mp4" size="3305061" crc="5c00d222" md5="12938c0b0dda9a5edb6a9e36bc0bf9db" sha1="54e873efc3501755d6b59ec8ec0ad5ca9d7ae817" />
		<rom name="Pup Folder/TheGrinch/DRAIN/@BALLLOST5.mp4" size="4669919" crc="f12d4ede" md5="1d96bf08095209e75a402aaf330be363" sha1="793e42c5f4c310ba50efc2d142c7c4665387f616" />
		<rom name="Pup Folder/TheGrinch/END/THE END.mp4" size="11917266" crc="f4ae63fd" md5="e59bbfca0a420642ceede7f6b00cbebf" sha1="0756f0d749e0bb55e5e0fce5446671d1ba627ba7" />
		<rom name="Pup Folder/TheGrinch/FONTS/GrinchedRegular.otf" size="29740" crc="9c1a45ef" md5="95af6944056b0002f5b3c76e3aef590d" sha1="6988cd201a5795d53318a7c0a520de473d0dc3bc" />
		<rom name="Pup Folder/TheGrinch/FONTS/impact.ttf" size="136076" crc="00e2fd55" md5="8fc622c3a2e2d992ec059cca61e3dfc0" sha1="1cc231f6ba7e2c141e28db4eac92b211d4033df6" />
		<rom name="Pup Folder/TheGrinch/FONTS/Magazine-Bold.ttf" size="27788" crc="121225da" md5="d741c2ad649bfd263d5b5d740432d58e" sha1="fbc5d175d7763f0c3b2e2724e7e6a93f1e3371f0" />
		<rom name="Pup Folder/TheGrinch/Gif/blank.gif" size="11619" crc="60336c96" md5="432a7661a22696830c19c4a7547d296b" sha1="dc60187be27f7aa2d815f0e57323346376665ab1" />
		<rom name="Pup Folder/TheGrinch/Gif/lblank1.gif" size="11619" crc="60336c96" md5="432a7661a22696830c19c4a7547d296b" sha1="dc60187be27f7aa2d815f0e57323346376665ab1" />
		<rom name="Pup Folder/TheGrinch/Gif/lblank2.gif" size="11619" crc="60336c96" md5="432a7661a22696830c19c4a7547d296b" sha1="dc60187be27f7aa2d815f0e57323346376665ab1" />
		<rom name="Pup Folder/TheGrinch/Gif/lblank3.gif" size="11619" crc="60336c96" md5="432a7661a22696830c19c4a7547d296b" sha1="dc60187be27f7aa2d815f0e57323346376665ab1" />
		<rom name="Pup Folder/TheGrinch/Gif/snowballlefta.gif" size="164374" crc="60d09b31" md5="fb990a206cdd5bb2d593906ca1fdb3cc" sha1="d9340f4c440053341f2ce9181e65e4c1642d43c7" />
		<rom name="Pup Folder/TheGrinch/Gif/snowballleftb.gif" size="164374" crc="60d09b31" md5="fb990a206cdd5bb2d593906ca1fdb3cc" sha1="d9340f4c440053341f2ce9181e65e4c1642d43c7" />
		<rom name="Pup Folder/TheGrinch/Gif/snowballleftc.gif" size="164374" crc="60d09b31" md5="fb990a206cdd5bb2d593906ca1fdb3cc" sha1="d9340f4c440053341f2ce9181e65e4c1642d43c7" />
		<rom name="Pup Folder/TheGrinch/Gif/snowballlright.gif" size="164374" crc="60d09b31" md5="fb990a206cdd5bb2d593906ca1fdb3cc" sha1="d9340f4c440053341f2ce9181e65e4c1642d43c7" />
		<rom name="Pup Folder/TheGrinch/HIGH SCORE/HIGH SCORE.mp4" size="4967072" crc="193a7c76" md5="491734ad85b5b78f3d146d71fb90be90" sha1="f91f92565ac2a0345c20a7ac5866d2232547de96" />
		<rom name="Pup Folder/TheGrinch/JACKPOT/JACKPOT2.mp4" size="2578250" crc="3f0a95ef" md5="6b340cb22854fd72b77ef7898721c3fc" sha1="04ed43c224dbbe226e0b7ee748f436cf3971d326" />
		<rom name="Pup Folder/TheGrinch/JACKPOT/JACKPOT3.mp4" size="3111717" crc="1824b19a" md5="c55cc4b5dff2742dc1a4a0193494ee5d" sha1="acb2dd035f0838c795311acae18007adca30d6d9" />
		<rom name="Pup Folder/TheGrinch/LOWER LEFT/LOWER LEFT.mp4" size="3515758" crc="f5e7d1b1" md5="2b51420d063737d02f9cec70e71e34d6" sha1="e8e1e5cb814d4f7501f2c5e9abcbf73d056ba12f" />
		<rom name="Pup Folder/TheGrinch/LOWER RIGHT/LOWER RIGHT.mp4" size="3511788" crc="a07a39d0" md5="5a5f67fd1daaecb8f129082aa4498f08" sha1="45cd5ac5f330f8954b2c02b694e467d832ec141f" />
		<rom name="Pup Folder/TheGrinch/Main Screen/Main screen1.mp4" size="6515333" crc="1da95bb9" md5="130efd0b8ec7cb02811f34c077d428da" sha1="52d835908b73faf517a66da3a83ee55ae2e77656" />
		<rom name="Pup Folder/TheGrinch/MAX/MAX1.mp4" size="3952432" crc="780346c5" md5="0a801d58b71f6aa1eaa080aecb4750c0" sha1="30a1ca7bfc8e4102b2cfb401e1c3df385d66c194" />
		<rom name="Pup Folder/TheGrinch/MAX/MAX2.mp4" size="4043858" crc="6ed879f7" md5="9230f936d412cfde43032ee2d46ce398" sha1="f98ab34c3889b44b7c67bde1487e5624aff99906" />
		<rom name="Pup Folder/TheGrinch/Music/Grinchmusic.wav" size="42519024" crc="3d2bf845" md5="868ea65539b61a1a252d52bee904e2d0" sha1="a2aef0018fc157421edb242c819a450a72bd1aae" />
		<rom name="Pup Folder/TheGrinch/PuPAlphas/Default Overlay.png" size="11318" crc="351bc292" md5="252c9ca067a9d66ff0690e56a7c221c8" sha1="a109a3b570620231338ab89713dc1b10189c6332" />
		<rom name="Pup Folder/TheGrinch/PuPAlphas/OVERLAY.png" size="625396" crc="ddaaa0a6" md5="08bdd91d4e28637d1ff11849bd32525c" sha1="4feb359420e8fe25377446af8473a729f4a0929d" />
		<rom name="Pup Folder/TheGrinch/SLEIGH/SLEIGH1.mp4" size="4244194" crc="d07973ef" md5="47b1c1a2d3a78d65f73fbaa5fff491cf" sha1="789168e7e3f5de7db397754e1ff03b94dbb68f2f" />
		<rom name="Pup Folder/TheGrinch/SLEIGH/SLEIGH2.mp4" size="3828102" crc="067abfba" md5="383f9b7f1606076170acace0d032978f" sha1="8c94cb06e67b58929b3bb32cb7d0b366f8e46225" />
		<rom name="Pup Folder/TheGrinch/SLEIGH/SLEIGH3.mp4" size="3617186" crc="3b1274f9" md5="0162706b2e68a52f44a2af47ddb3d2e6" sha1="d11d3ca9da78be32f05360f4f2b6e97ef75d3970" />
		<rom name="Pup Folder/TheGrinch/SLEIGH/SLEIGH4.mp4" size="3707504" crc="cab43d87" md5="0961ad270a4cd413d4de638c5bd0b305" sha1="253632d0295e137ecb50c50d0d3e3c05cd5b6f50" />
		<rom name="Pup Folder/TheGrinch/Start/@Start.mp4" size="3408279" crc="7c392632" md5="eb00e105445b91aef0ce07fffdf8db26" sha1="25140082901c1122ead22dae6a19f6fb9f599c3a" />
		<rom name="Pup Folder/TheGrinch/TILT/TILT.mp4" size="8451555" crc="62845f61" md5="4d5f3136c16205c32d2b9dd7e851f1ec" sha1="1336c16241d38d60a1b72943abd9f29bec73a623" />
		<rom name="Pup Folder/TheGrinch/TOP LEFT/TOP LEFT.mp4" size="4967419" crc="a7e07a44" md5="e5e323af8bc6a976932292a0310644b1" sha1="ee60ddd12fb74dee45d20203c00694b0db03b235" />
		<rom name="Pup Folder/TheGrinch/TOP RIGHT/TOP RIGHT.mp4" size="4333793" crc="2c1be8de" md5="5894f865c09d3db17751b5d06fe0a354" sha1="6d0a63ebc1e9c0f0b5250bc842314f37ad0ac914" />
		<rom name="Pup Folder/TheGrinch/UNDER HASH/UNDER HASH.mp4" size="3838925" crc="06910e99" md5="2be74fbd236c1879f01d3e50c5e82587" sha1="395ec25d2800b0facb791e63769e8b07ecb5657f" />
		<rom name="Pup Folder/TheGrinch/WHO HASH/WHO HASH.mp4" size="4655348" crc="2a941a95" md5="b461d61efe7ede41fc8f68f24af90470" sha1="1244e4cb6128022051d1d285dcdb672b2f7c65f8" />
		<rom name="Table/The Grinch (Original 2022) pinballfan2018.vpx" size="31215616" crc="1a7b58ac" md5="77360aa54908ba174bd5fc52c5669cfc" sha1="a08df4e5c3434b017e5f866e41d794b41ea74234" />
	</machine>
	<machine name="Harley Quinn (2017)(HauntFreaks)(1.0.0)[VPX07][MOD Music v1.0.0 larouillas]">
		<description>Harley Quinn (2017)(HauntFreaks)(1.0.0)[VPX07][MOD Music v1.0.0 larouillas]</description>
		<rom name="Harley Quinn Mod Music.directb2s" size="5524345" crc="bda90e43" md5="c59a1d8d133320c3f7b125318efab0f7" sha1="9332835773aec38dc775249739bbe6c4ff4705fb" />
		<rom name="Harley Quinn Mod Music.png" size="1258687" crc="973f54ca" md5="9baaac373f1f2e395168820f59e35aef" sha1="7e230c20a040c7536dcf8d597ea167d5d2f79982" />
		<rom name="Harley Quinn Mod Music.vpx" size="205967360" crc="c0292910" md5="bb344faeaa42e39c6c11e0d7d3710527" sha1="f0d505ae82e9b48cb156a08facb49785196a5096" />
	</machine>
	<machine name="Infectious Grooves (2021)(balutito)(1.2)[VPX07][MOD Music v1.0.0 larouillas]">
		<description>Infectious Grooves (2021)(balutito)(1.2)[VPX07][MOD Music v1.0.0 larouillas]</description>
		<rom name="Infectious Grooves Music.directb2s" size="6869819" crc="2974352f" md5="b00498d6372be451ba1e217c4f2ceefa" sha1="02e2b8b42490c56f41607d75ba14e6969fb1ef60" />
		<rom name="Infectious Grooves Music.png" size="1239583" crc="c43cbf0c" md5="ec176dc5b88183fddf725fba104ffcc1" sha1="385d11e80177d6e43a71176c901868ddcc41d7f5" />
		<rom name="Infectious Grooves Music.vpx" size="308342784" crc="d7b2b3e9" md5="9b17088cd5543c558f23d81da0456fee" sha1="b99a62e4131c961ee6d4be21cb41b1f83fb93fc8" />
	</machine>
	<machine name="John Carpenter's The Thing (2019)(Ivantba)(1.0)[VPX07][MOD Reskin v1.0 Balutito]">
		<description>John Carpenter's The Thing (2019)(Ivantba)(1.0)[VPX07][MOD Reskin v1.0 Balutito]</description>
		<rom name="Medias Pack The Thing/Backglass video.mp4" size="1018069" crc="8f360415" md5="4920ac5c9c62512753a5202fcc3ff7f1" sha1="e0b54568328b606916608d8a563a6622bb229e29" />
		<rom name="Medias Pack The Thing/Table video.mp4" size="5499074" crc="ec73d386" md5="bd3f4f773a0066fb54a0e300b17b29eb" sha1="6894039b82bf8d88c2f92ed240bed232e3792870" />
		<rom name="Medias Pack The Thing/Wheel.png" size="310946" crc="0d48ad2d" md5="ed68a2ed2433fd8ad866eb8c58dc1e1d" sha1="a7c91e36234516061ea271407b89da7cee70908b" />
		<rom name="Medias Pack The Thing/Launch Audio/The Thing (TBA 2019).mp3" size="92743" crc="1e92fdac" md5="8c4cf1d388ec19f4337e98ac33c7177f" sha1="06bb36cfe296f984824670360b2c293b548eab6a" />
		<rom name="Medias Pack The Thing/Music/The Thing metal music.mp3" size="17184768" crc="36b8062a" md5="ada916a875accfee7a8e5a0c222e2bd7" sha1="66efc332371a52071d7bf74e26f3b3f400e5ffa4" />
		<rom name="Medias Pack The Thing/Music/The Thing ost music.mp3" size="25779456" crc="707b55ad" md5="753ae2ae0cdc9d531c700f2506e9874a" sha1="233200965dd11d1151073827fbfe697827091068" />
		<rom name="Medias Pack The Thing/Table Audio/The Thing (TBA 2019).mp3" size="6221784" crc="247722a9" md5="346ea763e47e9e91d7375271ee28a65a" sha1="0ccd254e5dcd505c60948a92e0b264c798e30f01" />
		<rom name="The Thing Balutito MOD.directb2s" size="23354017" crc="5b7b288b" md5="da3bc6faf0ff2c24c28f8f461343a168" sha1="6d625153b8eacbd0392358665e7fc5cd7d2df582" />
		<rom name="The Thing Balutito MOD.vpx" size="22708224" crc="4cb2aaca" md5="dc3f70e1eb52081dbe6ba7d702b935b9" sha1="ea7af80abbdc683fb4c731a662834e4743b04e99" />
	</machine>
	<machine name="JP's Pokemon Pinball (JPSalas)(2.1.0)[VPX07][MOD Gfx v1.0.0 Fraesh]">
		<description>JP's Pokemon Pinball (JPSalas)(2.1.0)[VPX07][MOD Gfx v1.0.0 Fraesh]</description>
		<rom name="Pokemon.vpx" size="126758912" crc="18245465" md5="0bdd0a8ece66433545e2955b0ec9a7bf" sha1="32fc76ebd47ff67c7e2bfc2afb0262b0e1b833f9" />
	</machine>
	<machine name="Last Starfighter, The (2023)(Xenonph, HiRez00)(1.01)[VPX07][MOD Hybrid DT, FS, FSS, VR v1.04 Rascal]">
		<description>Last Starfighter, The (2023)(Xenonph, HiRez00)(1.01)[VPX07][MOD Hybrid DT, FS, FSS, VR v1.04 Rascal]</description>
		<rom name="Last Starfighter, The (Taito, 1983) hybrid v1.04.vpx" size="138272768" crc="397ff161" md5="bdbb6700012be8d605505c15d436de1c" sha1="32ed9f89ed873f91de9a801daf4191d59231f3f5" />
	</machine>
	<machine name="Louis de Funes Tribute Fantomas Edition (2022)(Iceman)(1.0)[VPX07][French v1.0.0 VLive]">
		<description>Louis de Funes Tribute Fantomas Edition (2022)(Iceman)(1.0)[VPX07][French v1.0.0 VLive]</description>
		<rom name="Media Wheel/Louis de Funes Tribute Fantomas Edition (Iceman 2022) (Backglass).png" size="1528790" crc="64e90000" md5="d1ef68e5e3c5e7854d29c0aebea1e01c" sha1="c6b75df1ff65c669c515b93d479796674046403b" />
		<rom name="Media Wheel/Louis de Funes Tribute Fantomas Edition (Iceman 2022) (Playfield).png" size="4061137" crc="00c3bdaa" md5="9fa93e3e7150415f98c977cec0b3d4b3" sha1="33759708e69f440e51d3409fdcea9ed73d3f8d24" />
		<rom name="Media Wheel/Louis de Funes Tribute Fantomas Edition (Iceman 2022) (Wheel 01).png" size="347883" crc="a3d773f0" md5="9df50300def9c449b2e961f73e9de630" sha1="b4905978c1e86f14469bff6128fb462c18a373ce" />
		<rom name="Media Wheel/Louis de Funes Tribute Fantomas Edition (Iceman 2022) (Wheel 02).png" size="350434" crc="a90c22a9" md5="a1d7cfd602b74f3cae2b6cfaeb46068c" sha1="0ac0f67385ecd296791761a9ff3da715418254ac" />
		<rom name="Fantomas - Louis de Funes - French Edition 2023 (Icepinball, VLive).directb2s" size="3288627" crc="447cd9f9" md5="0a72e351681b282ecc3194065a6436b4" sha1="7832f423c93674bf2648869d08f3d074432c306c" />
		<rom name="Fantomas - Louis de Funes - French Edition 2023 (Icepinball, VLive).vpx" size="72216576" crc="69c16985" md5="1dc3cfacce0c0027dd39e5d9c8bc2d18" sha1="8dcc8474c5555ad85d687d22bd775cc330807f15" />
	</machine>
	<machine name="Mask (2023)(Balutito)(1.0.0)[VPX07][MOD Music v1.0 nagaidevil]">
		<description>Mask (2023)(Balutito)(1.0.0)[VPX07][MOD Music v1.0 nagaidevil]</description>
		<rom name="MASK/mask1.ogg" size="601009" crc="74dbcd83" md5="ffba3e62a605045b68e0c611c2ba0d31" sha1="a17faa0c0f28f043ac004db2f94c8b652af43f65" />
		<rom name="MASK/mask2.ogg" size="570337" crc="59215c4f" md5="0c7c3e3e4888f985d566be9c87793727" sha1="a9924d0c909201fed6816584663f27d3c3393379" />
		<rom name="MASK/mask3.ogg" size="348995" crc="94de39c8" md5="3f2dd9614218dd930ddcd094abd20840" sha1="2db3d704ed60901f0961ea89ec2dca69f47003dc" />
		<rom name="MASK/mask4.ogg" size="603159" crc="e9d846ec" md5="7d8f944c4503cbd5ac2bd7aa44cfba4e" sha1="102841ee9d0333208a9a5aaf9baee0666e2f404c" />
		<rom name="MASK/mask5.ogg" size="617020" crc="2a647d6c" md5="225804a56bcc50f7da3c61bdf0b7dffc" sha1="1a57679bfe952995ef7c3feb65a7631b8be4a548" />
		<rom name="MASK/mask6.ogg" size="588957" crc="2ab46d56" md5="c6e477c2c55a7820c325b33a874d5e19" sha1="3f5a98e1dd080234b9d1d4e163b705527f7aaf36" />
		<rom name="MASK/mask7.ogg" size="515845" crc="8efeae62" md5="9aa3e449cd544dc8ab72be97b1da342c" sha1="2a18cb6e9da8aa0d77d33ea66caebbce7c694aaa" />
		<rom name="MASK/mask8.ogg" size="508617" crc="6c9396e0" md5="a992ceec434f488b894d69a83bd6929a" sha1="df446851baa7f3c8933cc12480f7f2f499b1755c" />
		<rom name="MASK/mask9.ogg" size="630870" crc="5d18c445" md5="955c94baf7776a3e1b4ff63bfff7b680" sha1="e26f71f9a77288ab53fc40391c5d5291627858ed" />
		<rom name="MASK/mask10.ogg" size="492398" crc="534f7751" md5="51309bd90fb7520d7e160997e8bcd187" sha1="31b0cc9bacd8ed3dd2e1562f581b0eff639eb009" />
		<rom name="MASK/mask11.ogg" size="516114" crc="46b8a62e" md5="70a71de9f83b463a478614d75d940112" sha1="4efd6fdd19abd50742d0ddf3a4740f25bd6af313" />
		<rom name="MASK/mask12.ogg" size="679077" crc="f9634766" md5="23a50e1efc8be3bef41fea943f016b81" sha1="64f89d091966ad96b2cc72d7b159aae7c3b84a24" />
		<rom name="MASK/mask13.ogg" size="488816" crc="ffe98c26" md5="c5330d85ff1a79f6f34612add0b09a01" sha1="1dda38cf260d4edfd1fcf312135f0b7bdaeda995" />
		<rom name="MASK/mask14.ogg" size="540536" crc="b6843a22" md5="178ba10143eee1b70d3509f7a03aecfa" sha1="8a6a2ea1fecb8b29f9a7bfa85915a1c43ae46cf5" />
		<rom name="MASK/mask15.ogg" size="650241" crc="def7e0b5" md5="9f3ba7339e9ced727f8ef4a64ef41f67" sha1="b02830c19812910ba2b86cf2f2de2dbfdad5de40" />
		<rom name="MASK/mask16.ogg" size="579873" crc="dd9e074f" md5="f4a23f05b1e9cf1906ab707e3a783d40" sha1="10b682247cd7d3188f5bb8732d2099e71597e5ab" />
		<rom name="MASK/mask17.ogg" size="603880" crc="64614e64" md5="896ea65eb230f69829a988adde890e2b" sha1="812d84cce4166c7b6a4178837840c2b96d14e993" />
		<rom name="MASK/mask18.ogg" size="507281" crc="c49955f7" md5="bb9fb24bc11f0a9b09ff110a2165d49c" sha1="99e3efac61bd6989446fd624ae3d3c009ea777e4" />
		<rom name="MASK/mask19.ogg" size="503819" crc="0fb017d8" md5="6f6acb80a8f37738e3313b1e10883353" sha1="3ec17826c8cf998a3e54bad28b0cf5f853d1b315" />
		<rom name="MASK/mask20.ogg" size="480697" crc="f67d9560" md5="991a74010b83ef3082a4efaf25ec0fac" sha1="a8a051742b68b935bd6b1a6673b3fea3c0fe497d" />
		<rom name="MASK/mask21.ogg" size="473430" crc="316f0408" md5="5ed7ab849a1f477d7b44a2c01ae6baeb" sha1="8345adb9078fb5ff7351183262800fca088a2916" />
		<rom name="MASK/mask24.ogg" size="697762" crc="4b4530b4" md5="92b7f6372f95cc10027ba9a60f09cb43" sha1="c2590b471cd6d025a20bd5a133b99490e140d37b" />
		<rom name="MASK/mask26.ogg" size="603887" crc="6e1865b8" md5="ac8c89eb154152376a5825bd5bb24a65" sha1="5392f8fa6a809060b5bcca5d92327824302723cf" />
		<rom name="MASK/mask_intro1.ogg" size="1451391" crc="03f876bd" md5="e7ba53ec49851fc5c3d6d66d154a44ff" sha1="d6f4f65a02f918d037528b1655f0d31033a45a3b" />
		<rom name="Full DMD Read Me.txt" size="988" crc="ddb0dadf" md5="14a26594b8044fb4857c2a17b9a4bffa" sha1="5494aeba7518d3a431be2e5fec8c9346f4b839f3" />
		<rom name="MASK 2scr.directb2s" size="47289543" crc="cbe0a874" md5="3d4aaee6ea451786d9cd75da4765a2e6" sha1="185e7a8ede977528a2e618cc01dc00f87e9bfd1c" />
		<rom name="MASK 3scr with external DMD.directb2s" size="11243806" crc="25fa99e1" md5="d10e0cf58dfca160f044e1e8a3bcaf19" sha1="701af2649d86b1faf7c76a89678cbba3f76facb0" />
		<rom name="MASK 3scr wtih fulldmd scoring.directb2s" size="12483328" crc="28783a02" md5="77d3df9bd9321bac6f62e5cf97f639dd" sha1="c41364d010718f36fd80739018cbba5402570fb2" />
		<rom name="MASK MusicMOD wheel.png" size="266144" crc="a29b55ab" md5="d521025c9a444f8b336588ab26ef4a78" sha1="d7d82a0cd20aa9effed3f430403eab77597d63a1" />
		<rom name="MASK MusicMOD.vpx" size="102805504" crc="1961263d" md5="527795a73df7d87105e72c470bf84ff5" sha1="be4d1e52f1d33ee5dad3a14ced42ee5f4cb18752" />
		<rom name="readme.txt" size="3080" crc="233a3b80" md5="d2140a39f74d3c162ca15a9750045b51" sha1="08dac07fabe790f4cd3fb45d5587c696f51dd4b9" />
	</machine>
	<machine name="Minions Pinball (Javier1515)(1.0)[VPX07][DT-FS][Minions 3.0 Mod SLW]">
		<description>Minions Pinball (Javier1515)(1.0)[VPX07][DT-FS][Minions 3.0 Mod SLW]</description>
		<rom name="Minions_SLW_3.0/Minions.UltraDMD/AB1.gif" size="46061" crc="998254f2" md5="c60211c878a0fac4d3b188627eb6f675" sha1="81164d80fd501a04d72970d2b9bdf5db8a803c42" />
		<rom name="Minions_SLW_3.0/Minions.UltraDMD/blank.png" size="213" crc="c1250fc8" md5="42a596f99568ed6bb75d11329fde8d0a" sha1="c04f942d6659016eea33e2ccb3b9b4af560c80c6" />
		<rom name="Minions_SLW_3.0/Minions.UltraDMD/DMD1.bmp" size="12342" crc="524ef662" md5="ae383c7387352ad9a25b965c362c5f23" sha1="686b07a36a64ee326f4d5940ae1ae9ed8a04dfa4" />
		<rom name="Minions_SLW_3.0/Minions.UltraDMD/DMD1.png" size="4827" crc="e360efe2" md5="1e05853d936b1fddb5e6966a0b7a8998" sha1="f3212e8aab3d6a27297ad5ca031d40130592ad7d" />
		<rom name="Minions_SLW_3.0/Minions.UltraDMD/DMD2.png" size="3124" crc="09440980" md5="b57778f273acc56a37d56b3738e0b7c2" sha1="cc0b10da49c814478d3cc5e00e1ca9b673547f48" />
		<rom name="Minions_SLW_3.0/Minions.UltraDMD/transparent.png" size="194" crc="e4219d1b" md5="7232c21d0fdc9f6580853e9d88d5d0a6" sha1="d127fb37b907d35c91964fc690380e89550b7b87" />
		<rom name="Minions_SLW_3.0/Music/bgout_MinionsDUNGEON.mp3" size="516597" crc="b80bc03a" md5="dfb9f932d9654877be9afd0778d683f9" sha1="9b0515520ab7a8a41ac9a2f809f99d473635ca0e" />
		<rom name="Minions_SLW_3.0/Music/bgout_MinionsGRU.mp3" size="746057" crc="8b4ad737" md5="265ffc90e4a294f59b3a449bcd69cc45" sha1="3a94face4706c343b8b1c7d498c6bfec45506ea1" />
		<rom name="Minions_SLW_3.0/Music/bgout_MinionsLONDON.mp3" size="851382" crc="62e2093f" md5="8966deb60f3662064ed9519ecf758f88" sha1="318707850ad66c8bb96e0174da1f1543e2a6048f" />
		<rom name="Minions_SLW_3.0/Music/bgout_MinionsMISSION.mp3" size="1932643" crc="7cc509c1" md5="1f8575d8996a9dc45a42aaeb42a49280" sha1="ab792b89e0c4e7fd67a2f9ab9417ea5b63922125" />
		<rom name="Minions_SLW_3.0/Music/bgout_MinionsORLANDO.mp3" size="652016" crc="84a3e746" md5="25926a4b268c4adb32a50c0e4e2bf711" sha1="f672ac63e5965ba943115a238df5e43061feb6f7" />
		<rom name="Minions_SLW_3.0/Music/bgout_MinionsReallygotme.mp3" size="2029609" crc="734540b8" md5="8e6659b8b395c16d41fed0c969b70be5" sha1="aa094f5eb2ec07cc8b3591247771d754cb764898" />
		<rom name="Minions_SLW_3.0/Music/bgout_MinionsUniversalFanfare.mp3" size="531226" crc="c40a69fe" md5="7573da044b826591f51fa12a0b279dea" sha1="a2bc0b17dae664662a5afa889c77ebb8ad5ad5cc" />
		<rom name="Minions_SLW_3.0/Music/bgout_MinionsUSA.mp3" size="663301" crc="6a09ba22" md5="123eeda814428e56db32efabddbe318a" sha1="cf7c1abbca5a8618a2d2e03b985e48df4584f1ac" />
		<rom name="Minions_SLW_3.0/Music/bgout_MinionsVNC.mp3" size="756924" crc="8317ff11" md5="d6b5e964b47f0389111742218da1b080" sha1="b220e1500ef744b8b4f9ab1533fccd47f2e79f26" />
		<rom name="Minions_SLW_3.0/Music/bgout_MinionsWIZARD.mp3" size="520777" crc="c336d171" md5="7562eeacca89d62a9174f676ad124dd2" sha1="4b1de7854d6d101f88feaae00f929996d0ce75d1" />
		<rom name="Minions_SLW_3.0/Minions (SLW 2022).directb2s" size="25840314" crc="ea35214d" md5="a0ef02e3129eeb0f560f9283d818e1bc" sha1="45daedd5cd06e7ee5bb05496ef5b2c113459e714" />
		<rom name="Minions_SLW_3.0/Minions (SLW 2022).vpx" size="67813376" crc="4a2741a8" md5="e3e2e3417c808c43280e82a4ae8be1fd" sha1="0f4c40bbf182b2b8ac7ffa5e9d070b76accd91f2" />
	</machine>
	<machine name="Minions Pinball (Javier1515)(1.0)[VPX07][DT-FS][Minions 3.0 Mod SLW][Minions 3.1 MOD NitroNimbus]">
		<description>Minions Pinball (Javier1515)(1.0)[VPX07][DT-FS][Minions 3.0 Mod SLW][Minions 3.1 MOD NitroNimbus]</description>
		<rom name="Minions.UltraDMD/BALL LOST.gif" size="147056" crc="f5813c11" md5="aee61f5d33d292ba80760dfd64ab5345" sha1="7346aa714d5166c199cd44e75dddf5aa762562a0" />
		<rom name="Minions.UltraDMD/BALL SAVED.gif" size="129024" crc="dfda19ab" md5="da6a09b30f09b548bbcb7898fbefd2d6" sha1="2982e8480bb97677a1fceabaf8cbe46b27ed438a" />
		<rom name="Minions.UltraDMD/BONUS.gif" size="151175" crc="c651a6f8" md5="3cff5972011cd09cf61700d38c0fcad1" sha1="0ec234225ea244a6b29aacf0e2c6eb62e7047776" />
		<rom name="Minions.UltraDMD/DMD1.png" size="4827" crc="e360efe2" md5="1e05853d936b1fddb5e6966a0b7a8998" sha1="f3212e8aab3d6a27297ad5ca031d40130592ad7d" />
		<rom name="Minions.UltraDMD/DMD.gif" size="710409" crc="bf9716a8" md5="c94ba2eaf7651906a103b1f3f32b78b6" sha1="2837cb251dd49d29be234673e74adff28d859990" />
		<rom name="Minions.UltraDMD/FREE.gif" size="112832" crc="864ba863" md5="2ae7e5f82bfb93dff2ceac3bc8c093bf" sha1="b47d4c8cde6a3a4c9c8e17a6a6a5b38996206000" />
		<rom name="Minions.UltraDMD/GAME OVER.gif" size="729441" crc="4fe81cf1" md5="45bde57cea8fc7de626b294b2ce5e87a" sha1="79848ebc5d25bb32b2eacd3140512769cefe57f8" />
		<rom name="Minions.UltraDMD/GLASS.gif" size="358237" crc="3750c59a" md5="0211f388bed1c89f987e9fbb11cab703" sha1="35de3a5d730d96f3d6d9f0757f4d69e776430cf7" />
		<rom name="Minions.UltraDMD/HIGH SCORES.gif" size="85396" crc="d200a60e" md5="ddf5726bf54dd340d60e20a5c0a95238" sha1="bc4bf713104849023b1d722cfb05562e07643692" />
		<rom name="Minions.UltraDMD/HS.png" size="10265" crc="5b5112e7" md5="f92d118fa0a330263c69e11b352dce5f" sha1="76454fe38c08761c2f9eb30d70aff131a587e87f" />
		<rom name="Minions.UltraDMD/INSERT COINS.gif" size="163617" crc="3e0889e0" md5="8b6733769ad4c86bf00f32d4125cd5f5" sha1="78d79bb212c75df5576f633073bda30b79cf8964" />
		<rom name="Minions.UltraDMD/KING BOB.gif" size="408389" crc="7c89ed7c" md5="28cb500f846ddb5e41808dc590eab002" sha1="7501a574bfd9d9c1e142e5346da5a80f5b145dd0" />
		<rom name="Minions.UltraDMD/MANHOLE.gif" size="133979" crc="48de62f9" md5="5518935ad23fc3f3074af092ee71b8cc" sha1="06ab475fa39d30e99a76435d400a2e8aedd4981a" />
		<rom name="Minions.UltraDMD/MATCH.gif" size="318782" crc="cb7300e3" md5="5383e71a46d4d7dc409a32b3f3cadc05" sha1="4948a4a1a0165ac3e6209c592d71997480b01574" />
		<rom name="Minions.UltraDMD/MHIT.gif" size="29638" crc="6adc40bd" md5="afe1684b7985b4f496c332308dc1c101" sha1="2d7b1a13e2f131aa77a43a47b2cc6d15f950cb13" />
		<rom name="Minions.UltraDMD/MINIONS.gif" size="102784" crc="1a20e0b5" md5="774f4dfd8720e38ca8fc4d0dae4d1a27" sha1="6ad032bd4207e8f2b90a9ae87bd63c36fae6de3b" />
		<rom name="Minions.UltraDMD/NO MATCH.gif" size="61034" crc="46e23933" md5="0f116fb519a402f8de2fc79ad4bd8208" sha1="6dbc557ae4eef27326b87f561a6a3cc70c3dd054" />
		<rom name="Minions.UltraDMD/PRESENTS.gif" size="203267" crc="4f389067" md5="d2c1bb766f1606fb6231d7e0f998a570" sha1="c6526e04678bb48ac65fe5123e97e00ad21a3212" />
		<rom name="Minions.UltraDMD/PURPLE.gif" size="104957" crc="7c1d68bc" md5="5c5b4cac12475ddf893028cd9914c992" sha1="9f6ad4da53492c34e3ad3d64867550deae408616" />
		<rom name="Minions.UltraDMD/PUSH START.gif" size="426033" crc="0f305df9" md5="c313b0dd24606a261a8537e5fac64cfb" sha1="e00c727486ab3a8090952dec1c96ec73bc372c58" />
		<rom name="Minions.UltraDMD/SHOOTM.gif" size="77904" crc="73d89a59" md5="3449a5c5d7fa4ebb4918638719688188" sha1="b9b89a4d0388ac250d3848ebf7adcf74ae400325" />
		<rom name="Minions.UltraDMD/TILT.gif" size="70966" crc="b3aac5b0" md5="84e825a91df39113365b6d7bba558b09" sha1="c836f98fac30b4009157f7a9403e0e00c3865f5c" />
		<rom name="Music/bgout_MinionsDUNGEON.mp3" size="516597" crc="b80bc03a" md5="dfb9f932d9654877be9afd0778d683f9" sha1="9b0515520ab7a8a41ac9a2f809f99d473635ca0e" />
		<rom name="Music/bgout_MinionsGRU.mp3" size="746057" crc="8b4ad737" md5="265ffc90e4a294f59b3a449bcd69cc45" sha1="3a94face4706c343b8b1c7d498c6bfec45506ea1" />
		<rom name="Music/bgout_MinionsLONDON.mp3" size="851382" crc="62e2093f" md5="8966deb60f3662064ed9519ecf758f88" sha1="318707850ad66c8bb96e0174da1f1543e2a6048f" />
		<rom name="Music/bgout_MinionsMISSION.mp3" size="1932643" crc="7cc509c1" md5="1f8575d8996a9dc45a42aaeb42a49280" sha1="ab792b89e0c4e7fd67a2f9ab9417ea5b63922125" />
		<rom name="Music/bgout_MinionsORLANDO.mp3" size="652016" crc="84a3e746" md5="25926a4b268c4adb32a50c0e4e2bf711" sha1="f672ac63e5965ba943115a238df5e43061feb6f7" />
		<rom name="Music/bgout_MinionsReallygotme.mp3" size="2029609" crc="734540b8" md5="8e6659b8b395c16d41fed0c969b70be5" sha1="aa094f5eb2ec07cc8b3591247771d754cb764898" />
		<rom name="Music/bgout_MinionsUniversalFanfare.mp3" size="531226" crc="c40a69fe" md5="7573da044b826591f51fa12a0b279dea" sha1="a2bc0b17dae664662a5afa889c77ebb8ad5ad5cc" />
		<rom name="Music/bgout_MinionsUSA.mp3" size="663301" crc="6a09ba22" md5="123eeda814428e56db32efabddbe318a" sha1="cf7c1abbca5a8618a2d2e03b985e48df4584f1ac" />
		<rom name="Music/bgout_MinionsVNC.mp3" size="756924" crc="8317ff11" md5="d6b5e964b47f0389111742218da1b080" sha1="b220e1500ef744b8b4f9ab1533fccd47f2e79f26" />
		<rom name="Music/bgout_MinionsWIZARD.mp3" size="520777" crc="c336d171" md5="7562eeacca89d62a9174f676ad124dd2" sha1="4b1de7854d6d101f88feaae00f929996d0ce75d1" />
		<rom name="MinionsNP.directb2s" size="25840314" crc="ea35214d" md5="a0ef02e3129eeb0f560f9283d818e1bc" sha1="45daedd5cd06e7ee5bb05496ef5b2c113459e714" />
		<rom name="MinionsNP.vpx" size="94932992" crc="078f1cba" md5="4165cb50f06c86c4438fd7e96844a489" sha1="a23193403a6d4d8626d51abbcf4168828c1bd980" />
	</machine>
	<machine name="Mortal Kombat II (Javier)(1.04)[VPX07][MOD Gfx V1.0 Starlion]">
		<description>Mortal Kombat II (Javier)(1.04)[VPX07][MOD Gfx V1.0 Starlion]</description>
		<rom name="Media signé/Backglass Vidéo.mp4" size="73336226" crc="1b2344e1" md5="902a3bacd666b2870100c775d99ea80b" sha1="2e9c7300dcf9fcb2ca8cd5d27dd2385a27b59272" />
		<rom name="Media signé/Loading Table.mp4" size="25485082" crc="52e9744e" md5="cf17e5746720f5d91127599407dd9bb0" sha1="ed0b3d980945cc42ac66aede3cf225250f9c96f9" />
		<rom name="Media signé/Mortal Kombat.png" size="2352690" crc="5d7a0288" md5="10f1f8d2e05ee4581f87edcd9373d437" sha1="39c61a46c8ff2468234192db6f84ac06d7e05f5a" />
		<rom name="Media signé/Topper or DmD.mp4" size="42044806" crc="577a9cb6" md5="c51f5b06f0b5b54f467ae9e97708cbe8" sha1="b41f56d994aa761ccefecf2303a7797e50598a4c" />
		<rom name="Table +B2S/MortalKombat_VPX_1.04_DOF.directb2s" size="11799281" crc="eec07467" md5="24241a564c58529bee431d3a6ebd3a6e" sha1="8e39df155867d85440708894c03f00438f57738b" />
		<rom name="Table +B2S/MortalKombat_VPX_1.04_DOF.vpx" size="159043584" crc="a937d938" md5="4635ca0eb42c3b27a6ebea73a33549c3" sha1="c2aa3369395f790d930b92627fa11c72ab804f41" />
	</machine>
	<machine name="Mystery Science Theater 3000 Pinball Peril (2021)(wpilot)(1.01)[VPX07][Sound Mod v1.0.2 Pancake, Mark Paulik]">
		<description>Mystery Science Theater 3000 Pinball Peril (2021)(wpilot)(1.01)[VPX07][Sound Mod v1.0.2 Pancake, Mark Paulik]</description>
		<rom name="MST3K Pinball Peril (2021)_v1.0.2_GaryInMotion_SoundMOD/MST3K Pinball Peril (2021)_apronDMD_v1.0.2_GaryInMotion_SoundMOD.vpx" size="41648128" crc="d706481e" md5="001862e7b2fa963bc8b6013ef6fcbc77" sha1="8e5a280912743776ba09975773f336cf54fcf45c" />
		<rom name="MST3K Pinball Peril (2021)_v1.0.2_GaryInMotion_SoundMOD/MST3K Pinball Peril (2021)_v1.0.2_GaryInMotion_SoundMOD.vpx" size="41648128" crc="d7c81ff2" md5="ea54bcedbe37d26337b6117796755e45" sha1="2781f822c9327183866cb6627a8ad572e666eaee" />
		<rom name="MST3K Pinball Peril (2021)_v1.0.2_GaryInMotion_SoundMOD/MediaPack_GaryInMotion/Put into Music folder/MST3K_01.mp3" size="1663520" crc="8b8177c0" md5="8239cd59528bbd7092b10574bf2babf9" sha1="e843bbd54588ea6114face925fecc72d39184136" />
		<rom name="MST3K Pinball Peril (2021)_v1.0.2_GaryInMotion_SoundMOD/MediaPack_GaryInMotion/Put into Music folder/MST3K_02.mp3" size="271472" crc="002a812b" md5="37dd4d45714bb591126916ca3cd1310a" sha1="ab5df1da404c389da91cad7e7f633569bff517d8" />
		<rom name="MST3K Pinball Peril (2021)_v1.0.2_GaryInMotion_SoundMOD/MediaPack_GaryInMotion/Put into Music folder/MST3K_03.mp3" size="1663520" crc="8b8177c0" md5="8239cd59528bbd7092b10574bf2babf9" sha1="e843bbd54588ea6114face925fecc72d39184136" />
		<rom name="MST3K Pinball Peril (2021)_v1.0.2_GaryInMotion_SoundMOD/MediaPack_GaryInMotion/Put into Music folder/MST3K_04.mp3" size="923936" crc="7cd410e1" md5="8aa99981225dd3393bcdadd3d77ef8a8" sha1="b70d5ce1973d4141ad62a487cccafba3a1a2ce17" />
		<rom name="MST3K Pinball Peril (2021)_v1.0.2_GaryInMotion_SoundMOD/MediaPack_GaryInMotion/Put into Music folder/MST3K_05.mp3" size="155588" crc="4b13735a" md5="aa31b6dcd086abcd5eb5471b4f47e5d5" sha1="fc678c92f207e43c332e8fd8b6284177afa3005a" />
		<rom name="MST3K Pinball Peril (2021)_v1.0.2_GaryInMotion_SoundMOD/MediaPack_GaryInMotion/Put into Music folder/MST3K_06.mp3" size="76244" crc="ac0876d0" md5="3f01a7cbc509fa1be082f8fcedee22b9" sha1="62c821e57318baf284096fc4823c034744b9c9ae" />
		<rom name="MST3K Pinball Peril (2021)_v1.0.2_GaryInMotion_SoundMOD/MediaPack_GaryInMotion/Put into Music folder/MST3K_07.mp3" size="73965" crc="e3960dff" md5="61626f9c60cccdfa89950bada217bbcb" sha1="989fcf392f5743cf83f533d6c83c9538049b6b86" />
		<rom name="MST3K Pinball Peril (2021)_v1.0.2_GaryInMotion_SoundMOD/MediaPack_GaryInMotion/Put into Music folder/MST3K_08.mp3" size="130642" crc="f6f9b021" md5="7665eeea9ec3de52564c119023e65439" sha1="c89c44055fcbe71231923c94a0b46d050633ff20" />
		<rom name="MST3K Pinball Peril (2021)_v1.0.2_GaryInMotion_SoundMOD/MediaPack_GaryInMotion/Put into Music folder/MST3K_09.mp3" size="1663520" crc="8b8177c0" md5="8239cd59528bbd7092b10574bf2babf9" sha1="e843bbd54588ea6114face925fecc72d39184136" />
		<rom name="MST3K Pinball Peril (2021)_v1.0.2_GaryInMotion_SoundMOD/MediaPack_GaryInMotion/Put into Music folder/MST3K_10.mp3" size="469832" crc="c080a3cf" md5="d568495411161209bc25990a696bba44" sha1="7dc98a42345c8c0beeefa2564dc5f2b636f5011d" />
		<rom name="MST3K Pinball Peril (2021)_v1.0.2_GaryInMotion_SoundMOD/MediaPack_GaryInMotion/Put into Music folder/MST3K_11.mp3" size="223520" crc="6381e12a" md5="cc4a39c6be13bd1e59e8f6e2ac938f65" sha1="c6be69d54796a69b4705d01b4c9b89908628b088" />
		<rom name="MST3K Pinball Peril (2021)_v1.0.2_GaryInMotion_SoundMOD/MediaPack_GaryInMotion/Put into Music folder/MST3K_12.mp3" size="99212" crc="e93edf8c" md5="66ea3cc97fbfa372698444180ade955b" sha1="c5c6a8383c3f9ab939ebac94c3708605128bceac" />
		<rom name="MST3K Pinball Peril (2021)_v1.0.2_GaryInMotion_SoundMOD/MediaPack_GaryInMotion/Put into Music folder/MST3K_13.mp3" size="984992" crc="5a30f0fd" md5="88a25f98dfed8dbd3dfb72966818fe48" sha1="fa552662f612ee73217d9bf070eadcd47f10f108" />
		<rom name="MST3K Pinball Peril (2021)_v1.0.2_GaryInMotion_SoundMOD/MediaPack_GaryInMotion/Put into Music folder/MST3K_14.mp3" size="531680" crc="d0687ff9" md5="435cc57ad1beafeacf97f1b45d8bd607" sha1="d68a9c35ed9bfa271be5f686288b9376dfcb6f08" />
		<rom name="MST3K Pinball Peril (2021)_v1.0.2_GaryInMotion_SoundMOD/MediaPack_GaryInMotion/Put into Music folder/MST3K_15.mp3" size="230432" crc="efd1df9c" md5="e5360e1b4a2e1d5291b9139975d543bc" sha1="9702d5d8a935383ecd20650121dbfd35ffe21c38" />
		<rom name="MST3K Pinball Peril (2021)_v1.0.2_GaryInMotion_SoundMOD/MediaPack_GaryInMotion/Put into Music folder/MST3K_16.mp3" size="171248" crc="0914ff0c" md5="c2672ec2c21b74282c7c8d20ca60546b" sha1="3a7192742bb1ae3fb34561a26049b9fcc48d3de2" />
		<rom name="MST3K Pinball Peril (2021)_v1.0.2_GaryInMotion_SoundMOD/MediaPack_GaryInMotion/Put into Music folder/MST3K_17.mp3" size="1321376" crc="5ea78fc3" md5="c7f4a877b22bda6701e471654774fa19" sha1="64c6ba9c4b1a8dc544ea78fa6f9c06d0710df033" />
		<rom name="MST3K Pinball Peril (2021)_v1.0.2_GaryInMotion_SoundMOD/MediaPack_GaryInMotion/Put into Music folder/MST3K_18.mp3" size="101792" crc="753beb0c" md5="dad2f4ab5e2977e97c494a6a904290a8" sha1="b506b35ca54a1dfca3dbc544651f97865bd84602" />
		<rom name="MST3K Pinball Peril (2021)_v1.0.2_GaryInMotion_SoundMOD/MediaPack_GaryInMotion/Put into Music folder/MST3K_19.mp3" size="221216" crc="25ab973f" md5="b2328dffc6e60e8e1b4bfd9172589892" sha1="2ecbf8984b88d0d9a09ed77ade9c63b6b1a47e93" />
		<rom name="MST3K Pinball Peril (2021)_v1.0.2_GaryInMotion_SoundMOD/MediaPack_GaryInMotion/Put into Music folder/MST3K_Theme.mp3" size="3793928" crc="38cb8bc7" md5="860d9e92448d9a135f9646a9dfdc5def" sha1="7deca4c072529c13ec4ebbcfa0a7865ce5f20be3" />
	</machine>
	<machine name="Mystery Science Theater 3000 Pinball Peril (2021)(wpilot)(1.01)[VPX07][Sound-Gfx MOD v2.0.0 Pancake, Mark Paulik]">
		<description>Mystery Science Theater 3000 Pinball Peril (2021)(wpilot)(1.01)[VPX07][Sound-Gfx MOD v2.0.0 Pancake, Mark Paulik]</description>
		<rom name="MST3K Pinball Peril (2021)_2.0/Music/MST3K/MST3K_01.mp3" size="1663520" crc="8b8177c0" md5="8239cd59528bbd7092b10574bf2babf9" sha1="e843bbd54588ea6114face925fecc72d39184136" />
		<rom name="MST3K Pinball Peril (2021)_2.0/Music/MST3K/MST3K_02.mp3" size="1663520" crc="8b8177c0" md5="8239cd59528bbd7092b10574bf2babf9" sha1="e843bbd54588ea6114face925fecc72d39184136" />
		<rom name="MST3K Pinball Peril (2021)_2.0/Music/MST3K/MST3K_03.mp3" size="1663520" crc="8b8177c0" md5="8239cd59528bbd7092b10574bf2babf9" sha1="e843bbd54588ea6114face925fecc72d39184136" />
		<rom name="MST3K Pinball Peril (2021)_2.0/PUPVideos/polar/playlists.pup" size="221" crc="5c225a76" md5="eb002445f4381743aa538c1fededf9c8" sha1="8bd20fd0176420b6ba0e18eafba8ac0b2150c827" />
		<rom name="MST3K Pinball Peril (2021)_2.0/PUPVideos/polar/screens.pup" size="521" crc="c17047ad" md5="645780b47b1bf5960d9970adf8c5d3de" sha1="3b3a0ad8c3ad004e8261d0e9463caa01769cfcd4" />
		<rom name="MST3K Pinball Peril (2021)_2.0/PUPVideos/polar/triggers.pup" size="404" crc="c01726c3" md5="6a37b56d4c9daf238106eb2f47f915a4" sha1="29fecc2f1989e5d0b29e63bc5b1a8c6841a3e777" />
		<rom name="MST3K Pinball Peril (2021)_2.0/PUPVideos/polar/action/BlastHardcheese.mp3" size="203829" crc="ef2c308a" md5="2af85bea62e82a77a4daf52278f6d66b" sha1="3fec20b0da240a27377548a176a77945379a2f38" />
		<rom name="MST3K Pinball Peril (2021)_2.0/PUPVideos/polar/action/ClearShot.mp3" size="84596" crc="9ad5fc8a" md5="4d00fab480cbb4727c50c8b6aed6b9de" sha1="8b9354f148873310016af7350f07d6c2aaff7b92" />
		<rom name="MST3K Pinball Peril (2021)_2.0/PUPVideos/polar/action/CrowAgain.mp3" size="83402" crc="429bba81" md5="fa3e185f124e46073595a0da979b7a95" sha1="ed47746267a0dc139f3fbd78c5095d0f3d1e7735" />
		<rom name="MST3K Pinball Peril (2021)_2.0/PUPVideos/polar/action/CrowDickweed.mp3" size="29264" crc="4ba36411" md5="b920d79cd663df99188d342663759c0f" sha1="11cc90a030c1d7ed0a34e54987c7a7383c749ddb" />
		<rom name="MST3K Pinball Peril (2021)_2.0/PUPVideos/polar/action/CrowHorrors.mp3" size="120986" crc="32114d5e" md5="137af65d006026350948397b7908b6e0" sha1="1a595d1f8fa1b9a0393acafaa1a6c04c74016c97" />
		<rom name="MST3K Pinball Peril (2021)_2.0/PUPVideos/polar/action/CrowIntro.mp3" size="271472" crc="002a812b" md5="37dd4d45714bb591126916ca3cd1310a" sha1="ab5df1da404c389da91cad7e7f633569bff517d8" />
		<rom name="MST3K Pinball Peril (2021)_2.0/PUPVideos/polar/action/CrowLotion.mp3" size="99212" crc="e93edf8c" md5="66ea3cc97fbfa372698444180ade955b" sha1="c5c6a8383c3f9ab939ebac94c3708605128bceac" />
		<rom name="MST3K Pinball Peril (2021)_2.0/PUPVideos/polar/action/CrowMayI.mp3" size="60434" crc="250033fd" md5="037c3773596923a014bde46b32ee1927" sha1="6c958ef50efb87239a8d92d91ccb4f1a28efd520" />
		<rom name="MST3K Pinball Peril (2021)_2.0/PUPVideos/polar/action/CrowScream.mp3" size="232844" crc="03212780" md5="028a70ad8f060e0204c703672ccc6104" sha1="e068d72d972a0b1a5337be9d20e2b92055bac4c9" />
		<rom name="MST3K Pinball Peril (2021)_2.0/PUPVideos/polar/action/CrowTension.mp3" size="119942" crc="b95b7226" md5="330c6db2df30b5f05604193cf55f5966" sha1="e7f850af44b8687c2f6f3ecc9c46194abbcca134" />
		<rom name="MST3K Pinball Peril (2021)_2.0/PUPVideos/polar/action/CrowVeryMuch.mp3" size="171248" crc="0914ff0c" md5="c2672ec2c21b74282c7c8d20ca60546b" sha1="3a7192742bb1ae3fb34561a26049b9fcc48d3de2" />
		<rom name="MST3K Pinball Peril (2021)_2.0/PUPVideos/polar/action/CrowWetPants.mp3" size="107564" crc="eb7ca39d" md5="ec879d6d31682fec2a2343318bf23c99" sha1="60645c993b5324f77f4dc8d00478d777c732ac13" />
		<rom name="MST3K Pinball Peril (2021)_2.0/PUPVideos/polar/action/DeepHurting.mp3" size="142016" crc="c94700ac" md5="2bf839419287d927d12ae1d01816a8f3" sha1="37668a5970bca9ed9142e54f6b74e266152e99f6" />
		<rom name="MST3K Pinball Peril (2021)_2.0/PUPVideos/polar/action/DiabolikTheme.mp3" size="188996" crc="e6700c81" md5="79a1b4fdc3e8dbc1970b308dc6b84834" sha1="d077b7b82f49eeee7681a533750ce9de302f3fb4" />
		<rom name="MST3K Pinball Peril (2021)_2.0/PUPVideos/polar/action/DrForresterBalls.mp3" size="79376" crc="ec03fde0" md5="054159ec71f77e608bdbc04b8b6ae5dd" sha1="27754baf87e2f5490cfd3326a66b66ffbc13d669" />
		<rom name="MST3K Pinball Peril (2021)_2.0/PUPVideos/polar/action/DrForresterKill.mp3" size="102344" crc="6557da9a" md5="2143c9b03027b6916c3137e9890e77f5" sha1="6bf740725f497a8c9e82adea1507b3e154429ba8" />
		<rom name="MST3K Pinball Peril (2021)_2.0/PUPVideos/polar/action/DrForresterPushButton.mp3" size="57452" crc="6aad38fe" md5="a214af46454cbf92cf59c8aa782a4b61" sha1="1ec601076b800845e9befa4addc9bd67fcdbd28c" />
		<rom name="MST3K Pinball Peril (2021)_2.0/PUPVideos/polar/action/ForresterKill.mp3" size="101792" crc="753beb0c" md5="dad2f4ab5e2977e97c494a6a904290a8" sha1="b506b35ca54a1dfca3dbc544651f97865bd84602" />
		<rom name="MST3K Pinball Peril (2021)_2.0/PUPVideos/polar/action/FrankDie.mp3" size="206594" crc="381b7dd3" md5="8f5bc1c4025b6e5243ef6dbc918e24ee" sha1="4ffa224e26ddef260393d0686ff8cdb4a235b459" />
		<rom name="MST3K Pinball Peril (2021)_2.0/PUPVideos/polar/action/FrankHiKeeba.mp3" size="104282" crc="acb68917" md5="8f2ac3e01b22079632cb8f81b12cb469" sha1="abb4b3609e68d8554ad5fb6b253ced40eee70849" />
		<rom name="MST3K Pinball Peril (2021)_2.0/PUPVideos/polar/action/HorrorStinger.mp3" size="137840" crc="98c6e7bc" md5="c00d153b544cb2f5618788c6e51bb9be" sha1="54d9d8ac7b872f38155410587b7c94ac19836def" />
		<rom name="MST3K Pinball Peril (2021)_2.0/PUPVideos/polar/action/ItStinks.mp3" size="76244" crc="ac0876d0" md5="3f01a7cbc509fa1be082f8fcedee22b9" sha1="62c821e57318baf284096fc4823c034744b9c9ae" />
		<rom name="MST3K Pinball Peril (2021)_2.0/PUPVideos/polar/action/JoelFilm.mp3" size="139928" crc="e362aec6" md5="d628fdf584dd8c0511b6b1477be684ae" sha1="2a5ebaef517d2353ffa00a7b985ddd21b23f1046" />
		<rom name="MST3K Pinball Peril (2021)_2.0/PUPVideos/polar/action/JoelWorkThis.mp3" size="166028" crc="1ce3b97b" md5="6db0b8c559f3f8a7d0a97a6a40bd14a3" sha1="babe3b67420b05d8a76da5323aff940b73b047b4" />
		<rom name="MST3K Pinball Peril (2021)_2.0/PUPVideos/polar/action/MagicVoice.mp3" size="130642" crc="f6f9b021" md5="7665eeea9ec3de52564c119023e65439" sha1="c89c44055fcbe71231923c94a0b46d050633ff20" />
		<rom name="MST3K Pinball Peril (2021)_2.0/PUPVideos/polar/action/ManoTheme.mp3" size="469832" crc="c080a3cf" md5="d568495411161209bc25990a696bba44" sha1="7dc98a42345c8c0beeefa2564dc5f2b636f5011d" />
		<rom name="MST3K Pinball Peril (2021)_2.0/PUPVideos/polar/action/microsoft.mp3" size="191084" crc="3ff87d8e" md5="c46619e2e7ce1026edd94a7a5991213d" sha1="6faf24e4cb6d3ac90de8c843cbf370a16066da7d" />
		<rom name="MST3K Pinball Peril (2021)_2.0/PUPVideos/polar/action/Packers.mp3" size="220097" crc="06f20796" md5="ba67c5f1b33ef585b0dd892323b017de" sha1="233661342ab0f0a8e4b03b5fcf057747aa0ded45" />
		<rom name="MST3K Pinball Peril (2021)_2.0/PUPVideos/polar/action/SpiderIslandJam.mp3" size="223520" crc="6381e12a" md5="cc4a39c6be13bd1e59e8f6e2ac938f65" sha1="c6be69d54796a69b4705d01b4c9b89908628b088" />
		<rom name="MST3K Pinball Peril (2021)_2.0/PUPVideos/polar/action/TomArcade.mp3" size="70466" crc="35fcabc1" md5="17a8c10b1742e8e501158a0d20f1cfb0" sha1="ab44dd512b614f4a22c1362a993cdd85d2f2c1e6" />
		<rom name="MST3K Pinball Peril (2021)_2.0/PUPVideos/polar/action/TomHelloGary.mp3" size="152456" crc="79aca4ae" md5="4acecc069c10187566f00aa771c6b070" sha1="16ac5fcc1c756c16b9027a06eabf9ec46ab19998" />
		<rom name="MST3K Pinball Peril (2021)_2.0/PUPVideos/polar/action/TomJoeDon.mp3" size="155588" crc="4b13735a" md5="aa31b6dcd086abcd5eb5471b4f47e5d5" sha1="fc678c92f207e43c332e8fd8b6284177afa3005a" />
		<rom name="MST3K Pinball Peril (2021)_2.0/PUPVideos/polar/bkg/SOL_Starfield.mp4" size="6815729" crc="b6382d63" md5="feaa1ba64bda55e46323a365af89454c" sha1="84b0ce888e09366628a57e009fb286ad2660b642" />
		<rom name="MST3K Pinball Peril (2021)_2.0/PUPVideos/polar/callouts/CommercialSign.wav" size="564556" crc="d5043a93" md5="a8d3ba7e99d9e1fc98405e19a025cd4d" sha1="13f6a2f3d5ffeb8ca6fb55df6e3b2bce99c29952" />
		<rom name="MST3K Pinball Peril (2021)_2.0/PUPVideos/polar/callouts/CrowGodzilla.wav" size="587664" crc="d8f69bce" md5="90262c55764fc8dc6daaabb5a2b03ea6" sha1="32ff7dbbf98581be3043957345f37b14ba2df813" />
		<rom name="MST3K Pinball Peril (2021)_2.0/PUPVideos/polar/callouts/CrowPizza.wav" size="403952" crc="27540fab" md5="d67ba9270a12e9e0c40d480d3a36c67f" sha1="8e85067b8f41266d89cfba086288b84e43784efd" />
		<rom name="MST3K Pinball Peril (2021)_2.0/PUPVideos/polar/callouts/CrowRackEm.wav" size="433604" crc="5dfc77b7" md5="a5b565144ea6dcc4cbb7e27a0ace06ae" sha1="5b10d5fa1040a03d69714cc53c6f78ab5fff05fa" />
		<rom name="MST3K Pinball Peril (2021)_2.0/PUPVideos/polar/callouts/CrowSantaMartians.wav" size="247284" crc="707fc30f" md5="3ec6debcfab8a0055be4e476734e8213" sha1="7de0b52984a70f768fdb1cec23c1bc7aca131024" />
		<rom name="MST3K Pinball Peril (2021)_2.0/PUPVideos/polar/callouts/Fx_Pinball.wav" size="311356" crc="1af1ac57" md5="f9acd15487713adf05fbd77691d1be65" sha1="d0194bc0966fe3d260e3239afd535067a8a2587d" />
		<rom name="MST3K Pinball Peril (2021)_2.0/PUPVideos/polar/callouts/Fx_Strum.wav" size="477604" crc="035f90fb" md5="9160a193f915071102435cb58236095c" sha1="ef151ef2eee5df97f3ad6864b2d6884bc23a5cb8" />
		<rom name="MST3K Pinball Peril (2021)_2.0/PUPVideos/polar/callouts/Fx_Tunnel.wav" size="675470" crc="09168923" md5="47b3b1ae32e2ac51a523155727ab7cea" sha1="f1c344f03a255cbfa280e75e15960e41e9705ed8" />
		<rom name="MST3K Pinball Peril (2021)_2.0/PUPVideos/polar/callouts/GaosTheGreat.wav" size="1371008" crc="636e3322" md5="796e5323efea77fe75ea58125b377445" sha1="582d1645eacf5c5a27d63d8262a4c42c7bee2e86" />
		<rom name="MST3K Pinball Peril (2021)_2.0/PUPVideos/polar/callouts/JoelGetThat.wav" size="459248" crc="5d0d3ad9" md5="fb4a15e30becfd87012a2d3cd8872d84" sha1="6a89e3ae50dfb9872223fcf94963857b4c84433b" />
		<rom name="MST3K Pinball Peril (2021)_2.0/PUPVideos/polar/callouts/MovieAfraid.wav" size="951692" crc="2767bb14" md5="8e095819c5f911cbf036cad3a84e891f" sha1="54a66ff7a7a5b6d522651daa7e96d5ca7efac1fe" />
		<rom name="MST3K Pinball Peril (2021)_2.0/PUPVideos/polar/callouts/TomShutMeDown.wav" size="320520" crc="05dfe6c8" md5="f11ca33ff4f88bdcf6e18df1527f3e1f" sha1="81a050dc5e5409c5e0a6b5366fe94f277754a478" />
		<rom name="MST3K Pinball Peril (2021)_2.0/PUPVideos/polar/callouts/TomViewers.wav" size="462408" crc="749270c6" md5="3947c93512ce2eda7199d6ead632dee8" sha1="d1cc47ce2340d1bdaaa057fbfce70cb659007672" />
		<rom name="MST3K Pinball Peril (2021)_2.0/PUPVideos/polar/cards_main/Alien LA.png" size="2455544" crc="f339e555" md5="99c2c1061a01ddafe6def4ec10db72c3" sha1="3701dbc51aebe4f9c56cb92adc61fde2dbaa64e8" />
		<rom name="MST3K Pinball Peril (2021)_2.0/PUPVideos/polar/cards_main/Castle of Fu Manchu.mp4" size="12525596" crc="c7593721" md5="70f80126d6d9be4eb05d321176403bde" sha1="f01d9bffcaacd7f42222142c234e35aa6fa580ad" />
		<rom name="MST3K Pinball Peril (2021)_2.0/PUPVideos/polar/cards_main/Diabolik.png" size="901949" crc="1b424598" md5="283a2bb77837ab3927473a910473e5d1" sha1="a7d86462918627fccc788ade403e9ab58949dc5b" />
		<rom name="MST3K Pinball Peril (2021)_2.0/PUPVideos/polar/cards_main/Final Justice.mp4" size="6917336" crc="e26a39d9" md5="ac07891da5ad026fa68326c2455f4eca" sha1="be8a4acee12029912b59ce4ee879655971bd4918" />
		<rom name="MST3K Pinball Peril (2021)_2.0/PUPVideos/polar/cards_main/Girl Gang.png" size="1968779" crc="f960c06e" md5="8fd632b1c162c98f68f9e666a49054fe" sha1="9542a414a81666026e48dad01f9750af9e142936" />
		<rom name="MST3K Pinball Peril (2021)_2.0/PUPVideos/polar/cards_main/Hercules.png" size="2511064" crc="7f5d8b0e" md5="dc9e2a7efadda3411c6d41fa717ad9bc" sha1="7a41d7d5ad9c677dfc89b4e78cd50e5cfaaa80de" />
		<rom name="MST3K Pinball Peril (2021)_2.0/PUPVideos/polar/cards_main/Marooned.png" size="2365830" crc="0a9f91aa" md5="1ce87e3e608627178d7d9f500773237b" sha1="3ef27d2b842966ecac9b7c200b3367c62c7bc2d0" />
		<rom name="MST3K Pinball Peril (2021)_2.0/PUPVideos/polar/cards_main/Million Eyes of Su Muru.mp4" size="12335832" crc="94e433e7" md5="1c9d1e82a218dc37682767bd20a43f49" sha1="95f166fcb8a31b6c5216be8c8c1cd05ae811dd23" />
		<rom name="MST3K Pinball Peril (2021)_2.0/PUPVideos/polar/cards_main/Robot Holacaust.mp4" size="8908976" crc="9cd23250" md5="d1240136a215493f34415c13bc8cf716" sha1="84623265349e15c34439e02faef00a60fb042cce" />
		<rom name="MST3K Pinball Peril (2021)_2.0/PUPVideos/polar/cards_main/Santa Claus.mp4" size="31409568" crc="4adebc84" md5="3afab4c063694f62c1f3807e97acd003" sha1="4ca225a3e684638a46644aa3aee00d3f914a11ba" />
		<rom name="MST3K Pinball Peril (2021)_2.0/PUPVideos/polar/cards_main/Santa Conquers the Martians.mp4" size="9515188" crc="14e6fa5c" md5="17b6e83f69e902967693017650b3b85d" sha1="846ca6e8edff8ba7e5e24bf4f1f68907a48f4765" />
		<rom name="MST3K Pinball Peril (2021)_2.0/PUPVideos/polar/cards_main/Time Walker.png" size="1718930" crc="04bbe034" md5="66c6d0c916e07ec4396a0b7a16a176b7" sha1="ea921f0cef5acfccca5c8f16e11b35375d8e3d97" />
		<rom name="MST3K Pinball Peril (2021)_2.0/PUPVideos/polar/cards_main/Village of Giants.png" size="2264002" crc="9243a6a5" md5="1000ff9483a9ed5d3794bf0d5cac7c7d" sha1="6285dd69ff916fd178bd117bb1d89fb83d857412" />
		<rom name="MST3K Pinball Peril (2021)_2.0/PUPVideos/polar/cards_monsters/Deadly Mantis.png" size="1612474" crc="bc6bc5e4" md5="a11b1a01a49dc257a155071505d8e08a" sha1="72db1e07033b8e096451ae79dcf61f6d153b28db" />
		<rom name="MST3K Pinball Peril (2021)_2.0/PUPVideos/polar/cards_monsters/Gamera.mp4" size="4347207" crc="31ea01d9" md5="1b80fa40c835a737fa6ee6f5c431af63" sha1="a157f5e3092441fa1ada304f271ed5a1e6e3d9fc" />
		<rom name="MST3K Pinball Peril (2021)_2.0/PUPVideos/polar/cards_monsters/Giant Spider Invasion.mp4" size="8694849" crc="d8ff7748" md5="acfbbc7ec935ef0f74d3ad9e4684cc54" sha1="2fe433ee385b43559dc9e7d78172564e44636906" />
		<rom name="MST3K Pinball Peril (2021)_2.0/PUPVideos/polar/cards_monsters/Gorgo.mp4" size="10076507" crc="d6dcab0a" md5="2e587b4ed968fc40ad0ce3defdf413f1" sha1="337b63290ffe06137f1a5c1ac639471f044d62ef" />
		<rom name="MST3K Pinball Peril (2021)_2.0/PUPVideos/polar/cards_monsters/GreenSlime.png" size="2132407" crc="00dc3715" md5="49c07d2481d4fb582983ca4a3f29cc57" sha1="19ea83443762a02670be94e844662970bd0a745f" />
		<rom name="MST3K Pinball Peril (2021)_2.0/PUPVideos/polar/cards_monsters/Mole People.mp4" size="10068995" crc="2bd2017e" md5="da89268df28034f0b3db445533d9d6c5" sha1="40bb848206142d41f52ba6897acfae5c9f974998" />
		<rom name="MST3K Pinball Peril (2021)_2.0/PUPVideos/polar/cards_monsters/Monster Shark.png" size="1634906" crc="32fcee4c" md5="c6f7bd02012f849502bc8b8c1c854f6e" sha1="f0ac9dacb5f910891daee413b754b1d032d6d475" />
		<rom name="MST3K Pinball Peril (2021)_2.0/PUPVideos/polar/cards_monsters/Projected Man.png" size="1259779" crc="da2d70b1" md5="c45a749bd9bd34f197fad9bd5ca63b09" sha1="84f81bc35d63c697d85e2ea06841b6270610756b" />
		<rom name="MST3K Pinball Peril (2021)_2.0/PUPVideos/polar/cards_monsters/Screaming Skull.png" size="1901115" crc="a3ddd9a0" md5="7002d222b8bf1b62382619de5a235fa8" sha1="511d6de28dc78650b03e5633d8b2b34c90d752d9" />
		<rom name="MST3K Pinball Peril (2021)_2.0/PUPVideos/polar/cards_monsters/She Creature.png" size="2062034" crc="c8958148" md5="50af701ac3ace2250b8f6d6488292c46" sha1="2ce27d1050c375938be65422fffa31da3329c399" />
		<rom name="MST3K Pinball Peril (2021)_2.0/PUPVideos/polar/cards_monsters/Spider.png" size="1325523" crc="be5ed957" md5="650a13e64933c9f55c3285e2462b681b" sha1="943f7117d6172ee59bd5926c37525350b95d01da" />
		<rom name="MST3K Pinball Peril (2021)_2.0/PUPVideos/polar/cards_monsters/Tarantula.png" size="1122647" crc="6cf12b44" md5="e10a686984ed4fd43cec386848cf2416" sha1="fb352c925cb4388679678d1b49d7acd1bb6e7e0c" />
		<rom name="MST3K Pinball Peril (2021)_2.0/PUPVideos/polar/cards_monsters/The Brain That Wouldn't Die.mp4" size="29051154" crc="10bca172" md5="f0b3dc697296154f2880987ae3346da1" sha1="b34852db7990acf5f638987048b18242fabfb0fa" />
		<rom name="MST3K Pinball Peril (2021)_2.0/PUPVideos/polar/cards_monsters/War of The Colossal Beast.png" size="2034163" crc="1cf2b78b" md5="96221de40d496bfff2c607ee4312446d" sha1="5ac1a56914526bd129e12a31201951aa7041fe5c" />
		<rom name="MST3K Pinball Peril (2021)_2.0/PUPVideos/polar/moviesign/MST3K_EarthFroze.mp4" size="3436254" crc="d8d890b4" md5="e878a58dc996f161e1d6b0c5273167d5" sha1="8ef2f4212f2781690941cc528fc9b6973375c97d" />
		<rom name="MST3K Pinball Peril (2021)_2.0/PUPVideos/polar/moviesign/MST3K_Gamera-Barugon.mp4" size="2928307" crc="f0a1952a" md5="aa68b542e0ce4da70bbf462d89342eb7" sha1="23291f0f77f5e95d57d0f766f5bbfe71b4557e09" />
		<rom name="MST3K Pinball Peril (2021)_2.0/PUPVideos/polar/moviesign/MST3K_GirlLoversLane.mp4" size="3099230" crc="0b52b929" md5="97c697ff8a9dd430ebb18f2dc92bafd8" sha1="42ab764b58dcd384774daec0408b677d60aa502f" />
		<rom name="MST3K Pinball Peril (2021)_2.0/PUPVideos/polar/target/MST3K_BedTime.mp4" size="1010533" crc="e833d871" md5="b4d97327ad40d12f5372cea887747d87" sha1="fd4dac4dfe763197b48f8f38b9dbf37361b84352" />
		<rom name="MST3K Pinball Peril (2021)_2.0/PUPVideos/polar/target/MST3K_Bumper.mp4" size="3138233" crc="f8529c0e" md5="5ab221309c4d6cfdddf1a78ac5c1a37f" sha1="86137f94e0d9b4a86dc7c222bafc259d8f1fd705" />
		<rom name="MST3K Pinball Peril (2021)_2.0/PUPVideos/polar/target/MST3K_Daddy-O_01.mp4" size="3058110" crc="4ebc1a4f" md5="c0e19b6eadeeecc3b40c7acf37f5a07b" sha1="b41eb4b4766aa83f301c1393db30dba006ba8621" />
		<rom name="MST3K Pinball Peril (2021)_2.0/PUPVideos/polar/target/MST3K_Daddy-O_02.mp4" size="1938766" crc="fbbbc68a" md5="a1fe44cd8c05114c6988dc01cc81a94b" sha1="9ec947e5f127f05d960162f6ed2d186c2dbca7d4" />
		<rom name="MST3K Pinball Peril (2021)_2.0/PUPVideos/polar/target/MST3K_Diabolik.mp4" size="1670777" crc="085f5b4e" md5="5128ad25071f27e0cbb5ffff0d4de804" sha1="fb25b64fa783fced3a354a29192b5d9e5ae48959" />
		<rom name="MST3K Pinball Peril (2021)_2.0/PUPVideos/polar/target/MST3K_Eegah.mp4" size="2652523" crc="cfa63839" md5="00a9a1be37fa242fea6dcd5da1fb7b99" sha1="2572fe47b11fe123c7f60f8ca889ad881ff1eeca" />
		<rom name="MST3K Pinball Peril (2021)_2.0/PUPVideos/polar/target/MST3K_GlennManning.mp4" size="3932210" crc="85a7b412" md5="472f95d3e0dd11bc94d990e4759b07f8" sha1="9be6df2418a044bba48a529d8c7c0fe713ee9948" />
		<rom name="MST3K Pinball Peril (2021)_2.0/PUPVideos/polar/target/MST3K_MANOS.mp4" size="4653370" crc="d6a16393" md5="6901b11af973589414d3310487d81cf8" sha1="73b3e3ebfd8c362d3e870ce2dd9a9aa81b119ef3" />
		<rom name="MST3K Pinball Peril (2021)_2.0/PUPVideos/polar/target/MST3K_Melting_Man.mp4" size="3492954" crc="e7e2d9b3" md5="80fa93507232c604780a06acf5136e25" sha1="9da439350874bd3b25141cf88abb6336e6cb7b5d" />
		<rom name="MST3K Pinball Peril (2021)_2.0/PUPVideos/polar/target/MST3K_Mitchell.mp4" size="1911302" crc="481ea657" md5="82b7780ea620193909b6ce10a64c284a" sha1="1c041837be26ac56f99f846cb49cd85f5ed79d6c" />
		<rom name="MST3K Pinball Peril (2021)_2.0/PUPVideos/polar/target/MST3K_MrB.mp4" size="2437426" crc="ca13d6ef" md5="c449ad4cea3ace81ec064638e9b23a64" sha1="8b741ccd10354c6ae1537ab3890126919897a0e1" />
		<rom name="MST3K Pinball Peril (2021)_2.0/PUPVideos/polar/target/MST3K_Neptune.mp4" size="3251550" crc="62f00e98" md5="33c281060bfd0f67ca501c756e6164ab" sha1="99e04cd1e484cc53f985365e374b2e24e420a989" />
		<rom name="MST3K Pinball Peril (2021)_2.0/PUPVideos/polar/target/MST3K_Prince-of-Space.mp4" size="3278681" crc="926812fe" md5="f36b1345d9aec421eaf0124592ff0390" sha1="ddf56b65702f2f0c1dd2eb36f01c37f2344832c9" />
		<rom name="MST3K Pinball Peril (2021)_2.0/PUPVideos/polar/target/MST3K_Rowsdower.mp4" size="3690157" crc="2d3866b3" md5="805daddb8214c5f1dce6914e1b1934ae" sha1="b515a2f9042c3c0ad41f30e8204c857a7c7c5ca1" />
		<rom name="MST3K Pinball Peril (2021)_2.0/PUPVideos/polar/target/MST3K_Santa-Martians_01.mp4" size="4153543" crc="4f15b063" md5="432bb08d4cd9157708246275a4dc3c9e" sha1="1cb140dfa36333c896c2e0f2fed0a0914201d400" />
		<rom name="MST3K Pinball Peril (2021)_2.0/PUPVideos/polar/target/MST3K_Santa-Martians_02.mp4" size="4075611" crc="5366c374" md5="842152f5b4dec9d92810fc53498a46a7" sha1="ba0b69a807b6862526f73070a41090ce884e2b77" />
		<rom name="MST3K Pinball Peril (2021)_2.0/PUPVideos/polar/target/MST3K_Teenager_OuterSpace.mp4" size="3623241" crc="f401629b" md5="4bdbc52a5116e61029b6a3fd8fb23553" sha1="18c464125daf1ef73d3b56d829dbaea57ae27a95" />
		<rom name="MST3K Pinball Peril (2021)_2.0/Table/MST3K Pinball Peril (2021)_v2.0_GaryInMotion.directb2s" size="5573331" crc="e4c5ed0a" md5="4a6d5f2f238b79bf3954c5ac3a3b1e68" sha1="8d00f386814569e49ff48c23960db584b493e3a5" />
		<rom name="MST3K Pinball Peril (2021)_2.0/Table/MST3K Pinball Peril (2021)_v2.0_GaryInMotion.vpx" size="37122048" crc="7a18423d" md5="8f699dae2c0d644d63b19567afe43949" sha1="06c87d830c8faad8236f8bd571b221f2058895d0" />
		<rom name="MST3K Pinball Peril (2021)_2.0/Theme/MST3K_Theme.mp3" size="3793928" crc="38cb8bc7" md5="860d9e92448d9a135f9646a9dfdc5def" sha1="7deca4c072529c13ec4ebbcfa0a7865ce5f20be3" />
		<rom name="MST3K Pinball Peril (2021)_2.0/MST3k Mystery Science Theater 3000 Pinball Peril (2021).png" size="379823" crc="b87ce73d" md5="1874f03a28e3d6392f22aa0f9cb2017e" sha1="6e91e78d4ea44830cde7802b57d1b16ba7abf034" />
		<rom name="MST3K Pinball Peril (2021)_2.0/Mystery Science Theater 3000 Pinball Peril (2021).directb2s" size="7711449" crc="1294dd04" md5="81d6d91cc59037075a57714ca9b74ab9" sha1="27ce6afd221eeeb596235c9b44dc02470ca7008d" />
		<rom name="MST3K Pinball Peril (2021)_2.0/README.txt" size="582" crc="a286a3be" md5="da03182000f2a3f4b71dddaff8f83544" sha1="4fe911d904ed59df51f0f021afa5d11faeb246ab" />
	</machine>
	<machine name="Ninja Gaiden (2023)(MGForums)(1.0)[VPX07][MOD B2S Cabinet v1.0 jogrady7]">
		<description>Ninja Gaiden (2023)(MGForums)(1.0)[VPX07][MOD B2S Cabinet v1.0 jogrady7]</description>
		<rom name="NinjaGaiden (O-MGForums 2023)2scr.directb2s" size="6646047" crc="b12a2a80" md5="c1a93c3a350edaf96092b12b6ad684ef" sha1="310fc8ea4c34dc56f1b801a6265a967bc5d2cf77" />
		<rom name="NinjaGaiden (O-MGForums 2023)3scr.directb2s" size="6655888" crc="0145e2a2" md5="42fe6609787ef19516642362809ab639" sha1="bbe3b5402e2e7004227919358d47710ffb3bd490" />
		<rom name="NinjaGaiden (O-MGForums 2023).png" size="261063" crc="b2c9ec80" md5="dcb97c6116365c06c7825fad71ba6a24" sha1="bf962f3b2d3cedf60d61f855f32b5da39a396fe4" />
		<rom name="NinjaGaiden (O-MGForums 2023).pov" size="3143" crc="05507849" md5="4ead28f6987c1963d235612378a00b76" sha1="33a1ca856b0ead5a622b9fc4fe4c28fc4276f06d" />
		<rom name="NinjaGaiden (O-MGForums 2023).vpx" size="78917632" crc="489d02d7" md5="f7faf67a086fd86754d1636494ba72a0" sha1="d2d0045a736e60864e4039284419fd43f5a432be" />
	</machine>
	<machine name="Peaky Blinders (2021)(Nesta78)(1.0)[VPX07][Limited Edition MOD v1.0 balutito]">
		<description>Peaky Blinders (2021)(Nesta78)(1.0)[VPX07][Limited Edition MOD v1.0 balutito]</description>
		<rom name="Peaky_Blinders.vpx" size="54599680" crc="36d3c777" md5="1b071d76ea3e5802bf6a5c2b4c2c72a5" sha1="a07dfb0ae410695adfecea144ce2f43cc4e6ea80" />
	</machine>
	<machine name="Shovel Knight (Wizball)(1.03)[VPX07][RusstyT Mod 1.0][Cabinet]">
		<description>Shovel Knight (Wizball)(1.03)[VPX07][RusstyT Mod 1.0][Cabinet]</description>
		<rom name="ShovelKnight_RusstyTMod1_0_Cabinet/ShovelKnight_CabVersion_RusstyTMod1_0.directb2s" size="5283371" crc="3fb93918" md5="d497683319e562b12610e882d71b5988" sha1="f977e4b292b82df8931563f1c713493286dac4eb" />
		<rom name="ShovelKnight_RusstyTMod1_0_Cabinet/ShovelKnight_CabVersion_RusstyTMod1_0.vpx" size="72347648" crc="e1656ef9" md5="c39ede70eb5bf6f06ddb6d52cb6fc2c3" sha1="9162f0fe2cfaae83cf7318fc5f1b4f8cb3ef9ec6" />
	</machine>
	<machine name="Shovel Knight (Wizball)(1.03)[VPX07][RusstyT Mod 1.0][Desktop]">
		<description>Shovel Knight (Wizball)(1.03)[VPX07][RusstyT Mod 1.0][Desktop]</description>
		<rom name="ShovelKnight_RusstyTMod_Desktop2/ShovelKnight_DeskTopVersion_RusstyTMod1_0.vpx" size="72347648" crc="aab31b3f" md5="ceaf1a0760958633e44af466c198ced0" sha1="ab5ac89853693be7cd5246c798213c253a52650b" />
	</machine>
	<machine name="Simpsons - Treehouse of Horror (2020)(apophis)(1.0)[VPX07][MOD Gfx v1.0 Starlion]">
		<description>Simpsons - Treehouse of Horror (2020)(apophis)(1.0)[VPX07][MOD Gfx v1.0 Starlion]</description>
		<rom name="Simpsons Treehouse of Horror starlion MoD.directB2S" size="34311503" crc="86d37a24" md5="e5ed5697669c9ef39a756e508be3f43e" sha1="82e9446a120c400375e9853bc80800502fde1b22" />
		<rom name="Simpsons Treehouse of Horror starlion MoD.vpx" size="117194752" crc="2487132d" md5="e1a988d2ca0bc8b941544e9a83657741" sha1="3183631e2e609e7842e734c3e3048c9efc071b3e" />
	</machine>
	<machine name="Speed Racer (2017)(Hursty)(1.0)[VPX07][MOD Gfx, Music v1.4.0 MauiPunter]">
		<description>Speed Racer (2017)(Hursty)(1.0)[VPX07][MOD Gfx, Music v1.4.0 MauiPunter]</description>
		<rom name="Music/speedracer/1-The Secret Invaders - Part 1.mp3" size="1555629" crc="a0e5dc92" md5="9e0c0d1d636effa2ebf02c572fe942e4" sha1="344ae7df69e386fcab53f39abbbb8f3ed1694742" />
		<rom name="Music/speedracer/2-Race For Revenge.mp3" size="1391277" crc="e0423d2d" md5="34ab74f3c004eeb1670cd69e08ad0ff6" sha1="7eb2ee3869e915c082e89cd5ec41f79c435f62c0" />
		<rom name="Music/speedracer/3-The Great Plan.mp3" size="529581" crc="1506cfd4" md5="9eb663e4a0e424fbde238981efebab5e" sha1="f5d2b4e1ec54bcce07d04913c3fe50c60ecebd95" />
		<rom name="Music/speedracer/4-The Secret Invaders - Part 2.mp3" size="1770285" crc="9749b09d" md5="322b99106c25ed47141ccde61498600e" sha1="e67d8cc0fb8f3bdb726fe7e0c5641df864a41630" />
		<rom name="Music/speedracer/5-The Royal Racer.mp3" size="721965" crc="280696d2" md5="463b322b54ca00ae35f0ef2afa70c6cf" sha1="5e6a5f5e6933503f26e5668f825858ec84895990" />
		<rom name="Music/speedracer/6-The Most Dangerous Race.mp3" size="2284845" crc="4f2efbb1" md5="e065f734b9effd8d46fb0719fd988087" sha1="b4ea2ebb1148aff76838ed2cabe033cefec8841c" />
		<rom name="Music/speedracer/7-The Snake Track.mp3" size="2210733" crc="9cb1326b" md5="7f108dcc37f04086e7e2c62d1feb5b92" sha1="f1a49eb12b33cc76af3e065bb1d864a6696742d4" />
		<rom name="Music/speedracer/8-Crash in the Jungle.mp3" size="2260653" crc="e2714b40" md5="e5d5d605507e148b19ef15dbe7e918a7" sha1="d51a04d01a78a48b11fe36b55bbab73e7fd92971" />
		<rom name="Music/speedracer/9-Mach 5 vs Mach 5.mp3" size="1017645" crc="225ae35e" md5="8a9e57bdd27d092717eae5afe712cac3" sha1="8b1f437a960e5543833df1361b954dbe0ae2aaa8" />
		<rom name="Music/speedracer/10-Race Around the World.mp3" size="1181997" crc="fd4a8cff" md5="2586431700d752259d96f2ff43b61cfc" sha1="ac0641ad48b5472a1da2ba19ff82389140d6829b" />
		<rom name="Speed Racer (Animated).apng" size="13570329" crc="e04054af" md5="bf1f21730b1ac2afd2ad5045f742a8f3" sha1="4616326e0ebc667e74eb2c2481039de5de47526d" />
		<rom name="Speed Racer (Original 2018) Desktop.res" size="938" crc="9826c5c5" md5="e509ffef974ac4a929930457d9c2ba04" sha1="d5255d107864c8eec41d27f9915b3697b34cc024" />
		<rom name="Speed Racer (Original 2018) v1.4.vpx" size="19554304" crc="a79b8936" md5="2e8394ac070abf6d20ab8163a04ad041" sha1="0def8d151784c103c5fad23e218c725f56715141" />
		<rom name="Speed Racer (Original 2018).directb2s" size="4831779" crc="dd2ee07f" md5="3e29e1108c2dd7f06a8758cb77f01a5c" sha1="b1108fc51b5681e56716a46e92fd1eafd1eb36db" />
		<rom name="SpeedRacerBackglass.png" size="2329216" crc="631c2d0a" md5="fabcefe7a73b8b22dbcd71f9c5edd572" sha1="5830be478ba4362a460fa9c73f79264180f16cd2" />
		<rom name="SpeedRacerDesktop.jpg" size="628318" crc="c576cd5e" md5="5947bec186bc6ab8caf9502bcd11efd0" sha1="7ca3384f17b10daac9062375ee5a97f8dfc80a9a" />
		<rom name="SpeedRacerDesktop.png" size="3678587" crc="cf02e4e9" md5="0bce2fa01f3b133256ee4f37f7f20232" sha1="f26095a7d2f498e1f260ec074ce74044e9f4c675" />
		<rom name="SpeedRacerDMD.png" size="488495" crc="060d105a" md5="90b6385e9b36d42f9a2c942ec151ae79" sha1="a96fdacbd76f05b2fe8beee256ecfc1f6cd6f32e" />
		<rom name="SpeedRacerLoading.mp4" size="64509597" crc="de45b8a0" md5="9562f3e28dc215cb9e659bb5f3f502e7" sha1="7ffba1157b40b365300d4bb6d25dda50066cb4d8" />
		<rom name="SpeedRacerTable.png" size="3440191" crc="379f7041" md5="f2bbdcd573bcbdf8d5e79c2c4423aac8" sha1="39e97dc41c1702539805a0b2fc5a9fce39827e60" />
	</machine>
	<machine name="Stranger Things SE (ScottyWic)(1.47 OSB)[VPX07][MOD Gfx v1.0 Starlion]">
		<description>Stranger Things SE (ScottyWic)(1.47 OSB)[VPX07][MOD Gfx v1.0 Starlion]</description>
		<rom name="Stranger Things - Starlion MoD.directb2s" size="13788093" crc="c73932a9" md5="fbda3f65744f25a06b17b0f31e01af2b" sha1="97f1daf8ab2dacc399abe3166fa65c23c1247d1a" />
		<rom name="Stranger Things - Starlion MoD.vpx" size="131112960" crc="4cb994ac" md5="7c69ae2c63abb0f87ba73529907e0639" sha1="d37a3b81916aa5b0682d8ef1bc0891903b3c571d" />
	</machine>
	<machine name="TRON Classic (2018)(HiRez00, Xenonph)(2.1)[VPX07][MOD Gfx v1.1 Marcade]">
		<description>TRON Classic (2018)(HiRez00, Xenonph)(2.1)[VPX07][MOD Gfx v1.1 Marcade]</description>
		<rom name="B2S/Tron Marcade Mod 4x3 B2S/TRON Classic Marcde Mod (2023) 4x3.directb2s" size="10352960" crc="8172ae0a" md5="4744b11b61ed164c9d9faed2a635565c" sha1="3ca3e2d6925663a548ac415a63289076d9dc8499" />
		<rom name="B2S/Tron Marcade Mod 16x9 B2S/TRON Classic Marcde Mod (2023)16x9.directb2s" size="10293270" crc="de172f26" md5="542e27bcca9705a37138d28e8ff59d61" sha1="3b2ae7bde1c3c7096c54ffc35ce637ecf132d21d" />
		<rom name="Instruction Card/Tron Classic Marcade MOD Instruction Card.png" size="52620" crc="ac35e415" md5="08e5d689fbf6127a985c92edfd88991e" sha1="acb08536d83cb4ebb03b6429315fb4d0f0a481ae" />
		<rom name="Put In Music Folder/TRON/0ta00.ogg" size="1150304" crc="47c54e6a" md5="021ab4e155804d4f6794a65045e34696" sha1="72fe606b848b46ad73603343edaa5c40833a34a7" />
		<rom name="Put In Music Folder/TRON/0ta01.ogg" size="1686333" crc="7fbeebdb" md5="33b5cf3e8483c27be8b08f92f853b98e" sha1="5d28dcd53438741b93fb1462b76b141ea522a8ce" />
		<rom name="Put In Music Folder/TRON/0ta02.ogg" size="1134477" crc="a3900899" md5="125bc7e8e0693042d0d6ad364ee9a598" sha1="067f53dc2c09e24eeee49b889138a924d18a3129" />
		<rom name="Put In Music Folder/TRON/0ta03.ogg" size="173891" crc="5070a803" md5="c0e97a5b3fff09b1c0c154b548332682" sha1="359b2d1ab2c04a60ea62321aef309fbcecb39e31" />
		<rom name="Put In Music Folder/TRON/0ta04.ogg" size="467864" crc="23e9ae99" md5="455cede85a3a919dc569cfff219fd3b6" sha1="0d9597552ec6cc10e1e6b19319a1472b8fe67ad9" />
		<rom name="Put In Music Folder/TRON/0ta05.ogg" size="259442" crc="91e85f56" md5="072ae38318a9a875cd74376420fd1280" sha1="795763a05bf112b112fa750fdc8aed053ebaba10" />
		<rom name="Put In Music Folder/TRON/0ta06.ogg" size="861759" crc="d6508a6c" md5="468ddf304ffbe6f62c292b80860604a4" sha1="62708978fc82eadbd65bf4306131e79401acdc72" />
		<rom name="Put In Music Folder/TRON/0ta07.ogg" size="226383" crc="90b5d112" md5="68b4a21c5e45adcc72593629282043a2" sha1="c3a5348f60fc316d30a2e4069ee1e843be43f51e" />
		<rom name="Put In Music Folder/TRON/0ta08.ogg" size="313172" crc="fc0fe074" md5="de92798873d000222ab6df8247329910" sha1="1a3b01e69aacb07983fc29aedc838f8c5d348431" />
		<rom name="Put In Music Folder/TRON/0ta09.ogg" size="195836" crc="e46247b3" md5="b6f78d041771e41de70a5dca393f19aa" sha1="1fe11229c7e1f7223060132b908219eb1fc73f62" />
		<rom name="Put In Music Folder/TRON/0ta10.ogg" size="293107" crc="4914cb7a" md5="6e6723eebed174e5b3307461e756351f" sha1="3b35263b93b40eecb3ce3289bc0967419a3d8033" />
		<rom name="Put In Music Folder/TRON/0ta11.ogg" size="2560942" crc="c495750b" md5="bb6a36f79754e05e4cf97ef5fef233e1" sha1="31a11724edca76fc1920a0200a3fd38f8ff84ddc" />
		<rom name="Put In Music Folder/TRON/0ta12.ogg" size="4297901" crc="3148a387" md5="a0c2fe3109cb9e38f9e59dd2bba7e883" sha1="8dc3ab085646f479f2edcb6b293aab47626b4ad4" />
		<rom name="Put In Music Folder/TRON/0tp01.ogg" size="395607" crc="15fb157a" md5="a57b1bc828a4824c410e46ab7a9ce3f9" sha1="5831871878b65a8e9bf368204035a107e3d01387" />
		<rom name="Put In Music Folder/TRON/0tp02.ogg" size="2869949" crc="9879e22b" md5="faf70d82947d6f268664dfcc36137e7f" sha1="9e13aa39db92666467cbbd813526b84bdbdad892" />
		<rom name="Tron Media/Tron Classic Marcade MOD_01.png" size="6009946" crc="3c767930" md5="7ae5b70419180fe168e7d87930bf84ed" sha1="08a3c57c7dc9e395e0243371fa3da9982e72771a" />
		<rom name="Tron Media/Tron Classic Marcade MOD_02.png" size="4721037" crc="0ae1c684" md5="88a8a4108453d7d3c89c61f58b1b6d90" sha1="896e8d257b44d79939268b7b9f204308b374728e" />
		<rom name="Tron Media/Tron_Media01.png" size="1898640" crc="da3a6d14" md5="2bf0c59a42fea747428553209df3ae53" sha1="059df70b47f8a2ab6963a6ace7fde5e7bce76b6a" />
		<rom name="Tron Media/Tron_Media02.png" size="114243" crc="d138865e" md5="7b2466c2f81163c7e51041b710079b1e" sha1="95a0a1dca188dc61d15aaace82d43795dda02bfb" />
		<rom name="Tron Media/Tron_Media03.png" size="180768" crc="40dfffc6" md5="177da3ea3584d71a90b23cfe7dda98ad" sha1="0dece2de1bb08503e843971aa61632bbf5682285" />
		<rom name="Tron Media/Tron_Media04.png" size="370973" crc="d33547c2" md5="102199f20c5cb3340696deb497498ce0" sha1="f84f945db94c96adce29630baa90841dc66ab9d1" />
		<rom name="Tron Media/Tron_Media05.png" size="250258" crc="92ea1fb6" md5="8f7d330d35f2caf19c0fb316693fc1c7" sha1="58299b1276f4d92ec2ad52ff42a2a103d331ba2f" />
		<rom name="TRON Classic Marcde Mod (2023).vpx" size="37969920" crc="7aff97fd" md5="80f1583480072efb583c02f6c609ed94" sha1="9b5052fcdc13b619883629da28a85823af3783ac" />
	</machine>
	<machine name="Zissou The Life Aquatic (2022)(ManBearPig)(1.2)[VPX07][Sound MOD v1.0 MauiPunter]">
		<description>Zissou The Life Aquatic (2022)(ManBearPig)(1.2)[VPX07][Sound MOD v1.0 MauiPunter]</description>
		<rom name="Music/Zissou/01-Open Sea Theme.mp3" size="1989165" crc="b0527f04" md5="5261b360a3eeaa3e79b19d2a34504f01" sha1="a9b3929a3edc0e2bc7498e52830eff93dc59e306" />
		<rom name="Music/Zissou/02-Rebel Rebel.mp3" size="2307885" crc="38cb176d" md5="a05039a048f7d52d9c4764ef9d1e5b4d" sha1="23e41879acd395e53136618deb675f6f4356011c" />
		<rom name="Music/Zissou/03-Heres to you Nicola and Bart.mp3" size="3002541" crc="eaeae695" md5="4f8e681c6410e962f0314084b834da2b" sha1="b6d3af1a7638ba52296794fcb89bf41e3420f6d7" />
		<rom name="Music/Zissou/04-Search and Destroy.mp3" size="3317037" crc="4991f858" md5="0349d72ec78f674c1e98ad4a16601417" sha1="7ea1d790b5cce28d06c2c5d3f4c54ae049a247cc" />
		<rom name="Music/Zissou/05-Queen Bitch.mp3" size="3234477" crc="5beb9e15" md5="a21da20a334249a02f25101470d9a4bf" sha1="710c168bd82f9526c1f981e64c0610496b6c2e3e" />
		<rom name="Music/Zissou/06-Let Me Tell You About My Boat.mp3" size="1571757" crc="0bef6480" md5="9426fd1fa5e4955b75a28caf0e484569" sha1="0d6a5a4c35ae4ba3f9e697098a247d4e22f5464d" />
		<rom name="Music/Zissou/07-Gut Feeling.mp3" size="4004013" crc="cda7f5d2" md5="0f2865f7bdec658d3d2df020c2e36984" sha1="1821899136039d71dcd97a46a7f0677ee2fae6c9" />
		<rom name="Music/Zissou/08-30 Century Man.mp3" size="1410861" crc="91cb29f7" md5="530a91c491bc7eecbbfd92a7340f9713" sha1="a195df997929312fe803ce72065b6362006c9c47" />
		<rom name="Music/Zissou/09-Life On Mars.mp3" size="3692589" crc="a4614a19" md5="cb6982f39eee53976cbced92aef97edb" sha1="4235f4b088048dd12adfb03f7896e54043a72d3e" />
		<rom name="Music/Zissou/10-The Way I Feel Inside.mp3" size="1541805" crc="22667dea" md5="15585ab688d1e27384bd5851a5cc2c5b" sha1="3225f4b0a16b594ac2b1aeba84d7b5480ae616e7" />
		<rom name="Music/Zissou/11-Zissou Society Blue Star Cadets.mp3" size="2772141" crc="ff485f24" md5="9c5b6d06bf322bc39bd86fbbe5b9c2f7" sha1="2b11004bba6e5427988c4c5f24d016c02570aa6a" />
		<rom name="Music/Zissou/12-Shark Attack Theme.mp3" size="930861" crc="fcb7a855" md5="552a11823c23fa4ee0f287191857bd17" sha1="b4a1df9d07ec29e73c6abab6aea1361b62c8da45" />
		<rom name="Music/Zissou/13-La Nina de Puerta Oscura.mp3" size="2885037" crc="cca15b0f" md5="15b4c958a3bedf9099be657d0d63331f" sha1="4da3297dfb07e1190d3309d38294348544a89311" />
		<rom name="Music/Zissou/14-Starman.mp3" size="4126893" crc="914e564f" md5="029adb2f118a3ad66df97b3d0fabc982" sha1="94db2f132f3b7c166a1e0bed763f05b8b7ca2289" />
		<rom name="Music/Zissou/15-We Call Them Pirates Out Here.mp3" size="3781293" crc="5fcb531f" md5="1349812e7d2018adbb127e80b7665ce5" sha1="b00a9f17aec4d92a6f0c3daa7fb38d6d9a60bbf3" />
		<rom name="Music/Zissou/16-Loquasto International Film Festival.mp3" size="4486701" crc="e5be53c1" md5="ac553a39467233b7bf1dec29b084ca62" sha1="91521c24b67ffbe5a3fd857744f9bec208a55139" />
		<rom name="Music/Zissou/17-Five Years.mp3" size="3845805" crc="7051f96d" md5="592887f5a5ce1dba7e2078707b406958" sha1="c0c0f70049db7134e54cf41442e3ca7c8adfb1c3" />
		<rom name="Music/Zissou/18-Ping Island-Lightning Strike Rescue Op.mp3" size="4150701" crc="788f105f" md5="06052edcc87b625444bc7095b804b333" sha1="754a3fc0e26a95b9cfa3d5bbc43d190566610595" />
		<rom name="Music/Zissou/19-Rock N Roll Suicide.mp3" size="3076269" crc="8d1f71d7" md5="c39bda46ec98351d2776e64fe39464ba" sha1="cca818a564c9a0a62b1540eb525a751349d26d9d" />
		<rom name="Music/Zissou/20-Life on Mars.mp3" size="3281325" crc="19f5e598" md5="754d28179ab21b07c5304b4b41fd6e4c" sha1="87195b9404691f483f00b1a4da0349cc0dd34915" />
		<rom name="Backglass.png" size="2599160" crc="89a3a07e" md5="3d20b941154e9866bcaa5550bfe0422f" sha1="733a2e223e9c3bcd51ca017f163fedcd2de026f9" />
		<rom name="Desktop.png" size="3330520" crc="d668491d" md5="7a892c9b1d6fffce0d168acc798e8189" sha1="cde248e495a245a659ab073f26c539df2f1b5fb0" />
		<rom name="Playfield.png" size="3310395" crc="201ebf13" md5="99ef08cc13e7ebc7eae87d2ac9e039f0" sha1="7be6114a2c8c09c4abfe6a568d26410dba30644b" />
		<rom name="Zissou -The Life Aquatic (Original 2022) Sound Mod v1.0.directb2s" size="8122341" crc="ff15f263" md5="a1f72df571a56475a263275f0b5ab837" sha1="2cc81d55d605b8b0d33b0e9374b5a6bfd2c994ae" />
		<rom name="Zissou -The Life Aquatic (Original 2022) Sound Mod v1.0.vpx" size="133054464" crc="351c382b" md5="572edec645b93b8914188c641b296af2" sha1="8374ac809b4f11020c5d81e0790e7cb0745097cb" />
		<rom name="zissou loading video.mp4" size="34509062" crc="e2c8eaa1" md5="58d0b1baf7452665203c286d6ba417bd" sha1="3622bad1e2e4efd42ded2a2abb06147827c323a7" />
		<rom name="Zissou Wheel.png" size="1128855" crc="a2eab308" md5="5200dd0f8fec14ff816b6771dd26d1f8" sha1="89c1c6a5da26d02146bfaf0d76c1226be04d3e97" />
		<rom name="ZissouFullDMD.mp4" size="39808959" crc="76ea9165" md5="a2119b0d34447b51c1b5ccc9cc085874" sha1="20c359db88d8ab40900647eb4ce4cb5ede2e0b74" />
	</machine>
</datafile>