<?xml version="1.0" encoding="utf-8"?>
<!DOCTYPE datafile PUBLIC "-//Logiqx//DTD ROM Management Datafile//EN" "http://www.logiqx.com/Dats/datafile.dtd">
<datafile>
	<header>
		<name>Visual Pinball [VP91x] PinMame Tables [WideScreen]</name>
		<description>Visual Pinball [VP91x] PinMame Tables [WideScreen] (2024-01-27)</description>
		<version></version>
		<date>2024-01-27</date>
		<author></author>
	</header>
	<machine name="Algar (Williams)(1980)(PracticeDummy, dboyrecords)(1.2.1)[VP912][WideScreen batch]">
		<description>Algar (Williams)(1980)(PracticeDummy, dboyrecords)(1.2.1)[VP912][WideScreen batch]</description>
		<rom name="algar-vp9-ws.jpg" size="888248" crc="8896cd1e" md5="64792c4508c246ac3e30814bfd4b635c" sha1="1bfbb676aafb9fbd94d5a44a8fcd345473e356b4" />
		<rom name="Algar_V_1_2_1_VP9 WS mod.vpt" size="29806592" crc="14febd4e" md5="a16352fb722b6b957ca31764d0bcc3c3" sha1="ec01cbb9402fafb0a188f97496fdb76fbd3d43db" />
	</machine>
	<machine name="Atlantis (Bally)(1989)(ICPjuggla, Herweh, OldSkoolGamer)(1.1)[VP915][WideScreen ICPjuggla, Herweh, OldSkoolGamer]">
		<description>Atlantis (Bally)(1989)(ICPjuggla, Herweh, OldSkoolGamer)(1.1)[VP915][WideScreen ICPjuggla, Herweh, OldSkoolGamer]</description>
		<rom name="Atlantis (Bally)(1989)(ICPjuggla, Herweh, OldSkoolGamer)(1.1)[VP915][WideScreen ICPjuggla, Herweh, OldSkoolGamer].vpt" size="41992192" crc="a751949b" md5="844b5c08f628acf359fc0d7785f7825b" sha1="7d2b734b758ce591b8dd49b14c388424c08ec463" />
		<rom name="Atlantis screenshot.png" size="3825031" crc="97bf26a7" md5="e8faef76b143af81c48cc9c669208781" sha1="ed06bf278a483db6e7c14e0a7fa9a1e0c2c9f94a" />
	</machine>
	<machine name="Embryon (Bally)(1981)(ICPjuggla, Herweh, OldSkoolGamer)(1.01)[VP915][WideScreen ICPjuggla, Herweh, OldSkoolGamer]">
		<description>Embryon (Bally)(1981)(ICPjuggla, Herweh, OldSkoolGamer)(1.01)[VP915][WideScreen ICPjuggla, Herweh, OldSkoolGamer]</description>
		<rom name="Embryon (Bally)(1980)(ICPjuggla, Herweh, OldSkoolGamer)(1.01)[VP915][WideScreen ICPjuggla, Herweh, OldSkoolGamer].vpt" size="27766784" crc="9bbc5186" md5="c9d33aa721d7399596300cca50472548" sha1="131d06f7c5640c817ba69b218854c296110a9593" />
		<rom name="Embryon screenshot.png" size="1838236" crc="4558d124" md5="afe36b74f7910544738898b64c77eae0" sha1="a1afa078af237171905133e93ec4b4871d4a2122" />
	</machine>
	<machine name="Flash Gordon (Bally)(1981)(Sindbad, Batch)(2.2)[VP91x][WideScreen]">
		<description>Flash Gordon (Bally)(1981)(Sindbad, Batch)(2.2)[VP91x][WideScreen]</description>
		<rom name="Flash Gordon (Bally 1981) (VP9.x DX9 WS 2.2).vpt" size="14462976" crc="87be1601" md5="a7f9e9919296e24a45e141835516164d" sha1="8f2820b117a3ed6384e4b92ca7d0f2978f2b3eb8" />
		<rom name="flash-gordon-vp9-ws.jpg" size="862981" crc="0a925b0f" md5="72f8e2991ec41bd3ab2e2f78bd51e65f" sha1="93983019babfaa79835292a45f2743635b5c51e5" />
	</machine>
	<machine name="Hot Hand (Stern)(1979)(tamoore, Skalar, Destruk)(1.2)[VP912][WideScreen]">
		<description>Hot Hand (Stern)(1979)(tamoore, Skalar, Destruk)(1.2)[VP912][WideScreen]</description>
		<rom name="Hot Hand WS 1.2.vpt" size="14413824" crc="25985ac6" md5="966f14eb93042e84b6255e009bf49600" sha1="fdb5c1d71223faf3f05d74e9c160615a0dc237d5" />
		<rom name="screenshot.jpg" size="592185" crc="f961f23a" md5="032e4d97fb8b8a048892bd65ffd854fd" sha1="8c93cb9fa5ddb9d90ae11ea15a125d4eeed1837c" />
	</machine>
	<machine name="Laser War (Data East)(1987)(ICPjuggla, Herweh, OldSkoolGamer)(1.0.2)[VP915][WideScreen]">
		<description>Laser War (Data East)(1987)(ICPjuggla, Herweh, OldSkoolGamer)(1.0.2)[VP915][WideScreen]</description>
		<rom name="Laser War screenshot.png" size="1722948" crc="12b3672c" md5="e81127a71414c9f680ebaca855d214d9" sha1="3fa659bcdd76484db626725f407a6632c3932907" />
		<rom name="LaserWar_VP915_1.02_WS.vpt" size="32411648" crc="5a86d631" md5="0804cbfc01fe50d4a17bb9193a0eb7a0" sha1="42b05fb020e642299c9d7f20e2a2442f4d985cb0" />
	</machine>
	<machine name="Lord of the Rings, The (Stern)(2003)(JPSalas, Groni)[VP916][WideScreen HD Titanium Edition MOD baloo42 v3.7.1]">
		<description>Lord of the Rings, The (Stern)(2003)(JPSalas, Groni)[VP916][WideScreen HD Titanium Edition MOD baloo42 v3.7.1]</description>
		<rom name="Lord of the Rings, The (Stern)(2003)(JPSalas, Groni)[VP916][WideScreen HD Titanium Edition MOD baloo42 v3.7.1].vpt" size="33669120" crc="591392da" md5="74eae4348a920d221966cdce7be0bbbc" sha1="7a58255c6a18ac8e6c33e1fa9cfe3e615d2ce758" />
		<rom name="Lord of the Rings, The screenshot.jpg" size="320016" crc="afff0b79" md5="9eb2071d891cdabe82997b8008b46882" sha1="345fe1ebacbdde0bb276e22a64ff0cbf0e7e3890" />
		<rom name="LOTR instructions_detailed.txt" size="46342" crc="493177ff" md5="1d4b19f53b1e6c6e7a7c6b7a9e4d562c" sha1="d88b3ac566547f37ec0a1da902da843692b84f19" />
		<rom name="LOTR instructions_overview.jpg" size="527808" crc="426049bc" md5="91ac8f1bc48083b09cb657f48f56e023" sha1="0f1e9fdc283cf408e5991f07f0f4ed8f71dffca6" />
	</machine>
	<machine name="Mousin' Around (Bally)(1989)(Epthegeek, ICPjuggla, OldSkoolGamer, ClarkKent, Herweh)(1.0)[VP915][WS]">
		<description>Mousin' Around (Bally)(1989)(Epthegeek, ICPjuggla, OldSkoolGamer, ClarkKent, Herweh)(1.0)[VP915][WS]</description>
		<rom name="Mousin-Around_VP915_1.0_WS.vpt" size="31281152" crc="9e8a14ed" md5="a5b3e23f9538319ae045470c019bb648" sha1="b068e4ee132cdbe5b32fdf819eb6ef29249a5b1e" />
		<rom name="screenshot.png" size="4356339" crc="a03cd0db" md5="ed3a6596fe00da1a909daf282839db80" sha1="07dafea1829eb10ffcf8d2af82c69668ffbece59" />
	</machine>
	<machine name="Robot (Zaccaria)(1985)(hmueck)(1.2)[VP912][WideScreen]">
		<description>Robot (Zaccaria)(1985)(hmueck)(1.2)[VP912][WideScreen]</description>
		<rom name="Robot WS 1.2.vpt" size="24465408" crc="d99e7f65" md5="d2ab8643deb81ffc2bd5ae1893a53df1" sha1="52e0f3705e5e6909b2d41a62728ca3d1de7f5dd3" />
		<rom name="robot--zaccaria-1985-ws.jpg" size="387928" crc="982fc9b1" md5="ba0b4474306fead121073a0f289c51c5" sha1="f114e91e4923b831ca013590f19b7dec14a1d07c" />
	</machine>
	<machine name="Safe Cracker (Bally)(1996)(ICPjuggla, OldSkoolGamer, Herweh)(1.0)[VP915][WS ICPjuggla, OldSkoolGamer, Herweh]">
		<description>Safe Cracker (Bally)(1996)(ICPjuggla, OldSkoolGamer, Herweh)(1.0)[VP915][WS ICPjuggla, OldSkoolGamer, Herweh]</description>
		<rom name="Safe Cracker_VP915_1.0_WS.vpt" size="44232704" crc="f9bd15b1" md5="d30548fcdcd9263c4cba1423822f2406" sha1="0114b5769f5646ecccfc7980a76d5687bf615bce" />
		<rom name="sc2.png" size="4417049" crc="391d967e" md5="518d9c691566b86dc7d0966771f87b75" sha1="5b9ee0d88f19c8f3c942ee7ce610b71226526208" />
	</machine>
	<machine name="Sinbad (Gottlieb)(1978)(pinuck, kruge99)(1.0)[VP912][WideScreen]">
		<description>Sinbad (Gottlieb)(1978)(pinuck, kruge99)(1.0)[VP912][WideScreen]</description>
		<rom name="screenshot.jpg" size="291802" crc="9dc0b30b" md5="2d8198775bb608f8a3792c230409918f" sha1="9677f99ea6e9e9f7cd1e7d44489955f365c6cc07" />
		<rom name="Sinbad_VP912_WS_1.0.vpt" size="15679488" crc="46747353" md5="690d371cf4cd095bccf612ee9263bdb6" sha1="780a615ce7c0569bea22ca0d33b8d7d229f11126" />
	</machine>
	<machine name="Space Station (Williams)(1987)(hmeuck)(1.0a_rev2)[VP912][WideScreen]">
		<description>Space Station (Williams)(1987)(hmeuck)(1.0a_rev2)[VP912][WideScreen]</description>
		<rom name="Space Station WS 1.0a_rev2.vpt" size="79265792" crc="95998a1e" md5="79572d69b3a2a6e8f4d632c2d2ea8af9" sha1="161609110c1d5ed551940a80a15e649df96a6326" />
		<rom name="unbenannt.jpg" size="448675" crc="f7f4c3f2" md5="1ade5cb0c49f292ddabad69054524326" sha1="f52075f213c3d51faab419b865756536c3ca7a0d" />
	</machine>
	<machine name="Tri Zone (Williams)(1979)(Kiwi)(1.0.2)[VP915][WideScreen]">
		<description>Tri Zone (Williams)(1979)(Kiwi)(1.0.2)[VP915][WideScreen]</description>
		<rom name="Tri Zone_WS_VP915_v1.0.2.vpt" size="11743232" crc="dbf0cfcb" md5="2220ce6b5638f1f8491e05d75174b72c" sha1="4352fe97606e3d55540c05c1254bc25e1c2ca06e" />
		<rom name="trizonews102.png" size="2698913" crc="ada3ccfc" md5="c74222dbe860cf5bb0d1ce83111fce2f" sha1="f4e16d61cba61f0398f790977c5a35b41ef5d2d6" />
	</machine>
	<machine name="World Cup Soccer 94 (Bally)(1994)(Lupopt)(1.2)[VP911][WS Lupopt]">
		<description>World Cup Soccer 94 (Bally)(1994)(Lupopt)(1.2)[VP911][WS Lupopt]</description>
		<rom name="screenshot.jpg" size="2034451" crc="93dd6286" md5="57d98030eae429bcc7a1afc709511314" sha1="af562aee0b611423aec34fa1193391b843c31240" />
		<rom name="WCS94_VP91x_v1.2desk.vpt" size="29179904" crc="2043233e" md5="23108ba97bd40e40230ee1daef2867f3" sha1="5984ecfb404c394aa8cffbf8a79793e32a68ca72" />
	</machine>
</datafile>