<?xml version="1.0" encoding="utf-8"?>
<!DOCTYPE datafile PUBLIC "-//Logiqx//DTD ROM Management Datafile//EN" "http://www.logiqx.com/Dats/datafile.dtd">
<datafile>
	<header>
		<name>Visual Pinball [VPX08] Recreated Tables</name>
		<description>Visual Pinball [VPX08] Recreated Tables (2024-01-27)</description>
		<version></version>
		<date>2024-01-27</date>
		<author></author>
	</header>
	<machine name="4 Aces (Williams)(1970)(JPSalas, Halen)(1.0.2)[VPX08][DOF pedator]">
		<description>4 Aces (Williams)(1970)(JPSalas, Halen)(1.0.2)[VPX08][DOF pedator]</description>
		<rom name="4 Aces (Williams 1970) JP_VPX8.directb2s" size="3371794" crc="bfe9102c" md5="0e7c71fbc6631016dc5bfc296710d881" sha1="a8ac108bfdc2f74a05aac7d42c32e46714d87b3f" />
		<rom name="4 Aces (Williams 1970) JP_VPX8.vpx" size="8265728" crc="3bd592a6" md5="a92cc1d432c9ce4629bcd7cb406965ab" sha1="8f5149665b7d4e6b4de586891f078ac839e1555b" />
	</machine>
	<machine name="Ace High (Gottlieb)(1957)(JPSalas, Halen)(1.0.1)[VPX08]">
		<description>Ace High (Gottlieb)(1957)(JPSalas, Halen)(1.0.1)[VPX08]</description>
		<rom name="Ace High (Gottlieb 1957) JP_VPX8.directb2s" size="14674184" crc="0ecc057f" md5="0c6011fcb50129f9f5e06bec9a0929ce" sha1="92b2c6b23d80af64f825e33a8a005d09d498861a" />
		<rom name="Ace High (Gottlieb 1957) JP_VPX8.vpx" size="17600512" crc="13226c84" md5="34ad347e12d01cb315d68280b23ad9e6" sha1="2cc905a34a0a9655e8daf9cbb9c7213266bee8cd" />
	</machine>
	<machine name="Alice in Wonderland (Gottlieb)(1948)(JPSalas, Mister Transistor)(1.0.1)[VPX08]">
		<description>Alice in Wonderland (Gottlieb)(1948)(JPSalas, Mister Transistor)(1.0.1)[VPX08]</description>
		<rom name="Alice in Wonderland (Gottlieb 1948) JP_VPX8.directb2s" size="9487716" crc="9abcec6e" md5="0d608b088b75d7b82ef6761d4631806b" sha1="10dafc54c07054077a15b420230409b8ea636297" />
		<rom name="Alice in Wonderland (Gottlieb 1948) JP_VPX8.vpx" size="11784192" crc="f9b62c1f" md5="e94d87d55d81a8be10ecab330f77bffc" sha1="8ad898773c4ce2d26466479db08ec712cb5f4c13" />
	</machine>
	<machine name="Avengers Infinity Quest (Stern)(2020)(fastdraw, GRANIT)(1.0.1)[VPX08]">
		<description>Avengers Infinity Quest (Stern)(2020)(fastdraw, GRANIT)(1.0.1)[VPX08]</description>
		<rom name="IQ2.vpx" size="33120256" crc="d51eb4c6" md5="05e9305f21108d99933b7fc46e1c3dcc" sha1="74e5dd2f67d6d90070ea07112164e1582355f814" />
		<rom name="IQ2Table New improved playfield and apron.vpx" size="52965376" crc="7c3f6d36" md5="89e0773f202975aad676667a844c21a9" sha1="d451d8a8d4b9fff3d89950f94845dfc1e98a002a" />
		<rom name="IQ.vpx" size="31670272" crc="9e8ca46c" md5="f966702c116b48762a420c1925b5f343" sha1="4a33711652435fb7ee7d2bc063bdfa2276c5c1d7" />
	</machine>
	<machine name="Coronation (Gottlieb)(1952)(JPSalas)(1.0.1)[VPX08]">
		<description>Coronation (Gottlieb)(1952)(JPSalas)(1.0.1)[VPX08]</description>
		<rom name="Coronation (Gottlieb 1952) JP_VPX8.directb2s" size="5273225" crc="cb833433" md5="95e6dd4ffb5825a02aa9791df08cb9da" sha1="28c215efb29a07bfa8be2f62fa9bb93864b911b3" />
		<rom name="Coronation (Gottlieb 1952) JP_VPX8.vpx" size="10821632" crc="943e0327" md5="15b22dacb994e02879b93984e7a190ad" sha1="c3fe02152076bf8ba342577f1f67f9dac8b42f6c" />
	</machine>
	<machine name="Crystal-Ball (Talleres del Llobregat)(1970)(JPSalas)(1.0.2)[VPX08]">
		<description>Crystal-Ball (Talleres del Llobregat)(1970)(JPSalas)(1.0.2)[VPX08]</description>
		<rom name="Crystal-Ball (Talleres del Llobregat 1970) JP-VPX8.directb2s" size="4949176" crc="815b7840" md5="28cdbcf86d55805903b6015cab45c10e" sha1="d23a2be2a5ebb64b467d9bc304886aed86ec9835" />
		<rom name="Crystal-Ball (Talleres del Llobregat 1970) JP-VPX8.vpx" size="10665984" crc="239ccfa9" md5="c748a400a1c4286457c3e05bd20f0e52" sha1="4994d1a5322c4547b7b5787b0cba8cd73d681575" />
	</machine>
	<machine name="Godzilla Special Edition (Stern)(2021)(VPW)(1-April Fools Joke)[VPX08]">
		<description>Godzilla Special Edition (Stern)(2021)(VPW)(1-April Fools Joke)[VPX08]</description>
		<rom name="Godzilla.vpx" size="901120" crc="c7094ba8" md5="4f260d81ae14051cf1bd66c9999782d6" sha1="5267b3ccb889adc7a3278bce139d053a886a2398" />
	</machine>
	<machine name="Hi-Score (Gottlieb)(1967)(JPSalas, Halen)(1.0.0)[VPX08]">
		<description>Hi-Score (Gottlieb)(1967)(JPSalas, Halen)(1.0.0)[VPX08]</description>
		<rom name="Hi-Score (Gottlieb 1967) JP_VPX8.directb2s" size="8185908" crc="9d2a28a7" md5="2b9220ab4aeb317b748e9d27798fcbc5" sha1="854634c5a46cdf57ee82ff4d207874697b35d525" />
		<rom name="Hi-Score (Gottlieb 1967) JP_VPX8.vpx" size="8376320" crc="7da3dc3e" md5="39f56b54f8a9b6af5827e34a64f8d3c8" sha1="dfec30abb6c1e541d4cbcc49fe6e3fc8dd218207" />
	</machine>
	<machine name="Jumping Jack (Gottlieb)(1973)(Loserman76, dboyrecords, Hauntfreaks, Kiwi, Wildman)(2.0.2)[VPX08][VR DarthVito]">
		<description>Jumping Jack (Gottlieb)(1973)(Loserman76, dboyrecords, Hauntfreaks, Kiwi, Wildman)(2.0.2)[VPX08][VR DarthVito]</description>
		<rom name="Full DMD Read Me.txt" size="1322" crc="04fbf0dc" md5="fb72218362d7e33ec792ab1f7529a84f" sha1="dad447d6781323f6e8af2bbfb03ada5a3b6bd02f" />
		<rom name="Jumping Jack (Gottlieb 1973) v2.02.directb2s" size="31721603" crc="7d9eb825" md5="691174e76537cd425e2ead3573153412" sha1="09767640bb79282d7ebeb8bc95acd9951b061518" />
		<rom name="Jumping Jack (Gottlieb 1973) v2.02.vpx" size="95490048" crc="ef534c1d" md5="fba1d300723c8476780be9a838869e6c" sha1="0b6be3c487de16ec592a6d416b454ad393a6c985" />
	</machine>
	<machine name="Jungle Queen (Gottlieb)(1977)(wiesshund, Starman)(4.0.0)[VPX08]">
		<description>Jungle Queen (Gottlieb)(1977)(wiesshund, Starman)(4.0.0)[VPX08]</description>
		<rom name="Jungle_Queen.directB2S" size="6189361" crc="62560ea9" md5="9564e7d77e903f5e40b1f4b277821344" sha1="4f8f93f15e820a32c86d5c9ee3f0bbfb44782a19" />
		<rom name="Jungle_Queen.vpx" size="25600000" crc="cf4f6824" md5="22523a8b24f14c3e7fe5d9e0f4c9f018" sha1="322b3904bd84bf3f7eddd65ce368b51635520c43" />
	</machine>
	<machine name="Rawhide (Stern)(1977)(JPSalas, Halen, Patrick2610)(1.0.1)[VPX08]">
		<description>Rawhide (Stern)(1977)(JPSalas, Halen, Patrick2610)(1.0.1)[VPX08]</description>
		<rom name="Rawhide (Stern 1977) JP_VPX8.directb2s" size="5889755" crc="a0c5d113" md5="9d200e82bad16e2fe284234a17ea511b" sha1="b5f4b5a1afb03ee625b04966e8ad7e6ef6cf477c" />
		<rom name="Rawhide (Stern 1977) JP_VPX8.vpx" size="9408512" crc="4d905c0e" md5="7108e3acd89f18181522236392015822" sha1="5a3fc557043c0c4dc9a8e2b4f68ab4c0e3265cf9" />
	</machine>
	<machine name="Schuss (1968)(Rally)(JPSalas, wiesshund)(5.0.1)[VPX08]">
		<description>Schuss (1968)(Rally)(JPSalas, wiesshund)(5.0.1)[VPX08]</description>
		<rom name="Schuss JP_VPX8.directb2s" size="6562384" crc="7b0ea2dc" md5="ab209cb32bd07260d0355c0e8051d46e" sha1="f49165f7b1f4ed0397acc98e9cd2e1fc409c1013" />
		<rom name="Schuss JP_VPX8.vpx" size="5926912" crc="1d9b12f0" md5="6763c9cb05e5162c11449fbe35c04064" sha1="505c297d9e22f239d60a95e9e5e532e7be3b2a08" />
		<rom name="Schuss.dark.directb2s" size="4102772" crc="6ca99179" md5="3c6ceb5e061bd3d4f40c6b15990ea4b0" sha1="de5053d96212cb532ebc960c0582fcea4df5c145" />
		<rom name="Schuss.directb2s" size="6427366" crc="051636cc" md5="e726abd46e6700720d10f28711d3aa91" sha1="ef7b670c6b926b9afc9a4c416060260d46b9d996" />
	</machine>
	<machine name="Spider-Man Vault Edition (Stern)(2016)(Alessio)(2.1)[VPX08]">
		<description>Spider-Man Vault Edition (Stern)(2016)(Alessio)(2.1)[VPX08]</description>
		<rom name="Spider-Man Vault Edition 2.1.vpx" size="50151424" crc="a87d0760" md5="2b8e4a458134aafec295adf06cc8a66c" sha1="eb046631db79d423b42a52304467df198b40f0be" />
		<rom name="Spider-Man Vault Edition.vpx" size="61132800" crc="5f755978" md5="ae63c47d49168c8858ca14ba7133f0d3" sha1="a0210195c22da95a0300724e7a198a27161fd48b" />
	</machine>
	<machine name="Stampede (Stern)(1977)(JPSalas, Halen, Patrick2610)(1.0.1)[VPX08]">
		<description>Stampede (Stern)(1977)(JPSalas, Halen, Patrick2610)(1.0.1)[VPX08]</description>
		<rom name="Stampede (Stern 1977) JP_VPX8.directb2s" size="8216356" crc="db9a0270" md5="1fc13d610501131e6edfd080220aba3e" sha1="552399f7c8629d35f4bc4ca274cf7f50c06bc4d8" />
		<rom name="Stampede (Stern 1977) JP_VPX8.vpx" size="9486336" crc="48e18621" md5="4abb8da2b7307919a30a5773247c0b35" sha1="75ea084344e7be5c7da36e420cd652c73acaa5b4" />
	</machine>
	<machine name="Super Score (Gottlieb)(1967)(JPSalas, Halen)(1.0.0)[VPX08]">
		<description>Super Score (Gottlieb)(1967)(JPSalas, Halen)(1.0.0)[VPX08]</description>
		<rom name="Super Score (Gottlieb 1967) JP_VPX8.directb2s" size="9391555" crc="b53f99ab" md5="5eaeaa1c95b99bfb79de4dea4dcced49" sha1="b5ada1822a8bda4fcb7f378918c55b722c8169f6" />
		<rom name="Super Score (Gottlieb 1967) JP_VPX8.vpx" size="7696384" crc="d23bfa79" md5="13b2c97adcfd3d6431c0508e18d19131" sha1="d3c56b1782a00f57a19ab6a2b054cb4d1c198059" />
	</machine>
	<machine name="Sweet Sioux (Gottlieb)(1959)(JPSalas, Halen, BleedinFingers)(1.0.0)[VPX08]">
		<description>Sweet Sioux (Gottlieb)(1959)(JPSalas, Halen, BleedinFingers)(1.0.0)[VPX08]</description>
		<rom name="Sweet Sioux (Gottlieb 1959) JP_VPX8.directb2s" size="4872917" crc="e6a3f8a5" md5="17dff09c6c9ad1a1a5622d68cafde1b3" sha1="89ed8edcd9f885de9a3e8207c4a9e7f2bb1f07df" />
		<rom name="Sweet Sioux (Gottlieb 1959) JP_VPX8.vpx" size="11042816" crc="bbe72e94" md5="40b068c434f08aa8e78ecaa3c2d3a300" sha1="acd530eb12d6dcaad3e9d7e005f8bee8a0db8a63" />
	</machine>
	<machine name="Wimbledon (Electromatic)(1978)(JPSalas, Halen)(1.0.1)[VPX08]">
		<description>Wimbledon (Electromatic)(1978)(JPSalas, Halen)(1.0.1)[VPX08]</description>
		<rom name="Wimbledon (Electromatic 1978) JP_VPX8.directb2s" size="4846235" crc="213d4dfc" md5="8706cf9926b88eccae17842ca75dd609" sha1="e091fe5b20d1b2d9fd7a1c878f7ed94966669bc7" />
		<rom name="Wimbledon (Electromatic 1978) JP_VPX8.vpx" size="5132288" crc="9997f630" md5="e8576c190a07f4da6c9d7daf0022837a" sha1="6a8ca2a07a4e7bab270cdb5dd532d912b519879a" />
	</machine>
</datafile>