<?xml version="1.0" encoding="utf-8"?>
<!DOCTYPE datafile PUBLIC "-//Logiqx//DTD ROM Management Datafile//EN" "http://www.logiqx.com/Dats/datafile.dtd">
<datafile>
	<header>
		<name>Visual Pinball [VP91x] Original Tables [Flipperless]</name>
		<description>Visual Pinball [VP91x] Original Tables [Flipperless] (2024-01-27)</description>
		<version></version>
		<date>2024-01-27</date>
		<author></author>
	</header>
	<machine name="- ZEN - (druadic)(1.0)[VP916][Puzzle game]">
		<description>- ZEN - (druadic)(1.0)[VP916][Puzzle game]</description>
		<rom name="1.0/- ZEN - (druadic)(1.0)[VP916][Puzzle game].vpt" size="1687552" crc="8c16c284" md5="e57aebd18929986d2a6bf0047b110417" sha1="d367316b8fed494d385f119b2707b9bab20f6242" />
		<rom name="1.0/- ZEN - creation.txt" size="5788" crc="60b390de" md5="1d93989c052c4b45893378a147368b07" sha1="b930dd76fa52335e11ab86cd828b9fa355b78d34" />
		<rom name="1.0/- ZEN - Hello.txt" size="3819" crc="15d9d3cf" md5="fb70cbb25ee692289fc0c40059bbf231" sha1="434c9f436fade615bd315d07645084b8238f681a" />
		<rom name="1.0/- ZEN - info.txt" size="1907" crc="ac9e9942" md5="ef8f6a8bfb0cbacbe3e8c36b095d1922" sha1="b7634ca4e1dce973e55f88dd9ebb3da91ff6d83c" />
		<rom name="1.0/- ZEN - play.txt" size="4112" crc="96db40c6" md5="3c1e44b2a5d3cd2e9fe4364f5905d15f" sha1="6d25c174bd7027916693258d20fd340db80dc00c" />
		<rom name="1.0/- ZEN - screenshot.jpg" size="204006" crc="c2ba2fa0" md5="c52cf02f5f6d52de197242901388c88e" sha1="f39f04bc7d8e7e8518afeb1d2967b556afe3b77c" />
		<rom name="Music/Cathedral.mp3" size="4938604" crc="c2f3aa50" md5="61c050d0d302e840f07c29a1be712b1b" sha1="02e4a9d01a5f9d89c07ab5979fad9dc6af8163db" />
		<rom name="Music/Open Ways.mp3" size="4411976" crc="a90817d6" md5="6970c7e9674a3152308021f682401abd" sha1="e247667fa0d42f68fb2069f2edbfc605bb5dc77b" />
		<rom name="Music/Return To Me.mp3" size="4377703" crc="e09dc394" md5="ee5276be4b510a04571d96452065cd4d" sha1="49846d3c40cac2815c9b8e069758a6fdcc27d877" />
		<rom name="Music/We Rest.mp3" size="4229328" crc="654f7508" md5="77f3a0bbc0983860a71b81f6534ce93c" sha1="87010979de4dcfc498cd05978b7357ba80be9578" />
		<rom name="WIP/- ZEN - (druadic)(WIP)[VP916][Puzzle game].vpt" size="1655808" crc="7a0e58c9" md5="e98d2d8b1055735d68a280014e4a30eb" sha1="25d6e5aa7323159ee4fb320d6757b72333c5e26b" />
		<rom name="WIP/- ZEN - screenshot.jpg" size="3992" crc="6f63f1c8" md5="0159d7d7cb6bfa77062604838c6ba15b" sha1="dc24615d6cea770b3a4528d4d42ec28aa64019c0" />
		<rom name="WIP/Hello.txt" size="3817" crc="ec18c57d" md5="0c4d69d0bdae4bd83d2e182322fb6086" sha1="88a9aff371081f66a15625fea2edcc96e5961662" />
		<rom name="WIP/Zen_creation.txt" size="5788" crc="60b390de" md5="1d93989c052c4b45893378a147368b07" sha1="b930dd76fa52335e11ab86cd828b9fa355b78d34" />
		<rom name="WIP/Zen_info.txt" size="1681" crc="62a87fd3" md5="c04a8c9aea7eea5e71524824fc09ba01" sha1="50ede29803811e8419d3d189548adc70e0657b39" />
		<rom name="WIP/Zen_play.txt" size="4112" crc="96db40c6" md5="3c1e44b2a5d3cd2e9fe4364f5905d15f" sha1="6d25c174bd7027916693258d20fd340db80dc00c" />
	</machine>
	<machine name="Future Foosball (2006)(Rascal)(1.0.1)(DT)[VP914]">
		<description>Future Foosball (2006)(Rascal)(1.0.1)(DT)[VP914]</description>
		<rom name="Future Foosball.vpt" size="5313024" crc="238671f4" md5="95f0a2f22bc451c7072178e4160f71e9" sha1="4eef3c0ecf3900370cf37357052a9ffb6e7fe140" />
		<rom name="future-foosball-screenshot.jpg" size="222915" crc="10ce6981" md5="84bad833ec4d9fa8ca2407aa303627a1" sha1="d6223ffbcea348428a26c5ebfe11cf72e68125e3" />
	</machine>
	<machine name="Merry Christmas (Romolo)(1.0)[VP912]">
		<description>Merry Christmas (Romolo)(1.0)[VP912]</description>
		<rom name="Merry Christmas (VP912).vpt" size="4132864" crc="69432693" md5="5b4575a33696b2e9e05ab2af9cc9cc39" sha1="94c31114ef5871fdae5f554d388ed4d8ff4aad42" />
		<rom name="Merry Christmas (VP912)ss.jpg" size="106320" crc="4273e1ad" md5="778f032e90074943843fcfde2646e84d" sha1="e3c138dcb5630472323f80d9811735fc4517b472" />
	</machine>
	<machine name="Ten Pin (Justin Case Kazoo)(1.0)[VP912][Flipperless]">
		<description>Ten Pin (Justin Case Kazoo)(1.0)[VP912][Flipperless]</description>
		<rom name="Ten Pin (Justin Case Kazoo)(1.0)[VP912][Flipperless].vpt" size="4005888" crc="11da3a23" md5="bfa5d777ab244c51aa4f478d3a02be39" sha1="5798e74fe11633c20b23858129b04b5624df1ee6" />
		<rom name="Ten Pin screenshot.png" size="336156" crc="5d1b2c14" md5="c792de14acb685767adedbc61b386794" sha1="57bc053bfaaaae4633e6fb1594c165b786624fc8" />
	</machine>
</datafile>