<?xml version="1.0" encoding="utf-8"?>
<!DOCTYPE datafile PUBLIC "-//Logiqx//DTD ROM Management Datafile//EN" "http://www.logiqx.com/Dats/datafile.dtd">
<datafile>
	<header>
		<name>Visual Pinball [VP92x] PinMame Tables [FullScreen]</name>
		<description>Visual Pinball [VP92x] PinMame Tables [FullScreen] (2024-01-27)</description>
		<version></version>
		<date>2024-01-27</date>
		<author></author>
	</header>
	<machine name="Apollo 13 (SEGA)(1995)(ICPjuggla, Herweh)(1.0.2)[VP920]FullScreen ICPjuggla, Herweh]">
		<description>Apollo 13 (SEGA)(1995)(ICPjuggla, Herweh)(1.0.2)[VP920]FullScreen ICPjuggla, Herweh]</description>
		<rom name="Apollo 13_VP9.2_1.0.2_FS.vpt" size="27688960" crc="25ad7b24" md5="daa985fb46cfc957651e53e91bc74f69" sha1="ca9d4451bc2be11f04946ca15e517466ce9f25d9" />
		<rom name="screenshot.png" size="4242511" crc="62806d9e" md5="3a36f53c20d985ee12bf6d1b9b956f92" sha1="9740cd76ded97641b85956a0bb15053a9621fccb" />
	</machine>
	<machine name="Austin Powers (Stern)(2001)(Javier1515)(1.3)[VP921][FullScreen][High Resolution]">
		<description>Austin Powers (Stern)(2001)(Javier1515)(1.3)[VP921][FullScreen][High Resolution]</description>
		<rom name="Austin Powers (Stern 2001) HR_ FS_VP9.2.1_Rev_1.3.vpt" size="38735872" crc="0240d0d2" md5="25625cd79c39ff4bc7b1b14fbd791e45" sha1="6ccd64da4708a6c4fe2791c0cd0a55729c054744" />
		<rom name="austin.jpg" size="811492" crc="028df11b" md5="9a280a24e63d9331861ce7c2301b6a05" sha1="cceda6976ddae9d78e2a5c2b616376bc875e65dd" />
	</machine>
	<machine name="Barracora (Williams)(1981)(Gtxjoe)(1.1.1)[VP920][FullScreen Gtxjoe][B2S Gtxjoe]">
		<description>Barracora (Williams)(1981)(Gtxjoe)(1.1.1)[VP920][FullScreen Gtxjoe][B2S Gtxjoe]</description>
		<rom name="Barracora (Williams 1981) (VP9.2 FS 1.1.1).vpt" size="25018368" crc="52e70b31" md5="b81a5684db682146263c2f48bdd5ee3b" sha1="157a006256af946358dab3ddd787897726918d26" />
		<rom name="Barracora screenshot.png" size="1591682" crc="ff25beb1" md5="2fc19e36e2eff7e9b73e050fc1c8fa7d" sha1="c86f5105a6a8f5fc10443dde858a973f479a7a8f" />
	</machine>
	<machine name="Batman Forever (SEGA)(1995)(mfuegemann)(1.1)[VP921][FullScreen + B2S mfuegemann]">
		<description>Batman Forever (SEGA)(1995)(mfuegemann)(1.1)[VP921][FullScreen + B2S mfuegemann]</description>
		<rom name="Batman Forever screenshot.png" size="2639429" crc="b0c59d63" md5="d4079c8c1d1c52a95077a89311a23e9b" sha1="62476206469a93896370e39dd0f31c89649c9e79" />
		<rom name="BatmanF_FS_1_1.vpt" size="32542720" crc="aeff56f0" md5="9a50fc617446a7131d64f4b88f848ec3" sha1="282a3424631166560ae6e880c73f5c2ecb890170" />
		<rom name="BF_xml.txt" size="168" crc="5fc43cdd" md5="cea26e56dcd03bb667b676f327b4e2b4" sha1="7da7fdb9ef6736514fe23515ea01802dde4ce71c" />
	</machine>
	<machine name="Black Knight 2000 (Williams)(1989)(melon)(1.0)[VP920][FullScreen melon]">
		<description>Black Knight 2000 (Williams)(1989)(melon)(1.0)[VP920][FullScreen melon]</description>
		<rom name="Black Knight 2000 (Williams)(1989)(melon)(1.0)[VP920][FullScreen melon].vpt" size="27430912" crc="ec5bf3db" md5="030b2ccd81b2868186ed8e83867bd183" sha1="0d62d60b2711ebad398d8b49741911e9ed6bcee6" />
		<rom name="Black Knight 2000 screenshot.jpg" size="981891" crc="02013ca6" md5="107bdace9b2c752fd414670f653b9974" sha1="b433113ba5264657ec03fc72c65f6bb11133e6e9" />
	</machine>
	<machine name="Centaur (Bally)(1981)(JimmyFingers, Fuzzel)(2.1)[VP921][FullScreen JimmyFingers, Fuzzel]">
		<description>Centaur (Bally)(1981)(JimmyFingers, Fuzzel)(2.1)[VP921][FullScreen JimmyFingers, Fuzzel]</description>
		<rom name="Centaur (Bally)(1981)(JimmyFingers, Fuzzel)(2.1)[VP921][FullScreen JimmyFingers, Fuzzel].vpt" size="41177088" crc="d258f560" md5="7cd6eaeb2e1314d95a2a055009e5edb3" sha1="c4a394dcc369e831a22ada08d5fd531b4a01294c" />
		<rom name="Centaur screenshot.png" size="2561511" crc="4d97d135" md5="6b1e64896b139e23590a47f6830f1925" sha1="6e99fb4547eff720bf7e97fb144bfb9cbccaa69d" />
	</machine>
	<machine name="Creature from the Black Lagoon (Bally)(1992)(melon)(1.0.1)[VP920][FullScreen melon]">
		<description>Creature from the Black Lagoon (Bally)(1992)(melon)(1.0.1)[VP920][FullScreen melon]</description>
		<rom name="Creature from the Black Lagoon (Bally)(1992)(melon)(1.0.1)[VP920][FullScreen melon].vpt" size="30457856" crc="5a070a62" md5="51085a60b342a710dde7e9a0c5dc3717" sha1="83423620f187506d9bcacdd5faae52c95e442ae8" />
		<rom name="Creature from the Black Lagoon screenshot.jpg" size="676448" crc="f904af48" md5="61f3483635ea3621219cf5db8d99c0c4" sha1="afb9b613878329e937d0dae6dd3ab188a5a2eaf1" />
	</machine>
	<machine name="Defender (Williams)(1982)(GTXJoe)(1.0)[VP920][FullScreen GTXJoe]">
		<description>Defender (Williams)(1982)(GTXJoe)(1.0)[VP920][FullScreen GTXJoe]</description>
		<rom name="Defender (Williams)(1982)(GTXJoe)(1.0)[VP920][FullScreen GTXJoe].vpt" size="25067520" crc="c1ec98e9" md5="e947ba60da57fd6716f35d4c85536dbb" sha1="3f50138e8842b96a1a0cc144de3264846dd59526" />
		<rom name="Defender screenshot.png" size="441302" crc="28984912" md5="b3e1dc5f42c8406d5ac37b19d73653f0" sha1="cdd2f7ef143e389bc6643ed3fd8c653386b982b2" />
	</machine>
	<machine name="Dungeons &amp; Dragons (Bally)(1987)(mfuegemann)(1.2a)[VP921][FullScreen mfuegemann]">
		<description>Dungeons &amp; Dragons (Bally)(1987)(mfuegemann)(1.2a)[VP921][FullScreen mfuegemann]</description>
		<rom name="DuD_1_2a.vpt" size="22994944" crc="8629f928" md5="55c14b5b1773157de99202adc47fb35e" sha1="f37097d9ff866ef16fa153cf8ed8ab72b30426d8" />
		<rom name="DUD_xml.txt" size="168" crc="b27582d0" md5="964626ef92bd426543899d740b0c59cd" sha1="09c5d3966deb074466d7fdadf4839393f30a4b25" />
		<rom name="Dungeons &amp; Dragons screenshot.jpg" size="646698" crc="d6233e2c" md5="fd7e387a8ffc8bc8fac523aa846baeef" sha1="d2ab1f3d382cb3218a504cedf8fe0d8d8a025209" />
	</machine>
	<machine name="Embryon (Bally)(1981)(ICPjuggla, Herweh, OldSkoolGamer)(1.02)[VP92x][FullScreen]">
		<description>Embryon (Bally)(1981)(ICPjuggla, Herweh, OldSkoolGamer)(1.02)[VP92x][FullScreen]</description>
		<rom name="Embryon_VP9.2_1.02_FS.vpt" size="24678400" crc="6ae16bdf" md5="725018dc559de3a7536884afe8df2af3" sha1="a0f1a90c6ea63447f9832b55cb38facd02a6f945" />
		<rom name="embryonfs.png" size="1800731" crc="e524a93d" md5="b8a63250304dcb21e9d0b643174fc3c6" sha1="dfc1958f630f8097ab2cdc777597a8b29de18c2f" />
	</machine>
	<machine name="F-14 Tomcat (Williams)(1987)(JPSalas, rosve)(1.00)[VP920][FullScreen rosve][MOD marauder v1.0]">
		<description>F-14 Tomcat (Williams)(1987)(JPSalas, rosve)(1.00)[VP920][FullScreen rosve][MOD marauder v1.0]</description>
		<rom name="F-14 Tomcat (FullScreen) screenshot.jpg" size="465689" crc="4d0fe8cb" md5="13aed36a0d856c494337ff2c8e19a2e4" sha1="e174bd1b3a09994241ebb9add5a4ad7acde6d637" />
		<rom name="F-14 Tomcat (Williams)(1987)(JPSalas, rosve)(1.00)[VP920][FullScreen rosve][MOD marauder v1.0].vpt" size="15425536" crc="51e141da" md5="294c526dc655a6a171007749caac98a6" sha1="44260e396771820353bc019fcd8db3891df6ef35" />
	</machine>
	<machine name="F-14 Tomcat (Williams)(1987)(JPSalas, Rosve, chinzman93)(2.1)[VP92x][FS][Day Mode]">
		<description>F-14 Tomcat (Williams)(1987)(JPSalas, Rosve, chinzman93)(2.1)[VP92x][FS][Day Mode]</description>
		<rom name="F-14 Tomcat (Williams)(1987)(JPSalas, Rosve, chinzman93)(2.1)(FS)(9.2+)DayMod 2.1.png" size="3752909" crc="1a9bc294" md5="6153c782431edce6248cfd5558cecd03" sha1="0db3f1f4143c9c02e6ae6b0fe6ba9bd965b8101a" />
		<rom name="F-14 Tomcat (Williams)(1987)(JPSalas, Rosve, chinzman93)(2.1)(FS)(9.2+)DayMod.vpt" size="11534336" crc="5bc4b295" md5="0d491fb5d6c280bac3bc7efed4c87e0d" sha1="93ab12d97a0f10fee4c0ccb6262fcbbb9b5f1e7c" />
	</machine>
	<machine name="F-14 Tomcat (Williams)(1987)(JPSalas, Rosve, chinzman93)(2.1)[VP92x][FS][Night Mode]">
		<description>F-14 Tomcat (Williams)(1987)(JPSalas, Rosve, chinzman93)(2.1)[VP92x][FS][Night Mode]</description>
		<rom name="F-14 Tomcat (Williams)(1987)(JPSalas, Rosve, chinzman93)(2.1)(FS)(9.2+).vpt" size="11894784" crc="470cc1fd" md5="ae9ef9cc29f45fbe1d4b126a2643069b" sha1="0b2d68beeecf8cc7e61870a1c3993638d1b41ea2" />
		<rom name="F-14 Tomcat (Williams)(1987)(JPSalas, Rosve, chinzman93)(2.1)(FS)(9.2+)NMod 2.1.png" size="21545986" crc="d46ed9a9" md5="daca9b1da662132837c9ddd16fb8b71b" sha1="30a20306bc2f50b01c25009141f09e8e13f40d02" />
	</machine>
	<machine name="Fish Tales (Williams)(1992)(melon)(2.0.1)[VP920][FullScreen melon]">
		<description>Fish Tales (Williams)(1992)(melon)(2.0.1)[VP920][FullScreen melon]</description>
		<rom name="Fish Tales 2.0.1 - melon -  VP92 FS.vpt" size="40087552" crc="ea4c8a27" md5="c82c04a7d0e0a4377f510ed28bbe4d73" sha1="8eee5aa2ffcf8506960fa35e6b29ff2a592f3eb5" />
		<rom name="ftfs.jpg" size="953012" crc="63ae495e" md5="89261cd95d7c549c5edf8d7fa2eb7109" sha1="aaf82975ef4ef384a262ab0514913c4c39e2e302" />
	</machine>
	<machine name="Flash Gordon (Bally)(1981)(Sindbad)(1.2)[VP920-DX9][FullScreen Sindbad]">
		<description>Flash Gordon (Bally)(1981)(Sindbad)(1.2)[VP920-DX9][FullScreen Sindbad]</description>
		<rom name="Flash Gordon (Bally)(1981)(Sindbad)(1.2)[VP920-DX9][FullScreen Sindbad].vpt" size="11657216" crc="b91bb37b" md5="d72cc80964f9ea6629a5a66dc9a73601" sha1="33ae50d8e41077854355ff3cdafd254f1a80815b" />
		<rom name="Flash Gordon screenshot.png" size="2600155" crc="e4c89e1c" md5="9b84dc7685f9cda584e75700fe8b74fa" sha1="7b14721026527c30e2999f3b928b9835b2fd8e1c" />
	</machine>
	<machine name="Harley Davidson (SEGA)(1999)(edizzle)(1.1)[VP92x]">
		<description>Harley Davidson (SEGA)(1999)(edizzle)(1.1)[VP92x]</description>
		<rom name="Harley Davidson (SEGA)(1999)(edizzle)(1.1)[VP92x].vpt" size="50520064" crc="8890fc3d" md5="17859a8eeb60a251ad2e2fed56bc7c17" sha1="12b85e18ab05b859553bde22eafe73a7a4472f2b" />
		<rom name="Harley Davidson screenshot.jpg" size="398149" crc="2ef35274" md5="8939816512c0e40d9fafd73b7b3927d7" sha1="c2a47103b78e2c3c55b5525b333aca387d245d5f" />
	</machine>
	<machine name="Iron Man (Stern)(2010)(85Vett, Rascal)(1.04)[VP920][FullScreen]">
		<description>Iron Man (Stern)(2010)(85Vett, Rascal)(1.04)[VP920][FullScreen]</description>
		<rom name="Ironman FS 1.04.vpt" size="22016000" crc="140a8010" md5="e3e3e69c2ae06efdda7adf2ef9ce21e8" sha1="e9c10199afd27395955de1454529e28f8415f910" />
	</machine>
	<machine name="Laser War (Data East)(1987)(ICPjuggla, Herweh, OldSkoolGamer)(1.0.3)[VP92][FullScreen]">
		<description>Laser War (Data East)(1987)(ICPjuggla, Herweh, OldSkoolGamer)(1.0.3)[VP92][FullScreen]</description>
		<rom name="LaserWar_VP9.2_1.03_FS.vpt" size="27164672" crc="e929b492" md5="49d6c9a664656fb922a4727515dec7dc" sha1="ef6584db1c6440732b21d5a737beaca8f9140d00" />
	</machine>
	<machine name="Monster Bash (Williams)(1998)(unclewilly, randr)(2.1)[VP920][FullScreen unclewilly, randr]">
		<description>Monster Bash (Williams)(1998)(unclewilly, randr)(2.1)[VP920][FullScreen unclewilly, randr]</description>
		<rom name="Full Models/Monster Bash (Williams)(1998)(unclewilly, randr)(1.9)[VP920][FullScreen unclewilly, randr][Full Polygonal Models edition].vpt" size="93732864" crc="1ceb9f51" md5="28100782d23142ebf33be2d6438976d8" sha1="efe72bbde1da35d0f29b1ec1596e12413ffb04ea" />
		<rom name="Full Models/Monster Bash (Williams)(1998)(unclewilly, randr)(2.0)[VP920][FullScreen unclewilly, randr][Full Polygonal Models edition].vpt" size="111026176" crc="ceb388fc" md5="0a75884a2374f26e1563a6fe4bbe3628" sha1="b8ff4b0641af3000c099b5cda10d045429e78974" />
		<rom name="Full Models/Monster Bash (Williams)(1998)(unclewilly, randr)(2.1)[VP920][FullScreen unclewilly, randr][Full Polygonal Models edition].vpt" size="102236160" crc="e094e839" md5="645b92a9ac7380043ab52e27f650507a" sha1="1662dfc3b50b829592c1f3c40378f0d6f4bb934b" />
		<rom name="Low Profile/Monster Bash (Williams)(1998)(unclewilly, randr)(2.0)[VP920][FullScreen unclewilly, randr][Low Profile edition].vpt" size="112586752" crc="b0df6bfc" md5="36cbb95afdc0f4d4c3b7b6924b421044" sha1="60c6984d7b5664fe52950ae46cc45782364f5fec" />
		<rom name="Low Profile/Monster Bash (Williams)(1998)(unclewilly, randr)(2.1)[VP920][FullScreen unclewilly, randr][Low Profile edition].vpt" size="91385856" crc="9e4cad70" md5="8ed0276df06850689b1d8d11a836f36a" sha1="f031af04fca729ee6dee6fb1b50f4909266733df" />
		<rom name="Monster Bash (Full Models) screenshot.png" size="3627246" crc="35287781" md5="09745e1a33d26d7e432f14c8649b1bab" sha1="a4fb072dabac6499eeba1381867860df00e1ef0e" />
		<rom name="Monster Bash (Low Profile) screenshot.png" size="1257248" crc="8e288bbf" md5="5b461e1547db82f95bc7e0215688f168" sha1="c2bc6806a6ecffdffccfb7a7abfdfaf8fb75194d" />
	</machine>
	<machine name="Popeye Saves the Earth (Bally)(1994)(mfuegemann)(1.2a)[VP921][FullScreen mfuegemann]">
		<description>Popeye Saves the Earth (Bally)(1994)(mfuegemann)(1.2a)[VP921][FullScreen mfuegemann]</description>
		<rom name="Popeye saves the Earth (Bally)(1994)(mfuegemann)(1.2)[VP921][FullScreen mfuegemann]/Popeye_FS_1_2.vpt" size="12394496" crc="e6fa1b20" md5="59b486cc950c363138b02e0af6d9ced5" sha1="f5eedcc4544adc232165fbea29b78d072b87ef9a" />
		<rom name="Popeye saves the Earth (Bally)(1994)(mfuegemann)(1.2a)[VP921][FullScreen mfuegemann]/Popeye_FS_1_2a.vpt" size="13217792" crc="53afbbb7" md5="5f788a862e92f950c17ba5f9456fd65d" sha1="8b999b5b2baac87d528542e4c7e566188a183524" />
		<rom name="Popeye saves the Earth screenshot.jpg" size="617194" crc="c33ff29e" md5="69bb17411b44bef95c0abe75e812bd0b" sha1="835d45911212f34be5f22aa4bc7f700e7b1034dd" />
	</machine>
	<machine name="Skateball (Bally)(1980)(gtxjoe)(1.0)[VP921][FullScreen]">
		<description>Skateball (Bally)(1980)(gtxjoe)(1.0)[VP921][FullScreen]</description>
		<rom name="Skateball (Bally 1980) (1.0FS-VP921-VP990-gtxjoe).vpt" size="24272896" crc="56940eba" md5="fefbb8fe9f991cb21712660402409822" sha1="1ef64999914568b84db0aa2f28aa8fb7c7099457" />
		<rom name="skateball--medium.png" size="1819402" crc="2dcdf34f" md5="96faa4e0dd284ebbde1e7f72c269d65b" sha1="037e53f16bc9e18c4b75ba3945a56a5b1b4eb132" />
	</machine>
	<machine name="Spider-Man (Stern)(2007)(85vett)(1.01)[VP921][FullScreen 85vett]">
		<description>Spider-Man (Stern)(2007)(85vett)(1.01)[VP921][FullScreen 85vett]</description>
		<rom name="Spiderman (Stern)(2007)(85vett)(1.01)[VP921][FullScreen 85vett].vpt" size="37089280" crc="c07820ac" md5="266427203f423d77410d1424ae0e2d8a" sha1="10f240cfc2c47b7c923880c2a532aa008406f6de" />
	</machine>
	<machine name="Tron (Stern)(2011)(85vett)(1.04)[VP92x][Flashers edition][FullScreen 85vett]">
		<description>Tron (Stern)(2011)(85vett)(1.04)[VP92x][Flashers edition][FullScreen 85vett]</description>
		<rom name="Tron (Stern)(2011)(85vett)(1.01)[VP92x][Flashers edition][FullScreen 85vett].vpt" size="15339520" crc="6f8f6d25" md5="8f267be9cfac280b4056637d7e453f65" sha1="0793fe13efd6492d0cfeec4fc1a448e3f15f1f21" />
		<rom name="Tron (Stern)(2011)(85vett)(1.01)[VP92x][No Flashers edition][FullScreen 85vett].vpt" size="15282176" crc="85a79a14" md5="0712d9573f010e5e323fda1ddcd5df0d" sha1="8ddcf7b4424c5419e3905cf0ebe61b50032ef1fb" />
		<rom name="Tron (Stern)(2011)(85vett)(1.02)[VP92x][Flashers edition][FullScreen 85vett].vpt" size="17043456" crc="affe55c2" md5="e32e3c6f78af5ab8fd36740d2ef948f2" sha1="dc013444dad9003189a5d524e0b0bc15900029f6" />
		<rom name="Tron (Stern)(2011)(85vett)(1.02)[VP92x][No Flashers edition][FullScreen 85vett].vpt" size="15523840" crc="b961f3e2" md5="fe8630db26417bde4a32f909f557640c" sha1="6111d3df48eec8ff9694bf741d3d82c04b702e6b" />
		<rom name="Tron (Stern)(2011)(85vett)(1.03)[VP92x][Flashers edition][FullScreen 85vett].vpt" size="16732160" crc="7eac8cc5" md5="d1c3eab8a73f00ae4df9613a0ef1f938" sha1="395556ce1c85c05695bc30990d7bedde94a6747f" />
		<rom name="Tron (Stern)(2011)(85vett)(1.04)[VP92x][Flashers edition][FullScreen 85vett].vpt" size="17207296" crc="238d3f0e" md5="866a1bd6074cfc735cc1849743cb288b" sha1="9fe38436c65cc1caddf642b9b2ec36a030c1145e" />
		<rom name="Tron screenshot.jpg" size="585038" crc="b6ec9b1e" md5="486ef493ae8f3cca24a6e00b21d106ac" sha1="eb30e78905da0bb7b821f91ec49d599ec91e6870" />
	</machine>
	<machine name="Twilight Zone (Bally)(1993)(melon)(1.0.1)[VP921][FullScreen][dB2S]">
		<description>Twilight Zone (Bally)(1993)(melon)(1.0.1)[VP921][FullScreen][dB2S]</description>
		<rom name="TZ 1.0.1 -melon- VP9.2.1 FS.directB2S" size="10361527" crc="c091db0b" md5="3642232f9184dd8b20d9e32203901c4c" sha1="5bb8b505e07257ef3ea86a394b4c1757e18db58b" />
		<rom name="TZ 1.0.1 -melon- VP9.2.1 FS.vpt" size="19279872" crc="78798b6f" md5="5703a67d078abaf44631a8fd1f7e73bc" sha1="9ddba9f70bbf4477773f46389328f7be45ffb50c" />
		<rom name="tzfs.jpg" size="699467" crc="801b87ac" md5="ae4abab714257e371165241b97f234cd" sha1="d65f27d809578186b4617875424d5e91c1fdd3c4" />
	</machine>
	<machine name="Whirlwind (Williams)(1990)(ICPjuggla, Cosmic80, Herweh, Clark Kent)(1.01)[VP92x][FullScreen]">
		<description>Whirlwind (Williams)(1990)(ICPjuggla, Cosmic80, Herweh, Clark Kent)(1.01)[VP92x][FullScreen]</description>
		<rom name="Music/Whirlwind-Fan.mp3" size="835629" crc="20646f86" md5="93ac4a882aa3c1114abd23221797c50b" sha1="4acb263714cba198ee7cebc760d8ef61e65571d6" />
		<rom name="Music/Whirlwind-Wind.mp3" size="1531531" crc="c67f45c2" md5="c51fa8ea1667aafd8dddae8dd628947b" sha1="ce9ff48cf8ab35fff5772c8bcc180f4b595f3df7" />
		<rom name="Whirlwind (Williams)(1990)(ICPjuggla, Cosmic80, Herweh, Clark Kent)(1.00)[VP92x][FullScreen].vpt" size="41259008" crc="f0882ba9" md5="61b8253d45db7332a31393b097f29a1a" sha1="8cc5ca61700163874ba108b0f27d253eeca3cf56" />
		<rom name="Whirlwind (Williams)(1990)(ICPjuggla, Cosmic80, Herweh, Clark Kent)(1.01)[VP92x][FullScreen].vpt" size="41267200" crc="962cdf99" md5="306b11c33af705e13bb6a26729e1d753" sha1="96ae6e26eed0637890eb01f0f540f78cfc4bec84" />
		<rom name="Whirlwind screenshot.jpg" size="1383684" crc="bb7113f7" md5="f37b9c37ba9657210bbbad7af854886d" sha1="cedc33873e2338d4f73081ff3cffb2ec47938eb6" />
	</machine>
	<machine name="X-Men (Stern)(2012)(85vet)(1.02)[VP921][FullScreen 85vett]">
		<description>X-Men (Stern)(2012)(85vet)(1.02)[VP921][FullScreen 85vett]</description>
		<rom name="X-Men (Stern)(2012)(85vet)(1.02)[VP921][FullScreen 85vett].vpt" size="23080960" crc="05021efa" md5="6564db694612b197a48e595ae2e54a45" sha1="6a17a3662ab59cd1bc33138f3d99a8273668b65e" />
		<rom name="X-Men screenshot.png" size="4942657" crc="02df93df" md5="3d418c171f0751d3ff4c4a56a2652d4c" sha1="2528231fa9b4c97008066ce49dba50b5e172a191" />
	</machine>
</datafile>