<?xml version="1.0" encoding="utf-8"?>
<!DOCTYPE datafile PUBLIC "-//Logiqx//DTD ROM Management Datafile//EN" "http://www.logiqx.com/Dats/datafile.dtd">
<datafile>
	<header>
		<name>Visual Pinball [VP8] Recreated Tables [Flipperless]</name>
		<description>Visual Pinball [VP8] Recreated Tables [Flipperless] (2024-01-27)</description>
		<version></version>
		<date>2024-01-27</date>
		<author></author>
	</header>
	<machine name="Aero Golf (Bally)(1934)(Patrick, tiltjlp)(2.0)[VP8][Flipperless]">
		<description>Aero Golf (Bally)(1934)(Patrick, tiltjlp)(2.0)[VP8][Flipperless]</description>
		<rom name="AeroGolf.vpt" size="944128" crc="fb2fd7f0" md5="0c8a27b72d82e6a98f9f98564b90d506" sha1="f09d8b5fde586c863373cb9aae0079f2da2d4164" />
	</machine>
	<machine name="Apollo (Jouef Corp.)(1950)(Patrick, tiltjlp)(1.0)[VP8][Bagatelle]">
		<description>Apollo (Jouef Corp.)(1950)(Patrick, tiltjlp)(1.0)[VP8][Bagatelle]</description>
		<rom name="Apollo.vpt" size="571904" crc="a6fd744e" md5="47cee3b4f5af8e3261ff56553cd68b79" sha1="fca5dc8372b1c6a6470505c3c90a25574cc465ed" />
		<rom name="screenshot.jpg" size="286152" crc="2dcfae06" md5="b8ab6ba19c056be995425c7358bf56d4" sha1="8a7e1daa40e0b7105e2f0bae3ae78a6e9c5e0e9a" />
	</machine>
	<machine name="Aquanine (Sankyo)(2004)(Patrick, tiltjlp)(2.0)[VP8][Pachinko]">
		<description>Aquanine (Sankyo)(2004)(Patrick, tiltjlp)(2.0)[VP8][Pachinko]</description>
		<rom name="Aquanine2.vpt" size="3782656" crc="8d2bcb98" md5="c84ba42ca22e92903addff0df9e5d378" sha1="604b4210079f803f9e41e1b13d879aa55f44c559" />
	</machine>
	<machine name="Arcade - Marble &amp; Baseball Game (xxxx)(192x)(tiltjlp)(2.0)[VP8][Bagatelle]">
		<description>Arcade - Marble &amp; Baseball Game (xxxx)(192x)(tiltjlp)(2.0)[VP8][Bagatelle]</description>
		<rom name="Arcade - Marble &amp; Baseball Game (1.0) screenshot.jpg" size="109917" crc="ed59825e" md5="9e0ac40a1a4ee81c50a09f14e0e82443" sha1="abeef6ca3d0be11f1c6d6eae5d8191e8dd4e14f0" />
		<rom name="Arcade - Marble &amp; Baseball Game (2.0) screenshot.jpg" size="538605" crc="f5ff5af8" md5="529702aa222aad3e6d37f13d9d10ce97" sha1="05418b104e1c30a1bf71f65e1edb089914bf448f" />
		<rom name="Arcade - Marble &amp; Baseball Game (xxxx)(192x)(tiltjlp)(1.0)[Bagatelle].vpt" size="672256" crc="dc1370a0" md5="79ca2cd4ddd0ee066b1e04a2800a99fd" sha1="e42be2e02068bb9394e53c40e7dd66acb6edc76b" />
		<rom name="Arcade - Marble &amp; Baseball Game (xxxx)(192x)(tiltjlp)(2.0)[VP8][Bagatelle].vpt" size="671744" crc="ee086ac3" md5="285c081b094fa92bad8f3c1e75c4cbeb" sha1="fcf09b15eaf9f52b6e1eacfe65d7213528f23e72" />
	</machine>
	<machine name="Autocount (A.B.T.)(1933)(Patrick, tiltjlp)(2.0)[VP8][Flipperless]">
		<description>Autocount (A.B.T.)(1933)(Patrick, tiltjlp)(2.0)[VP8][Flipperless]</description>
		<rom name="autocount.vpt" size="1483264" crc="3f247be7" md5="cfda1218c279c3bbd2d11f9ef602de41" sha1="61e50a1ac8cdf23ecb0b5b0f75803ae47d5aad97" />
		<rom name="screenshot.jpg" size="545404" crc="ab76312d" md5="a14f3259db4f26bf6722e4ae2a339665" sha1="2427c8649dc4f438b642d1c895a0fe17fa372ff9" />
	</machine>
	<machine name="Bally Soccer (Bally)(1934)(Patrick, tiltjlp)(1.0)[VP8][Flipperless]">
		<description>Bally Soccer (Bally)(1934)(Patrick, tiltjlp)(1.0)[VP8][Flipperless]</description>
		<rom name="Bally Soccer (Bally)(1934)(Patrick, tiltjlp)(1.0)[VP8][Flipperless].vpt" size="1509376" crc="241640f2" md5="3a935a401b1d1e8535723d93a14fc426" sha1="d652976f979d047c801c34b8f48858b38c735b45" />
	</machine>
	<machine name="Barnyard Golf (xxxx)(195x)(tiltjlp)(1.0)[VP8][Bagatelle]">
		<description>Barnyard Golf (xxxx)(195x)(tiltjlp)(1.0)[VP8][Bagatelle]</description>
		<rom name="Barnyard Golf (xxxx)(195x)(tiltjlp)(1.0)[VP8][Bagatelle].vpt" size="410112" crc="8f9e1a3d" md5="dcad3cf6d71dba2f90a4ff4212c5d7b4" sha1="af1cf84de20621f80685f920913d26f7c4810edd" />
		<rom name="Barnyard Golf screenshot.jpg" size="109722" crc="348d14a8" md5="924f8909770a081ba4a533a66277a394" sha1="5a3e6f962bb7df3a94f08f8412e22b8fab0a464b" />
	</machine>
	<machine name="Baseball (Mills Novelty Company)(1920)(druadic)(4.4)[VP8][Counter Top Game]">
		<description>Baseball (Mills Novelty Company)(1920)(druadic)(4.4)[VP8][Counter Top Game]</description>
		<rom name="BaseballVP8v4.4.vpt" size="686592" crc="d313b30f" md5="eaf2c8011ab2770158c3634c5d86f366" sha1="d7b85e66e293043fdd8f8cb33db46d15d3da2ac3" />
		<rom name="readme.doc" size="5632" crc="9f91fb51" md5="30cff1e846399c25f1dafb66410c1e81" sha1="b2ada82fbb5843c155e98029b1991259b71a01ef" />
		<rom name="screenshot.jpg" size="136630" crc="d3dda248" md5="492c032bdb46aa222e9a1e6aac4add76" sha1="01e2b7317ffff72a9de8db8d5837fa29d52ce3b9" />
	</machine>
	<machine name="BasketBall Pinball Game (xxxx)(1980)(tiltjlp)(2010)[VP8][Bagatelle]">
		<description>BasketBall Pinball Game (xxxx)(1980)(tiltjlp)(2010)[VP8][Bagatelle]</description>
		<rom name="BasketBall Pinball Game (2010) screenshot.jpg" size="145824" crc="3f59c041" md5="770205b49e4989781dd17611dfc83e07" sha1="5fcc76d8e2f930cf42946767be79a49d39d739db" />
		<rom name="BasketBallTP.vpt" size="595456" crc="4c96740b" md5="d86e2aa34351b801520ae4f6252b2030" sha1="9a5f0ee067d7840f7bb25f4415c627a3184e38f8" />
	</machine>
	<machine name="Bell Ringer (Gottlieb)(1990)(destruk)(1.0)[VP8][Bagatelle]">
		<description>Bell Ringer (Gottlieb)(1990)(destruk)(1.0)[VP8][Bagatelle]</description>
		<rom name="Bell Ringer.vpt" size="1001472" crc="c589d5c3" md5="4d97873baf41e85ca04e18ad01bd02f8" sha1="1b5e554cb18478a0c3f6f633d38cceaa9a2eb4a4" />
		<rom name="image.jpg" size="390235" crc="40e79030" md5="d96880433eac9efe5420cf726b0f9a31" sha1="f27a1d0e020d9553ae34e4e4a15fed6f50aab173" />
	</machine>
	<machine name="Big Bat Baseball (Minty)(1974)(Patrick, tiltjlp)(2.0)[VP8][Counter Top Game]">
		<description>Big Bat Baseball (Minty)(1974)(Patrick, tiltjlp)(2.0)[VP8][Counter Top Game]</description>
		<rom name="BBNut.mp3" size="96967" crc="25481146" md5="d3ea7119b20578bb9b946764e92d9850" sha1="fa2b6cec3ff09562012ce4a5a5986ba44e637f0d" />
		<rom name="BigBatBT.vpt" size="1001472" crc="e65dfe01" md5="347827cb98cebc9b723fc7bbfc3150ec" sha1="fe1a0206c7f36e8b1ab7c1dbd89dc6dc7f15d3a8" />
		<rom name="screenshot.jpg" size="515092" crc="525b8755" md5="9333b06e6d4c35f8daeb095060fe403c" sha1="a9329a7862c2d7b282d939f3745392ed38c8aff2" />
	</machine>
	<machine name="Boom Boom Pocket Edition (Harvey Mfg)(192x-6x)(tiltjlp)(2.0)[VP8][Bagatelle]">
		<description>Boom Boom Pocket Edition (Harvey Mfg)(192x-6x)(tiltjlp)(2.0)[VP8][Bagatelle]</description>
		<rom name="BoomBoom3.vpt" size="722432" crc="dbd2ec54" md5="90a65bd705c037835af40ebfe7e036ad" sha1="7ef47cd9785f79aa4a179c876b418f80c478eb07" />
		<rom name="screenshot.jpg" size="572406" crc="b523b5e0" md5="a80515ce9e6072cb5a3fc70b20e87a93" sha1="300a358a34b44fd1177d1576f4f1014f5ac885a3" />
	</machine>
	<machine name="Bouncerino (xxxx)(194x-5x)(Patrick, tiltjlp)(2.0)[VP8][Trade Stimulator]">
		<description>Bouncerino (xxxx)(194x-5x)(Patrick, tiltjlp)(2.0)[VP8][Trade Stimulator]</description>
		<rom name="BouncerinoTS.vpt" size="624128" crc="2da78309" md5="9f757398aa1b48d0a5dcf387609bb1fd" sha1="4de3fd6dee4ed5d66be78f6ad5484b0a107818b5" />
		<rom name="screenshot.jpg" size="534948" crc="a8b403a4" md5="b5273e01cd9b0e5268b5c121da900f90" sha1="910dc1fbfd984d0aff8a2085244be60d3bf1f5dc" />
	</machine>
	<machine name="Bowlette (Gottlieb)(1950)(Patrick, tiltjlp)(2.0)[VP8][Bowling]">
		<description>Bowlette (Gottlieb)(1950)(Patrick, tiltjlp)(2.0)[VP8][Bowling]</description>
		<rom name="Bowlette.vpt" size="1010176" crc="c51409ab" md5="ad397833f5de802809b564887c5d7f2e" sha1="3a718a543e259e0476d7cec45554bdd882b6c4af" />
		<rom name="screenshot.jpg" size="530621" crc="ab31f637" md5="e7866a7f7e587427404bfe19f5dba7ac" sha1="12922dc3eaf84932cb2ea4fd11590b258d1d130a" />
	</machine>
	<machine name="Buddy 'A' Bowling (EA Nagey)(193x)(Nissananimal, Patrick, Destruk, tamiya9202, tiltjlp)(3.0 deluxe)[VP8][Bagatelle]">
		<description>Buddy 'A' Bowling (EA Nagey)(193x)(Nissananimal, Patrick, Destruk, tamiya9202, tiltjlp)(3.0 deluxe)[VP8][Bagatelle]</description>
		<rom name="BuddyBowlingDeluxe.vpt" size="707584" crc="49323401" md5="cc6f3b3acc00159e43233d74845dbb6e" sha1="40978b98354e1b7af565ac5291870a05ff69eb33" />
		<rom name="screenshot.jpg" size="421477" crc="c1bbb305" md5="8304e088d9cdaaf6698bff1d3b449e9e" sha1="a62e0eb92fc8a35bcea63ca77d932ef9b3028712" />
	</machine>
	<machine name="Deco 1940 (xxxx)(194x)(Patrick, tiltjlp)(1.0)[VP8][Bagatelle]">
		<description>Deco 1940 (xxxx)(194x)(Patrick, tiltjlp)(1.0)[VP8][Bagatelle]</description>
		<rom name="deco1940.vpt" size="421376" crc="6a09a3e5" md5="350fa4fec8eea66259a8c0fc0164ed59" sha1="e68304bf54591794d4f8e65666c1373ebca6b9c4" />
		<rom name="screenshot.jpg" size="44825" crc="d9cc834d" md5="708705a1d510f1755fbd0c57c2ce27d7" sha1="4bdd1f09a6c6106b21a85b67abf1ceb0499f5497" />
	</machine>
	<machine name="Deuce Is Wild, The (Peo Manufacturing)(1931)(druadic)(1.2)[VP8][Counter Top Game]">
		<description>Deuce Is Wild, The (Peo Manufacturing)(1931)(druadic)(1.2)[VP8][Counter Top Game]</description>
		<rom name="DeuceWild.vpt" size="928256" crc="c949ebb8" md5="73b24a3464bea69e42f88082f06ed9f9" sha1="f48296d34a19f77ead8361c218478fa088ac9658" />
		<rom name="screenshot.jpg" size="128479" crc="78d7918f" md5="2aba7fecfe471dcd1c53f2aac7e9074e" sha1="c8e41984f3655951799667742fcdd927bd9202f6" />
	</machine>
	<machine name="Emerald Bagatelle, The (xxxx)(193x)(tiltjlp)(1.0)[VP8][Bagatelle]">
		<description>Emerald Bagatelle, The (xxxx)(193x)(tiltjlp)(1.0)[VP8][Bagatelle]</description>
		<rom name="screenshot.jpg" size="127478" crc="7bd77fed" md5="93ee5c0b968e4a0ac6efa20898dbe723" sha1="f014add45e5c0083cc544db81bf2dd5f2aebc372" />
		<rom name="The Emerald Bagatelle.vpt" size="645632" crc="16e3716e" md5="058dc13243b359aa90e3090d4e0a0de8" sha1="8b27d60deb8bcf89e4d8176da6f5dd7d9bb7bc0c" />
	</machine>
	<machine name="Favorite (Buckley Manufacturing Company)(1932)(Patrick, tiltjlp)(1.0)[VP8][Bagatelle]">
		<description>Favorite (Buckley Manufacturing Company)(1932)(Patrick, tiltjlp)(1.0)[VP8][Bagatelle]</description>
		<rom name="BuckleyFavorite.vpt" size="991744" crc="6021f466" md5="fab0ed07110e3faedee66e7390e77748" sha1="5d14175f4030e2ea352c2f8f755e4b22daef6f23" />
		<rom name="screenshot.jpg" size="703869" crc="2cb09110" md5="0663d6d5d7e401bec2ad493c82fd95e0" sha1="6e38d3e9d1c88ed5928144d1755624ced3844986" />
	</machine>
	<machine name="Flying Trapeze (Gottlieb)(1934)(tiltjlp, Forchia)(1.0)[VP8][Flipperless]">
		<description>Flying Trapeze (Gottlieb)(1934)(tiltjlp, Forchia)(1.0)[VP8][Flipperless]</description>
		<rom name="FlyingTrapezeSenior.vpt" size="630784" crc="b2bd9b86" md5="bc67f054efdbadb0c2530aaf31ee461c" sha1="3e5ce2fec76cd6adddf2c6f3951376d66ef39cca" />
		<rom name="screenshot.jpg" size="542577" crc="2aa59915" md5="52febe3b5c684c9c4577f2e99ad16fa6" sha1="a7f5aa873c89531dd9a86c0b89ad93c32fcf2799" />
	</machine>
	<machine name="Fun Fair Gun Shoot (xxxx)(1960)(Patrick, tiltjlp)(1.0)[VP8][Counter Top Game]">
		<description>Fun Fair Gun Shoot (xxxx)(1960)(Patrick, tiltjlp)(1.0)[VP8][Counter Top Game]</description>
		<rom name="FunFairGunShoot.vpt" size="2086912" crc="d0f614e0" md5="82e487b6f5ed9e5b4aad46b5dbaaaab0" sha1="7e030031e4ea395171fe5d555e37a880b0da4f3e" />
	</machine>
	<machine name="Heavy Hitter (Bally)(1948)(druadic)(1.3)[VP8][Pitch &amp; Bat]">
		<description>Heavy Hitter (Bally)(1948)(druadic)(1.3)[VP8][Pitch &amp; Bat]</description>
		<rom name="HeavyHitREADME.txt" size="356" crc="48f34b5e" md5="b8001ed5b45da9c4039b2e841e11e276" sha1="ecad621739c05e10d386b5cf95634d2267d733b7" />
		<rom name="HeavyHitterVP8.vpt" size="629760" crc="db2a93a9" md5="f4f21dc37ba347886a4258c6c6bfc9db" sha1="1e744c0c54f779a988c5b2af1d9ae6257b41c225" />
		<rom name="screenshot.jpg" size="133730" crc="1329a7eb" md5="12e4923430a105910738332626e0a5ed" sha1="2bc6cc93e6f39315a2ce1da18bae3b55afff45c7" />
	</machine>
	<machine name="Kicker &amp; Catcher (J.F. Frantz Mfg. Co.)(1952)(Patrick, tiltjlp)(1.0)[VP8][Counter Top Game]">
		<description>Kicker &amp; Catcher (J.F. Frantz Mfg. Co.)(1952)(Patrick, tiltjlp)(1.0)[VP8][Counter Top Game]</description>
		<rom name="kickercatcher.vpt" size="814080" crc="502847e4" md5="17cbcacf7b77af33b4f51a5486949b7a" sha1="174dfbf7cffd2bd7242988bdf82f7103f1d9f1ce" />
	</machine>
	<machine name="Monte Carlo (Genco)(1932)(tiltjlp)(1.0)[VP8][Counter Top Game]">
		<description>Monte Carlo (Genco)(1932)(tiltjlp)(1.0)[VP8][Counter Top Game]</description>
		<rom name="GencoMonteCarlo.vpt" size="286720" crc="b3561eb5" md5="fc9aa3a7b49cea82da0520ab549b3fe1" sha1="449bd23f2a9828c3f1a55c62f4348813a58a1766" />
	</machine>
	<machine name="Penny Drop (xxxx)(193x-4x)(tiltjlp)(2.0)[VP8][Trade Stimulator]">
		<description>Penny Drop (xxxx)(193x-4x)(tiltjlp)(2.0)[VP8][Trade Stimulator]</description>
		<rom name="penny drop TS.vpt" size="939008" crc="8a5a48c1" md5="f1b1630fc240253f668321ca82780404" sha1="71f5adfdfedb20b288c47a9296dce3d9f14758da" />
		<rom name="screenshot.jpg" size="567763" crc="25abbbf2" md5="cf48d4f16eb050526f228d60abc83af4" sha1="f1772bea5a477b9332f79b188a902e0c85b2ec49" />
	</machine>
	<machine name="Pepsi (Cracker Jack)(1990)(tiltjlp)(1.0)[VP8][Bagatelle]">
		<description>Pepsi (Cracker Jack)(1990)(tiltjlp)(1.0)[VP8][Bagatelle]</description>
		<rom name="Pepsi (Cracker Jack)(1990)(tiltjlp)(1.0)[VP8][Bagatelle].vpt" size="505856" crc="8ef4fe5e" md5="41baffb842f4b07791e0a385c6d07c2a" sha1="8e3eee7e1fe9a7299b33541b546c39b9924afe52" />
		<rom name="Pepsi screenshot.jpg" size="132647" crc="66060312" md5="57e050a4f781ceadfb1fb75a25c4a51b" sha1="ef386468f0a050d1fd5a0f8e835316e9d63c113a" />
	</machine>
	<machine name="Pilot, The (National Pin Games Mfg. Co.)(1932)(tiltjlp)(1.1)[VP8][Bagatelle]">
		<description>Pilot, The (National Pin Games Mfg. Co.)(1932)(tiltjlp)(1.1)[VP8][Bagatelle]</description>
		<rom name="Pilot, The (National Pin Games Mfg. Co.)(1932)(tiltjlp)(1.0)[Bagatelle].vpt" size="682496" crc="51f8ff81" md5="73cea57987ac6cbef904eb47dd5373d8" sha1="d7246425b7f42c6b70f7127fa09fdd0742f6c39d" />
		<rom name="Pilot, The (National Pin Games Mfg. Co.)(1932)(tiltjlp)(1.1)[VP8][Bagatelle].vpt" size="683008" crc="44445422" md5="8f00c239dfa7701a8ab521065d0a76b4" sha1="3a5633a66405ba521277cd772ed57f6ebdaaf485" />
		<rom name="Pilot, The (National Pin Games Mfg. Co.)(1932)(tiltjlp)(WIP)[Bagatelle].vpt" size="396288" crc="a818338c" md5="9cb698247c86a672b4be8af9c4d852bc" sha1="520ad78b60790f65d5aaa75418a4e788937caea5" />
		<rom name="Pilot, The screenshot.jpg" size="612823" crc="a424135f" md5="831e763b74a1c327c26142c0d36f1143" sha1="da9fa89ab33afb7b9a50503840fff12f2c0ef8fb" />
	</machine>
	<machine name="Popeye (xxxx)(196x)(tiltjlp)(2010)[VP8][Bagatelle]">
		<description>Popeye (xxxx)(196x)(tiltjlp)(2010)[VP8][Bagatelle]</description>
		<rom name="Popeye (#1) (xxxx)(196x)(tiltjlp)(2010)[VP8][Bagatelle].vpt" size="473600" crc="c53ef013" md5="5413ab921f690611a457a86e36fd2418" sha1="b2e7ff63639600c7746a07f2d32cdf6f9e84a507" />
		<rom name="Popeye (#2) (xxxx)(196x)(tiltjlp)(2010)[VP8][Bagatelle].vpt" size="463872" crc="e75a86e8" md5="d6a0af09a11faf4d4dd4e0c275cc4dec" sha1="1723a040418dbd2958b4eafb0cc6ed4dd7803fce" />
		<rom name="Popeye (#3) (xxxx)(196x)(tiltjlp)(2010)[VP8][Bagatelle].vpt" size="437248" crc="fbab61c0" md5="26d51534002566d6df471fb2db62df40" sha1="17e016511bef5fd3d4b60df2966d4c81921c637f" />
	</machine>
	<machine name="Popeye Menu (Chad Valley UK)(195x-7x)(tiltjlp)(2010)[VP8][Bagatelle]">
		<description>Popeye Menu (Chad Valley UK)(195x-7x)(tiltjlp)(2010)[VP8][Bagatelle]</description>
		<rom name="Popeye Menu (Chad Valley UK)(195x-7x)(tiltjlp)(2010)[VP8][Bagatelle].vpt" size="486400" crc="9d91f26e" md5="e2d25a42b2fc936bcc22e0f11e9007bc" sha1="0b1b5ad08c1ee72b72fb9b71c13db62fdc48fd93" />
		<rom name="Popeye Menu screenshot.jpg" size="676068" crc="89b3701f" md5="27c6564c8d8f11294559ea547a057a6f" sha1="84e84dfa6027e3a1a83d8fb824153e4e86028980" />
	</machine>
	<machine name="Public Enemy (xxxx)(195x)(Patrick, tiltjlp)(2010)[VP8][Bagatelle]">
		<description>Public Enemy (xxxx)(195x)(Patrick, tiltjlp)(2010)[VP8][Bagatelle]</description>
		<rom name="Public Enemy (xxxx)(195x)(Patrick, tiltjlp)(2010)[VP8][Bagatelle].vpt" size="1023488" crc="20e2de5b" md5="4758dc2c9b6a26da36393fa3316cb847" sha1="aa4d328ba7878c4fd4c97b614dd314c2449de048" />
	</machine>
	<machine name="Red Ryder Corral (Gotham Steel Industries)(1947)(Patrick, tiltjlp)(2010)[VP8][Bagatelle]">
		<description>Red Ryder Corral (Gotham Steel Industries)(1947)(Patrick, tiltjlp)(2010)[VP8][Bagatelle]</description>
		<rom name="Red Ryder Corral (2010) screenshot.jpg" size="546160" crc="a0967402" md5="ab91f45f59c71ed933c57c7f9f23d64c" sha1="89f0adf5d569feb81301aedec89bb1e145a3d50c" />
		<rom name="Red Ryder Corral (Gotham Steel Industries)(1947)(Patrick, tiltjlp)(2010)[VP8][Bagatelle].vpt" size="761856" crc="fb49b771" md5="9c5c49a9687977345a53750037ff86d4" sha1="7f7e9a68ee8d6855473fa2c18b6bc604e17f6c0a" />
	</machine>
	<machine name="Ride ''M'' Cowboy (Gotham Steel Industries)(1939)(Patrick, tiltjlp)(2010)[VP8][Bagatelle]">
		<description>Ride ''M'' Cowboy (Gotham Steel Industries)(1939)(Patrick, tiltjlp)(2010)[VP8][Bagatelle]</description>
		<rom name="Ride ''M'' Cowboy (Gotham Steel Industries)(1939)(Patrick, tiltjlp)(2010)[VP8][Bagatelle].vpt" size="935936" crc="52c53e0e" md5="76c2e5a5a8b873e0ed13e7ca521147c0" sha1="13240abe42fb0bdf7bac81b8b1533f4f10f50ecb" />
		<rom name="Ride ''M'' Cowboy screenshot.jpg" size="554228" crc="11e05e02" md5="e4cb3d5536cc225c13dbd52da479d980" sha1="f9e4d77f5ba3a32f2152078bdc9c555dbed12ef7" />
	</machine>
	<machine name="Royal Juggler (T Cohn of New York)(193x)(Patrick, tiltjlp)(2010)[VP8][Bagatelle]">
		<description>Royal Juggler (T Cohn of New York)(193x)(Patrick, tiltjlp)(2010)[VP8][Bagatelle]</description>
		<rom name="Royal Juggler (T Cohn of New York)(193x)(Patrick, tiltjlp)(2010)[VP8][Bagatelle].vpt" size="464384" crc="c2902826" md5="62d57532e3ee5c74935f31683c135a20" sha1="6eb70c767a24bde801332e261e52462e4eddbf08" />
	</machine>
	<machine name="Russian Bagatelle (xxxx)(190x)(tiltjlp)(1.0)[VP8][Bagatelle]">
		<description>Russian Bagatelle (xxxx)(190x)(tiltjlp)(1.0)[VP8][Bagatelle]</description>
		<rom name="Russian Bagatelle screenshot.jpg" size="159342" crc="fa1ec1c9" md5="0c3cec1854525138c7ca8df4638d1f61" sha1="8c67b6acb3de3d5699cfa065d0e9b70280f9b34e" />
		<rom name="Russian Bagatelle.vpt" size="1796096" crc="aac58670" md5="65dc3b2bfc010d14fe8521e20859bc8e" sha1="ad5370880a2e57a0fbb4299aa900b112eead065f" />
	</machine>
	<machine name="Russian Clown (xxxx)(194x-5x)(tiltjlp)(1.0)[VP8][Bagatelle]">
		<description>Russian Clown (xxxx)(194x-5x)(tiltjlp)(1.0)[VP8][Bagatelle]</description>
		<rom name="Russian Clown screenshot.jpg" size="160098" crc="5d01eed8" md5="b989938bba12ad79b7da68b48c1127d0" sha1="1e48ac4b53d666ad5c2f2923a07766854508b23c" />
		<rom name="Russian Clown.vpt" size="656896" crc="55bbe846" md5="a9eb00af0c52f969b458b478a705a879" sha1="1edac429e95a7962291d7b4ee284fa2618ef44ce" />
	</machine>
	<machine name="Scramball (JH Keeney and Co.)(1958)(druadic)(Epsilon 1.11)(VP8)[Other]">
		<description>Scramball (JH Keeney and Co.)(1958)(druadic)(Epsilon 1.11)(VP8)[Other]</description>
		<rom name="Fonts/coolveti.ttf" size="42204" crc="3f6a49e4" md5="c92a76c78cce1709863e6007a1e6e8e8" sha1="f17ee19d6c4dee1194c25215d3c5f34c8d6524b0" />
		<rom name="Scramball (JH Keeney and Co.)(1958)(druadic)(Epsilon 1.11)(VP8)[Other].vpt" size="295424" crc="2a9faf1a" md5="0854fda735448a022e257b082b6d45cb" sha1="c0ec6bd26ee0f807a61d6a09020296334f66d4c8" />
	</machine>
	<machine name="Seven Up (Genco)(1941)(Eric Steinhardt, John L Patton, Russ Jensen)(2.0)[VP8][Flipperless]">
		<description>Seven Up (Genco)(1941)(Eric Steinhardt, John L Patton, Russ Jensen)(2.0)[VP8][Flipperless]</description>
		<rom name="Seven Up (Genco)(1941)(Eric Steinhardt, John L Patton, Russ Jensen)(2.0)[VP8][Flipperless].vpt" size="1233920" crc="92a783fe" md5="9e57ebc92c953d36a838dcc21a065022" sha1="4d0b5cc803e4f9e8b7adb3c9b1054cff73f6e856" />
		<rom name="Seven Up (VP8) screenshot.jpg" size="564609" crc="f287511a" md5="e02cae52bc3d35fd590069a29cb66c4e" sha1="1eb2d7fd013db787bf731d2f72f32fc33a664db5" />
	</machine>
	<machine name="Silver Line (Bill Port)(19xx)(JPSalas)(1.01)[VP8][Gambling Machine]">
		<description>Silver Line (Bill Port)(19xx)(JPSalas)(1.01)[VP8][Gambling Machine]</description>
		<rom name="mod/Super Silver Line (JPSalas)(1.0 Silver Line mod)[VP8][Gambling Machine].vpt" size="2162176" crc="7d14a985" md5="2f96674a5ef4e38fbab00925d92975e9" sha1="9217203c72cdf024f5434e7ac6315515aa2a6f97" />
		<rom name="mod/Super Silver Line screenshot.jpg" size="226365" crc="5d152b64" md5="8042adb86bf5909dbda056ca5a583851" sha1="6dcc292f0097a55be3adf604891d8f120b2784a7" />
		<rom name="mod/Fonts/williamsfontwide.ttf" size="19304" crc="c3c010f1" md5="b2501f86b4d05becd30952e117c53de5" sha1="3b0458ab8b8679b760b3e177f5ab4ebd98001b2c" />
		<rom name="Silver Line (Bill Port)(19xx)(JPSalas)(1.0)[VP8][Gambling Machine].vpt" size="2516480" crc="6c63a093" md5="9c92a5e758057485e9cae72a792f08b9" sha1="0e1571f445432a0466e88adf73a327e7355275ca" />
		<rom name="Silver Line (Bill Port)(19xx)(JPSalas)(1.01)[VP8][Gambling Machine].vpt" size="2521088" crc="ca5e303a" md5="8e1a21ad7b006100c62c60e65c9358b4" sha1="daaf6553a7a507a32ec06e1133eed7c4b5979988" />
		<rom name="Silver Line screenshot 1.jpg" size="243331" crc="11f08302" md5="b28e444973fe6a4dcdd263a6a3772988" sha1="a660f4507d8e2130100e7b487d27b0ff3e3fe8ba" />
		<rom name="Silver Line screenshot 2.jpg" size="60576" crc="c27c742c" md5="f34beac92aade6c1bce0ddf28f1d3c9a" sha1="53f2d2cc1c11ff6672d32b10527cf9a4f6387305" />
	</machine>
	<machine name="Simpsons, The (xxxx)(2000)(tiltjlp)(1.0)[VP8][Bagatelle]">
		<description>Simpsons, The (xxxx)(2000)(tiltjlp)(1.0)[VP8][Bagatelle]</description>
		<rom name="Simpsons, The screenshot.jpg" size="156888" crc="56b74016" md5="e91463eed07d0b2eafc42cbf9266781d" sha1="50425f482b80750c25389ac18e05cf256b450d64" />
		<rom name="The Simpsons.vpt" size="940032" crc="2c680ed5" md5="cc6211f2ffa10bb35a2629c01008c9bd" sha1="c9bb895b48c9e8d27c6f34dd2c400751744df017" />
	</machine>
	<machine name="Skee Ball (Fisher Price)(197x-8x)(tiltjlp)(1.0)[VP8][Counter Top Game]">
		<description>Skee Ball (Fisher Price)(197x-8x)(tiltjlp)(1.0)[VP8][Counter Top Game]</description>
		<rom name="SkeeBall.vpt" size="428032" crc="4fdc1971" md5="0cf1ae925be59e999690857b99797812" sha1="c7ae1b011e47e31b313afc7a2e4596662bf82695" />
	</machine>
	<machine name="Skill Ball Junior (The Standard Table Company)(1932)(tiltjlp)(1.0)[VP8][Bagatelle]">
		<description>Skill Ball Junior (The Standard Table Company)(1932)(tiltjlp)(1.0)[VP8][Bagatelle]</description>
		<rom name="Skill Ball Junior (The Standard Table Company)(1932)(tiltjlp)(1.0)[VP8][Bagatelle].vpt" size="695296" crc="59fe05af" md5="57b5c4b270316dcbccde1654017cf7c1" sha1="141730d86c1999161cdd1fc06e8db29274e1539c" />
		<rom name="Skill Ball Junior screenshot.jpg" size="114776" crc="367b9704" md5="7699488f678132549297c670cb91546c" sha1="da91de62b350031c30ec91e8dbc3d4eb03547f33" />
	</machine>
	<machine name="SpiderMan - Do-It-Youself SS Kit (Industrias Argentina)(199x)(tiltjlp)(1.0)[VP81x][SideShooter]">
		<description>SpiderMan - Do-It-Youself SS Kit (Industrias Argentina)(199x)(tiltjlp)(1.0)[VP81x][SideShooter]</description>
		<rom name="SpiderMan - Do-It-Youself SS Kit screenshot.jpg" size="126328" crc="4c638b8a" md5="d26b021e6e9caf3626752737e70030b5" sha1="dc633e556db4d5318be4e52032bc833c44277fdb" />
		<rom name="Spiderman SS.vpt" size="3429376" crc="02cc8147" md5="b55b2d72b9bbf782c3667abb328899d9" sha1="ca95f87fc04370be44b134713f35ab1756834d28" />
	</machine>
	<machine name="Target (Beverator)(1935)(druadic)(3.3)[VP8][Payout Machine]">
		<description>Target (Beverator)(1935)(druadic)(3.3)[VP8][Payout Machine]</description>
		<rom name="Target (Beverator)(1935)(druadic)(3.2)[VP8][Payout Machine].vpt" size="612864" crc="28261811" md5="53928f2a467691920e6525e3007f35ad" sha1="9f515074793ae991178dbe776fbe2448f90887d6" />
		<rom name="Target (Beverator)(1935)(druadic)(3.3)[VP8][Payout Machine].vpt" size="612864" crc="96a76dbd" md5="9d800f70ab9a5118d66137d3356bd95a" sha1="56b8952aedb7fb15cd37b860fdd65b6e258dded0" />
		<rom name="Target (VP8) screenshot 1.jpg" size="57739" crc="21e74f25" md5="21aecac2b4e0b2dd1ae6b30f32033c50" sha1="a2ca6494355ffbe09cfc428e79e10e57d59f48ac" />
		<rom name="Target (VP8) screenshot 2.jpg" size="69435" crc="f9476861" md5="b2a1ada23ef8f3b0b70077e59383a417" sha1="6d6b921b0ff0e7e989a849eb51e3c140277d0424" />
	</machine>
	<machine name="Tiger Tim &amp; Bruin Boys (Chad Valley)(192x)(Patrick, tiltjlp)(1.0)[VP8][Bagatelle]">
		<description>Tiger Tim &amp; Bruin Boys (Chad Valley)(192x)(Patrick, tiltjlp)(1.0)[VP8][Bagatelle]</description>
		<rom name="screenshot.jpg" size="103567" crc="f4d2fc12" md5="3204f9f3c7718324762a9ff761f8079a" sha1="9cb02c2149ca0c91c016e536b200706d0dc607ce" />
		<rom name="TigerTimHS.vpt" size="531968" crc="6c58324f" md5="4bd84d2f4c914cad0f97d2ce7e385f6d" sha1="f8274403b8fb68c98a69cd19e7339f179c0a5222" />
	</machine>
	<machine name="Trumps Bagatelle (Jack of London)(1795)(tilltjlp)(2010)[VP8][Toypost of England remake][Bagatelle]">
		<description>Trumps Bagatelle (Jack of London)(1795)(tilltjlp)(2010)[VP8][Toypost of England remake][Bagatelle]</description>
		<rom name="Trumps Bagatelle (Jack of London)(1795)(tilltjlp)(2010)[VP8][Toypost of England remake][Bagatelle].vpt" size="2067968" crc="2a925e33" md5="1a1fc0aa9f516720617eb9018b18718b" sha1="149c53a7d227c3ac8fc3e6c65f2fe273f0f0e70a" />
		<rom name="Trumps Bagatelle rules.jpg" size="27130" crc="51678222" md5="c1e804d02203f1b1735e993f23cdb2db" sha1="78d1a846231f6b32ef2646b1a901c1b900129a24" />
		<rom name="Trumps Bagatelle screenshot.jpg" size="582335" crc="c16b4161" md5="df97970cbe80997eb348afb6d21bb464" sha1="3885a4e51d75431c043e2427498f5e509f16bfba" />
	</machine>
	<machine name="Wheel of Fortune (ICE)(2001)(Destruk)(1.0b)[VP8][Other]">
		<description>Wheel of Fortune (ICE)(2001)(Destruk)(1.0b)[VP8][Other]</description>
		<rom name="Fonts/PinballFull.ttf" size="15012" crc="ab81e90b" md5="7e1350640a5f96753ed0e537f2bb93bb" sha1="b4502fbbf87002b936e363b8af0ebfe2de40793a" />
		<rom name="Wheel of Fortune (ICE)(2001)(Destruk)(1.0b)[VP8][Other].vpt" size="33592320" crc="8ac7ce08" md5="38fc72813ece9d742dfd60cbd796afc0" sha1="b8ab41b64024e8106bf9126bd36b7a1a0c4cea61" />
	</machine>
	<machine name="Wheel of Fortune (Marx Toys)(1970)(Patrick, tiltjlp)(2010)[VP8][Hand-help Pinball]">
		<description>Wheel of Fortune (Marx Toys)(1970)(Patrick, tiltjlp)(2010)[VP8][Hand-help Pinball]</description>
		<rom name="Wheel of Fortune (2010) screenshot.jpg" size="509450" crc="2fbec2c1" md5="ca1d3ba7bbee636d77b6fc289d4bbe39" sha1="dceee645f4aaa3ead833a32caedb965416309834" />
		<rom name="Wheel of Fortune (Marx Toys)(1970)(Patrick, tiltjlp)(2010)[VP8][Hand-help Pinball].vpt" size="711168" crc="d16b5651" md5="60d99187f798c3a64205dd019ac40f9d" sha1="ec170f3f8486bbff345d111f5487921996afc51d" />
	</machine>
</datafile>