<?xml version="1.0" encoding="utf-8"?>
<!DOCTYPE datafile PUBLIC "-//Logiqx//DTD ROM Management Datafile//EN" "http://www.logiqx.com/Dats/datafile.dtd">
<datafile>
	<header>
		<name>Visual Pinball [VPX08] PinMame Tables</name>
		<description>Visual Pinball [VPX08] PinMame Tables (2024-01-27)</description>
		<version></version>
		<date>2024-01-27</date>
		<author></author>
	</header>
	<machine name="Adventures of Rocky and Bullwinkle and Friends, The (Data East)(1993)(Cyberpez)(1.06)[VPX08][VR, nFozzy, Fleep TastyWasps]">
		<description>Adventures of Rocky and Bullwinkle and Friends, The (Data East)(1993)(Cyberpez)(1.06)[VPX08][VR, nFozzy, Fleep TastyWasps]</description>
		<rom name="Adventures of Rocky and Bullwinkle and Friends (Data East 1993) v1.06.vpx" size="151400448" crc="314896e0" md5="3dbe27b8595333f8b789b2eca44cf4d8" sha1="2f7e9938db5acbe0c7990fc52d8c1e36dab42e1c" />
	</machine>
	<machine name="Alien Warrior (LTD do Brasil)(1983)(Wiesshund)(4.0)[VPX08]">
		<description>Alien Warrior (LTD do Brasil)(1983)(Wiesshund)(4.0)[VPX08]</description>
		<rom name="Alien Warrion (LTD) v4.0.directB2S" size="6348144" crc="129f8b63" md5="1310b7270fa781aaa6503e87d9fe694a" sha1="3a99d0b638ac1726ea8f50a1ff8a2c8125686142" />
		<rom name="Alien Warrion (LTD) v4.0.vpx" size="40624128" crc="fd8b7038" md5="c04f6f5bf4b718f39ef20b64e3ba3570" sha1="070c8f0e1d36d806471bac250efe5fbff0079505" />
	</machine>
	<machine name="Atarians, The (Atari)(1976)(wiesshund, Patrick2610, Ash, George Opperman)(1.02)[VPX08]">
		<description>Atarians, The (Atari)(1976)(wiesshund, Patrick2610, Ash, George Opperman)(1.02)[VPX08]</description>
		<rom name="atarians/07028-01.bin" size="512" crc="e8034b5b" md5="d31cc1abb83de222200315b66046cb5f" sha1="6959912c530efcc4a0c690800867fb0d1f33627f" />
		<rom name="atarians/atarian.e0" size="2048" crc="45cb0427" md5="4a8a76a3bbbb976a14bc88dc980d962a" sha1="e286930ca36bdd0f79acefd142d2a5431fa8005b" />
		<rom name="atarians/atarian.e00" size="2048" crc="6066bd63" md5="8acfed67e1859688a09df7cb390f077e" sha1="e993497d0ca9f056e18838494089def8bdc265c9" />
		<rom name="Atarians (Atari 1976).vpx" size="10231808" crc="c5a2195c" md5="4651baf482d3c28afcfe652739bcc57e" sha1="fd750f01560ed65029367cf226df5b6b5bb4091e" />
	</machine>
	<machine name="Attack from Mars (Bally)(1995)(JPSalas)(5.0.0)[VPX08]">
		<description>Attack from Mars (Bally)(1995)(JPSalas)(5.0.0)[VPX08]</description>
		<rom name="Attack from Mars v5_VPX8.vpx" size="11259904" crc="824cb61e" md5="d1eba0ac86a07de8cb931e8225f0c692" sha1="1b399ce9ad281756170b0e940b5f1c160fb0a4a5" />
	</machine>
	<machine name="Attack from Mars LE (Bally)(1996)(JPSalas)(5.0.0)[VPX08]">
		<description>Attack from Mars LE (Bally)(1996)(JPSalas)(5.0.0)[VPX08]</description>
		<rom name="Attack from Mars LE v5_VPX8.vpx" size="13262848" crc="f04e5e76" md5="bf92ff01a907e108959155a6670cd424" sha1="9a2c3d40c94e2ed103767b004da2fc36fe21a987" />
	</machine>
	<machine name="Beat The Clock (Bally)(1985)(VPW)(1.0)[VPX08][VR]">
		<description>Beat The Clock (Bally)(1985)(VPW)(1.0)[VPX08][VR]</description>
		<rom name="Beat The Clock (Bally 1985) VPW v1.0.vpx" size="144564224" crc="63c07386" md5="9407d32931bf1499a52ae2254d7b5a0b" sha1="6543c3fb8cd39beda7dc56e429cde6755f78d918" />
	</machine>
	<machine name="Black Hole (LTD do Brasil)(1981)(Wiesshund, Halen)(4.0)[VPX08]">
		<description>Black Hole (LTD do Brasil)(1981)(Wiesshund, Halen)(4.0)[VPX08]</description>
		<rom name="Black Hole (LTD) V4.0.directB2S" size="27902859" crc="aaecf28f" md5="6ea23075070618d22bd45cfadbf342c3" sha1="cfa240a13fad5f8685b6d7485ac1aae7359dd62b" />
		<rom name="Black Hole (LTD) V4.0.vpx" size="25075712" crc="b93ec5ab" md5="3e9e109363460ff1a639f5e1f096fea9" sha1="f86ef37bbec1bc7c4830b15e0b8efca13fba070f" />
	</machine>
	<machine name="Circus (Gottlieb)(1980)(UnclePaulie, ArmyAviation)(2.0.1)[VPX08][VR][Light Map]">
		<description>Circus (Gottlieb)(1980)(UnclePaulie, ArmyAviation)(2.0.1)[VPX08][VR][Light Map]</description>
		<rom name="circus7.nv" size="302" crc="87f20b75" md5="12c85c08569d2d71f72052940a37eaef" sha1="847998eb4b705b7f0f1a5c80abd130db145262a9" />
		<rom name="Circus (Gottlieb 1980) 2.0.1 VLM.vpx" size="188293120" crc="ba7093b0" md5="23d9326452896261cd49f028e621863b" sha1="81699b15be332b22f781a3adc6ec11c0ce01daed" />
		<rom name="circus.nv" size="302" crc="0638a65b" md5="e52a977bf013d3df975b0cda29677ed8" sha1="bc48b6d18f3bd40df4923f2c4e550ea5cca22113" />
	</machine>
	<machine name="Close Encounters of the Third Kind (Gottlieb)(1978)(pinuck, Serpiko (VP9), wiesshund)(4.0)[VPX08]">
		<description>Close Encounters of the Third Kind (Gottlieb)(1978)(pinuck, Serpiko (VP9), wiesshund)(4.0)[VPX08]</description>
		<rom name="Close Encounters v4.0.directb2s" size="11366293" crc="dfb8a270" md5="5dca4a15fdb1027d31953b56963b7ba6" sha1="72e89aa4e24a2eb735ee54d629cfbb1663ad1474" />
		<rom name="Close Encounters v4.0.vpx" size="35196928" crc="363bd3d5" md5="878faa37414f718c7ac089bca1c2b30d" sha1="0d5b5ce9abb77770cd6a131fba413fa4cd7bbc4d" />
	</machine>
	<machine name="Columbia (LTD do Brasil)(1983)(mfuegemann, wiesshund)(4.0)[VPX08]">
		<description>Columbia (LTD do Brasil)(1983)(mfuegemann, wiesshund)(4.0)[VPX08]</description>
		<rom name="Columbia (LTD) V4.0.directb2s" size="9363356" crc="736d7fc9" md5="94dd7a949d28f624a684326b92a3f0c2" sha1="dfc1d50a512fe3eef38aa59dc3d7116887bdaac4" />
		<rom name="Columbia (LTD) V4.0.vpx" size="35840000" crc="d59b00b7" md5="fea1a40e1f0bf0e8c9d316aa07608a53" sha1="2d901ef15b3ed9fefac0b4231a5523e20a19a93c" />
	</machine>
	<machine name="Defender (Williams)(1982)(VPW)(1.2.1)[VPX08][VR]">
		<description>Defender (Williams)(1982)(VPW)(1.2.1)[VPX08][VR]</description>
		<rom name="Defender (Williams 1982) VPW v1.2.1.vpx" size="132792320" crc="85ff534b" md5="74248e6a709f9658686655c190ae98c8" sha1="70307bffabd76f290992c0f9e4284f6e4424cd35" />
	</machine>
	<machine name="Dr. Dude (Midway)(1990)(wrd1972, gtxJoe)(3.0)[VPX08]">
		<description>Dr. Dude (Midway)(1990)(wrd1972, gtxJoe)(3.0)[VPX08]</description>
		<rom name="Dr. Dude (Bally 1990)v3.0.vpx" size="269701120" crc="6fa527f5" md5="d0c002951203b67143695af87e34e2a7" sha1="e7333b9f93f60600ee6f7d2b4dfbd34d7045ee95" />
	</machine>
	<machine name="Evel Knievel (Bally)(1977)(HauntFreaks, allknowing2012, hmueck, freneticamnesic, arngrim)(5.0)[VPX08][nFozzy-Fleep-Hybrid VR]">
		<description>Evel Knievel (Bally)(1977)(HauntFreaks, allknowing2012, hmueck, freneticamnesic, arngrim)(5.0)[VPX08][nFozzy-Fleep-Hybrid VR]</description>
		<rom name="Evel Knievel (Bally 1977) 5.0.vpx" size="105603072" crc="8ea5f239" md5="a078282d5c5bfbf4de842a8aaf2c133d" sha1="5d0b8e6de7707e4fd4893f36b87724952a483e4c" />
	</machine>
	<machine name="Force (LTD do Brasil)(1979)(mfuegeman, Siggi, Wmpimenteln, wiesshund)(4.0)[VPX08]">
		<description>Force (LTD do Brasil)(1979)(mfuegeman, Siggi, Wmpimenteln, wiesshund)(4.0)[VPX08]</description>
		<rom name="Force (LTD) v4.0.directb2s" size="8507150" crc="06d87811" md5="75568a3ea58998a9f857402c74f0219b" sha1="04bab7a2a18c90350d0353d92c9f8309f0583bd8" />
		<rom name="Force (LTD) v4.0.vpx" size="34975744" crc="341ea77e" md5="f63a4e290126f93d0049fa1a711effa1" sha1="374bd7ee091ba7e32b3c1f2a5f930ad04ad84c3e" />
	</machine>
	<machine name="Godzilla (SEGA)(1998)(VPW)(1.2)[VPX08][VR]">
		<description>Godzilla (SEGA)(1998)(VPW)(1.2)[VPX08][VR]</description>
		<rom name="Godzilla (Sega 1998) VPW v1.2.vpx" size="293236736" crc="a03881bd" md5="02fba31c915f5f82b8c88e5271bb4dc2" sha1="5c02510072d49b3e6c2f3b79dcd0f67322e9530f" />
	</machine>
	<machine name="Gorgar (Williams)(1979)(unclewilly, JPSalas)(1.7)[VPX08]">
		<description>Gorgar (Williams)(1979)(unclewilly, JPSalas)(1.7)[VPX08]</description>
		<rom name="UWs Gorgar v1.2_VPX8.vpx" size="25165824" crc="3cd13ab5" md5="7eab68927bb77e52694d14fa406ed11a" sha1="a0d08339b06692c17479cf71fead6ee6ec607b73" />
		<rom name="UWs Gorgar v1.7_VPX8.pov" size="3207" crc="146367a9" md5="dd1796d6f7ba41370b273bb64af46ddc" sha1="1782dde7fcc55c184ba81fc580ad9007b645a528" />
		<rom name="UWs Gorgar v1.7_VPX8.vpx" size="25165824" crc="26c12a37" md5="2ef36b59bccc2ae1d541329442748fa7" sha1="955a7ef0003cc2d03e8ddc99117dc348beaf4df9" />
	</machine>
	<machine name="Guns N' Roses (Data East)(1994)(VPW)(1.1)[VPX08]">
		<description>Guns N' Roses (Data East)(1994)(VPW)(1.1)[VPX08]</description>
		<rom name="G-Sound altsound by IDigStuff/gnr_300/0x00a0-simple_stereo.ogg" size="12816" crc="df408571" md5="622afc2581f747c5510310f33c0c0028" sha1="a6f6da2628a76865b63cbfaec3e21e0ecddb7584" />
		<rom name="G-Sound altsound by IDigStuff/gnr_300/0x00a1-simple_stereo_2.ogg" size="13844" crc="b21354dc" md5="5e964a5a8c2cf4863f80b2e51bba4e98" sha1="85011885705cbddf0a9b7694ddb2f6e52581bdbb" />
		<rom name="G-Sound altsound by IDigStuff/gnr_300/0x00a2-setup_button.ogg" size="36280" crc="cf4eb414" md5="115eed5204dc60ee62ecf71f769a20d7" sha1="2fcf1e95a577b592f2c95e26cc356aacf6433b80" />
		<rom name="G-Sound altsound by IDigStuff/gnr_300/0x00a3-effect_left.ogg" size="14109" crc="8f9532f0" md5="ffdf775ca86cb8f354f7056c570c1538" sha1="c00c0f6a5d120e313f223d24c0cf0373e8116290" />
		<rom name="G-Sound altsound by IDigStuff/gnr_300/0x00a4-effect_right.ogg" size="14804" crc="62fe10a2" md5="f5110f8b84cd53e6c94fc06df1804709" sha1="b7e2c0f5c54f4a76e31ad7ffc98b0bc57b854389" />
		<rom name="G-Sound altsound by IDigStuff/gnr_300/0x00a5-mistery.ogg" size="40272" crc="00294b02" md5="179cc8d155fac773cb00aadbb2f33567" sha1="b2db3c26afd2c9c5385be13d839c6d679406d275" />
		<rom name="G-Sound altsound by IDigStuff/gnr_300/0x00a6-coma_is_lite.ogg" size="38504" crc="7955d349" md5="10dc8c4531d9c6f8cd517dcdb64b6ebb" sha1="7a0c4e3a52fd340f2eb01365f17583b545a7b947" />
		<rom name="G-Sound altsound by IDigStuff/gnr_300/0x00a7-you_re_in_a_jungle_baby.ogg" size="41019" crc="e23188a7" md5="04521ae2472ceecad5e0353684a3e9cd" sha1="65e919164ffe9aa5dcc8b3f2483fb39a4129347a" />
		<rom name="G-Sound altsound by IDigStuff/gnr_300/0x00a8-loud_explosion.ogg" size="46100" crc="f180bfcd" md5="352cf1a3fd062289e8df305aeb5c1405" sha1="891bba0b61a37315439c8c4d0284eb4033cb6d8c" />
		<rom name="G-Sound altsound by IDigStuff/gnr_300/0x00a9-motor_bike.ogg" size="35873" crc="b67e6f62" md5="b37053e6b63fc49ed0c30af4563a212a" sha1="4c5eba57f61ab4ef3ef2bff423fd227785407de2" />
		<rom name="G-Sound altsound by IDigStuff/gnr_300/0x00ab-ball_fire.ogg" size="49312" crc="ba0a7e61" md5="fd0b95d1264a7e8ff4e7950cc21f1d12" sha1="a3a7ab649b61619737b69ce0723cc07c65f91e71" />
		<rom name="G-Sound altsound by IDigStuff/gnr_300/0x00ac-cymbal.ogg" size="22629" crc="06aba429" md5="b6b2443db72dd239ca52ee67ec392a2f" sha1="d3d2b90dd33c5c30f539e1d3581bbcdc472f693f" />
		<rom name="G-Sound altsound by IDigStuff/gnr_300/0x00ad-bell.ogg" size="21104" crc="6604f141" md5="78942a0a5fd2bcb3cfd5a8625348e1a5" sha1="e16b8460ed1e33d7741d0b62e746d5317a7b9d5b" />
		<rom name="G-Sound altsound by IDigStuff/gnr_300/0x00ae-bike_change_lane.ogg" size="15925" crc="59eb1a5d" md5="c6bc1ef71c1913da99dd0067df701658" sha1="25770be307feba3027760964b2e6840267359cb2" />
		<rom name="G-Sound altsound by IDigStuff/gnr_300/0x00AF-Drumfill1.ogg" size="24670" crc="8be779e8" md5="f73fd7d015557ee0de0e37cdb48de3d5" sha1="3bcf536786bb94d8f63a2f6e5f077df3e7ccf9c8" />
		<rom name="G-Sound altsound by IDigStuff/gnr_300/0x00AF-Drumfill2.ogg" size="35670" crc="3df7661b" md5="7b670077769b62cdbedcb69e8c25cf9a" sha1="b586d46a2ac430da6b498dddfa40acb5a7791153" />
		<rom name="G-Sound altsound by IDigStuff/gnr_300/0x00AF-Drumfill4.ogg" size="33929" crc="c99fafde" md5="43cb519cd8dc100cc11a19f41ce7d9bb" sha1="f9446d3070b08f158abcbc26ebac66edacb230a9" />
		<rom name="G-Sound altsound by IDigStuff/gnr_300/0x00AF-Drumfill5.ogg" size="29018" crc="64d722a1" md5="f90ce3389d9fa5c0142b2c46bb82a9c7" sha1="fe1d44326fdc97c2f51f781873c6c4266a5280bf" />
		<rom name="G-Sound altsound by IDigStuff/gnr_300/0x00AF-Drumfill.ogg" size="37937" crc="134c8938" md5="59848e67943a117de7488d14ed410566" sha1="b08546f60e5e5abcdc6093ed36545c57382b1ad2" />
		<rom name="G-Sound altsound by IDigStuff/gnr_300/0x00b0-matt_mission.ogg" size="37937" crc="1b44bcdb" md5="fa2946022a47aefd784319c8b5d4e5f5" sha1="609e1e117a2a54bbe915a3af0c645a0274d94a6d" />
		<rom name="G-Sound altsound by IDigStuff/gnr_300/0x00b1-matt_mission.ogg" size="24670" crc="d92cd915" md5="4e95a3560903d809f136114668d64142" sha1="6bcd2414df5553b152bb86f66d6303664c48063d" />
		<rom name="G-Sound altsound by IDigStuff/gnr_300/0x00b2-matt_mission.ogg" size="35670" crc="a9864423" md5="d2180be7cf1104fb9b4f7d81e903e6fd" sha1="7b76e9b2aed1f4ddd950593e5b66e5549fe21ef1" />
		<rom name="G-Sound altsound by IDigStuff/gnr_300/0x00b2-matt_missionrush.ogg" size="34769" crc="09b4bcbf" md5="733494a8c127caa95e3a9b63e45414be" sha1="45537c5d48b7d759147e27a6f82976fe3f7afc3b" />
		<rom name="G-Sound altsound by IDigStuff/gnr_300/0x00b3-matt_mission.ogg" size="33929" crc="5bc90d4d" md5="8773dc46ec2e80a0301287c8cdd63798" sha1="ef743d7a2c521f0905b4bdc4303929e3866980d2" />
		<rom name="G-Sound altsound by IDigStuff/gnr_300/0x00b4-matt_mission.ogg" size="29018" crc="0160e907" md5="f1e4add96c27b8ced6e7d2be951727a6" sha1="8b98006018b71abdfa27c2651e40f9b733ffcf22" />
		<rom name="G-Sound altsound by IDigStuff/gnr_300/0x00b8-coma_is_lite.ogg" size="38504" crc="f4aeb47f" md5="2f99143c7268f040c430634b0bec3cb1" sha1="8e2c4035663751abc705d497fa24076ee83aa930" />
		<rom name="G-Sound altsound by IDigStuff/gnr_300/0x00b9-you_re_in_a_jungle_baby.ogg" size="33934" crc="41eb8732" md5="7c6010ceb1c0b0a6afe664650aafda5e" sha1="d6f8bd26c50f846fbeaf10b35766a69d554aa56d" />
		<rom name="G-Sound altsound by IDigStuff/gnr_300/0x00ba-you_gonna_die.ogg" size="41963" crc="af1ae1fc" md5="8740d4016bae5750c866beb517965352" sha1="90592536447f557e772f8c04de4eda348e1ad602" />
		<rom name="G-Sound altsound by IDigStuff/gnr_300/0x00bb-mission_lock.ogg" size="17746" crc="6c9f1b2b" md5="3492bac0a2832714f80129de7a45baa2" sha1="de5fed85cf6a3cc210f744162a9e38af617ff70a" />
		<rom name="G-Sound altsound by IDigStuff/gnr_300/0x00bc-crowd.ogg" size="83513" crc="372f18a0" md5="f39d363b9911832addca2ad96f0f3cf8" sha1="391f465759d86c7f97612c12ffec45b31e9ccba9" />
		<rom name="G-Sound altsound by IDigStuff/gnr_300/0x00bd-mistery.ogg" size="27422" crc="73495f99" md5="64415b2f71c818064aaf1055049d9b4b" sha1="c899e8a81826c9cb683596a6f304fc8c3416f940" />
		<rom name="G-Sound altsound by IDigStuff/gnr_300/0x00be-rock_n_roll.ogg" size="66490" crc="1079d531" md5="987fca1af5f2f437fb51bfc5b55db767" sha1="4b491f981a13e1c40b2ab6613f4a82a3d3c0712f" />
		<rom name="G-Sound altsound by IDigStuff/gnr_300/0x00bf-riot.ogg" size="28581" crc="78296c47" md5="4f705645e91d5c7185f9da581e2602f6" sha1="9e73c48874bc0996197190f14fe78e1665de01e5" />
		<rom name="G-Sound altsound by IDigStuff/gnr_300/0x00c0-use_the_snakepit.ogg" size="28037" crc="c02767be" md5="0b79ada25b9fadc4c227a9fc0a185e9b" sha1="0a74d8416615b113c6889c018000974a5ca2aa0d" />
		<rom name="G-Sound altsound by IDigStuff/gnr_300/0x00c1-snakepit_is_lite.ogg" size="28063" crc="76fd2703" md5="6bc54b68a4c678ba016f0fe84cc2b0dc" sha1="6995f2850bb1a1e115f782378c614048ea1c7a47" />
		<rom name="G-Sound altsound by IDigStuff/gnr_300/0x00c2-whhoooo_.ogg" size="18247" crc="e47ce68b" md5="0f9ab0b4ec1acadb253f2996a2febbd5" sha1="6434ff8a2c5ace2b593ffe3ccf10476da3a73fa4" />
		<rom name="G-Sound altsound by IDigStuff/gnr_300/0x00c3-oh_dude.ogg" size="25578" crc="f424b9d4" md5="ca5786678cc14724cdb69cfae55f37b5" sha1="06bd11991bb51df5883c06d9c204c71addafbbea" />
		<rom name="G-Sound altsound by IDigStuff/gnr_300/0x00c4-yaahoooo_.ogg" size="13097" crc="44d8672c" md5="0af52161abbdf4f956d1996e87c75bda" sha1="7d39ea7e201d73651a3ec666975b7c3982c25be9" />
		<rom name="G-Sound altsound by IDigStuff/gnr_300/0x00c5-huuuggg_.ogg" size="9509" crc="ba6da70b" md5="5132f987199a6ca32958793106061a27" sha1="8904ef0c0e356e4dbcadddba9c461f2ab732cc63" />
		<rom name="G-Sound altsound by IDigStuff/gnr_300/0x00c6-gilby_bike.ogg" size="3083618" crc="d220d5b3" md5="ecab1a1d59193b9c422fb626a75a7df0" sha1="fd6b700f9fcc9368b32d2034b38bf6747e62c8e3" />
		<rom name="G-Sound altsound by IDigStuff/gnr_300/0x00db-welcomeinstrumental.ogg" size="4637874" crc="62585e0e" md5="48e35ba824903291b784f729927c3a37" sha1="1490ebc9c532bd119479e821d356bcde466cf6e2" />
		<rom name="G-Sound altsound by IDigStuff/gnr_300/0x00de-mystery_loop.ogg" size="47920" crc="42d73983" md5="575b1b1fa403ecc8fda2726af180e9f4" sha1="b6fefce8bae1437c07ea84c14ad0b054e980ea1f" />
		<rom name="G-Sound altsound by IDigStuff/gnr_300/0x00e0-loading_up.ogg" size="78987" crc="ddeb1d14" md5="bbb2b2fe403b52b85fe9333ab3667ad4" sha1="dc52e90e670ec2096badcf0cf6b8fc5cd23df6f2" />
		<rom name="G-Sound altsound by IDigStuff/gnr_300/0x00e8-alarm_tada.ogg" size="54770" crc="a039121a" md5="da26a4d0f4269c35006547405cce73e9" sha1="4fbb54e2fa013dce8b337a7981c4c357a8cab554" />
		<rom name="G-Sound altsound by IDigStuff/gnr_300/0x00eb-intro_drums.ogg" size="4174200" crc="99e24f76" md5="9e44d09a068c620c36d1f9627f677f20" sha1="b1bfb2d0013f0e5c38ec9d8d532bad9f08df02cd" />
		<rom name="G-Sound altsound by IDigStuff/gnr_300/0x00ec-very_fast_drums.ogg" size="42961" crc="658b3395" md5="5a05803f692737a18a057a396742f64e" sha1="a3171c925ac2b2a5625e576033de874bb9cc7b3c" />
		<rom name="G-Sound altsound by IDigStuff/gnr_300/0x00ed-big_horn.ogg" size="40774" crc="78cfa0c5" md5="6c4b9184d37f5afc300820056b22ac8a" sha1="cf6f081219618dd885e42dcb88f94d3e1fcdd5bf" />
		<rom name="G-Sound altsound by IDigStuff/gnr_300/0x00ee-loud_explosion_reverb.ogg" size="36224" crc="dec830bc" md5="2fd377d64b9d2b0189a6dfc9378c5287" sha1="a3fb2a765ae855ac2634be51e286ca6007268017" />
		<rom name="G-Sound altsound by IDigStuff/gnr_300/0x00ef-big_win.ogg" size="106014" crc="4a19bcca" md5="a7cfed2ffe094d0a73f1ce30a33289e4" sha1="9e1632646a0447d76d1b8815185598740404d40a" />
		<rom name="G-Sound altsound by IDigStuff/gnr_300/0x00f0-sound_test_right.ogg" size="4789737" crc="b2460727" md5="23150d14c3c26cb81c3349510711223d" sha1="a3f326f0d8c7cf6fb1b988b2be6a2a49b4c061c4" />
		<rom name="G-Sound altsound by IDigStuff/gnr_300/0x00f1-sound_test_left.ogg" size="3134794" crc="7608a184" md5="ea1cd133dc402163b1ca24614e396985" sha1="72dd264a4742fab0bda84b2202c533c4e1884887" />
		<rom name="G-Sound altsound by IDigStuff/gnr_300/0x00f2-sound_test_left_and_right.ogg" size="3744114" crc="e063a91e" md5="fab623706b2c2043a28ba83b8204103c" sha1="1d6b4eac4f9bad4d40721a7a312b0c374f1dcbc9" />
		<rom name="G-Sound altsound by IDigStuff/gnr_300/0x00f4-intro_drums_2.ogg" size="1015909" crc="2fe90db6" md5="ea85c3d7d95180321aac73388b700696" sha1="6ade8b47d8bf2c303ab3442672995f0aa29afa66" />
		<rom name="G-Sound altsound by IDigStuff/gnr_300/0x00f5-rocket_queen_mission.ogg" size="4144081" crc="d867fc94" md5="4c60d51a0ff4767cf4ed49f0bd6c5546" sha1="2623f3a57af4d5596aab4df6c40f04513815fd0c" />
		<rom name="G-Sound altsound by IDigStuff/gnr_300/0x00f6-axl_multiball.ogg" size="1833801" crc="86c52e8e" md5="743c527ba06da4d95d14a4a6b179061d" sha1="4779cad1a7c5c7e46ac545b17c15b05e8fa5b2d8" />
		<rom name="G-Sound altsound by IDigStuff/gnr_300/0x00f7-dizzy_mission.ogg" size="3566583" crc="4a799c96" md5="7b5b214c2d38eceb9b8ab82cf5115c03" sha1="902814e88627a82ff9941616903889a3174102bc" />
		<rom name="G-Sound altsound by IDigStuff/gnr_300/0x00f8-dizzy_mission.ogg" size="3566583" crc="dd21296e" md5="0d8a6b2d76c990d29d2b9e914ea83531" sha1="5393c2f81418dd519f75bfaa8ec97576f2d452e0" />
		<rom name="G-Sound altsound by IDigStuff/gnr_300/0x00f9-press_fire.ogg" size="4551998" crc="78f50cae" md5="eb902e78bbe9149a6a99afa619cb2c17" sha1="d4d77153f80c84f680d5a376a58f03c9a340a493" />
		<rom name="G-Sound altsound by IDigStuff/gnr_300/0x00fa-duff_mission.ogg" size="3283940" crc="60cc67c1" md5="7f0866b0e8d649f52e65b575fa06c1ff" sha1="24a5062605739931f7a9d4bf52a29007654cd30c" />
		<rom name="G-Sound altsound by IDigStuff/gnr_300/0x00fb-mission.ogg" size="4670294" crc="d4bd014a" md5="0dfd9d516c09179ba0fc13a07b867e64" sha1="8a2671b9cadf9b9b7118213d7cd6ee2b1f33aa76" />
		<rom name="G-Sound altsound by IDigStuff/gnr_300/0x00fc-coma_mission.ogg" size="4388707" crc="daf7b208" md5="4a63c481cb969f42b3b4931d261d0a04" sha1="2eb24980bffd72fa35bd4f343f09b34e5c607c74" />
		<rom name="G-Sound altsound by IDigStuff/gnr_300/0x00fd-dizzy_mission.ogg" size="3566583" crc="a75647d1" md5="4e17718f4707ba22e6cdbf99ab796e94" sha1="6c5302c7eb5073bc74e85466a6d436ad714c9315" />
		<rom name="G-Sound altsound by IDigStuff/gnr_300/0x000a-aint_going_down_music_mission.ogg" size="4435352" crc="38da4d94" md5="5e4b21f5dde72a415f179f4d656dcdbb" sha1="f8ed761f597c414d7a7fd876177247ea07d05ed6" />
		<rom name="G-Sound altsound by IDigStuff/gnr_300/0x000b-aient_going_down_mission.ogg" size="4435352" crc="59113cc1" md5="a8cf11ffbe4004499b2fec4fd258b1df" sha1="a37abb42d6262e28223a886117fe057c384d163a" />
		<rom name="G-Sound altsound by IDigStuff/gnr_300/0x000c-aint_going_down_mission.ogg" size="4832915" crc="276e3a5e" md5="7ae04baab0df9329490b5d6daaa9dc56" sha1="21f0c5e7c0757fe88ec1a10d0ae128f19800aae0" />
		<rom name="G-Sound altsound by IDigStuff/gnr_300/0x000e-end_of_ball.ogg" size="179323" crc="239f4de7" md5="adafd5a179765cd70f0d16fa6f83e7c2" sha1="7ee8559803eb5f9d381ab5c7aa384698569d1cf9" />
		<rom name="G-Sound altsound by IDigStuff/gnr_300/0x000f-welcome_to_the_jungle_music.ogg" size="4516748" crc="305f02e2" md5="fc50c679951585515180dc8464d25183" sha1="5a89d8db384c70a86cb263d757725076b67f5f43" />
		<rom name="G-Sound altsound by IDigStuff/gnr_300/0x001a-slash_solo_mission.ogg" size="1015909" crc="79de932a" md5="83850dc2507fa28bc12cca8749eb6411" sha1="ee6af22846f106c6741c123042e83b443d6408f0" />
		<rom name="G-Sound altsound by IDigStuff/gnr_300/0x001b-welcomeinstrumental.ogg" size="4637874" crc="8b105099" md5="8138d61a0c14184b20dfe15e8ce96c7c" sha1="86914de2b0d8e89dca143224d2f03b5bb34ba536" />
		<rom name="G-Sound altsound by IDigStuff/gnr_300/0x001c-rocket_queen_mission.ogg" size="8171798" crc="a58c441e" md5="60fccd861c1d94b21e11d34637330dfd" sha1="c36f2b0a86bc9644fc1a2fe71d3dcfad11d05779" />
		<rom name="G-Sound altsound by IDigStuff/gnr_300/0x001e-axl_multiball.ogg" size="2166359" crc="1a5f7e6b" md5="ebf1681737d8186e5c71c8353d806c5f" sha1="c964631bb0d9e955b713e39234a3eef2da9893c0" />
		<rom name="G-Sound altsound by IDigStuff/gnr_300/0x001F-welcome_to_the_jungle_music.ogg" size="4516748" crc="1a2ca0d4" md5="5db5ec0c8ca56ed7eae77c5a34505615" sha1="abfddc58e273783193bf39b16c2545f708abc79d" />
		<rom name="G-Sound altsound by IDigStuff/gnr_300/0x0001-multiball_mission.ogg" size="3755761" crc="83b83e53" md5="aa1ec16d2e1c7d5a1ab2133b952f3035" sha1="bec0e94fee8449fe97c16a6bc6306ce98b71a343" />
		<rom name="G-Sound altsound by IDigStuff/gnr_300/0x002e-recorded_song.ogg" size="3283940" crc="21c7bbcc" md5="ce1ee9d33963d4fe64b303fe29dee3ee" sha1="0e6e63312fdb61a1867cc175585ebd32ccdf4752" />
		<rom name="G-Sound altsound by IDigStuff/gnr_300/0x0002-launch_ball_music.ogg" size="4821953" crc="3b1e4c3b" md5="b65d708144c41a40930cdfb269a07dfd" sha1="d0033b7c564c1ef9c33893a46c0150bfec4ed2ef" />
		<rom name="G-Sound altsound by IDigStuff/gnr_300/0x003a-dime_store_rock.ogg" size="3753240" crc="2ad7fabb" md5="c678f03f2e9f2be9e0f830e8142a2dca" sha1="92324e8bbb17211ab08fca1cf144707bf0339852" />
		<rom name="G-Sound altsound by IDigStuff/gnr_300/0x003e-snake_mission.ogg" size="4697774" crc="ddb9a43c" md5="cdd9fa32f72b5ab44b472ad6f4647b9b" sha1="110ac15d9ddd897a9875272604635818961894d0" />
		<rom name="G-Sound altsound by IDigStuff/gnr_300/0x003F-welcome_to_the_jungle_music.ogg" size="4516748" crc="04606dc4" md5="6529d5144657c876399165607c53da2b" sha1="3b10fdd507076d2b4116139dc2d230d7535838d5" />
		<rom name="G-Sound altsound by IDigStuff/gnr_300/0x0003-multiball_ready.ogg" size="4247645" crc="3cc5d0ff" md5="0336e1d5f70af7b1d8a9edacc99ce39b" sha1="3d873fb8036e1292046f37e63ac12335914cf6a4" />
		<rom name="G-Sound altsound by IDigStuff/gnr_300/0x004c-chimes.ogg" size="25260" crc="c5ede76e" md5="66d50bbb3c685c1588456c81a06ff362" sha1="88bfdf2477e69f957e5a223079e55c23f36e864b" />
		<rom name="G-Sound altsound by IDigStuff/gnr_300/0x004f-bell_ring.ogg" size="36002" crc="a49e11f5" md5="357c9d372cc2f1d7694789c35b4a7a58" sha1="bce1afe9ffafba4e7ee2c0d47c730da9a4719c9f" />
		<rom name="G-Sound altsound by IDigStuff/gnr_300/0x0004-launch_multiball_music.ogg" size="4185428" crc="18a45211" md5="0ed23c534477545004764852028c9e34" sha1="79573c5d3b72d406259e9dc59bf96260f0bc2628" />
		<rom name="G-Sound altsound by IDigStuff/gnr_300/0x005a-fire.ogg" size="89943" crc="e02a0a19" md5="a9ccae142ecb5efa3f8565efae862ccb" sha1="30a5efbce48b8a3b22fb864ebe20d7e6912e859e" />
		<rom name="G-Sound altsound by IDigStuff/gnr_300/0x005b-bling.ogg" size="52835" crc="f86049e5" md5="ca7ef71d84d9d15a9a821db2e6739e88" sha1="7a2430bfe390d9fa8814b165fb50d74c2794fd34" />
		<rom name="G-Sound altsound by IDigStuff/gnr_300/0x005c-jackpot.ogg" size="108949" crc="d47cfb0b" md5="ff8e8c236518fa8653e55098f22aeacc" sha1="bd493dc3301d8ebd4513b473fb2ab66732056656" />
		<rom name="G-Sound altsound by IDigStuff/gnr_300/0x005d-boom_up.ogg" size="28954" crc="9d7c83d9" md5="f24a06464f0648e00511b59c2b71446c" sha1="8093318c35de85a9112c70deca7edcce054c1375" />
		<rom name="G-Sound altsound by IDigStuff/gnr_300/0x005e-drainoid.ogg" size="36893" crc="2d510916" md5="8116152b552dd90309a802d24a6cf82f" sha1="890d87cb3ab5bbe2de525af5f7e22b971eec82f9" />
		<rom name="G-Sound altsound by IDigStuff/gnr_300/0x005f-dcs_sound.ogg" size="50571" crc="f570f5b7" md5="48d29bbf4c59a3bca23c27fb6e18f708" sha1="8a7f64c69ca87cbd11f25fd4f5095d10c8cf6031" />
		<rom name="G-Sound altsound by IDigStuff/gnr_300/0x0005-nighttrain_mission.ogg" size="5380931" crc="1630d858" md5="f8da4254257d7761ba36b20de63c2377" sha1="0f45592cc3c7d2c2b5245c96755999ea17f71795" />
		<rom name="G-Sound altsound by IDigStuff/gnr_300/0x006a-raining.ogg" size="24764" crc="6ac8b07a" md5="654cf5405a4647f6cd5e5464f73de7e1" sha1="746677d7c8912afda46d00242d75e06417a07257" />
		<rom name="G-Sound altsound by IDigStuff/gnr_300/0x006b-drums_win.ogg" size="34891" crc="bb7107e6" md5="722fb9024e4a334e7b19f4a36908967c" sha1="a36888d3926454d959dfdb1713859469ae5670af" />
		<rom name="G-Sound altsound by IDigStuff/gnr_300/0x006d-muliball.ogg" size="53844" crc="9f24a42e" md5="56f8b2cb26a65b177e3d078f3dadfb11" sha1="173490aa402279cf0b4925c0d0f1b53a9f7792d9" />
		<rom name="G-Sound altsound by IDigStuff/gnr_300/0x006e-jackpot.ogg" size="22526" crc="9d04b5b7" md5="88c65c0743f92036a073b862d6036b15" sha1="1a7ae7477801db2e8d13c01d93d1df3f3ed34b8f" />
		<rom name="G-Sound altsound by IDigStuff/gnr_300/0x006f-cymbal_bass_drum.ogg" size="22968" crc="968c592c" md5="8738896efe38021a76e83080f3076455" sha1="5e68faff3d89da46206ff8df5e2c6e8014b3083c" />
		<rom name="G-Sound altsound by IDigStuff/gnr_300/0x0006-welcome_to_the_jungle_music_waiting_launch_ball_.ogg" size="2375231" crc="c008d7f5" md5="de0ecd2988d30917e800ed11aa904155" sha1="c86a5b006e83dba4af07e4e0d20663c635da9337" />
		<rom name="G-Sound altsound by IDigStuff/gnr_300/0x007a-big_shot_echo.ogg" size="51748" crc="291a3446" md5="ed21fc05eae28a4790f9c564c0659f47" sha1="3eed1af758e08f7832262f034beba1c221e060f5" />
		<rom name="G-Sound altsound by IDigStuff/gnr_300/0x007b-push_button.ogg" size="33944" crc="d91da8d3" md5="5910a10330e65f6a4ae0410db6aa93f0" sha1="66b2907f8c3adad72275b7f2f2505c42bd413520" />
		<rom name="G-Sound altsound by IDigStuff/gnr_300/0x007c-setup_button.ogg" size="29043" crc="df303872" md5="7f8be6311fcede56a90b3073e5923c1f" sha1="1759ce55177660dc5964e3be0016a42fa5b39e99" />
		<rom name="G-Sound altsound by IDigStuff/gnr_300/0x007d-setup_validation.ogg" size="45767" crc="467cb7f8" md5="1cc86bf514847a4f8fe83ec0b42a6620" sha1="2fa3a3c1d1b607feb2e41c0a119af328559e49cb" />
		<rom name="G-Sound altsound by IDigStuff/gnr_300/0x007e-setup_button1.ogg" size="76045" crc="d4807b49" md5="64577aab54fb05950f95d758384407c5" sha1="e30d18b08d987c4a595d721e14d1eb76f487c6f7" />
		<rom name="G-Sound altsound by IDigStuff/gnr_300/0x007e-setup_button.ogg" size="76548" crc="aad936d8" md5="adc31eea974a02c71645793b615ffd07" sha1="49489704281cd78c12609524d10e269f8a37dc53" />
		<rom name="G-Sound altsound by IDigStuff/gnr_300/0x0007-duff_mission.ogg" size="2657197" crc="8c544a6f" md5="1c631cc4f9f4d08527e295a0f6269267" sha1="aa379537b5d454809f929abacfcb23394b0a07de" />
		<rom name="G-Sound altsound by IDigStuff/gnr_300/0x008a-cymbal.ogg" size="18108" crc="07c12718" md5="61656aef6786dd55c3b10f113182ea8f" sha1="b687b43203a733ab0aa867701c15eb08f82b909a" />
		<rom name="G-Sound altsound by IDigStuff/gnr_300/0x008b-cymbal.ogg" size="16838" crc="130d76fb" md5="7812c34e60984da4d51e6a19d2297fdb" sha1="272474c82829f781d320d1d42ec01ed45fd6e5b6" />
		<rom name="G-Sound altsound by IDigStuff/gnr_300/0x008c-loop.ogg" size="51591" crc="4cc11337" md5="c03962c6f3ab3ee5b07b45bc0913ef5c" sha1="a64593d9eb6d350f87345f2faf6859399e4bdc24" />
		<rom name="G-Sound altsound by IDigStuff/gnr_300/0x008d-ramp_start.ogg" size="18300" crc="5bdcc4c3" md5="dde22b7ecbecb12c3d8ce047887c08ac" sha1="876a1be121125833108a0495ddcbd64232f5a109" />
		<rom name="G-Sound altsound by IDigStuff/gnr_300/0x008e-jackpot.ogg" size="54532" crc="ae8835eb" md5="c94b6bc9e8433fc328fd90921864f975" sha1="1a3fb2fcfa56df982f1a0012303a209428cd5dd0" />
		<rom name="G-Sound altsound by IDigStuff/gnr_300/0x008f-ball_lost.ogg" size="61161" crc="19544d6a" md5="6b6c7f56b63d390821b63b4e70a7a16b" sha1="02f9f3bce9092744aecdee9b8b7ffd94524ba37d" />
		<rom name="G-Sound altsound by IDigStuff/gnr_300/0x0008-paradise_city_mission.ogg" size="6201330" crc="7c4ecc36" md5="757e55c41c1008baf4906350eb9a23a4" sha1="2b354bdf491f6709e4b108aa161804f0fc9e56a9" />
		<rom name="G-Sound altsound by IDigStuff/gnr_300/0x009a-ball_lose_to_the_left.ogg" size="55168" crc="329857fc" md5="4a97bd5f80c67b41ce4ef450e49ede26" sha1="468d6ddcec37a51d33017a1900d76970e76ac706" />
		<rom name="G-Sound altsound by IDigStuff/gnr_300/0x009b-ball_select_start_mission.ogg" size="77323" crc="6fd098e5" md5="bc8e5a480753018273d46d9fe7343cd7" sha1="868c0fcfe3fd5d4d369df8b72a12b50f76c15be8" />
		<rom name="G-Sound altsound by IDigStuff/gnr_300/0x009c-ball_loose.ogg" size="18176" crc="5f204c83" md5="5e0e917e0252de59c56791c5f7d42964" sha1="70ea5f181eac479be076998f9d00d1e9001ee270" />
		<rom name="G-Sound altsound by IDigStuff/gnr_300/0x009d-haha1.ogg" size="16507" crc="c4539ba3" md5="a8ecde217d92c4015d2f9740af106b81" sha1="8b5090981836a5a7fed1d3ca64b6605a51830577" />
		<rom name="G-Sound altsound by IDigStuff/gnr_300/0x009d-haha2.ogg" size="18003" crc="7d07756d" md5="0594604591feab623cc80ebf98bfc177" sha1="22885fc5f61f3d0b1d7e3392b80a7d626ee908db" />
		<rom name="G-Sound altsound by IDigStuff/gnr_300/0x009e-cymbal.ogg" size="25194" crc="5d7f51f7" md5="d1451d47cacd4f18372686aba98b89a4" sha1="72a39250d14115b8fd91c26962a6795c9b23006f" />
		<rom name="G-Sound altsound by IDigStuff/gnr_300/0x009f-ramp_down.ogg" size="33781" crc="45155cc5" md5="b01c64ddf138800b89d722920f76b088" sha1="a99f2e5dec9fae676f380a1d3f83e0b149785a02" />
		<rom name="G-Sound altsound by IDigStuff/gnr_300/0x0010-start_ball.ogg" size="854030" crc="7811549f" md5="558a7a75d6f8727866fb55f8637cd628" sha1="192f9b3d56431cc97bcd60ffb830a4918524d3e4" />
		<rom name="G-Sound altsound by IDigStuff/gnr_300/0x0011-ain_t_going_down_theme.ogg" size="4435352" crc="8d6bf289" md5="e23b1bee1a30dbd1831727db086b61bb" sha1="fbe3087836dfa8bac8fcb5e7a3e4ea14f812023b" />
		<rom name="G-Sound altsound by IDigStuff/gnr_300/0x0012-solo_mission.ogg" size="3283940" crc="bca71070" md5="6c99a76d9a260dc3026dd6324cb6f3a0" sha1="0d9f051af0d91510ee98c8bb9b8253b2f5f4e1d7" />
		<rom name="G-Sound altsound by IDigStuff/gnr_300/0x0013-welcomeinstrumental.ogg" size="4637874" crc="4ac84a4c" md5="edf46ef3937a29eb68b335625bdffebb" sha1="24acd17811401cac3e24095f7aed4e5dec85188f" />
		<rom name="G-Sound altsound by IDigStuff/gnr_300/0x0014-duff_mission.ogg" size="3283940" crc="dd126c1a" md5="52fdb6f56c762a4ac5f9adf58c9d3fa5" sha1="94ab7d34670ed6714dc344b9040a608ffa1571be" />
		<rom name="G-Sound altsound by IDigStuff/gnr_300/0x0016-slash_solo_mission.ogg" size="3283940" crc="e839dc41" md5="f20cfba3285e82f15cf5c43bf95c004d" sha1="12d03bde71a594ca8467fe6906d37fa47a2affa6" />
		<rom name="G-Sound altsound by IDigStuff/gnr_300/0x0030-dizzy_mission.ogg" size="3566583" crc="e7fe5f04" md5="5016faeb6c591ee58cfd5a75f4632d4e" sha1="f984c9f88ba6b9f6028b08c860bd81dd40083da4" />
		<rom name="G-Sound altsound by IDigStuff/gnr_300/0x0031-welcome_to_the_jungle_music.ogg" size="4516748" crc="9fb528ef" md5="b8bdf7d6fb7e3d8e7438c722ec67a333" sha1="4c74a5096b254f4fabce9e5811690878e8a73065" />
		<rom name="G-Sound altsound by IDigStuff/gnr_300/0x0032-press_fire.ogg" size="4546172" crc="6552bdc7" md5="11846f9bb897b8fbb1ea57e8bf14054d" sha1="8d3d945b062e1ab94d0828f90479fde92c453690" />
		<rom name="G-Sound altsound by IDigStuff/gnr_300/0x0034-gilby_mission.ogg" size="3340871" crc="034f0238" md5="325f4c5aeeb117c362513da25f89d5c2" sha1="9ffba96e536755c72037cf467a24f97979b6e8b6" />
		<rom name="G-Sound altsound by IDigStuff/gnr_300/0x0036-duff_mission.ogg" size="5458716" crc="e2d046f0" md5="58e6294100ae7099cfcec0cdeead1f47" sha1="3c08ad3a646c4b681fbc995cffd5ce99b1701002" />
		<rom name="G-Sound altsound by IDigStuff/gnr_300/0x0037-welcomeinstrumental.ogg" size="4637874" crc="f530df3d" md5="df930b067a6189e9cce802a4fa3a5fe6" sha1="ce6ddcf578a297dd5b992e90e519acac4c3559fb" />
		<rom name="G-Sound altsound by IDigStuff/gnr_300/0x0038-coma_mission.ogg" size="4654458" crc="a2cb3dc9" md5="c2fb62724f687998f3a7af492fb429b3" sha1="0db05a2a7a665592087176b55c21c913d8ae12aa" />
		<rom name="G-Sound altsound by IDigStuff/gnr_300/0x0039-welcomeinstrumental.ogg" size="4637874" crc="0720fc20" md5="cd6bea8815c3e10620bd6bd78483fafa" sha1="d2f073f2d254ea03eb161025781a0532f63ca3ad" />
		<rom name="G-Sound altsound by IDigStuff/gnr_300/0x0040-matt_mission.ogg" size="30288" crc="9c458905" md5="42630beb97c0edda6b01f1d3a54bf6d7" sha1="90c19e84df4a827d05cb8bb0552de32b401e1f74" />
		<rom name="G-Sound altsound by IDigStuff/gnr_300/0x0049-end_of_missions.ogg" size="61822" crc="3f1048cd" md5="756fe7c7f0a2701f3f8acd3ca0bcded6" sha1="295e60bfa081f28b2d69450c8ba6de78d715078e" />
		<rom name="G-Sound altsound by IDigStuff/gnr_300/0x0050-door_open.ogg" size="44356" crc="36206fe0" md5="9da6c19f82e4d64c8a2f3043463667cd" sha1="1c2827090b4ae8f245d3c87ca726bda4bb964b77" />
		<rom name="G-Sound altsound by IDigStuff/gnr_300/0x0051-encore.ogg" size="61696" crc="39a668a5" md5="1bf198903f00643a5626f184c58d1190" sha1="32a189e24a75535556c420a8b414744e74d9317b" />
		<rom name="G-Sound altsound by IDigStuff/gnr_300/0x0052-end_of_multiball.ogg" size="47499" crc="ba5415d5" md5="1c6636b218710fb924789a135fcf05bd" sha1="6f972f1e690d961dbdacd493b5d9420ba69a7519" />
		<rom name="G-Sound altsound by IDigStuff/gnr_300/0x0054-hi_hat.ogg" size="8518" crc="6330e1fd" md5="5aef275411e90eb9987dfa178b4b615d" sha1="b1ce9617ce9e2081ef27e38af0dda61989475541" />
		<rom name="G-Sound altsound by IDigStuff/gnr_300/0x0055-jam.ogg" size="26195" crc="eab847b5" md5="b51fe22137415141579935e08f6a4a3f" sha1="976c8ed5cccebb1a7917a99a0b5081feaaa16d81" />
		<rom name="G-Sound altsound by IDigStuff/gnr_300/0x0056-fuzz.ogg" size="12164" crc="9b606a51" md5="a27660af708df5209545217bb7f02b05" sha1="fe8c166927bbb5b29add7abcb89cc83f0e93ee5e" />
		<rom name="G-Sound altsound by IDigStuff/gnr_300/0x0057-ramp.ogg" size="19325" crc="72a9b94b" md5="bc9ccd046cf367a2ccf8c77ee88899a3" sha1="6ee0a7389c8e30830a7327aecea0f799d3161e20" />
		<rom name="G-Sound altsound by IDigStuff/gnr_300/0x0058-ring.ogg" size="34042" crc="d5330d0d" md5="543df6a505230041036112eed67bb150" sha1="ebb23cfd42ff178373432dc104d252736e13d216" />
		<rom name="G-Sound altsound by IDigStuff/gnr_300/0x0059-level_up.ogg" size="17196" crc="90b00a10" md5="3988e2617e65445f195dd0b1a2ae0441" sha1="b38a99fdef16de660dbd95deb73b52bb3e5a4eeb" />
		<rom name="G-Sound altsound by IDigStuff/gnr_300/0x0060-tilt.ogg" size="53666" crc="a16e598f" md5="3beee7bf3b11dd77ca051a1d81250ea5" sha1="6d4de28c42a0ceb96160206991a254455e0957b6" />
		<rom name="G-Sound altsound by IDigStuff/gnr_300/0x0061-tilt.ogg" size="38388" crc="79e154cf" md5="861b1027104bdb378c88a7fa542d44d4" sha1="bf2f0b030ed716589bf20006e60d751e2a5be3cd" />
		<rom name="G-Sound altsound by IDigStuff/gnr_300/0x0063-drainoid2.ogg" size="30439" crc="b732e779" md5="34b336f2285261aa1f2b120be734f0be" sha1="3790ec75f0801c608a1ccea6912f39d90df7552f" />
		<rom name="G-Sound altsound by IDigStuff/gnr_300/0x0064-welcome_to_the_jungle_disapear.ogg" size="87567" crc="e16aac1c" md5="e7477a69426968ce4592fb4a2c89835a" sha1="98347c832e98704c205c6a6b7dc69c482ad4fc4e" />
		<rom name="G-Sound altsound by IDigStuff/gnr_300/0x0065-guns_n_crypt.ogg" size="68821" crc="3b653783" md5="e58b9699b238e7dec96cf69163ecc7aa" sha1="2e6a745a75035b9387d18c9aa1b5f3bd01890e91" />
		<rom name="G-Sound altsound by IDigStuff/gnr_300/0x0067-jackpot.ogg" size="105247" crc="41facc24" md5="c16a592631866deadbb9686dbf8574c5" sha1="50b2c56c5a811a8e9ee21f97956c1a40028841c4" />
		<rom name="G-Sound altsound by IDigStuff/gnr_300/0x0068-echo_shot.ogg" size="36500" crc="dc471117" md5="c6f5c854c938e17a90ec822cf3cddaaf" sha1="cde907f9597c0762366236dd0a23fed1689e25df" />
		<rom name="G-Sound altsound by IDigStuff/gnr_300/0x0069-door_open.ogg" size="43998" crc="b54400aa" md5="04a49e48cb46f4c9ef758aaa8dcddd8b" sha1="e04ff312b5cd61c275298ad9403e92dbed6d51b6" />
		<rom name="G-Sound altsound by IDigStuff/gnr_300/0x0070-jackpot.ogg" size="88106" crc="5117beb0" md5="8c441930b398dfa37f1fbb1cca679839" sha1="f9711dd31c17d71489d482c4fd71daf5bcc701d7" />
		<rom name="G-Sound altsound by IDigStuff/gnr_300/0x0071-extra_ball.ogg" size="65249" crc="4df853b2" md5="c359f26757c99333318888bc0a637476" sha1="de0ab5d998f3133e7943f97b4723a069b253003c" />
		<rom name="G-Sound altsound by IDigStuff/gnr_300/0x0071-extra_ballnospace.ogg" size="65814" crc="05a4fe4c" md5="85c92ebd56229d74f7fd1c97061f66cd" sha1="9771564623e566478fc6a92eb3c81368af628987" />
		<rom name="G-Sound altsound by IDigStuff/gnr_300/0x0072-replay.ogg" size="66456" crc="8da5044c" md5="c4bff04bb65eae5b7991caa41f2e4a54" sha1="9780f386e54afd6009fdace1d8030a06c120bba9" />
		<rom name="G-Sound altsound by IDigStuff/gnr_300/0x0073-jackpot.ogg" size="113391" crc="c7fe3459" md5="a6c76361f8437f6d60a157398b74cf2b" sha1="4430d9d67a8d15a723f21cba7c44096931b6bcd5" />
		<rom name="G-Sound altsound by IDigStuff/gnr_300/0x0074-jackpot.ogg" size="85918" crc="79eccf41" md5="0db152bbb843b88d7c4d2262ab0f4a0e" sha1="01d299d3b5dc66fcea20b43e041933b8a7ffadc9" />
		<rom name="G-Sound altsound by IDigStuff/gnr_300/0x0075-boom_chimes.ogg" size="58203" crc="26324566" md5="c7b1f8d58386475d82984b9ced9c8346" sha1="e08724f7fd548a40f3dc602863e634b45b7b7fc7" />
		<rom name="G-Sound altsound by IDigStuff/gnr_300/0x0076-jackpot.ogg" size="82690" crc="bf367247" md5="d32a9bb25f71bd7d3aa9f958dabaa271" sha1="0d28e7d6c15777dd1464999c602bfc0bbb36a919" />
		<rom name="G-Sound altsound by IDigStuff/gnr_300/0x0077-chimes_win.ogg" size="78152" crc="2fbca249" md5="c9881bf92a4f882cc57b2bf418db15a6" sha1="d17e891d2dde00d05ba4706c7445b455d996732a" />
		<rom name="G-Sound altsound by IDigStuff/gnr_300/0x0078-jackpot.ogg" size="84151" crc="7cc956ca" md5="cf1d7f25f98588e2c68fd181aa7280e0" sha1="d554c0e3aaae73ec41adf2c1243da80a5cb034a3" />
		<rom name="G-Sound altsound by IDigStuff/gnr_300/0x0079-jackpot.ogg" size="85749" crc="104f437c" md5="8f6de6df4727c59889024202055a7a68" sha1="3107a69be7ff7b9f0ca5e2c0074ec4d04e20c47e" />
		<rom name="G-Sound altsound by IDigStuff/gnr_300/0x0080-shot_gun_down.ogg" size="79360" crc="f69c5fd4" md5="436835ad048b24a67c78136b63877848" sha1="50c271fd4bcfe40e70776da4b8cc27ba73a57e27" />
		<rom name="G-Sound altsound by IDigStuff/gnr_300/0x0081-bells_up_down.ogg" size="95475" crc="f8f46c7e" md5="0d78b7813ba32260b9eabbeafe771804" sha1="8ebecd420be79018a00813f1c4aa101152de8483" />
		<rom name="G-Sound altsound by IDigStuff/gnr_300/0x0082-end_missions.ogg" size="48328" crc="4d0e9399" md5="fb961f65c2a601e8ae5d449c3714b207" sha1="4bb2902146d6a12163cd7505374b4065948489c5" />
		<rom name="G-Sound altsound by IDigStuff/gnr_300/0x0083-snakepit.ogg" size="42419" crc="58a860e3" md5="384eee757d6f3bf57cd292187333bb9a" sha1="015d29b90fb8b6e6b3307a53867941b456282a50" />
		<rom name="G-Sound altsound by IDigStuff/gnr_300/0x0084-loop.ogg" size="62556" crc="32d2e63a" md5="8d57528020f48d829d2ece8aac292026" sha1="4113e73fe3c187ba9dfc213330c6c988bb9106ec" />
		<rom name="G-Sound altsound by IDigStuff/gnr_300/0x0085-alarm_shot.ogg" size="52972" crc="a5d4f415" md5="2313f31bdfafdbaf1091dfe280659e07" sha1="ea0a38ccdc8a72ad22475633678484dfee1172b4" />
		<rom name="G-Sound altsound by IDigStuff/gnr_300/0x0086-explosion_up1.ogg" size="42384" crc="304c5f9a" md5="3d037a9b31f063f03faaddfbd367fd0b" sha1="00a5772db2d6b7c2238a33be6853040f4ce18f86" />
		<rom name="G-Sound altsound by IDigStuff/gnr_300/0x0086-explosion_up.ogg" size="40707" crc="f6f6d38c" md5="c1a32635b1e0cb362b0dc3da75dd1c0e" sha1="fca1baa5e155f8f090b5495f78bc166618fbd4ca" />
		<rom name="G-Sound altsound by IDigStuff/gnr_300/0x0087-mystery.ogg" size="47948" crc="26e1e024" md5="9b72cd6889f933198244515ed83a1427" sha1="eb60dbce8e19a1fb7284c60a9b50c33a45e3e50d" />
		<rom name="G-Sound altsound by IDigStuff/gnr_300/0x0088-cymbal.ogg" size="15676" crc="bc52b969" md5="41dcf5a4cf2f672b754120f22957ed40" sha1="b9106d18e1aaa68d81af166911d02d35b33d43f6" />
		<rom name="G-Sound altsound by IDigStuff/gnr_300/0x0089-cymbal.ogg" size="16300" crc="4f92201e" md5="81214c78e51dea1072b340dd117982e7" sha1="c6e5df4f1244a63d2a6b2a1ad18b9d8008f25685" />
		<rom name="G-Sound altsound by IDigStuff/gnr_300/0x0090-lottery.ogg" size="21420" crc="ff2a6de8" md5="2ea6276488297254075afcd5680e98fa" sha1="a6aecfb3b58fc401f73a50c58c593622cdcf7322" />
		<rom name="G-Sound altsound by IDigStuff/gnr_300/0x0091-lotery.ogg" size="22251" crc="e8503d68" md5="311d3e5c87d74a580171eb1db4810c0b" sha1="df9dc9672a71ca6aca3f86ea40a43683124198ec" />
		<rom name="G-Sound altsound by IDigStuff/gnr_300/0x0092-lotery.ogg" size="26129" crc="47af0024" md5="85e308d37e846fcd8a9f6d49403e4a23" sha1="41300db8e3cdcf0ec7e07bcfc37f309b265ff8d7" />
		<rom name="G-Sound altsound by IDigStuff/gnr_300/0x0093-lotery.ogg" size="22247" crc="fb3b1c95" md5="d2ad323bbe87ac1b2f35c9bc8db0bfd2" sha1="bbeb06250459601463ed1557a3a841f7bef4a5d6" />
		<rom name="G-Sound altsound by IDigStuff/gnr_300/0x0094-lotery.ogg" size="23592" crc="a0ed862d" md5="b51a075748a810428f978cc344b192d9" sha1="2ed4001d594a236c073d2944f8bc277f68595b03" />
		<rom name="G-Sound altsound by IDigStuff/gnr_300/0x0095-lotery.ogg" size="26590" crc="7e9bc968" md5="0237e9e5fc8cb1e9c4c80737d13d6fa5" sha1="5f48413378e52f25c76713e0ca2cf386c427cb0c" />
		<rom name="G-Sound altsound by IDigStuff/gnr_300/0x0096-lotery.ogg" size="24726" crc="c8cfe35a" md5="d6b000d4cbea52dfa168d842c818bf83" sha1="63d6b01aa0d90d21913f55f1478df625fa8abf94" />
		<rom name="G-Sound altsound by IDigStuff/gnr_300/0x0097-lotery.ogg" size="22810" crc="a4256d3a" md5="cfc3bc532ebe56f9f685d598a301d875" sha1="eb418ad510b8e7c396215a79635a35db800f5ccb" />
		<rom name="G-Sound altsound by IDigStuff/gnr_300/0x0098-ramp_up.ogg" size="46800" crc="5bad3fbc" md5="4bc78bbe3c1fd92d45477959fa63b8d3" sha1="70a538e8cec0bc6387535e39aa74a8e1e36bb502" />
		<rom name="G-Sound altsound by IDigStuff/gnr_300/0x0099-ball_lose_in_a_middle.ogg" size="77290" crc="9c0d9aba" md5="2416e92bf04017277e52cb1137784a99" sha1="003d39b426b901a450ef2fb3101f19dab766d59f" />
		<rom name="G-Sound altsound by IDigStuff/gnr_300/altsound.ini" size="6520" crc="511f7b22" md5="6afee4383ecb67f1abb08fe05172c8b2" sha1="9f5a14cd021dcbb55ee17c4be32907e76a67d657" />
		<rom name="G-Sound altsound by IDigStuff/gnr_300/g-sound.csv" size="8097" crc="fcddf7c1" md5="4f9664b94736b75943273f36f2c55d84" sha1="575e719e186b6174b3c9afbca88ddff2e317e59c" />
		<rom name="G-Sound altsound by IDigStuff/gnr_300/no_audio.ogg" size="4571" crc="913f6a01" md5="c1e485b199a6dbf00fe7295e60ef49d8" sha1="ded9ba4d6dde36d02d50840400cc588c9f8df60d" />
		<rom name="Guns N Roses (Data East 1994) VPW v1.1.vpx" size="293470208" crc="5cb3878c" md5="77b638714ab9cb2489dcbe64ec07a458" sha1="3ea27b0ff10a2df98caf66b6b9c8fea1ff280e4c" />
	</machine>
	<machine name="Haunted Hotel (LTD do Brasil)(1983)(wiesshund)(4.0)[VPX08]">
		<description>Haunted Hotel (LTD do Brasil)(1983)(wiesshund)(4.0)[VPX08]</description>
		<rom name="Haunted Hotel (LTD) v4.0.directB2S" size="24720598" crc="8285da13" md5="6787bbe80825f5fd53bf9853e16b69fb" sha1="198151da4b6e60fbaec0fe0a6d5942d52fd07f3a" />
		<rom name="Haunted Hotel (LTD) v4.0.vpx" size="34111488" crc="94f441b1" md5="71d2657c05d826eaa0244dde3ca70441" sha1="c988cf8f4a55ad1d8e728db38f0b7da7633824f8" />
	</machine>
	<machine name="Haunted House (Gottlieb)(1982)(VPW)(2.1)[VPX08][VR]">
		<description>Haunted House (Gottlieb)(1982)(VPW)(2.1)[VPX08][VR]</description>
		<rom name="Haunted House (Gottlieb 1982) VPW 2.1.vpx" size="227803136" crc="e034ea1c" md5="6687fefb8df69cefd80585a7c5454c79" sha1="6a595fd052b800a448bd472454db4a634f04aa01" />
	</machine>
	<machine name="Heavy Metal (Rowamet)(1983)(Wiesshund)(4.0.0)[VPX08]">
		<description>Heavy Metal (Rowamet)(1983)(Wiesshund)(4.0.0)[VPX08]</description>
		<rom name="HvyMtl.DMD/attract2.wmv" size="5219188" crc="aa5e8ffa" md5="acfa41bf58d7bb12ce5a7394331887a8" sha1="774c48c25e57af58f8bc076482a49efd401726a2" />
		<rom name="HvyMtl.DMD/attract.wmv" size="6296305" crc="d66ea54a" md5="c889dbf9a589cca37e64d1d6bc61abf0" sha1="14affaa9895e6a49f09197a307e61bfae50a97a2" />
		<rom name="HvyMtl.DMD/avenge.wmv" size="5219092" crc="173a6c7b" md5="fa5695302720d4ba1f4eb44e63458d47" sha1="15315de9f876aed867fcdea14a0acaf24ff3efc9" />
		<rom name="HvyMtl.DMD/background.png" size="136587" crc="d9a7b054" md5="5d31a498cd72b80f2123b2f3fc919214" sha1="72ab1489d00894d0efb0c3aec23dd92b533a6206" />
		<rom name="HvyMtl.DMD/background.wmv" size="994195" crc="062611ef" md5="bbfd0448c1bf60d8db6dc07bead2fde1" sha1="d1ec5842fbfe9db5a6d58a5514088e167ade28e3" />
		<rom name="HvyMtl.DMD/BallinPlay.wmv" size="1884724" crc="14a7adb3" md5="483f3be7f8320e4704c44cf8d817e577" sha1="dcd39285014f96e7f4491275c2c5297e6fde4218" />
		<rom name="HvyMtl.DMD/bankreset4.wmv" size="1379855" crc="ba9b1105" md5="559a795cc9360f6cd780bdbe35f65957" sha1="2e9fb24ef55369f56f10c33315489489d875a1ad" />
		<rom name="HvyMtl.DMD/bankreset5.wmv" size="1218821" crc="df44c429" md5="ca7499aaa3181272fd85802879d47948" sha1="b30fdfd2fd348175b2c03655c259ace76d4d0978" />
		<rom name="HvyMtl.DMD/bankreset6.wmv" size="2319191" crc="4b047993" md5="a047e003c4f30c19caf1ba3c32d86a00" sha1="ae0a5ee9d3c6d88aafa06da31daecf4ac5ff6fe9" />
		<rom name="HvyMtl.DMD/bankreset7.wmv" size="3151187" crc="5a29588a" md5="9bf7552ae18cf0f929d88a4668814e6f" sha1="c5a58a4a67ba2e321fc9f2a579846d25ba9c0626" />
		<rom name="HvyMtl.DMD/BonusLock.wmv" size="4549716" crc="9710a48a" md5="7be27a271ed89b194d4279012b38ba52" sha1="d9fa8effce97ff58ddfcd4bfeceec22bae66280c" />
		<rom name="HvyMtl.DMD/challenge.wmv" size="2967594" crc="2580c216" md5="172538b3a0dabd2771808aa48d337b6c" sha1="7be3c72d3500385a185d3007e3289eac04b5b001" />
		<rom name="HvyMtl.DMD/desktop.ini" size="46" crc="d17437a5" md5="15478b340a8362bb79fd2a6ea0dde1a0" sha1="d48418a9c291d7272431cc5a93102aaba7a94e04" />
		<rom name="HvyMtl.DMD/gameover.wmv" size="3746249" crc="813844ff" md5="230bd37adaf3dd936f2205feb5bdf1a0" sha1="55b869ca117c8284d313397fcf08715de9f616a3" />
		<rom name="HvyMtl.DMD/general.png" size="4885" crc="79af6e42" md5="16033ece93802692e90251b8f2955a6c" sha1="335f454812cd3fd65bb1a1d931882c0a724573ce" />
		<rom name="HvyMtl.DMD/greenalert.wmv" size="978219" crc="ffb9f556" md5="4110e05c8c8e099e946a54e7bb919718" sha1="0e6ac243edec37b818c6addd43606f3eb735d4cc" />
		<rom name="HvyMtl.DMD/HM Intro.wmv" size="1093830" crc="111c466e" md5="df7d43da8e161f0fda614a6c461e9283" sha1="e7b24747689d8b496f9fce13d347dbd95de8adc3" />
		<rom name="HvyMtl.DMD/idle.wmv" size="3321239" crc="3b54e594" md5="11132bed1d5cd3a3adea69c790cf1be5" sha1="8da20442645611201a869f355636535696bf0c36" />
		<rom name="HvyMtl.DMD/Landing2.wmv" size="1494043" crc="47a87b53" md5="8834d7713fae45b408a9ce0866d8305a" sha1="76d2148dc10564d2c6167052ce8c93be64d6d160" />
		<rom name="HvyMtl.DMD/landing.wmv" size="789680" crc="4c0312af" md5="fedae715f4540f60d78be4eb8c4dbdde" sha1="44f27cbfe0e9548e05cd8205e58bd4957d800248" />
		<rom name="HvyMtl.DMD/lane bonus.wmv" size="1111475" crc="eafb5c3c" md5="617b8218bb3467240efdc7cee437ed2b" sha1="bbeab7480097b37b6d3a595d962b39ee3a06997b" />
		<rom name="HvyMtl.DMD/leftbank.wmv" size="1365740" crc="b12afef7" md5="a0c2d7deee67b8e3c2fdd8f5e5b97bdb" sha1="c9fd93774642510bae9fc03e37b0bd3398d1a4fb" />
		<rom name="HvyMtl.DMD/lostball.wmv" size="229656" crc="d2fb98c6" md5="0aedb46c945be91565c65733fcedeaf8" sha1="aa4a7cda5ad8b7e10b582bde5830d464186a4648" />
		<rom name="HvyMtl.DMD/My Movie.wmv" size="3321239" crc="3b54e594" md5="11132bed1d5cd3a3adea69c790cf1be5" sha1="8da20442645611201a869f355636535696bf0c36" />
		<rom name="HvyMtl.DMD/New Score.png" size="2677685" crc="7e9aedcb" md5="3df17f8817256f2c4bea166234e7522b" sha1="30047000df87179dda5be866edb4879370d25594" />
		<rom name="HvyMtl.DMD/Nyborg.png" size="5403" crc="54c9de3e" md5="a086d844e713a0a8a590db9055194ad0" sha1="008fc6f24f73113afc932e6e3554f8a8f6d6e670" />
		<rom name="HvyMtl.DMD/outlane bonus.wmv" size="2677031" crc="e07be2ae" md5="62e73f35a724e3fc611b25d1e497de65" sha1="946bd378fe52d9e94cc0053e8595e48c705ca276" />
		<rom name="HvyMtl.DMD/plungerpull.wmv" size="238268" crc="c971960a" md5="d3dc6fb7a0120b044ec3fe0a1afc1602" sha1="46d36c4cd7d1da96854aa1958d3bf90732e03b9d" />
		<rom name="HvyMtl.DMD/promo1.wmv" size="6148555" crc="b70d6973" md5="72369737e17f6a8af8bfac3cc8f8843d" sha1="4654276c342a7aa9adf424497207c36f6dd9cde6" />
		<rom name="HvyMtl.DMD/promo2.wmv" size="4265314" crc="758de9e8" md5="7d70eff409bb1b92b2fa34524565ca24" sha1="2df153c5ccfd33f6888fe87f7e72eb822afabfdc" />
		<rom name="HvyMtl.DMD/promo3.wmv" size="10038082" crc="620caad2" md5="832763784869bfb9a071ce386e831452" sha1="c05b5e35eb8ef273956010a87d9d5faa8106ec29" />
		<rom name="HvyMtl.DMD/sameplayer.wmv" size="397680" crc="ca6f4cf9" md5="b69832bd9de69cdd30d988073302ca8e" sha1="f3a111cb5a673024afb0c3811f9e7d505272c8a7" />
		<rom name="HvyMtl.DMD/Score.png" size="130406" crc="a9ebc02c" md5="6f5875ac98ae05a7e5f51c924c027c49" sha1="df8dabedbec03c9f052d173ba1ee3400b0a2a296" />
		<rom name="HvyMtl.DMD/score.wmv" size="181226" crc="f980edc5" md5="b618385e9cc3a703de4ac3fb025f3f7b" sha1="1a62f35511f86d01678fa03e22acfa397c3e562e" />
		<rom name="HvyMtl.DMD/shootagain.wmv" size="309662" crc="dfeeedb0" md5="1ba5ac55c713e04f68881f572057f257" sha1="8a6a0bc16f90cecf3d6a22608883fe2746c5360d" />
		<rom name="HvyMtl.DMD/Tarna.png" size="9007" crc="21fbce04" md5="21b8ee2c2d95eed973b0bad372904d98" sha1="1e36e490cb0ddfa64de7eae181ed8ba06308234d" />
		<rom name="HvyMtl.DMD/topreset.wmv" size="810964" crc="28a72e9f" md5="67c47be4d73f023b45f4d7bec96479b0" sha1="55513fc84cbfa549e58973d3c0869d680a3155c2" />
		<rom name="HvyMtl.DMD/welcome.wmv" size="173662" crc="b3c8324b" md5="3d4f8bb7cf6c8bb382af99e1ec2abd54" sha1="cd2813a76503a947b1e32ff55eab71be3f028c28" />
		<rom name="HvyMtl.DMD/Xtraball.wmv" size="2423236" crc="e9e0446d" md5="45dc41405480363e3b9a137ed82c4b1c" sha1="02070f85790c03f4288c5fd7409ecda9c0b98e90" />
		<rom name="HvyMtl.DMD/Zombie.png" size="3823" crc="d8fdc7a8" md5="40427232a6d8f5cfa182f2502a54cb0f" sha1="20e21d10446c4bc0860cc8c395a21de28a970616" />
		<rom name="Music/HeavyMetal/HM-All-You.mp3" size="5753077" crc="60fe13fe" md5="8e7272e18a0ffba88364d4052d76d48e" sha1="98227f547b67358bdc360582245fc6da28bb056a" />
		<rom name="Music/HeavyMetal/HM-Blue-Lamp.mp3" size="5407201" crc="da35bebc" md5="32eb9d79e03e267ece8cb592c5a499ce" sha1="8400fd9f286cc7bba68de64e98e4b8d77e476478" />
		<rom name="Music/HeavyMetal/HM-Coalmine.mp3" size="3204147" crc="5a70afd6" md5="3db48e2a746c5de3d0c81ae9dcb7070d" sha1="e7191b1b2e78fb56e583fb2ca795ecbac1dbef6d" />
		<rom name="Music/HeavyMetal/HM-Cool.mp3" size="4224472" crc="ec4ed0b1" md5="63502625ab8bac943744882b0d7b20e4" sha1="65fac6fb1c183ea463ebdffc832e5b04a4cf3739" />
		<rom name="Music/HeavyMetal/HM-Crazy.mp3" size="4567005" crc="a43f2cd3" md5="73eb9b16a2b905f457876333de365ea3" sha1="f906c006f8d9f0c215dd3895487d03127974d53a" />
		<rom name="Music/HeavyMetal/HM-Dreamin.mp3" size="7902188" crc="87de1a8e" md5="1e3b20dc32607e4204dd76b073e3f1b9" sha1="ec0e2baab83681b924de24147b71f8eed5924fec" />
		<rom name="Music/HeavyMetal/HM-Heartbeat.mp3" size="5185542" crc="f89c1445" md5="691906220b9f26a7b64bdaccfd07fc3d" sha1="6746766e35cb32f9a1ab07bd150c3744ff12fc52" />
		<rom name="Music/HeavyMetal/HM-Heavy-Metal.mp3" size="3715137" crc="40df1459" md5="e72702f2010f6fef12a3000a2fffff2a" sha1="35ec30e44d0e6d6af20e9e1a08581342edcb14e3" />
		<rom name="Music/HeavyMetal/HM-Mob-Rules.mp3" size="3135010" crc="53b5d61a" md5="b5f4f6fd78422e6e570b5b84cae35770" sha1="d3f2e5e8628800575fcfbdba18d903a1ce428026" />
		<rom name="Music/HeavyMetal/HM-Prefab.mp3" size="3398902" crc="10995980" md5="c9f4e84f9b3f80e1799c3cbc3b9e8f2d" sha1="60173e9487a22873117ca5fb3caa90d7f7f8b944" />
		<rom name="Music/HeavyMetal/HM-Psychic-Wars.mp3" size="4638827" crc="47a68bb6" md5="72c0ba58fe3746c49de74106bf0237e1" sha1="2a9a04c3019777196309edcdce2e8ee61aea0d8e" />
		<rom name="Music/HeavyMetal/HM-Queenbee.mp3" size="3623819" crc="f9903797" md5="afc29267806ebbe68436e108e9c072b5" sha1="3e473db6ff63d58281d6b9a3fd3a1a5a40f18713" />
		<rom name="Music/HeavyMetal/HM-Radar-Rider.mp3" size="2666478" crc="b003afa9" md5="512c3aee0c710f241250409ad24b1aa0" sha1="fcaa37033906493814e9907f6419d8acc28b4df0" />
		<rom name="Music/HeavyMetal/HM-Reach-Out.mp3" size="3514099" crc="422094aa" md5="a60dcc5a381a1ced0dbe119210d54cf3" sha1="d3b8b65d90605b683cc09b7200b7927bd591ca48" />
		<rom name="Music/HeavyMetal/HM-Take-Ride.mp3" size="6772522" crc="fbbdfa01" md5="6251ad0227de8b7c7fcf0db3c24690cb" sha1="3829c7ff8c4dc32d9989dc490aa168c91d673af3" />
		<rom name="Music/HeavyMetal/XtraBall.mp3" size="4333693" crc="c4f6383e" md5="ce66de151dc981f8d5ce898e8d27241f" sha1="5e189a02b935412763a7f8da8761cc06b45503f6" />
		<rom name="Heavy Metal (Rowamet 1983)  4.0 Wheel.png" size="1127178" crc="816dee29" md5="93232ca8f033329f10ce9357687c14f9" sha1="cd19c021d10c6d93ac4f7ec07ac90666d349b53b" />
		<rom name="Heavy Metal (Rowamet 1983)  4.0.directb2s" size="10275839" crc="96992370" md5="54deb2732504295f7daa6822928db0e3" sha1="ea674d03b3aeed5823b08feed7de5f9205347bac" />
		<rom name="Heavy Metal (Rowamet 1983)  4.0.vpx" size="81084416" crc="e3bab6cc" md5="fe65d834265ea34e271f01043041f4d2" sha1="64581bcd6f43d7336489b95e92819619090766dc" />
		<rom name="Heavy Metal (Rowamet 1983) Classic 4.0 Wheel.png" size="1127178" crc="816dee29" md5="93232ca8f033329f10ce9357687c14f9" sha1="cd19c021d10c6d93ac4f7ec07ac90666d349b53b" />
		<rom name="Heavy Metal (Rowamet 1983) Classic 4.0.directb2s" size="10237513" crc="ce3abf54" md5="e4d6999412f5ad4128c9f050381829ec" sha1="755e84823e1a037b29fb2de48718d1fc70dd3c3c" />
		<rom name="Heavy Metal (Rowamet 1983) Classic 4.0.pov" size="3216" crc="f7db926c" md5="1b02e526ba014777268a225c4b413b38" sha1="97e920c12a9ed3b2f2ba77229d59e5f5c4640207" />
		<rom name="Heavy Metal (Rowamet 1983) Classic 4.0.vpx" size="20086784" crc="cfe35372" md5="f30b6f99cbbbaf95417471bb16b28341" sha1="00e3323bcc7436b24f6de6c1e18fa3f58a31a45d" />
		<rom name="Heavy Metal DMD Frame.png" size="251845" crc="e446bd0f" md5="f11adc31611dc043888bc18dd87e8e4c" sha1="26ac1287282897b9b993d7afd140858b50f0690d" />
		<rom name="Heavy Metal HD DMD Frame.png" size="385052" crc="847deb03" md5="74d6abfa24bc5e7e42876ee37b227d32" sha1="dfb7f6dc2ad3681d2119ce4328362e9b479109c2" />
		<rom name="READ ME DMD Styles for Heavy Metal for use .txt" size="4675" crc="29ad6fd1" md5="1039b34a8326594af06b945e71860c0c" sha1="b7144c997c0ef272ef4753d35170cfeacd58d7c6" />
		<rom name="READ ME NOW or suffer.txt" size="1446" crc="b88258f3" md5="98ce9775f1a43d239b022111bf05c0a7" sha1="aa86b2432f0cef1c46da2910e21b8f7d63429260" />
		<rom name="READ ME NOW VPM ALias to add.txt" size="192" crc="b29e7433" md5="d2b1a5622ac0fc8b1717e935851e8f95" sha1="8f2844d942af4a50702e740c30df3ac035699357" />
	</machine>
	<machine name="Johnny Mnemonic (Williams)(1995)(VPW)(1.1)[VPX08]">
		<description>Johnny Mnemonic (Williams)(1995)(VPW)(1.1)[VPX08]</description>
		<rom name="Johnny Mnemonic (Williams 1995) VPW v1.1.vpx" size="341942272" crc="b347c733" md5="897e60d0d56f2fd036f27fed92598dc3" sha1="6df0c43b2c4005e5e8015234a2cabeafd941ba74" />
	</machine>
	<machine name="Lectronamo (Stern)(1978)(32assassin, DomiKamu)(1.01)[VPX08][MOD Unknown v1.2 STYX]">
		<description>Lectronamo (Stern)(1978)(32assassin, DomiKamu)(1.01)[VPX08][MOD Unknown v1.2 STYX]</description>
		<rom name="Lectronamo1.2.vpx" size="19972096" crc="2862665f" md5="d7e808c157715ef5a993170556d537c8" sha1="e5f8d7d81fa1432dc22971fbd8ef212089ae01c1" />
	</machine>
	<machine name="Lost World (Bally)(1978)(bord, iaakki)(1.1)[VPX08][VR TastyWasps]">
		<description>Lost World (Bally)(1978)(bord, iaakki)(1.1)[VPX08][VR TastyWasps]</description>
		<rom name="Lost World (Bally 1979).vpx" size="185806848" crc="e64da3a9" md5="ea6e23a1ebc5e1e0c9f9eec77cd66ae9" sha1="cf800e57cda56eba661aafb3e2870b5766a2e648" />
	</machine>
	<machine name="No Fear - Dangerous Sports (Williams)(1995)(VPW)(1.0)[VPX08]">
		<description>No Fear - Dangerous Sports (Williams)(1995)(VPW)(1.0)[VPX08]</description>
		<rom name="No Fear (Williams 1995) VPW v1.0.vpx" size="221249536" crc="2f5f92ee" md5="c512b7a66be0fb1047ed6eb16e79ad4a" sha1="bd942a29f00e86de9f53d88bda1e7d8fbb399f0c" />
	</machine>
	<machine name="Nugent (Stern)(1978)(WED21)(2.2)[VPX08]">
		<description>Nugent (Stern)(1978)(WED21)(2.2)[VPX08]</description>
		<rom name="Nugent (Stern 1978) 2.2.vpx" size="60526592" crc="88cc0a63" md5="33e4362d4dd4f0fcc0e8652592e42dba" sha1="a88baf1f8307b562a8028cb3014fa01df1806f65" />
	</machine>
	<machine name="Operation Thunder (Gottlieb)(1992)(rascal)(1.4)[VPX08][DT+FS+VR][VP9 mfuegemann table to VPX]">
		<description>Operation Thunder (Gottlieb)(1992)(rascal)(1.4)[VPX08][DT+FS+VR][VP9 mfuegemann table to VPX]</description>
		<rom name="Operation Thunder (Gottlieb 1992) (10.8) 1.4.vpx" size="66375680" crc="81c1d449" md5="0a572e35349ea9066e546dce6b9e6907" sha1="0f32fd85513cda40690751fad17ae6f13595e1f3" />
	</machine>
	<machine name="Paragon (Bally)(1978)(bord, 32assassin, iaakki, redbone)(2.5)[VPX08][VR TastyWasps]">
		<description>Paragon (Bally)(1978)(bord, 32assassin, iaakki, redbone)(2.5)[VPX08][VR TastyWasps]</description>
		<rom name="Paragon (Bally 1979)/Paragon_PF.webp" size="28558932" crc="e3aea6f0" md5="37935f1728516c9300a7a89595eb50b2" sha1="2a60a17c64d6dc65ae7f5691300d46fbbf89b08b" />
		<rom name="Paragon (Bally 1979)/paragonplastics.webp" size="6295588" crc="55b5b32a" md5="3eb3feeba3766ef926eb235f2044f98c" sha1="a29af2050dd48dd989c8b2274bed5b6fd8cb7228" />
		<rom name="Paragon (Bally 1979)/spinner-t1paragon.webp" size="299390" crc="743b2396" md5="58b0b84eb17df05fb8e3b746cfcf8845" sha1="90abb1250fee3962bc3f959e7f28aa36c9fe7297" />
		<rom name="Paragon (Bally 1979).vpx" size="204705792" crc="83d6e7fe" md5="3e3e80822e10129db4d5f70e7992a791" sha1="5601f515a42667c451cc48800426425478a432a8" />
	</machine>
	<machine name="Petaco (Juegos Populares)(1984)(JPSalas, Pedator)(5.0.0)[VPX08]">
		<description>Petaco (Juegos Populares)(1984)(JPSalas, Pedator)(5.0.0)[VPX08]</description>
		<rom name="Petaco (Juegos Populares 1984) v5_VPX8.directb2s" size="8513038" crc="49f6738c" md5="e7a46df360aa507431d6326cb62b4dfa" sha1="03afc23d0f1807b52b3e2fc5bb31dfe0a12876d9" />
		<rom name="Petaco (Juegos Populares 1984) v5_VPX8.vpx" size="13787136" crc="64b17b17" md5="76697c97811c51716d9c890a4c2be35a" sha1="825f11ea2b839f871ff9410d3dc1ae24256a07ae" />
	</machine>
	<machine name="Petaco (Juegos Populares)(1984)(wiesshund, TAB [VP9], MRCMRC [VP9], destruk [VP8])(4.0)[VPX08]">
		<description>Petaco (Juegos Populares)(1984)(wiesshund, TAB [VP9], MRCMRC [VP9], destruk [VP8])(4.0)[VPX08]</description>
		<rom name="Petaco (Juegos Populares 1984) .directb2s" size="7108389" crc="a0be9579" md5="c2532686b75ed646bcbd03d8ddd7966f" sha1="c8dea67e3a4aa0aefe5f0a08a5e80ac71795baa1" />
		<rom name="Petaco (Juegos Populares 1984) .vpx" size="10735616" crc="b96ce252" md5="483d1c39228a666a9330aaf285cb86a5" sha1="ceed37325038c9bca00b0da2117af2df0fd18a2f" />
		<rom name="Petaco (Juegos Populares 1984) Pedator.directb2s" size="8513038" crc="49f6738c" md5="e7a46df360aa507431d6326cb62b4dfa" sha1="03afc23d0f1807b52b3e2fc5bb31dfe0a12876d9" />
	</machine>
	<machine name="Pinball Magic (Capcom)(1995)(rothbauerw, unclewilly)(1.7.0)[VPX08][VR]">
		<description>Pinball Magic (Capcom)(1995)(rothbauerw, unclewilly)(1.7.0)[VPX08][VR]</description>
		<rom name="PinballMagic.v1.7.Hybrid.VPX8.vpx" size="32444416" crc="e1e88fb3" md5="473b9aa5dc8e9439b31ee7c0ffb74f06" sha1="7595205cfc1ef6fc062e022fc4bd57ba72d688f1" />
	</machine>
	<machine name="Police Force (Williams)(1989)(VPW)(1.1)[VPX08][VR]">
		<description>Police Force (Williams)(1989)(VPW)(1.1)[VPX08][VR]</description>
		<rom name="Police Force (Williams 1989) VPW v1.1.vpx" size="333119488" crc="c8cd2d52" md5="33b7ee888ba60539474e4e95591d5a56" sha1="04b58cab83745a320492a1eaf5b7d5e59d1135be" />
		<rom name="Police Force (Williams 1989).directb2s" size="70844872" crc="09a7bcbe" md5="f8e9f58f629fd240230cd1f63cb65dc6" sha1="f12f607b7eb3a1dc963f7fbfce4ae2e1088889a0" />
	</machine>
	<machine name="RollerCoaster Tycoon (Stern)(2002)(1.0)(VPW)[VPX08]">
		<description>RollerCoaster Tycoon (Stern)(2002)(1.0)(VPW)[VPX08]</description>
		<rom name="Rollercoaster Tycoon (Stern 2002) VPW v1.0.vpx" size="315052032" crc="63071edf" md5="b390e9fa1d6bfdee234dcfa8174fac45" sha1="75563db41d97f1787c08ccb90207015dfac9eedb" />
	</machine>
	<machine name="Space Poker (LTD do Brasil)(1982)(mfuegemann, Halen)(4.0)[VPX08]">
		<description>Space Poker (LTD do Brasil)(1982)(mfuegemann, Halen)(4.0)[VPX08]</description>
		<rom name="Space Poker (LTD) V4.0.directb2s" size="17380819" crc="4f00518d" md5="5d5d16aa361b630f1ecc2a301688765b" sha1="80e7109283174396ba135a28e9fd134bcbc8d616" />
		<rom name="Space Poker (LTD) V4.0.vpx" size="21766144" crc="6e713162" md5="e4001e5e34b061e1748245d4361c94b0" sha1="65ab88a97ddb5bdb8138b90ddbf52d153ba52ee8" />
	</machine>
	<machine name="Star Trip (GamePlan)(1979)(JPSalas, RetroM4n)(1.0.1)[VPX08]">
		<description>Star Trip (GamePlan)(1979)(JPSalas, RetroM4n)(1.0.1)[VPX08]</description>
		<rom name="Star Trip (Game Plan 1979) JP_VPX8.vpx" size="10792960" crc="1192eddd" md5="1b2cd82546255bd9df812ad7c5014790" sha1="3e3c60c3a2d06f635d6883ad0dc46c391867ffb9" />
		<rom name="startrip.nv" size="302" crc="41690917" md5="6b585ace3b34f38b67817bcf41ed0f5a" sha1="3401529aa34cc9c631a83b990b3efa92cffabf2f" />
	</machine>
	<machine name="Star Wars Episode 1 (Williams)(1999)(ryguy417, xenonph)(1.2)[VPX08]">
		<description>Star Wars Episode 1 (Williams)(1999)(ryguy417, xenonph)(1.2)[VPX08]</description>
		<rom name="empsback/sw_ic2.mpu" size="2048" crc="b47bc2c7" md5="d226b971e586ca8fd75ee1e372363691" sha1="42c985d83a9454fcd08b87e572e5563ebea0d052" />
		<rom name="empsback/sw_ic3.mpu" size="2048" crc="837ffe32" md5="fe820cf45184fa12f8f3d467fde5793d" sha1="9affc5d9345ce15394553d3204e5234cc6348d2e" />
		<rom name="empsback/sw_ic3.snd" size="512" crc="db214f65" md5="38692d7110255073149374063ddf29d7" sha1="1a499cf2059a5c0d860d5a4251a89a5735937ef8" />
		<rom name="empsback/sw_ic14.snd" size="2048" crc="c1eeb53b" md5="9cc4df4381ba739e96fb79c0373072c4" sha1="7a800dd0a8ae392e14639e1819198d4215cc2251" />
		<rom name="StarWarsTPM/0TPM01.ogg" size="4656557" crc="f5c6074d" md5="596a72cacd91f2c75e92a7ce344413e3" sha1="67a9baf283156ff147393bf2f3d361b52b7332c2" />
		<rom name="StarWarsTPM/0TPM02.ogg" size="2358106" crc="50189cc2" md5="3c1bd343bfc36ad98fae629d1c6ea9c5" sha1="a4cb057c8ba9a2fc34a68c0357df0d48772a02b5" />
		<rom name="StarWarsTPM/0TPM03.ogg" size="1537089" crc="36337c14" md5="be322b3fd8b3b1d2f60db80e3ddda850" sha1="0cd2b6cd800f3364df37ca4fb00922563b4be2d5" />
		<rom name="StarWarsTPM/0TPM04.ogg" size="1600889" crc="c30d5e08" md5="cd03a6826cd9b5c0e9f2b8040cf288ff" sha1="51d448d153ee5cf0045d767b1e3999b604563198" />
		<rom name="StarWarsTPM/0TPM05.ogg" size="3957296" crc="95dc96cf" md5="7373f534787b21c6a1a9bbb82cdfc684" sha1="e73f132d74847dfb5529b2ab4f6f356205d3a040" />
		<rom name="StarWarsTPM/0TPM06.ogg" size="3827124" crc="2f496d2d" md5="cf93d255a507092c2b7a979a41c37cc2" sha1="0f2f8abc846034f8e68b4388ac0678f5b9f08cc1" />
		<rom name="StarWarsTPM/0TPM07.ogg" size="1884777" crc="7461c0c9" md5="37aded1f6c67991574491d8ce19f95be" sha1="b9d752dd0a3e2ec0bf03fa83261d42d48d28bc41" />
		<rom name="StarWarsTPM/0TPM08.ogg" size="1191162" crc="205f61c6" md5="28cc6ff2ff53f17e5ceba24fba62d06f" sha1="c11ccc3e8735ce26fcc6af5d19aa442decc1c35d" />
		<rom name="StarWarsTPM/0TPM09.ogg" size="1555972" crc="87b6db3c" md5="8bb10f998fcd08f589cb0d9ed35d5d43" sha1="2d3ac2d76f851616373d409e0bc36916b586c01e" />
		<rom name="StarWarsTPM/0TPM10.ogg" size="1935104" crc="25d3158d" md5="640ea1467694654c10aa72b810840105" sha1="bffec1515edda9398ddae99a046e9050837046c0" />
		<rom name="StarWarsTPM/0TPM11.ogg" size="2415346" crc="d21c96e9" md5="5f193b514089da4f8b48c34e97c94851" sha1="98ec0c930967a9d4cef06ea647be345115c14f74" />
		<rom name="StarWarsTPM/0TPM12.ogg" size="1650601" crc="cc8a9e24" md5="883cb79a5d3bd58834621df4e10cb8e0" sha1="aad20a22784ddba156eb3f5804206bdd9b38e466" />
		<rom name="StarWarsTPM/0TPM13.ogg" size="1664681" crc="e29cc6f4" md5="b254be1f84bb4936167bcd9b3e974890" sha1="cebb6e22ba20321db4c07e53cc81102512fb5193" />
		<rom name="StarWarsTPM/0TPM14.ogg" size="2332187" crc="9ee64967" md5="eee250667866327e0fd8c95664a18bec" sha1="c77e363d7cff7a54513fe6807bb2099301e73f42" />
		<rom name="StarWarsTPM/0TPM15.ogg" size="767596" crc="13a4cb9b" md5="910f8e47600c562de45cca4f7b601d85" sha1="34c4d90354237084f8fd42ca200ec0f102d9cc70" />
		<rom name="StarWarsTPM/0TPM16.ogg" size="580907" crc="ad6ecbff" md5="b464989f914aceff94f199064deb01db" sha1="ddca86cdf70e4142a7808750201ac3181bd6ade8" />
		<rom name="StarWarsTPM/0TPM17.ogg" size="559792" crc="27dd9196" md5="c039b589707475e6575c95dbeb5ff3f8" sha1="2a5671897e0186f944d8df5fea3b7aa5e917f818" />
		<rom name="StarWarsTPM/0TPM18.ogg" size="1568044" crc="8d0683c8" md5="3fc44165c4208ae6793eb6290fed0c0a" sha1="34d8e154707ed45a63f759a04f0fcf0b9aef578b" />
		<rom name="StarWarsTPM/0TPM19.ogg" size="1643813" crc="8e81ccd8" md5="0ebb3bf99a1a38c235e005bc92359abd" sha1="34a16fd8fa00b242ba134f9dac30e736c7c77953" />
		<rom name="StarWarsTPM/0TPM20.ogg" size="1801509" crc="9aa427b8" md5="367a668f291e1f790e734532fbd81814" sha1="1833a96de55457b5b7b84e8eaedd9c572848aa33" />
		<rom name="StarWarsTPM/0TPM21.ogg" size="2370481" crc="d4b22d81" md5="fbe4bba8956e87fd4c97b19af1fa9136" sha1="acd81954d6d2a541e8bccdd758963a04e38acb88" />
		<rom name="StarWarsTPM/0TPM22.ogg" size="3593848" crc="d90b86a1" md5="8d51b4ec45d22fe0c0c84b7f0e02758b" sha1="543fdfb5e1f9b7aa4db71642de66438d842404f3" />
		<rom name="StarWarsTPM/0TPM23.ogg" size="2734494" crc="43589adc" md5="15936fa47d21f44bcee9f0043029bb5c" sha1="374a3a66b1890b5dc74a38421e8dd16cac7f7be6" />
		<rom name="Audio Launch.mp3" size="6105645" crc="d7aca82e" md5="5427f02b25c05b9f3e0847c3e42ef21a" sha1="f76a9bfd41ebcc744f05bd1c06999bd3177c92a3" />
		<rom name="empsback.nv" size="302" crc="63d5b699" md5="ef856adab02bf805fce24b839b5069a2" sha1="9d7780fec334338e152e6bbf13e5407092ff99d4" />
		<rom name="Hankin.vbs" size="5748" crc="2b1dc6c4" md5="7657109ca731ae65b3359c4f031d55c4" sha1="9eabd98020a0f7d5bec23b96014c8882300dd389" />
		<rom name="Star Wars Episode 1 (Williams 1999) Desktop View.res" size="936" crc="2efc3686" md5="0408ac91bb34b4e7e26186138eee37d0" sha1="ccb290b677ad6f1e9d2a963d653706c78633f77e" />
		<rom name="Star Wars Episode 1 (Williams 1999) fulldmd.directb2s" size="3684674" crc="f4bcd40a" md5="6d19ef47f5fa78070f8924450f5f51eb" sha1="314b0cf9598298fb299c821f4a0b5a1449e7822b" />
		<rom name="Star Wars Episode 1 (Williams 1999).directb2s" size="3707978" crc="bc0e1ef5" md5="9634b66f2002e3bdd0422638ca9f2fcc" sha1="f85770463a0dd1a3bd6e3d7c02484a4fdfe0955c" />
		<rom name="Star Wars Episode 1 (Williams 1999).ini" size="403" crc="545e0964" md5="24ee9bc7a31ba61e8590cfbbdedb1ca7" sha1="71d0cb4ef60adae27112330f08bdb0a09659547f" />
		<rom name="Star Wars Episode 1 (Williams 1999).pov" size="3162" crc="9f48769a" md5="09616832557c0c6ae2da8d1522935bcd" sha1="b6730437544d1873668e6b2c3b962c250319d761" />
		<rom name="Star Wars Episode 1 (Williams 1999).vpx" size="56795136" crc="ffc39f03" md5="31ab5fe0c7d81e97285cee69c6b9137f" sha1="d29cefc3715ccf9867cb06bb8299c73498621e42" />
		<rom name="Topper (Real Topper RyGuy417 Series).mp4" size="3141326" crc="f2a3cd67" md5="6e25caedb7fe00d0d745b686970385ac" sha1="13ec9184030085746a55cf4080aa06b6fbeade8a" />
		<rom name="Topper.png" size="722064" crc="94cffccc" md5="995ee04f178b5dd63e2ec4f9364d778d" sha1="011436d60d776c8fa56ff19bfadd9d3337565266" />
		<rom name="Wheel.png" size="413371" crc="4f3d0a98" md5="7139c7b09309306b54e17c9818bb8596" sha1="dc2eeadf4cab5dea23a34cc3000296772791cd86" />
	</machine>
	<machine name="Super Orbit (Gottlieb)(1983)(UnclePaulie)(2.0.1)[VPX08][VR]">
		<description>Super Orbit (Gottlieb)(1983)(UnclePaulie)(2.0.1)[VPX08][VR]</description>
		<rom name="sorbit.nv" size="302" crc="083fc2cf" md5="6692143285358c3c2f3bdc5b5c88e90a" sha1="d6720e1b3583dd72ccdd3f1dea58d39e59381319" />
		<rom name="Super Orbit (Gottlieb 1983) v2.0.1.vpx" size="115806208" crc="ef72fc97" md5="3fefe332285ec080acdb5a5ca02d33be" sha1="3028b1fbbb5dd2c7072100e7b2e7fd13c75a46b8" />
		<rom name="Super Orbit (Gottlieb 1983).directb2s" size="40071150" crc="c8c8f6e4" md5="7afc3f174d3b464e2c45410e2a4acc68" sha1="f3cbb30f38d84ac22d8dc02e8f10274ab78b7d68" />
	</machine>
	<machine name="Tales of the Arabian Nights (Williams)(1996)(JPSalas)(5.0.0)[VPX08]">
		<description>Tales of the Arabian Nights (Williams)(1996)(JPSalas)(5.0.0)[VPX08]</description>
		<rom name="Tales of the Arabian Nights v5_VPX8.vpx" size="14987264" crc="adfffc49" md5="cc57f9f8378538483061e019d212dd3a" sha1="92589a0fc9184c6546e758289ba8d40a1d7401da" />
	</machine>
	<machine name="Tee'd Off (Gottlieb)(1993)(rothbauerw, dark, hauntfreaks, sixtoe, fluffhead35, UnclePaulie)(2.0.5)[VPX08][VR]">
		<description>Tee'd Off (Gottlieb)(1993)(rothbauerw, dark, hauntfreaks, sixtoe, fluffhead35, UnclePaulie)(2.0.5)[VPX08][VR]</description>
		<rom name="Tee'd Off Playfield Redraw Gimp/Tee'd Off Offset Inserts.xcf" size="228168343" crc="d525f8fa" md5="570c99574721611082bcc1f187ff7cf5" sha1="c606ab9f1fdf2423b52f6dd989f46682ae1f6386" />
		<rom name="Tee'd Off (Gottlieb 1993) 2.0.5.vpx" size="243736576" crc="b892cfb1" md5="dca606b575db0c8f5dfd0f3b75e45b71" sha1="6b188223b13c819ee5c444ef2d884ea28210d042" />
	</machine>
	<machine name="Time Machine (LTD do Brasil)(1984)(Wiesshund)(4.0)[VPX08]">
		<description>Time Machine (LTD do Brasil)(1984)(Wiesshund)(4.0)[VPX08]</description>
		<rom name="Time Machine (LTD) v4.0.directb2s" size="40377370" crc="fbfc12ae" md5="0129205ceb74a2bdc3d1e4b2d6c942d9" sha1="2dc280b4607d6acc87310ecab30c306885dd8420" />
		<rom name="Time Machine (LTD) v4.0.vpx" size="14422016" crc="f391df03" md5="909de8d3daa7b45345ecd1daa93c642d" sha1="e90f02112206890f60453aed9b47ec02408f2ea0" />
	</machine>
	<machine name="Torch (Gottlieb)(1980)(STYX)(1.0)[VPX08]">
		<description>Torch (Gottlieb)(1980)(STYX)(1.0)[VPX08]</description>
		<rom name="Torch.vpx" size="45993984" crc="96eea319" md5="fb19e22a9f01aad6c99d94a686697569" sha1="4e87e7009f42e00f34d9d252e7e3bb985259052c" />
	</machine>
	<machine name="Transformers Pro (Stern)(2011)(RobbyKingPin, TastyWasps, Retro27, Hauntfreaks, HayJay, fluffhead35)(2.0.3)[VPX08][VR]">
		<description>Transformers Pro (Stern)(2011)(RobbyKingPin, TastyWasps, Retro27, Hauntfreaks, HayJay, fluffhead35)(2.0.3)[VPX08][VR]</description>
		<rom name="Frame settings DMDext.txt" size="960" crc="7476d6f8" md5="573dde4bf3eea9303d1d22c55c5830da" sha1="6e192f34a83f5fc61666ee9236a18c7b0fa50e65" />
		<rom name="Full DMD Read Me.txt" size="988" crc="ddb0dadf" md5="14a26594b8044fb4857c2a17b9a4bffa" sha1="5494aeba7518d3a431be2e5fec8c9346f4b839f3" />
		<rom name="Transformers2.png" size="610861" crc="dbe12662" md5="6d98f522d45fda8e74ba7bc220893ed8" sha1="edc2b7f7bde44b730df75540c1160ed8ef20647a" />
		<rom name="Transformers3.png" size="580923" crc="150f9cbd" md5="67faaf09f53b8051b8794d53b6c10ed8" sha1="72e2697ad23108b9f1defbfe22bde8e6d751281b" />
		<rom name="Transformers4.png" size="495075" crc="0ae5f7fb" md5="c515044ab20ee1c5119dbcb26a53c947" sha1="76c7be10a619f9cc6d33afc309843d6fd6e40628" />
		<rom name="Transformers (Stern 2011) full dmd.directb2s" size="46955514" crc="4527686c" md5="8de176a30b89690f2b9960ece5296bc5" sha1="087a9c9fc0f32fb1578a31b9d3466fd26da7b1cc" />
		<rom name="Transformers Pro (Stern 2011) v.2.0.3 with VR Room.vpx" size="166379520" crc="835d03aa" md5="18e0972284b4d2e3c05c952bbc4a5570" sha1="12c0093a45ebb2d19c9c8e3b40d618dd4b321feb" />
		<rom name="Transformers.png" size="648738" crc="5364a711" md5="008fcd9a79a6004c4fb314d4a4cf0e41" sha1="a2744330ccba05033567adb82500f5a51d8d2098" />
	</machine>
	<machine name="Verne's World (Spinball S.A.L.)(1996)(JPSalas, freneticamnesic, gtxjoe, akiles5000)(1.0.0)[VPX08]">
		<description>Verne's World (Spinball S.A.L.)(1996)(JPSalas, freneticamnesic, gtxjoe, akiles5000)(1.0.0)[VPX08]</description>
		<rom name="Vernes World (Spinball 1996) JP_VPX8.vpx" size="19836928" crc="483d4836" md5="31689328989a35d7b14e49fcd4c821b7" sha1="76e4bc81025b382017c5c570b1c079affddb8a49" />
	</machine>
	<machine name="White Water (Williams)(1993)(Flupper and friends)(1.2)[VPX08][VR]">
		<description>White Water (Williams)(1993)(Flupper and friends)(1.2)[VPX08][VR]</description>
		<rom name="White Water (Williams 1993) v.1.2.vpx" size="160333824" crc="9aa31bcc" md5="58bf754498cf629f5f0d4269735e0d8b" sha1="4f284fc4b02b17b1e81be25fad4f4533611c8619" />
	</machine>
</datafile>