<?xml version="1.0" encoding="utf-8"?>
<!DOCTYPE datafile PUBLIC "-//Logiqx//DTD ROM Management Datafile//EN" "http://www.logiqx.com/Dats/datafile.dtd">
<datafile>
	<header>
		<name>Visual Pinball [VPX07] PinMame Tables [Flipperless]</name>
		<description>Visual Pinball [VPX07] PinMame Tables [Flipperless] (2024-01-27)</description>
		<version></version>
		<date>2024-01-27</date>
		<author></author>
	</header>
	<machine name="Alley Cats (Williams)(1985)(Rascal)(1.1)[VPX07][VR Room Minimal][Bowling]">
		<description>Alley Cats (Williams)(1985)(Rascal)(1.1)[VPX07][VR Room Minimal][Bowling]</description>
		<rom name="VR ROOM Alley Cats (Williams 1985) (10.7)1.1.vpx" size="31039488" crc="b88f86c6" md5="15f04a34c30879eee3e9f20afab692f2" sha1="aeefbb3d98782641d32c6e5b9efb848eab874f37" />
	</machine>
	<machine name="Aristocrat (Williams)(1979)(Rascal)(1.1)[VPX07][VR Room Minimal][Bowling]">
		<description>Aristocrat (Williams)(1979)(Rascal)(1.1)[VPX07][VR Room Minimal][Bowling]</description>
		<rom name="VR ROOM Aristocrat (Williams 1979) (10.7) 1.1.vpx" size="30396416" crc="54cd3dec" md5="a73cfb78dab56d40c019b1ae964bee2e" sha1="25e2f87d8f5194fea191d0f90ad8b3125da9101c" />
	</machine>
	<machine name="Fight Night (Chris La Mantia)(2.1)[VPX06][MOD Gfx v1.0 Bigus]">
		<description>Fight Night (Chris La Mantia)(2.1)[VPX06][MOD Gfx v1.0 Bigus]</description>
		<rom name="Fight Night_Bigus(MOD)1.0.vpx" size="17244160" crc="f9d0486e" md5="29ee7a89bf47f77b8fe8872bf16cf006" sha1="7b3f996e312e3548a20bab7fb68bd83864921c51" />
		<rom name="williamsfontwide.TTF" size="19304" crc="c3c010f1" md5="b2501f86b4d05becd30952e117c53de5" sha1="3b0458ab8b8679b760b3e177f5ab4ebd98001b2c" />
	</machine>
	<machine name="Gold Mine (Williams)(1988)(Rascal)(1.0)[VPX07][VR Room Minimal][Bowling]">
		<description>Gold Mine (Williams)(1988)(Rascal)(1.0)[VPX07][VR Room Minimal][Bowling]</description>
		<rom name="VR ROOM Goldmine (Williams 1988) (10.7) 1.0.vpx" size="23564288" crc="7c15a805" md5="52f58323d9d55e0721f6d99501d020a2" sha1="bbde35d3d2e288f4a8266ee8cf867d2f31f04455" />
	</machine>
	<machine name="King Tut (Williams)(1979)(Rascal)(1.0)[VPX07][VR Room Minimal][Bowling]">
		<description>King Tut (Williams)(1979)(Rascal)(1.0)[VPX07][VR Room Minimal][Bowling]</description>
		<rom name="VR ROOM King Tut (Williams 1979) (10.7).vpx" size="33447936" crc="0368ff15" md5="c475f096c6bb8a42bd415404795e9c5e" sha1="6175486d1b5e34d523bb51e40d74e0c2e2e72561" />
	</machine>
	<machine name="League Champ (Williams)(1996)(Rascal)(1.1)[VPX07][VR Room Minimal][Bowling]">
		<description>League Champ (Williams)(1996)(Rascal)(1.1)[VPX07][VR Room Minimal][Bowling]</description>
		<rom name="VR ROOM League Champ (Williams 1996) (10.7) V1.1.vpx" size="28962816" crc="624b7fff" md5="33dd25f97c1ac9073202d2b753783734" sha1="ea2ff5200ea6240e19f09fcd9063c3e6efbc23fb" />
	</machine>
	<machine name="Pompeii (Williams)(1978)(Rascal)(1.0)[VPX07][VR Room Minimal][Bowling]">
		<description>Pompeii (Williams)(1978)(Rascal)(1.0)[VPX07][VR Room Minimal][Bowling]</description>
		<rom name="VR ROOM Pompeii (Williams 1978) (10.7).vpx" size="34271232" crc="4898be6b" md5="2c95e2c097e8a4c245fb7af4ce4e0924" sha1="4b9ec46b1d5b401320f8c64bb2e7b321979de355" />
	</machine>
	<machine name="Shuffle Inn (Williams)(1989)(Rascal)(1.0)[VPX07][VR Room Minimal][Bowling]">
		<description>Shuffle Inn (Williams)(1989)(Rascal)(1.0)[VPX07][VR Room Minimal][Bowling]</description>
		<rom name="VR ROOM Shuffle Inn (Williams 1989) (10.7).vpx" size="33976320" crc="47a68486" md5="92b17d906d2ef20f36da5dba3b597115" sha1="8b8183a21aaff875c1b635882c35918d0df8388f" />
	</machine>
	<machine name="Strike Zone (Williams)(1984)(Rascal)(1.0)[VPX07][VR Room Minimal][Bowling]">
		<description>Strike Zone (Williams)(1984)(Rascal)(1.0)[VPX07][VR Room Minimal][Bowling]</description>
		<rom name="VR ROOM Strike Zone (Williams 1984) (10.7).vpx" size="35868672" crc="8d3ed5e1" md5="dccdc59c089d4c8c946a99c25dfd8092" sha1="571c17a6070a1b5e9a27e385cd7fc810f1e73678" />
	</machine>
	<machine name="Top Dawg (Williams)(1988)(Rascal)(1.0a)[VPX07][VR Room Minimal][Bowling]">
		<description>Top Dawg (Williams)(1988)(Rascal)(1.0a)[VPX07][VR Room Minimal][Bowling]</description>
		<rom name="VR ROOM Top Dawg (Williams 1988) (10.7) 1.0.vpx" size="29831168" crc="e562462a" md5="21376f210d45f0ab5311ab8ba4d96f52" sha1="215e06a73b1a8f818ddcf143d3cec5ff481fbf1b" />
	</machine>
</datafile>