<?xml version="1.0" encoding="utf-8"?>
<!DOCTYPE datafile PUBLIC "-//Logiqx//DTD ROM Management Datafile//EN" "http://www.logiqx.com/Dats/datafile.dtd">
<datafile>
	<header>
		<name>Visual Pinball [VPX08] VR Tables</name>
		<description>Visual Pinball [VPX08] VR Tables (2024-01-27)</description>
		<version></version>
		<date>2024-01-27</date>
		<author></author>
	</header>
	<machine name="250cc (Inder)(1982)(JPSalas)(4.0.0)[VPX08][MOD VR ROOM v1.0.0 Ext2k]">
		<description>250cc (Inder)(1982)(JPSalas)(4.0.0)[VPX08][MOD VR ROOM v1.0.0 Ext2k]</description>
		<rom name="250cc (Inder 1992) v4. Ext2k Conversion.directb2s" size="9608096" crc="8ea32cf0" md5="04ed28abc7923e0519caca1e2caf09f6" sha1="cfcdca69553e5488f31d85b8c12eed71554ba777" />
		<rom name="250cc (Inder 1992) v4. Ext2k Conversion.vpx" size="63262720" crc="f393008f" md5="a8da5195a7000f3658c8547e93226c37" sha1="72ce99343556466de0ea646b337777cb523171ca" />
	</machine>
	<machine name="America 1492 (Juegos Populares)(1986)(Goldchicco, 32assassin, mfuegemann)(1.1)[VPX08][MOD VR Room v1.1 Ext2k]">
		<description>America 1492 (Juegos Populares)(1986)(Goldchicco, 32assassin, mfuegemann)(1.1)[VPX08][MOD VR Room v1.1 Ext2k]</description>
		<rom name="America 1492 (Juegos Populares 1986) 1.1.directb2s" size="10288743" crc="69491d0f" md5="061b253ad63e174aea2aa4a205975e16" sha1="920677ae7763f46b03fe52c55c56a09b66924eaa" />
		<rom name="America 1492 (Juegos Populares 1986) 1.1.vpx" size="106369024" crc="33f0f370" md5="7485029668a8738366495e55d9905798" sha1="6e6c0804208e07b4759dce16a261108fe8eefd4e" />
	</machine>
	<machine name="Apollo (Williams)(1967)(JPSalas, Halen)(1.0.2)[VPX08][MOD VR ROOM v1.0.0 Ext2k]">
		<description>Apollo (Williams)(1967)(JPSalas, Halen)(1.0.2)[VPX08][MOD VR ROOM v1.0.0 Ext2k]</description>
		<rom name="Apollo (Williams 1967) JP 1.02 Ext2k Conversion.directb2s" size="13559414" crc="b5ee609a" md5="1ac2572c735d6370ad5e88f6d4a68b8a" sha1="9093d19615819cfb2c1fc18974af467e1610251f" />
		<rom name="Apollo (Williams 1967) JP 1.02 Ext2k Conversion.vpx" size="216338432" crc="3ca8acba" md5="3fc5e666bf2bbdcf20e87708317c109f" sha1="8b6940df5286c18aa1d67ffe8f041edee18a6d71" />
	</machine>
	<machine name="Aqualand (Juegos Populares)(1986)(Goldchicco, 32assassin, hmueck)(1.0)[VPX08][MOD VR ROOM v1.0.0 Ext2k]">
		<description>Aqualand (Juegos Populares)(1986)(Goldchicco, 32assassin, hmueck)(1.0)[VPX08][MOD VR ROOM v1.0.0 Ext2k]</description>
		<rom name="Aqualand (Juegos Populares 1986) 1.0 Ext2k VR ROOM.directB2S" size="7366038" crc="993b8477" md5="c53fd09c14adb962365444909473c71e" sha1="f23a5e8308fa858575cb4c3c66bb82d207abb133" />
		<rom name="Aqualand (Juegos Populares 1986) 1.0 Ext2k VR ROOM.vpx" size="147386368" crc="6e4222e2" md5="182b5fb970b87d9a26a1ee6fe3da89e2" sha1="d6b21c327b8293e00e24b06af23bf92e77e8ac7d" />
	</machine>
	<machine name="Beach Bums (2018)(RetroBASH)(1.0)[VPX08][MOD VR Room v1.0.2 Michel757]">
		<description>Beach Bums (2018)(RetroBASH)(1.0)[VPX08][MOD VR Room v1.0.2 Michel757]</description>
		<rom name="hlywoodh/drom1.snd" size="8192" crc="a698ec33" md5="4584d1281130d88913144bac4ff3a953" sha1="e7c1d28279ec4f12095c3a106c6cefcc2a84b31e" />
		<rom name="hlywoodh/prom1.cpu" size="8192" crc="a035eb2d" md5="e169fec88ff36ae3158689a40f399059" sha1="0f467b506bd514129e4175af3e35a666e09ec41b" />
		<rom name="hlywoodh/prom2.cpu" size="2048" crc="a465e5f3" md5="f320c02b67db9000283affe26f019161" sha1="56afa2f67aebcd17345bba76ecb814653719ee7b" />
		<rom name="hlywoodh/yrom1.snd" size="8192" crc="9232591e" md5="826afaf28e07217ec134bf6140c4bada" sha1="72883e0c542c572226c6c654bea14749cc9e351f" />
		<rom name="hlywoodh/yrom2.snd" size="8192" crc="51709c2f" md5="2f181d8633c5a112b77010331dc2e363" sha1="5834d7b72bd36e30c87377dc7c3ad0cf26ff303a" />
		<rom name="Music/BBmultiballmusic.mp3" size="1839942" crc="c74c6b7d" md5="ea9c29a98d2404602343e13f86c45836" sha1="7db8cfc73521b7e0a3913d9486de269b698756ff" />
		<rom name="Music/bgout_HHsong0.mp3" size="2276204" crc="ab5f0d41" md5="e94e277c859222d6b3c6e10ec93e3281" sha1="a839aeb77c32c6af2b2ec269c28f5c3169c0dc81" />
		<rom name="Music/bgout_HHsong1.mp3" size="1161594" crc="5f20864c" md5="47baec7b0f6723120691a9da6d953149" sha1="3aab0280f944a947130455f05ac27577bdeb4d17" />
		<rom name="Music/bgout_HHsong2.mp3" size="1747573" crc="a45892d0" md5="d2cb4ad769a6c479ab3dcb9d87e56b3f" sha1="36547c5c4f967f9026a30b9c475006d488d90b98" />
		<rom name="Music/bgout_HHsong3.mp3" size="1759694" crc="a1930265" md5="2bb95ec691d20634bc44f515743339e3" sha1="b4ea7e784e4a8aade6e524e61962313983677090" />
		<rom name="Music/bgout_HHsong4.mp3" size="995740" crc="cdb27b70" md5="fabf45ecabd38b3223a27dce922b3e1c" sha1="7bc3b28d2d292304147e0e9adececf8a13c48444" />
		<rom name="hlywoodh.nv" size="302" crc="d00c7289" md5="83a4dfad444417489df2f76164832079" sha1="0acb4d0e03576d225f1e6123a4b1f231aee4a77c" />
		<rom name="VR ROOM Beach Bums1.02.vpx" size="225116160" crc="ff2337da" md5="f9acb8f152362e8236c773f634a764a6" sha1="d010d18307ac69e2fd0e7e82857cb949567129d3" />
	</machine>
	<machine name="Big Brave (Gottlieb)(1974)(Loserman76, Hauntfreaks, fluffhead35)(4.0.1)[VPX08][nfozzy Physics, Fleep Sounds][VR TastyWasps, leojreimroc]">
		<description>Big Brave (Gottlieb)(1974)(Loserman76, Hauntfreaks, fluffhead35)(4.0.1)[VPX08][nfozzy Physics, Fleep Sounds][VR TastyWasps, leojreimroc]</description>
		<rom name="Big Brave (Gottlieb 1974) v4.01.vpx" size="116060160" crc="275ce044" md5="fb1869bc56ce8215e20de95a1c9a82b0" sha1="ef5fdf929ac56c6730b5076413a8b9c7f7faa289" />
		<rom name="Big Brave (Gottlieb 1974).directb2s" size="12900889" crc="84b9fd32" md5="759fe52f8609d917e57352adca9596d8" sha1="9d58619f85e10a75b33b433740471ae203a8bbe3" />
		<rom name="big brave dmd.mp4" size="16672104" crc="b9cc5668" md5="236b71c64524d20401bd58382d854f2c" sha1="254f6810547897ab0c5e96585b0eca72c9b65891" />
	</machine>
	<machine name="Big Star (Williams)(1972)(JPSalas)(4.3.0)[VPX08][MOD VR ROOM v1.0.0 Ext2k]">
		<description>Big Star (Williams)(1972)(JPSalas)(4.3.0)[VPX08][MOD VR ROOM v1.0.0 Ext2k]</description>
		<rom name="Big Star (Williams 1972) v4.3 Ext2k VR ROOM.directb2s" size="4324008" crc="f015501b" md5="1a044a38fc41119ad183704079acd528" sha1="2638d217ff633aa02230d288d1a4390c10951000" />
		<rom name="Big Star (Williams 1972) v4.3 Ext2k VR ROOM.vpx" size="49725440" crc="7a5eb83a" md5="13634c2ac3d854eba3adbc476d4a0a8e" sha1="3196e9d96dab7afc9f7c7a6616a51775f904d4d5" />
	</machine>
	<machine name="Big Trouble in Little China (2022)(Balutito, TeamTuga)(1.4)[VPX08][MOD Minimal VR Room v1.0.0 DaRdog81][req. PuP-Pack]">
		<description>Big Trouble in Little China (2022)(Balutito, TeamTuga)(1.4)[VPX08][MOD Minimal VR Room v1.0.0 DaRdog81][req. PuP-Pack]</description>
		<rom name="Big Trouble 1.4 balutito Minimal VR ROOM.vpx" size="124325888" crc="0a811660" md5="853d1938f7d4893d96fd56a21a3e3384" sha1="2804f12d92a270d1414bce1f5ffe71e4d9fb8a97" />
	</machine>
	<machine name="Black &amp; Red (Inder)(1975)(JPSalas, Akiles50000, Loserman76)(4.3.0)[VPX08][MOD VR Room v1.0 Ext2k]">
		<description>Black &amp; Red (Inder)(1975)(JPSalas, Akiles50000, Loserman76)(4.3.0)[VPX08][MOD VR Room v1.0 Ext2k]</description>
		<rom name="Black &amp; Red (Inder 1975) JP v4.3 VRROOM 1.0.directb2s" size="4509352" crc="c7618161" md5="1398db1b2690f0823b64568a0e05850b" sha1="24ad223d585e4944d2450bbaf07c1e221894014b" />
		<rom name="Black &amp; Red (Inder 1975) JP v4.3 VRROOM 1.0.vpx" size="90857472" crc="5d08705a" md5="5814c08323adf38014fff3538ade9538" sha1="12bb665a2a7ee09d1468acbbb53cf9e5ef245135" />
	</machine>
	<machine name="Black Jack (Bally)(1976)(Allknowing2012)[VPX08][MOD Gfx v3.0 Bigus][MOD VR ROOM v1.0 Ext2k]">
		<description>Black Jack (Bally)(1976)(Allknowing2012)[VPX08][MOD Gfx v3.0 Bigus][MOD VR ROOM v1.0 Ext2k]</description>
		<rom name="Black Jack (Bally 1976)_Bigus(MOD)3.0 Ext2k Conversion.directb2s" size="4954305" crc="85419a88" md5="5ad8e0a9941717b3c54f3264b89468db" sha1="abae61bcfef808a02796d0bbc178491b079f8880" />
		<rom name="Black Jack (Bally 1976)_Bigus(MOD)3.0 Ext2k Conversion.vpx" size="79663104" crc="78d24b37" md5="9177274aab5b30a7377525519a4b5ec0" sha1="458046cf0df5be114f3b58a2fb67e4bfe5381d59" />
	</machine>
	<machine name="Bond 60th (2022)(marty02)(4.2)[VPX07][Dr. No MOD v1.1 Timblo][MOD VR ROOM v1.0.0 Ext2K]">
		<description>Bond 60th (2022)(marty02)(4.2)[VPX07][Dr. No MOD v1.1 Timblo][MOD VR ROOM v1.0.0 Ext2K]</description>
		<rom name="Bond 60th Dr.No Marty02 Ext2k Conversion.directb2s" size="67013954" crc="7658835f" md5="3fa0ba694a2437ccf5885255ec7d9d16" sha1="b0394b4fcb7e30707a46900ce2b2fc067cff7f2f" />
		<rom name="Bond 60th Dr.No Marty02 Ext2k Conversion.vpx" size="268492800" crc="c38df861" md5="1ba0598b7cd2e8c864b62af15704ec71" sha1="73db585fd42b6d6fea8215c04d8459149b087526" />
	</machine>
	<machine name="Bond 60th Limited Edition (2023)(marty02)(2.2)[VPX08][Full Package v1.0 Gman77][MOD VR ROOM v1.0.0 Ext2K]">
		<description>Bond 60th Limited Edition (2023)(marty02)(2.2)[VPX08][Full Package v1.0 Gman77][MOD VR ROOM v1.0.0 Ext2K]</description>
		<rom name="Bond 60th Anniversary Marty02 Ext2k Conversion.vpx" size="181673984" crc="cd410e0d" md5="5792718a3f2b09398dad13f323521a26" sha1="699683a2f092491bc830e256207229bca6312ba2" />
		<rom name="VPMAlias.txt" size="15" crc="48f49b36" md5="8516619c0307c75d55ba19e6b9c02353" sha1="a4488765da30d59fe8de066d12020e21c5388c5d" />
	</machine>
	<machine name="Brave Team (Inder)(1985)(JPSalas)(4.0.1)[VPX08][MOD VR Room v1.0.0 Ext2k]">
		<description>Brave Team (Inder)(1985)(JPSalas)(4.0.1)[VPX08][MOD VR Room v1.0.0 Ext2k]</description>
		<rom name="Brave Team (Inder 1985) JPSalas v4 Ext2k Conversion.directb2s" size="27636111" crc="2b641b6f" md5="7f507126d4b81bb17d7fcc2a26254e86" sha1="506a2d7e7b97a7bc60c82cbae3bfb889e033bae1" />
		<rom name="Brave Team (Inder 1985) JPSalas v4 Ext2k Conversion.vpx" size="45178880" crc="813fcb2d" md5="bfedaa2e3515eda5c0ad8dacda63b23d" sha1="9c266613b12bbec1ede68c7c741e79477b3098bb" />
	</machine>
	<machine name="Buckaroo (Gottlieb)(1965)(Loserman76, GNance)(1.0.0f)[VPX08][MOD VR ROOM v1.1.0 DarthVito]">
		<description>Buckaroo (Gottlieb)(1965)(Loserman76, GNance)(1.0.0f)[VPX08][MOD VR ROOM v1.1.0 DarthVito]</description>
		<rom name="Buckaroo (Gottlieb 1965)_VR ROOM_DarthVito_V1.1.directb2s" size="27654232" crc="d84dca92" md5="15758847849714aa3d9c90d312cea974" sha1="29a666abce143ece18da45da44c2d865caab07b2" />
		<rom name="Buckaroo (Gottlieb 1965)_VR ROOM_DarthVito_V1.1.vpx" size="77893632" crc="c0710a47" md5="b973abed9c8f253ba39a6c0ed579287f" sha1="177e4ac87cc823786a0d6e1a9134455bc42c8a6f" />
	</machine>
	<machine name="Bushido (Inder)(1993)(Goldchicco, 32assassin, pachecas (VP9))(1.2)[VPX08][MOD VR ROOM v1.0.0 Ext2k]">
		<description>Bushido (Inder)(1993)(Goldchicco, 32assassin, pachecas (VP9))(1.2)[VPX08][MOD VR ROOM v1.0.0 Ext2k]</description>
		<rom name="Bushido (Inder 1993) 1.2 Ext2k Conversion.directb2s" size="7858204" crc="66de892f" md5="1e1fe1e89d89b25da544bd6c319beca7" sha1="14babf05941de98b04cf93a43a05adc6eb7b0d81" />
		<rom name="Bushido (Inder 1993) 1.2 Ext2k Conversion.vpx" size="51458048" crc="c709df8c" md5="cb2cf968262f9ba854f1afcba47b93d9" sha1="0005cbfbd3b03ed043d64f16a055ab7395f85fe7" />
	</machine>
	<machine name="Caddie (Playmatic)(1970)(Loserman76, Akiles50000, JPSalas)(1.0.0f)[VPX08][MOD VR ROOM v1.0.0 Ext2k]">
		<description>Caddie (Playmatic)(1970)(Loserman76, Akiles50000, JPSalas)(1.0.0f)[VPX08][MOD VR ROOM v1.0.0 Ext2k]</description>
		<rom name="Caddie (Playmatic 1970).directb2s" size="2033702" crc="c4414106" md5="e3aee9bf35f283c738e121507d6cf6d1" sha1="aff05876cee582ca397b2973c80a7f9612506a5c" />
		<rom name="Caddie (Playmatic 1970).vpx" size="189812736" crc="692eeec3" md5="f057b45ebb7cd948b6ba1910c4f84cb4" sha1="0738c3c00513df5ad6cdb1a1455463e0ae44ce0a" />
	</machine>
	<machine name="Canasta 86 (Inder)(1986)(JPSalas, nestorgian)(4.1.0)[VPX08][MOD VR ROOM v1.0.0 Ext2k]">
		<description>Canasta 86 (Inder)(1986)(JPSalas, nestorgian)(4.1.0)[VPX08][MOD VR ROOM v1.0.0 Ext2k]</description>
		<rom name="Canasta 86 (Inder 1986) JP 4.1.0 VRROOM Ext2k.directb2s" size="42648390" crc="074bcbec" md5="e0aac0b3dc325b907ec9ae292130ceba" sha1="2cfc37132094a6ad3130dec290530955bd16ccc1" />
		<rom name="Canasta 86 (Inder 1986) JP 4.1.0 VRROOM Ext2k.vpx" size="82710528" crc="e089ee1f" md5="85b34e168edf91e35d90b97f5a7aee54" sha1="ccbd7f55953f9137afd9ee9f2157474b210f780a" />
	</machine>
	<machine name="Corsario (Inder)(1989)(Goldchicco, pachecas (VP9))(1.1)[VPX08][MOD VR ROOM v1.0.0 Ext2k]">
		<description>Corsario (Inder)(1989)(Goldchicco, pachecas (VP9))(1.1)[VPX08][MOD VR ROOM v1.0.0 Ext2k]</description>
		<rom name="Corsario (Inder 1989) 1.1 VRoom Ext2k.directb2s" size="47154834" crc="939a5f53" md5="d88c9668dbf401dffaaa358681bd4cee" sha1="8dc8a2d7051896255865a7bf3f6d3443b429fe53" />
		<rom name="Corsario (Inder 1989) 1.1 VRoom Ext2k.vpx" size="154177536" crc="f88e7704" md5="c23d943fc39a042171272e6a7146efb5" sha1="cc6c00acfa1cc4a237a3739962431993f06b69ef" />
	</machine>
	<machine name="Egg Head (Gottlieb)(1961)(Loserman76, GNance)(1.0.0f)[VPX07][MOD Gfx v1.0 Teisen][MOD VR ROOM v1.0.0 DarthVito]">
		<description>Egg Head (Gottlieb)(1961)(Loserman76, GNance)(1.0.0f)[VPX07][MOD Gfx v1.0 Teisen][MOD VR ROOM v1.0.0 DarthVito]</description>
		<rom name="Egg Head (Gottlieb 1961)_Teisen_MOD_VR ROOM_DarthVito_V1.directb2s" size="6505167" crc="bb420564" md5="8eef6418f5262c606c5a566621926183" sha1="d0d29f1d59f36f2eb35a26e51a78c3f5a4645433" />
		<rom name="Egg Head (Gottlieb 1961)_Teisen_MOD_VR ROOM_DarthVito_V1.vpx" size="59936768" crc="d2bf09f9" md5="c1212e3c0b5e012f6de53a22a4c5cd52" sha1="1643a12290aea99acf5e057c656c0f7449472bbe" />
	</machine>
	<machine name="Escape From Monkey Island (2021)(remdwaas1986)(1.2)[VPX08][VR Room Firebrand007]">
		<description>Escape From Monkey Island (2021)(remdwaas1986)(1.2)[VPX08][VR Room Firebrand007]</description>
		<rom name="Monkey Island VR Room.vpx" size="258129920" crc="6cedb144" md5="46e7f6c43592b626a6d7188abe3c412a" sha1="a08333f7878572bd6b93d53a3768b067ae805679" />
	</machine>
	<machine name="Family Guy (Stern)(2007)(ninuzzu)(1.1.1)[VPX08][MOD Gfx v2.0 Bigus][MOD VR Room v1.0 michel757]">
		<description>Family Guy (Stern)(2007)(ninuzzu)(1.1.1)[VPX08][MOD Gfx v2.0 Bigus][MOD VR Room v1.0 michel757]</description>
		<rom name="VR ROOM Family Guy (Stern 2007)_Bigus(MOD)1.0.vpx" size="131575808" crc="37027007" md5="2cd2b7210cddccb2961ce21919404f6f" sha1="a9766577c02ac6d55bc060bdb118495b09c018e3" />
	</machine>
	<machine name="Flipper Pool (Gottlieb)(1965)(Loserman76, GNance)(1.0.0f)[VPX08][MOD Gfx v1.0 Teisen][MOD VR ROOM v1.0.1 Ext2k]">
		<description>Flipper Pool (Gottlieb)(1965)(Loserman76, GNance)(1.0.0f)[VPX08][MOD Gfx v1.0 Teisen][MOD VR ROOM v1.0.1 Ext2k]</description>
		<rom name="Flipper Pool (Gottlieb 1965)_Teisen_MOD Ext2k VRROOM.directb2s" size="35584132" crc="63e6a1f5" md5="771daa41a8ab9bf65016af21bbed7936" sha1="9361f81efdaf677c7511074af098f443e8034d1a" />
		<rom name="Flipper Pool (Gottlieb 1965)_Teisen_MOD Ext2k VRROOM.vpx" size="95268864" crc="ce479794" md5="a3cdb0080c83281093d2e099b6a6fc70" sha1="dc3b088f1f3f491b032da0cbd9430de3ac2d60ff" />
	</machine>
	<machine name="Harry Potter and the Goblet of Fire (2020)(Scottywic)(0.52)[VPX08][MOD VR ROOM v1.0.0 DaRdog81][req. PuP-Pack in VPX06 PuP Folder]">
		<description>Harry Potter and the Goblet of Fire (2020)(Scottywic)(0.52)[VPX08][MOD VR ROOM v1.0.0 DaRdog81][req. PuP-Pack in VPX06 PuP Folder]</description>
		<rom name="Harry Potter (Original 2020) VR Mega Room.vpx" size="283705344" crc="c60d0d0b" md5="5b29745a19607b16d3fc0fe3811b2ef9" sha1="b80e7ca1ab38bd20adb872bd527d79de138144aa" />
	</machine>
	<machine name="Horrorburg (2023)(JPSalas)(1.0.0)[VPX08][MOD VR Room v1.0 DGrimmReaper]">
		<description>Horrorburg (2023)(JPSalas)(1.0.0)[VPX08][MOD VR Room v1.0 DGrimmReaper]</description>
		<rom name="Horrorburg JP VR Room.vpx" size="39616512" crc="08ba0bd3" md5="a994b4135fac57feda4bc1272263edb2" sha1="202187e529a4a8500e07af1040ace995aadecdd6" />
	</machine>
	<machine name="John Wick (2023)(balutito)(1.3.0)[VPX08][MOD Minimal VR Room v1.0.0 DaRdog81][req. PuP-Pack]">
		<description>John Wick (2023)(balutito)(1.3.0)[VPX08][MOD Minimal VR Room v1.0.0 DaRdog81][req. PuP-Pack]</description>
		<rom name="JohnWick (BABAYAGA Pinball edition, 2023) (VR ROOM Minimal) Sphere.vpx" size="158871552" crc="93cfdc81" md5="c94aa7ba116087625164f0b09650146b" sha1="7c31ac611cf5209a03b27509a35f8c516663e03c" />
	</machine>
	<machine name="Jolly Roger (Williams)(1967)(-=Kees=-, Loserman76, HauntFreaks)(2.0.1)[VPX08][VR]">
		<description>Jolly Roger (Williams)(1967)(-=Kees=-, Loserman76, HauntFreaks)(2.0.1)[VPX08][VR]</description>
		<rom name="Jolly Roger (Williams 1967) v2.0.1.vpx" size="97419264" crc="803cc90a" md5="dd7c631fd8703a3c033f118e5a809376" sha1="64e8844c480945a743b81e30bdd1ff86094791d6" />
		<rom name="Jolly Roger (Williams 1967).directb2s" size="20241265" crc="d0de4a41" md5="6556c6e2f29c95a96c2abe5670d7c1f9" sha1="a265dbaadd23df0946e6d4699746eca7ea90c6c0" />
	</machine>
	<machine name="JP's Street Fighter II (JPSalas)(5.1.1)[VPX08][MOD VR Room v1.1 DGrimmReaper]">
		<description>JP's Street Fighter II (JPSalas)(5.1.1)[VPX08][MOD VR Room v1.1 DGrimmReaper]</description>
		<rom name="JP's Street Fighter 2 VR Room 1.1.vpx" size="35336192" crc="6085e791" md5="78bfeee637c52252f3390725ec0f4936" sha1="c1b6e02bdaf8d94d498e18a2028ec24516603fc3" />
	</machine>
	<machine name="Jumanji (2023)(balutito)(1.3.0)[VPX08][PuP-Pack Gman77][MOD VR ROOM v1.3.0 Nesta78]">
		<description>Jumanji (2023)(balutito)(1.3.0)[VPX08][PuP-Pack Gman77][MOD VR ROOM v1.3.0 Nesta78]</description>
		<rom name="PuPPack for VR/jumanjivr/playlists.pup" size="692" crc="35daf815" md5="63f0976519e66c73871c332e7db7e338" sha1="afea0db2315ea130d08aeafc148c4a69e063f8e9" />
		<rom name="PuPPack for VR/jumanjivr/screens.pup" size="836" crc="e4a4ab4b" md5="7ca2c9c5fe71773a484a1de6730f57a7" sha1="c2c3ae04d2c3ec98c5ae1da424e0d2df11382b95" />
		<rom name="PuPPack for VR/jumanjivr/triggers.pup" size="10291" crc="800eccc5" md5="3acb98c77b080c26adb2f20c3b0b4b7d" sha1="737404cb5f4fe7e2864c5ffeb3a3326e2b218ee0" />
		<rom name="PuPPack for VR/jumanjivr/Backglass/Default3.mp4" size="11104609" crc="757554ed" md5="b240c9a00ca7b276d4e6e922cd2e63f9" sha1="12aeeec605311e9250f0ab5780f273c35325bb1d" />
		<rom name="PuPPack for VR/jumanjivr/Backglass/Jumanji Video Backglass by Nesta78.mp4" size="13746251" crc="bd105625" md5="7f59e0f1f789379c58820919e0747e56" sha1="6b04b7df6e0816478afe2727034e946144e3e6a1" />
		<rom name="PuPPack for VR/jumanjivr/Backglass/Primary Attract 1.mp4" size="54506056" crc="34230fdc" md5="ebac31f31f7e13ffa783ab85bc7bde33" sha1="8f728609a1b5594c9d10b229c21dd6500c3df1ec" />
		<rom name="PuPPack for VR/jumanjivr/Backglass/Primary Attract Option 2.mp4" size="97679470" crc="0f4519ef" md5="82c1c5b1efc1f9c464dd09ad567d1a6a" sha1="bdd7541b613fc1b53479132901b93bf8cfbdba2c" />
		<rom name="PuPPack for VR/jumanjivr/Backglass/Primary Attract Option 3.mp4" size="13746251" crc="bd105625" md5="7f59e0f1f789379c58820919e0747e56" sha1="6b04b7df6e0816478afe2727034e946144e3e6a1" />
		<rom name="PuPPack for VR/jumanjivr/Backglass/Test Backglass 2.mp4" size="23784931" crc="b5a942ee" md5="6ab64f3852b228f7d80c0a30c0bb5b95" sha1="75db84d63e4e06018a88d7fe3a36a6c2b8a21ece" />
		<rom name="PuPPack for VR/jumanjivr/Backglass/testclip.mp4" size="20830123" crc="b5ce9ca8" md5="635fbc045d132427ac0d23185321a23c" sha1="92ae8129fb9ee019a5b8dd07b35d30df09401888" />
		<rom name="PuPPack for VR/jumanjivr/Backglass/Topper Backglass 1.mp4" size="22957630" crc="d37e470c" md5="b08404754883db754b55aaffb05e2b44" sha1="6ddf32a7ca9faf5944a610fe51249b15fc9d4e56" />
		<rom name="PuPPack for VR/jumanjivr/Backglass/Topper Backglass 3 dedicated default locatlon topper file.mp4" size="22957630" crc="d37e470c" md5="b08404754883db754b55aaffb05e2b44" sha1="6ddf32a7ca9faf5944a610fe51249b15fc9d4e56" />
		<rom name="PuPPack for VR/jumanjivr/Backglass/TOPPER by Jagandy82 TY.mp4" size="4665828" crc="552b8dd4" md5="f63b99e43fc82b12c883a24a0b8dcdb3" sha1="3b3a48a934066cbeb0ddd8fdd450002f70fe5776" />
		<rom name="PuPPack for VR/jumanjivr/Ball Launch/13.mp4" size="3906875" crc="50fc3b4a" md5="d630a6d46259f7b66e0c240dafa27460" sha1="4d40ed4137b8e8b0d36d461b7c92baa282227666" />
		<rom name="PuPPack for VR/jumanjivr/Ball Launch/14.mp4" size="2843219" crc="03e74ab4" md5="17e0a58013d16aa4826edb3c3d994306" sha1="16177e63f936f58e9ff231aed5a96dcb6ad1c126" />
		<rom name="PuPPack for VR/jumanjivr/Ball Launch/16.mp4" size="1192153" crc="f73b5f54" md5="1dc747571aded05789a6a0096b13ab44" sha1="1aafe93ce8d879e430c02a4ceb75406a648b02df" />
		<rom name="PuPPack for VR/jumanjivr/Ball Launch/17.mp4" size="4758991" crc="fbd44dd4" md5="744ccb34ce4d7657ded65989863bb0c1" sha1="f4a3aa4d27f9a1204cb03b2008654f413dd9f5a5" />
		<rom name="PuPPack for VR/jumanjivr/Ball Launch/18.mp4" size="5812166" crc="9dd2e6e4" md5="c3328da6ef6575a6974ea6ea939e1f29" sha1="ec6d8f5bb208da4aa770379a4a9ef6741b543f72" />
		<rom name="PuPPack for VR/jumanjivr/Ball Launch/19.mp4" size="6111348" crc="f905e9da" md5="22cb180dce9d3c50f3ef2de8b961feb9" sha1="85f94341abca3569f70114332cdb7c4ad38ee368" />
		<rom name="PuPPack for VR/jumanjivr/Ball Launch/20.mp4" size="3659459" crc="41c9a537" md5="f9f9b22cc38cf06215e5968bc7510c98" sha1="caf96fa2089341dd425d1533e3674b75a6f57c56" />
		<rom name="PuPPack for VR/jumanjivr/Ball Launch/29.mp4" size="3423805" crc="0e600a20" md5="02f0986500966ea6d3023b750dcc1e92" sha1="b05540d576b694356c8c53fb177f32a4fb3f02b9" />
		<rom name="PuPPack for VR/jumanjivr/Ball Locked/BallLocked.mp4" size="4584095" crc="6aa10442" md5="230d0cbe88933e73778ade459ff5cbff" sha1="07a17280540441e83c0e95abb7666e2ee6567830" />
		<rom name="PuPPack for VR/jumanjivr/Ball Lost/Ball Lost 1.mp4" size="2361030" crc="130f4c12" md5="ab8a3e8db6a747194ab935b72cbbdced" sha1="aa5210dbbbca8565c349c9b4d6b27deb63df7ab5" />
		<rom name="PuPPack for VR/jumanjivr/Ball Lost/Ball Lost 2.mp4" size="6032725" crc="7060fe5f" md5="9ef573e5c1a5e6212fe8bf3f32859b87" sha1="e76ec06eea0d4d492033c92a5d370463f314d291" />
		<rom name="PuPPack for VR/jumanjivr/Ball Lost/Ball Lost 3.mp4" size="2539973" crc="a183b11a" md5="b11e049b643dc59b8d3d14b60d19a2e1" sha1="aaae048e16fae8914e8978cf44793c80679c7c5e" />
		<rom name="PuPPack for VR/jumanjivr/Ball Lost/Ball Lost 4.mp4" size="5909728" crc="9be01531" md5="aa45381575105fff1b18da750955ee07" sha1="4f5a5aecabaa4107ee6f20e2715ca6d54b9d56df" />
		<rom name="PuPPack for VR/jumanjivr/Ball Lost/Ball Lost 5.mp4" size="3694867" crc="baf94d24" md5="6e6ec888452aa910bfa42980049e44b3" sha1="ffb610f2a15b59ed7c67c6fa995a8512b62e9edc" />
		<rom name="PuPPack for VR/jumanjivr/Ball Lost/Ball Lost 6.mp4" size="4688796" crc="b283628e" md5="0e3b9565446c575ea617e477b74d19b5" sha1="a056c44c65eefc4de1ae76ec3a2c68cf8b27c311" />
		<rom name="PuPPack for VR/jumanjivr/Ball Lost/Ball Lost 7.mp4" size="3314402" crc="8ee02423" md5="09f1dd7fdc3881a08ce03ee4380c4072" sha1="0e04989b58f43082ac3ccc2c1ddc566315842cd6" />
		<rom name="PuPPack for VR/jumanjivr/Ball Lost/Ball Lost 19.mp4" size="3780505" crc="1ef20a82" md5="0273b425faf1b255b23f93945389abe0" sha1="14ab9ea175a3a0e69a761a4fa48f176e46f4d23c" />
		<rom name="PuPPack for VR/jumanjivr/Ball Saved/Ball Saved Version 2.mp4" size="6274606" crc="c3b22bbd" md5="7e01cc09c95dc013e87814c71a9a4f25" sha1="95b3ec3d2129ae59f47470ee37559d47f0f39de8" />
		<rom name="PuPPack for VR/jumanjivr/Blank/1 second blank Mp3.mp3" size="14672" crc="b4c4bd58" md5="c8b1a3ff0658d07e94993ed7c8a82b16" sha1="9350a8ba63849d958ccebd5593e27725d26824aa" />
		<rom name="PuPPack for VR/jumanjivr/Blank/4 sec blank mp3.mp3" size="160958" crc="3bb9b731" md5="d8edb1cabc7449bf5fb97248a8bbb6f9" sha1="08d5c6fdecefc1acb0fa4e53326de2b5d771e6f2" />
		<rom name="PuPPack for VR/jumanjivr/Blank/Blank.mp3" size="66224" crc="9f779fc2" md5="8804170f53f6935104ec22d134002e5f" sha1="fd50cf4496790fcee5bd72ffccb590665deda76c" />
		<rom name="PuPPack for VR/jumanjivr/Croc Skillshot/Shoot The Croc.mp4" size="4364358" crc="068095eb" md5="dac9c87796e2100dd3fde19f68ad180d" sha1="ec5cf0293e01d34cfe4744a5f78bd5e687b2035f" />
		<rom name="PuPPack for VR/jumanjivr/Desktop/playlists.pup" size="701" crc="e38e7a8d" md5="47770cca3ead875e9b0c8e50f060dd35" sha1="d9de5a037e0228042c828fc0a641b55a1c5bd440" />
		<rom name="PuPPack for VR/jumanjivr/Desktop/screens.pup" size="834" crc="ad82d858" md5="da346feec92784c7d074d46223203d47" sha1="fdb66ab1aeffbf91edcefa2cddd25b7e8cf8c2d1" />
		<rom name="PuPPack for VR/jumanjivr/Desktop/triggers.pup" size="10295" crc="55ec7a44" md5="382fc313fdc09d47f5849868ff70a76e" sha1="77eddb57bc642f8b5ea612752b08591084f1aa0e" />
		<rom name="PuPPack for VR/jumanjivr/Expansion Clips (Optional) ADD TO MATCHING FOLDER/Ball Launch/22.mp4" size="3327852" crc="e611636e" md5="b286a56b3584e24a6fb9420ce67cefca" sha1="42bb355991d8fd6b3a7c41f0dd596a1c14ed0509" />
		<rom name="PuPPack for VR/jumanjivr/Expansion Clips (Optional) ADD TO MATCHING FOLDER/Ball Launch/23.mp4" size="3147199" crc="430eecbb" md5="7daf832b750da4e4ff5f2225b7b0bec8" sha1="16cc3cc9ef7e1690ae6fcb9f8184560bf3d4e4fb" />
		<rom name="PuPPack for VR/jumanjivr/Expansion Clips (Optional) ADD TO MATCHING FOLDER/Ball Launch/24.mp4" size="3078270" crc="39b1bd04" md5="d65af155fa58f4bb9f8784f502a42d9f" sha1="c5e84ef6be7d558c2b5ccf16f97e6e8af508aebc" />
		<rom name="PuPPack for VR/jumanjivr/Expansion Clips (Optional) ADD TO MATCHING FOLDER/Ball Launch/25.mp4" size="2982902" crc="341b9a0e" md5="0d64b520d86b8f921649379124881fbe" sha1="f30a7352012a05d8f2455067463929a37a8b97ca" />
		<rom name="PuPPack for VR/jumanjivr/Expansion Clips (Optional) ADD TO MATCHING FOLDER/Ball Launch/26.mp4" size="3083570" crc="f8bac4f7" md5="d1921dfafbe01e0c57c60f635816e32a" sha1="b19cb6ba719bef5d63fffbac0f88be6d7c8b4a39" />
		<rom name="PuPPack for VR/jumanjivr/Expansion Clips (Optional) ADD TO MATCHING FOLDER/Ball Launch/27.mp4" size="3195565" crc="1d0a7634" md5="1e820596275d7792803b3e1f254a24e5" sha1="3b4904f65b9575ff1d4c0a6aa03b6c511d4923bf" />
		<rom name="PuPPack for VR/jumanjivr/Expansion Clips (Optional) ADD TO MATCHING FOLDER/Ball Launch/28.mp4" size="4865231" crc="f80edab8" md5="df43e0d08763c7cc0d272f2b610ede13" sha1="3f101433ffac65f6dc5fb11ff95de70033699244" />
		<rom name="PuPPack for VR/jumanjivr/Expansion Clips (Optional) ADD TO MATCHING FOLDER/Ball Launch/30.mp4" size="2627447" crc="a051ab63" md5="f10076b30d829516dfdaadbe611a7f6e" sha1="2275633483957e1cfbef753409b551486acbce0f" />
		<rom name="PuPPack for VR/jumanjivr/Expansion Clips (Optional) ADD TO MATCHING FOLDER/Ball Launch/31.mp4" size="3763099" crc="7deb8af6" md5="25dd7c08101c1b8cd186de93336ef5a0" sha1="231e0fad807ef514d86e4ae69ca7df55e8341f69" />
		<rom name="PuPPack for VR/jumanjivr/Expansion Clips (Optional) ADD TO MATCHING FOLDER/Ball Launch/32.mp4" size="2946181" crc="733237c1" md5="1b8a49aee4131cad8617290c9eaedb3a" sha1="b2fad67be953ccea6da914a7d1d5430f89e4b80e" />
		<rom name="PuPPack for VR/jumanjivr/Expansion Clips (Optional) ADD TO MATCHING FOLDER/Ball Launch/33.mp4" size="2785756" crc="416ca83f" md5="9bec99cd529f51534fe8b8a26f6165ca" sha1="809d8dbe8273735e4fed9058b9a6548074c3cc57" />
		<rom name="PuPPack for VR/jumanjivr/Expansion Clips (Optional) ADD TO MATCHING FOLDER/Ball Launch/34.mp4" size="3669354" crc="e1bc65f6" md5="36b36c147a66b409a3446b3a87ea6ed8" sha1="ac1dc639a31ff8e7f59a1335c8e222f7764e8022" />
		<rom name="PuPPack for VR/jumanjivr/Expansion Clips (Optional) ADD TO MATCHING FOLDER/Ball Launch/35.mp4" size="2895049" crc="76e576d0" md5="6e0387ca9e178892065925c4c90e8515" sha1="68189f90a86d1d67823972f8e305871818031a3d" />
		<rom name="PuPPack for VR/jumanjivr/Expansion Clips (Optional) ADD TO MATCHING FOLDER/Ball Launch/36.mp4" size="2718830" crc="e5b2af89" md5="c855c9b9f7432ed76ee07b19e36f213f" sha1="684a2f890b03a385bc80f3611e0501836edb517a" />
		<rom name="PuPPack for VR/jumanjivr/Expansion Clips (Optional) ADD TO MATCHING FOLDER/Ball Launch/37.mp4" size="2823724" crc="f1c6b1ea" md5="62b2e537843515cf068bc6d0c2168261" sha1="8f53ca411c9044c6d6a5a29b9e66a7262489bbae" />
		<rom name="PuPPack for VR/jumanjivr/Expansion Clips (Optional) ADD TO MATCHING FOLDER/Ball Launch/38.mp4" size="4122451" crc="6e65bc6a" md5="950aa50a805edf31aa93ac6fb43d11b6" sha1="d4c671d14556743a9dee9f22d62f66f4d2b0b42b" />
		<rom name="PuPPack for VR/jumanjivr/Expansion Clips (Optional) ADD TO MATCHING FOLDER/Ball Launch/39.mp4" size="4095265" crc="2d208de7" md5="6f0d5b31d4555167282c817a21fa1521" sha1="e3ae9971c1c378d343d9d334897f2f94e83f2e1b" />
		<rom name="PuPPack for VR/jumanjivr/Expansion Clips (Optional) ADD TO MATCHING FOLDER/Ball Launch/40.mp4" size="4405924" crc="bbe7d6c6" md5="b0e3ea4e5c2f3608ee9102df0acc5666" sha1="2807723aa1d98b52089dba90fd10f11a029c6567" />
		<rom name="PuPPack for VR/jumanjivr/Expansion Clips (Optional) ADD TO MATCHING FOLDER/Ball Launch/41.mp4" size="3318727" crc="c093e75c" md5="582d5802c1e1c89aac84fa4e49e0b232" sha1="b056bb82ee26c9cba806feab0b213d8b66e47f41" />
		<rom name="PuPPack for VR/jumanjivr/Expansion Clips (Optional) ADD TO MATCHING FOLDER/Ball Launch/42.mp4" size="3553886" crc="2a8d5b95" md5="bf3502d33e46703f55a49bc75b67f29d" sha1="e733de7c28ca5856ff0710b48acddb94d343f682" />
		<rom name="PuPPack for VR/jumanjivr/Expansion Clips (Optional) ADD TO MATCHING FOLDER/Ball Launch/43.mp4" size="3643224" crc="76382511" md5="969e32a1a87b56bbaf63996d93f6420d" sha1="745f9e643ae9d47c2549dc96d3a199fab13ff0b2" />
		<rom name="PuPPack for VR/jumanjivr/Expansion Clips (Optional) ADD TO MATCHING FOLDER/Ball Launch/44.mp4" size="3855459" crc="a54b2492" md5="80746266717ebe9507d35163a417c2a8" sha1="69e13783cc946d6cbf3acf8f6c8458f024d264d5" />
		<rom name="PuPPack for VR/jumanjivr/Expansion Clips (Optional) ADD TO MATCHING FOLDER/Ball Launch/45.mp4" size="5078066" crc="fa38dfa0" md5="1638ec4c76743d27475e7212ddbfa7fb" sha1="5995e930bfbb7749a44745660ec83d2dfa4a5bf7" />
		<rom name="PuPPack for VR/jumanjivr/Expansion Clips (Optional) ADD TO MATCHING FOLDER/Ball Launch/46.mp4" size="4747812" crc="799a04ff" md5="d0c89f31aac17e40149153038fc56484" sha1="df587898f9fa1faf15adfe7b440fa4e2a81749c1" />
		<rom name="PuPPack for VR/jumanjivr/Expansion Clips (Optional) ADD TO MATCHING FOLDER/Ball Launch/47.mp4" size="3440985" crc="91885992" md5="3d7fa845ad4daa12d408b6da6763b34e" sha1="1addf7e3d18d317f4a66741fc10bf11a5b0f2f10" />
		<rom name="PuPPack for VR/jumanjivr/Expansion Clips (Optional) ADD TO MATCHING FOLDER/Ball Launch/48.mp4" size="3021250" crc="3c582d9b" md5="fa57417150071b1b7321735080cc11c5" sha1="8dfb222c55795c13c918147332b8d6b0b8fa8970" />
		<rom name="PuPPack for VR/jumanjivr/Expansion Clips (Optional) ADD TO MATCHING FOLDER/Ball Launch/49.mp4" size="3733425" crc="e679a68d" md5="621dd54f458f003dd0c3890b277891cc" sha1="f81747570fed8688a599d076d6ec007559b291f8" />
		<rom name="PuPPack for VR/jumanjivr/Expansion Clips (Optional) ADD TO MATCHING FOLDER/Ball Launch/50.mp4" size="3503914" crc="b9147843" md5="0a16b8d64cad521637f3cf8290a41ab5" sha1="e72f5e19356f5118aa1143944af96df2a036b4f4" />
		<rom name="PuPPack for VR/jumanjivr/Expansion Clips (Optional) ADD TO MATCHING FOLDER/Ball Launch/51.mp4" size="4850461" crc="7dd440a0" md5="5ec725ec31541f6b0973609c2a2ef41b" sha1="bbac68f7e820646c6356bb2a57fd421402114a0a" />
		<rom name="PuPPack for VR/jumanjivr/Expansion Clips (Optional) ADD TO MATCHING FOLDER/Ball Launch/52.mp4" size="3315463" crc="f4b92869" md5="7412b7670dea03733e33e8faff4704da" sha1="88f42d292a7625066839ebf7dd6114b40a1d7c65" />
		<rom name="PuPPack for VR/jumanjivr/Expansion Clips (Optional) ADD TO MATCHING FOLDER/Ball Launch/53.mp4" size="2901763" crc="5847492e" md5="9f75c112f2838887bb0736e6d08a08bc" sha1="25a2ca3c27cd3ea89ed6026a15be490393025423" />
		<rom name="PuPPack for VR/jumanjivr/Expansion Clips (Optional) ADD TO MATCHING FOLDER/Ball Launch/54.mp4" size="2285508" crc="67522526" md5="4dc092ee791457a376f4374cbec64169" sha1="690a61cf6a7e363c9625a81bef1170ee7c93fb4a" />
		<rom name="PuPPack for VR/jumanjivr/Expansion Clips (Optional) ADD TO MATCHING FOLDER/Ball Launch/55.mp4" size="3477723" crc="5a0917f0" md5="44ad709faf1277a7a68e5fba7f19c7d8" sha1="0379697fc5d571b1be6aae467ab3938c227db8af" />
		<rom name="PuPPack for VR/jumanjivr/Expansion Clips (Optional) ADD TO MATCHING FOLDER/Ball Launch/56.mp4" size="2875185" crc="4b60e4f0" md5="c9154eeba75c3ddb1bc3c5e425712f1f" sha1="08929eb48ce9345bab04945376677c0cc14ede10" />
		<rom name="PuPPack for VR/jumanjivr/Expansion Clips (Optional) ADD TO MATCHING FOLDER/Ball Launch/57.mp4" size="3974792" crc="9f32abf0" md5="9457d7038641065fba5ac3d2fb0e2d9c" sha1="5041bb3508a662021fb26c555bfd20abb053370b" />
		<rom name="PuPPack for VR/jumanjivr/Expansion Clips (Optional) ADD TO MATCHING FOLDER/Ball Launch/58.mp4" size="3923283" crc="ee3bea8b" md5="9c5f1612738bd7ba732570f589ffda5f" sha1="a5c777c729fddff302a2a94d28802567f3f1160c" />
		<rom name="PuPPack for VR/jumanjivr/Expansion Clips (Optional) ADD TO MATCHING FOLDER/Ball Launch/59.mp4" size="3312654" crc="ec345e63" md5="7ee00d87a8f31de53ad4e56e8d673e50" sha1="f070a2f80369ae27c805e7f174c334f243e59899" />
		<rom name="PuPPack for VR/jumanjivr/Expansion Clips (Optional) ADD TO MATCHING FOLDER/Ball Launch/60.mp4" size="3640747" crc="6fe4b15d" md5="1530b391b411aba3639461564542b38e" sha1="f3466153321a2309adf12ca6b08a8b345a71c9e4" />
		<rom name="PuPPack for VR/jumanjivr/Expansion Clips (Optional) ADD TO MATCHING FOLDER/Ball Launch/61.mp4" size="3543259" crc="2be61c2d" md5="c0ce8bf8f9e5c7a3da3b5fd76f6e3d87" sha1="608bfa39d644817b49c183f14043f15f24ecab98" />
		<rom name="PuPPack for VR/jumanjivr/Expansion Clips (Optional) ADD TO MATCHING FOLDER/Ball Launch/63.mp4" size="3255458" crc="ae5b20f8" md5="500a77e0c844bfc7d2d516c6dc16c7a1" sha1="6466f1aee2b104b2fd49074693fe9c2d1fb0d85a" />
		<rom name="PuPPack for VR/jumanjivr/Expansion Clips (Optional) ADD TO MATCHING FOLDER/Ball Launch/64.mp4" size="3021166" crc="fd7d8880" md5="8dc67a69a5b8930ebedbd2d367c4d74d" sha1="5327654ac696beab6cdb23fe36d54422f46fadd5" />
		<rom name="PuPPack for VR/jumanjivr/Expansion Clips (Optional) ADD TO MATCHING FOLDER/Ball Launch/65.mp4" size="3716331" crc="b5531350" md5="34b86ed3d7c569692990ae53fd748c5f" sha1="fe2f27a68017550c875557a2c303a28e26b92c2c" />
		<rom name="PuPPack for VR/jumanjivr/Expansion Clips (Optional) ADD TO MATCHING FOLDER/Ball Launch/66.mp4" size="2946028" crc="60373086" md5="be87e87adc0bb5ee218e4b562d80e481" sha1="61e598ba05fea7785ecb0219ad8d2cd11d7967f8" />
		<rom name="PuPPack for VR/jumanjivr/Expansion Clips (Optional) ADD TO MATCHING FOLDER/Ball Launch/67.mp4" size="3155898" crc="f901cce7" md5="be8ba314f4a0cb6a29b021d5744398dd" sha1="c1672f95a4521733f4aa0daaef028763898631ec" />
		<rom name="PuPPack for VR/jumanjivr/Expansion Clips (Optional) ADD TO MATCHING FOLDER/Ball Lost/Ball Lost 8.mp4" size="3212177" crc="532a164a" md5="ecace39e40ada4e2af5f78720f1c8a0e" sha1="0b4d23a8aa6af9c5bd02c5e20601c3279eb02295" />
		<rom name="PuPPack for VR/jumanjivr/Expansion Clips (Optional) ADD TO MATCHING FOLDER/Ball Lost/Ball Lost 9.mp4" size="3445948" crc="29af6587" md5="94a786bfb854e633dafde80aa246f11e" sha1="c23513039acbf8c886d4a84e0654c8a9c0962f5c" />
		<rom name="PuPPack for VR/jumanjivr/Expansion Clips (Optional) ADD TO MATCHING FOLDER/Ball Lost/Ball Lost 10.mp4" size="3069069" crc="b6d075d4" md5="ba3e458aa71b580eb063697a607d9c40" sha1="366952cba741ac4803055181dfbd050571417791" />
		<rom name="PuPPack for VR/jumanjivr/Expansion Clips (Optional) ADD TO MATCHING FOLDER/Ball Lost/Ball Lost 11.mp4" size="4661798" crc="2a284e1d" md5="25124cafce03a091a48392928596fce1" sha1="2fe6bc9d134117d4821fb6ce812e0d705149e4e9" />
		<rom name="PuPPack for VR/jumanjivr/Expansion Clips (Optional) ADD TO MATCHING FOLDER/Ball Lost/Ball Lost 12.mp4" size="3352135" crc="76f55e83" md5="aec20836fa31ccd0df9ad2250ff1d38d" sha1="7719fd29a79ea6ed23dcb77dad5cf8bbf07c73d0" />
		<rom name="PuPPack for VR/jumanjivr/Expansion Clips (Optional) ADD TO MATCHING FOLDER/Ball Lost/Ball Lost 13.mp4" size="3626275" crc="c20629b7" md5="be2d97859aecbfae81d6098413c39dcc" sha1="d211f2d6908e45987869ad4e8c08e85270d1a5b8" />
		<rom name="PuPPack for VR/jumanjivr/Expansion Clips (Optional) ADD TO MATCHING FOLDER/Ball Lost/Ball Lost 14.mp4" size="3484069" crc="11dde164" md5="03a66b28ba47709606b28061c141995d" sha1="0f0d7d359097a41e9466b0ec81d74d60ef13b681" />
		<rom name="PuPPack for VR/jumanjivr/Expansion Clips (Optional) ADD TO MATCHING FOLDER/Ball Lost/Ball Lost 15.mp4" size="3827539" crc="c066a535" md5="9511c639eeaaed9a3ba7908814cb7453" sha1="3cd2f710ca1163ea5cd75aee4cdf42cfb59475f4" />
		<rom name="PuPPack for VR/jumanjivr/Expansion Clips (Optional) ADD TO MATCHING FOLDER/Ball Lost/Ball Lost 16.mp4" size="3265599" crc="f8c7198d" md5="775843d5a87777b2f7bbd4cd54fbb2fb" sha1="fd7764a836de9a0f8aea90361dbacc9eaeb736b6" />
		<rom name="PuPPack for VR/jumanjivr/Expansion Clips (Optional) ADD TO MATCHING FOLDER/Ball Lost/Ball Lost 17.mp4" size="3878730" crc="5eb4d607" md5="7d50c282732f4691c26ee23a9e76db52" sha1="9e78bf5e8d3378920664e4b0f3600f8dc277af3a" />
		<rom name="PuPPack for VR/jumanjivr/Expansion Clips (Optional) ADD TO MATCHING FOLDER/Ball Lost/Ball Lost 18.mp4" size="4491724" crc="fdffc990" md5="63c95d83b8a9a550da9ee3849d346282" sha1="a765fe0ed24550894bacd911600c35e85fa93f4d" />
		<rom name="PuPPack for VR/jumanjivr/Expansion Clips (Optional) ADD TO MATCHING FOLDER/Ball Lost/Ball Lost 20.mp4" size="6258896" crc="082e08bf" md5="6b78815dd1f914a9535e056446aae9ea" sha1="fbd740f433d0386d5d2f9df1f2f2b2d9e08a97de" />
		<rom name="PuPPack for VR/jumanjivr/Expansion Clips (Optional) ADD TO MATCHING FOLDER/Ball Saved/BallSaved.mp4" size="4646654" crc="287a83f6" md5="325ea77c275192e55e168077b81d3bfb" sha1="f8666803f8ff311b385139f906866547afb15e23" />
		<rom name="PuPPack for VR/jumanjivr/Expansion Clips (Optional) ADD TO MATCHING FOLDER/Misc unused clips/1.mp4" size="3985032" crc="36b95466" md5="38629cf92d819f6b1cd1eeafb1ab60a9" sha1="d6bc4bc52dd2fa620669489d7fdfc76c35036148" />
		<rom name="PuPPack for VR/jumanjivr/Expansion Clips (Optional) ADD TO MATCHING FOLDER/Misc unused clips/2.mp4" size="4100593" crc="73f889df" md5="01d483a7fc5d474e0bb0c26bc53a65fd" sha1="d8355204ab10b33c7540c9c034451d21c4b28b41" />
		<rom name="PuPPack for VR/jumanjivr/Expansion Clips (Optional) ADD TO MATCHING FOLDER/Misc unused clips/3.mp4" size="4832149" crc="c77d39de" md5="71b6694f2afacb240d5c9a917e125dda" sha1="acb5d6981d6c2510c4373497843406a8dcb02e02" />
		<rom name="PuPPack for VR/jumanjivr/Expansion Clips (Optional) ADD TO MATCHING FOLDER/Misc unused clips/4.mp4" size="4218003" crc="78f495b4" md5="fa590ed98af50b5c6c896c239445b597" sha1="d5ac24dce32a91b9e02473951ed7440d7fe936c7" />
		<rom name="PuPPack for VR/jumanjivr/Expansion Clips (Optional) ADD TO MATCHING FOLDER/Misc unused clips/5.mp4" size="4927888" crc="aa2c232b" md5="0ca3dab1013f0a67ca070c1e03fcb0f7" sha1="c74708cd319dcd6a00806ac98c13a3c15ff34629" />
		<rom name="PuPPack for VR/jumanjivr/Expansion Clips (Optional) ADD TO MATCHING FOLDER/Misc unused clips/6.mp4" size="4577758" crc="4d0e6959" md5="fa3c7a0f16613120356e29736a22831d" sha1="1219b8a40ee11b2e9de9b9b01a1e25c2c3942972" />
		<rom name="PuPPack for VR/jumanjivr/Expansion Clips (Optional) ADD TO MATCHING FOLDER/Misc unused clips/7.mp4" size="5970243" crc="0e5adb87" md5="9323468ecc51546fcde52ed99bca54c5" sha1="3bd9b5d0fece9997fa9792b44af7e12588eeb55c" />
		<rom name="PuPPack for VR/jumanjivr/Expansion Clips (Optional) ADD TO MATCHING FOLDER/Misc unused clips/8.mp4" size="6149892" crc="c39f22f5" md5="4badd42269fc7f04760dca95ef343335" sha1="ce53b25504d8dbd4872db20cc922723059ec5ced" />
		<rom name="PuPPack for VR/jumanjivr/Expansion Clips (Optional) ADD TO MATCHING FOLDER/Misc unused clips/9.mp4" size="4956384" crc="21d50e7f" md5="48105dd13b1c1a9b830f26960dc56432" sha1="5fcedc23e8bc80cca7015f221977071fa96674a8" />
		<rom name="PuPPack for VR/jumanjivr/Expansion Clips (Optional) ADD TO MATCHING FOLDER/Misc unused clips/10.mp4" size="2036378" crc="3e1dc464" md5="84e66052f4ec5f149874ca394f81e9d4" sha1="1b53b5d12efaf8afdfc68679473fae51dd3b877c" />
		<rom name="PuPPack for VR/jumanjivr/Expansion Clips (Optional) ADD TO MATCHING FOLDER/Misc unused clips/11.mp4" size="4506716" crc="3cd7bb26" md5="a267a239ad285b01cafaa3bda653ae75" sha1="7438c1b2587b6fd971a45121373ea1b9b44afb96" />
		<rom name="PuPPack for VR/jumanjivr/Expansion Clips (Optional) ADD TO MATCHING FOLDER/Misc unused clips/12.mp4" size="4332769" crc="68c790c3" md5="7fbc5de9b53e93390331fc0e484ec1a8" sha1="5d5651eda534020319bd9201b88dc7402723ae3d" />
		<rom name="PuPPack for VR/jumanjivr/Expansion Clips (Optional) ADD TO MATCHING FOLDER/Misc unused clips/15.mp4" size="4972895" crc="dae520a7" md5="246a3bbf35aabfcf48c1f7d449282d4b" sha1="b743c206198bf0b8908b05addaf7e5639034b3c3" />
		<rom name="PuPPack for VR/jumanjivr/Expansion Clips (Optional) ADD TO MATCHING FOLDER/Misc unused clips/21.mp4" size="5020014" crc="e2f7df14" md5="fdd1dd67d2c53d7dbf26c096df941ae0" sha1="0a4e514181aff26dec9af5e7cbb4c87695edcd5c" />
		<rom name="PuPPack for VR/jumanjivr/Expansion Clips (Optional) ADD TO MATCHING FOLDER/Misc unused clips/62.mp4" size="2695226" crc="9f7ed7b3" md5="aed6c4382bdb215b941a9e165d5b929a" sha1="e38c6f796becd4aa5b0e36e476b8911683b3e91e" />
		<rom name="PuPPack for VR/jumanjivr/Expansion Clips (Optional) ADD TO MATCHING FOLDER/Misc unused clips/croc 1.mp4" size="5817746" crc="2f7cf18a" md5="f2cd0894dcc752b82d69fdbda5231a21" sha1="6dbc092b09f24f54cb751d9d916320319510ca41" />
		<rom name="PuPPack for VR/jumanjivr/Expansion Clips (Optional) ADD TO MATCHING FOLDER/Misc unused clips/croc 2.mp4" size="5489607" crc="ef4fbaaf" md5="200159baa38332a078c48a5cd768dd39" sha1="65f0936a871a96604836b716145f16999109f7f3" />
		<rom name="PuPPack for VR/jumanjivr/Expansion Clips (Optional) ADD TO MATCHING FOLDER/Misc unused clips/croc 3.mp4" size="4753477" crc="42b0378d" md5="8404201808c98069445479d77297cf03" sha1="5e21a772c2d4247f4646ea58523da2a033279b6c" />
		<rom name="PuPPack for VR/jumanjivr/Expansion Clips (Optional) ADD TO MATCHING FOLDER/Outlane/Outlane 2.mp4" size="981345" crc="d0f2cf2b" md5="98765713d23ed6fb97ed7cf145720f01" sha1="cb0dddf66d5812d93dbfe263860a574833db290e" />
		<rom name="PuPPack for VR/jumanjivr/Extra Ball/ExtraBall.mp4" size="4632455" crc="d9e2319a" md5="9978e44785467214a7e7f4f235a7c9c0" sha1="27cc64f81478abf5324bd6aea81b8ead0841a4c2" />
		<rom name="PuPPack for VR/jumanjivr/FullDMD/Fulldmd by Jagandy82 TY.mp4" size="9303041" crc="024e8da2" md5="96a21134fb422ce3c51f64061e782467" sha1="58d24eaf7f7f3a15f32bbf991d7252e8046d7948" />
		<rom name="PuPPack for VR/jumanjivr/FullDMD/fulldmd.png" size="786507" crc="7ff42c2c" md5="914e6f805ad6815a23c574b485ff552a" sha1="4cba9ddbc582f18534c8f9f47546ba70c057d733" />
		<rom name="PuPPack for VR/jumanjivr/Jackpot/Jackpot.mp4" size="4607040" crc="079f1a8d" md5="04cd2e2e3be31f9c6436853e743acb52" sha1="bda6a5a4e050ad1d7e981b42a5fd34f611f0bf71" />
		<rom name="PuPPack for VR/jumanjivr/Looping Default Locale Toppers/1.mp4" size="3502902" crc="b252316b" md5="8ca77947ef780e568c63476e0917e51c" sha1="05ad64e8d24be9fbcca93ae22bb2efddc4a90445" />
		<rom name="PuPPack for VR/jumanjivr/Looping Default Locale Toppers/2.mp4" size="3406816" crc="b1ce2c27" md5="e60ce70ee3925b636796ac850e7ef9ad" sha1="069aa247c36034f5ef4a6e31598a455b65557e8b" />
		<rom name="PuPPack for VR/jumanjivr/Looping Default Locale Toppers/3.mp4" size="3401514" crc="99c5a7af" md5="b0e5515052c6185c2445b260953d9269" sha1="042073c3b4a2be62ca045af83cea62cd6b8d200b" />
		<rom name="PuPPack for VR/jumanjivr/Looping Default Locale Toppers/4.mp4" size="3547617" crc="da3b87c8" md5="1d3e325eeb02b75edf891f1245ca9af4" sha1="ca365f291bd61a100a338053e45fe63b54d94773" />
		<rom name="PuPPack for VR/jumanjivr/Looping Default Locale Toppers/5.mp4" size="3484346" crc="ac4ac4fb" md5="e74920bd06c901502daaae045aeb0f36" sha1="2e8bade51d7b95e8486cc459ac65320558bd09d3" />
		<rom name="PuPPack for VR/jumanjivr/Looping Default Locale Toppers/6.mp4" size="3415463" crc="54db957d" md5="d7800406fa8351955eb60f31d757a0c2" sha1="d80c376a98c54cb0752e3758e6b97f38c8d2abbf" />
		<rom name="PuPPack for VR/jumanjivr/Looping Default Locale Toppers/7.mp4" size="3460708" crc="05f38f0a" md5="93f6cdb22ac7b5a89a096e0a9f7cfc92" sha1="0ab58593088a04477cbf6856081b391fe068fee1" />
		<rom name="PuPPack for VR/jumanjivr/Looping Default Locale Toppers/8.mp4" size="3542858" crc="64706afd" md5="f419f03e55c598cfddb70b9c7e9d47f2" sha1="c7a0179ca65894e8b16029d99fdc8900db2b1575" />
		<rom name="PuPPack for VR/jumanjivr/Looping Default Locale Toppers/9.mp4" size="3436680" crc="3439f847" md5="21595ed5a38880b723ac3e38a1067101" sha1="b57eb346016ed7c52f78a86a0f2ba91d59db1d9f" />
		<rom name="PuPPack for VR/jumanjivr/Looping Default Locale Toppers/10.mp4" size="3529692" crc="5465559b" md5="b462d1592e1a1d05f86e05ecb7d20fbe" sha1="268b4345f8a7a91738becc8fa1fa493958b86b98" />
		<rom name="PuPPack for VR/jumanjivr/Looping Default Locale Toppers/11.mp4" size="3477096" crc="57b94772" md5="8b2694ed3b722700ee940dc20d4d41ef" sha1="e1b0126f9291d588ca714cde47eab3712f29b667" />
		<rom name="PuPPack for VR/jumanjivr/Looping Default Locale Toppers/12.mp4" size="3523033" crc="7bfbd03d" md5="af7d8987f5325c143335ff745f84e8dd" sha1="76cc330a3d2984b72c9422e47406823c2701b9f2" />
		<rom name="PuPPack for VR/jumanjivr/Looping Default Locale Toppers/13.mp4" size="3430099" crc="adbe4b4a" md5="ff2055bd855ba60dd83cec75c71969ee" sha1="14c438cc0dd1ac361b5c7b39523fa44a4a6c941d" />
		<rom name="PuPPack for VR/jumanjivr/Looping Default Locale Toppers/14.mp4" size="3349669" crc="8c91fe83" md5="4520b810cbf0207760bfb5bd9499ab20" sha1="1a4d66359aba1f761b99dbf294f7b832c34b742a" />
		<rom name="PuPPack for VR/jumanjivr/Looping Default Locale Toppers/15.mp4" size="3524801" crc="f80e5cef" md5="692183bf2d1ec83aabdd51f88804163d" sha1="d0db0405306177a9848a45f3560ccd237588dea1" />
		<rom name="PuPPack for VR/jumanjivr/Mission Complete/Mission Complete 2.mp4" size="2531121" crc="9406106b" md5="eeaa06bcd88e0ca8c0c6c06f4664256c" sha1="3c5ea70df21078ac3f5eccc1d300685eb399b138" />
		<rom name="PuPPack for VR/jumanjivr/Missions/Mission 1.mp4" size="49754830" crc="0220e038" md5="bb0820dd0f3b44993cff4ae655b72fbf" sha1="37081c94f2925a78800648b60613cc3cb61faa97" />
		<rom name="PuPPack for VR/jumanjivr/Missions/Mission 2.mp4" size="29981351" crc="4afddefe" md5="a68f2b48bbc9d6c79960e35062899aa3" sha1="31ab364b6a67cecd3479d3b51be7c90cb0bdf057" />
		<rom name="PuPPack for VR/jumanjivr/Missions/Mission 3.mp4" size="56590598" crc="e5a006a0" md5="71395b61b1123a37b120a992c1d347ba" sha1="8f66b9dfc76fd18f0c39b22f5b936f2c323dfd7f" />
		<rom name="PuPPack for VR/jumanjivr/Missions/Mission 4.mp4" size="51564718" crc="e3ea5d0a" md5="32793b2ec225a6bc10f7dfc5702a30f3" sha1="e5d4a15a988211d71c0943e59c935a7aa2e1ed53" />
		<rom name="PuPPack for VR/jumanjivr/Missions/Mission 5.mp4" size="61248264" crc="331a14ca" md5="f359ffe2bcee57a1da863062df34ac0b" sha1="6909d7d27bfe436eadece9df08f23955b6ad5510" />
		<rom name="PuPPack for VR/jumanjivr/Missions/Mission 6.mp4" size="83154220" crc="b3ba4a33" md5="78275f4d769d1547b08ba763fc573702" sha1="17c4055866b1a8cb10224ff96c58729175f29768" />
		<rom name="PuPPack for VR/jumanjivr/Missions/Mission 7.mp4" size="58285165" crc="ac1511c2" md5="bfc3284eb82a7c2222480f7eb46ab0db" sha1="70c7b2fe098aa60cc32ad67d50eb9b90daa410ad" />
		<rom name="PuPPack for VR/jumanjivr/Missions/Mission 8.mp4" size="87412289" crc="5ce97fa7" md5="8452adb14c88df737c27526d154ec174" sha1="089957def674163029651887ae3f64a9c33fd574" />
		<rom name="PuPPack for VR/jumanjivr/Missions/Mission 9.mp4" size="164919513" crc="16949a3e" md5="1d658adee6bc0f19b8e85a6e97888bd5" sha1="2ee0b46af4f714feae2aa2364d9a823ccfcb0061" />
		<rom name="PuPPack for VR/jumanjivr/Missions/Mission 10.mp4" size="63113745" crc="4fbb86a8" md5="418413fcb5e67857adbf6bbe5a5e1487" sha1="3af86f3391479fd4a19c2f0c18b72e274e7b10f0" />
		<rom name="PuPPack for VR/jumanjivr/Missions/Mission 11.mp4" size="103148113" crc="c4457b24" md5="9f334fa415c4d13c22aae508302259f6" sha1="ce6e88330bdb102338e9067f12d47c3a2e911696" />
		<rom name="PuPPack for VR/jumanjivr/Missions/Mission 12.mp4" size="91397825" crc="ffa61571" md5="6881ee0bf2cdab11aab1f382a547e8ab" sha1="c7c5a85cb3b164f8118a2e74116d86c2d81d5216" />
		<rom name="PuPPack for VR/jumanjivr/Missions/Mission 13 Multiball Welcome to the Jungle.mp4" size="99312967" crc="49602448" md5="cc8b97f2802181809252074961050b34" sha1="8bbd147538ba0500297319abfe8e8a8e32729e98" />
		<rom name="PuPPack for VR/jumanjivr/Missions/Mission 14 Multiball The Next Level.mp4" size="192158146" crc="49b55d29" md5="ea261d8737dcfa068ea47a7f55422e8a" sha1="891070aad991b17bb8194c9c9be80fcc7b067ddc" />
		<rom name="PuPPack for VR/jumanjivr/Missions/Mission 15 Multiball The Final Mission.mp4" size="154749289" crc="181259e3" md5="1baf2925adda1c7390af886b57aba5e3" sha1="728844d528835a83fc06ef71d5373ecff144ee2c" />
		<rom name="PuPPack for VR/jumanjivr/Outlanes/Outlane 1.mp4" size="1857094" crc="c2ad0a61" md5="e57d15acb21ab04c9ac85e98cb12df2b" sha1="d8db283a1200fc2bbbffbf3171c8eb22fc3127d5" />
		<rom name="PuPPack for VR/jumanjivr/PupAlphas/Overlay 1 by Balutito.png" size="2527048" crc="bab53907" md5="cd6c4d6758ed8c06ac01aaab5fceaafb" sha1="a2931e5e267ac2fb7180ea4b2611d338591cf03c" />
		<rom name="PuPPack for VR/jumanjivr/PupAlphas/Overlay 1 by Jagandy82 TY.png" size="2018221" crc="5fd705e3" md5="bfb5286ab426e614b3420dce39f1627e" sha1="2584f35aba727806098c4c7dcf529322207da7d5" />
		<rom name="PuPPack for VR/jumanjivr/PupAlphas/Overlay 2 by Balutito.png" size="2767951" crc="7fadd8da" md5="a142726bd077c70f70b74c8e0c90163a" sha1="7082a718527e3fc89481394d63e5a97b4e5e4387" />
		<rom name="PuPPack for VR/jumanjivr/PupAlphas/Overlay 2 by Jagandy82 TY.png" size="1905736" crc="b9eb0979" md5="74e3a772ea34ef5e27c5345a8c118627" sha1="d33a7b2df0a055684d48fb7ce0c8f7c40d4716df" />
		<rom name="PuPPack for VR/jumanjivr/PupAlphas/Overlay 3 by Balutito.png" size="2736866" crc="c5815f75" md5="f0d4bcd62a19364cccee65f7abe686d6" sha1="52b23650287235ed2d02d8d9c6988a80df87df65" />
		<rom name="PuPPack for VR/jumanjivr/PupAlphas/Overlay 3 by Jagandy82 TY.png" size="2030830" crc="9460a557" md5="c89b9617044cc97301ba06311abd3774" sha1="53c9f7b07a0777d31fe4830856e52c07d3dcaf24" />
		<rom name="PuPPack for VR/jumanjivr/PupAlphas/Overlay 4 by Balutito.png" size="2905977" crc="f8c06e49" md5="42d46327778b090e3ab86b4686745752" sha1="03b9b2ace86e19b7ea8f10c22e3e89c5496f7809" />
		<rom name="PuPPack for VR/jumanjivr/PupAlphas/Overlay 4 by Jagandy82 TY.png" size="1946478" crc="c3056ece" md5="0fef49234ca438d4fdd2298cba8007ca" sha1="5731284a66c4af3ba5701b333a3f7b70a05a43bc" />
		<rom name="PuPPack for VR/jumanjivr/Replay/replay.mp4" size="4574305" crc="660bd35d" md5="b89b72824277af8d6feb90a4fa279494" sha1="66faa3cead365dc823f2a028987752a3d91a9cf5" />
		<rom name="PuPPack for VR/jumanjivr/Skillshot/skillshot.mp4" size="4615402" crc="ffd046d6" md5="9db484e48b3ddc978e26f9d292ba3cfb" sha1="e25c40609d9679468af2527495639fef9839a4f3" />
		<rom name="PuPPack for VR/jumanjivr/Topper Ball Lost/BallLost.mp4" size="4576168" crc="a7be6811" md5="e01be41bac97f85df730636611f3c8cd" sha1="1f729323e121fd3f0fdb80fe0121f3d40f59a864" />
		<rom name="PuPPack for VR/jumanjivr/Topper Callouts Limited/cast.mp4" size="4894645" crc="5241f9fb" md5="761cb62c7f6a8bdf6660e6b61fed6b51" sha1="44d0fa1554f6ca2bbc0ac2df8ab30f841be62307" />
		<rom name="PuPPack for VR/jumanjivr/Topper Callouts Limited/gameover.mp4" size="4625186" crc="dff09194" md5="fd7725f4b956a8dd97201b60cd9efab8" sha1="460bee2c016aeb7b5ef5d489c85ed5faab89c2d3" />
		<rom name="PuPPack for VR/jumanjivr/Topper Callouts Limited/gman.mp4" size="4793014" crc="be9204b3" md5="9f5a5aeaf03ff2f6b8aa8f4592f920d7" sha1="db0ba47634cd902ef3fae904ba2a3347895eed4c" />
		<rom name="PuPPack for VR/jumanjivr/Topper Callouts Limited/LaunchtheBall.mp4" size="4684390" crc="41463d82" md5="5d51a9130e60ef970989473a2d19552f" sha1="e0788809c07b4ba7e9f0a92e105762c0dc1fb970" />
		<rom name="PuPPack for VR/jumanjivr/Topper Callouts Limited/Start Button Callout 1.mp4" size="1720372" crc="536a2765" md5="3ac4662debca20510454f4e11085a5d0" sha1="606df2eca83bd28046ec02b3302317a8b7e28dd4" />
		<rom name="PuPPack for VR/jumanjivr/Topper Callouts Limited/Tilt.mp4" size="4439882" crc="df033ccb" md5="5265ff182880365b04523d27162e9037" sha1="8e7d8eabaf022ba81f92f88f07c0e726511ba834" />
		<rom name="PuPPack for VR/jumanjivr/Topper Callouts Limited/Topper Callout 1.mp4" size="3709884" crc="59d0e42a" md5="67b728fa8c4b524a043686c501038f97" sha1="a37eb8d09d83e272aa4707a1632c17d0cae0c6e7" />
		<rom name="PuPPack for VR/jumanjivr/Topper Callouts Limited/Topper Callout 2.mp4" size="2666513" crc="b3fb8607" md5="6483ce46681bd878fb3e750941cff1c2" sha1="d336303080bdd873fb0b4a49f55db1fe746a1ef3" />
		<rom name="PuPPack for VR/jumanjivr/Topper Callouts Limited/Topper Callout 3.mp4" size="2220030" crc="b5fe03c7" md5="a20e741a13760c0752bdf20984cae146" sha1="dbef998dac34ab83ad9afc2ace8a8506afccab23" />
		<rom name="PuPPack for VR/jumanjivr/Topper Callouts Limited/Topper Callout 4.mp4" size="975422" crc="ee60e658" md5="266ebfa81036358d672a61ca4c4ee3f6" sha1="1c3f14f7418f76717f6ffa04900bef8e0bc37114" />
		<rom name="PuPPack for VR/jumanjivr/Topper Callouts Limited/Topper Callout 5.mp4" size="1226512" crc="a6106a19" md5="b37813a93aa42c7a275e07af14a78636" sha1="acb2f77341c6d62cc5e108ee8bea03b5461c4d79" />
		<rom name="PuPPack for VR/jumanjivr/Topper Callouts Limited/Topper Callout 6.mp4" size="1500530" crc="4130b710" md5="d82807b941a02da233cd1692b73cad64" sha1="6841209a66b19ff4d6978409646a27e0bfa44102" />
		<rom name="PuPPack for VR/jumanjivr/Topper Callouts Limited/Topper Mission 1.mp4" size="1980340" crc="898f994f" md5="d02a6a7b04ec95cf876514959b1a1015" sha1="76150895cc4f30e64c1386da1a447195034e994f" />
		<rom name="PuPPack for VR/jumanjivr/Topper Callouts Limited/Topper Mission 2.mp4" size="1786396" crc="2bfad9d6" md5="9ef9e4dce1b039f04336b3670080c655" sha1="3fd3c38d8dee7e8f0a51656f7245e39e53ea9d0d" />
		<rom name="PuPPack for VR/jumanjivr/Topper Callouts Limited/Topper Mission 3.mp4" size="1856508" crc="1e840020" md5="122839d71183aa747ad3bcdeaceb92b2" sha1="90d7dc43b385edf021acf63642b91c942bc394db" />
		<rom name="PuPPack for VR/jumanjivr/Topper Callouts Limited/Topper Mission 4.mp4" size="2011741" crc="53002e5e" md5="fe3a95931f9d7c250c8d3f2658c7078d" sha1="0c08557e7cdd02c0c6a2bf68e0e396b20d818819" />
		<rom name="PuPPack for VR/jumanjivr/Topper Callouts Limited/Topper Mission 5.mp4" size="1998521" crc="9a3bfcad" md5="535b0dc8ebc317b9cd3f1fa2e4552805" sha1="17085cd7ecd9f6796d8af9e89deaff15d5a1f6fa" />
		<rom name="PuPPack for VR/jumanjivr/Topper Callouts Limited/Topper Mission 6.mp4" size="1788075" crc="bd54855b" md5="96d3bedf056c94abab8a628a008b3bb0" sha1="86bb80f840091d5dc918ef0c8fb569988624a203" />
		<rom name="PuPPack for VR/jumanjivr/Topper Callouts Limited/Topper Mission 7.mp4" size="1886312" crc="59af9caf" md5="9eb39d0a483af24d23b25f72b41688e4" sha1="532cc0df5ac02049478ba6d2b78768830e76e4b0" />
		<rom name="PuPPack for VR/jumanjivr/Topper Callouts Limited/Topper Mission 8.mp4" size="1839614" crc="0f95c888" md5="fd981d84f0372d4a38fd716030875273" sha1="474367e4522a8403ea3c25f7f0ab124c71383c29" />
		<rom name="PuPPack for VR/jumanjivr/Topper Callouts Limited/Topper Mission 9.mp4" size="1894705" crc="113129cc" md5="eec452d49e95ed36e04c54c6b9db135b" sha1="9381a3a4710589574066397798b4e3430437a177" />
		<rom name="PuPPack for VR/jumanjivr/Topper Callouts Limited/Topper Mission 10.mp4" size="1768974" crc="729f79f6" md5="e608fd4274b3aaf39d108dc5df487332" sha1="6eaa6ea6aee7430937faf290bbfc09d600be6897" />
		<rom name="PuPPack for VR/jumanjivr/Topper Callouts Limited/Topper Mission 11.mp4" size="1786045" crc="14106581" md5="019253309ee9bddc56faa7be9f103e6a" sha1="6d2c09687273e8b1679cbbe74a567306d89bdfc3" />
		<rom name="PuPPack for VR/jumanjivr/Topper Callouts Limited/Topper Mission 12.mp4" size="1844575" crc="e49e4a14" md5="1303fb2842b6f9027b71f30d7269dd65" sha1="3218b817572bf055b6e36939620b37fee9a5a1cc" />
		<rom name="PuPPack for VR/jumanjivr/Topper Callouts Limited/Topper Mission 13.mp4" size="1694513" crc="1c8ef3cc" md5="d4b3338c32d808455e041899ae7ee5c3" sha1="6e43aa43f81a465ca48fee8e610918b6e11866dd" />
		<rom name="PuPPack for VR/jumanjivr/Topper Callouts Limited/Topper Mission 14.mp4" size="1683005" crc="547b816e" md5="153fd408dd475fab881b89fb54a19c23" sha1="88cb9724374c0c15371e33e1bbda8fee89c85dc0" />
		<rom name="PuPPack for VR/jumanjivr/Topper Callouts Limited/Topper Mission 15.mp4" size="1661214" crc="8cc32d76" md5="5501a512a263b09f6924c6c255380e3a" sha1="8cadecaaee35d2fb699bf28fad1b3108bc41784c" />
		<rom name="Instructions.txt" size="179" crc="8bc7343d" md5="fbbb9f489a766a27f18d339d5cb7a263" sha1="b379371813045d29cb95a79dbb258446341beb4f" />
		<rom name="VR Room Jumanji 1.3.vpx" size="285696000" crc="a5a74a03" md5="92908014476b1c40e5450920c51a0a81" sha1="3ccd69eb12642098dc669cf3867263382e7a7f59" />
	</machine>
	<machine name="Krull (Gottlieb)(1983)(Rascal, kevinleedrum, mfuegemann)(1.2)[VPX08][MOD VR ROOM v1.0 Rascal]">
		<description>Krull (Gottlieb)(1983)(Rascal, kevinleedrum, mfuegemann)(1.2)[VPX08][MOD VR ROOM v1.0 Rascal]</description>
		<rom name="Krull (Gottlieb 1983) (10.8) 1.0.vpx" size="47583232" crc="8bfbe8d7" md5="572c08162907060ad9c724be2dca82af" sha1="583774d09469279d65f71a4c445f94eb5cc76de6" />
	</machine>
	<machine name="Lap by Lap (Inder)(1986)(JPSalas)(4.0.0)[VPX08][MOD VR ROOM v1.0.2 Ext2k]">
		<description>Lap by Lap (Inder)(1986)(JPSalas)(4.0.0)[VPX08][MOD VR ROOM v1.0.2 Ext2k]</description>
		<rom name="Lap by Lap (Inder 1986) JPSalas v4 Ext2k Conv. 1.02.directb2s" size="18180993" crc="f7e2c22b" md5="82d36ff74b53422c082239f6e0ed0529" sha1="bccf672e2885e2c9f18aeedc9683a47d9b2a711f" />
		<rom name="Lap by Lap (Inder 1986) JPSalas v4 Ext2k Conv. 1.02.vpx" size="38420480" crc="8992ce5f" md5="3df696501a69c482b4be718f4cff1e21" sha1="e263377655ca472f58da971c58f2b3a33ca28b22" />
	</machine>
	<machine name="Mandalorian, The (2023)(marty02, JPSalas)(3.0)[VPX08][MOD VR ROOM Minimal v1.0.0 DaRdog81]">
		<description>Mandalorian, The (2023)(marty02, JPSalas)(3.0)[VPX08][MOD VR ROOM Minimal v1.0.0 DaRdog81]</description>
		<rom name="The Mandalorian VR ROOM Mega Razor Crest.vpx" size="179453952" crc="92623a57" md5="4aa2e1d61dab9701f348e98dc2a5896b" sha1="2cf409599ef054eb714767e0632076405ea369e4" />
		<rom name="The Mandalorian VR ROOM Minimal.vpx" size="154505216" crc="7ee08407" md5="c66016b1420cf188cb51efab5f8ed068" sha1="ea9b2a46384630363c6d39c2f0ced66070eac9f0" />
	</machine>
	<machine name="Metal Man (INDER)(1992)(JPSalas)(4.0.1)[VPX08][MOD VR Room v1.0 Ext2k]">
		<description>Metal Man (INDER)(1992)(JPSalas)(4.0.1)[VPX08][MOD VR Room v1.0 Ext2k]</description>
		<rom name="Metal Man (Inder 1992) v4 JP's Ext2k Conversion.directb2s" size="33403867" crc="f670c0e7" md5="0a19cf99b32cde9012d97c158ed394d6" sha1="da4d93e7f33e52a103de958bb0e4713d30a824a5" />
		<rom name="Metal Man (Inder 1992) v4 JP's Ext2k Conversion.vpx" size="64540672" crc="10ac1eeb" md5="270ff969cc5524861cf97580c774a3c1" sha1="bec1b21b64ec3a16aa61333fb07df9379208fd5d" />
	</machine>
	<machine name="Moon Light (Inder)(1987)(mfuegemann, GoldChicco, 32assassin)(1.2a)[VPX08][MOD VR Room v1.0.0 Ext2k]">
		<description>Moon Light (Inder)(1987)(mfuegemann, GoldChicco, 32assassin)(1.2a)[VPX08][MOD VR Room v1.0.0 Ext2k]</description>
		<rom name="Moon Light (Inder 1987) 1.2a Ext2k Conversion.directb2s" size="14540056" crc="e266050a" md5="5321bf04895c30eeac813678f4275a13" sha1="a99d4c7acbc2f16199098f66d9d7391bcf643eaf" />
		<rom name="Moon Light (Inder 1987) 1.2a Ext2k Conversion.vpx" size="86417408" crc="6c55fa64" md5="23e1857733632d01b51b7474a83a787a" sha1="3f73cd79b8f4829674aa44f3854741d443a033e4" />
	</machine>
	<machine name="Moulin Rouge (Williams)(1965)(JPSalas, Halen)(1.0.1)[VPX08][MOD VR ROOM v1.0 Ext2k]">
		<description>Moulin Rouge (Williams)(1965)(JPSalas, Halen)(1.0.1)[VPX08][MOD VR ROOM v1.0 Ext2k]</description>
		<rom name="Moulin Rouge (Williams 1965) v1_VPX7 Ext2k VR ROOM.directb2s" size="16911805" crc="5bc9168d" md5="57d2a9c0e054148539f42c40f8d808fb" sha1="dab320d86c1c1669547c78a6e9cc0a3037c341e0" />
		<rom name="Moulin Rouge (Williams 1965) v1_VPX7 Ext2k VR ROOM.vpx" size="50425856" crc="485e69ac" md5="169b37d765150b2d77f65c0d7a5b2f1f" sha1="4e2aae2bf77744a7cbb4c509713f11cfe9d96b71" />
	</machine>
	<machine name="Mr. &amp; Mrs. Pac-Man (Bally)(1982)(Goldchicco, 32assassin)(1.0)[VPX08][MOD VR Room v3.0 DarthVito]">
		<description>Mr. &amp; Mrs. Pac-Man (Bally)(1982)(Goldchicco, 32assassin)(1.0)[VPX08][MOD VR Room v3.0 DarthVito]</description>
		<rom name="Mr. and Mrs. Pac-Man (Bally 1982) VR ROOM_DarthVito_V3.directb2s" size="18397444" crc="e9838a69" md5="ae1d77458cb1c2e2b67b8378557c0d04" sha1="0b27c19b6d9eb5f32ef9d811d62d7e5c7eb87217" />
		<rom name="Mr. and Mrs. Pac-Man (Bally 1982) VR ROOM_DarthVito_V3.vpx" size="84017152" crc="25ba7130" md5="757fb09a340335c0ab2c42185c124b93" sha1="158b1f18a2e8c63df3c002eb686fc7892be25900" />
	</machine>
	<machine name="Mr. &amp; Mrs. Pac-Man (Bally)(1982)(Goldchicco, 32assassin)(1.0)[VPX08][MOD VR Room v4.0 DarthVito]">
		<description>Mr. &amp; Mrs. Pac-Man (Bally)(1982)(Goldchicco, 32assassin)(1.0)[VPX08][MOD VR Room v4.0 DarthVito]</description>
		<rom name="Mr. and Mrs. Pac-Man (Bally 1982) VR ROOM_DarthVito_V4.vpx" size="99577856" crc="49744613" md5="3b1604869095c97e71212c3c149da2ae" sha1="0e7e73139abc012a53df3456b3a0ddd3b217c429" />
	</machine>
	<machine name="Mundial 90 (Inder)(1990)(Goldchicco, 32assassin, pachecas (VP9)(1.2)[VPX08][MOD VR Room v1.0.0 Ext2k]">
		<description>Mundial 90 (Inder)(1990)(Goldchicco, 32assassin, pachecas (VP9)(1.2)[VPX08][MOD VR Room v1.0.0 Ext2k]</description>
		<rom name="Mundial 90 (Inder 1990) 1.2 Ext2k Conversion.directb2s" size="11273561" crc="59bb7f28" md5="f484b5776a37d3d53f17d7bc6d9b14b4" sha1="6cac046ae0945505f93eb4851954594cc407108d" />
		<rom name="Mundial 90 (Inder 1990) 1.2 Ext2k Conversion.vpx" size="74231808" crc="2d8c0652" md5="db3629e509d62f39dccace95dd03bce4" sha1="20e2ad7e4dc6177cfc04b432307bf54c0a05c44b" />
	</machine>
	<machine name="NASCAR (Stern)(2005)(requiem, Zedonius)(1.01)[VPX04][MOD PMD Surround-Sound v1.02 RustyCardores, DJRoxX][MOD VR Room Minimal v1.0.0 Ext2k]">
		<description>NASCAR (Stern)(2005)(requiem, Zedonius)(1.01)[VPX04][MOD PMD Surround-Sound v1.02 RustyCardores, DJRoxX][MOD VR Room Minimal v1.0.0 Ext2k]</description>
		<rom name="Nascar (Stern 2005)  Ext2k Conversion 1.02.directb2s" size="26698175" crc="2157aa7d" md5="8b622cb2c8ee6a06b940d7d13be865ac" sha1="8052aebf7e2bbf269d74ac89035f7d3dbef41445" />
		<rom name="Nascar (Stern 2005)  Ext2k Conversion 1.02.vpx" size="174018560" crc="06de615e" md5="b830f807322aae96c84acf1e34006571" sha1="d0152e32feee0c9b9f119f456c4c785632749b35" />
	</machine>
	<machine name="Night Rider (Bally)(1977)(allknowing2012, Goldchicco)(2.0)[VPX08][MOD VR ROOM v2 DarthVito]">
		<description>Night Rider (Bally)(1977)(allknowing2012, Goldchicco)(2.0)[VPX08][MOD VR ROOM v2 DarthVito]</description>
		<rom name="Night Rider (Bally 1977) 2.0_VR ROOM_DarthVito_V3.directb2s" size="16917174" crc="27991780" md5="09b09cd34184a28e0918d25549180763" sha1="59bf0175d752e19bb1ca7a2f0efe330b413806cc" />
		<rom name="Night Rider (Bally 1977) 2.0_VR ROOM_DarthVito_V3.vpx" size="156176384" crc="6a8d0403" md5="98bcb774d5de44ed1830b3622422ddf3" sha1="2a99c5b41a1fe4e64eaf1b8a9154f75bea61b0a3" />
	</machine>
	<machine name="North Star (Gottlieb)(1964)(Loserman76, PBecker, Itchigo)(2.0.0f)[VPX08][MOD Gfx v1.1 Teisen, RusstyT][MOD VR ROOM v1.0 Ext2k]">
		<description>North Star (Gottlieb)(1964)(Loserman76, PBecker, Itchigo)(2.0.0f)[VPX08][MOD Gfx v1.1 Teisen, RusstyT][MOD VR ROOM v1.0 Ext2k]</description>
		<rom name="North Star (Gottlieb 1964)_Teisen_MOD_1.1 Ext2k VR ROOM.directb2s" size="32324509" crc="9103350c" md5="90c21a1cd077fd820913663517966683" sha1="5bad87f88786cbb6df999e737d6804bf50c94536" />
		<rom name="North Star (Gottlieb 1964)_Teisen_MOD_1.1 Ext2k VR ROOM.vpx" size="99500032" crc="c42bbd13" md5="6b8c92c1d62b759867e712075a2ebcd4" sha1="81c7a5daac4c2dd1509aa2ab5db88536b491d5af" />
	</machine>
	<machine name="Nugent (Stern)(1978)(WED21)(2.0)[VPX08][MOD VR ROOM v1.0.0 Ext2k]">
		<description>Nugent (Stern)(1978)(WED21)(2.0)[VPX08][MOD VR ROOM v1.0.0 Ext2k]</description>
		<rom name="Ted Nugent (Stern 1978) VR ROOM Ext2k Conversion.directb2s" size="22040009" crc="69320ea8" md5="66f528cb1eb248dc40b897660f7155c8" sha1="394227a16cc308e3c214f95ae0168ddc0053872e" />
		<rom name="Ted Nugent (Stern 1978) VR ROOM Ext2k Conversion.vpx" size="623792128" crc="446a22e5" md5="7745baa87ce50c93c75b3163afe6b5a1" sha1="c57bac62d28515829c4cee751fec046d3ae5bc0d" />
	</machine>
	<machine name="Old Coney Island! (Game Plan)(1979)(JPSalas)(4.0.2)[VPX08][MOD VR ROOM v1.0.0 Ext2k]">
		<description>Old Coney Island! (Game Plan)(1979)(JPSalas)(4.0.2)[VPX08][MOD VR ROOM v1.0.0 Ext2k]</description>
		<rom name="Old Coney Island (Game Plan 1979) JP v4.0.2 Ext2k VRROOM.directb2s" size="6716403" crc="3f078095" md5="f035299b89238935f92ecfbf424c081e" sha1="66f16b37604233cbbbfd2428d9fd3b6129f19a72" />
		<rom name="Old Coney Island (Game Plan 1979) JP v4.0.2 Ext2k VRROOM.vpx" size="52158464" crc="9e455b87" md5="3fffe99b2888b73259a501dcbad4b815" sha1="14928a2056c3c6b6e7e5f517626a5942baa7b644" />
	</machine>
	<machine name="Olympus (Juegos Populares)(1986)(JPSalas, mfuegemann, akiles50000, pedator)(1.0.0)[VPX08][MOD VR ROOM v1.0 Ext2k]">
		<description>Olympus (Juegos Populares)(1986)(JPSalas, mfuegemann, akiles50000, pedator)(1.0.0)[VPX08][MOD VR ROOM v1.0 Ext2k]</description>
		<rom name="Olympus (Juegos Populares 1986) Ext2k VR ROOM.directb2s" size="9745885" crc="61298b44" md5="d3e9116642cd2f667508b49cd58e6ea8" sha1="515c9b00d53d8b083120979fc57544bab08d5da0" />
		<rom name="Olympus (Juegos Populares 1986) Ext2k VR ROOM.vpx" size="64909312" crc="2c62d5f4" md5="0fac9aa3b5115bd7a41887cea50ee388" sha1="12b166c3213da20643767422dc1bf4a9eded41b2" />
	</machine>
	<machine name="Party Zone (Bally)(1991)(JPSalas)(1.0.5)[VPX08][MOD v1.0 SG1bsoN][MOD VR ROOM v1.1 DarthVito]">
		<description>Party Zone (Bally)(1991)(JPSalas)(1.0.5)[VPX08][MOD v1.0 SG1bsoN][MOD VR ROOM v1.1 DarthVito]</description>
		<rom name="PartyZone(1991)SG1bsoNMod_VR ROOM_DarthVito_V1.1.vpx" size="155901952" crc="06ab89f7" md5="ba0ae545b17dedaae75dd70ab9660848" sha1="4238e6e799aea42da0137f8bd89fd28cf9130f6d" />
	</machine>
	<machine name="Pat Hand (Williams)(1975)(Klodo81, STAT, Wildman)(1.3)[VPX08][MOD VR ROOM 1.0 Ext2k]">
		<description>Pat Hand (Williams)(1975)(Klodo81, STAT, Wildman)(1.3)[VPX08][MOD VR ROOM 1.0 Ext2k]</description>
		<rom name="Pat Hand (Williams 1975) V1.3 VRROOM.directB2S" size="8859920" crc="5f0dc457" md5="5abf605628c5280369f3cf58ca564dda" sha1="b5427529c6f697a16b83a6d163428124878e6ad2" />
		<rom name="Pat Hand (Williams 1975) V1.3 VRROOM.vpx" size="105996288" crc="c3b4e409" md5="f74fe3ae7e2245609bde1c7bf8a3b573" sha1="bf8d86750955e20adf0827bf9dbe09ae12df2f2e" />
	</machine>
	<machine name="Petaco (Juegos Populares)(1984)(wiesshund, TAB [VP9], MRCMRC [VP9], destruk [VP8])[VPX08][MOD VR ROOM v1.0 Ext2k]">
		<description>Petaco (Juegos Populares)(1984)(wiesshund, TAB [VP9], MRCMRC [VP9], destruk [VP8])[VPX08][MOD VR ROOM v1.0 Ext2k]</description>
		<rom name="Petaco (Juegos Populares 1984) Ext2k VR ROOM.directb2s" size="8395926" crc="0ce2f887" md5="f7c19780aadb5dfe99e5eec421e01412" sha1="3a35c6dced84e716756a8f3b15f44b59c06e7a4e" />
		<rom name="Petaco (Juegos Populares 1984) Ext2k VR ROOM.vpx" size="98226176" crc="789d93f7" md5="863963c137ee5b73b5850a88bdc173b4" sha1="78e71995ae2699eed124b6acf4894c03458f1195" />
	</machine>
	<machine name="Pit Stop (Williams)(1968)(JPSalas)(1.0.1)[VPX08][MOD VR ROOM v1.0 Ext2k]">
		<description>Pit Stop (Williams)(1968)(JPSalas)(1.0.1)[VPX08][MOD VR ROOM v1.0 Ext2k]</description>
		<rom name="Pit Stop (Williams 1968) JP 1.01 Ext2k VR ROOM.directb2s" size="15086374" crc="9985b128" md5="8474abb7ff1b091312ad869e11c2465c" sha1="7a42c477f8380521166ec06bbf4b968468403781" />
		<rom name="Pit Stop (Williams 1968) JP 1.01 Ext2k VR ROOM.vpx" size="84840448" crc="40c3d0ed" md5="5a763cc445c6569982b89765f5dab81b" sha1="1e55b9f6342d6800a2204221ba29e3ac2dd27a21" />
	</machine>
	<machine name="Playboy 35th Anniversary (Data East)(1989)(JPSalas)(4.3.0)[VPX08][MOD VR Room v1.0.0 Ext2k]">
		<description>Playboy 35th Anniversary (Data East)(1989)(JPSalas)(4.3.0)[VPX08][MOD VR Room v1.0.0 Ext2k]</description>
		<rom name="Playboy 35th Anniversary (Data East 1989) v4.3 JP Salas, Ext2k VRROOM.directb2s" size="15226718" crc="e4d23712" md5="1a4e1a6ac93c1b2b3370ecbad5c42b19" sha1="da54742fa4aa7bd4e77585b6fe17ff7689d2843c" />
		<rom name="Playboy 35th Anniversary (Data East 1989) v4.3 JP Salas, Ext2k VRROOM.vpx" size="79925248" crc="425607e9" md5="a6420b7412f207e5656a0253e9704067" sha1="f63e61cabb9e1121d88f545fb4c403f97659b576" />
	</machine>
	<machine name="Pole Position (Sonic)(1987)(Nestorgian, Pedator)(2.0.0)[VPX08][MOD VR ROOM v1.0.0 DarthVito]">
		<description>Pole Position (Sonic)(1987)(Nestorgian, Pedator)(2.0.0)[VPX08][MOD VR ROOM v1.0.0 DarthVito]</description>
		<rom name="Pole Position (Sonic 1987) 2.0_VR ROOM_DarthVito_V1.directb2s" size="7193075" crc="68e145a4" md5="39e398fd444c84ffc2a70f7967f20232" sha1="7b0ecf813ae834baf0b52f55c239ab6a1f038456" />
		<rom name="Pole Position (Sonic 1987) 2.0_VR ROOM_DarthVito_V1.vpx" size="106823680" crc="e0b9c9ed" md5="5dcaf6e38a56ff1909756dea7151015f" sha1="ef5e62cc2bc1096244ee6ba7304c4f4b347fd598" />
	</machine>
	<machine name="Poltergeist (2022)(VP_Cooks)(1.0)[VPX08][MOD VR Room v1.0 michel757]">
		<description>Poltergeist (2022)(VP_Cooks)(1.0)[VPX08][MOD VR Room v1.0 michel757]</description>
		<rom name="VR ROOM Poltergeist - VP_Cooks1.0.vpx" size="393285632" crc="1e316023" md5="c80aa2a928f0e930a75a3ef42a32a636" sha1="e414cfe6f98ac29e06173859b3798d03d7bf8cba" />
	</machine>
	<machine name="Quicksilver (Stern)(1980)(Goldchicco, 32assassin)(2.0c)[VPX08][MOD VR Room v1.0.0 DarthVito]">
		<description>Quicksilver (Stern)(1980)(Goldchicco, 32assassin)(2.0c)[VPX08][MOD VR Room v1.0.0 DarthVito]</description>
		<rom name="Quicksilver (Stern 1980) 2.0c_VR ROOM_DarthVito_V1.directB2S" size="20666409" crc="4c348b4e" md5="9716ba7a4552a6f8a9c641e71a90ed7a" sha1="f46f1dd285a82be8fb980e753640037dd8347aca" />
		<rom name="Quicksilver (Stern 1980) 2.0c_VR ROOM_DarthVito_V1.vpx" size="150282240" crc="ccbcd2d4" md5="84e31aa376c13d5aa35687b0cc9bd123" sha1="1c24422778126314fbb1905b3d2dd51c29f4ff90" />
	</machine>
	<machine name="Royal Guard (Gottlieb)(1968)(Loserman76, GNance)(1.0.0f)[VPX07][MOD Gfx v1.0 Teisen][MOD VR ROOM v1.0.1 Ext2k]">
		<description>Royal Guard (Gottlieb)(1968)(Loserman76, GNance)(1.0.0f)[VPX07][MOD Gfx v1.0 Teisen][MOD VR ROOM v1.0.1 Ext2k]</description>
		<rom name="Royal Guard (Gottlieb 1968) Teisen MOD Ext2k VR ROOM.directb2s" size="13008221" crc="eafe5348" md5="346106f77c3a25884c7e3b58b149f74c" sha1="d39f6554d46a5a3621d49e0f6dcf64ec5ae63412" />
		<rom name="Royal Guard (Gottlieb 1968) Teisen MOD Ext2k VR ROOM.vpx" size="82399232" crc="4cd3e81e" md5="215a13681db500f0333c79619b17b9b9" sha1="bbcc2e79e9962c1e9f3e323c00c2d50d75410d34" />
	</machine>
	<machine name="Sands of the Aton (2023)(dea Tee, JPSalas)(1.0.0)[VPX08][MOD VR Room v1.0 DGrimmReaper]">
		<description>Sands of the Aton (2023)(dea Tee, JPSalas)(1.0.0)[VPX08][MOD VR Room v1.0 DGrimmReaper]</description>
		<rom name="Sands of the Aton VR Room.vpx" size="40116224" crc="418ab9ff" md5="b530727f90d6fb8260aaf84eeb5d4302" sha1="d31596b4a7b8cfe05a8641da1ec3262e96698ccd" />
	</machine>
	<machine name="Sheriff (Gottlieb)(1971)(Loserman76, GNance, Popotte)(1.0.0f)[VPX08][MOD Gfx v1.0 Teisen][MOD VR ROOM v1.0.0 Ext2k]">
		<description>Sheriff (Gottlieb)(1971)(Loserman76, GNance, Popotte)(1.0.0f)[VPX08][MOD Gfx v1.0 Teisen][MOD VR ROOM v1.0.0 Ext2k]</description>
		<rom name="Sheriff (Gottlieb 1971)_Teisen_MOD Ext2k Conversion.directb2s" size="13430948" crc="076ff5a6" md5="1dc0bfa13b5b95116459d5f74160878a" sha1="83e77b36fb72e14d17f3dcf889ebd7e7d525b0ae" />
		<rom name="Sheriff (Gottlieb 1971)_Teisen_MOD Ext2k Conversion.vpx" size="243392512" crc="17165d8d" md5="e94dfa162008f3a733ea13f7ab0bf3c5" sha1="77e77b662e881f5946f7f8b657faf792cc745d2d" />
	</machine>
	<machine name="Skateboard (Inder)(1980)(JPSalas)(4.0.0)[VPX08][MOD VR Room v1.0.0 Ext2k]">
		<description>Skateboard (Inder)(1980)(JPSalas)(4.0.0)[VPX08][MOD VR Room v1.0.0 Ext2k]</description>
		<rom name="Skateboard (Inder 1980) v4 Ext2k Conversion.directb2s" size="7726283" crc="fde77e4b" md5="409183eb4cc16f5150f354b3ee1cc8c4" sha1="427d47195aeffbac6f35edca1a0e002077b72f6b" />
		<rom name="Skateboard (Inder 1980) v4 Ext2k Conversion.vpx" size="31412224" crc="a3c78f1a" md5="abab1efebfffc4849144d28f3dc9fbe8" sha1="d5c84e84ec7119d24991ca8a782af54efe60fb2a" />
	</machine>
	<machine name="Sky-Line (Gottlieb)(1965)(JPSalas, Halen)(1.0.1)[VPX08][MOD VR ROOM v1.0 Ext2k]">
		<description>Sky-Line (Gottlieb)(1965)(JPSalas, Halen)(1.0.1)[VPX08][MOD VR ROOM v1.0 Ext2k]</description>
		<rom name="Sky-line (Gottlieb 1965) JPSalas 1.0 Ext2k VR ROOM.directb2s" size="12029782" crc="9c982284" md5="e257af655469812ad03b5907cd845e81" sha1="c4243eaf51356eab745cfa525960042a524db954" />
		<rom name="Sky-line (Gottlieb 1965) JPSalas 1.0 Ext2k VR ROOM.vpx" size="97153024" crc="51603aa7" md5="a9f1428250de080e2a6b3182ef544581" sha1="888ee25d61e4aaf6736a12fa9451853189ed8c49" />
	</machine>
	<machine name="Skylab (Williams)(1974)(klodo81)(1.1)[VPX08][MOD VR ROOM v1.0.0 Ext2k]">
		<description>Skylab (Williams)(1974)(klodo81)(1.1)[VPX08][MOD VR ROOM v1.0.0 Ext2k]</description>
		<rom name="Skylab (Williams 1974)V1.1 Ext2k Conversion.directb2s" size="50133787" crc="431b2b58" md5="2b44c4d10ec49bc382b8edd7c6b72750" sha1="59db1586f6f23892eda9b9e68675eecb1ab62940" />
		<rom name="Skylab (Williams 1974)V1.1 Ext2k Conversion.vpx" size="214347776" crc="3cff294d" md5="e7884c0d2663d9edaa9f9cff5847bb5f" sha1="7faf7cb95f7cdbaa26542c4523599d01244e1d2c" />
	</machine>
	<machine name="Soul Reaver (Delta23)(1.2)[VPX08][MOD VR Room v1.2 michel757]">
		<description>Soul Reaver (Delta23)(1.2)[VPX08][MOD VR Room v1.2 michel757]</description>
		<rom name="Music/SR-REPLAY 1.mp3" size="16303940" crc="7a73d6ef" md5="69dc34c1640128bd2ffb787bf78991d7" sha1="34f3046cfdeaced06d844a2e590388d8fcb5840e" />
		<rom name="Music/SR-REPLAY 2.mp3" size="16351856" crc="9728c8b9" md5="d5e06df34d4636316e710ca74157a961" sha1="cd94b4be37c4d94037d84b82fd46f49b57a3026c" />
		<rom name="Music/SR-TRACK 1.mp3" size="11581321" crc="5c7daa1b" md5="af3f8908b4f448ea9eee76328b8ecbeb" sha1="9cd8aae14766af92557c21fa7bd3d57467c999c3" />
		<rom name="Music/SR-TRACK 2.mp3" size="12001893" crc="eebcec33" md5="5799558d99e622fde5fd5eadd5071ec7" sha1="6b3f085fcb30d161571cff453cfbd52e2b850028" />
		<rom name="Music/SR-TRACK 3.mp3" size="13052031" crc="5407cd9c" md5="de35d74de3e3ba07f8715e9e512aae17" sha1="99d04951d5781ff58d42d63c979577a787248f93" />
		<rom name="Music/SR-TRACK 4.mp3" size="14845443" crc="244ff5ac" md5="8fa3aba16b33ea69e7ab18e9a3759c80" sha1="e1134883bfb4703979ab1eb3f3dacce345751e2e" />
		<rom name="Music/SR-TRACK 5.mp3" size="9004122" crc="9dd2f488" md5="818d6e438255f781fa6d64646db7707e" sha1="5747ce6de7c839048f08a8d106c5c4de442b5bc8" />
		<rom name="Music/SR-TRACK 6.mp3" size="8002023" crc="e8c0f486" md5="5e4e5bb9f7843054da3fabef700c5e5e" sha1="3498efbc0e58787e1a38dc319f3abfa7c27a7f93" />
		<rom name="Music/SR-TRACK 7.mp3" size="6739788" crc="c25fdfce" md5="56c549f89a0e6fb53c796c48881fd1e5" sha1="19c719454f10647eed5eefc7cf93bba4527f4f7b" />
		<rom name="Music/SR-TRACK 8.mp3" size="6999968" crc="12a18906" md5="223e2bd7daeae1ee9aa6d1e6d2b7f62f" sha1="b4e2dabb55f45f9715425eb857536c14cedfafca" />
		<rom name="Music/SR-TRACK 9.mp3" size="10200498" crc="6e2ab333" md5="5b64f5afbad3626509c2c05143034894" sha1="22b7664e946d4b4a1c853a2694c5f41b944bf30d" />
		<rom name="Music/SR-TRACK 10.mp3" size="14801206" crc="a8be87ed" md5="10d275beaccc445b52bc6eb314a72b2f" sha1="d2de7679051fee0943c532457c340fed9467fffc" />
		<rom name="Music/SR-TRACK 11.mp3" size="11250800" crc="a7ef9570" md5="69e3b6837ae3614c0bfadd90b3c9df88" sha1="816bbfbabe96ed0528fa9d5e15fe8222a182dc38" />
		<rom name="Music/SR-TRACK 12.mp3" size="10200494" crc="526d5195" md5="b756d8ce96dbca840c1dd0c92ee79b30" sha1="1344bfab533f0219a3d4b4a0d165f2eb82ced219" />
		<rom name="Music/SR-TRACK 13.mp3" size="7800358" crc="1382ac7e" md5="d79a6fae0983101eb92b0c7e606b0cc5" sha1="8911c517f4622794c53e8e0b06bded0bb5975562" />
		<rom name="Music/SR-TRACK 14.mp3" size="8205780" crc="6d876ffd" md5="ffa00f9a9abae241572e9956a22cff46" sha1="be4ab076ed1f31dcd423107a8b5d1ded17f3ed41" />
		<rom name="Music/SR-TRACK 15.mp3" size="8204783" crc="52fa56ce" md5="3bceb6295486b9e174de98d079a15544" sha1="8971e5cb72c6e29cb60b7b72a9dfd41f56ad1c65" />
		<rom name="Music/SR-XBALL 1.mp3" size="16282820" crc="c106f038" md5="d6dbf4f82d8ba2d104fa5fd6217430e1" sha1="3629219f6ff3626590b63fab2e35a3db5b30eec8" />
		<rom name="Music/SR-XBALL 2.mp3" size="15527318" crc="f32f209b" md5="8abf6e706b0c851644886dea1ff9270e" sha1="ca83714914158e94a3a9e2fc8d479a8e7a9ff518" />
		<rom name="Music/SR-XBALL 3.mp3" size="11070965" crc="3d21d493" md5="3bed6af5f6cda70e4a9213b12278475b" sha1="60889e9377364dd85d52e5b7e73352f1292fcabe" />
		<rom name="Music/SR-XBALL 4.mp3" size="17495906" crc="09e7f953" md5="593b246ace01aadc5f73fbbc771c28d3" sha1="4473b67e56868801ead6574c43cecb1ac97893c6" />
		<rom name="Music/SR-XBALL 5.mp3" size="11148725" crc="117b5f17" md5="4a7a37bf23a4ee99917af84376136126" sha1="3d714ef65b8b2fe15a6ace00a653be7acb82f239" />
		<rom name="titan/titan1.bin" size="2048" crc="625f58fb" md5="813dafbe2a5ec65f68a1f1f2e03fe1c1" sha1="52f884faaa109243a0091882cef6e480ea5e4bcc" />
		<rom name="titan/titan2.bin" size="2048" crc="f2e5a7d0" md5="aabab8fdf8f44967cbf4b6c1314f7d61" sha1="e0c6a969765e433c448d54f2307767adda1254f9" />
		<rom name="titan/titan3.bin" size="2048" crc="e0827a82" md5="add57a841f09a2dfe361892ad8e06d25" sha1="7245bab117234c0286aad4a5f45bbb8cb843a3f0" />
		<rom name="titan/titan4.bin" size="2048" crc="fb3d0282" md5="c6ed091ca6535a6b08247d0b9cea859e" sha1="d0f47deab82bcf15e6129c0960c94493e78a1c51" />
		<rom name="titan/titan_s1.bin" size="2048" crc="36b5c196" md5="57536eda92731c8a6b5fbf51198a90cc" sha1="b3788ed5b53e4a8fe35e7be2b6b7b943e518f68c" />
		<rom name="titan/titan_s2.bin" size="2048" crc="3bd0e6ab" md5="1bd36ae5719988eb4cedc4d28f93b4c1" sha1="1a0b7ddde004020aaae5095071acc4b552ced1bf" />
		<rom name="VR ROOM Soul Reaver 1.2.vpx" size="251539456" crc="2fcd881d" md5="383a16c43040cc70664409a45693aa69" sha1="1539572c3725460a6c8b7f7b06641ebb14f25c2a" />
	</machine>
	<machine name="Speakeasy (Bally)(1982)(mistermixer, Bord)(1.0)[VPX08][2 players][MOD VR ROOM v1.0.0 DarthVito]">
		<description>Speakeasy (Bally)(1982)(mistermixer, Bord)(1.0)[VPX08][2 players][MOD VR ROOM v1.0.0 DarthVito]</description>
		<rom name="Speakeasy (Bally 1982)_VR ROOM_DarthVito_V1_.directb2s" size="1502508" crc="732eed2b" md5="437d9ab7e8ddb25b288b4e04627ceefb" sha1="93cdd0bb3d022cb2233d757eb2633f7179bdb797" />
		<rom name="Speakeasy (Bally 1982)_VR ROOM_DarthVito_V1_.vpx" size="278736896" crc="3433b979" md5="ec3715442ec61262f7d46649ee48e3e9" sha1="119f4f535a5f37e0a6613d4c455ff02f53df3d04" />
	</machine>
	<machine name="Star Wars Trilogy (SEGA)(1997)(JPSalas)[VPX08][MOD Gfx v1.6 Hanibal][MOD Gfx v1.1 Bigus][MOD Gfx v1.1 Siggi][MOD VR ROOM Minimal v1.1 DaRdog81]">
		<description>Star Wars Trilogy (SEGA)(1997)(JPSalas)[VPX08][MOD Gfx v1.6 Hanibal][MOD Gfx v1.1 Bigus][MOD Gfx v1.1 Siggi][MOD VR ROOM Minimal v1.1 DaRdog81]</description>
		<rom name="Star Wars Trilogy Siggis MOD1.1 (Stern, 1997) VR ROOM Minimal v1.1.vpx" size="59883520" crc="41aacdc0" md5="4b5e44cf642a7536bb8d601f553c8752" sha1="6fd6435049e5cbf53268a371c8f97661e1c0637f" />
	</machine>
	<machine name="Stardust (Williams)(1971)(JPSalas)(4.0.0)[VPX08][MOD VR Room v1.0.0 Ext2k]">
		<description>Stardust (Williams)(1971)(JPSalas)(4.0.0)[VPX08][MOD VR Room v1.0.0 Ext2k]</description>
		<rom name="Stardust (Williams 1971) JP v4.Ext2k VR ROOM.directb2s" size="7473284" crc="908f79d9" md5="0ba80dc63d04f252f3b7ea852315fda4" sha1="843a04b8eb88dba1c6a4f32597ae3c8676fb3ed6" />
		<rom name="Stardust (Williams 1971) JP v4.Ext2k VR ROOM.vpx" size="90603520" crc="6393ef6a" md5="9fde37aba91b160f956a458796a90213" sha1="5efeff41daa2cc47f255cd7ee3316119edda9f51" />
	</machine>
	<machine name="Stephen King's Children of the Corn (2019)(Ivantba)(1.0)[VPX08][MOD VR ROOM v1.2 michel757]">
		<description>Stephen King's Children of the Corn (2019)(Ivantba)(1.0)[VPX08][MOD VR ROOM v1.2 michel757]</description>
		<rom name="VR ROOM Children Of The Corn1.2 (TBA 2019).vpx" size="224968704" crc="2d069d90" md5="549cd7f614828a0d7fa75a58d4f5a597" sha1="53a3c9032d0ead0e592e9a856855ffbda13e7193" />
	</machine>
	<machine name="Super Star (Williams)(1972)(JPSalas)(4.3.0)[VPX08][MOD VR ROOM v1.0.0 Ext2k]">
		<description>Super Star (Williams)(1972)(JPSalas)(4.3.0)[VPX08][MOD VR ROOM v1.0.0 Ext2k]</description>
		<rom name="Super Star (Williams 1972) v4.3 Ext2k VR ROOM.directb2s" size="5274121" crc="db980907" md5="6590440873c36e7d42eb53810fa0ae73" sha1="676b16ac9cbcdf357b1f0cb6c6fb8d88363997b8" />
		<rom name="Super Star (Williams 1972) v4.3 Ext2k VR ROOM.vpx" size="90456064" crc="394f78e6" md5="907a65fa193e252f295776e5e33d6566" sha1="abfe598abee716a5fd8bb2dc582e5ce441bcdc5c" />
	</machine>
	<machine name="Tales of the Arabian Nights (Williams)(1996)(Flupper, Rothbauerw)(1.4)[VPX08][4K Edition][MOD VR ROOM v1.7 Psiomicron]">
		<description>Tales of the Arabian Nights (Williams)(1996)(Flupper, Rothbauerw)(1.4)[VPX08][4K Edition][MOD VR ROOM v1.7 Psiomicron]</description>
		<rom name="VR ROOM Tales of the Arabian Nights (Williams 1996) Minimal 4k 1.7.directb2s" size="205069502" crc="4e445013" md5="c325c975f3314ea45b2acfe412c0a435" sha1="3c36ba0e40c3010927fac5b161c98d6bb94bb482" />
		<rom name="VR ROOM Tales of the Arabian Nights (Williams 1996) Minimal 4k 1.7.vpx" size="124121088" crc="6460e38b" md5="1fc6e3ab03fb48a34e37326ac500056b" sha1="d19a683d7a1eec26bb0edec28223eb636773e29d" />
	</machine>
	<machine name="Target Alpha (Gottlieb)(1976)(Loserman76, GNance, Popotte)(1.0.0f)[VPX08][MOD Gfx v1.0 Teisen][MOD VR ROOM v1.1 DarthVito]">
		<description>Target Alpha (Gottlieb)(1976)(Loserman76, GNance, Popotte)(1.0.0f)[VPX08][MOD Gfx v1.0 Teisen][MOD VR ROOM v1.1 DarthVito]</description>
		<rom name="Target Alpha (Gottlieb 1976)_Teisen_MOD_VR ROOM_DarthVito_V1.1.directb2s" size="2058023" crc="d18d6b3d" md5="ec338d0d440bed3728185c7b3834d5fc" sha1="e7dafa4a8c75f8010d3cdf3520e00706ef2ab52b" />
		<rom name="Target Alpha (Gottlieb 1976)_Teisen_MOD_VR ROOM_DarthVito_V1.1.vpx" size="54325248" crc="e85f046b" md5="befd735a4b4fdd0bd95b4ff62f02865e" sha1="5707abe27cd8bbf988450150599fe5210e052afa" />
	</machine>
	<machine name="Touchdown (Williams)(1967)(Loserman76, Gnance)(1.0.0f)[VPX08][MOD Gfx v1.1 Teisen][MOD VR ROOM v1.1.0 DarthVito]">
		<description>Touchdown (Williams)(1967)(Loserman76, Gnance)(1.0.0f)[VPX08][MOD Gfx v1.1 Teisen][MOD VR ROOM v1.1.0 DarthVito]</description>
		<rom name="Touchdown (Williams 1967)_Teisen_MOD_VR ROOM_DarthVito_V1.1.directb2s" size="9123310" crc="8c735248" md5="0ebc45128de9e69420bad6e72d003f4a" sha1="65bee09435033ab8b95eb8ddfaaef3e976c43d05" />
		<rom name="Touchdown (Williams 1967)_Teisen_MOD_VR ROOM_DarthVito_V1.1.vpx" size="64331776" crc="a29182cc" md5="ab62ac47fbb576eb79249dc0a105ca4f" sha1="1fbab29bcd8f57222f0b22bb7a95a4314e7d7ce4" />
	</machine>
	<machine name="Truck Stop (Bally)(1988)(agentEighty6)(2.1.0)[VPX08][MOD VR Room v3.0.0 DarthVito]">
		<description>Truck Stop (Bally)(1988)(agentEighty6)(2.1.0)[VPX08][MOD VR Room v3.0.0 DarthVito]</description>
		<rom name="Truck Stop (Bally 1988) v2.1.0_VR ROOM_DarthVito_V3.directb2s" size="30648882" crc="68470b9e" md5="eafb877392c8458772d3283478dc3431" sha1="87bccd640bf65e9d08f4813ec732093eb5c81025" />
		<rom name="Truck Stop (Bally 1988) v2.1.0_VR ROOM_DarthVito_V3.vpx" size="167309312" crc="7794ff17" md5="f5d4a51b2557e51602271bcac4851ad5" sha1="53ec1b838918601b62c0fe81806d42632eab496f" />
	</machine>
	<machine name="Twilight Zone (Bally)(1993)(Ninuzzu, Tom Tower)(2.1)[VPX08][MOD Details v2.06 Skitso][MOD B&amp;W v3.0 SG1bsoN][MOD VR ROOM Minimal v1.0 DaRdog81]">
		<description>Twilight Zone (Bally)(1993)(Ninuzzu, Tom Tower)(2.1)[VPX08][MOD Details v2.06 Skitso][MOD B&amp;W v3.0 SG1bsoN][MOD VR ROOM Minimal v1.0 DaRdog81]</description>
		<rom name="Twilight Zone SG1bsoN Mod V3 (Bally, 1993) (VR ROOM) Minimal.vpx" size="147714048" crc="eac7bc62" md5="e6a9054abb0244b37b533203cdafc485" sha1="f77986388a0c0e5361887020044c9dd06e911e6f" />
	</machine>
	<machine name="Universe (Gottlieb)(1959)(JPSalas, Halen)(1.0.0)[VPX08][MOD VR ROOM v1.0.0 Ext2k]">
		<description>Universe (Gottlieb)(1959)(JPSalas, Halen)(1.0.0)[VPX08][MOD VR ROOM v1.0.0 Ext2k]</description>
		<rom name="Universe (Gottlieb 1959) JPSalas Ext2k VR ROOM.directb2s" size="23690143" crc="077d8be5" md5="e4c35adddc0e663824b9836cfee8082b" sha1="a6a3a4fb654218eeea6e3b1252cb8dea78e8ed34" />
		<rom name="Universe (Gottlieb 1959) JPSalas Ext2k VR ROOM.vpx" size="97386496" crc="9c693484" md5="ef8724f11e0415a21749517238466739" sha1="09c9ec32cef9a7c59a3adcb6dbafcffdc54fa818" />
	</machine>
	<machine name="Victory (Gottlieb)(1987)(Sindbad, Schlabber34)(2.0.2)[VPX08][MOD VR ROOM v1.0.0 DarthVito]">
		<description>Victory (Gottlieb)(1987)(Sindbad, Schlabber34)(2.0.2)[VPX08][MOD VR ROOM v1.0.0 DarthVito]</description>
		<rom name="Victory (Gottlieb 1987) 2.0.2_ VR ROOM_DarthVito_V1.vpx" size="141131776" crc="d6b99704" md5="59ec6203c9ed4ac52a37fd056e7f76fe" sha1="4babfac60681d11799cc8b2effc9fc3d4a008875" />
	</machine>
	<machine name="WaterWorld (Gottlieb)(1995)(Goldchicco, 32assassin, mfuegemann [VP9])(1.1)[VPX08][MOD Gfx v1.2 Aubrel][MOD VR ROOM v1.2 Michel757]">
		<description>WaterWorld (Gottlieb)(1995)(Goldchicco, 32assassin, mfuegemann [VP9])(1.1)[VPX08][MOD Gfx v1.2 Aubrel][MOD VR ROOM v1.2 Michel757]</description>
		<rom name="VR ROOM WaterWorld (Gottlieb 1995) 1.2.vpx" size="192917504" crc="4f7a0523" md5="4bd755b92c88cb2659fdae19b1b6f24e" sha1="3675ffd2b4da4b195bbdc92a3f2069713b52a962" />
	</machine>
	<machine name="Who Dunnit (Bally)(1995)(ninuzzu, DJRobX)(1.0)[VPX08][MOD Gfx, nFozzy physics, Fleep sounds v1.0 versins77][MOD VR Room v1.0 Gwyllion]">
		<description>Who Dunnit (Bally)(1995)(ninuzzu, DJRobX)(1.0)[VPX08][MOD Gfx, nFozzy physics, Fleep sounds v1.0 versins77][MOD VR Room v1.0 Gwyllion]</description>
		<rom name="VR ROOM Who Dunnit (Bally) versins77 MOD.vpx" size="250290176" crc="82ba2852" md5="f4a6886d5c481f9c59e9a4c50c2f264f" sha1="6c9f0cf4885401c02881a7c07b03f1b6f700b832" />
	</machine>
	<machine name="Wolf Man (Peyper)(1987)(GoldChicco, 32assassin)(2.0)[VPX08][MOD VR ROOM v1.0.0 DarthVito]">
		<description>Wolf Man (Peyper)(1987)(GoldChicco, 32assassin)(2.0)[VPX08][MOD VR ROOM v1.0.0 DarthVito]</description>
		<rom name="Wolf Man (Peyper 1987) 2.0_DarthVito_VR Room_V1.directb2s" size="16072536" crc="44e45f62" md5="b70906a2742463dcdc245bb7192fc73e" sha1="0fe937ba983d8267ff6b8f323d225045e958b463" />
		<rom name="Wolf Man (Peyper 1987) 2.0_DarthVito_VR Room_V1.vpx" size="256962560" crc="6f80122f" md5="981b83c56512802059f4c7dd1d1237c3" sha1="6c3bf710d346e1756cae91751e4089fc3958e533" />
	</machine>
	<machine name="World Challenge Soccer (Gottlieb)(1994)(fredobiwan)(2.0)[VPX08][MOD VR Room, Gfx v1.0 Dacstyle]">
		<description>World Challenge Soccer (Gottlieb)(1994)(fredobiwan)(2.0)[VPX08][MOD VR Room, Gfx v1.0 Dacstyle]</description>
		<rom name="World Challenge Soccer (Gottlieb 1994) DacstyleMOD VR.pov" size="3157" crc="438fd378" md5="4e03c0b61c23e03c3608de1091cb2769" sha1="d46a97ea1228280fcf30f52fc69b24a3801d5152" />
		<rom name="World Challenge Soccer (Gottlieb 1994) DacstyleMOD VR.vpx" size="53338112" crc="796ecc49" md5="d4eb6509ebb1a1404391b604852ac3f4" sha1="1655b18f4818036686c80ed9681754d0e59f132c" />
	</machine>
	<machine name="X's &amp; O's (Bally)(1984)(Goldchicco, 32assassin)(1.1)[VPX08][MOD VR ROOM v1.2 michel757]">
		<description>X's &amp; O's (Bally)(1984)(Goldchicco, 32assassin)(1.1)[VPX08][MOD VR ROOM v1.2 michel757]</description>
		<rom name="XS AND OS/Mr. Blue Sky.mp3" size="3420680" crc="f5c19362" md5="8be636d5cdf67b44b4d4142fb879928a" sha1="06d5367f1beade244c7630a2e15cc2569409bb05" />
		<rom name="VR ROOM Xs &amp; Os (Bally 1984) 1.2.vpx" size="258277376" crc="2d492c1d" md5="03bce8f7605697c91296e4de4e7c5ee9" sha1="89b336fa4d10a7293b520cf06e64580a9f1aa681" />
		<rom name="xsandosa.nv" size="302" crc="22feef6f" md5="081bb9323da29a14cf85a8525ad7d7b6" sha1="42a8e4fcf10d8337ed302ed8178f8c441d4259eb" />
	</machine>
</datafile>