<?xml version="1.0" encoding="utf-8"?>
<!DOCTYPE datafile PUBLIC "-//Logiqx//DTD ROM Management Datafile//EN" "http://www.logiqx.com/Dats/datafile.dtd">
<datafile>
	<header>
		<name>Visual Pinball [VP92x] Original Tables [WideScreen]</name>
		<description>Visual Pinball [VP92x] Original Tables [WideScreen] (2024-01-27)</description>
		<version></version>
		<date>2024-01-27</date>
		<author></author>
	</header>
	<machine name="Mars Attacks (2010)(Bob5453, Furio)(1.0)[VP921][WideScreen]">
		<description>Mars Attacks (2010)(Bob5453, Furio)(1.0)[VP921][WideScreen]</description>
		<rom name="Mars Attacks 2010 WS 9,21.vpt" size="16474112" crc="83cc7672" md5="ab88b3bf9a4d3c848fc3614677edd064" sha1="524ed2efad99cfe1e8cb6bd7764103b3b1e43b66" />
		<rom name="screenshot.jpg" size="191474" crc="624ce14f" md5="0397eb7e772ee7c0d7554f79a91161c0" sha1="f77fd6171f407fa97dae804cd22c35bb680a072b" />
	</machine>
	<machine name="Supergirl (2010)(Bob5453, Furio)(1.0)[VP921][WideScreen]">
		<description>Supergirl (2010)(Bob5453, Furio)(1.0)[VP921][WideScreen]</description>
		<rom name="Supergirl 2010_WS.vpt" size="7000064" crc="9ec695bd" md5="35692062fe98f646b5783299e1d4ddd6" sha1="03a7bcc832b3821819dac5c062f3cd51ee3c0076" />
		<rom name="Supergirl screenshot.jpg" size="188851" crc="fe9919ab" md5="dcc606c7babd559564db76c4c07ec8ba" sha1="db867bc85912ce55f37eb3bdd3c778c0b6238254" />
	</machine>
</datafile>