<?xml version="1.0" encoding="utf-8"?>
<!DOCTYPE datafile PUBLIC "-//Logiqx//DTD ROM Management Datafile//EN" "http://www.logiqx.com/Dats/datafile.dtd">
<datafile>
	<header>
		<name>Visual Pinball [VP9] Recreated Tables [MODs, HACKs]</name>
		<description>Visual Pinball [VP9] Recreated Tables [MODs, HACKs] (2024-01-27)</description>
		<version></version>
		<date>2024-01-27</date>
		<author></author>
	</header>
	<machine name="King Tut (Bally)(1969)(Ash (VP8))[VP9][MOD Gfx v1.0.3 Kruge99]">
		<description>King Tut (Bally)(1969)(Ash (VP8))[VP9][MOD Gfx v1.0.3 Kruge99]</description>
		<rom name="King-Tut-(Bally 1969)-MOD-by-Kruge99-1.0.3.vpt" size="13480960" crc="6a08ea5c" md5="7572daf7d2f4af6d2334be64a821b139" sha1="cedbe4ac6ee5acb3b48bc6c7d2ff75cea0c74498" />
		<rom name="screenshot.jpg" size="353202" crc="a17ebca4" md5="68541578c5ee14b3b74428d1ba87e6b7" sha1="425d2950eb2ec1c09c0581a7ae455d066f5fb35f" />
	</machine>
</datafile>