<?xml version="1.0" encoding="utf-8"?>
<!DOCTYPE datafile PUBLIC "-//Logiqx//DTD ROM Management Datafile//EN" "http://www.logiqx.com/Dats/datafile.dtd">
<datafile>
	<header>
		<name>Visual Pinball [VP9] Recreated Tables [FullScreen spanned]</name>
		<description>Visual Pinball [VP9] Recreated Tables [FullScreen spanned] (2024-01-27)</description>
		<version></version>
		<date>2024-01-27</date>
		<author></author>
	</header>
	<machine name="Bell Ringer (Gottlieb)(1990)(TAB, destruk)(1.0)[VP9][FullScreen Spanned destruk]">
		<description>Bell Ringer (Gottlieb)(1990)(TAB, destruk)(1.0)[VP9][FullScreen Spanned destruk]</description>
		<rom name="16-9 Bell Ringer.vpt" size="4451328" crc="d244c169" md5="74c8874624ff75af0d486974fc46662a" sha1="91859ac2e3fd65211800962ce47c9a9c92479d94" />
		<rom name="screenshot.jpg" size="1343613" crc="8a6284b7" md5="ffed975be9999e65882af700fabb5a98" sha1="5610e833e7b37a9e5b4252dcf71bf2fdd22b3f0c" />
	</machine>
</datafile>