<?xml version="1.0" encoding="utf-8"?>
<!DOCTYPE datafile PUBLIC "-//Logiqx//DTD ROM Management Datafile//EN" "http://www.logiqx.com/Dats/datafile.dtd">
<datafile>
	<header>
		<name>Visual Pinball [VP9] PinMame Tables [MODs, HACKs]</name>
		<description>Visual Pinball [VP9] PinMame Tables [MODs, HACKs] (2024-01-27)</description>
		<version></version>
		<date>2024-01-27</date>
		<author></author>
	</header>
	<machine name="301 - Bulls Eye (Grand Products)(1986)(Eala Dubh Sidhe, TAB, Gaston)(1.10)[VP902][MOD v1.1 rob046]">
		<description>301 - Bulls Eye (Grand Products)(1986)(Eala Dubh Sidhe, TAB, Gaston)(1.10)[VP902][MOD v1.1 rob046]</description>
		<rom name="301 Bullseye VP9 1.1 MOD.vpt" size="3203072" crc="029e08e7" md5="9bb46350a968ee1e69669e02f15cf8dd" sha1="c8bf6cfb0c16be4b7230963573becb6e4bf1c691" />
		<rom name="bullseye.nv" size="302" crc="a0fb32c0" md5="f810ea4b80955310c473ee90e99d8c7c" sha1="6f68ded2d0e82b544cce0bdc94702b039ec9dd84" />
		<rom name="read me.txt" size="237" crc="533a0bf7" md5="fcaa2f801fc8cd302854f25554d733f3" sha1="75145344711db5909b3b38a197c6b1be19ff106c" />
		<rom name="screenshot.jpg" size="267265" crc="d90b405b" md5="0ce119cd6c4520f0db67998604359d47" sha1="798d01816887a03832bc3813da489dda77acc854" />
	</machine>
	<machine name="Amazing Spider-Man, The (Gottlieb)(1980)(Bob5453)(1.0)[VP9][MOD 6Digit EM Reel ta2686]">
		<description>Amazing Spider-Man, The (Gottlieb)(1980)(Bob5453)(1.0)[VP9][MOD 6Digit EM Reel ta2686]</description>
		<rom name="Amazing_Spiderman_The_2009_vp9_6Digit_MOD.vpt" size="10254848" crc="446a474a" md5="3c1c53b7f333347d7c840d4a3850c562" sha1="7df778c60923003302226f814b837453778cb286" />
		<rom name="screenshot.jpg" size="213595" crc="bed035bc" md5="9f0d41a0bc7f7b1b8cfdbbaf2365a082" sha1="902bd2353c00122f44deebeba4dd6f16c7fa0171" />
		<rom name="The_Amazing_Spiderman_-_Backglass_-_Final.png" size="1695711" crc="8e278184" md5="b26a94829ef189a47095e99dc99a968f" sha1="91db7e13285492672e1d50d1889050b9a005572d" />
	</machine>
	<machine name="Amazon Hunt (Gottlieb)(1983)(Destruk, Luvthatapex)(1.3)[VP9][MOD Gfx v1.01 rob046]">
		<description>Amazon Hunt (Gottlieb)(1983)(Destruk, Luvthatapex)(1.3)[VP9][MOD Gfx v1.01 rob046]</description>
		<rom name="Amazon Hunt Rules.txt" size="566" crc="4344b2ca" md5="81e771d3bcaf4017266f8b692fe263f2" sha1="edde6b6965f56cdbb196cd61b7ad516819df235d" />
		<rom name="Amazon_Hunt_Instruction_Card.jpg" size="108936" crc="c274e29a" md5="07e73a5f0486ce191fdf0ad366c3f9a9" sha1="8ad7d3d25ad70f221acbb9ab75d57bf1cf745c26" />
		<rom name="Amazon_Hunt_VP9_rob046_destruk.vpt" size="7967232" crc="93f1996b" md5="6f1a03853349c1054e64020bbf02cd48" sha1="a655f0c9c3bea5110780fd58d4bc071231bbf6aa" />
		<rom name="amazonh.nv" size="302" crc="ba1050c7" md5="8bb6c171e7956a3b48b72c33b60952aa" sha1="0c60133681b6e25d85908be6c20bb71971ab10c8" />
		<rom name="Screenshot_800x.jpg" size="251006" crc="adb187e3" md5="0113101b5558552c4c67ab713956584e" sha1="bb40afdfb164f5d7306006afc080b0863ee81a05" />
	</machine>
	<machine name="Attack from Mars (Bally)(1995)(Fuseball, BubleHEAD, PD, Jive, PK, Destruk, Steely)[VP902][Mod PinballKen 5.0 Reloaded]">
		<description>Attack from Mars (Bally)(1995)(Fuseball, BubleHEAD, PD, Jive, PK, Destruk, Steely)[VP902][Mod PinballKen 5.0 Reloaded]</description>
		<rom name="AFM table.txt" size="1285" crc="3cf7ae88" md5="e491828aaf95af0702618486c1957e8f" sha1="c61f097e7ebfd9bf591cf01978c74aff50c12eac" />
		<rom name="Attack From Mars 5.0Mod (tb9)[U].vpt" size="9618432" crc="adae5cbe" md5="10df1044930005e82bc0edda797035f9" sha1="5f73b881eb743d40f4004e3db28249536440710a" />
		<rom name="B2Bcollision.vbs" size="16043" crc="2cf4164d" md5="9e3efe311dfe82fe5f057a07e912e699" sha1="f1ca7154b59dda07c9081337e4e2ef7671ff6013" />
		<rom name="screenshot.jpg" size="161188" crc="051100c8" md5="d0c70d565cd7b42fb2d7e63f41167996" sha1="41fec83e5bf092886aed0bce2bd8b6ad1b1a839d" />
	</machine>
	<machine name="Buck Rogers (Gottlieb)(1980)(Luvthatapex)(1.0)[VP9][FullScreen MOD vidmouse v1.0]">
		<description>Buck Rogers (Gottlieb)(1980)(Luvthatapex)(1.0)[VP9][FullScreen MOD vidmouse v1.0]</description>
		<rom name="Buck Rogers (Gottlieb)(1980)(Luvthatapex)(1.0)[VP9][FullScreen MOD vidmouse v1.0].vpt" size="12109824" crc="70ff9dd1" md5="9f542e4b506cee8090f4237a5d3a29ab" sha1="bd039440a0492ed22777a508079c34a8b7ecc9d5" />
		<rom name="Buck Rogers screenshot.jpg" size="110920" crc="d1b791ba" md5="5045f949dedbdd327e30345ad7e0c9e4" sha1="e6596cb7ce5ecd7988dd67f4295da0c5dc2f6c6a" />
	</machine>
	<machine name="Cactus Canyon (Bally)(1998)(Lord Hiryu)(1.0)[VP9][FullScreen HIGH NOON MOD MRCMRC v1.0.1]">
		<description>Cactus Canyon (Bally)(1998)(Lord Hiryu)(1.0)[VP9][FullScreen HIGH NOON MOD MRCMRC v1.0.1]</description>
		<rom name="Cactus Canyon (Bally)(1998)(Lord Hiryu)(1.0)[VP9][FullScreen HIGH NOON MOD MRCMRC v1.0.1].vpt" size="19132416" crc="3477a606" md5="bd292b7017f1397b882ea48a953aa58d" sha1="a5613112adbbd991ef9470af30b2b96ea4deb026" />
		<rom name="Cactus Canyon (MRCMRC) screenshot.jpg" size="489197" crc="a6e534f1" md5="890e462566ff453f81bbd11d0c4c9f59" sha1="d5c4c6082a9ac0765e87083b95ebaecf04dc519e" />
	</machine>
	<machine name="Cactus Canyon (Bally)(1998)(PacDude)(1.2)[VP9][MOD Gfx v1.1 SunWizard]">
		<description>Cactus Canyon (Bally)(1998)(PacDude)(1.2)[VP9][MOD Gfx v1.1 SunWizard]</description>
		<rom name="CactusCanyon_1-1_Sun9.vpt" size="5085184" crc="1ab46d54" md5="76bddd71c52cbde7ce52546b7d5f7ee9" sha1="2dbf7f05c4b3bcebccc1c440fd76d1198ff82b39" />
		<rom name="screenshot.jpg" size="241568" crc="1faa1adc" md5="3b37eae807462bc95e7e0b3be2c01d64" sha1="3d0a8380b28eea70f97fd2518ace8be87354ff1d" />
	</machine>
	<machine name="Cirqus Voltair (Bally)(1997)(PacDude, wpcmame, Fuseball)(2.5)[VP909][MOD Gfx v1.0 PinballKen]">
		<description>Cirqus Voltair (Bally)(1997)(PacDude, wpcmame, Fuseball)(2.5)[VP909][MOD Gfx v1.0 PinballKen]</description>
		<rom name="Cirqus Voltaire 2.5.vbs" size="62787" crc="e6041e5f" md5="33bcb374053afe5cacffc79b43aa765f" sha1="daae618bef093361e97f68f9ee38a78d40e7ac7a" />
		<rom name="Cirqus Voltaire 2.5Mod (tb9)[U].jpg" size="195359" crc="7f457e21" md5="d12347888fa25580697a7b188971e3ab" sha1="5f180fb3468cafd746ddd03544ed8622daa6d1a8" />
		<rom name="Cirqus Voltaire 2.5Mod (tb9)[U].vpt" size="7456768" crc="02178557" md5="92dfa5ce0b974e8c0d02169df496cdc1" sha1="8d8ab98ea1d3e9052106a8deab2d374b52b2c10e" />
		<rom name="cv_revhistory.txt" size="17729" crc="ee200bc3" md5="5dc8c1e7b9d0e3bf7ff1e095d7e36805" sha1="cb60df33e35903d7520bec70750ac3e9a8484180" />
		<rom name="screenshot.jpg" size="195359" crc="7f457e21" md5="d12347888fa25580697a7b188971e3ab" sha1="5f180fb3468cafd746ddd03544ed8622daa6d1a8" />
	</machine>
	<machine name="Creature from the Black Lagoon (Bally)(1992)(unclewilly)(1.1)[VP9][FS unclewilly][MOD Alpha v1.2 MRCMRC]">
		<description>Creature from the Black Lagoon (Bally)(1992)(unclewilly)(1.1)[VP9][FS unclewilly][MOD Alpha v1.2 MRCMRC]</description>
		<rom name="UVP Creature from the Black Lagoon (Iceman5000, Flying Dutchman)(1.0)/Creature From The Black Lagoon (Bally 1992).png" size="1769338" crc="d22f803d" md5="59dc3fcb2b6d186128ddf75c200f6779" sha1="c977f8bd9661b28dcc1278556f411dfc0728eede" />
		<rom name="UVP Creature from the Black Lagoon (Iceman5000, Flying Dutchman)(1.0)/UVP Creature From The Black Lagoon.png" size="2048368" crc="9286c5e6" md5="e6d37fa36127bbabb46e05df81a21458" sha1="6a25eebbbc5bb652a62193aabc16d26d2f49e687" />
		<rom name="UVP Creature from the Black Lagoon (Iceman5000, Flying Dutchman)(1.0)/UVP Creature From the Black Lagoon.uvp" size="23552" crc="ead4d9f8" md5="c3f607ab6280a3b924bde3ff5204bb95" sha1="b0670d75d79af5200b46d009b82b33fedcd17cb9" />
		<rom name="UVP Creature from the Black Lagoon FS (Iceman5000, Flying Dutchman)(1.0)/UVP Creature from the Black Lagoon - FS.png" size="1232905" crc="06456216" md5="2614f17c3e4ebeadfddc2ff9b60fd025" sha1="a188be4fd4080638ff52c86c5c905c1e436e3761" />
		<rom name="UVP Creature from the Black Lagoon FS (Iceman5000, Flying Dutchman)(1.0)/UVP Creature from the Black Lagoon - FS.uvp" size="23552" crc="ead4d9f8" md5="c3f607ab6280a3b924bde3ff5204bb95" sha1="b0670d75d79af5200b46d009b82b33fedcd17cb9" />
		<rom name="Creature from the Black Lagoon (FS) - 1.2.AlphaMod. VP9 - Unclewilly.vpt" size="31969280" crc="06f5eb80" md5="e5da0d77889ac5574b7ac7d42ef774d5" sha1="00de71006d0b1f350452f2f1359dbf0d0df61821" />
		<rom name="screenshot.jpg" size="834671" crc="37b21770" md5="ba3649d5f2a24d871816b2527cffcd11" sha1="de22d82061e43554aaeee885438c6df3bb80fa57" />
	</machine>
	<machine name="Dale Jr (Stern)(2007)(Destruk)(1.0)[VP9][FullScreen MOD pakitt1 v1.0]">
		<description>Dale Jr (Stern)(2007)(Destruk)(1.0)[VP9][FullScreen MOD pakitt1 v1.0]</description>
		<rom name="Dale Jr. (Stern)(2007)(Destruk)(1.0)[VP9][FullScreen MOD pakitt1 v1.0].vpt" size="4617728" crc="a5e12c11" md5="0715bded3e00f09a2437dad50f2d7bd1" sha1="05a6be57f9b49843731f0d5cfb77b2ef81af0768" />
		<rom name="Dale Jr. screenshot.jpg" size="732560" crc="0040706d" md5="75e705b90bcc3bcb7276879616bfe6c3" sha1="f6580491c54a787db92a89bd249efe5d85483dd3" />
	</machine>
	<machine name="Diner (Williams)(1990)(Joep, PacDude)(2.9P)[VP9][FullScreen MOD pakitt1 v1.0]">
		<description>Diner (Williams)(1990)(Joep, PacDude)(2.9P)[VP9][FullScreen MOD pakitt1 v1.0]</description>
		<rom name="UVP Diner (Flying Dutchman)(1.0)/UVP Diner.png" size="1748484" crc="cdcd0af7" md5="aac14a86208f08f54b1a8ca577f2b09c" sha1="8abe10253864fa486d451fd25fe4cda9abb5d2bb" />
		<rom name="UVP Diner (Flying Dutchman)(1.0)/UVP Diner.uvp" size="16896" crc="9808a727" md5="0db58162231b6711fb8e7476da8db763" sha1="c65d8af164c3f78c569abcb07e0ad119cdfadf73" />
		<rom name="Diner screenshot.jpg" size="852195" crc="84647018" md5="4e622bae842216790002b9a7124579c7" sha1="5949293eef197e53d19d427e6d95aebbffa71c3e" />
		<rom name="Diner_2.9FS.vpt" size="2850816" crc="e831ba63" md5="21174aa9847103cbe65d42bcc2ec8081" sha1="ae5108093dd3c1bf53affee6eba88a3534b8213c" />
	</machine>
	<machine name="Dirty Harry (Williams)(1995)(PacDude)(1.0)[VP9][FullScreen MOD v1.0 el_timbo]">
		<description>Dirty Harry (Williams)(1995)(PacDude)(1.0)[VP9][FullScreen MOD v1.0 el_timbo]</description>
		<rom name="UVP Dirty Harry (Kruge99, Flying Dutchman)(1.0)/UVP Dirty Harry.png" size="1646178" crc="0c290de4" md5="3868867c4749496135b8368b1d038b48" sha1="3371acbb4b4994f71d151df164d09024ab187d5b" />
		<rom name="UVP Dirty Harry (Kruge99, Flying Dutchman)(1.0)/UVP Dirty Harry.uvp" size="20992" crc="0dc76040" md5="cc3582710b029cb03976caaf4ce3630d" sha1="9317c0865097da1d106d49eb5938c5e054d893d4" />
		<rom name="UVP Dirty Harry FS (Iceman5000, Flying Dutchman)(1.0)/UVP Dirty Harry - FS.png" size="1334156" crc="f04f2167" md5="2d7fa72dc2fc8930066db6f396e9870c" sha1="7529393a6efaed7e3d6dd29d185d018f1246b57d" />
		<rom name="UVP Dirty Harry FS (Iceman5000, Flying Dutchman)(1.0)/UVP Dirty Harry - FS.uvp" size="2560" crc="ab4753c6" md5="612533e380859817f3f8cb0c2e97a20e" sha1="3297fa632618a080c2273966f310d795e46397fb" />
		<rom name="DirtyHarry-el_timbo86FS.vpt" size="15431168" crc="17971fe6" md5="7f7c43903808f92f5508d61fc8ea10b4" sha1="aa4ddaf24e5fe88a53655af0d0ad7ddaba3eb682" />
		<rom name="screenshot.jpg" size="231903" crc="465aee7d" md5="0cabaef421469d6624e9b9ccfca7b4fa" sha1="54f64c4c2f03277d3de583c4d48c17555102d4fa" />
	</machine>
	<machine name="Dr. Dude (Williams)(1990)(bmiki75, Rascal (optimization))(1.3)[VP9][FullScreen HIRES NIGHT MOD bimi75 v1.01]">
		<description>Dr. Dude (Williams)(1990)(bmiki75, Rascal (optimization))(1.3)[VP9][FullScreen HIRES NIGHT MOD bimi75 v1.01]</description>
		<rom name="Dr. Dude (HIRES) screenshot.jpg" size="563338" crc="1986ed76" md5="7e53f342f7e0dbe0186bf877d222f44d" sha1="dc2bb7f652b73c5c034f7ad8affcbc845fa92837" />
		<rom name="Dr. Dude (LORES) screenshot.jpg" size="563338" crc="1986ed76" md5="7e53f342f7e0dbe0186bf877d222f44d" sha1="dc2bb7f652b73c5c034f7ad8affcbc845fa92837" />
		<rom name="Dr. Dude (Williams)(1990)(bmiki75)(1.3)[VP9][FullScreen LORES NIGHT MOD bmiki75 v1.0].vpt" size="48047616" crc="25891669" md5="78357d1792033b5074da6e9acfec4b61" sha1="c929abf04ae161f20f7a615400c0638c94b9aef5" />
		<rom name="Dr. Dude (Williams)(1990)(bmiki75, Rascal (optimization))(1.3)[VP9][FullScreen HIRES NIGHT MOD bimi75 v1.01].vpt" size="31743488" crc="227bd25b" md5="96534c3c6c66491eeaa88ae5fc2110b4" sha1="f0e667681711a91e83788902ce776896475eb576" />
	</machine>
	<machine name="Elvira and the Party Monsters (Bally)(1989)(JPSalas)[VP9][MOD Night Mode DT WS v1.01 StevOz]">
		<description>Elvira and the Party Monsters (Bally)(1989)(JPSalas)[VP9][MOD Night Mode DT WS v1.01 StevOz]</description>
		<rom name="open-sans/Apache License.txt" size="11323" crc="17bfa5d5" md5="0cc1a9e33dd7a6eb0b79927742cf005c" sha1="26add7f7fb98fea4f180937290743d1b7ca03ea5" />
		<rom name="open-sans/OpenSans-Bold.ttf" size="224592" crc="34ec1b7f" md5="50145685042b4df07a1fd19957275b81" sha1="c1691e8168b2596af8a00162bac60dbe605e9e36" />
		<rom name="open-sans/OpenSans-BoldItalic.ttf" size="213292" crc="a505d5b5" md5="78b08a68d05d5fabb0b8effd51bf6ade" sha1="cea7b25e625f8f42d09c3034aad8afd826e9941a" />
		<rom name="open-sans/OpenSans-ExtraBold.ttf" size="222584" crc="e2859766" md5="8bac22ed4fd7c8a30536be18e2984f84" sha1="97d0bd44f1731a9d97fc29e2b2208835575b60b9" />
		<rom name="open-sans/OpenSans-ExtraBoldItalic.ttf" size="213420" crc="5ceac3dc" md5="73d6bb0d4f596a91992e6be32e82e3bc" sha1="1d865d0a3e05f13ce91e3727e0cb97fdc1c4ca42" />
		<rom name="open-sans/OpenSans-Italic.ttf" size="212896" crc="3af78f5c" md5="c7dcce084c445260a266f92db56f5517" sha1="f1692eac564e95023e4da341a1b89baae7a65155" />
		<rom name="open-sans/OpenSans-Light.ttf" size="222412" crc="c32525fd" md5="1bf71be111189e76987a4bb9b3115cb7" sha1="40442c189568184b6e6c27a25d69f14d91b65039" />
		<rom name="open-sans/OpenSans-LightItalic.ttf" size="213128" crc="da0ae2eb" md5="6943fb6fd4200f3d073469325c6acdc9" sha1="73c4730894c67900e0b7bd7a491c717d4a236b30" />
		<rom name="open-sans/OpenSans-Regular.ttf" size="217360" crc="017b9ebd" md5="629a55a7e793da068dc580d184cc0e31" sha1="3564ed0b5363df5cf277c16e0c6bedc5a682217f" />
		<rom name="open-sans/OpenSans-Semibold.ttf" size="221328" crc="72541b78" md5="33f225b8f5f7d6b34a0926f58f96c1e9" sha1="f1ee7a9c6d13ee2d642a806c09e737275e613792" />
		<rom name="open-sans/OpenSans-SemiboldItalic.ttf" size="212820" crc="4e76e2c9" md5="73f7301a9cd7a086295401eefe0c998f" sha1="f577ce4322c761a10d093f11f077a48602d2c076" />
		<rom name="eatpmss3.jpg" size="486368" crc="291794aa" md5="ad78f543b1aa64111ea47dac35908b00" sha1="cd3fcdf51e60aeab411ae99e1836d3a0dba54c5a" />
		<rom name="Elvira_and_the_Party_Monsters_NM_DT.vpt" size="40431616" crc="369195de" md5="0773ba1aaabe9b0ee389119545f5f835" sha1="8e31d8842aa7f7c417a37dd31e22febd6da902d2" />
	</machine>
	<machine name="Elvis (Stern)(2004)(JPSalas, moogster66)(1.1 mod)[VP9][FullScreen moogster66]">
		<description>Elvis (Stern)(2004)(JPSalas, moogster66)(1.1 mod)[VP9][FullScreen moogster66]</description>
		<rom name="Elvis (Stern)(2004)(JPSalas, moogster66)(1.1 mod)[VP9][FullScreen moogster66].vpt" size="7969280" crc="74fd6c23" md5="232a70fe066605e2b609087fd581c736" sha1="66b38c8cd0b0fec0b02fb68b9754bfa9cd2fd25c" />
		<rom name="Elvis screenshot.jpg" size="1071045" crc="88cd4407" md5="e439c12360500809ad6eea23a285ff2c" sha1="093767fc2386a82c1275f3dbe99ce8b446019026" />
	</machine>
	<machine name="F-14 Tomcat (Williams)(1987)(JPSalas)(1.0)[VP9][FullScreen MOD IceMan5000 5.01]">
		<description>F-14 Tomcat (Williams)(1987)(JPSalas)(1.0)[VP9][FullScreen MOD IceMan5000 5.01]</description>
		<rom name="F-14 Tomcat (Williams)(1987)(JPSalas)(1.0)[VP9][FullScreen MOD IceMan5000 5.01].vpt" size="3771904" crc="48d5d264" md5="f2281b865e7f1e3af054d18d93ee85f6" sha1="68714fa5753189d2422dc179f2a0658193424a5f" />
		<rom name="F-14 Tomcat screenshot.png" size="1611199" crc="6c33ccd8" md5="c5c558dfe8c56a48835d1e1b808dc504" sha1="09b81a95d37fc589707e84e2216362dee4ef691d" />
	</machine>
	<machine name="Flintstones, The (Williams)(1994)(JPGPins)(2.1)[VP9][FullScreen FINAL Night MOD unclewilly, kingb33, JimWeinstein v1.0]">
		<description>Flintstones, The (Williams)(1994)(JPGPins)(2.1)[VP9][FullScreen FINAL Night MOD unclewilly, kingb33, JimWeinstein v1.0]</description>
		<rom name="Flintstones, The (unclewilly, kingb33) screenshot.jpg" size="1420080" crc="bd8490e2" md5="3c9ee8a3f0e5631c273affd39b104f8b" sha1="2d29f570747f51cf201484856d7d36e376ba4113" />
		<rom name="Flintstones, The (unclewilly, kingb33, JimWeinstein) screenshot.jpg" size="218848" crc="8232c219" md5="1a5f88e068d5671bc31c27b4bd227255" sha1="9524b42bd2a0b1700b744b7fa60a42d982b3e72e" />
		<rom name="Flintstones, The (Williams)(1994)(JPGPins)(2.1)[VP9][FullScreen FINAL Night MOD unclewilly, kingb33, JimWeinstein v1.0].vpt" size="20897792" crc="0d0c3f72" md5="75b35f268f803bcdddb9a86e1f99324d" sha1="24b5ff99c3a4f0c869a4137323c8cc3b611da1b1" />
		<rom name="Flintstones, The (Williams)(1994)(JPGPins)(2.1)[VP9][FullScreen FINAL Night MOD unclewilly, kingb33].vpt" size="20892672" crc="3566baab" md5="7c74e32eac8be22be4f3f66a72711cfe" sha1="7009b82e8de229c20f32f6e1b20541f4e4315ba5" />
	</machine>
	<machine name="Frankenstein (SEGA)(1995)(Destruk)(1.0)[VP9][FullScreen MOD pakitt1 v1.0]">
		<description>Frankenstein (SEGA)(1995)(Destruk)(1.0)[VP9][FullScreen MOD pakitt1 v1.0]</description>
		<rom name="Frankenstein (SEGA)(1995)(Destruk)(1.0)[VP9][FullScreen MOD pakitt1 v1.0].vpt" size="6090240" crc="690a146f" md5="f02f3e8c5ebe749738f6cfbcb7854b05" sha1="fe9a2cb52ca2b3d3e95767e74ed3909ecde575ce" />
		<rom name="Frankenstein screenshot.jpg" size="702212" crc="9b468380" md5="f335174161cda0e70aa82cb852ae00e0" sha1="0938d0c07cb67ca18398d081bf30b67ce1913213" />
	</machine>
	<machine name="Grand Lizard (Williams)(1986)(JPSalas)(1.0)[VP9][FullScreen Iceman5000][FullScreen GI NIGHT MOD mistermixer v1.0.2]">
		<description>Grand Lizard (Williams)(1986)(JPSalas)(1.0)[VP9][FullScreen Iceman5000][FullScreen GI NIGHT MOD mistermixer v1.0.2]</description>
		<rom name="Grand Lizard (Williams)(1986)(JPSalas)(1.0)[VP9][FullScreen Iceman5000][FullScreen GI NIGHT MOD mistermixer v1.0.2].vpt" size="6205440" crc="7eb595e0" md5="a045781bf698ef8789369a6c261ce90c" sha1="f49e90bec67c5d3c3c27bc19cb0b93167e688b84" />
		<rom name="Grand Lizard screenshot.png" size="2928326" crc="586b7e0c" md5="dc5cf45e5beb86aad4c27dafb004ed44" sha1="5cbafa215adce43f73e0b8a1018a35ae0566cf9f" />
	</machine>
	<machine name="Grand Prix (Stern)(2005)(Destruk)(2.2)[VP9][FullScreen MOD pakitt1 v1.0]">
		<description>Grand Prix (Stern)(2005)(Destruk)(2.2)[VP9][FullScreen MOD pakitt1 v1.0]</description>
		<rom name="Grand Prix (Stern)(2005)(Destruk)(2.2)[VP9][FullScreen MOD pakitt1 v1.0].vpt" size="5145088" crc="986848f7" md5="a7311c7170647844e0d76cb7d2cf5565" sha1="71f99d6c3ee253747f25c5f28661ca5bdf2a7134" />
		<rom name="Grand Prix screenshot.jpg" size="757541" crc="486ead6a" md5="3eefbed1473a6f32919fb65c19c42da6" sha1="60c86c27fe79b262d89ca95e98f4c745a10fc9be" />
	</machine>
	<machine name="Indiana Jones - The Pinball Adventure (Williams)(1993)(Destruk)[VP9][MOD BackGlass v1.2 Nealtron]">
		<description>Indiana Jones - The Pinball Adventure (Williams)(1993)(Destruk)[VP9][MOD BackGlass v1.2 Nealtron]</description>
		<rom name="screenshot.jpg" size="380861" crc="6b4893b3" md5="37914913279c3e41a3b48e8fd0aeac49" sha1="285dbc364e1f9d170828a865e810ab4674d2cc0f" />
		<rom name="VP9 Indiana Jones (Mod 1.2).vpt" size="9888768" crc="a1f5ca20" md5="783a1db09a5a7c0d1e5b3aaeddf97566" sha1="d4078c70bc7007a8904793cd6d3208b09d7e99e6" />
	</machine>
	<machine name="Indiana Jones - The Pinball Adventure (Williams)(1993)(Destruk)[VP9][MOD Lite Edition v1.0 TheMcD]">
		<description>Indiana Jones - The Pinball Adventure (Williams)(1993)(Destruk)[VP9][MOD Lite Edition v1.0 TheMcD]</description>
		<rom name="Indiana Jones 43 - Lite Edition.vpt" size="9043968" crc="0f66c875" md5="b76c94c4952d6ee6760cdf8b789b6b92" sha1="1ebcbaed719eca95b30e96aa2991cebf6b42b69e" />
		<rom name="screenshot.jpg" size="246081" crc="c0a98bbf" md5="bc083cda7f78045327c3177a8ed50f1d" sha1="a18de9848f3ac4d73a1f4f984625765171de7c58" />
	</machine>
	<machine name="Joker Poker (Gottlieb)(1978)(Serpico)(2.06)[VP9][FullScreen MOD Pinuck v1.01]">
		<description>Joker Poker (Gottlieb)(1978)(Serpico)(2.06)[VP9][FullScreen MOD Pinuck v1.01]</description>
		<rom name="how_to_change_chimes.jpg" size="57113" crc="22fc1972" md5="b9b680bc3f244a8602fd613ba6a1d2e5" sha1="92a530c4502028c585dc0624c62575111295ef0c" />
		<rom name="Joker Poker (Gottlieb)(1978)(Serpico)(2.06)[VP9][FullScreen MOD Pinuck v1.01].vpt" size="15683584" crc="317cdf3e" md5="eb32ab7c58a6fd3b3dd1968cc337522b" sha1="c2e350c443d4ca6438b2e29cdb32f4b318c1d96d" />
		<rom name="Joker Poker screenshot.jpg" size="446316" crc="45f54c2a" md5="93856bc53826f302226ae23eeffaf8d2" sha1="cc4eced6c366aaed0d051f976cb33fd78d6152b3" />
	</machine>
	<machine name="Jokerz! (Williams)(1988)(AJ, Skalar, Destruk)(1.2)[VP9][MOD Gfx v1.3 cmd]">
		<description>Jokerz! (Williams)(1988)(AJ, Skalar, Destruk)(1.2)[VP9][MOD Gfx v1.3 cmd]</description>
		<rom name="Jokerz! 1.3.vpt" size="5224960" crc="b5e57516" md5="67af5840b84017da0e08fc2f0d80f585" sha1="b2922875ac5ffb806071bf4744ed75c70ecf9511" />
		<rom name="screenshot.jpg" size="206062" crc="8faa9ecd" md5="816560633281ecbf69e216e0e03fda74" sha1="bb7e6f9f4425a0e1bed373a3ba34eb0807a45263" />
	</machine>
	<machine name="Jurassic Park (Data East)(1993)(PacDude, WTiger, Bubblehead)(1.0)[Mod Gfx, Script 1.1 SparcMX][VP9][FullScreen SparcMX]">
		<description>Jurassic Park (Data East)(1993)(PacDude, WTiger, Bubblehead)(1.0)[Mod Gfx, Script 1.1 SparcMX][VP9][FullScreen SparcMX]</description>
		<rom name="Jurassic Park (Data East)(1993)(PacDude, WTiger, Bubblehead)(1.0)[Mod Gfx, Script 1.1 SparcMX][VP9][FullScreen SparcMX].vpt" size="30689792" crc="32d2bc2d" md5="9fdd34217cbfa0b8e5ce28e16a706558" sha1="b57e77e3459070e116587b0eaea87594eccd5ab7" />
		<rom name="Jurassic Park screenshot.jpg" size="1002910" crc="dab0383c" md5="7c2d405bdeb984d5e8b1be3d50939ef0" sha1="395b40c30d7682bebdddec64d01e74cd1eb35ed4" />
	</machine>
	<machine name="KISS (Bally)(1979)(JPSalas)(2.1)[VP9][FullScreen MOD Iceman5000 v1.0]">
		<description>KISS (Bally)(1979)(JPSalas)(2.1)[VP9][FullScreen MOD Iceman5000 v1.0]</description>
		<rom name="KISS (Bally)(1979)(JPSalas)(2.1)[VP9][FullScreen MOD Iceman5000 v1.0].vpt" size="9578496" crc="92ce5b1b" md5="073da054e795d3db896d1498e7a3e980" sha1="0ccb9bf2138c7f780be03e73a8a15b931c105430" />
		<rom name="KISS screenshot.png" size="1429825" crc="12b65a64" md5="140620351be54d0544ddc9ebe086965b" sha1="49f87cbeb0b44dbba127f78e00bb309ac98faa50" />
	</machine>
	<machine name="Lethal Weapon 3 (Data East)(1992)(Joep, Pingod, NEDO)(1.0)[VP9][MOD FS v1.1 el_timbo]">
		<description>Lethal Weapon 3 (Data East)(1992)(Joep, Pingod, NEDO)(1.0)[VP9][MOD FS v1.1 el_timbo]</description>
		<rom name="UVP Lethal Weapon 3 FS (Iceman5000, Flying Dutchman)(1.0)/UVP Lethal Weapon 3 - FS.png" size="1348715" crc="af689831" md5="e663b7fe0321ff14851d9157a916b1a8" sha1="77ff09f7f1bacc2315b6be6540fcbeb46064f6e1" />
		<rom name="UVP Lethal Weapon 3 FS (Iceman5000, Flying Dutchman)(1.0)/UVP Lethal Weapon 3 - FS.uvp" size="15360" crc="b7275bc5" md5="5c171c6ddb1ca6b45837b12cd2618573" sha1="3c454867e3dcd5831aff25424c08b9b1e9a8f282" />
		<rom name="Lethal Weapon 3FS_V1.1.vpt" size="31825408" crc="63257d87" md5="dbd086c64c078e7c007b49e95fbc2775" sha1="1514df46b986ed5439aabb945aa07e3030a3e64f" />
		<rom name="screenshot.jpg" size="280396" crc="fd3880da" md5="069ce196a7dc8bdfad032ec7345c52ed" sha1="6910fdfc80a6875c9a39e309473839a9ad67e0d3" />
	</machine>
	<machine name="Lethal Weapon 3 (Data East)(1992)(Joep, PinGod, NEDO)[VP9][MOD Dt v1.0 el_timbo, oooPlayer1ooo]">
		<description>Lethal Weapon 3 (Data East)(1992)(Joep, PinGod, NEDO)[VP9][MOD Dt v1.0 el_timbo, oooPlayer1ooo]</description>
		<rom name="Lethal Weapon 3OZPIN-4.3-v1.0.vpt" size="36098048" crc="9dc92b3f" md5="61d88ddf79fa486f94aaa841897821f5" sha1="7209888e07cf168f8e84540fa4644c7d2a5706fb" />
		<rom name="screenshot.jpg" size="572368" crc="9fddeec8" md5="66b6d9d4dfe71e722099178a79835dc0" sha1="74aff0d8a1fb328e27ac3a29d8388f563b119ace" />
	</machine>
	<machine name="Lightning (Stern)(1981)(TAB, Kruge99)(1.0)[VP909][MOD DT GI Dark v1.1 Mistermixer]">
		<description>Lightning (Stern)(1981)(TAB, Kruge99)(1.0)[VP909][MOD DT GI Dark v1.1 Mistermixer]</description>
		<rom name="Lightning FS GI Darkmod 1.1.vpt" size="12472320" crc="8a6cb40c" md5="658e749be4ed69c92273b06ea40ba373" sha1="bff02eace8751b59193c3aadefa361568c0ac016" />
	</machine>
	<machine name="Lost in Space (SEGA)(1998)(Destruk, TAB)(1.0)[VP9][FullScreen MOD PinKitty v1.0]">
		<description>Lost in Space (SEGA)(1998)(Destruk, TAB)(1.0)[VP9][FullScreen MOD PinKitty v1.0]</description>
		<rom name="Lost in Space (SEGA)(1998)(Destruk, TAB)(1.0)[VP9][FullScreen MOD PinKitty v1.0].vpt" size="1675264" crc="ba1121a5" md5="72c02c223ff6057b3ba2aa88d571b051" sha1="4841ae5f18fde791b877e711a2a457526e56333a" />
		<rom name="Lost in Space screenshot.jpg" size="152653" crc="9a1514d9" md5="ea9f52d10ff71231b2c326f29b7fe08d" sha1="a2588353149d2937afa17a3b047651f1433d3f64" />
	</machine>
	<machine name="Monopoly (Stern)(2001)(PacDude)(V3)[VP9][MOD VP8 2 VP9 v1.3 eyes0fblue]">
		<description>Monopoly (Stern)(2001)(PacDude)(V3)[VP9][MOD VP8 2 VP9 v1.3 eyes0fblue]</description>
		<rom name="Monopoly V3 9x Desktop .vpt" size="8482816" crc="ccb496ba" md5="08bacc020c7d15f9d4dce19324d8d028" sha1="dd8673b96c6e8c908281b804e18203f3990a6bde" />
		<rom name="screenshot.jpg" size="106928" crc="9765c36f" md5="89856fa2070920e13eb1b559d4b196ae" sha1="6c5be887f1aa4a5ce25c83b6df422261ec3109c8" />
	</machine>
	<machine name="Monster Bash (Williams)(1998)(Anonimous, TomS, Fuseball, RichardM)[VP9][MOD Jive 1.21]">
		<description>Monster Bash (Williams)(1998)(Anonimous, TomS, Fuseball, RichardM)[VP9][MOD Jive 1.21]</description>
		<rom name="1.20/Monster Bash (1.20) readme.txt" size="10180" crc="aed5de73" md5="d7aeab645b975b53015456877e4f4e26" sha1="631b63372a072b9967023328aa3bf1be035b018f" />
		<rom name="1.20/Monster Bash (1.20) screenshot.jpg" size="360118" crc="ba2ac2bc" md5="e38666d3358b85a635d332c5302d514d" sha1="1f820cd061f90a35cd20a5efa876526b754a519d" />
		<rom name="1.20/Monster Bash (Williams)(1998)(Anonimous, TomS, Fuseball, RichardM)[VP9][MOD Jive 1.20].vpt" size="5005312" crc="362577e0" md5="ad4b8c6cf90e253e254e41b3722b78f9" sha1="1b9ef01add9ddcbdb312fecd8fac7c460555098d" />
		<rom name="1.21/Monster Bash (1.21) readme.txt" size="10657" crc="b10e26f9" md5="88397dbb0a311181175911f5320ff4f5" sha1="78e56901b1443f6a6c5382cd7cbbc1db8ae23c42" />
		<rom name="1.21/Monster Bash (1.21) screenshot.jpg" size="359452" crc="85451031" md5="cd580f931167bb7728b41569aaac1015" sha1="e85d1d7c96b540bb11409a7301b1a1352faa82f9" />
		<rom name="1.21/Monster Bash (Williams)(1998)(Anonimous, TomS, Fuseball, RichardM)[VP9][MOD Jive 1.21].vpt" size="5013504" crc="907c2c9e" md5="8aa17fb230983b187e69ba8cda1d5fe5" sha1="c13d48764d466c2935e8d44de7d86e7e957811b8" />
		<rom name="Monster Bash rulesheet.txt" size="26079" crc="e5bc0fe1" md5="cae5d7fad334ad0707bfbf76f2bb26b2" sha1="75a97c5484283063df0277a66815198c0f6e9ab4" />
		<rom name="The MB Design Team.jpg" size="52540" crc="2aedcdbb" md5="975bebaea3b1d1ca7aba2fa400640433" sha1="a3b0e045c60a022cc58ab7f0b5569eb04383302f" />
		<rom name="WPC.vbs" size="5648" crc="ea658b38" md5="bbfb68f6206ac4b46374bc82cf8b76c0" sha1="10e692704b9090b9be8c69bbf325cd2fbfb31ab3" />
	</machine>
	<machine name="NFL (Stern)(2001)(Joep, Destruk, TAB)(1.0)[VP9][FullScreen MOD pakitt1 v1.0]">
		<description>NFL (Stern)(2001)(Joep, Destruk, TAB)(1.0)[VP9][FullScreen MOD pakitt1 v1.0]</description>
		<rom name="NFL (Stern)(2001)(Destruk)(1.0)[VP9][FullScreen MOD pakitt1 v1.0].vpt" size="4148224" crc="4cfdca55" md5="0b520efa7ac6bf3ddfcc9b72a68c7e61" sha1="8b9e13fcd40306d9ad65a02ca076ef37f329a4c3" />
		<rom name="NFL screenshot.jpg" size="775062" crc="00c89a55" md5="1c9d7ecdd18da5e9c81458a6f610bec4" sha1="7195746dfefd2c802f4945236fae6f3144fb6cf5" />
	</machine>
	<machine name="No Good Gofers (Williams)(1997)(TAB, Destruk)(1.0)[VP9][FullScreen MOD bmiki75 v1.1]">
		<description>No Good Gofers (Williams)(1997)(TAB, Destruk)(1.0)[VP9][FullScreen MOD bmiki75 v1.1]</description>
		<rom name="No Good Gofers (Williams)(1997)(TAB, Destruk)(1.0)[VP9][FullScreen MOD bmiki75 v1.1].vpt" size="15220736" crc="3b06f31d" md5="54420a69ab8c984897a6d3504cd3f029" sha1="eb80c1d70dab30ae1124fb4e49b7323ba2af7c8e" />
		<rom name="No Good Gofers screenshot.jpg" size="1523464" crc="b0d42815" md5="2dd45cb13e6844f88fe6150bc7c2986e" sha1="54d0a4c433a57cfa925dc27f6902a0c93f26ef35" />
		<rom name="Plastiche.bmp" size="6855056" crc="9251a7fb" md5="ef725f941a286c34ad3f014b12aecdcd" sha1="b01baccc767214181a3f7c9a9d1e890a341afff7" />
		<rom name="playfield.bmp" size="14220296" crc="630274e2" md5="774200786119d680e428c3fff0d7fd17" sha1="ddb70436dfccc1c63422190398c2035c82437039" />
	</machine>
	<machine name="PinBot (Williams)(1986)(Destruk, Eala Dubh Sidhe)(1.0)[VP9][MOD Noah Fentz v1.1]">
		<description>PinBot (Williams)(1986)(Destruk, Eala Dubh Sidhe)(1.0)[VP9][MOD Noah Fentz v1.1]</description>
		<rom name="PinBot (Williams)(1986)(Destruk, Eala Dubh Sidhe)(1.0)[VP9][MOD Noah Fentz v1.1].vpt" size="8624128" crc="a2d154e8" md5="bae1baca2d6dcabf5d889080452b1656" sha1="8e4b59b1e71da0f4caef8be9fa37d94a377031aa" />
		<rom name="PinBot screenshot.jpg" size="891483" crc="fb381659" md5="eea9f8faa7b8315ffa32545b6a691cfb" sha1="66969179b692d38f382523afb371529882f1c5a1" />
	</machine>
	<machine name="Pink Panther (Gottlieb)(1981)(Xenonph, LuvThatApex)(1.1.0)[VP9][Desktop][Fantasy MOD]">
		<description>Pink Panther (Gottlieb)(1981)(Xenonph, LuvThatApex)(1.1.0)[VP9][Desktop][Fantasy MOD]</description>
		<rom name="Pink Panther (Gottlieb 1981) Fantasy DT MOD v1.0.vpt" size="56360960" crc="3122832e" md5="90bd5116850328956566b0d353806c60" sha1="2d4d814d56453d93e43c96285fcefd1a338634e6" />
	</machine>
	<machine name="Rolling Stones 2 (Bally)(1979)(JPSalas, RipleYYY, StrangeLeo)(1.01)[VP9][Mod JPSalas, RipleYYY, StrangeLeo]">
		<description>Rolling Stones 2 (Bally)(1979)(JPSalas, RipleYYY, StrangeLeo)(1.01)[VP9][Mod JPSalas, RipleYYY, StrangeLeo]</description>
		<rom name="Rolling Stones 2 (Bally)(1979)(JPSalas, RipleYYY, StrangeLeo)(1.01)[VP9][Mod JPSalas, RipleYYY, StrangeLeo].vpt" size="8413184" crc="20ca36e4" md5="596c17bb4c61f277b921ce5f0ae972f1" sha1="cd41dc970af292b1cd21de36b1e6c8843b3ae9c4" />
		<rom name="Rolling Stones 2 screenshot.jpg" size="532006" crc="38ba537f" md5="26af4ac58ddc4a89ab4859e209c0d638" sha1="23b618c0ae21f9ac8594463a441ad21c90d74c08" />
	</machine>
	<machine name="Scared Stiff (Bally)(1996)(Toolmaker, Destruk, CyberDMan)(3.0)[VP9][FullScreen MOD Kruge99 v1.02]">
		<description>Scared Stiff (Bally)(1996)(Toolmaker, Destruk, CyberDMan)(3.0)[VP9][FullScreen MOD Kruge99 v1.02]</description>
		<rom name="Scared Stiff (Bally)(1996)(Toolmaker, Destruk, CyberDMan)(3.0)[VP9][FullScreen MOD Dark Screen Kruge99 v1.02].vpt" size="17807872" crc="7edb9b07" md5="5cbee1f9a554e1ac9ac62afe0097860e" sha1="f9ceaaccf5b745a1e675dbda7141da1e98cc13c7" />
		<rom name="Scared Stiff (Bally)(1996)(Toolmaker, Destruk, CyberDMan)(3.0)[VP9][FullScreen MOD Kruge99 v1.02].vpt" size="20665856" crc="980da5ba" md5="e29a69f24a70031e1b206e4ead7138af" sha1="cd6175956383913ad3598d07938f4d91f87301d0" />
		<rom name="Scared Stiff (Kruge99) (Dark version) screenshot.jpg" size="506175" crc="97a98f20" md5="df135f867d445e070aee1a8f258f511b" sha1="06931eac3c882aa6614efd64daecd5a7c0bede4b" />
		<rom name="Scared Stiff (Kruge99) screenshot.jpg" size="635293" crc="102b7f0f" md5="42f088efbeb12bf8bc95da03c2f5184b" sha1="a8a5c6109434857c1c4337946748a7e97027207b" />
	</machine>
	<machine name="Sharkey's Shootout (Stern)(2000)(TAB, Destruk)(1.0)[VP9][FullScreen MOD pakitt1 v1.0]">
		<description>Sharkey's Shootout (Stern)(2000)(TAB, Destruk)(1.0)[VP9][FullScreen MOD pakitt1 v1.0]</description>
		<rom name="Sharkey's Shootout (Stern)(2000)(TAB, Destruk)(1.0)[VP9][FullScreen MOD pakitt1 v1.0].vpt" size="1398272" crc="e9421cf5" md5="b15f3cf8cb71a1513af1d4e0bc56162d" sha1="421c24bc4892896562623c5bfd65e4884ec4a1fa" />
		<rom name="Sharkey's Shootout screenshot.jpg" size="705829" crc="0ecc8993" md5="37a9a6da0df463a562b1ec5168c628ab" sha1="32b0ee07147c41d48d688e3928893e9221eae9b1" />
	</machine>
	<machine name="Simpsons Pinball Party, The (Stern)(2003)(Megapin)(1.2)[VP903][FullScreen]">
		<description>Simpsons Pinball Party, The (Stern)(2003)(Megapin)(1.2)[VP903][FullScreen]</description>
		<rom name="Active Backglass Simpsons Pinball Party, The (Flying Dutchman)(1.0)/ActiveBackglass-AutoBackglass-TheSimpsonsPinballParty-Backglass-Final.exe" size="7545278" crc="8eccff90" md5="06c0489d1d5d0b6161f9f55adf673e4d" sha1="e8d69e03087daed52f8584ce5f70312a7a3c8d7c" />
		<rom name="Active Backglass Simpsons Pinball Party, The (Flying Dutchman)(1.0)/Animated Backglasses.txt" size="1706" crc="0ffee845" md5="46f307d77fd45f8886f689e3a6a98cdd" sha1="f5c69a2c5ee9f06ec9ec857433d5f0e5247c02a5" />
		<rom name="UVP Simpsons Pinball Party, The (Iceman5000)(1.0)/UVP The Simpsons Pinball Party - FS.png" size="1741787" crc="019a992d" md5="c54f95745643ae5d5c3dcec8deee99a0" sha1="8cb33a44af795a8e296fedfc8747a5b258f12ecd" />
		<rom name="UVP Simpsons Pinball Party, The (Iceman5000)(1.0)/UVP The Simpsons Pinball Party - FS.uvp" size="2560" crc="9e3fa532" md5="4e61c1ece6cee01debeb9b8c6489f917" sha1="259c380bfcef4bee541085685d88bcc31339cfbf" />
		<rom name="Simpsons Pinball Party, The (kodiac) screenshot.jpg" size="587452" crc="9a7d7b49" md5="e78fde3ed613733893cda6e308775c40" sha1="a8bda1fe6fbb6c44ad28d453e2428ed4b2c489f3" />
		<rom name="Simpsons Pinball Party, The (Loafer) screenshot.jpg" size="1342689" crc="708e5887" md5="0137bb2a114fb00ca9eb6c9bb936ecae" sha1="dad7bd3f95df617dce0f2e183cf0b89824b09200" />
		<rom name="Simpsons Pinball Party, The (Stern)(2003)(MegaPin)(1.0)[VP903][FullScreen Night MOD v1.1 unclewilly, kingb33, Kodiac, thewool].vpt" size="31395840" crc="d1df4ed5" md5="da01a90363fca6e721405616222117ac" sha1="713502f63483d2b90e0d86f998409b2f96d383b8" />
		<rom name="Simpsons Pinball Party, The (Stern)(2003)(Megapin)(1.1)[VP903][FullScreen Night MOD v1.0 Loafer, unclewilly, kingb33].vpt" size="30289408" crc="954b41f0" md5="0aacc2f54bb26f7f1e323870a12bf192" sha1="fc193ea8fc43c36ddc9e62906aecd3a8108eb695" />
		<rom name="Simpsons Pinball Party, The (Stern)(2003)(MegaPin)(1.2)[VP903][FullScreen MOD unclewilly, kingb33, Kodiac, thewool].vpt" size="13168640" crc="b1830da3" md5="abe7c10e8a8e735ec5c545ada8188780" sha1="da8f31ec6d0f44de8d32418569ce219b24d2f7a5" />
		<rom name="Simpsons Pinball Party, The (Stern)(2003)(Megapin)(1.2)[VP903][FullScreen Night MOD v1.1 unclewilly, kingb33].vpt" size="31003136" crc="1d4c6264" md5="1e785a17bf76f6f856e580bb4714922e" sha1="979bd616c62e114b43dfbf763e0771835632b510" />
		<rom name="Simpsons Pinball Party, The (unclewilly) screenshot.jpg" size="1583725" crc="ea410b61" md5="4df75f0070e95564c0bd43c637a44693" sha1="9800fd9b0690bc422e06b742cb22d71a70660339" />
	</machine>
	<machine name="South Park (SEGA)(1999)(oooPLAYER1ooo)(1.0)[VP9][MOD OzPin]">
		<description>South Park (SEGA)(1999)(oooPLAYER1ooo)(1.0)[VP9][MOD OzPin]</description>
		<rom name="screenshot.jpg" size="714517" crc="c00a5893" md5="0f6ed5605b436c0d498d5754571ef5d7" sha1="cfbfc6324d1711ed9f1a43a7a31c70d77d8a50d7" />
		<rom name="south park Ozpin v1.0 .vpt" size="33080832" crc="a64e7d0c" md5="a8c38579efe5811a07f32079c7fcb46f" sha1="4d19fe26aa33a0ebf5f77fc367a82aa485738d6f" />
	</machine>
	<machine name="Split Second (Stern)(1981)(Inkochnito, TAB, Destruk)[VP9][FullScreen MOD Cesar v1.04]">
		<description>Split Second (Stern)(1981)(Inkochnito, TAB, Destruk)[VP9][FullScreen MOD Cesar v1.04]</description>
		<rom name="Split Second (Stern)(1981)(Inkochnito, TAB, Destruk)[VP9][FullScreen MOD Cesar v1.04].vpt" size="3702784" crc="b11ec49f" md5="6b65d096bda439a3e8f6d87582067763" sha1="8b7fad4c2047fd9fa34ccb84aff2f5fea1905550" />
		<rom name="Split Second screenshot.jpg" size="1097068" crc="7e8d4508" md5="861cbbd257cb77a3cd590560b315f781" sha1="0155ae92baa8b8c50f13bcaa02cc50eea0a4ca4d" />
	</machine>
	<machine name="Star Trek - The Next Generation (Williams)(1993)(Destruk)(1.0)[VP9][Mod 16-9 Noah Fentz]">
		<description>Star Trek - The Next Generation (Williams)(1993)(Destruk)(1.0)[VP9][Mod 16-9 Noah Fentz]</description>
		<rom name="Noah Fentz/Star Trek - The Next Generation (Noah Fentz) screenshot.jpg" size="699088" crc="9667ae70" md5="37f29189d27be20b9b987076525eedf1" sha1="526778b878030b91a11018aa22ca83142442a3f7" />
		<rom name="Noah Fentz/Star Trek - The Next Generation (Williams)(1993)(Destruk)(1.0)[VP9][Mod 16-9 Noah Fentz].vpt" size="5522432" crc="3b91c693" md5="8beab1f847eeebe3bd283762a95e1bcf" sha1="cc5f259659035a6d401bec527dec140987cf4b01" />
		<rom name="pakitt1/Star Trek - The Next Generation (pakitt1) screenshot.jpg" size="350089" crc="5e8c4fd4" md5="15233464ac0053f5acff79680879e672" sha1="c5acc208a157e5ff8a2e00429806cb9e4c94cd4b" />
		<rom name="pakitt1/Star Trek - The Next Generation (Williams)(1993)(Destruk)(1.0)[VP9][FullScreen MOD pakitt1 v1.0].vpt" size="6886912" crc="34145f66" md5="6f030ada2f9974705403b748279a2d62" sha1="0b9a223aa50cb330af8d5da2daa42c34d985a01b" />
	</machine>
	<machine name="Star Trek - The Next Generation (Williams)(1993)(JPG-PINS)(2.2)[VP9][MOD Beta2 NeoBlood]">
		<description>Star Trek - The Next Generation (Williams)(1993)(JPG-PINS)(2.2)[VP9][MOD Beta2 NeoBlood]</description>
		<rom name="dsfiles_img-2477-1266898008  vp9 mod Neoblood beta 2.0.png" size="934412" crc="457b1396" md5="df8f0043342180b36097dec42d2d6a01" sha1="39a2710def67fbdbce01a10bf73420999352a9d1" />
		<rom name="STTNGJPG-PINS-NeoBeta2.vpt" size="20642816" crc="26d1faea" md5="4720cae8f107166bce3669dab5182fe5" sha1="df37445c49135f30a6b145406648aa7c32ae288a" />
	</machine>
	<machine name="Starship Troopers (SEGA)(1997)(Destruk)(1.0)[VP9][FullScreen MOD pakitt1 v1.0]">
		<description>Starship Troopers (SEGA)(1997)(Destruk)(1.0)[VP9][FullScreen MOD pakitt1 v1.0]</description>
		<rom name="Starship Troopers (pakitt1) screenshot.jpg" size="764721" crc="a605fe76" md5="fae0ed7414c092c1e80b06a6b5a0efc3" sha1="94afbe245f91e5e9c70e6f10a80c8d41d3727c34" />
		<rom name="Starship Troopers (SEGA)(1997)(Destruk)(1.0)[VP9][FullScreen MOD pakitt1 v1.0].vpt" size="7486976" crc="ee62a449" md5="6cd961d4e1e1f771d17ebb02c45a5bed" sha1="4645d3983acd5a7ec445652b3a636018cd4c45e7" />
	</machine>
	<machine name="Tales of the Arabian Nights (Williams)(1996)(JPSalas)(1.0 Night Table)[VP9][FullScreen unclewilly, Kingb33]">
		<description>Tales of the Arabian Nights (Williams)(1996)(JPSalas)(1.0 Night Table)[VP9][FullScreen unclewilly, Kingb33]</description>
		<rom name="Tales of the Arabian Nights (1.0) screenshot.jpg" size="1621764" crc="910c328e" md5="76d34306ce1733fd1249b3f0a2beca48" sha1="ef24bbe20f51543688605cb40d33561348414382" />
		<rom name="Tales of the Arabian Nights (Williams)(1996)(JPSalas)(1.0 Night Table)[VP9][FullScreen unclewilly, Kingb33].vpt" size="18945024" crc="f9e5d54f" md5="66a8ca97dd087b4cab3bc191e37daea5" sha1="6d15c67aec46ed7a3462c8ecc66d690d8379d21e" />
	</machine>
	<machine name="Terminator 2 - Judgement Day (Williams)(1991)(el_timbo86, PacDude)[VP9][MOD FullScreen Night mode v1.0.0 Lurch]">
		<description>Terminator 2 - Judgement Day (Williams)(1991)(el_timbo86, PacDude)[VP9][MOD FullScreen Night mode v1.0.0 Lurch]</description>
		<rom name="screenshot.png" size="911540" crc="449fca90" md5="d8621021322815eacb1f7d46c477579e" sha1="995c37f34c7ee842ad8718af872a4ef4b7005fbc" />
		<rom name="Terminator 2 - Judgement Day (Williams 1991)FSNM.vpt" size="26518016" crc="4a25a7db" md5="e58811ef0fe9875149f70eb3b173fae0" sha1="c6bd04502e1bea9437329e7ec516ed37dcbece2e" />
	</machine>
	<machine name="The Who's Tommy Pinball Wizard (Data East)(1994)(3.3)[VP9][MOD Gfx v1.2.9 SunWizard]">
		<description>The Who's Tommy Pinball Wizard (Data East)(1994)(3.3)[VP9][MOD Gfx v1.2.9 SunWizard]</description>
		<rom name="screenshot.jpg" size="329740" crc="c331b206" md5="7651844b055e230099070c8606758cea" sha1="9397dbdf49154dd937bc2fcf9621f0453efb4c10" />
		<rom name="Tommy_1.2_Sun9.vpt" size="2646016" crc="dbf3029b" md5="d942506aa918dc81ef42885431ec7b85" sha1="7cc76a7c961920081fa9329faa901cc0eba3a348" />
	</machine>
	<machine name="Twilight Zone (Bally)(1993)(MEGAPIN)(1.2)[VP9][MOD Night modew v1.2final Kingb33, unclewilly]">
		<description>Twilight Zone (Bally)(1993)(MEGAPIN)(1.2)[VP9][MOD Night modew v1.2final Kingb33, unclewilly]</description>
		<rom name="BALLY - TWILIGHT ZONE - MEGAPIN - VP9 - V1.2.43.NM.Final.vpt" size="41293312" crc="d0acc0c9" md5="1db3d3506c7898dfae4bcb96a7d6a0a3" sha1="d07e88ac58a49e631bf3683552ab3a1acdb8ad4a" />
		<rom name="screenshot.jpg" size="1471463" crc="66fc5468" md5="469ec7dd98560eb658780586fb65f8fb" sha1="dceb9f7e3791a47c2cfd49525a8a26f0b78d73b0" />
	</machine>
	<machine name="Twilight Zone (Bally)(1993)(MEGAPIN)(1.3)[VP9][MOD FS Night modew v1.2final Kingb33, unclewilly]">
		<description>Twilight Zone (Bally)(1993)(MEGAPIN)(1.3)[VP9][MOD FS Night modew v1.2final Kingb33, unclewilly]</description>
		<rom name="UVP Twilight Zone FS (Iceman5000, Flying Dutchman)(1.0)/UVP Twilight Zone - FS.png" size="1174092" crc="eb97e58d" md5="6ea3f866a73b5b580bb123dca9eca09c" sha1="f2ea5280abfcd71f48271e2563de0f1c3ab17a55" />
		<rom name="UVP Twilight Zone FS (Iceman5000, Flying Dutchman)(1.0)/UVP Twilight Zone - FS.uvp" size="20992" crc="d683c75a" md5="de7ef9b6f554947cf509ad1b86978a0f" sha1="1a35c95f6e31610053db506684daba668cbebcf9" />
		<rom name="BALLY - TWILIGHT ZONE - MEGAPIN - VP9 - V1.2FSNM.Final.vpt" size="40476160" crc="208b4d6e" md5="1c307bc6cfec802d4edaf111f2ec5823" sha1="a0da9b52d1bbd70b158645c99f1144ad874dc264" />
		<rom name="screenshot.jpg" size="1518032" crc="3af585fa" md5="ccf86d4d2ffd1dfe27f15b0df51e436a" sha1="41a2fbb275305f83e3144ea7f6bbdec18851bd71" />
	</machine>
	<machine name="Twister (SEGA)(1996)(TAB, Destruk)(2.0)[VP9][FullScreen MOD pakitt1 v1.0]">
		<description>Twister (SEGA)(1996)(TAB, Destruk)(2.0)[VP9][FullScreen MOD pakitt1 v1.0]</description>
		<rom name="Twister (SEGA)(1996)(TAB, Destruk)(2.0)[VP9][FullScreen MOD pakitt1 v1.0].vpt" size="3580416" crc="b55aaeee" md5="3bea5d9e6a005fe215fa41f6992e8eed" sha1="d9f52b4183518e6f1b65fac4267446e0f499fa53" />
		<rom name="Twister screenshot.jpg" size="680664" crc="9f7c3843" md5="909ffa9404ca36e3640a1ac30f99eb6e" sha1="fbac88ccded990a7793e34c4f491fa9579066df2" />
	</machine>
	<machine name="VIPER Night Drivin' (SEGA)(1998)(Destruk)(1.0)[VP9][FullScreen MOD pakitt1 v1.0]">
		<description>VIPER Night Drivin' (SEGA)(1998)(Destruk)(1.0)[VP9][FullScreen MOD pakitt1 v1.0]</description>
		<rom name="VIPER Night Drivin' (SEGA)(1998)(Destruk)(1.0)[VP9][FullScreen MOD pakitt1 v1.0].vpt" size="9081856" crc="082b58ab" md5="6d720b261c6d793f21ce62dfa6c5353e" sha1="e31f1211290018ccd069228ced5f6484ada9eba9" />
		<rom name="VIPER Night Drivin' screenshot.jpg" size="668274" crc="86a867ef" md5="4b294cde1023ec46becad63c05d80d3f" sha1="e8a024b0090733e488e0ba16ff39685b94ee7ad1" />
	</machine>
	<machine name="Who Dunnit (Bally)(1995)(Destruk)(1.0)[VP9][FullScreen High Graphics MOD Trout v1.3]">
		<description>Who Dunnit (Bally)(1995)(Destruk)(1.0)[VP9][FullScreen High Graphics MOD Trout v1.3]</description>
		<rom name="Who Dunnit (Bally)(1995)(Destruk)(1.0)[VP9][FullScreen High Graphics MOD Trout v1.3].vpt" size="4368384" crc="e9d4fe0e" md5="d9dd87972bb7341d8cf3a99a69ae9547" sha1="f071bca4d2d905df6a7f16abccedbe044d93021d" />
		<rom name="Who Dunnit screenshot.jpg" size="1031319" crc="89719e35" md5="3e0908cccc9c6e138fa85f8e677031ac" sha1="8c72f1e52e025a7b3708d0c41a1c41a5d2e19d5c" />
	</machine>
	<machine name="World Cup 94 (Bally)(1994)(Destruk)(1.1)[VP9][FullScreen MOD pakitt1 v1.0]">
		<description>World Cup 94 (Bally)(1994)(Destruk)(1.1)[VP9][FullScreen MOD pakitt1 v1.0]</description>
		<rom name="World Cup 94 (Bally)(1994)(Destruk)(1.1)[VP9][FullScreen MOD pakitt1 v1.0].vpt" size="8380416" crc="19196ef5" md5="bc15ed7e8e2cdc6fbdd97d591a2feb89" sha1="60b704b614290cec9af0213a71e160e8a08532ae" />
		<rom name="World Cup 94 screenshot.png" size="783652" crc="29c0c8a4" md5="75dc5d1635423caad8e0aae4a81d8b57" sha1="767c0c1ce6ca270fc5a948e59f3c0b472dc278c5" />
	</machine>
	<machine name="Xenon (Bally)(1980)(Scapino)(1.0)[VP9][FullScreen MOD unclewilly]">
		<description>Xenon (Bally)(1980)(Scapino)(1.0)[VP9][FullScreen MOD unclewilly]</description>
		<rom name="Xenon (Bally)(1979)(Scapino)(1.0)[VP9][FullScreen MOD unclewilly].vpt" size="6612480" crc="d322bb8e" md5="ac4c6883828b5c09f1e4001c1ddf10f8" sha1="6fed16114185d34881e0e519642c9e92a651ab40" />
		<rom name="Xenon screenshot.jpg" size="1640978" crc="e4c89479" md5="8891b2a841525c982e845669358b82f9" sha1="79668f612d047a468e366b9ac5131b1ca1664914" />
	</machine>
</datafile>