<?xml version="1.0" encoding="utf-8"?>
<!DOCTYPE datafile PUBLIC "-//Logiqx//DTD ROM Management Datafile//EN" "http://www.logiqx.com/Dats/datafile.dtd">
<datafile>
	<header>
		<name>Visual Pinball [VP92x] PinMame Tables [MODs, HACKs]</name>
		<description>Visual Pinball [VP92x] PinMame Tables [MODs, HACKs] (2024-01-27)</description>
		<version></version>
		<date>2024-01-27</date>
		<author></author>
	</header>
	<machine name="Attack from Mars (Williams)(1995)(JPSalas, Aaron James)[VP920][FullScreen Night MOD 3-WAY-GI Aaron James v3.5 Teppoteee help]">
		<description>Attack from Mars (Williams)(1995)(JPSalas, Aaron James)[VP920][FullScreen Night MOD 3-WAY-GI Aaron James v3.5 Teppoteee help]</description>
		<rom name="Attack from Mars (Williams)(1995)(JPSalas, Aaron James)[VP920][FullScreen Night MOD 3-WAY-GI Aaron James v3.5 Teppoteee help].vpt" size="27774976" crc="cce19b23" md5="d61cd2de70ffe9f088d1026e335d964d" sha1="81f27f4ef1dda6e4c58d8907d4edf2c8aff26f01" />
		<rom name="Attack from Mars screenshot.jpg" size="586292" crc="84ac2523" md5="7fa3b26a706eccc14b42384abbde7bf1" sha1="1e497b0e0ea45b075326ceffb750e3824aed127d" />
	</machine>
	<machine name="Barracora (Williams)(1981)(gtxjoe, Batch, Dozer316)[VP9.2x][dB2S DT D-MOD v1.0b Xenonph]">
		<description>Barracora (Williams)(1981)(gtxjoe, Batch, Dozer316)[VP9.2x][dB2S DT D-MOD v1.0b Xenonph]</description>
		<rom name="Barracora (Williams 1981) dB2S DT VP9.2 D-MOD v1.0b/0 READ ME!!!.txt" size="2719" crc="09da50c9" md5="1ee760ada102f7a9daf669782be9995b" sha1="da6a28f0921fc501d9a703b8b897514af15f9e00" />
		<rom name="Barracora (Williams 1981) dB2S DT VP9.2 D-MOD v1.0b/b2s.exe" size="1027584" crc="87bae5a5" md5="baa0cea0731012ae4fe4935dde0feaed" sha1="193cc032530d75bc150e0a8c955d1bc07e62dcb2" />
		<rom name="Barracora (Williams 1981) dB2S DT VP9.2 D-MOD v1.0b/Barracora (Williams 1981) dB2S DT VP9.2 D-MOD v1.0b.directb2s" size="8899925" crc="8d476416" md5="f57710b0a0ff174de5c719d7052802be" sha1="00aaf99b19d5e64efb9646d1993d347d54740d51" />
		<rom name="Barracora (Williams 1981) dB2S DT VP9.2 D-MOD v1.0b/Barracora (Williams 1981) dB2S DT VP9.2 D-MOD v1.0b.vpt" size="27660288" crc="54fb2b1f" md5="49aa5e508a060436d72d436798ed935b" sha1="bfaa553947bf0a7c21d327bc94ea32e904ea1ab4" />
		<rom name="Barracora (Williams 1981) dB2S DT VP9.2 D-MOD v1.0b/ScreenRes.txt" size="29" crc="95ac5d03" md5="0305558873770ae591d30d694365f2f4" sha1="47f707658c224aeb3be40c795acd0aad2997f5d8" />
		<rom name="Barracora (Williams 1981) dB2S DT VP9.2 D-MOD v1.0b/0 B2S Backglass Server 1.3.0.2/B2SBackglassServer.dll" size="505856" crc="0c26a518" md5="3ceeb6bef828ab3b7509875232ab52f9" sha1="a6b87cab231cd0d272e88acd7a9de233fa4fde00" />
		<rom name="Barracora (Williams 1981) dB2S DT VP9.2 D-MOD v1.0b/0 B2S Backglass Server 1.3.0.2/B2SBackglassServerEXE.exe" size="251392" crc="6f9065c9" md5="d57766e59fb132a619c1a3129928816d" sha1="90b86636c490e755be2697d365837ef9d0e9f7a7" />
		<rom name="Barracora (Williams 1981) dB2S DT VP9.2 D-MOD v1.0b/0 B2S Backglass Server 1.3.0.2/B2SBackglassServerRegisterApp.exe" size="48640" crc="3ba41ea0" md5="08ad063fd087639f1fca87da6279b81d" sha1="f22be81bacfc2d90eda474b20e1f7eabdcfa8357" />
		<rom name="Barracora (Williams 1981) dB2S DT VP9.2 D-MOD v1.0b/0 B2S Backglass Server 1.3.0.2/B2SServerPluginInterface.dll" size="201728" crc="9a18f73f" md5="51238a3f4b3a34d96ca565791736dca6" sha1="9e2118c4a7900ca4a5276aa1475faee49030084b" />
		<rom name="Barracora (Williams 1981) dB2S DT VP9.2 D-MOD v1.0b/0 B2S Backglass Server 1.3.0.2/Readme.txt" size="2185" crc="2a6f41c8" md5="f39a667aec7532fa84fc655ccac2cc35" sha1="ee8bb5dcb7d3f197d622ae44e42d72068c079da2" />
		<rom name="barracora--williams-1981--db2s-dt-vp92-d-mod-v10b.png" size="1464487" crc="d4731e4a" md5="9b2ab088b85da8aba98a0c5553d210d4" sha1="207f7d681c8a054362ecb2b6eb4ad28092022637" />
	</machine>
	<machine name="Barracora (Williams)(1981)(gtxjoe, Batch, Dozer316)[VP9.2x][dB2S DT N-MOD v1.0b Xenonph]">
		<description>Barracora (Williams)(1981)(gtxjoe, Batch, Dozer316)[VP9.2x][dB2S DT N-MOD v1.0b Xenonph]</description>
		<rom name="Barracora (Williams 1981) dB2S DT VP9.2 N-MOD v1.0b/0 READ ME!!!.txt" size="2719" crc="09da50c9" md5="1ee760ada102f7a9daf669782be9995b" sha1="da6a28f0921fc501d9a703b8b897514af15f9e00" />
		<rom name="Barracora (Williams 1981) dB2S DT VP9.2 N-MOD v1.0b/b2s.exe" size="1027584" crc="87bae5a5" md5="baa0cea0731012ae4fe4935dde0feaed" sha1="193cc032530d75bc150e0a8c955d1bc07e62dcb2" />
		<rom name="Barracora (Williams 1981) dB2S DT VP9.2 N-MOD v1.0b/Barracora (Williams 1981) dB2S DT VP9.2 MOD v1.0b.directb2s" size="8899925" crc="8d476416" md5="f57710b0a0ff174de5c719d7052802be" sha1="00aaf99b19d5e64efb9646d1993d347d54740d51" />
		<rom name="Barracora (Williams 1981) dB2S DT VP9.2 N-MOD v1.0b/Barracora (Williams 1981) dB2S DT VP9.2 MOD v1.0b.vpt" size="29233152" crc="c5ccdb6a" md5="359d93737723da533bf0bbe3de31ad6e" sha1="a778eb800334d435d44ab44831ae885a5953e77b" />
		<rom name="Barracora (Williams 1981) dB2S DT VP9.2 N-MOD v1.0b/ScreenRes.txt" size="29" crc="95ac5d03" md5="0305558873770ae591d30d694365f2f4" sha1="47f707658c224aeb3be40c795acd0aad2997f5d8" />
		<rom name="Barracora (Williams 1981) dB2S DT VP9.2 N-MOD v1.0b/0 B2S Backglass Server 1.3.0.2/B2SBackglassServer.dll" size="505856" crc="0c26a518" md5="3ceeb6bef828ab3b7509875232ab52f9" sha1="a6b87cab231cd0d272e88acd7a9de233fa4fde00" />
		<rom name="Barracora (Williams 1981) dB2S DT VP9.2 N-MOD v1.0b/0 B2S Backglass Server 1.3.0.2/B2SBackglassServerEXE.exe" size="251392" crc="6f9065c9" md5="d57766e59fb132a619c1a3129928816d" sha1="90b86636c490e755be2697d365837ef9d0e9f7a7" />
		<rom name="Barracora (Williams 1981) dB2S DT VP9.2 N-MOD v1.0b/0 B2S Backglass Server 1.3.0.2/B2SBackglassServerRegisterApp.exe" size="48640" crc="3ba41ea0" md5="08ad063fd087639f1fca87da6279b81d" sha1="f22be81bacfc2d90eda474b20e1f7eabdcfa8357" />
		<rom name="Barracora (Williams 1981) dB2S DT VP9.2 N-MOD v1.0b/0 B2S Backglass Server 1.3.0.2/B2SServerPluginInterface.dll" size="201728" crc="9a18f73f" md5="51238a3f4b3a34d96ca565791736dca6" sha1="9e2118c4a7900ca4a5276aa1475faee49030084b" />
		<rom name="Barracora (Williams 1981) dB2S DT VP9.2 N-MOD v1.0b/0 B2S Backglass Server 1.3.0.2/Readme.txt" size="2185" crc="2a6f41c8" md5="f39a667aec7532fa84fc655ccac2cc35" sha1="ee8bb5dcb7d3f197d622ae44e42d72068c079da2" />
		<rom name="barracora--williams-1981--db2s-dt-vp92-n-mod-v10b.png" size="1330218" crc="e3f29ca2" md5="257df612903a8df7594f88e29ecc680a" sha1="2927c75f9e868b0044ba50be925f84d921cfb8d1" />
	</machine>
	<machine name="Batman Forever (SEGA)(1995)(mfuegemann, Kramer73)(1.2)[VP92x][dB2S DT ColorDMD D-MOD v1.2 Xenonph]">
		<description>Batman Forever (SEGA)(1995)(mfuegemann, Kramer73)(1.2)[VP92x][dB2S DT ColorDMD D-MOD v1.2 Xenonph]</description>
		<rom name="Batman Forever (Sega 1995) dB2S DT ColorDMD D-MOD v1.2/0 B2S Backglass Server 1.3.0.2/B2SBackglassServer.dll" size="505856" crc="0c26a518" md5="3ceeb6bef828ab3b7509875232ab52f9" sha1="a6b87cab231cd0d272e88acd7a9de233fa4fde00" />
		<rom name="Batman Forever (Sega 1995) dB2S DT ColorDMD D-MOD v1.2/0 B2S Backglass Server 1.3.0.2/B2SBackglassServerEXE.exe" size="251392" crc="6f9065c9" md5="d57766e59fb132a619c1a3129928816d" sha1="90b86636c490e755be2697d365837ef9d0e9f7a7" />
		<rom name="Batman Forever (Sega 1995) dB2S DT ColorDMD D-MOD v1.2/0 B2S Backglass Server 1.3.0.2/B2SBackglassServerRegisterApp.exe" size="48640" crc="3ba41ea0" md5="08ad063fd087639f1fca87da6279b81d" sha1="f22be81bacfc2d90eda474b20e1f7eabdcfa8357" />
		<rom name="Batman Forever (Sega 1995) dB2S DT ColorDMD D-MOD v1.2/0 B2S Backglass Server 1.3.0.2/B2SServerPluginInterface.dll" size="201728" crc="9a18f73f" md5="51238a3f4b3a34d96ca565791736dca6" sha1="9e2118c4a7900ca4a5276aa1475faee49030084b" />
		<rom name="Batman Forever (Sega 1995) dB2S DT ColorDMD D-MOD v1.2/0 B2S Backglass Server 1.3.0.2/Readme.txt" size="2185" crc="2a6f41c8" md5="f39a667aec7532fa84fc655ccac2cc35" sha1="ee8bb5dcb7d3f197d622ae44e42d72068c079da2" />
		<rom name="Batman Forever (Sega 1995) dB2S DT ColorDMD D-MOD v1.2/0 READ ME!!!.txt" size="2719" crc="09da50c9" md5="1ee760ada102f7a9daf669782be9995b" sha1="da6a28f0921fc501d9a703b8b897514af15f9e00" />
		<rom name="Batman Forever (Sega 1995) dB2S DT ColorDMD D-MOD v1.2/b2s.exe" size="1027584" crc="87bae5a5" md5="baa0cea0731012ae4fe4935dde0feaed" sha1="193cc032530d75bc150e0a8c955d1bc07e62dcb2" />
		<rom name="Batman Forever (Sega 1995) dB2S DT ColorDMD D-MOD v1.2/BatmanF_Desktop_1_2.directB2S" size="10327909" crc="ad2ddc4d" md5="91a62f47b5881a86157e1684f7c61ade" sha1="e965aa22e540b10bcb8c4d1ffd182aaf3a3db66d" />
		<rom name="Batman Forever (Sega 1995) dB2S DT ColorDMD D-MOD v1.2/BatmanF_Desktop_1_2.vpt" size="36495360" crc="6f15e645" md5="75782b52d2ed2b2f99ddea639b9356df" sha1="ba1bfd292ee1a77394604079574629fb6fda4c8c" />
		<rom name="Batman Forever (Sega 1995) dB2S DT ColorDMD D-MOD v1.2/ScreenRes.txt" size="29" crc="d45d2a07" md5="1f2729124ca0adf0220764af2befc42e" sha1="beeeb8fe5de3fee07ed0399e3c2985af4f264c4d" />
		<rom name="batman-forever--sega-1995--db2s-dt-colordmd-d-mod-v12.png" size="1497279" crc="f7181618" md5="acb61044d08b2e6e2f32b2fdec011f5f" sha1="73718aca000c64c46ff8f5fd9ae8ea1a1ca9f6f5" />
	</machine>
	<machine name="Batman Forever (SEGA)(1995)(mfuegemann, Kramer73)(1.2)[VP92x][dB2S DT ColorDMD N-MOD v1.2 Xenonph]">
		<description>Batman Forever (SEGA)(1995)(mfuegemann, Kramer73)(1.2)[VP92x][dB2S DT ColorDMD N-MOD v1.2 Xenonph]</description>
		<rom name="Batman Forever (Sega 1995) dB2S DT ColorDMD N-MOD v1.2/0 B2S Backglass Server 1.3.0.2/B2SBackglassServer.dll" size="505856" crc="0c26a518" md5="3ceeb6bef828ab3b7509875232ab52f9" sha1="a6b87cab231cd0d272e88acd7a9de233fa4fde00" />
		<rom name="Batman Forever (Sega 1995) dB2S DT ColorDMD N-MOD v1.2/0 B2S Backglass Server 1.3.0.2/B2SBackglassServerEXE.exe" size="251392" crc="6f9065c9" md5="d57766e59fb132a619c1a3129928816d" sha1="90b86636c490e755be2697d365837ef9d0e9f7a7" />
		<rom name="Batman Forever (Sega 1995) dB2S DT ColorDMD N-MOD v1.2/0 B2S Backglass Server 1.3.0.2/B2SBackglassServerRegisterApp.exe" size="48640" crc="3ba41ea0" md5="08ad063fd087639f1fca87da6279b81d" sha1="f22be81bacfc2d90eda474b20e1f7eabdcfa8357" />
		<rom name="Batman Forever (Sega 1995) dB2S DT ColorDMD N-MOD v1.2/0 B2S Backglass Server 1.3.0.2/B2SServerPluginInterface.dll" size="201728" crc="9a18f73f" md5="51238a3f4b3a34d96ca565791736dca6" sha1="9e2118c4a7900ca4a5276aa1475faee49030084b" />
		<rom name="Batman Forever (Sega 1995) dB2S DT ColorDMD N-MOD v1.2/0 B2S Backglass Server 1.3.0.2/Readme.txt" size="2185" crc="2a6f41c8" md5="f39a667aec7532fa84fc655ccac2cc35" sha1="ee8bb5dcb7d3f197d622ae44e42d72068c079da2" />
		<rom name="Batman Forever (Sega 1995) dB2S DT ColorDMD N-MOD v1.2/0 READ ME!!!.txt" size="2719" crc="09da50c9" md5="1ee760ada102f7a9daf669782be9995b" sha1="da6a28f0921fc501d9a703b8b897514af15f9e00" />
		<rom name="Batman Forever (Sega 1995) dB2S DT ColorDMD N-MOD v1.2/b2s.exe" size="1027584" crc="87bae5a5" md5="baa0cea0731012ae4fe4935dde0feaed" sha1="193cc032530d75bc150e0a8c955d1bc07e62dcb2" />
		<rom name="Batman Forever (Sega 1995) dB2S DT ColorDMD N-MOD v1.2/BatmanF_Desktop_NM1_2.directB2S" size="10327909" crc="ad2ddc4d" md5="91a62f47b5881a86157e1684f7c61ade" sha1="e965aa22e540b10bcb8c4d1ffd182aaf3a3db66d" />
		<rom name="Batman Forever (Sega 1995) dB2S DT ColorDMD N-MOD v1.2/BatmanF_Desktop_NM1_2.vpt" size="38981632" crc="58b59c13" md5="792d91c2d642ae35a56bb31a613d0599" sha1="db0efe634ca25363fc4049f32ba9c5235759d218" />
		<rom name="Batman Forever (Sega 1995) dB2S DT ColorDMD N-MOD v1.2/ScreenRes.txt" size="29" crc="d45d2a07" md5="1f2729124ca0adf0220764af2befc42e" sha1="beeeb8fe5de3fee07ed0399e3c2985af4f264c4d" />
		<rom name="batman-forever--sega-1995--db2s-dt-colordmd-n-mod-v12.png" size="1407636" crc="d7113118" md5="6b4b45007442251122a28adba99a615d" sha1="4412fde90107c0e5218af89a10594209b61fedd5" />
	</machine>
	<machine name="BreakShot (Capcom)(1996)(Noah Fentz, UncleReamus)(1.2)[VP921][MOD DT WS v1.2 ICPjuggla, Herweh, OldSkoolGamer, Koadic]">
		<description>BreakShot (Capcom)(1996)(Noah Fentz, UncleReamus)(1.2)[VP921][MOD DT WS v1.2 ICPjuggla, Herweh, OldSkoolGamer, Koadic]</description>
		<rom name="BreakShot_VP9.2_(Mod WS)1.2.vpt" size="20086784" crc="afa91323" md5="349658dca70f846fac0d48480c075186" sha1="d3f0e2ec2a7b895019b2f3f7e26205ae4f5f853e" />
		<rom name="previewws.png" size="3751402" crc="b656d0d2" md5="f816b04864cf8f61a559d540275b484e" sha1="9bc9b9e3e37e931beb181b0e786d97bc3ec2d984" />
	</machine>
	<machine name="BreakShot (Capcom)(1996)(Noah Fentz, UncleReamus)(1.2)[VP921][MOD FS v1.2 ICPjuggla, Herweh, OldSkoolGamer, Koadic]">
		<description>BreakShot (Capcom)(1996)(Noah Fentz, UncleReamus)(1.2)[VP921][MOD FS v1.2 ICPjuggla, Herweh, OldSkoolGamer, Koadic]</description>
		<rom name="breakshot0-1-.png" size="2810449" crc="3f320f40" md5="f112b38231d51c4068ea1323b0f16352" sha1="97959b027c66ba308698fbb5ec55c2b192a9f396" />
		<rom name="BreakShot_VP9.2_(Mod FS)1.2.vpt" size="18309120" crc="522727ce" md5="2c71cab42509edae200581cb19f09675" sha1="c8e1c2361a364ccd97de2322387a8e7323810788" />
	</machine>
	<machine name="Champion Pub, The (Bally)(1998)(Uncle Reamus, Destruk)[VP921][MOD Gfx v2.4 mfugemann]">
		<description>Champion Pub, The (Bally)(1998)(Uncle Reamus, Destruk)[VP921][MOD Gfx v2.4 mfugemann]</description>
		<rom name="Champion Pub_2_4.vpt" size="14716928" crc="8e1e899c" md5="e033abf798990ee87b77483c30b3509a" sha1="35524c7db9c98b1bf226fb10a0fdfa13905df829" />
		<rom name="screen_43_2_3.jpg" size="566354" crc="59e686aa" md5="13e8dc22c5f9be96d9d13c5c13a3b0cf" sha1="0317a5853e537c66ecaaff58c9084588085ff6fa" />
	</machine>
	<machine name="Creature from the Black Lagoon (Bally)(1992)(melon, darquayle)[VP92x][dB2S DT ColorDMD D-MOD v1.0.1b Xenonph]">
		<description>Creature from the Black Lagoon (Bally)(1992)(melon, darquayle)[VP92x][dB2S DT ColorDMD D-MOD v1.0.1b Xenonph]</description>
		<rom name="Creature From The Black Lagoon (Bally 1992) dB2S DT ColorDMD VP9.2 melon MOD v1.0.1b/0 READ ME!!!.txt" size="2719" crc="09da50c9" md5="1ee760ada102f7a9daf669782be9995b" sha1="da6a28f0921fc501d9a703b8b897514af15f9e00" />
		<rom name="Creature From The Black Lagoon (Bally 1992) dB2S DT ColorDMD VP9.2 melon MOD v1.0.1b/b2s.exe" size="1027584" crc="87bae5a5" md5="baa0cea0731012ae4fe4935dde0feaed" sha1="193cc032530d75bc150e0a8c955d1bc07e62dcb2" />
		<rom name="Creature From The Black Lagoon (Bally 1992) dB2S DT ColorDMD VP9.2 melon MOD v1.0.1b/CFTBL 1.0.1 -melon- VP9.2b.directb2s" size="11047569" crc="c8f56501" md5="f05460cd541b4b88a8504ece0bd1ca0a" sha1="b14166c504bd6f2aee9b5246f59346d818bfe7dd" />
		<rom name="Creature From The Black Lagoon (Bally 1992) dB2S DT ColorDMD VP9.2 melon MOD v1.0.1b/CFTBL 1.0.1 -melon- VP9.2b.vpt" size="30965760" crc="9325038a" md5="26257af3119477afd4934dbc144b4309" sha1="0d196473c89c5fc1d397a5ff5729d9be3e677d79" />
		<rom name="Creature From The Black Lagoon (Bally 1992) dB2S DT ColorDMD VP9.2 melon MOD v1.0.1b/ScreenRes.txt" size="29" crc="b48d98cd" md5="8a448c8aca726b6bbd2deea268d0030d" sha1="6ef825c2d4bf5f6ea4f381e32ae6566fcf8bfb71" />
		<rom name="Creature From The Black Lagoon (Bally 1992) dB2S DT ColorDMD VP9.2 melon MOD v1.0.1b/0 B2S Backglass Server 1.3.0.2/B2SBackglassServer.dll" size="505856" crc="0c26a518" md5="3ceeb6bef828ab3b7509875232ab52f9" sha1="a6b87cab231cd0d272e88acd7a9de233fa4fde00" />
		<rom name="Creature From The Black Lagoon (Bally 1992) dB2S DT ColorDMD VP9.2 melon MOD v1.0.1b/0 B2S Backglass Server 1.3.0.2/B2SBackglassServerEXE.exe" size="251392" crc="6f9065c9" md5="d57766e59fb132a619c1a3129928816d" sha1="90b86636c490e755be2697d365837ef9d0e9f7a7" />
		<rom name="Creature From The Black Lagoon (Bally 1992) dB2S DT ColorDMD VP9.2 melon MOD v1.0.1b/0 B2S Backglass Server 1.3.0.2/B2SBackglassServerRegisterApp.exe" size="48640" crc="3ba41ea0" md5="08ad063fd087639f1fca87da6279b81d" sha1="f22be81bacfc2d90eda474b20e1f7eabdcfa8357" />
		<rom name="Creature From The Black Lagoon (Bally 1992) dB2S DT ColorDMD VP9.2 melon MOD v1.0.1b/0 B2S Backglass Server 1.3.0.2/B2SServerPluginInterface.dll" size="201728" crc="9a18f73f" md5="51238a3f4b3a34d96ca565791736dca6" sha1="9e2118c4a7900ca4a5276aa1475faee49030084b" />
		<rom name="Creature From The Black Lagoon (Bally 1992) dB2S DT ColorDMD VP9.2 melon MOD v1.0.1b/0 B2S Backglass Server 1.3.0.2/Readme.txt" size="2185" crc="2a6f41c8" md5="f39a667aec7532fa84fc655ccac2cc35" sha1="ee8bb5dcb7d3f197d622ae44e42d72068c079da2" />
		<rom name="creature-from-the-black-lagoon--bally-1992--db2s-dt-colordmd-vp92-melon-d-mod-v101b.png" size="1547425" crc="8d312d9a" md5="608ff3c4ee2110990ef89d1aaa9c458f" sha1="926280fa3b777ca6b5fcb305f0849326be98cbef" />
	</machine>
	<machine name="Creature from the Black Lagoon (Bally)(1992)(melon, darquayle)[VP92x][dB2S DT ColorDMD N-MOD v1.0.1b Xenonph]">
		<description>Creature from the Black Lagoon (Bally)(1992)(melon, darquayle)[VP92x][dB2S DT ColorDMD N-MOD v1.0.1b Xenonph]</description>
		<rom name="Creature From The Black Lagoon (Bally 1992) dB2S DT ColorDMD VP9.2 melon N-MOD v1.0.1b/0 READ ME!!!.txt" size="2719" crc="09da50c9" md5="1ee760ada102f7a9daf669782be9995b" sha1="da6a28f0921fc501d9a703b8b897514af15f9e00" />
		<rom name="Creature From The Black Lagoon (Bally 1992) dB2S DT ColorDMD VP9.2 melon N-MOD v1.0.1b/b2s.exe" size="1027584" crc="87bae5a5" md5="baa0cea0731012ae4fe4935dde0feaed" sha1="193cc032530d75bc150e0a8c955d1bc07e62dcb2" />
		<rom name="Creature From The Black Lagoon (Bally 1992) dB2S DT ColorDMD VP9.2 melon N-MOD v1.0.1b/CFTBL NM 1.0.1 -melon- VP9.2b.directb2s" size="11047569" crc="c8f56501" md5="f05460cd541b4b88a8504ece0bd1ca0a" sha1="b14166c504bd6f2aee9b5246f59346d818bfe7dd" />
		<rom name="Creature From The Black Lagoon (Bally 1992) dB2S DT ColorDMD VP9.2 melon N-MOD v1.0.1b/CFTBL NM 1.0.1 -melon- VP9.2b.vpt" size="31670272" crc="a269232a" md5="6544e703cefc781561daef3373cbf827" sha1="744b613e731512cb5a801ebcfe7229b352fc7a98" />
		<rom name="Creature From The Black Lagoon (Bally 1992) dB2S DT ColorDMD VP9.2 melon N-MOD v1.0.1b/ScreenRes.txt" size="29" crc="b48d98cd" md5="8a448c8aca726b6bbd2deea268d0030d" sha1="6ef825c2d4bf5f6ea4f381e32ae6566fcf8bfb71" />
		<rom name="Creature From The Black Lagoon (Bally 1992) dB2S DT ColorDMD VP9.2 melon N-MOD v1.0.1b/0 B2S Backglass Server 1.3.0.2/B2SBackglassServer.dll" size="505856" crc="0c26a518" md5="3ceeb6bef828ab3b7509875232ab52f9" sha1="a6b87cab231cd0d272e88acd7a9de233fa4fde00" />
		<rom name="Creature From The Black Lagoon (Bally 1992) dB2S DT ColorDMD VP9.2 melon N-MOD v1.0.1b/0 B2S Backglass Server 1.3.0.2/B2SBackglassServerEXE.exe" size="251392" crc="6f9065c9" md5="d57766e59fb132a619c1a3129928816d" sha1="90b86636c490e755be2697d365837ef9d0e9f7a7" />
		<rom name="Creature From The Black Lagoon (Bally 1992) dB2S DT ColorDMD VP9.2 melon N-MOD v1.0.1b/0 B2S Backglass Server 1.3.0.2/B2SBackglassServerRegisterApp.exe" size="48640" crc="3ba41ea0" md5="08ad063fd087639f1fca87da6279b81d" sha1="f22be81bacfc2d90eda474b20e1f7eabdcfa8357" />
		<rom name="Creature From The Black Lagoon (Bally 1992) dB2S DT ColorDMD VP9.2 melon N-MOD v1.0.1b/0 B2S Backglass Server 1.3.0.2/B2SServerPluginInterface.dll" size="201728" crc="9a18f73f" md5="51238a3f4b3a34d96ca565791736dca6" sha1="9e2118c4a7900ca4a5276aa1475faee49030084b" />
		<rom name="Creature From The Black Lagoon (Bally 1992) dB2S DT ColorDMD VP9.2 melon N-MOD v1.0.1b/0 B2S Backglass Server 1.3.0.2/Readme.txt" size="2185" crc="2a6f41c8" md5="f39a667aec7532fa84fc655ccac2cc35" sha1="ee8bb5dcb7d3f197d622ae44e42d72068c079da2" />
		<rom name="creature-from-the-black-lagoon--bally-1992--db2s-dt-colordmd-vp92-melon-n-mod-v101b.png" size="1464356" crc="900b9a5d" md5="06b6cce2e63363116cda5f1983e81374" sha1="fe23c29a7e3fa0978ca0b94e05ce442be02fb0d3" />
	</machine>
	<machine name="Creature from the Black Lagoon (Bally)(1992)(unclewilly)[VP912][MOD DT Gfx v1.6 rob046]">
		<description>Creature from the Black Lagoon (Bally)(1992)(unclewilly)[VP912][MOD DT Gfx v1.6 rob046]</description>
		<rom name="Creature from the Black Lagoon Rules &amp; Instructions.txt" size="45169" crc="c414f777" md5="a3a9e4737f9fd36ba20a027f60906bca" sha1="aed6ba1f1b653adc9df363543b14b5f85b2c1240" />
		<rom name="Creature_from_the_Black_Lagoon_Mod_43_VP912_1.6.vpt" size="33509376" crc="05f8f270" md5="066fb6770d1cdc3fb308aaeff55c1ffe" sha1="21f20699e0038354af43393b0c8e3dfcc95f954f" />
		<rom name="screenshot.jpg" size="451522" crc="02ca53e8" md5="08b038a7a5b3e56ae9bd9ee47a3d9411" sha1="744c50546f6b1a370bf7bf70f4b2f96f6a684d40" />
	</machine>
	<machine name="Defender (Williams)(1982)(gtxjoe)(1.0)[VP92x][MOD WS Gfx 1.1 Batch]">
		<description>Defender (Williams)(1982)(gtxjoe)(1.0)[VP92x][MOD WS Gfx 1.1 Batch]</description>
		<rom name="Defender (Williams 1982) (VP9.2 WS 1.1).vpt" size="30355456" crc="2f34bf93" md5="ff6df98b10c84ca7062d4a90d77bde47" sha1="e5550e3f4e0cb397b713d53e5e803b586629d7cd" />
		<rom name="defender--williams-1982---vp92-ws-11-.jpg" size="767912" crc="dac3ba44" md5="7397a0659cde64ad38cec77c0d0dff07" sha1="5b236f95f6adf752795b2bdc9729fa141d2f5df9" />
	</machine>
	<machine name="Dirty Harry (Williams)(1995)(PacDude (VP8), el_timbo)(1.0)[VP920][MOD DT v1.0 PFace]">
		<description>Dirty Harry (Williams)(1995)(PacDude (VP8), el_timbo)(1.0)[VP920][MOD DT v1.0 PFace]</description>
		<rom name="Dirty Harry VP9 4x3 (PFaceMod 1.0.0).vpt" size="15700992" crc="17acfe13" md5="ad25941501e768910e36de3c77ceb2f2" sha1="6940b21eab124b975b1e8d73e4a2709556ecca4e" />
		<rom name="screenshot.jpg" size="358496" crc="5fbe0066" md5="faaad69e43bee7e8ac39162154a7a0dc" sha1="877df0d967405a88ad45e2f42f28f502148ecb22" />
	</machine>
	<machine name="F-14 Tomcat (Williams)(1987)(JPSalas)(1.00)[VP920][MOD marauder v1.0]">
		<description>F-14 Tomcat (Williams)(1987)(JPSalas)(1.00)[VP920][MOD marauder v1.0]</description>
		<rom name="F-14 Tomcat (Williams)(1987)(JPSalas)(1.00)[VP920][MOD marauder v1.0].vpt" size="16216064" crc="e9ae75ea" md5="641fcd1a6c30d10476442b45b4ea5b20" sha1="f606d6fcea537dbfdc989edbe1f43b25dbc8285e" />
		<rom name="F-14 Tomcat screenshot.jpg" size="478275" crc="e2bd622f" md5="10d58f9cfd9306d287943764e37cf4e8" sha1="5099595664843f15b5318d111b74dd0ced5c83f9" />
	</machine>
	<machine name="Goldeneye (SEGA)(1996)(Pingod, UncleReamus, Destruk)(1.0)[VP920][FullScreen MOD Trout v1.2][FullScreen ALPHA II MOD teppotee v2.0]">
		<description>Goldeneye (SEGA)(1996)(Pingod, UncleReamus, Destruk)(1.0)[VP920][FullScreen MOD Trout v1.2][FullScreen ALPHA II MOD teppotee v2.0]</description>
		<rom name="Goldeneye (SEGA)(1996)(Pingod, UncleReamus, Destruk)(1.0)[VP920][FullScreen MOD Trout v1.2][FullScreen ALPHA II MOD teppotee v2.0].vpt" size="26443776" crc="0c88fde0" md5="16a57965a31434d6af0369843ac09d30" sha1="38b62d2768370092e2340a4e9a80c5291a1ec5f6" />
		<rom name="Goldeneye screenshot.png" size="990393" crc="a3b0b55e" md5="f7cb0db94a1355b017eed36265621454" sha1="0bf67be84477412cdb05e6f11c1a5031b98d501a" />
	</machine>
	<machine name="Guns N' Roses (Data East)(1994)(Lord Hiryu, JPSalas)(3.2)[VP920][FullScreen ALPHA B2B GI MOD teppotee v2.2][MOD dB2S DT ColorDMD v4.01b Xenonph]">
		<description>Guns N' Roses (Data East)(1994)(Lord Hiryu, JPSalas)(3.2)[VP920][FullScreen ALPHA B2B GI MOD teppotee v2.2][MOD dB2S DT ColorDMD v4.01b Xenonph]</description>
		<rom name="0 B2S Backglass Server 1.3.0.2/B2SBackglassServer.dll" size="505856" crc="0c26a518" md5="3ceeb6bef828ab3b7509875232ab52f9" sha1="a6b87cab231cd0d272e88acd7a9de233fa4fde00" />
		<rom name="0 B2S Backglass Server 1.3.0.2/B2SBackglassServerEXE.exe" size="251392" crc="6f9065c9" md5="d57766e59fb132a619c1a3129928816d" sha1="90b86636c490e755be2697d365837ef9d0e9f7a7" />
		<rom name="0 B2S Backglass Server 1.3.0.2/B2SBackglassServerRegisterApp.exe" size="48640" crc="3ba41ea0" md5="08ad063fd087639f1fca87da6279b81d" sha1="f22be81bacfc2d90eda474b20e1f7eabdcfa8357" />
		<rom name="0 B2S Backglass Server 1.3.0.2/B2SServerPluginInterface.dll" size="201728" crc="9a18f73f" md5="51238a3f4b3a34d96ca565791736dca6" sha1="9e2118c4a7900ca4a5276aa1475faee49030084b" />
		<rom name="0 B2S Backglass Server 1.3.0.2/Readme.txt" size="2185" crc="2a6f41c8" md5="f39a667aec7532fa84fc655ccac2cc35" sha1="ee8bb5dcb7d3f197d622ae44e42d72068c079da2" />
		<rom name="0 READ ME!!!.txt" size="2719" crc="09da50c9" md5="1ee760ada102f7a9daf669782be9995b" sha1="da6a28f0921fc501d9a703b8b897514af15f9e00" />
		<rom name="b2s.exe" size="1027584" crc="87bae5a5" md5="baa0cea0731012ae4fe4935dde0feaed" sha1="193cc032530d75bc150e0a8c955d1bc07e62dcb2" />
		<rom name="GNR_VP920_FS_MOD_4.01b.directb2s" size="7454541" crc="549b0146" md5="16676e6b6e6988baec99274e017e87e3" sha1="8d084aec9b9ab6d463d63dde363c052be11816a5" />
		<rom name="GNR_VP920_FS_MOD_4.01b.vpt" size="25997312" crc="160b0d7e" md5="fc12d151b7e8639384f686c60b16a228" sha1="ad2d37f7214dd91c37a984f8acce1dce00c51d68" />
		<rom name="guns-n--roses--data-east-1994--db2s-dt-colordmd-vp920-mod-v401b.png" size="1563273" crc="2b30eb0d" md5="96c25715b1baf7b3087fcdda2f242db2" sha1="94dde2641e7a704197c06e082006d479af54de39" />
		<rom name="ScreenRes.txt" size="29" crc="8e149f78" md5="83fcc938b3c52f2cbbb060e61165d387" sha1="ac2548286d0cff9bf1a6175f2cb3755edf30cb49" />
	</machine>
	<machine name="Guns N' Roses (Data East)(1994)(Lord Hiryu, JPSalas)(3.2)[VP920]MOD FS Apha B2B GI v2.2 Teppotee]">
		<description>Guns N' Roses (Data East)(1994)(Lord Hiryu, JPSalas)(3.2)[VP920]MOD FS Apha B2B GI v2.2 Teppotee]</description>
		<rom name="GNR_FS_alpha_B2B_GI_MOD_TT_2.2.vpt" size="10924032" crc="905e2ad8" md5="0052aa4693f4ea75365d72f49754dcff" sha1="73d32f2be714f354944590b0a44036d32c1d411c" />
	</machine>
	<machine name="Guns N' Roses (Data East)(1994)(Lord Hiryu, JPSalas)(3.2)[VP920]MOD FS Apha NightMode v4.01 Teppotee]">
		<description>Guns N' Roses (Data East)(1994)(Lord Hiryu, JPSalas)(3.2)[VP920]MOD FS Apha NightMode v4.01 Teppotee]</description>
		<rom name="gnr_40small.png" size="902544" crc="2b59f4d0" md5="fc7be5853ef439c81829590973d67e30" sha1="2f3947f061eebc5507ba4f3a9180d5101ad25916" />
		<rom name="GNR_VP920_FS_MOD_4.01.vpt" size="19734528" crc="f10acf99" md5="3806860fef32975f762397dafde50530" sha1="d0b7cc4e535f741c94a0940fb08c6f871a0b9c16" />
	</machine>
	<machine name="Hurricane (Williams)(1981)(TAB)[VP920][FullScreen ICPjuggla][Mod by ICPjuggla, JimmyFingers (BMPR Physics), OldSkoolGamer, Koadic v1.1]">
		<description>Hurricane (Williams)(1981)(TAB)[VP920][FullScreen ICPjuggla][Mod by ICPjuggla, JimmyFingers (BMPR Physics), OldSkoolGamer, Koadic v1.1]</description>
		<rom name="Hurricane (Williams)(1991)(TAB)[VP920][FullScreen ICPjuggla][Mod by ICPjuggla, JimmyFingers (BMPR Physics), OldSkoolGamer, Koadic v1.0].vpt" size="46342144" crc="ffdf7ecc" md5="9dc20c1efc7879ddbf359fee0546d958" sha1="12c953c2054dc9f52cf0093f793d4d354aad0676" />
		<rom name="Hurricane (Williams)(1991)(TAB)[VP920][FullScreen ICPjuggla][Mod by ICPjuggla, JimmyFingers (BMPR Physics), OldSkoolGamer, Koadic v1.1].vpt" size="48521216" crc="ad4e6faf" md5="b3a9325024cce757ef63e6202f742a3d" sha1="40d4dc40158600acf00fb9e3f54985678f1e1fc1" />
		<rom name="Hurricane screenshot.png" size="3701683" crc="adaf0b0a" md5="e689ff49f12cdfdc042e533f6cd6ed6c" sha1="1cc4dc643eafdee88396d0098b7adb8f76b4b707" />
	</machine>
	<machine name="Iron Man (Stern)(2010)(85Vett)(1.04)[VP920][FullScreen 85Vett][modelmod_BMPRlite Rascal]">
		<description>Iron Man (Stern)(2010)(85Vett)(1.04)[VP920][FullScreen 85Vett][modelmod_BMPRlite Rascal]</description>
		<rom name="Iron Man (Stern)(2010)(85Vett)(1.04)[VP920][FullScreen 85Vett][modelmod_BMPRlite Rascal].vpt" size="40599552" crc="be793f7f" md5="4ce55608a71ad2875b230cdc27dd43d7" sha1="66407a136d2cf4f6798fcee5e956176143c64f34" />
		<rom name="Iron Man screenshot.jpg" size="598680" crc="399dec1e" md5="f540012b2e97dacb80d384470afe7f48" sha1="4ae9c06d8191f9a3f3e5f8af223c445b5fe820e5" />
	</machine>
	<machine name="Judge Dredd (Bally)(1993)(bmiki75, LH, Teppotee)[VP921][MOD DESKTOP BETA2 Sandro]">
		<description>Judge Dredd (Bally)(1993)(bmiki75, LH, Teppotee)[VP921][MOD DESKTOP BETA2 Sandro]</description>
		<rom name="Judge Dredd - MOD_DESKTOP_VP921_DX9_BETA2.vpt" size="40136704" crc="5f97a5b7" md5="bcfb0e97427416ed4129e6da149fd0ce" sha1="64aa0e972e511a25689cb21a30041698d04b27d9" />
		<rom name="judge-dredd.jpg" size="426800" crc="ea6bbb92" md5="dba54d13f2035dc963b65cd6b156565c" sha1="a0711cb77bd8474a6b04d1062d97409bbeb823de" />
	</machine>
	<machine name="Junk Yard (Williams)(1996)(Destruk (VP8))[VP921][MOD DT Gfx v2.2 mfuegemann]">
		<description>Junk Yard (Williams)(1996)(Destruk (VP8))[VP921][MOD DT Gfx v2.2 mfuegemann]</description>
		<rom name="Junk Yard_VP9_2_2.vpt" size="22908928" crc="bdf68146" md5="10c08f35097808370414da6e6050fcf4" sha1="7b3c3676cc40a07f93ef4ef058fc0e148d4d46ca" />
		<rom name="screen_43.jpg" size="571725" crc="328047e5" md5="e11c1a6db3c8d7f938adaa5dacbe2dbd" sha1="63fa2c96cfd0e10e078e8c3b6492b4dad92b2a14" />
	</machine>
	<machine name="Shadow, The (Bally)(1994)(GRONI)[VP92x][MOD Night mode v2.0 Aaron James]">
		<description>Shadow, The (Bally)(1994)(GRONI)[VP92x][MOD Night mode v2.0 Aaron James]</description>
		<rom name="shadow20small.png" size="865356" crc="461ac96a" md5="b4a04d3fe39f86f2385f734818583ce1" sha1="bc307d88b30b702afa1616a34e5d246cfedebb03" />
		<rom name="The Shadow_FS_MOD_NM_VP920_2.0.vpt" size="20873216" crc="3dd72c36" md5="4e44390ea1a42ca48a573ae7dd865287" sha1="70ce5657235a4d18dcbb03d183f61f6cee4f9b49" />
	</machine>
	<machine name="Starship Troopers (SEGA)(1997)(Rosve)(3.0)[VP920][FullScreen + dB2S Rosve][Flasher MOD teppotee v5.6]">
		<description>Starship Troopers (SEGA)(1997)(Rosve)(3.0)[VP920][FullScreen + dB2S Rosve][Flasher MOD teppotee v5.6]</description>
		<rom name="Starship Troopers (4.0) screenshot.png" size="894503" crc="0056564a" md5="dd267ef7541963071836f1182fa376db" sha1="a8f7859062d998be1d041aa6677745db6f12161e" />
		<rom name="Starship Troopers (5.6) screenshot.png" size="1830620" crc="1472f183" md5="b9a82b447dbdbb097324a3dec2ae92c9" sha1="b4b280324ee6ea316ecf1b3363441464edcc9e27" />
		<rom name="Starship Troopers (Desktop) screenshot.jpg" size="702403" crc="44227221" md5="22bc52c202852558fba404fbd7a541ce" sha1="97ca618bd32d89d39273cbc9c328dc5869bd299f" />
		<rom name="Starship Troopers (SEGA)(1997)(Rosve)(3.0)[VP920][FullScreen + dB2S Rosve][Flasher MOD teppotee v4.0].vpt" size="39694336" crc="a888ab99" md5="529685d136d5e1d27b3f48300d6a01c7" sha1="5894efaeb75ae2bba98efbe7db8da1dfb1591038" />
		<rom name="Starship Troopers (SEGA)(1997)(Rosve)(3.0)[VP920][FullScreen + dB2S Rosve][Flasher MOD teppotee v4.01].vpt" size="40210432" crc="c0938871" md5="c7eaf4677eda0f94763b0e50ba0e1e7a" sha1="010b04abe165e4e87ce1773ffad5c60f60a3afc0" />
		<rom name="Starship Troopers (SEGA)(1997)(Rosve)(3.0)[VP920][FullScreen + dB2S Rosve][Flasher MOD teppotee v5.5].vpt" size="40931328" crc="c645272c" md5="c6f8300041348416184ed5e98555d6a6" sha1="341d72c63927effb13ea88d2d5cf270ac3937169" />
		<rom name="Starship Troopers (SEGA)(1997)(Rosve)(3.0)[VP920][FullScreen + dB2S Rosve][Flasher MOD teppotee v5.5][Desktop batch v1.1].vpt" size="42393600" crc="5aaed29a" md5="01b5f5f922a31d56e9cef686ac9849e1" sha1="7531e716d00011565f5cbfa24d2c1978d73561ea" />
		<rom name="Starship Troopers (SEGA)(1997)(Rosve)(3.0)[VP920][FullScreen + dB2S Rosve][Flasher MOD teppotee v5.6].vpt" size="40931328" crc="282e39ee" md5="d6f1142657e423ab2c4528b39bea323b" sha1="2148a446751aca35d55baaff6faa7b8f7755deea" />
	</machine>
	<machine name="Terminator 2 - Judgement Day (Williams)(1991)(UR, NF)(1.1RC)[VP920][MOD Chrome Edition FS tipoto v1.07]">
		<description>Terminator 2 - Judgement Day (Williams)(1991)(UR, NF)(1.1RC)[VP920][MOD Chrome Edition FS tipoto v1.07]</description>
		<rom name="Music/Arcade_Room.mp3" size="1924015" crc="912384be" md5="f043e526b8cd503024ba041c47eabf59" sha1="f67e686df340de437fbc67e4c77c33f3f227ce89" />
		<rom name="Music/Info.txt" size="162" crc="b818d3a0" md5="41f01789fb7f99019fa3bd4395c012c1" sha1="f6dc36bdd2ddbde7c21651dcafd9a2ff8a3ba459" />
		<rom name="Info_MutliLanguage.txt" size="3668" crc="2ab6163a" md5="6bda66e4f37779fbab3def5c34d82dab" sha1="fc28549c47958f1403ec8f244eb6813776b3edd6" />
		<rom name="screenshot.jpg" size="921065" crc="931e3a81" md5="975f33ed6de760df07a43ae94ca36fc9" sha1="4a20688d767c7db0d1c82a0f6ce8be182169f10e" />
		<rom name="T2_CE_Tipoto_1.07_FS.vpt" size="35295232" crc="f260d845" md5="4e7c29a095b245d77ca65c212ee9d56f" sha1="5c5572db92df6a0901b537370968595316758919" />
		<rom name="Updates.txt" size="2381" crc="1d462b25" md5="fc9ad682531e33408ca511ed7349610b" sha1="b10f94e3fcbf3babc68135d501d54a5d2322dbfc" />
	</machine>
	<machine name="World Cup Soccer (Bally)(1994)(Bmiki75, Koadic, Bent98)[VP920][MOd Full Screen v1.2 Bodydump]">
		<description>World Cup Soccer (Bally)(1994)(Bmiki75, Koadic, Bent98)[VP920][MOd Full Screen v1.2 Bodydump]</description>
		<rom name="wcs.jpg" size="707101" crc="0abba32c" md5="a0772d47bd030c12d813e15f285a0342" sha1="4482bb3515e6dfb9a6c9d7ecc73d7d737985b8f5" />
		<rom name="World Cup Soccer (Bally)(1994)(Bmiki75 Koadic Bodydump Bent98)(1.2)(FS MOD).vpt" size="35852288" crc="458d497c" md5="9802efd5a2e0ccaee6f9c68288b6de1b" sha1="9606e33bf1ed30242eb2931fd974bed53e94885e" />
	</machine>
</datafile>