<?xml version="1.0" encoding="utf-8"?>
<!DOCTYPE datafile PUBLIC "-//Logiqx//DTD ROM Management Datafile//EN" "http://www.logiqx.com/Dats/datafile.dtd">
<datafile>
	<header>
		<name>Visual Pinball [VP8] PinMame Tables [WideScreen]</name>
		<description>Visual Pinball [VP8] PinMame Tables [WideScreen] (2024-01-27)</description>
		<version></version>
		<date>2024-01-27</date>
		<author></author>
	</header>
	<machine name="Tales from the Crypt (Data East)(1993)(Lander)(1.1)[VP8][Widescreen]">
		<description>Tales from the Crypt (Data East)(1993)(Lander)(1.1)[VP8][Widescreen]</description>
		<rom name="screenshot.jpg" size="703613" crc="6abb3258" md5="7695c0fe33bf5857cafc194e96248053" sha1="4c755a520fdfde3e9eebdffe825ddb2535d604cf" />
		<rom name="Tales From the Crypt V1.1 Wide (Lander).vpt" size="3939328" crc="fcc554dd" md5="407886fd51725a72f1225a628e4dcbeb" sha1="4f26158672f16262362fcefad50adc9406de30a1" />
	</machine>
</datafile>