<?xml version="1.0" encoding="utf-8"?>
<!DOCTYPE datafile PUBLIC "-//Logiqx//DTD ROM Management Datafile//EN" "http://www.logiqx.com/Dats/datafile.dtd">
<datafile>
	<header>
		<name>Visual Pinball [VP91x] PinMame Tables [Flipperless]</name>
		<description>Visual Pinball [VP91x] PinMame Tables [Flipperless] (2024-01-27)</description>
		<version></version>
		<date>2024-01-27</date>
		<author></author>
	</header>
	<machine name="Star Trax (Williams)(1990)(Destruk, TAB)(1.0)[VP9][Prototype]">
		<description>Star Trax (Williams)(1990)(Destruk, TAB)(1.0)[VP9][Prototype]</description>
		<rom name="screenshot.jpg" size="932137" crc="107b4b13" md5="affd672717647c9d2a5ebe2a3b73ec38" sha1="ba94a09d1b2dbb4523ce69099d5d5c3749e00797" />
		<rom name="Star Trax.vpt" size="10713088" crc="dd7f9287" md5="a4122fcf3967642fe44e63e1e0d3f6eb" sha1="a44b747a8646148b446fdec6214b923831f572f3" />
	</machine>
	<machine name="Top Dawg Shuffle Alley (Williams)(1988)(Rascal, Wildman)(1.1)[VP915][FSRascal, Wildman][dB2S Rascal, Wildman][Pin Bowling]">
		<description>Top Dawg Shuffle Alley (Williams)(1988)(Rascal, Wildman)(1.1)[VP915][FSRascal, Wildman][dB2S Rascal, Wildman][Pin Bowling]</description>
		<rom name="(1.0)[VP915][FSRascal, Wildman][dB2S Rascal, Wildman][Pin Bowling]/Top Dawg.directb2s" size="11483683" crc="0c30e589" md5="ee1243ae5732a5c6972d0de0d205d827" sha1="6df75c24ae1fafe5f56dd92cb75b4b650da6f4d6" />
		<rom name="(1.0)[VP915][FSRascal, Wildman][dB2S Rascal, Wildman][Pin Bowling]/Top Dawg.vpt" size="16646144" crc="8ad710dd" md5="23cfff41dedfdf34ef57553a457faaad" sha1="85e0bb279b793364a830917add8763ce9f6c0cfc" />
		<rom name="(1.0)[VP915][FSRascal, Wildman][dB2S Rascal, Wildman][Pin Bowling]/hyperpin/backglass/Top Dawg.png" size="3583328" crc="82e3d765" md5="eb237eb68402c353d7d859e8be2c8642" sha1="51c7b63b3b78f583b35167db561e25d015d5858d" />
		<rom name="(1.0)[VP915][FSRascal, Wildman][dB2S Rascal, Wildman][Pin Bowling]/hyperpin/table/Top Dawg.png" size="1844586" crc="72f7470a" md5="9b5da700ef5adcd16717026d6b6e136e" sha1="b52628661d81442160b1d46ca9b603af58638ff4" />
		<rom name="(1.0)[VP915][FSRascal, Wildman][dB2S Rascal, Wildman][Pin Bowling]/hyperpin/wheel/Top Dawg.png" size="421978" crc="bf118771" md5="7e85910e8ac20e194dcaa46fd928c35e" sha1="7c56ef3e93e391b395f114170a9417c4a26e92dd" />
		<rom name="(1.0)[VP915][FSRascal, Wildman][dB2S Rascal, Wildman][Pin Bowling]/Rom/tdawg_l1/tdsu21r1.256" size="32768" crc="6a323227" md5="f626166fb573468ab12c020b799c2b01" sha1="7c7263754e5672c654a2ee9582f0b278e637a909" />
		<rom name="(1.0)[VP915][FSRascal, Wildman][dB2S Rascal, Wildman][Pin Bowling]/Rom/tdawg_l1/tdsu22r1.256" size="32768" crc="58407eb4" md5="870846adcc93e8fe01cee5e08fa47375" sha1="6bd9b304c88d9470eae5afb6621187f4a8313573" />
		<rom name="(1.0)[VP915][FSRascal, Wildman][dB2S Rascal, Wildman][Pin Bowling]/Rom/tdawg_l1/tdu27r1.128" size="16384" crc="0b4bb586" md5="4820c0c808e9384fe870d2d2fa47fb83" sha1="a927ebf7167609cc84b38c22aa35d0c4d259dd8b" />
		<rom name="(1.1)[VP915][FSRascal, Wildman][dB2S Rascal, Wildman][Pin Bowling]/Top Dawg.directb2s" size="12355795" crc="5ee3156c" md5="255ec30302f17da31e7c68e2cbe71749" sha1="154fe3fb22745ccd220173664283dd4ae8da39a7" />
		<rom name="(1.1)[VP915][FSRascal, Wildman][dB2S Rascal, Wildman][Pin Bowling]/Top Dawg.vpt" size="16646144" crc="fceaaa31" md5="528106d3aee8791dcf8872cf18362c5a" sha1="26d1d7917b4c9e2cc201f79cc3e8b865735a5ed8" />
		<rom name="(1.1)[VP915][FSRascal, Wildman][dB2S Rascal, Wildman][Pin Bowling]/hyperpin/backglass/Top Dawg.png" size="3583328" crc="82e3d765" md5="eb237eb68402c353d7d859e8be2c8642" sha1="51c7b63b3b78f583b35167db561e25d015d5858d" />
		<rom name="(1.1)[VP915][FSRascal, Wildman][dB2S Rascal, Wildman][Pin Bowling]/hyperpin/table/Top Dawg.png" size="1844586" crc="72f7470a" md5="9b5da700ef5adcd16717026d6b6e136e" sha1="b52628661d81442160b1d46ca9b603af58638ff4" />
		<rom name="(1.1)[VP915][FSRascal, Wildman][dB2S Rascal, Wildman][Pin Bowling]/hyperpin/wheel/Top Dawg.png" size="421978" crc="bf118771" md5="7e85910e8ac20e194dcaa46fd928c35e" sha1="7c56ef3e93e391b395f114170a9417c4a26e92dd" />
		<rom name="(1.1)[VP915][FSRascal, Wildman][dB2S Rascal, Wildman][Pin Bowling]/Rom/tdawg_l1/tdsu21r1.256" size="32768" crc="6a323227" md5="f626166fb573468ab12c020b799c2b01" sha1="7c7263754e5672c654a2ee9582f0b278e637a909" />
		<rom name="(1.1)[VP915][FSRascal, Wildman][dB2S Rascal, Wildman][Pin Bowling]/Rom/tdawg_l1/tdsu22r1.256" size="32768" crc="58407eb4" md5="870846adcc93e8fe01cee5e08fa47375" sha1="6bd9b304c88d9470eae5afb6621187f4a8313573" />
		<rom name="(1.1)[VP915][FSRascal, Wildman][dB2S Rascal, Wildman][Pin Bowling]/Rom/tdawg_l1/tdu27r1.128" size="16384" crc="0b4bb586" md5="4820c0c808e9384fe870d2d2fa47fb83" sha1="a927ebf7167609cc84b38c22aa35d0c4d259dd8b" />
		<rom name="Top Dawg Shuffle Alley screenshot.png" size="425191" crc="df5cf150" md5="5f5b034ca6e762d785ed15a22c0d9086" sha1="b7c7e334a2392bc259888bd15c1c8f48b17e203b" />
	</machine>
</datafile>