<?xml version="1.0" encoding="utf-8"?>
<!DOCTYPE datafile PUBLIC "-//Logiqx//DTD ROM Management Datafile//EN" "http://www.logiqx.com/Dats/datafile.dtd">
<datafile>
	<header>
		<name>Visual Pinball [VPX08] PinMame Tables [MODs, HACKs]</name>
		<description>Visual Pinball [VPX08] PinMame Tables [MODs, HACKs] (2024-01-27)</description>
		<version></version>
		<date>2024-01-27</date>
		<author></author>
	</header>
	<machine name="Bad Cats (Williams)(1989)(Unclewilly)(1.2.1a)[VPX08][MOD Gfx v3.0 VPW]">
		<description>Bad Cats (Williams)(1989)(Unclewilly)(1.2.1a)[VPX08][MOD Gfx v3.0 VPW]</description>
		<rom name="Bad Cats (Williams 1989) VPW 3.0.vpx" size="374370304" crc="02cc3a31" md5="88a3a4c993846eca89a08c3fe536afe3" sha1="3b007697c7f8b7cd2902783eac89e7d8d56b9262" />
	</machine>
	<machine name="Bally Game Show (Bally)(1990)(32assassin)[VPX08][MOD Gfx v2.1 Bigus][MOD Gfx, Sounds v1.1 WED21]">
		<description>Bally Game Show (Bally)(1990)(32assassin)[VPX08][MOD Gfx v2.1 Bigus][MOD Gfx, Sounds v1.1 WED21]</description>
		<rom name="Bally Game Show (Bally 1990) 1.1.vpx" size="121249792" crc="a17c002f" md5="61e7e18e93c964fe5fe41f6f960ba822" sha1="8454f64e1c4f95eb9c008c0e811e2b1edba10d7b" />
	</machine>
	<machine name="Big Game (Stern)(1980)(JPSalas)(4.1.1)[VPX08][MOD Gfx v1.5.1 redbone]">
		<description>Big Game (Stern)(1980)(JPSalas)(4.1.1)[VPX08][MOD Gfx v1.5.1 redbone]</description>
		<rom name="Backglasses 16x9 FullDMD/Big Game (Stern 1980)-green.directb2s" size="27730833" crc="2e7c8eb3" md5="5992c2211b59d47e9a576041d7636c11" sha1="9c9ba0490273247891f54686bb696c1c57d9b1eb" />
		<rom name="Backglasses 16x9 FullDMD/Big Game (Stern 1980)-orange.directb2s" size="27730839" crc="ec46d598" md5="0277b39f386f209b87d9758e767d18a6" sha1="4792fe956e831e42a62f83c161135cb83e15adf4" />
		<rom name="Backglasses 16x9 FullDMD/readme.txt" size="332" crc="65825390" md5="c313bb0d82acf7453828e2f767a75c27" sha1="6cc42ae3e6a924c614fdd4d1830140356e9f3fb7" />
		<rom name="Wheel/Big Game (Stern 1980).png" size="1244644" crc="59106fb5" md5="fc4d8b535e3e3127d0b2b4bbf8401907" sha1="35ed2c47709741877d8960b3b1c3051e2d674ad2" />
		<rom name="Big Game (Stern 1980) w VR Room 1.5.1.vpx" size="96129024" crc="181b60f9" md5="c21eec23912068a2e04c2358e12783ed" sha1="6943c027e582a79d7c577d04fca4879eedb52b9c" />
		<rom name="biggame.nv" size="302" crc="04cdf54f" md5="9b3ba4cad595e9ea439b94b326fc6807" sha1="8694d5a02ae223737c300a296a6c32cacd8a7a21" />
	</machine>
	<machine name="Bram Stoker's Dracula (Williams)(1993)(ICPjuggla, Dozer316)(1.1)[VPX08][Mod Gfx v1.6I Csilk]">
		<description>Bram Stoker's Dracula (Williams)(1993)(ICPjuggla, Dozer316)(1.1)[VPX08][Mod Gfx v1.6I Csilk]</description>
		<rom name="Bram Stoker's Dracula (Williams 1993) [CSILK Mod] 1.6I.vpx" size="109944832" crc="7b5518b7" md5="c1b4d74c72a854eed38dd7989a5086e7" sha1="a6d0d425459e512845447f5acdd41b00f822a2d7" />
	</machine>
	<machine name="Champion Pub, The (Williams)(1998)(mfuegemann)(1.2)[VPX08][MOD Gfx-Fleep-nFozzy-VR v1.43 Mikcab, TastyWasps, fuzzel][VR Mike DA Spike]">
		<description>Champion Pub, The (Williams)(1998)(mfuegemann)(1.2)[VPX08][MOD Gfx-Fleep-nFozzy-VR v1.43 Mikcab, TastyWasps, fuzzel][VR Mike DA Spike]</description>
		<rom name="Champion Pub (Williams 1998) v1.43.vpx" size="150282240" crc="4dba125a" md5="ecfef280791c3d29077fbac13fe0ba03" sha1="112a5a8642b027d58fe70990aeb618283a2cfccd" />
	</machine>
	<machine name="Cirqus Voltaire (Bally)(1997)(Knorr, Clark Kent, Randr, Dark)[VPX08][MOD VR ROOM v1.11vr Sixtoe][MOD Gfx, physics v1.0.0 VPW]">
		<description>Cirqus Voltaire (Bally)(1997)(Knorr, Clark Kent, Randr, Dark)[VPX08][MOD VR ROOM v1.11vr Sixtoe][MOD Gfx, physics v1.0.0 VPW]</description>
		<rom name="b2s with full dmd by hauntfreaks/Cirqus Voltaire (Bally 1997) full dmd 1.directb2s" size="39920221" crc="58bfc7e5" md5="c28beac15ecfae6de6eca63b79ad42c3" sha1="2f19a4381889fc840f8407763bf6e286c5317631" />
		<rom name="b2s with full dmd by hauntfreaks/Cirqus Voltaire (Bally 1997) full dmd 2.directb2s" size="42814854" crc="3d8d3a39" md5="2c49027a4054699df60a4800adb65650" sha1="73aad38525ef5f4d147fc8101757c3515a6b8703" />
		<rom name="Cirqus Voltaire (Bally 1997) VPW Mod v1.0.vpx" size="275644416" crc="5998852d" md5="6a0043627fdcb2deadd5a96b11ff117a" sha1="d4a3b5d64c00776d77ed2f74a1868354a007f1bc" />
		<rom name="cv_20h.nv" size="12334" crc="166bce25" md5="af106d22c499580c50ddce479a3bf37e" sha1="8f03cf0c36ffb060a0a944729d55a8e075ad14f4" />
	</machine>
	<machine name="James Cameron's Avatar (Stern)(2010)(Thalamus, freneticamnesic, 85Vett)(1.19)[VPX08][MOD Gfx, Physics, Fleep, VR v1.1.2 Oqqsan, TastyWasps]">
		<description>James Cameron's Avatar (Stern)(2010)(Thalamus, freneticamnesic, 85Vett)(1.19)[VPX08][MOD Gfx, Physics, Fleep, VR v1.1.2 Oqqsan, TastyWasps]</description>
		<rom name="Avatar (Stern 2012) v1.12.vpx" size="119631872" crc="dd4f5d3d" md5="e492c62a5d49fb1e03d988fc47cdf136" sha1="6f7bfc8939193c9ce9cd814901ecb874836ff45a" />
	</machine>
	<machine name="JP's Addams Family (Bally)(1992)(JPSalas)(1.0.0)[VPX08]">
		<description>JP's Addams Family (Bally)(1992)(JPSalas)(1.0.0)[VPX08]</description>
		<rom name="JP's Addams Family (Bally 1992) JP_VPX8.vpx" size="21192704" crc="d9115d50" md5="1420f0c3ee14e65881c28213dfcaabd0" sha1="908d8ef88ad56eb009e48c3cb9106ddb0cf05482" />
	</machine>
	<machine name="JP's Avengers LE, The (Stern)(2012)(JPSalas)(5.0.0)[VPX08]">
		<description>JP's Avengers LE, The (Stern)(2012)(JPSalas)(5.0.0)[VPX08]</description>
		<rom name="JP's Avengers Classic LE (Stern - 2012) v5_VPX8.vpx" size="11948032" crc="fbeaa74f" md5="45a54a8e2b17083dd04bdec802e59d72" sha1="f05385fc7d1e8040c693ba9f6612d01a43da4553" />
	</machine>
	<machine name="JP's Indiana Jones (Stern)(2008)(JPSalas)(5.0.1)[VPX08]">
		<description>JP's Indiana Jones (Stern)(2008)(JPSalas)(5.0.1)[VPX08]</description>
		<rom name="JP's Indiana Jones (Stern 2008) v5_VPX8.vpx" size="16076800" crc="5be4d816" md5="482c767109a228c53c67402d8aa1d317" sha1="32ff8ec3b153d2a0f97c0b3e88a3837efdf986a9" />
	</machine>
	<machine name="JP's Street Fighter II (JPSalas)(5.1.1)[VPX08]">
		<description>JP's Street Fighter II (JPSalas)(5.1.1)[VPX08]</description>
		<rom name="JP's Street Fighter II (Gottlieb 1993) v5.1.1_VPX8.vpx" size="17129472" crc="aba2cdc4" md5="b72969ed319b953397849a868c1c7708" sha1="797358a1347310ddc6f8d47f879e44c7c5ee12f3" />
	</machine>
	<machine name="JP's Transformers Pro (Stern)(2011)(JPSalas)(5.0.2)[VPX08]">
		<description>JP's Transformers Pro (Stern)(2011)(JPSalas)(5.0.2)[VPX08]</description>
		<rom name="JP's Transformers (Stern 2011) v5_VPX8.vpx" size="15028224" crc="2bd61720" md5="d115944de55a10844d10727630e8b8fa" sha1="6866a7008b24eb0079a09db058c56785dd349ee6" />
	</machine>
	<machine name="Lord of the Rings, The - Valinor Edition (Stern)(2003)(VPW)(1.4)[VPX08]">
		<description>Lord of the Rings, The - Valinor Edition (Stern)(2003)(VPW)(1.4)[VPX08]</description>
		<rom name="Lord of the Rings (Stern 2003)_VPW_v1.4.vpx" size="269127680" crc="ec288d14" md5="e17955eb2e84526ad87bf829d247bb31" sha1="69556eec062cba05a217775096a80209da76e8aa" />
		<rom name="Lord_of_the_Rings_VPW_2022.directb2s" size="13852142" crc="bde0fa3c" md5="608b2594c82a3f5985d0fd8440612f7e" sha1="e0a547c74563fcd99a7d49582c8f67c383cf7fee" />
	</machine>
	<machine name="Mario Andretti (Gottlieb)(1995)(Steely, Rascal)(1.4)[VPX08][MOD Gfx v1.0 ryguy417][MOD DS, FS, FSS, VR v2.0 Rascal]">
		<description>Mario Andretti (Gottlieb)(1995)(Steely, Rascal)(1.4)[VPX08][MOD Gfx v1.0 ryguy417][MOD DS, FS, FSS, VR v2.0 Rascal]</description>
		<rom name="Mario Andretti (Gottlieb 1995) (10.7) 2.0.directb2s" size="14592136" crc="64596092" md5="f7e342eb2faa27a81492848ce11aadb4" sha1="b45cda0d87a23feb6c649cc42878948c0f6cae66" />
		<rom name="Mario Andretti (Gottlieb 1995) (10.7) 2.0.vpx" size="118415360" crc="18ef56c8" md5="ee4985720c7f9731daeeab058c2657e5" sha1="f1ede6bcb569606f90c46a6fb7a016f121c64940" />
	</machine>
	<machine name="Mustang LE (Stern)(2014)(Dozer, Dark, STAT)(1.1)[VPX08][MOD Gfx-Fleep-nFozzy v1.27 TastyWasps]">
		<description>Mustang LE (Stern)(2014)(Dozer, Dark, STAT)(1.1)[VPX08][MOD Gfx-Fleep-nFozzy v1.27 TastyWasps]</description>
		<rom name="Mustang (Stern 2014) v1.27.vpx" size="192118784" crc="fa70bac3" md5="0c1cdc735eff4c763a6cb4ced2eaf20b" sha1="d550cd16880973017b50e15c9e81eace6848bc21" />
	</machine>
	<machine name="Phantom of the Opera, The (Data East)(1990)(DCrosby, 32assassin)(1.0)[VPX08][MOD Gfx v1.4 Bigus][MOD VR ROOM v1.0 Cirqus][MOD Gfx-Fleep-nFozzy v1.25 TastyWasps]">
		<description>Phantom of the Opera, The (Data East)(1990)(DCrosby, 32assassin)(1.0)[VPX08][MOD Gfx v1.4 Bigus][MOD VR ROOM v1.0 Cirqus][MOD Gfx-Fleep-nFozzy v1.25 TastyWasps]</description>
		<rom name="Phantom Of The Opera (Data East 1990) v1.25.vpx" size="247521280" crc="f0d15472" md5="991972d5974a4ea6469b0f27dd227c68" sha1="dc944889f1aa0075cfafbf28eacd2859c1497b96" />
	</machine>
	<machine name="Sopranos, The (Stern)(2005)(32assassin, Freneticamnesic, Hauntfreaks)(1.0)[VPX08][MOD Sounds, Physics, VR, etc. v1.22 TastyWasps]">
		<description>Sopranos, The (Stern)(2005)(32assassin, Freneticamnesic, Hauntfreaks)(1.0)[VPX08][MOD Sounds, Physics, VR, etc. v1.22 TastyWasps]</description>
		<rom name="The Sopranos (Stern 2005) v1.22.vpx" size="165785600" crc="0c4f4c0d" md5="ab545f75f40b9a0175c736ac06a736a6" sha1="1cb82013bff5ee19d6741700a6e199301c7a6fc2" />
	</machine>
	<machine name="Star Trek Enterprise Limited Edition (Stern)(2013)(nFozzy, JesperPark, Neofr45)(1.0.1)[VPX08][MOD Fleep-VR v1.09 TastyWasps, Sixtoe]">
		<description>Star Trek Enterprise Limited Edition (Stern)(2013)(nFozzy, JesperPark, Neofr45)(1.0.1)[VPX08][MOD Fleep-VR v1.09 TastyWasps, Sixtoe]</description>
		<rom name="Star Trek LE (Stern 2013) v1.09.vpx" size="105259008" crc="cfee6a1d" md5="e378ca67729e6312d2f540c416ce0fca" sha1="51dabce230813f3b3df51bc0dfd552a4fa3a2cbc" />
	</machine>
	<machine name="Xenon (Bally)(1980)(JPSalas)(1.2.0)[VPX08][MOD Gfx-nFozzy-Fleep-VR v2.5.2 Hauntfreaks, Bord, TastyWasps, wrd1972, Schlabber34, Apophis]">
		<description>Xenon (Bally)(1980)(JPSalas)(1.2.0)[VPX08][MOD Gfx-nFozzy-Fleep-VR v2.5.2 Hauntfreaks, Bord, TastyWasps, wrd1972, Schlabber34, Apophis]</description>
		<rom name="Xenon (Bally 1980) v2.5.2.vpx" size="96571392" crc="f906b8b1" md5="c76590ddc19786ad7d7829de14917a85" sha1="1ff843177c35c45a34007205640219a9a04c67c3" />
	</machine>
</datafile>