<?xml version="1.0" encoding="utf-8"?>
<!DOCTYPE datafile PUBLIC "-//Logiqx//DTD ROM Management Datafile//EN" "http://www.logiqx.com/Dats/datafile.dtd">
<datafile>
	<header>
		<name>Visual Pinball [VP91x] Recreated Tables [Flipperless][FS+WS]</name>
		<description>Visual Pinball [VP91x] Recreated Tables [Flipperless][FS+WS] (2024-01-27)</description>
		<version></version>
		<date>2024-01-27</date>
		<author></author>
	</header>
	<machine name="Line Drive (Williams)(1972)(Pinuck)(1.0.3)[VP914][FullScreen Pinuck][B2S Pinuck][Pitch &amp; Bat Game]">
		<description>Line Drive (Williams)(1972)(Pinuck)(1.0.3)[VP914][FullScreen Pinuck][B2S Pinuck][Pitch &amp; Bat Game]</description>
		<rom name="Line Drive (Williams)(1972)(Pinuck)(1.0.1)[VP91x][FullScreen Pinuck][B2S Pinuck][Pitch &amp; Bat Game]/b2s.vbs" size="6795" crc="79e56d18" md5="317dae398559429c240f4d36faa893ce" sha1="7cd86b0772576c5e6fbe43e408eb4917ec8257cd" />
		<rom name="Line Drive (Williams)(1972)(Pinuck)(1.0.1)[VP91x][FullScreen Pinuck][B2S Pinuck][Pitch &amp; Bat Game]/How to install a Backglass (example).txt" size="1259" crc="ebf61cce" md5="96c5b37aeb6abb20fdbe954c6fa68f8d" sha1="f45e3acb260471579b9e545e03397dd58491f7ca" />
		<rom name="Line Drive (Williams)(1972)(Pinuck)(1.0.1)[VP91x][FullScreen Pinuck][B2S Pinuck][Pitch &amp; Bat Game]/Line_Drive_FS_B2S.exe" size="1258496" crc="5d321ed3" md5="2de235ef828e1728c51e033f3dbb1139" sha1="d90a3aed4129dc921acbcd9457e3a19fe44b6179" />
		<rom name="Line Drive (Williams)(1972)(Pinuck)(1.0.1)[VP91x][FullScreen Pinuck][B2S Pinuck][Pitch &amp; Bat Game]/Line_Drive_FS_B2S.vpt" size="8413184" crc="5e778551" md5="59faae1404d7158f5c8fa89826a5bf1c" sha1="16e43057a00ea5f0c7cc075d2c3614f63af779a0" />
		<rom name="Line Drive (Williams)(1972)(Pinuck)(1.0.1)[VP91x][FullScreen Pinuck][B2S Pinuck][Pitch &amp; Bat Game]/ScreenRes.txt" size="25" crc="6240b94b" md5="7bea956ced2c0b6af07f30dc7007bc24" sha1="6efdf2b79045a701e3c63e97af74ddec2d98c377" />
		<rom name="Line Drive (Williams)(1972)(Pinuck)(1.0.2)[VP91x][FullScreen Pinuck][B2S Pinuck][Pitch &amp; Bat Game]/b2s.vbs" size="6795" crc="79e56d18" md5="317dae398559429c240f4d36faa893ce" sha1="7cd86b0772576c5e6fbe43e408eb4917ec8257cd" />
		<rom name="Line Drive (Williams)(1972)(Pinuck)(1.0.2)[VP91x][FullScreen Pinuck][B2S Pinuck][Pitch &amp; Bat Game]/How to install a Backglass (example).txt" size="1259" crc="ebf61cce" md5="96c5b37aeb6abb20fdbe954c6fa68f8d" sha1="f45e3acb260471579b9e545e03397dd58491f7ca" />
		<rom name="Line Drive (Williams)(1972)(Pinuck)(1.0.2)[VP91x][FullScreen Pinuck][B2S Pinuck][Pitch &amp; Bat Game]/Line_Drive_FS_B2S.exe" size="1258496" crc="5d321ed3" md5="2de235ef828e1728c51e033f3dbb1139" sha1="d90a3aed4129dc921acbcd9457e3a19fe44b6179" />
		<rom name="Line Drive (Williams)(1972)(Pinuck)(1.0.2)[VP91x][FullScreen Pinuck][B2S Pinuck][Pitch &amp; Bat Game]/Line_Drive_FS_B2S.vpt" size="8413184" crc="80d63ba6" md5="e35eb8e9bc482a7a31c2c22881d7e378" sha1="98b741084fb6bddf3b0780a17590968002267cd1" />
		<rom name="Line Drive (Williams)(1972)(Pinuck)(1.0.2)[VP91x][FullScreen Pinuck][B2S Pinuck][Pitch &amp; Bat Game]/ScreenRes.txt" size="25" crc="6240b94b" md5="7bea956ced2c0b6af07f30dc7007bc24" sha1="6efdf2b79045a701e3c63e97af74ddec2d98c377" />
		<rom name="Line Drive (Williams)(1972)(Pinuck)(1.0.2)[VP91x][WideScreen Pinuck][B2S Pinuck][Pitch &amp; Bat Game]/b2s.vbs" size="6795" crc="79e56d18" md5="317dae398559429c240f4d36faa893ce" sha1="7cd86b0772576c5e6fbe43e408eb4917ec8257cd" />
		<rom name="Line Drive (Williams)(1972)(Pinuck)(1.0.2)[VP91x][WideScreen Pinuck][B2S Pinuck][Pitch &amp; Bat Game]/How to install a Backglass (example).txt" size="1259" crc="ebf61cce" md5="96c5b37aeb6abb20fdbe954c6fa68f8d" sha1="f45e3acb260471579b9e545e03397dd58491f7ca" />
		<rom name="Line Drive (Williams)(1972)(Pinuck)(1.0.2)[VP91x][WideScreen Pinuck][B2S Pinuck][Pitch &amp; Bat Game]/Line_Drive_WS_B2S.exe" size="1259008" crc="4dc2a3cf" md5="058127487cf26226cd52ec37add8736e" sha1="3596e09c24ecb9d03e58fdb296e2b7ad55d8245d" />
		<rom name="Line Drive (Williams)(1972)(Pinuck)(1.0.2)[VP91x][WideScreen Pinuck][B2S Pinuck][Pitch &amp; Bat Game]/Line_Drive_WS_B2S.vpt" size="6107136" crc="0cc315d8" md5="2cdd9dd2a7f1d57386f018a8869d43b4" sha1="7056dd5c26a4b5c058a6f927736fb667ffb0fe0d" />
		<rom name="Line Drive (Williams)(1972)(Pinuck)(1.0.2)[VP91x][WideScreen Pinuck][B2S Pinuck][Pitch &amp; Bat Game]/ScreenRes.txt" size="25" crc="6240b94b" md5="7bea956ced2c0b6af07f30dc7007bc24" sha1="6efdf2b79045a701e3c63e97af74ddec2d98c377" />
		<rom name="Line Drive (Williams)(1972)(Pinuck)(1.0.3)[VP914][FullScreen Pinuck][B2S Pinuck][Pitch &amp; Bat Game]/b2s.vbs" size="7527" crc="61185a8d" md5="5ddacb102a1b7f0504cda365bc45efcb" sha1="8a355a7b9ec0334e73a36e6bb783f8876d8be533" />
		<rom name="Line Drive (Williams)(1972)(Pinuck)(1.0.3)[VP914][FullScreen Pinuck][B2S Pinuck][Pitch &amp; Bat Game]/How to install Line Drive B2S.txt" size="1289" crc="56214edd" md5="68c43e9a5a2ec86fdc1291336b62521a" sha1="53923e160fd3578ac40a29c463b681a22b8e2ed8" />
		<rom name="Line Drive (Williams)(1972)(Pinuck)(1.0.3)[VP914][FullScreen Pinuck][B2S Pinuck][Pitch &amp; Bat Game]/Line_Drive_FS_B2S.exe" size="1259008" crc="b9bad470" md5="88f8075357b4a96155a0d1703957d87d" sha1="e1822934a5aec35dafd95828ccecb7d0467531b5" />
		<rom name="Line Drive (Williams)(1972)(Pinuck)(1.0.3)[VP914][FullScreen Pinuck][B2S Pinuck][Pitch &amp; Bat Game]/Line_Drive_FS_B2S.vpt" size="9961472" crc="23e313b6" md5="cd7dc931fb0a0832241511de0c7c27c3" sha1="44f484a0a4742c29fa035474a07263557572acf4" />
		<rom name="Line Drive (Williams)(1972)(Pinuck)(1.0.3)[VP914][FullScreen Pinuck][B2S Pinuck][Pitch &amp; Bat Game]/ScreenRes.txt" size="25" crc="6240b94b" md5="7bea956ced2c0b6af07f30dc7007bc24" sha1="6efdf2b79045a701e3c63e97af74ddec2d98c377" />
		<rom name="Line Drive (FullScreen) screenshot.jpg" size="329901" crc="93619b95" md5="490c0571089e9908ead28c73356d60a4" sha1="7ab08ab2699327d3262e2cd7f0add6eaf07582b7" />
		<rom name="Line Drive (WideScreen) screenshot.jpg" size="131813" crc="18535779" md5="0cc8dc72de4f78610f38a0d8304de2ad" sha1="0f34fa9de63647b237f28f69f31f375340af2193" />
		<rom name="Line Drive flyer.jpg" size="1811582" crc="71f78ea9" md5="55eb3cb3908dd1460253be02d7a1c7bf" sha1="ee6ace2e9b4c6d9aa2c912a827cb9be194d46d8a" />
	</machine>
	<machine name="Pachinko Birds (Nishijin Shiroi Kamome)(197x)(Bob5453)(2011b WS)[VP91x][WideScreen Bob5453]">
		<description>Pachinko Birds (Nishijin Shiroi Kamome)(197x)(Bob5453)(2011b WS)[VP91x][WideScreen Bob5453]</description>
		<rom name="Pachinko Birds (2011WS) screenshot.jpg" size="536898" crc="05a50906" md5="afe202cbe70adabf094f6f71996fc6a3" sha1="847ce822766db6e3bfed25cda21febba6be5544a" />
		<rom name="Pachinko Birds (Nishijin Shiroi Kamome)(197x)(Bob5453)(2011 WS)[VP91x][WideScreen Bob5453].vpt" size="4050944" crc="78a1c9d8" md5="2b90c4114fe15441bf497684549fdf44" sha1="402dc639b2f9d92a92747a2e8c13bb1aff5497e4" />
		<rom name="Pachinko Birds (Nishijin Shiroi Kamome)(197x)(Bob5453)(2011a WS)[VP91x][WideScreen Bob5453].vpt" size="4050944" crc="9fe6c05b" md5="c591a1066406c0d5f0da56c1c9a48a27" sha1="f8ba195a8b0078d782451b7c252a27d7edb04199" />
		<rom name="Pachinko Birds (Nishijin Shiroi Kamome)(197x)(Bob5453)(2011b WS)[VP91x][WideScreen Bob5453].vpt" size="4050944" crc="1058c336" md5="8ee5c1039f14775dcc9df02c49112c5a" sha1="7a04ec234b92c3353bea6e3a73523b1dee689a91" />
	</machine>
</datafile>