<?xml version="1.0" encoding="utf-8"?>
<!DOCTYPE datafile PUBLIC "-//Logiqx//DTD ROM Management Datafile//EN" "http://www.logiqx.com/Dats/datafile.dtd">
<datafile>
	<header>
		<name>Visual Pinball [VP99x] Recreated Tables [FullScreen]</name>
		<description>Visual Pinball [VP99x] Recreated Tables [FullScreen] (2024-01-27)</description>
		<version></version>
		<date>2024-01-27</date>
		<author></author>
	</header>
	<machine name="4 Square (Gottlieb)(1971)(pbecker1946)(1.0)[VP99x][FS + dB2S v1.0 Itchigo]">
		<description>4 Square (Gottlieb)(1971)(pbecker1946)(1.0)[VP99x][FS + dB2S v1.0 Itchigo]</description>
		<rom name="1_05_02_19_8_19_59_0.png" size="1066192" crc="67ef4d88" md5="a29d988685f256ef40177e7107d41a13" sha1="89f0bafd18442748981aeb96388340b154117102" />
		<rom name="4 Square.directb2s" size="6930515" crc="c1f4b95f" md5="b16a2da4832d0493b4fb2c202440feb5" sha1="438dcb39c544f5dcd78ab32024c45141f1e72f37" />
		<rom name="4 Square.vpt" size="25067520" crc="4691d9ba" md5="f15c4bbd588fa8fa69bf75fcaf4313bb" sha1="99f1e353edf2fe6d5fb6e36facd64794f6fa9a6f" />
		<rom name="4-square-flyer.jpg" size="366068" crc="2914f286" md5="f54b414a1ba1118f4173ab0ffdb55928" sha1="a802e8a58a495e8cff2bc651e54a9c6596d5481c" />
		<rom name="Commentary.txt" size="3536" crc="4fd887dc" md5="8bd9d0f620bb1a88de52c2c434dcdcda" sha1="f3b760704709dceac4aedbcd5688bd2f7e45971a" />
	</machine>
	<machine name="2001 (Gottlieb)(1971)(Loserman76, GNance)(2.0)[VP99x][FS+dB2S][DOF arngrim]">
		<description>2001 (Gottlieb)(1971)(Loserman76, GNance)(2.0)[VP99x][FS+dB2S][DOF arngrim]</description>
		<rom name="1.0/2001 (Gottlieb) (1971) DOF FS.vpt" size="43339776" crc="afd53002" md5="1779177b16e6e1146b3acb1bdfa3e2e1" sha1="267b6002c9e7c24d3bc9d25afbdb9c662db43028" />
		<rom name="1.1+DOF/2001 (Gottlieb) (1971) 1.1 DOF FS.vpt" size="45895680" crc="3aa4dce9" md5="ea8b28a64090b321508ed916c598bc48" sha1="996ef5448d267b10c5bf7a561ef00e9fbf8d5e3b" />
		<rom name="1.1/2001 (Gottlieb) (1971) 1.1 FS.vpt" size="45895680" crc="f8fbaa8c" md5="775b6d954cab41afabdd61f2a1b813fa" sha1="afeb378414bc10a1e68bfaeab96c2528bf3507f4" />
		<rom name="2.0+DOF/2001 (Gottlieb 1971) FS 2.0.png" size="632251" crc="b02d2dad" md5="def7e2811e4fa362c6fef4a65106d8c9" sha1="83984a284c35b5f575e7a14a925b406fce04f8f0" />
		<rom name="2.0+DOF/2001 (Gottlieb) (1971) FS.vpt" size="33783808" crc="2b1f268e" md5="6aaec8b23480701c2c810888e538a7b5" sha1="aba8ce938ff380dea0e40d67f393f2093acbe693" />
		<rom name="2.0+DOF/controller.vbs" size="10011" crc="5bbe29ec" md5="7087b93ce6616c0190877bb0bdfb7db4" sha1="cad47c1afbd70b26ebe6d410405991ebbfa2d7b4" />
		<rom name="dB2S v1.0/2001 (Gottlieb) (1971).directb2s" size="7340875" crc="205c899f" md5="03a2bf437ee5254d40a4c18b80ca66e2" sha1="0b73d383399aebba6cd478a82e52d80916b6a294" />
		<rom name="dB2S v1.0/2001 screenshot.png" size="1047949" crc="cabfd71a" md5="cc7712ee10e8f65461e62056706bacaa" sha1="3fbb684589c1c041ad9a903b2b58353bad35b605" />
		<rom name="dB2S v1.2/2001 (Gottlieb) (1971).directb2s" size="7344246" crc="52b5f355" md5="513f80d64caa8f794bb99e01eb5672d9" sha1="ed8244c403a49a22abfab39cd23bac0e7a250589" />
		<rom name="dB2S v1.2/2001 dB2S 1.2.png" size="339531" crc="f201f40f" md5="8c83b77dfb2cfbe42ad4aff1e3841380" sha1="66f312c845029c9b0a9fe2ab92034482cecb207d" />
		<rom name="2001 screenshot.png" size="2023894" crc="ea095fcf" md5="bf6dc29f5dcf3210fa7c30f0359f62f2" sha1="8828b8e7868b291326e4f7be0ff428b38c26efba" />
	</machine>
	<machine name="2001 (Gottlieb)(1971)(pbecker1946)(1.0)[VP99x][FS + dB2S v1.0 Itchigo]">
		<description>2001 (Gottlieb)(1971)(pbecker1946)(1.0)[VP99x][FS + dB2S v1.0 Itchigo]</description>
		<rom name="medium_1_25_10_17_6_32_54_0.png" size="493434" crc="26b62029" md5="84f86ce008dad1bf98e95c08b39153c4" sha1="c7bdfc10fb9d57c2bb6fc80aa5b985266ef48f97" />
		<rom name="PLB2001.directb2s" size="2422063" crc="945bb661" md5="14d92e10b4f0a257a34ed2eb19ad9d93" sha1="0d7e3e48a13baaf324f32ae0d5371b641e0999a6" />
		<rom name="PLB2001.vpt" size="35876864" crc="ae0bd655" md5="0974ff46be789c5871c8b0b80449d92f" sha1="a570191ed3af042d990bc7e4c488aefc6b427898" />
	</machine>
	<machine name="Ace High (Gottlieb)(1957)(Furio, ShadowClassic, Baloo42)(1.3)[VP990][FullScreen Baloo42][Realism Series]">
		<description>Ace High (Gottlieb)(1957)(Furio, ShadowClassic, Baloo42)(1.3)[VP990][FullScreen Baloo42][Realism Series]</description>
		<rom name="Ace High (Gottlieb 1957) VP9_v1.3 FS.vpt" size="13275136" crc="f5d92894" md5="6adb7f8f61b94baf0314e623da3cfb36" sha1="2a692761e4c6be4123ee120b2d212d6296a5a5b9" />
		<rom name="Ace High (Gottlieb 1957).jpg" size="270928" crc="1d0be574" md5="5e8e4271c3e824ec35fb5d2935602a9e" sha1="15090d44f4b625b9cce4ded6f19352a10cfc8a78" />
	</machine>
	<machine name="Ace High (Gottlieb)(1957)(pbecker1946)(2.0)[VP99x][FS+dB2S Itchigo]">
		<description>Ace High (Gottlieb)(1957)(pbecker1946)(2.0)[VP99x][FS+dB2S Itchigo]</description>
		<rom name="Ace High V2.directb2s" size="3098133" crc="70af9ec8" md5="f1213807ee8eeb90b4ae383d32242885" sha1="d7f00c1d6deb8058c6cc47821285f49c993b8bb2" />
		<rom name="Ace High V2.vpt" size="21057536" crc="57d0efc3" md5="51f8458994a8b0a75eff875d16661f49" sha1="7d2e5a6f90e7999818c91339e9eece8e850e1adc" />
		<rom name="medium_1_27_03_17_10_44_06_0.png" size="559240" crc="491947ef" md5="71863cc42450e3728c40c5568e4f7e8a" sha1="19c67b4bdc4f715fbc6d808f89dfee05a4e6ae73" />
	</machine>
	<machine name="Airport (Gottlieb)(1969)(Loserman76, GNance)(2.0)[VP990][DOF arngrim]">
		<description>Airport (Gottlieb)(1969)(Loserman76, GNance)(2.0)[VP990][DOF arngrim]</description>
		<rom name="1.0a/Airport (Gottlieb) (1969) FS.vpt" size="29089792" crc="e9422b29" md5="7efcfc3e918944a045368552ac917a3f" sha1="49b9d09e5c4a282c7bafd99979d3596290022306" />
		<rom name="1.0b/Airport (Gottlieb) (1969) FS.vpt" size="30093312" crc="31208a72" md5="b7cdb5d1f83033918967b6679460b68d" sha1="42982d30915484158ef1575554fce15761c6728f" />
		<rom name="1.0/Airport (Gottlieb) (1969) FS.vpt" size="29888512" crc="856fac8f" md5="ddd47b5a50b1f57f0783b8572c39a1fe" sha1="d29b3d43d235ebe9d3464ae52e7ceb11b7ceb5df" />
		<rom name="2.0/Airport (Gottlieb) (1969) FS.vpt" size="31293440" crc="cb5ff943" md5="87379442f73f06e9cdd5ebf889a9f323" sha1="8cf8534f253c498a2f6a4e85387f1724935b28fd" />
		<rom name="2.0/controller.vbs" size="10011" crc="5bbe29ec" md5="7087b93ce6616c0190877bb0bdfb7db4" sha1="cad47c1afbd70b26ebe6d410405991ebbfa2d7b4" />
		<rom name="Airport (Gottlieb) (1969) dB2S/Airport (Gottlieb) (1969).directb2s" size="3971194" crc="c25253ae" md5="57c1af0ef036c5539d1b84a2fb8fe32c" sha1="26733d70ececfcfe58f6a4eb7af4944e40d67713" />
		<rom name="Airport (Gottlieb) (1969) dB2S/screenshot.png" size="983116" crc="1ddc08de" md5="753c0a84ae574a5d0d3600e1eb303f97" sha1="87fb24f38d0283c305fa7fcc30bd142d4a691223" />
		<rom name="Airport (Gottlieb 1969) FS 2.0 DOF.txt" size="1827" crc="b52f6bfa" md5="7cbb8e606468743031d0f73804a9a389" sha1="b3ec43bc9701bf4eb378405cb0e5706f86faca33" />
		<rom name="screenshot.png" size="1612335" crc="17f1d5a2" md5="1f2b081b53e31880f7e3702f0e4b3157" sha1="928cd678c6420acbb23c6d845a5634a0e227b334" />
	</machine>
	<machine name="Alive! (Brunswick)(1978)(wrenchien, dboyrecords)(1.0)[VP99x][FS + dB2S dboyrecords, Itchigo]">
		<description>Alive! (Brunswick)(1978)(wrenchien, dboyrecords)(1.0)[VP99x][FS + dB2S dboyrecords, Itchigo]</description>
		<rom name="Alive! (Brunswick 1978).directb2s" size="1826770" crc="dc542e88" md5="e79e7c2e867534de401bd9026f7e1511" sha1="de5a7274f8295143c1698ef952a24d6779bf249c" />
		<rom name="Alive! (Brunswick 1978).vpt" size="10350592" crc="3165b409" md5="6aa74521fd4d06b2de4ed000d390524f" sha1="bd7251a650489ac8418d06ce99ba4272df936604" />
		<rom name="medium_155_14_12_15_11_49_30_0.png" size="503946" crc="b8b4b0ba" md5="01b3050f9b2dddd43286b7e9a517522b" sha1="431f979df9c7c1951128c0687e08e45dadc649a7" />
	</machine>
	<machine name="American Pinball (Tomy)(1991)(elo_rey)(1.0)[VP99x][Fs+dB2S v1.0 dboyrecords]">
		<description>American Pinball (Tomy)(1991)(elo_rey)(1.0)[VP99x][Fs+dB2S v1.0 dboyrecords]</description>
		<rom name="155_19_11_15_1_36_01_0.jpg" size="260183" crc="8ad79d68" md5="e85a242763aff19ca760d1949a11d346" sha1="1a8282e7782ae59beeed9a4b13ffd7d8e57b3ded" />
		<rom name="American Pinball (Tomy).directb2s" size="2065308" crc="c1a3a49b" md5="be27d688e01e79ade5d1092143aa70bf" sha1="32b99a7a5b6a957a8aab5d654750b6daf5fcec78" />
		<rom name="American Pinball (Tomy).vpt" size="7053312" crc="de4e4692" md5="d53d33852ab9f288ef815de0070279d1" sha1="465fad7ddbbcccdd6a50a322cc671f8374511d6e" />
	</machine>
	<machine name="Apollo (Williams)(1967)(troyguitarman, STAT)(1.1)[vp990][active Backglass][DOF arngrim]">
		<description>Apollo (Williams)(1967)(troyguitarman, STAT)(1.1)[vp990][active Backglass][DOF arngrim]</description>
		<rom name="Apollo screenshot.jpg" size="87944" crc="dc05ca83" md5="62f2d8c6d473fec3f6d73e695e62b6ed" sha1="4804669ecd93bfb9e6e5db342924e729c259cc79" />
		<rom name="Apollo.directb2s" size="26712193" crc="6ab77967" md5="2163295be4c4a3df81b4184e86528115" sha1="86be964c5064d56ffcf2def31317a64625a1a893" />
		<rom name="Apollo.vpt" size="5009408" crc="a757f7af" md5="b3c4d750620301be5d798a459c0887b2" sha1="5a93a4707661b2d7950d2b356dcbfd17356c6db8" />
	</machine>
	<machine name="Aquarius (Gottlieb)(1970)(GNance)(1.2)[VP99x][FullScreen GNance][dB2S GNance]">
		<description>Aquarius (Gottlieb)(1970)(GNance)(1.2)[VP99x][FullScreen GNance][dB2S GNance]</description>
		<rom name="dB2S (GNance)(1.0)/Aquarius (Gottlieb) (1970).directb2s" size="7923360" crc="0abeaca0" md5="7434d66a9994d8a374b8753eb2196083" sha1="953f9552ccad0438aeafd93627f49d19df4027a7" />
		<rom name="dB2S (GNance)(1.0)/Aquarius screenshot.jpg" size="95478" crc="686627dd" md5="8e85faa5fe40242e76776d99e4903891" sha1="44de6e8733cd3797597353bcfcf3dfe0795d4e5b" />
		<rom name="Aquarius (Gottlieb) (1970) 1.2 FS.vpt" size="32186368" crc="5eb97f5b" md5="1ec98daa537fc376e5790a5500aef531" sha1="1e97ca2758724a2d55c31910f0cf077ea2cee753" />
		<rom name="Aquarius (Gottlieb) (1970) FS.vpt" size="33402880" crc="df6f7b2c" md5="bad60f0abc1448cbc16619e2199fc6bd" sha1="0eb319b38b84c75fdf82934830a41b7ced95a351" />
		<rom name="screenshot.jpg" size="126352" crc="d1fb73da" md5="f0f00679c74cd32ee2bd33352db6d8aa" sha1="fadaf1ff960a7b132db3d71946b1129a5e8090dd" />
	</machine>
	<machine name="Arrow Head (Williams)(1959)(pbecker1946)(1.0)[VP99x][FS + dB2S v1.0 Itchigo]">
		<description>Arrow Head (Williams)(1959)(pbecker1946)(1.0)[VP99x][FS + dB2S v1.0 Itchigo]</description>
		<rom name="1_05_02_19_8_16_55_0.png" size="1720006" crc="99a09b35" md5="4da82c9524781780b7bfa5eca97a0aba" sha1="dca872e8655c57c77683d5b692d61aec7d7bcd09" />
		<rom name="Arrowhead.directb2s" size="3910127" crc="d34933c2" md5="ed45462059d53e0070626c74dd158054" sha1="99e2ed842926df0d95cd9aaff0f2f902c97e20e3" />
		<rom name="ArrowHead.vpt" size="26435584" crc="e1050f08" md5="4a40d6d199e3206304f076257af42fa6" sha1="9e3b667fd9e440fad4c3b9f869e9c47537e8bb13" />
	</machine>
	<machine name="Atlantis (Gottlieb)(1975)(Loserman76, Bodydump)(2.0)[VP990][FS Loserman76][DOF arngrim]">
		<description>Atlantis (Gottlieb)(1975)(Loserman76, Bodydump)(2.0)[VP990][FS Loserman76][DOF arngrim]</description>
		<rom name="1.0/Atlantis (Gottlieb) (1975) (Loserman! Bodydump)FS.vpt" size="30212096" crc="4304ebba" md5="e7f714b463ab02ed606bf1df280173f6" sha1="4b6cc49ea0a528660d7eafedff603a7cb5113391" />
		<rom name="2.0/Atlantis (Gottlieb) (1975) FS DOF.vpt" size="30126080" crc="5bda8d2e" md5="ada0cc2ff60d18afd5dd863e585e1048" sha1="88e4499d4523308a3bee5ba159262f48a005913d" />
		<rom name="2.0/controller.vbs" size="10011" crc="5bbe29ec" md5="7087b93ce6616c0190877bb0bdfb7db4" sha1="cad47c1afbd70b26ebe6d410405991ebbfa2d7b4" />
		<rom name="Atlantis screenshot.png" size="2665458" crc="64635273" md5="6f36cd364318ce8487ca60ac37a70e50" sha1="733236e75f0fb49c6aa4d9990fc4286136dd00a0" />
	</machine>
	<machine name="Big Top (Gottlieb)(1964)(duglis, JPSalas [VP8])[VP990][FullScreen + dB2S dboyrecords, STAT v1.0]">
		<description>Big Top (Gottlieb)(1964)(duglis, JPSalas [VP8])[VP990][FullScreen + dB2S dboyrecords, STAT v1.0]</description>
		<rom name="Big Top (Gottlieb)(1964)(dboyrecords, STAT)(1.0)[dB2S]/Big Top (dB2S) screenshot.png" size="2808203" crc="4a4bc760" md5="25a86ca52cbbf09ae9a83cd881ccc2e1" sha1="2b902a299ade4d0da5e65a2a406bd462bacff4b7" />
		<rom name="Big Top (Gottlieb)(1964)(dboyrecords, STAT)(1.0)[dB2S]/Big Top (Gottlieb 1964).directb2s" size="4042136" crc="cabde4c9" md5="b88f52d09e527f52b701cdb455c88701" sha1="d1744ba9032823d6ac46a61fa29a5c9dbdfdde83" />
		<rom name="Big Top (Gottlieb 1964).vpt" size="13950976" crc="187adf12" md5="402872bd40920a5a8a0e3fb5a4136380" sha1="62352535b04d70c95187ea467c27ea5aebdeff24" />
		<rom name="Big Top screenshot.png" size="3392735" crc="b0cf6667" md5="435068d8f0be694497113425ed02791c" sha1="161a0d484106e909e6e14e287e36def9471a596f" />
	</machine>
	<machine name="Big Top (Wico)(1977)(TAB, destruk [VP8])[VP990][FullScreen + dB2S dboyrecords v1.0]">
		<description>Big Top (Wico)(1977)(TAB, destruk [VP8])[VP990][FullScreen + dB2S dboyrecords v1.0]</description>
		<rom name="Big Top (Wico)(1977)(dboyrecords)(1.0)[DB2S]/Big Top (dB2S) screenshot.png" size="2815071" crc="7559ea40" md5="05a08a9e5c7c8af6216f388512cc1bb7" sha1="1573e33e3f22e32154b74a50db0091b23229c5ee" />
		<rom name="Big Top (Wico)(1977)(dboyrecords)(1.0)[DB2S]/Big Top (Wico 1977).directb2s" size="11750249" crc="0ae317f6" md5="81bd95f43d8f855a2e2be71ac897f9ef" sha1="4a9f25f96cedbae3928b772ea3eeb3f29635d894" />
		<rom name="Big Top (Wico 1977).vpt" size="15290368" crc="02dedfdb" md5="9fca53cee10bae3ad2947c0404a81a47" sha1="448f93b47a481ab5ccaf75352e384fa9d13e4d8c" />
		<rom name="Big Top screenshot.png" size="3343615" crc="3c845953" md5="a2d6ca2eb6311018e7ee9b288790de17" sha1="98777471f6fb4ef92b7816ae2ecd67a0247f8bc8" />
	</machine>
	<machine name="Big Valley (Bally)(1970)(pbecker1946)(1.0)[VP99x][FS + dB2S v1.0 Itchigo]">
		<description>Big Valley (Bally)(1970)(pbecker1946)(1.0)[VP99x][FS + dB2S v1.0 Itchigo]</description>
		<rom name="Big Valley PLB.directb2s" size="1829091" crc="064bcdd5" md5="cb0e64b18d6cbaf373beb7caa0d3180f" sha1="a370e3130789ab1ef3cac8e0bdfc6e0a5713245a" />
		<rom name="Big Valley PLB.vpt" size="27049984" crc="80bb344f" md5="81b5af4c6b8227caea4d9867eeb778ae" sha1="de59367b811408db6e28b1a9c9de8fd921f9e5e7" />
		<rom name="medium_1_02_06_18_9_45_16_0.png" size="437002" crc="64ff474e" md5="f89a97ed3f9717b6d5ae6adacb9d3f98" sha1="ca6074432159fb87c62f41a12ded326d55493298" />
	</machine>
	<machine name="Blue Note (Gottlieb)(1979)(Loserman76, GNance)(2.0)[VP99x][FullScreen Loserman76][DOF arngrim]">
		<description>Blue Note (Gottlieb)(1979)(Loserman76, GNance)(2.0)[VP99x][FullScreen Loserman76][DOF arngrim]</description>
		<rom name="Blue Note (dB2S)(Loserman, GNance)(1.0)/Blue Note (dB2S) screenshot.png" size="1219638" crc="31f3e094" md5="89dae2af8580b418ef3b97323d734ad7" sha1="5529d6f420130ed1ad4f30002ebd1c08fea8bc0e" />
		<rom name="Blue Note (dB2S)(Loserman, GNance)(1.0)/Blue Note (Gottlieb 1979).directb2s" size="5579682" crc="db6eb45d" md5="f9c8c3b2e1408bdba1101638d79b4e29" sha1="9d7255501231c3153655b2a544ed1e5760875601" />
		<rom name="Blue Note (Gottlieb 1979) FS.vpt" size="42168320" crc="126cac21" md5="786da199e7e155f32b5c54c2465e8e98" sha1="3159dcf75f6af7ca77aa0be92f283aaf03689445" />
		<rom name="controller.vbs" size="10011" crc="5bbe29ec" md5="7087b93ce6616c0190877bb0bdfb7db4" sha1="cad47c1afbd70b26ebe6d410405991ebbfa2d7b4" />
		<rom name="screenshot.png" size="2195321" crc="f73bc203" md5="2e2bd328f3310ce7fa8de8f31d42fbac" sha1="58f12f10f68aba2c5f91ca39107b26b0db5ccc49" />
	</machine>
	<machine name="Bronco (Chicago Coin)(1963)(pbecker1946)(1.0)[VP99x][FS + dB2S v1.0 Itchigo]">
		<description>Bronco (Chicago Coin)(1963)(pbecker1946)(1.0)[VP99x][FS + dB2S v1.0 Itchigo]</description>
		<rom name="Bronco 1963.directb2s" size="4828526" crc="e8357f6f" md5="317731da7e074533a57755d413cacc0d" sha1="1245c6860e2c4ad8e0aeeba2cddee5006660c257" />
		<rom name="Bronco 1963.vpt" size="25149440" crc="41f83682" md5="cb4b70ad680bbfd9a751211b2950d50c" sha1="feedba0cdb549707a0b03a84c2226dd766d2dc2b" />
		<rom name="screenshot.png" size="1539922" crc="6c46f481" md5="b226de3939d4e63ea4e148aacc69a4e5" sha1="618e505feb28d596625d908ec2a18af0e32e3d1a" />
	</machine>
	<machine name="Buccaneer (Gottlieb)(1976)(Allknowing2012)(1.3)[VP99x][FullScreen + dB2S Allknowing2012]">
		<description>Buccaneer (Gottlieb)(1976)(Allknowing2012)(1.3)[VP99x][FullScreen + dB2S Allknowing2012]</description>
		<rom name="(1.0)/Buccaneer.vpt" size="28946432" crc="5121abe9" md5="d2f05e66603aaa88cabd0f2db82a728a" sha1="029b8d5de579e46d76b0c95adb4afb1d215e3fee" />
		<rom name="(1.1)/Buccaneer.vpt" size="30531584" crc="b23292ca" md5="00613fd1769fcf4113834c566a370676" sha1="b402149b4e6c4e50d4284db90b40114497a7c8d5" />
		<rom name="(1.2)/Buccaneer.vpt" size="30543872" crc="a941a69a" md5="1c50b523b2e888fe3d75159d7884954e" sha1="a15db71f1147146d42a8cca74b909dab9d46ef5e" />
		<rom name="(1.3)/Buccaneer.vpt" size="30584832" crc="8986f2dc" md5="0a3742eb070da3501fa4fb1e65f00529" sha1="88749c67121e3213e05d72ff5c2d22645de567ae" />
		<rom name="Buccaneer (Gottlieb)(1976)(Allknowing2012)(1.0)(dB2S)/Buccaneer (dB2S) screenshot.png" size="196713" crc="e3456a62" md5="b7ae160b31d32294a112c9b8f0bf9687" sha1="20d01bc563b5ec018dd14cd6dfc3447dd4d45ff6" />
		<rom name="Buccaneer (Gottlieb)(1976)(Allknowing2012)(1.0)(dB2S)/Buccaneer.directB2S" size="4547325" crc="e2a3376d" md5="239c51e9e4859f2a2470ba5d8669217f" sha1="ffb1dbab637819b777e997d40049b9dbf782da41" />
		<rom name="Buccaneer screenshot.png" size="657089" crc="a65da31e" md5="6fcc471669c6c63761f618705fd4202f" sha1="71729b3dae41eb0691e7956a12fd3411e309e58f" />
	</machine>
	<machine name="Caddie (Playmatic)(1970)(Akiles50000)(1.0)[VP99x][FullScreen Akiles50000]">
		<description>Caddie (Playmatic)(1970)(Akiles50000)(1.0)[VP99x][FullScreen Akiles50000]</description>
		<rom name="Caddie.vpt" size="42397696" crc="b9d25c12" md5="65ec47009a00c5874d135eafe96a9d94" sha1="656f2956683f46d238ad47caa0fe5a65cdc1fc37" />
	</machine>
	<machine name="Caddie (Playmatic)(1970)(Akiles50000)(1.0)[VP99x][FullScreen Akiles50000][DOF arngrim]">
		<description>Caddie (Playmatic)(1970)(Akiles50000)(1.0)[VP99x][FullScreen Akiles50000][DOF arngrim]</description>
		<rom name="Caddie FS DOF.vpt" size="42401792" crc="44dd8a41" md5="49b189c17c9483f3249a8e9863d2ed2e" sha1="0d645469fbb65bb867072a4fff792deac1899ac6" />
		<rom name="caddie-playmatic-1975-.png" size="2426205" crc="c5750fcb" md5="0664ff82645b2d7569bc7d0c6f3b7f86" sha1="8ca0dd55836c18fea54c5f1afde5fa1b455358c4" />
	</machine>
	<machine name="Canada Dry (Gottlieb)(1976)(allknowing2012)(1.0)[VP990][FS + dB2s allknowing2012]">
		<description>Canada Dry (Gottlieb)(1976)(allknowing2012)(1.0)[VP990][FS + dB2s allknowing2012]</description>
		<rom name="Canada Dry dB2S (allknowing2012)(1.0)/Canada Dry (dB2S) screenshot.png" size="367869" crc="bbe6f7ef" md5="cb28f262e1ade3335c22a165421d33a8" sha1="109a63f5cd8b9cfcf685dc9a13f40026bf5042b2" />
		<rom name="Canada Dry dB2S (allknowing2012)(1.0)/Canada Dry.directb2s" size="8406167" crc="ad4ced31" md5="8eb8526af6a6bc72b433f8500e0b724d" sha1="a3ff34164f88e693b35536b6ab85831cc4249252" />
		<rom name="Canada Dry screenshot.png" size="1735240" crc="67805370" md5="d1870d075ef4eb146d01660b0daef4de" sha1="7ed345f74823c16cece859e64d0f68da400b56a9" />
		<rom name="Canada Dry v1.0.vpt" size="24825856" crc="730e418f" md5="c31eb62734de1c13d96cddd7f20229d1" sha1="fd580dca931f33fbf4f904806873998fb75c8ce8" />
	</machine>
	<machine name="Casino (Williams)(1958)(pbecker1946)[VP99x][FS+dB2s v1.0 Itchigo]">
		<description>Casino (Williams)(1958)(pbecker1946)[VP99x][FS+dB2s v1.0 Itchigo]</description>
		<rom name="1_03_05_15_5_18_08_0.png" size="1504627" crc="61d61177" md5="0319258b463e3332ed3b1f57b0bd884b" sha1="d5396e2a69e775df3165ae4f33f046af0e1e7202" />
		<rom name="Casino.directb2s" size="5982724" crc="cc6da24b" md5="f041610b4193014fa90aa2377c19e874" sha1="da70c6ad91c945477588c2c2555f89f044a181f7" />
		<rom name="Casino.vpt" size="23281664" crc="0a61a2b2" md5="df6493cc414be4211d1b88b8c7c1c6fe" sha1="aba3855fa746c810a8114ef0ca4cc8543ea333fb" />
	</machine>
	<machine name="Cherry Bell (Sonic)(1978)(STAT, stefanaustria)(1.1b)[VP990][FullScreen + dB2S STAT]">
		<description>Cherry Bell (Sonic)(1978)(STAT, stefanaustria)(1.1b)[VP990][FullScreen + dB2S STAT]</description>
		<rom name="Cherry Bell dB2S (STAT, stefanaustria)(1.0)/Cherry Bell (dB2S) screenshot.png" size="1955891" crc="f7a14690" md5="8175093817f46b0a23d6e3c76ba94d55" sha1="6c4dc15b0d6d8dd4731897c339c5cd6edf47a513" />
		<rom name="Cherry Bell dB2S (STAT, stefanaustria)(1.0)/Cherry_Bell.directb2s" size="5085701" crc="0d2e9d84" md5="4e28189436d46e50fbf7a3f662b2cdf3" sha1="b2eeed5c8a24eeba2f3cc7fadd788d35abafd1a9" />
		<rom name="Cherry Bell FS 1-1.vpt" size="15917056" crc="60f0583d" md5="2c131bf40cc05072f5cc2248f3bc5172" sha1="021dda4365c58cd8a18a251b44f5ede200def4d3" />
		<rom name="Cherry Bell FS 1-1b.vpt" size="15917056" crc="f9ee2945" md5="0713e3b1e19666476524cd1166273d86" sha1="a1ff6503251ebec1a2014e173bc8045b44e9f6b9" />
		<rom name="Cherry Bell FS 1-01.vpt" size="13873152" crc="9f22bce6" md5="fbb62a401d6303bdf0b29b54167b8bba" sha1="309f0f9f63b0c0f5dc3b77ae2cec2a93dfe1d6ed" />
		<rom name="Cherry Bell screenshot.png" size="3868804" crc="6cfae61e" md5="0dd21e5fa1118b9399cc8f88796828ef" sha1="12e879718fb3ec3f7a69464c55119b76f92eaa03" />
		<rom name="Rules 10b.pdf" size="263415" crc="cd209a70" md5="4c876596b16f4532a72cfab7d7c40404" sha1="dc0986052a26d29bd3369abbb7dd852281f92d8d" />
	</machine>
	<machine name="Circus (Zaccaria)(1977)(Loserman76, GNance)(1.0a)[VP99x][FS Loserman76 + GNance][DOF arngrim]">
		<description>Circus (Zaccaria)(1977)(Loserman76, GNance)(1.0a)[VP99x][FS Loserman76 + GNance][DOF arngrim]</description>
		<rom name="Circus (Zaccaria)(1977)(Loserman76, GNance)(dB2S)(1.0)/Circus (dB2S) screenshot.png" size="1283534" crc="73e5b525" md5="cb829d0d26af45894b02d133147815a7" sha1="801261210471c628756354097fb3d747c9ae6b9c" />
		<rom name="Circus (Zaccaria)(1977)(Loserman76, GNance)(dB2S)(1.0)/Circus (Zaccaria) (1977).directb2s" size="10745494" crc="4a30d8f6" md5="2da41e469f6bdf97f9eaf020f5e6bb80" sha1="d10dd36d1b2bba9972705a8fb22974b27f7d3d99" />
		<rom name="Circus (Zaccaria) (1977) FS 1.0a DOF.vpt" size="39878656" crc="95b6e5ee" md5="8f454b55a4f00bd5580826a50067752f" sha1="cbc5e7df8e4c9fed0543e46d76620176eb18810b" />
		<rom name="circusfs.png" size="3309386" crc="876afa08" md5="cddd6bf4d5ac8f791a9f585602a32d14" sha1="bdeacf49e93d83a81d623e9651cba0fdcb2bcbe7" />
	</machine>
	<machine name="Circus (Zaccaria)(1977)(Loserman76, GNance)(1.0a)[VP99x][FullScreen Loserman76 + GNance]">
		<description>Circus (Zaccaria)(1977)(Loserman76, GNance)(1.0a)[VP99x][FullScreen Loserman76 + GNance]</description>
		<rom name="Circus (Zaccaria) (1977) FS 1.0a.vpt" size="39878656" crc="a2b419be" md5="f8d08ab0aa7a1ae526e13756b37d695a" sha1="af8026cdb54dfcedfabe0b32fa2099be370b2859" />
		<rom name="screenshot.png" size="3309386" crc="876afa08" md5="cddd6bf4d5ac8f791a9f585602a32d14" sha1="bdeacf49e93d83a81d623e9651cba0fdcb2bcbe7" />
	</machine>
	<machine name="Continental Cafe (Gottlieb)(1957)(pbecker1946)[VP99x][FS+dB2S v1.0 Itchigo]">
		<description>Continental Cafe (Gottlieb)(1957)(pbecker1946)[VP99x][FS+dB2S v1.0 Itchigo]</description>
		<rom name="1_21_06_15_9_47_58_0.png" size="1617915" crc="716caf26" md5="2aab6238b7df378c39b29fa7df31c30e" sha1="b0c573e0296ed0a14733c91c12aedecde390b19c" />
		<rom name="Continental Cafe.directb2s" size="5566355" crc="66204ac0" md5="d2889a021305a7e410d2f36aecc4111f" sha1="6066219152cc2c5fdcfc5be8a5f4eb2a9791da94" />
		<rom name="Continental Cafe.vpt" size="20541440" crc="0d053e83" md5="f7f0b997cd32b973176954ca1c3fc055" sha1="ec21b05eb2bc23e4a2c38c992e5ea9561ccb2bb6" />
	</machine>
	<machine name="Crescendo (Gottlieb)(1970)(Loserman76)(2.0)[VP99x][FullScreen + dB2S loserman76]">
		<description>Crescendo (Gottlieb)(1970)(Loserman76)(2.0)[VP99x][FullScreen + dB2S loserman76]</description>
		<rom name="Crescendo (Gottlieb) (1970) dB2S 1.1 Koserman76/Crescendo (Gottlieb) (1970).directb2s" size="24337670" crc="196e57e7" md5="c23220f445d88317d583b089b680811d" sha1="7dd675f85745550b29bbb4398b899555bf7c901f" />
		<rom name="Crescendo (Gottlieb) (1970) dB2S 1.1 Koserman76/crescendobg.png" size="712151" crc="5ebcabb0" md5="6e0219b411c5f085ac224c2ac72e4a6f" sha1="c73cd2ddf74081f50f71ee6397eae880d2096c4a" />
		<rom name="controller.vbs" size="10011" crc="5bbe29ec" md5="7087b93ce6616c0190877bb0bdfb7db4" sha1="cad47c1afbd70b26ebe6d410405991ebbfa2d7b4" />
		<rom name="Crescendo (Gottlieb) (1970) FS.vpt" size="56164352" crc="f7219af5" md5="0c2dcf8838b43da76028934cc5b20670" sha1="6a3c83a17a1788071d7b33dd521ca0918c812c29" />
		<rom name="crescendofs.png" size="896037" crc="6b2d6f7f" md5="62340cac6858916627a8d8ae24505bb0" sha1="f37403d809405096968fe2af727e62997aca90e4" />
	</machine>
	<machine name="Cross Country (Bally)(1963)(pbecker1946)(1.0)[VP99x][FS + dB2S v1.0 Itchigo]">
		<description>Cross Country (Bally)(1963)(pbecker1946)(1.0)[VP99x][FS + dB2S v1.0 Itchigo]</description>
		<rom name="Cross Country.directb2s" size="3073798" crc="fefd2e5c" md5="80e71acc6fa629e5fe033d3ac1e7a3be" sha1="e02f52ff0b3aef80c6e796381b6c0c97e897fdef" />
		<rom name="Cross Country.vpt" size="33652736" crc="2e8bf66f" md5="b7892b9680bc78758500adcc91af6a25" sha1="60b65eaefdc9c9df3551a1c0c46860b333f37cae" />
		<rom name="medium_1_25_10_17_6_29_20_0.png" size="522138" crc="16f97c5e" md5="af79eb6a49fdec3de3bcf1e3bb1c3740" sha1="528c12e3d2282251663cb0eb37415eda8fa0845e" />
	</machine>
	<machine name="Cyclone (Gottlieb)(1951)(pbecker1946)(1.0)[VP99x][FS + dB2S v1.0 Itchigo]">
		<description>Cyclone (Gottlieb)(1951)(pbecker1946)(1.0)[VP99x][FS + dB2S v1.0 Itchigo]</description>
		<rom name="CyclonePLB.directb2s" size="3703529" crc="a9a76aa9" md5="4dce258f7f275c70f30baa2a8eb018ef" sha1="6715d352d17ba6a24b0461b99c591829348b6f70" />
		<rom name="CyclonePLB.vpt" size="24276992" crc="62860e4d" md5="031ddf60011943e540426d905c2fd818" sha1="76d520d8f8f2f3662e4bd7944cd52c4774d4c9cb" />
		<rom name="medium_1_08_10_17_8_38_28_0.png" size="495150" crc="c9bf0b2d" md5="708b00f80de43c5287d4300c95c1ffd7" sha1="8201176cd1bcb388d89410eed309447161a0d38c" />
	</machine>
	<machine name="Derby Day (Williams)(1967)(pbecker1946)(1.0)[VP99x][FS + dB2S v1.0 Itchigo]">
		<description>Derby Day (Williams)(1967)(pbecker1946)(1.0)[VP99x][FS + dB2S v1.0 Itchigo]</description>
		<rom name="1_11_08_18_7_08_41_0.png" size="1676249" crc="3c6e84bc" md5="c8cff54fe157b6c8d6f239ea89b88390" sha1="1454d1690f3306bed9ab0a9ef1a319a6d1acf790" />
		<rom name="Derby Day.directb2s" size="4682074" crc="98d1e1e0" md5="2177acaf91fc45c678e1cab9b3bd3482" sha1="367d53c11324b13de8c532d16b166765a143be21" />
		<rom name="Derby Day.vpt" size="27607040" crc="ef216802" md5="22cf347af2c47ace2ddb3fcb6b62837e" sha1="9d18306bb3e3cce66fa16bf6966156c212e50850" />
	</machine>
	<machine name="Double Action (Gottlieb)(1958)(PBecker1946)(1.1)[VP99x][FS  conversion + dB2S by Itchigo]">
		<description>Double Action (Gottlieb)(1958)(PBecker1946)(1.1)[VP99x][FS  conversion + dB2S by Itchigo]</description>
		<rom name="1_27_03_17_1_28_25_0.png" size="1187417" crc="8f5560aa" md5="e3b67489a860c4b3e29ff5c256f79ff4" sha1="ff2faa5a808d7e26bffbfeb6c5ec3818496d260e" />
		<rom name="Double Action.directb2s" size="3334745" crc="835da16b" md5="e551bb35b9cc3c823db4bb17ef0d2527" sha1="bcd7e5bc6ab4900408c7507ebd3bbe50eae2964b" />
		<rom name="Double Action.vpt" size="24629248" crc="90b5229d" md5="3d6733d1b2dc04611477ba3a74a23689" sha1="56c51a1ab011d3893b95e4c136aca3b2b1a89705" />
	</machine>
	<machine name="Dragonette (Gottlieb)(1954)(Leon Splading (DT))[FVP99x][FS dboyrecords, dB2S Itchigo. Ball rolling sounds STAT]">
		<description>Dragonette (Gottlieb)(1954)(Leon Splading (DT))[FVP99x][FS dboyrecords, dB2S Itchigo. Ball rolling sounds STAT]</description>
		<rom name="155_01_03_16_8_43_50_0.png" size="2286363" crc="6755c7ff" md5="913b4febbe0efae18b163e04afcef436" sha1="7182ae19084e3a26f24b974a83fbec58bac52639" />
		<rom name="Dragonette (Gottlieb 1954).directb2s" size="21295822" crc="d1394858" md5="fc3df2d8c20b54ca767658dfa44b0d13" sha1="c85809258181d3f18ef8e111d0429f42f28c0d64" />
		<rom name="Dragonette (Gottlieb 1954).vpt" size="10952704" crc="777c5440" md5="af15c704eb9dbfb107221c73395f4fcb" sha1="001f37a30371b92579091ffddb2cec3f834f31f4" />
	</machine>
	<machine name="El Dorado (Gottlieb)(1975)(Loserman76, GNance)(1.0a)[VP99x][FullScreen][DOF Arngrim]">
		<description>El Dorado (Gottlieb)(1975)(Loserman76, GNance)(1.0a)[VP99x][FullScreen][DOF Arngrim]</description>
		<rom name="El Dorado (Gottlieb) (1975) FS DOF 1.0.vpt" size="38506496" crc="fd3a48a7" md5="2da7ce86c169155b7d65a0e132d7154f" sha1="2a713b5dd90fb92dcfd37d3e7a890790b4450bfa" />
		<rom name="eldoradofs.jpg" size="106199" crc="4769ba03" md5="384a873edb85a51f8122a5022e5cb50c" sha1="0e85b605fbbbfe5db1a0f50e7422f3480940091a" />
	</machine>
	<machine name="Festival Pop (Marsa)(1973)(Eduguitar72, Thingamajiik)(1.0)[VP990][FullScreen Thingamajiik]">
		<description>Festival Pop (Marsa)(1973)(Eduguitar72, Thingamajiik)(1.0)[VP990][FullScreen Thingamajiik]</description>
		<rom name="Festival Pop screenshot.jpg" size="611038" crc="baf695a3" md5="ef14bf28d703aa88c80fe8b3423ca1a7" sha1="002691477595ede2834797cb2952ed34a9dab2ee" />
		<rom name="FestivalPop (marsa)vb.vpt" size="3198976" crc="0ad11023" md5="aceef2052afc7fa37cb5710beba5599d" sha1="b41f72cbd0b749eb498bf682cf8a72f0bab70a29" />
	</machine>
	<machine name="Fireball (Bally)(1972)(starman, STAT)(1.1)[VP990][FullScreen + dB2S STAT][DOF arngrim]">
		<description>Fireball (Bally)(1972)(starman, STAT)(1.1)[VP990][FullScreen + dB2S STAT][DOF arngrim]</description>
		<rom name="Fireball.directb2s" size="3742057" crc="ecb107bd" md5="7ffe1b0b576a611ab415fdd403ff0ae5" sha1="8113e737d6c891693869cc266424b4f07f6598ca" />
		<rom name="Fireball.vpt" size="14528512" crc="3dc8bd3f" md5="5d3160598afd28b6772f62aee8df238b" sha1="394e93b4ad7d455fc41d13b531ab8fcaf40a3c4e" />
	</machine>
	<machine name="Firecracker (Bally)(1971)(Loserman76, Hauntfreaks)(1.0)[VP990][FullScreen Loserman76, Hauntfreaks][DOF arngrim]">
		<description>Firecracker (Bally)(1971)(Loserman76, Hauntfreaks)(1.0)[VP990][FullScreen Loserman76, Hauntfreaks][DOF arngrim]</description>
		<rom name="Firecracker (dB2S)(Loserman76, Hauntfreaks)(1.0)/Firecracker (Bally 1971).directb2s" size="6063725" crc="8aca231c" md5="3ee26d667f800ebd5367b791c0bde8c4" sha1="7b95d2c11d921db4fe653c94df64fe63d6478bbc" />
		<rom name="Firecracker (dB2S)(Loserman76, Hauntfreaks)(1.0)/Firecracker (dB2S) screenshot.png" size="1433270" crc="505f1c3a" md5="30472cf16429e3c86740f98dd65e65ca" sha1="9004cde5c9f2fca439f24ba67ec262a89267d38a" />
		<rom name="Firecracker (Bally 1971) FS DOF.vpt" size="49459200" crc="30e1b65f" md5="90e40e00361a0c6c5de414e028d729ef" sha1="563a8440f838e64f6de5dfdd84a5e4d94843b9f3" />
		<rom name="Firecracker (Bally 1971).vpt" size="49451008" crc="00a65e47" md5="eea0d265f0769dabd61a37e15218e862" sha1="292d3e4e699fe586654a6e51d68fb2cec62888d8" />
		<rom name="Firecracker screenshot.png" size="2480619" crc="6e3b8673" md5="2a5602650543fe38ddbe7d77a97d2a55" sha1="2bcb82a1dd1acf8ddee2545e0c060bb87474c612" />
	</machine>
	<machine name="Flip A Card (Gottlieb)(1970)(Loserman76)(1.2)[VP990][FullScreen Loserman76]">
		<description>Flip A Card (Gottlieb)(1970)(Loserman76)(1.2)[VP990][FullScreen Loserman76]</description>
		<rom name="1.0/Flip A Card (FullScreen) screenshot.png" size="1772075" crc="a2a7a7c8" md5="cbee7ba39957f4322252257078650322" sha1="ffe19ecbdb87a16efba55fbade891eabfef3909a" />
		<rom name="1.0/Flip A Card (Gottlieb) (1970).vpt" size="48214016" crc="e15d2920" md5="92594b8aca6aaf2f07b0bffc5e7b4533" sha1="226d5a10c2d678c2509750f2820fe088cbbb3bc6" />
		<rom name="1.1/Flip A Card (Gottlieb) (1970).vpt" size="46133248" crc="9b220dcc" md5="6c9a4f9e6b15e21b081c697ad51d88fa" sha1="b90a6c6fec4514d4a4ca91a8cdb75f5bb710ba09" />
		<rom name="1.2/Flip A Card (FullScreen) screenshot.jpg" size="463899" crc="1c9c90d8" md5="cf4cf84a7cba74f6422807ee1e0855a9" sha1="e4d0874d69f40f13d1afbe670f3c1b5d32db1512" />
		<rom name="1.2/Flip A Card (Gottlieb) (1970).vpt" size="34230272" crc="897a5c05" md5="c27e06e83e4d2fc4a11b045edb5300f2" sha1="5e722f855e464de84d0fb9282e11e490b97af97a" />
		<rom name="Flip A Card (dB2S)(Loserman76)(1.0)/Flip A Card (dB2S) screenshot.png" size="1947455" crc="71202905" md5="351595cc798d37161476b2fb12dfd97b" sha1="21ace8517f83139aa46923013bc4552c65e7d8c3" />
		<rom name="Flip A Card (dB2S)(Loserman76)(1.0)/Flip A Card (Gottlieb) (1970).directb2s" size="2150109" crc="578a038e" md5="70147bc8c36b9b2f4c7284da3f151e1f" sha1="b63b4da1d31b80e6b13a17c49baec7e52e7853bd" />
	</machine>
	<machine name="Free Fall (Gottlieb)(1974)(GNance, loserman76)(1.0)[VP99x][FullScreen + dB2S GNance]">
		<description>Free Fall (Gottlieb)(1974)(GNance, loserman76)(1.0)[VP99x][FullScreen + dB2S GNance]</description>
		<rom name="Free Fall (Gottlieb) (1974) FS.vpt" size="26976256" crc="95973f1e" md5="8eb0fcb4a5126dc35e31601955d77389" sha1="89c92c634878fb95fcc8a5ae9a667fed79426ece" />
		<rom name="screenshot.jpg" size="109794" crc="6500427a" md5="80b9ac979fab99b6e1dfeab7700792db" sha1="7662e1f308fa521162b4253c230562e44c6067be" />
	</machine>
	<machine name="Gold Star (Gottlieb)(1954)(pbecker1946)(1.0)[VP99x][FS + dB2S v1.0 Itchigo]">
		<description>Gold Star (Gottlieb)(1954)(pbecker1946)(1.0)[VP99x][FS + dB2S v1.0 Itchigo]</description>
		<rom name="Gold Star.directb2s" size="4040608" crc="dbc597e4" md5="b95891fe4aad09b2d421d8fd57fc75d8" sha1="5b9fe92102e1e8f05ed1406b6f9a8c8543942ea5" />
		<rom name="Gold Star.vpt" size="25817088" crc="6bfdf6f3" md5="ad6cb0438cc8179ff3cd72eacd09d82a" sha1="50001f04bcc56721edc3304e882d3bd66ff20b1e" />
		<rom name="medium_1_11_08_18_7_14_07_0.png" size="530641" crc="beaa74bd" md5="509fb64cc5a2cf27ba1707c1e0830c8f" sha1="e872e135a07b64544d1657fb23f555f6e51fc5c5" />
	</machine>
	<machine name="Grand Tour (Bally)(1964)(pbecker1946)(1.0)[VP99x][FS + dB2S v1.0 Itchigo]">
		<description>Grand Tour (Bally)(1964)(pbecker1946)(1.0)[VP99x][FS + dB2S v1.0 Itchigo]</description>
		<rom name="1_22_02_17_4_05_08_0.png" size="1207719" crc="aaa6053a" md5="13f33f208e05e9564e679a84fe2196e7" sha1="b53f5bfbeedac1029e343a218850df45e8b4eb8d" />
		<rom name="Grand Tour.directb2s" size="8064195" crc="6d77d332" md5="89d7e3c9d2c9e59c0798dd55bf0768d6" sha1="6e4475c5f2d46c414cb68b66cfed4b70d62524f3" />
		<rom name="Grand Tour.vpt" size="23089152" crc="494837f8" md5="ed7d3c97475e880a5a231ac23c38dd24" sha1="cd9448821d768134c525bc5c03071a2097ad35ff" />
		<rom name="medium_1_22_02_17_4_05_08_0.png" size="508021" crc="dec7f67f" md5="1bb3c4b1a57419cccb8d931f69e1a3ff" sha1="a7437a182aecd8e4bdf661b240864ccf3c606a96" />
	</machine>
	<machine name="Groovy (Gottlieb)(1970)(loserman76)(1.0)[VP990][FullScreen + dB2S loserman76]">
		<description>Groovy (Gottlieb)(1970)(loserman76)(1.0)[VP990][FullScreen + dB2S loserman76]</description>
		<rom name="Groovy (dB2S)(loserman76)(1.0)/Groovy (dB2S)(1.1) screenshot.png" size="2972425" crc="e6fd717e" md5="21ea2d3ebd9579960d617db669ebc8f2" sha1="8c31971ad34b14a5bcbf77e373b9083fb0097217" />
		<rom name="Groovy (dB2S)(loserman76)(1.0)/Groovy (Gottlieb) (1970).directb2s" size="2747616" crc="64c150ac" md5="be49029e2acee3661ba1300ec87dfe1d" sha1="893382ae66e20a2036705ac5b7c76d4c03067201" />
		<rom name="Groovy (dB2S)(loserman76, hauntfreaks)(1.1)/Groovy (dB2S)(1.1) screenshot.jpg" size="315846" crc="45e1a980" md5="0b584a8e5d121cf2e106c2f7eb7b0fc1" sha1="48385d9454e5bd85ab8c14e0380a63f21877cf0b" />
		<rom name="Groovy (dB2S)(loserman76, hauntfreaks)(1.1)/Groovy (Gottlieb) (1970).directb2s" size="19405055" crc="68b5857b" md5="2f38133df648f783cb0ecc0804fd629b" sha1="2b1fc72c153a8ab03a84a760dd9397662fbac169" />
		<rom name="Groovy (Gottlieb) (1970).vpt" size="52416512" crc="ef64cf9b" md5="ceff74f14df561bc3fd92534f0d9d152" sha1="2d85a37f03487ed04213ae3d5fc9487654c43498" />
		<rom name="Groovy screenshot.png" size="2964245" crc="9b4d3a0d" md5="2176050f49654a1f885dac918745f276" sha1="f8aaecfa02676d0b2c17cbbcb89fbbe7c1a9a7f9" />
	</machine>
	<machine name="Hearts and Spades (Gottlieb)(1969)(Fratazzo)[VP990][FullScreen+dB2s Fratazzo]">
		<description>Hearts and Spades (Gottlieb)(1969)(Fratazzo)[VP990][FullScreen+dB2s Fratazzo]</description>
		<rom name="hearts_and_spades.directb2s" size="6028433" crc="373faa84" md5="75076132891d1e40c28c536fcdc2983f" sha1="eaae18dd00a00fef435cd89ca55901a4d8cf91ce" />
		<rom name="Hearts_and_Spades_FS_DB2S_LX101.vpt" size="16891904" crc="5e4e08d6" md5="7be9c92a8720105f0bc2a88bee49ee6f" sha1="09c15fead122a3254759ee334c449ca4784f9052" />
		<rom name="screenshot.jpg" size="136678" crc="288852dc" md5="2b0cf0a06ff76f47badd6b36a8aa98d5" sha1="4ebecc112953980234da334b3e99ca4618f479ad" />
	</machine>
	<machine name="Jet Spin (Gottlieb)(1977)(Loserman76, GNance)(1.1)[VP99x][FullScreen + dB2S Loserman76]">
		<description>Jet Spin (Gottlieb)(1977)(Loserman76, GNance)(1.1)[VP99x][FullScreen + dB2S Loserman76]</description>
		<rom name="1.0/Jet Spin (Gottlieb) (1977).vpt" size="42352640" crc="cb340169" md5="eb81c8c149e2232188df80312da1f858" sha1="46916bc1649f6d42b930a7e882d4d0b9272dd2cf" />
		<rom name="1.1/Jet Spin (Gottlieb) (1977).vpt" size="42352640" crc="880444a7" md5="f98600e88151273d240ae7a01326d7a2" sha1="19db03a81f7164a301f3e76452116a9fccb9ecb7" />
		<rom name="Jet Spin (Loserman76, GNance)(1.0)[dB2S]/Jet Spin (dB2S) screenshot.png" size="1444203" crc="db57a891" md5="149793c5faeed8474d7fcd2a9ff090de" sha1="6db3a123c3e2911fbfdf4194a4f14a7deba6c9ad" />
		<rom name="Jet Spin (Loserman76, GNance)(1.0)[dB2S]/Jet Spin (Gottlieb (1977).directb2s" size="8208424" crc="ddb3246c" md5="03f0d4a4961b2cd6e61d9b2e5a0faa14" sha1="d45caa6a94247869ba6615fadec36ac6d83eebee" />
		<rom name="Jet Spin screenshot.png" size="2182679" crc="c9482f0a" md5="039af326c6d8962fe1b8b075c7077ce2" sha1="3089b6d681cff05d67454f1085cb4394c89dd0cd" />
	</machine>
	<machine name="Jumaci (Recreativos Jumaci)(1960)(mfuegemann)(1.1)[VP990][FullScreen mfuegemann]">
		<description>Jumaci (Recreativos Jumaci)(1960)(mfuegemann)(1.1)[VP990][FullScreen mfuegemann]</description>
		<rom name="1.0/Jumaci.vpt" size="22339584" crc="f5589152" md5="6db80de0e5ca313ec93583ca77eef485" sha1="7acb263775ea5c0f11d34a6d8dc3ebe7fc8d3485" />
		<rom name="1.1/Jumaci.vpt" size="22343680" crc="c7e2b7b4" md5="8047d196f68fa859bd3c3c465b951bae" sha1="2d58cb4404a314f02c028ca97ed89358c3bc5a1b" />
		<rom name="Jumaci (dB2S)(mfuegemann)(1.0)/Jumaci.directb2s" size="966792" crc="911e530e" md5="19c978530a1f557f1575ceb4d9828323" sha1="d03125b8719959fb8f4b098165c3902a84b0e738" />
		<rom name="Jumaci screenshot.jpg" size="567417" crc="3328da17" md5="6628946eca4093d34d9bae1ace10fd5b" sha1="568569f8faa6364e7e128d0eb219e504400eebc8" />
		<rom name="Jumaci_Backglass.png" size="418036" crc="e2d41b89" md5="54650b39fe736cb3baa81c48624c5bec" sha1="755805d31d228a5c6156029db56cbf08ff6eead7" />
		<rom name="Jumaci_PF.png" size="1811665" crc="6b240ad8" md5="1f3a60bf3a84e2eb310b5eb5a70d2266" sha1="426a9aa9c316b588a2bb3c40f3fc3ee0745df217" />
		<rom name="Jumaci_Wheel.png" size="193889" crc="d93c3062" md5="73c04d808bb081411d2a18a42a47a361" sha1="8b3f78f3179a54746cd121ef82cbfe9176a30e42" />
	</machine>
	<machine name="Jumping Jack (Gottlieb)(1973)(kiwi, Leon Spalding, Jurgs [VP8])[VP990][FullScreen dboyrecords v1.5]">
		<description>Jumping Jack (Gottlieb)(1973)(kiwi, Leon Spalding, Jurgs [VP8])[VP990][FullScreen dboyrecords v1.5]</description>
		<rom name="Jumping Jack (Gottlieb 1973) (1.2).vpt" size="8609792" crc="6d1a0d93" md5="0fb7463193f9ac84c5b744d0be7facce" sha1="d0e00025615c45b0a2fa25e335d4ae9521025ab7" />
		<rom name="Jumping Jack (Gottlieb 1973) (1.3).vpt" size="8630272" crc="7c1a727b" md5="5907a2c9bd53d7c7186baf7fcf7a82b5" sha1="831bc5853bedd7cc20ceaf562f93b39d4f67a5b1" />
		<rom name="Jumping Jack (Gottlieb 1973) (1.4).vpt" size="10407936" crc="c829968f" md5="cf8b01ebe226ccce65c3e6db7f7df4bd" sha1="a595f9027e82dc734444eeb52a7de61cde4981df" />
		<rom name="Jumping Jack (Gottlieb 1973) (1.5).vpt" size="11087872" crc="ca1463bd" md5="201aba7e30801216d09c4ceecc937ceb" sha1="948e5b66e67e34e7c8a501a00502b318df9fe8fe" />
		<rom name="Jumping Jack (Gottlieb 1973).vpt" size="10932224" crc="f07311cb" md5="72498f1313dfec51f7b166d4f2491708" sha1="b09e38f76d94cd0eda9c955b7a38cbc86efbf745" />
		<rom name="screenshot.png" size="1780582" crc="c99190f3" md5="5e4b8669827534465c0a779cc7135e30" sha1="4959597736b02941b0b8c395dc29fe14eca68881" />
	</machine>
	<machine name="Kewpie Doll (Gottlieb)(1960)(PBecker1946)(1.0)[VP99x][FS+dB2s Itchigo v1.0]">
		<description>Kewpie Doll (Gottlieb)(1960)(PBecker1946)(1.0)[VP99x][FS+dB2s Itchigo v1.0]</description>
		<rom name="1_31_12_16_11_14_28_0.png" size="1597528" crc="a13dfef3" md5="631c8fd6475ad459af9a1553e3d4b329" sha1="2fd7d8b6514af764ea2837c3d8afe52e1a046d9a" />
		<rom name="Kewpie Doll.directb2s" size="4757316" crc="38774f86" md5="78499e74db7d089a19dfbf05d75cf657" sha1="c1fef218a25d9916382b24c7e08ad7c096011df9" />
		<rom name="Kewpie Doll.vpt" size="25681920" crc="19108d8c" md5="b99a3bac1903c4c92b9762966a9f2fb0" sha1="7441f8e810d22311dd85040473469870e84a1c4a" />
	</machine>
	<machine name="King Pin (Williams)(1962)(pbecker1946)(1.0)[VP99x][FS + dB2S v1.0 Itchigo]">
		<description>King Pin (Williams)(1962)(pbecker1946)(1.0)[VP99x][FS + dB2S v1.0 Itchigo]</description>
		<rom name="1_27_03_17_1_25_15_0.png" size="1125864" crc="87e6b9a8" md5="74d9eff5a5b815c08862926d2237c68e" sha1="5e760d22d90e2343d34d861ea8f251014c8e2956" />
		<rom name="Kingpin.directb2s" size="2473767" crc="5665a234" md5="6923f44d5423eae074bae201106da88b" sha1="a6b02292a6e07047fdf8ba8c3377c334fb6a6342" />
		<rom name="Kingpin.vpt" size="20709376" crc="4877a564" md5="7d4d785e88a94a4473c2500544caa6f1" sha1="dca511d877f80407b7cbefc18946c661c9b7133b" />
	</machine>
	<machine name="King Rock (Gottlieb)(1972)(Loserman!, Bodydump)(2.0)[VP990][FullScreen Loserman!][DOF arngrim]">
		<description>King Rock (Gottlieb)(1972)(Loserman!, Bodydump)(2.0)[VP990][FullScreen Loserman!][DOF arngrim]</description>
		<rom name="controller.vbs" size="10011" crc="5bbe29ec" md5="7087b93ce6616c0190877bb0bdfb7db4" sha1="cad47c1afbd70b26ebe6d410405991ebbfa2d7b4" />
		<rom name="King Rock (Gottlieb) (1972) (Loserman! Bodydump)FS 1.1.vpt" size="31854592" crc="9f2dd7bf" md5="5a406301c4f01a97c39b96680d3f9f82" sha1="6fb16febf221eb1cf65f119c5d0bde53b572c6e5" />
		<rom name="King Rock (Gottlieb) (1972) (Loserman! Bodydump)FS.vpt" size="30015488" crc="dfb2e69f" md5="d4dcb94dc348bc49c05fbaaadfc2c435" sha1="04fc4fc6e7ed5615ed2efd35f5f9a2e7be621f50" />
		<rom name="King Rock (Gottlieb) (1972) FS DOF.vpt" size="31965184" crc="0fccd503" md5="c1d1407c253287f613cbc73949441ee3" sha1="df52181e845c82b02560681cbbf3804504b64ee9" />
		<rom name="King Rock screenshot.png" size="2193938" crc="2d40b760" md5="010f64d64b63193b259a4832fabaa332" sha1="5352263d1fdd3537af507a4f99ecce80e54fad62" />
	</machine>
	<machine name="Little Chief (Williams)(1975)(pbecker1946)(1.0)[VP99x][FS + dB2S v1.0 roccodimarco]">
		<description>Little Chief (Williams)(1975)(pbecker1946)(1.0)[VP99x][FS + dB2S v1.0 roccodimarco]</description>
		<rom name="977_09_05_19_12_27_43_0.png" size="1294966" crc="354465cb" md5="b9b46dcd75e139eb1dcedc2e76acfe4c" sha1="de41aec544e0529869cb1a5e57221de35ac0dfb2" />
		<rom name="Little Chief.directb2s" size="2222652" crc="2ae9eb16" md5="fcbc15fbfc10919216483cc2106f58c5" sha1="6af350455ac65226bedfea2cd6f285848fe25e82" />
		<rom name="Little Chief.vpt" size="26845184" crc="9051b6d4" md5="e8028e6c4cb9c2586b890d957f9f032c" sha1="5b19d83a56c05ec4ea59f40eb7553d8d13b0adf3" />
	</machine>
	<machine name="Loch Ness Monster (Game Plan)(1985)(Eala Dubh Sidhe (VP8), roccodimarco)(1.0)[VP99x][FS]">
		<description>Loch Ness Monster (Game Plan)(1985)(Eala Dubh Sidhe (VP8), roccodimarco)(1.0)[VP99x][FS]</description>
		<rom name="final pf proof.png" size="1970062" crc="a217f23e" md5="2390748ea1ce829f2bafd1621ce3d229" sha1="eaec3b26e6c081f52be588d35c8bcbe05c044fbe" />
		<rom name="loch ness cabinet.png" size="2627661" crc="cc868985" md5="bce2d063eccf7cd895bb0dec49fd42b0" sha1="47b4c74a774362cd1c8e168e88d6469eded45833" />
		<rom name="Loch Ness Monster Cabinet Final.directb2s" size="2867253" crc="2d672f63" md5="6e521cbc00db8f1fad919151449758a0" sha1="95398560fcb908eba84c9a5b35bef85b6622104e" />
		<rom name="Loch Ness Monster Cabinet Final.vpt" size="26804224" crc="3ccb7812" md5="4a60adb7389a9eea11279a059a17c0b9" sha1="1dd9f05d90db7c5ffe95bc7718d1c1f9c6fc3ae9" />
		<rom name="Loch Ness Monster Desktop Final.vpt" size="26804224" crc="469bab30" md5="ad7aa3b6424c209cb9f285d5a5109fef" sha1="81ee0dead8e213b842a85aa25f54bf0dc1818af2" />
		<rom name="Lochness backglass.png" size="1697640" crc="f3e20a96" md5="2382b71fc4f4e093dc13e7fa96c0a280" sha1="09f50b018d0fafffaf497578e8b559a8c273c112" />
	</machine>
	<machine name="Magic Clock (Williams)(1960)(pbecker1946)(1.0)[VP99x][FS + dB2S v1.0 Itchigo]">
		<description>Magic Clock (Williams)(1960)(pbecker1946)(1.0)[VP99x][FS + dB2S v1.0 Itchigo]</description>
		<rom name="1_11_08_18_7_26_53_0.png" size="1503138" crc="507fb9e5" md5="0c88bcee18e90326dea30fd233760204" sha1="453dcde8995e2244c0ffca25821279f1e5f4aa4b" />
		<rom name="Magic Clock.directb2s" size="5282375" crc="3b723341" md5="0e56ffe5446287bc844f9de64786dd83" sha1="13e8036824c188a95e4caf2588112d0cb5ef90e4" />
		<rom name="Magic Clock.vpt" size="27041792" crc="47d9c764" md5="b69db389f4a30659b54a1864460e94ec" sha1="16713152813f2d70cb1fc853c327a6d2a299bb60" />
	</machine>
	<machine name="Magnotron (Gottlieb)(1974)(Loserman76, GNance, Popotte)(3.0)[VP990][FullScreen + dB2S Loserman76][DOF arngrim]">
		<description>Magnotron (Gottlieb)(1974)(Loserman76, GNance, Popotte)(3.0)[VP990][FullScreen + dB2S Loserman76][DOF arngrim]</description>
		<rom name="Magnotron (Gottlieb) (1974) FS DOF.vpt" size="29069312" crc="ba3a3673" md5="7b9716092842929d3fb60b0255315b1c" sha1="37df15ecab474f48695a4870a9057d879a0b1166" />
		<rom name="Magnotron screenshot.png" size="2048160" crc="66e29f1b" md5="18b8d2b44af84b4a8eb4dc6d29d21510" sha1="a49d6527b963baced46659cba8e926f6796edb86" />
	</machine>
	<machine name="MIBS (Gottlieb)(1969)(Loserman76)(1.0)[VP990][FullScreen Loserman76]">
		<description>MIBS (Gottlieb)(1969)(Loserman76)(1.0)[VP990][FullScreen Loserman76]</description>
		<rom name="MIBS (Gottlieb) (1969) FS.vpt" size="33984512" crc="da5e3887" md5="fd0ce5c1990fef527edfb2c17110d617" sha1="1fccc174aaec0e5f2a7a0c001a6ff1af6002e22d" />
		<rom name="MIBS screenshot.png" size="2308400" crc="88a8ace2" md5="c52ebd8c688fc36b73b7c0b6bc8fe445" sha1="237593ffbc64c2f678c2116e0ab805d39f23cda3" />
	</machine>
	<machine name="Moon Shot (Chicago Coin)(1969)(eduguitar72)(1.0)[VP99x][FullScreen]">
		<description>Moon Shot (Chicago Coin)(1969)(eduguitar72)(1.0)[VP99x][FullScreen]</description>
		<rom name="Moon Shot (Bally 1969) FS.vpt" size="6168576" crc="22550412" md5="d47614ee474e35f13f5cedcc9ae1b9bf" sha1="949d3b3c605d5b8d0f52f823b1f7e3ceea73b674" />
		<rom name="screenshot.jpg" size="525680" crc="e6cdb381" md5="9145b9f59c7393cbbc3d5af011524ef6" sha1="3c229b270c67692a4aac76ee2a61d9d6d3175630" />
	</machine>
	<machine name="Moon Shot (Chicago Coin)(1969)(eduguitar72)(1.1)[VP99x][FullScreen][B2S 7he S4ge]">
		<description>Moon Shot (Chicago Coin)(1969)(eduguitar72)(1.1)[VP99x][FullScreen][B2S 7he S4ge]</description>
		<rom name="Flyer.jpg" size="222699" crc="4f35b8f5" md5="cf47615dc4b1bb0b04641a508c716aef" sha1="17903959e78d5ac407186a0024b5d1b88632ec4b" />
		<rom name="Instructions card.png" size="21171" crc="5dfadad7" md5="cdff0d24509d1393900daebc407711dd" sha1="f179887239456a710abc1b41be8aeb55166b4d6e" />
		<rom name="Moon Shot (Chicago Coin 1969) 1.1.directb2s" size="2169769" crc="431a8e44" md5="1ddbe21797de075d63770dd801ed2b7d" sha1="c1d28cb88595d37a75b4d9bff3d9edce827af4ab" />
		<rom name="Moon Shot (Chicago Coin 1969) 1.1.vpt" size="6172672" crc="8d9094df" md5="663c174cd51fef24a6ca60202f4e9979" sha1="d2ab0b813bdd9232a2e6d98e292aa12592f7e921" />
		<rom name="Wheel.png" size="53710" crc="6b09c3ea" md5="40c238724a72d08dd2ba6336fcb1bc86" sha1="1f850bdf100cb22722a6510d91e5e7007006d453" />
	</machine>
	<machine name="Old Chicago)(Bally)(1975)(Loserman76, GNance, Popotte)(3.0)[VP990][FullScreen + dB2S Loserman76][DOF arngrim]">
		<description>Old Chicago)(Bally)(1975)(Loserman76, GNance, Popotte)(3.0)[VP990][FullScreen + dB2S Loserman76][DOF arngrim]</description>
		<rom name="Old Chicago (Bally) (1975) FS DOF.vpt" size="26820608" crc="b4baa14d" md5="a2919fe5a0b61b8ad080b7e6d28361fb" sha1="21a0a4ef17c838e8e15befb909c7fed78a04dff6" />
		<rom name="Old Chicago screenshot.png" size="2525121" crc="10b6dfb7" md5="cae03e933a4b021d338a60494f2ae9b1" sha1="4cb980e866fb40082c606abe32538458616da077" />
	</machine>
	<machine name="Orbit (Gottlieb)(1971)(loserman76, GNance)(2.0)[VP990][FS+dB2S loserman76][DOF]">
		<description>Orbit (Gottlieb)(1971)(loserman76, GNance)(2.0)[VP990][FS+dB2S loserman76][DOF]</description>
		<rom name="1.0a/Orbit (Gottlieb) (1971) FS.vpt" size="30871552" crc="b354e29a" md5="be165242b839c5ed766ebe70a7c13cfd" sha1="ee72d826c5d12e51b641bd8ba52023ab42c95e81" />
		<rom name="1.0/Orbit (Gottlieb) (1971) FS.vpt" size="30871552" crc="540f9ae2" md5="5b154fb27d16b277c0833e252152c709" sha1="eee5d645a28daea05cb95b9cd607e63f172bc2ab" />
		<rom name="1.0/Orbit screenshot.png" size="1853641" crc="78e5f077" md5="6a4f3b814ebd7adb1503058110bc8725" sha1="add2c3aff5d0b91c58936ca78e594d9ea2f44a0f" />
		<rom name="2.0/Orbit (Gottlieb 1971) FS 2.0fs.png" size="661186" crc="e0144ee0" md5="b04d1dabfc70cf276f985ebbbde000ec" sha1="ea068f7a161141d912ce445117160bc830658cbe" />
		<rom name="2.0/Orbit (Gottlieb) (1971) FS.vpt" size="31997952" crc="de58e747" md5="632e9d5d974074d34a881bcf183e5c78" sha1="c5f55f803a79da6b769beb6d5709d6fe7e4fc667" />
		<rom name="dB2S (loserman76, GNance)(1.0)/dB2S screenshot.png" size="1423024" crc="8ee2e92a" md5="e311cfbe9de682f34475125cb5417c15" sha1="c30d043a3a288da8ca0ba23279f4cc2b1741bc47" />
		<rom name="dB2S (loserman76, GNance)(1.0)/Orbit (Gottlieb) (1971).directb2s" size="5987951" crc="a6db5864" md5="2b5c4fae430c30b6f60d208080112e03" sha1="6eb55e366139431246f949e1656b64e9f32d85ae" />
		<rom name="Orbit (Gottlieb 1971) FS 2.0.txt" size="1831" crc="9f9a1d0f" md5="9fa17b27078416a6fd913d30e27451ad" sha1="c78e39503f3df1ab11277fcbec04bd54dd3d67e5" />
	</machine>
	<machine name="Outer Space (Gottlieb)(1972)(loserman76, GNance)(2.0)[VP990][FS+dB2S][DOF arngrim]">
		<description>Outer Space (Gottlieb)(1972)(loserman76, GNance)(2.0)[VP990][FS+dB2S][DOF arngrim]</description>
		<rom name="1.0a/Outer Space (Gottlieb) (1972) FS1.0a.vpt" size="30937088" crc="6ce28919" md5="ecb26ece28ff4da1a30acb573311a465" sha1="b9622b6b3d3f4d3dce14edc61731ee2c46800110" />
		<rom name="1.0a/Outer Space (Gottlieb) (1972) FS.vpt" size="30937088" crc="8c0da2ac" md5="b31f4f1ff160bd48ed4f6a62497943b4" sha1="f42a3be48ec5099b777f8b5f83e81484a6e2b000" />
		<rom name="1.0a/Outer Space screenshot.png" size="1871215" crc="cc197931" md5="cef110997239c83e43fa3a75c144a862" sha1="759529a7708323e380fac314fb6a4db326c6da4e" />
		<rom name="2.0/Outer Space (Gottlieb 1972) FS 2.0fs.png" size="667496" crc="e0a7f0ca" md5="f0219dd1604c670b43176c6da16d6614" sha1="14d24d1021267e83b807c8e4da8dd317319b29f8" />
		<rom name="2.0/Outer Space (Gottlieb) (1972) FS.vpt" size="32137216" crc="0df795d7" md5="7c5faf69aeed206a00055b853a5608ce" sha1="188592ab8e86c7c498e580ae987b94e82d09c81e" />
		<rom name="dB2S (loserman76, GNance)(1.0)/Outer Space (dB2S) screenshot.png" size="1557781" crc="443e1882" md5="b6bf6c52e9b699b58bf5e780c549a5fb" sha1="03fd67298f6b87c2b603a328e1c6446636aaf517" />
		<rom name="dB2S (loserman76, GNance)(1.0)/Outer Space (Gottlieb) (1972).directb2s" size="6068641" crc="b13be08e" md5="55471c049ba699067c9aaacc5a59dc50" sha1="b0eb78b172ee300c50a76e29f81888b07319c4e8" />
	</machine>
	<machine name="Paradise (Gottlieb)(1965)(Bendigo, Fratazzo)(1.0)[VP990](FS + dB2S + DOF]">
		<description>Paradise (Gottlieb)(1965)(Bendigo, Fratazzo)(1.0)[VP990](FS + dB2S + DOF]</description>
		<rom name="BG_1080.jpg" size="1485832" crc="fbe2ce23" md5="3521ef11ee50cc51498d5830ad173d46" sha1="a7019c5ab4627f441dc087291504b88e25a04dc0" />
		<rom name="Paradise_Gottlieb_1965.directb2s" size="7943357" crc="12458a4a" md5="8402eee269c441cb024f90ac8fd3a5ed" sha1="216315631387a11620b8ef081cc8de95bb6f8a5d" />
		<rom name="Paradise_Gottlieb_1965.vpt" size="13107200" crc="bb6d9e1a" md5="7133a5488a443500f9917351911c8f57" sha1="d45cdb5d739eec6cd83ab8dacb0ab65f5b33d518" />
		<rom name="PF_1080.jpg" size="1535575" crc="4478892f" md5="b18526c0231144a803976107dc47814f" sha1="e260a35079a8b9f5caa9b40ba21f5384669535fe" />
	</machine>
	<machine name="Peter Pan (Williams)(1955)(pbecker1946)(1.0)[VP99x][FS+dB2S v1.0 Itchigo]">
		<description>Peter Pan (Williams)(1955)(pbecker1946)(1.0)[VP99x][FS+dB2S v1.0 Itchigo]</description>
		<rom name="1_29_09_19_9_27_34_0.png.jpg" size="287410" crc="59482eb8" md5="bb7f5825ed1d26f916e5e7d8cb497738" sha1="90684d2312f31f8a722949a38c575bd3aaeabc06" />
		<rom name="Peter Pan.directb2s" size="4657526" crc="32186379" md5="9953c1b41b088a83b0c494abf090cbab" sha1="52a9191d0a46e820e0edf6bae6c4f07e33cdfd5e" />
		<rom name="Peter Pan.vpt" size="31043584" crc="e4686e2d" md5="df309cacf8d8bdcd35bb9e8af7b65943" sha1="7fb006b31b393d2f7d2ca1622ebcbd1c3eb738b7" />
	</machine>
	<machine name="Pokerino (Williams)(1978)(Dave Sanders)(1.0)[VP99x][FullScreen + dB2S Itchigo]">
		<description>Pokerino (Williams)(1978)(Dave Sanders)(1.0)[VP99x][FullScreen + dB2S Itchigo]</description>
		<rom name="Pokerino.directb2s" size="11515377" crc="bab10240" md5="0c4508ebeaf3d4a5b088d804a0f97e20" sha1="54ae66404c676a5b7e6a3627596c7f95859aa734" />
		<rom name="Pokerino.png" size="1654842" crc="1885fd99" md5="a2456da157ae8e1769f1c0a8ba30ea57" sha1="4df24471edaf1e309446f0575d492db61a20531d" />
		<rom name="Pokerino.vpt" size="4132864" crc="5374ebad" md5="2f06b830eea6fa6640c628eabdd1ba83" sha1="6203d05e6d42b28974845d16730e349aa4e5b5b1" />
	</machine>
	<machine name="Prospector (Sonic)(1977)(loserman76, GNance)(1.0)[VP990][FullScreen loserman76, GNance]">
		<description>Prospector (Sonic)(1977)(loserman76, GNance)(1.0)[VP990][FullScreen loserman76, GNance]</description>
		<rom name="Prospector (dB2S)(loserman76, GNance)(1.0)/Prospector (dB2S) screenshot.png" size="1441060" crc="3e96c52b" md5="a963d202c13a2555bfe1a9ea87be4e98" sha1="6bef8f432bd04b4b1d2f1b64f13e6a22ecbc47d9" />
		<rom name="Prospector (dB2S)(loserman76, GNance)(1.0)/Prospector (Sonic) (1977).directb2s" size="5795608" crc="fc2a8d54" md5="9456711d17abb93a4baea8c5180e74f8" sha1="ee12805eccdfab7c5c5de69796ddfbcc883760bb" />
		<rom name="Prospector (Sonic) (1977).vpt" size="38277120" crc="e8c21333" md5="cb24d010cc2ea6ce6361482c46446092" sha1="115d2244b23374a59aea829176a3d6ee9e64df63" />
		<rom name="Prospector screenshot.png" size="2549166" crc="24e05c1f" md5="135594f9d99532f3f2dde5a136c9fab1" sha1="5f5816203da1073a32cd5c5e54094e41d024215c" />
	</machine>
	<machine name="Reno (Williams)(1957)(pbecker1946)[VP99x][FS+dB2s v1.0 Itchigo]">
		<description>Reno (Williams)(1957)(pbecker1946)[VP99x][FS+dB2s v1.0 Itchigo]</description>
		<rom name="1_31_12_16_3_34_12_0.png" size="1234923" crc="7a7914b6" md5="f9ba4d2507780addac89b3012f1e86fa" sha1="9442ca8f61a98ddab69730bb29acc35fd1e5d069" />
		<rom name="Reno.directb2s" size="4293926" crc="821a9653" md5="3f052ecc8952a9c60367b943fdef1837" sha1="615bf3f6635032b5cb8b8bb333e364d54a9488cf" />
		<rom name="Reno.vpt" size="26804224" crc="a8873d21" md5="c5cbe73ab3f1f4547cfd74f6774278f9" sha1="8af411227136abe251d2c9984128fdfa492e6150" />
	</machine>
	<machine name="Rocket (Williams)(1959)(Leon Spalding, dboyrecords)(1.0)[VP99x][FS + dB2S dboyrecords, Itchigo]">
		<description>Rocket (Williams)(1959)(Leon Spalding, dboyrecords)(1.0)[VP99x][FS + dB2S dboyrecords, Itchigo]</description>
		<rom name="medium_155_01_03_16_8_45_29_0.png" size="499572" crc="19984695" md5="7ed3de1c5da4bb614ecf9e20f0db3033" sha1="cf5ac8a87caced69a0db830c3710fcaf00ab75d4" />
		<rom name="Rocket (Williams 1959).directb2s" size="7360581" crc="4f33149e" md5="ab5db30567ba16905223f97bab4491d1" sha1="67a84b4714cf744d11e8f7b09306eed005d3c4e7" />
		<rom name="Rocket (Williams 1959).vpt" size="11927552" crc="c9ae4141" md5="3f1bcdf3659c9e7cc2402cf3ad8d62bc" sha1="bce5b5807cf6d3e2171bc87fc2ffd848661c653d" />
	</machine>
	<machine name="Rocket (Williams)(1959)(pbecker1946)(1.0)[VP99x][FS + dB2S v1.0 Itchigo]">
		<description>Rocket (Williams)(1959)(pbecker1946)(1.0)[VP99x][FS + dB2S v1.0 Itchigo]</description>
		<rom name="medium_1_02_06_18_9_37_06_0.png" size="556009" crc="6c86d7d9" md5="7257b5f3239c67cef41e9c10398eb04e" sha1="5be1fbadd07003baf34daf598ee1b6756e8d08a2" />
		<rom name="RocketPLB.directb2s" size="4212533" crc="4d42de6a" md5="4cbfdabe15fb120a47bf2ec957f4c99c" sha1="415a10b80ff239e966ad0d28c2c38e4c607e0529" />
		<rom name="RocketPLB.vpt" size="28114944" crc="c7038f49" md5="ad3570ad97f039ec0ff3367859a0fd90" sha1="1cfa804208aef2c7e561a0d6cd289f2e67e5ef92" />
	</machine>
	<machine name="RocketShip (Gottlieb)(1959)(Pbecker1946)(1.0)[VP99x][FS + dB2S v1.0 Itchigo]">
		<description>RocketShip (Gottlieb)(1959)(Pbecker1946)(1.0)[VP99x][FS + dB2S v1.0 Itchigo]</description>
		<rom name="Commentary.txt" size="3978" crc="4d5b8fe8" md5="03e2c117a46c01a487055b0e294a31bc" sha1="e1be746971a3f17b25d1b20f1953660993024927" />
		<rom name="Flyer.jpg" size="1475627" crc="a516f53c" md5="fd7af569b55d71846a225e7a3a3d8c2b" sha1="816b52f990e150ed8c006a0d06f6c5a99a7d87b7" />
		<rom name="RocketShip.directb2s" size="2681566" crc="afc3b5ed" md5="b09e5dc36813af6c1712de3f4f5c74ab" sha1="f01e35449040d2ad273cff496f62b530ed775f30" />
		<rom name="RocketShip.vpt" size="29040640" crc="bf44aa8b" md5="55c3194cee24478b2edd902c0596e20a" sha1="b937b80c920263d503d81fa662779fb039c93a3d" />
		<rom name="screenshot.jpg" size="471339" crc="5c8f44a9" md5="45ee5f540ae018494e98faad86aad4bd" sha1="5ee2ddddab33a278f29810572d43787ba4d70532" />
	</machine>
	<machine name="Rockettes (Gottlieb)(1950)(pbecker1946)(1.0)[VP99x][FS+dB2S v1.0 Itchigo]">
		<description>Rockettes (Gottlieb)(1950)(pbecker1946)(1.0)[VP99x][FS+dB2S v1.0 Itchigo]</description>
		<rom name="1_29_09_19_9_34_45_0.png.jpg" size="295630" crc="fd5edc26" md5="7ed0f1e319696748441584ae61ddb877" sha1="dfae19a0aa6027edb177c25e440362722e80fe6a" />
		<rom name="Commentary.txt" size="3729" crc="ff3dd06b" md5="8c737b6541bb850f0c91a7c7fa9cf61e" sha1="3405783178f80bf360467dc1519180e9aff23efd" />
		<rom name="Rockettes.directb2s" size="3707085" crc="3503e863" md5="4bcd24af010dc2f3efc1cce36c2927fe" sha1="4e3f15a3bbdb3556930bfebc8a303d11b67b944b" />
		<rom name="Rockettes.vpt" size="22822912" crc="16ee25fe" md5="50b3e5aeb19a51b78684336847b77dee" sha1="4301be7ac0ea0dafce20306f5e47b7462790a0b7" />
	</machine>
	<machine name="Scuba (Gottlieb)(1970)(Loserman76, GNance)(1.0a)[VP990][FullScreen Loserman, GNance]">
		<description>Scuba (Gottlieb)(1970)(Loserman76, GNance)(1.0a)[VP990][FullScreen Loserman, GNance]</description>
		<rom name="1.0a/Scuba (Gottlieb 1970) FS 1.0a.vpt" size="31145984" crc="a091095f" md5="317ab5553034c834dd3dd7a4cabf3bbe" sha1="584f7dd7ae73264b9cc64195483222828484d49b" />
		<rom name="1.0/Scuba (Gottlieb 1970) FS.vpt" size="31145984" crc="820d6b4d" md5="e2c6bf6623e9d5350770e06d20531a96" sha1="ed0441cbad97e9cafcf8a8450d04dc386dd176c7" />
		<rom name="Scuba (dB2S)(Loserman76, GNance)(1.0)/Scuba (dB2S) screenshot.png" size="1613083" crc="ad3bb2a2" md5="148b463fdc23de0f5d1985290b5a20aa" sha1="0543e30db4c589c2b98540715824588083c57b6f" />
		<rom name="Scuba (dB2S)(Loserman76, GNance)(1.0)/Scuba (Gottlieb 1970).directb2s" size="10346607" crc="255814a6" md5="04b39773e8d0edfb2a737e6e5676d6d6" sha1="e6a163aec0864f6dcf9640c54de81d6cd3f6a3e9" />
		<rom name="Scuba screenshot.png" size="1758140" crc="7738e587" md5="5025199783a10786bd98485671cd104d" sha1="7ae58589dfdbafa214e080169e3fa7bcb04d5213" />
	</machine>
	<machine name="Sharpshooter (Gottlieb)(1949)(pbecker1946)(1.0)[VP99x][FS+dB2S v1.0 Itchigo]">
		<description>Sharpshooter (Gottlieb)(1949)(pbecker1946)(1.0)[VP99x][FS+dB2S v1.0 Itchigo]</description>
		<rom name="1_29_09_19_9_31_53_0.jpg" size="299755" crc="9beed244" md5="d95970b7f87e4d2250e2c2489d7fdf17" sha1="7be0503c229d1866edf7366ae38e94a00928c459" />
		<rom name="Sharpshooter PLB.directb2s" size="7258791" crc="300bfc5e" md5="71d52e8446ef9808d3425db7f5bf83f5" sha1="364bf0ec0abea626220056657e5fe24f5c64c31c" />
		<rom name="Sharpshooter PLB.vpt" size="27938816" crc="61c06db2" md5="9bd34866b78d2fdedff0ed0088890a77" sha1="f39fbe0df70434350d16008a8383d57462f029a9" />
	</machine>
	<machine name="Sing Along (Gottlieb)(1967)(Loserman76, GNance)(1.0a)[VP990][FullScreen Loserman76][DOF arngrim]">
		<description>Sing Along (Gottlieb)(1967)(Loserman76, GNance)(1.0a)[VP990][FullScreen Loserman76][DOF arngrim]</description>
		<rom name="1.0a/controller.vbs" size="9989" crc="61f37477" md5="134d819f13ce4b6f0013360d4dd83f70" sha1="a6931e1b0b8e4e6c64281d78bc5f2eddbd92e5f2" />
		<rom name="1.0a/Sing Along (Gottlieb) (1967) FS.vpt" size="35573760" crc="756d6372" md5="7a2153b6fb3dce05697e59eed106a1f8" sha1="3634c010579b31bad692a082678eb8a38636440e" />
		<rom name="1.0/controller.vbs" size="9989" crc="61f37477" md5="134d819f13ce4b6f0013360d4dd83f70" sha1="a6931e1b0b8e4e6c64281d78bc5f2eddbd92e5f2" />
		<rom name="1.0/Sing Along (Gottlieb) (1967) FS.vpt" size="35573760" crc="d667efa9" md5="149a4258ac0b3768ff1889a3e8da591a" sha1="2395d80318a6c79177ae2ee5e98b00e1c6086521" />
		<rom name="Sing Along (Gottlieb)(1967)(Loserman76, GNance)(1.0)[dB2S]/Sing Along (dB2S) screenshot.png" size="1989526" crc="48ed497b" md5="f02d7ab40d2778e87f8881a1f9ae4b81" sha1="b684e64b0281bec343b78e6cb5f43c43599aa528" />
		<rom name="Sing Along (Gottlieb)(1967)(Loserman76, GNance)(1.0)[dB2S]/Sing Along (Gottlieb) (1967).directb2s" size="14050045" crc="a3066a8d" md5="b2165a958bb7648933d432ee6a1a10d4" sha1="322960fce16913e90ecdb01ea58d1c68b0ec7ded" />
		<rom name="Sing Along screenshot.png" size="2206886" crc="e56e9f60" md5="c6d4152fa3dff79ed91080cf013e2740" sha1="bffad914064be4de2d2067176164a1fb2476d5b1" />
	</machine>
	<machine name="Snow Derby (Gottlieb)(1970)(Loserman76, GNance)(2.0)[VP990][FullScreen][DOF arngrim]">
		<description>Snow Derby (Gottlieb)(1970)(Loserman76, GNance)(2.0)[VP990][FullScreen][DOF arngrim]</description>
		<rom name="controller.vbs" size="10011" crc="5bbe29ec" md5="7087b93ce6616c0190877bb0bdfb7db4" sha1="cad47c1afbd70b26ebe6d410405991ebbfa2d7b4" />
		<rom name="Snow Derby (Gottlieb) (1970) FS DOF.vpt" size="37978112" crc="3ac100a0" md5="ad3b269d5e9917a051e7c7552bb7f9f6" sha1="0b4f171c5af0dcfe64e1a34bda10d40d6118822a" />
		<rom name="snowderbyfs.png" size="432867" crc="43af449b" md5="88b575423481e792ea3d8aa3eeff5cb1" sha1="bf0d999f4541d46834f98ca56f1060ff0dbea8c4" />
	</machine>
	<machine name="Snow Queen (Gottlieb)(1970)(Loserman76, GNance)(1.0)[VP990][FullScreen][DOF Arngrim]">
		<description>Snow Queen (Gottlieb)(1970)(Loserman76, GNance)(1.0)[VP990][FullScreen][DOF Arngrim]</description>
		<rom name="Snow Queen (Gottlieb) (1970) FS DOF.vpt" size="38572032" crc="06e63a44" md5="ee5beaff4f506130df8645bb090a7cb8" sha1="e4a420b39875008fb799f406ac30ec5fc97fae2b" />
		<rom name="Snow Queen (Gottlieb) (1970).directb2s" size="5146330" crc="9308d881" md5="b4bab47fe12f1c79ab6a80dae25c7a14" sha1="7f0c0cf652664fd3d9c884f54d3c7294ea60ce5e" />
		<rom name="snowqueenfs.png" size="437282" crc="5e3553a8" md5="a7dc18f0628be6f272e7cef04ba8d018" sha1="f9dc03627396c1d44d592996b1f2a2edfd51bd58" />
	</machine>
	<machine name="Space Mission (Williams)(1976)(pbecker1946)(1.0)[VP99x][FS + dB2S v1.0 Itchigo]">
		<description>Space Mission (Williams)(1976)(pbecker1946)(1.0)[VP99x][FS + dB2S v1.0 Itchigo]</description>
		<rom name="Commentary.txt" size="3659" crc="267f8010" md5="731ea8ec31e1f7b7115a1da8158c0182" sha1="811ef9e467ad0c301cf8623955eea52cb65055fd" />
		<rom name="Flyer.jpg" size="648483" crc="027f997a" md5="b2e84d3b2b771277716fa99f4a9ef36e" sha1="bff5b81e67d65d2dc380f69486c3745d799a44cc" />
		<rom name="McCall Painting.jpg" size="167997" crc="9febe38e" md5="3cec5f01f19b6a8d84a8098ceb6b0a35" sha1="1624009f42bf440978a2671714f5234a8dc22e06" />
		<rom name="medium_1_01_02_15_3_46_06_0.png" size="554574" crc="419b3b0f" md5="36f8497da50e1e2a2c256944fb8afc77" sha1="dea9a9b029771086e876302905640d009256c423" />
		<rom name="Space Mission.directb2s" size="4307361" crc="f0d34684" md5="51074a20e121a0e2cf4203660048828a" sha1="44dd7b6feba9ccf37cae4648985f3fe2cd3283a5" />
		<rom name="Space Mission.vpt" size="22163456" crc="7afec622" md5="e36ca9ef0c96362223c522bb1876af9d" sha1="3e25e8fcc51de04e158c2bb95a3b947e520bf83f" />
	</machine>
	<machine name="Spin Out (Gottlieb)(1975)(Loserman76, GNance, Popotte)(3.0)[VP990][FullScreen + dB2S loserman76][DOF arngrim]">
		<description>Spin Out (Gottlieb)(1975)(Loserman76, GNance, Popotte)(3.0)[VP990][FullScreen + dB2S loserman76][DOF arngrim]</description>
		<rom name="screenshot.png" size="1851792" crc="4a394b70" md5="70f0366ef2e74395a467e9ff45184fb4" sha1="86af8a0ae84304c150a89796c28fe60eb89b29ea" />
		<rom name="Spin Out (Gottlieb) (1975) FS DOF.vpt" size="32448512" crc="bc21d2f1" md5="d49b4ef141fa1ed886cfeab631390a00" sha1="8de211b49c3c4d64d9972d656ac6e8c4a428f99b" />
	</machine>
	<machine name="Spin-a-Card (Gottlieb)(1969)(Loserman76, GNance)(1.2)[VP990][FullScreen Loserman76][DOF arngrim]">
		<description>Spin-a-Card (Gottlieb)(1969)(Loserman76, GNance)(1.2)[VP990][FullScreen Loserman76][DOF arngrim]</description>
		<rom name="1.0/Spin A Card (Gottlieb) (1969).vpt" size="28917760" crc="87ef0ee7" md5="8d228880a79abb5309a664c38acac7a8" sha1="4c14fe5bb01b3c73ca8150f15b93322d8016c349" />
		<rom name="1.0/Spin-a-Card screenshot.png" size="2020630" crc="8a9bd5f9" md5="2473afbcff169879832e63b81b97c0fc" sha1="52f2a10bd982062c0dc5b29d6c323de89e4ae4f4" />
		<rom name="1.1/Spin A Card (Gottlieb) (1969).vpt" size="29147136" crc="b19561a4" md5="f0f376ce8ebda649e002147a920ce383" sha1="52845536e7956156229f542e8d0822a8dbe4aafd" />
		<rom name="1.2/Spin A Card (Gottlieb) (1969).vpt" size="29155328" crc="679d3f3d" md5="7f7462864255a17f3d84a196c5753292" sha1="bc36e2d1799aa7c2bc0be6b82101340f8ef30b54" />
		<rom name="Spin A Card (Gottlieb)(1969)(Loserman76)(1.0)[dB2S]/Spin A Card (Gottlieb) (1969).directb2s" size="27152105" crc="ecb5a6b7" md5="8cb85e1591d9e7d812aac1385a6ff4ee" sha1="743048ffbc26942129bcfff9a99a5bc2cba6ba82" />
		<rom name="Spin A Card (Gottlieb)(1969)(Loserman76)(1.1)[dB2S]/Spin A Card (Gottlieb) (1969).directb2s" size="5809210" crc="06e028ae" md5="003b7a3150757bc27cfd8f9cb033c7bf" sha1="5cf6bd3f52995982103dad576bc554048e3e1bde" />
		<rom name="Spin-a-Card (dB2S)(allknowing2012)(1.0)/Spin-a-Card (dB2S) screenshot.png" size="2702145" crc="3189ea26" md5="467957ebeb8bec17b8a29bc197094e91" sha1="2eeb655d67885c7688cf2e0929246d3ec58b8dc3" />
		<rom name="Spin-a-Card (dB2S)(allknowing2012)(1.0)/Spin-a-Card (Gottlieb) (1969).directb2s" size="27152105" crc="ecb5a6b7" md5="8cb85e1591d9e7d812aac1385a6ff4ee" sha1="743048ffbc26942129bcfff9a99a5bc2cba6ba82" />
		<rom name="Spin A Card (dB2S) screenshot.png" size="823695" crc="80681a41" md5="6cf1ec1aeeb14780e7c7cde414aeeb11" sha1="34781f1b2dc0fb42500fdc1550b656d34359f79c" />
		<rom name="Spin A Card screenshot.png" size="2022221" crc="460f0fd2" md5="deb32ab1825e231bdae7e7a3dadf77a9" sha1="f61334fe232f31cc2b7de754a77d9c97c050f9a9" />
	</machine>
	<machine name="Spot Bowler (Gottlieb)(1950)(pbecker1946)[VP99x][FS+dB2s v1.0 Itchigo]">
		<description>Spot Bowler (Gottlieb)(1950)(pbecker1946)[VP99x][FS+dB2s v1.0 Itchigo]</description>
		<rom name="medium_1_22_02_17_4_07_41_0.png" size="513406" crc="1ce01b39" md5="be5b8a6b486793e25945ab74c6d89739" sha1="b9132db4ba781290e13896559984d097b725172f" />
		<rom name="Spot Bowler.directb2s" size="5083396" crc="3eb8d145" md5="c70f6665b8608dc54ca0e261f624bfdc" sha1="3e4c07a3eb684b138afe4c15d70103ca371bbe03" />
		<rom name="Spot Bowler.vpt" size="32538624" crc="19a73049" md5="88ddec3018076eb45ce8f886289e0465" sha1="1ab446c5d71fc7f7241af7d8b65f84f14f1c4bbd" />
	</machine>
	<machine name="Student Prince (Williams)(1968)(Itchigo)(1.0)[VP99x][FullScreen Itchigo][dB2S]">
		<description>Student Prince (Williams)(1968)(Itchigo)(1.0)[VP99x][FullScreen Itchigo][dB2S]</description>
		<rom name="medium_1_08_10_17_8_43_25_0.png" size="444251" crc="5e0217ea" md5="5784ed29e4fbb09abc0cf7e6187b38fa" sha1="160a222f6dea578c919c60ba1f69488d770bd828" />
		<rom name="Student Prince.directb2s" size="2448391" crc="a1267bca" md5="b83c804799d40fc20c48e3ba0cad375e" sha1="adb39ee27854a9f3d0fb6d4ffab70b9941fab053" />
		<rom name="Student Prince.vpt" size="26136576" crc="67d95c40" md5="4e98f666c8db8c34730eeaedf813ccd4" sha1="dbcef02edf4e9bed51f206206ee388dbf3e08a73" />
	</machine>
	<machine name="T.K.O. (Gottlieb)(1979)(pbecker1946)(1.0)[VP99x][FS+dB2S v1.0 Itchigo]">
		<description>T.K.O. (Gottlieb)(1979)(pbecker1946)(1.0)[VP99x][FS+dB2S v1.0 Itchigo]</description>
		<rom name="1_01_12_15_12_58_53_0.png" size="1231272" crc="0f95aa05" md5="5262fc6b326af028de7518712b19fd5e" sha1="4c939062a6df6a2802facf197a63c2c03cdf4d21" />
		<rom name="TKO.directb2s" size="3757617" crc="3b96b5fa" md5="ab0d31d8dbd6ce5d5975d70c4b377ea9" sha1="965e2ae9766ba7d87724515a2bf331f8c5f9860c" />
		<rom name="TKO.vpt" size="20852736" crc="50bb1433" md5="54d64e23966e23704011665e5a19eec5" sha1="ffa45c4326ccf31f70c8fd8bbe8ad7d8b2a7b6ea" />
	</machine>
	<machine name="Tam-Tam (Playmatic)(1975)(Akiles5000)(1.1)[VP99x][FullScreen]">
		<description>Tam-Tam (Playmatic)(1975)(Akiles5000)(1.1)[VP99x][FullScreen]</description>
		<rom name="1.0/Tam Tam.vpt" size="33619968" crc="dc7ffaa6" md5="12187171c7504675d83cca05931734d2" sha1="5b6d3bfb5d4d5f71447b1f3e28edf81e94b97e66" />
		<rom name="1.1/Tam Tam.vpt" size="33624064" crc="586dbea9" md5="2b0ba00a98a654890104622fec0ea434" sha1="f881948454f55d04ab7459752671639c6517bc9a" />
		<rom name="screenshot1140.png" size="2280572" crc="167d131e" md5="81186d0cdb09b285c763bd1bf6d2827d" sha1="bd1a31c5d90a00a8ebac7f145903cab2d5ba8458" />
		<rom name="Tam Tam.directb2s" size="3410876" crc="412f97ef" md5="02efcd2c92deb7245867803c19552216" sha1="80f5a9277c8112e7eca2b49e14091e6ee680f090" />
	</machine>
	<machine name="Target Alpha (Gottlieb)(1976)(Loserman76, GNance, Popotte)(3.0)[VP990][FS + dB2S Loserman76][DOF arngrim]">
		<description>Target Alpha (Gottlieb)(1976)(Loserman76, GNance, Popotte)(3.0)[VP990][FS + dB2S Loserman76][DOF arngrim]</description>
		<rom name="screenshot.png" size="2050464" crc="a57d672a" md5="13e3adf01a142f5980931b365f625f39" sha1="69b33b1c93efe0c058f5152d9808299654dcc78c" />
		<rom name="Target Alpha (Gottlieb) (1976) FS DOF.vpt" size="27496448" crc="086ca868" md5="7eae8e759d208fc825ee917646cd8d1c" sha1="63fae28e98a47a0e5d2ef39baf33e5ad4998512f" />
	</machine>
	<machine name="Top Score (Gottlieb)(1975)(loserman76)(1.1)[VP990][FullScreen loserman76][dB2S]">
		<description>Top Score (Gottlieb)(1975)(loserman76)(1.1)[VP990][FullScreen loserman76][dB2S]</description>
		<rom name="1.0a/Top Score (Gottlieb) FS.vpt" size="42000384" crc="fdb6fb54" md5="8e2a751340fa3bfca93aff54d3311d40" sha1="69d36ea9730d705f5eac06cef00eed98b540815c" />
		<rom name="1.0b/Top Score (Gottlieb) FS.vpt" size="42000384" crc="fa0f4679" md5="5c94f2d59b07addee4f191a5f69c8c5c" sha1="37bb4aea6e56341adebcb28912ba96b0f533dc86" />
		<rom name="1.0c/Top Score (Gottlieb) FS.vpt" size="42000384" crc="f13f5f8a" md5="9dddc600a6e778b45ea33fd2a334c4e1" sha1="cf3071c4eb22e4be6ae6691467f2d135cb32325e" />
		<rom name="1.0/Top Score (Gottlieb) FS-1.vpt" size="42000384" crc="1be82aa2" md5="99a641f6987054ce9ce267ad7c06f433" sha1="075f200ee93e7da636c8881144d7d2f83ac96a67" />
		<rom name="1.0/Top Score (Gottlieb) FS-2.vpt" size="42000384" crc="db6a96a5" md5="6b29a5773f958e12ea1a7469cb6b20aa" sha1="570f8a274936f2bb4e935309df1db052239985be" />
		<rom name="1.0/Top Score (Gottlieb) FS.vpt" size="42000384" crc="eb64f9bb" md5="18df847a882993546257bf8e43e1aa6d" sha1="b35a3235dbcba1989039ea93a7cf4a3e01de607c" />
		<rom name="1.1/Top Score (Gottlieb) FS.vpt" size="41996288" crc="0c1047e7" md5="5e80d764b5383cad0c7ced46f94e946d" sha1="f9ec679c8204e045c8d4781b656b22a745dd638e" />
		<rom name="Top Score (Gottlieb) dB2S/Top Score (Gottlieb).directb2s" size="5640214" crc="32756a53" md5="df7d03e2f861b1689a8bd6cc4ad89116" sha1="6d786df087956416a47c24e1a8b34492b0eec2e5" />
		<rom name="Top Score (Gottlieb) dB2S/Top Score dB2S sscreenshot.png" size="1579303" crc="d3518b45" md5="4d4774bbf9c84002528c128d1c89218e" sha1="39a30d11f5216c0d957526eb40669cdc47ba0287" />
		<rom name="Top Score screenshot.png" size="2560065" crc="e88fcd5e" md5="c128abeb1a74b3793ffad55506a3bd77" sha1="ba79188ce66a2b66c49f8f82cce21830e57efbfb" />
	</machine>
	<machine name="Trade Winds (Williams)(1962)(pbecker1946)[VP99x][FS+dB2s v1.0 Itchigo]">
		<description>Trade Winds (Williams)(1962)(pbecker1946)[VP99x][FS+dB2s v1.0 Itchigo]</description>
		<rom name="1_03_05_15_5_00_05_0.png" size="1597984" crc="872de30a" md5="98c1b00993fa64db9f1929b5787fa97e" sha1="14871ff55f16ad1184b7e31403b3972517b8fa0b" />
		<rom name="Trade Winds.directb2s" size="3419438" crc="e20d2299" md5="35f3afa642c390e3d94688a06b587a2c" sha1="e8418d490f996c9ea812bb1a2719bdc1efe6ac7a" />
		<rom name="Trade Winds.vpt" size="16048128" crc="aee27b68" md5="37ec1e9813d4111f2892811839148cd0" sha1="e0ad0c468a99a36769e42f1bb42c96fe9858507a" />
	</machine>
	<machine name="Tri Score (Genco)(1951)(pbecker1946)[VP99x][FS+dB2s v1.0 Itchigo]">
		<description>Tri Score (Genco)(1951)(pbecker1946)[VP99x][FS+dB2s v1.0 Itchigo]</description>
		<rom name="1_22_02_17_4_02_22_0.png" size="1064197" crc="f10df076" md5="404ac8838d84527681a55df48553709a" sha1="675fc2654a11a146924093fa2fa8c6cebe03febd" />
		<rom name="Tri Score.directb2s" size="1971816" crc="8ccf365b" md5="cc50bb8ace340738c3bd801be6ce7d1c" sha1="2c5f24dcf49bd86ebb0b6540a8376bc0693f86b5" />
		<rom name="Tri Score.vpt" size="18464768" crc="6e64f957" md5="e5f763a121540b341b59de4232790297" sha1="9a46e85d6acea256cbb64f06611d5ef5d7223ad6" />
	</machine>
	<machine name="Volley (Gottlieb)(1976)(Loserman76, GNance, Popotte)(4.0a)[VP990][FullScreen Loserman76][DOF arngrim]">
		<description>Volley (Gottlieb)(1976)(Loserman76, GNance, Popotte)(4.0a)[VP990][FullScreen Loserman76][DOF arngrim]</description>
		<rom name="4.0a/controller.vbs" size="9989" crc="61f37477" md5="134d819f13ce4b6f0013360d4dd83f70" sha1="a6931e1b0b8e4e6c64281d78bc5f2eddbd92e5f2" />
		<rom name="4.0a/Volley (Gottlieb) (1976) FS DOF.vpt" size="29597696" crc="0f51254b" md5="72ae17dd57dd4a275b35d0add90aa5ab" sha1="0c36f1ab4e59ac1a558723ca1e27676d6a0c8561" />
		<rom name="4.0/controller.vbs" size="9989" crc="61f37477" md5="134d819f13ce4b6f0013360d4dd83f70" sha1="a6931e1b0b8e4e6c64281d78bc5f2eddbd92e5f2" />
		<rom name="4.0/Volley (Gottlieb) (1976) FS DOF.vpt" size="29597696" crc="94d0f8bf" md5="28e86ca24501999d6a4cc9110b93296d" sha1="53728306dbb9d1ded2f76bbf2655a1e3cae4b62e" />
		<rom name="Volley (Gottlieb)(1976)(Loserman76, GNance, Popotte)(1.0)[dB2S]/Volley (dB2S) screenshot.png" size="2912280" crc="ad02bf31" md5="1008d5db493d15f75f98a50496b093fe" sha1="9d9f6cc5f0682838c5cbe3270723ddae1fcdbf2d" />
		<rom name="Volley (Gottlieb)(1976)(Loserman76, GNance, Popotte)(1.0)[dB2S]/Volley (Gottlieb) (1976).directb2s" size="3813524" crc="05ab6a5a" md5="594e31be093af17d635acce7d1f81db7" sha1="2fb5ee44b39fa65552e09603046c5fbb2b0fe2fe" />
		<rom name="Volley screenshot.png" size="2654964" crc="0682ec4e" md5="599106c42b5768db476be419137a66d6" sha1="e54c1a727943c74a5180d48f85470e931f74e959" />
	</machine>
	<machine name="Wild Card (Williams)(1977)(pbecker1946)(1.0)[VP99x][FS+dB2S v1.0 Itchigo]">
		<description>Wild Card (Williams)(1977)(pbecker1946)(1.0)[VP99x][FS+dB2S v1.0 Itchigo]</description>
		<rom name="screenshot.png" size="1634088" crc="5330f61b" md5="538cd2a83156825e857782dc42cae2da" sha1="67fcbe72ae09d4e03c43da0679a8456222c3546b" />
		<rom name="Wild Card.directb2s" size="4759187" crc="30303a78" md5="d43825e1ba5ed5222555e3ba54739ac5" sha1="0fe5c58864aedf2fa32da04102a15939e3a166ec" />
		<rom name="Wild Card.vpt" size="21733376" crc="147a3422" md5="dac2c59bfb16ad8998883c0cdff14f28" sha1="99f87fc1747b0ec9174ac4e683256bba5b01c357" />
	</machine>
	<machine name="Wild Wild West (Gottlieb)(1969)(Loserman76, GNance)(1.0)[VP99x][DOF arngrim]">
		<description>Wild Wild West (Gottlieb)(1969)(Loserman76, GNance)(1.0)[VP99x][DOF arngrim]</description>
		<rom name="controller.vbs" size="10703" crc="6ed5fa07" md5="a9e34ee8dcf9d54524e17f3b157c5c13" sha1="4352a1ea95ddf5e6a86f6c9d0a1c2c0cdbcd32b2" />
		<rom name="Wild Wild West (Gottlieb 1969) FS.vpt" size="34750464" crc="9ade0fd3" md5="279f0b967fcd2c064b9e5b4478414efe" sha1="4bea8cd8031fa714fd98a3e6f835181d602c5d6b" />
		<rom name="Wild Wild West (Gottlieb 1969).directb2s" size="7811597" crc="2e6dd5f9" md5="71fc3944c50449bd74a2af89e91fd231" sha1="268441998b2641d15c9ab0789ee0712a93a1ea76" />
		<rom name="wildwildwestfs.png" size="681182" crc="76f5395a" md5="bec49c095396477e7dd968919ec618bc" sha1="2b9d0e99e1f6649e92ba02dc4216f31f8bd240d2" />
	</machine>
</datafile>