<?xml version="1.0" encoding="utf-8"?>
<!DOCTYPE datafile PUBLIC "-//Logiqx//DTD ROM Management Datafile//EN" "http://www.logiqx.com/Dats/datafile.dtd">
<datafile>
	<header>
		<name>Visual Pinball [VPX08] Recreated Tables [MODs, HACKs]</name>
		<description>Visual Pinball [VPX08] Recreated Tables [MODs, HACKs] (2024-01-27)</description>
		<version></version>
		<date>2024-01-27</date>
		<author></author>
	</header>
	<machine name="JP's Deadpool (Stern)(2018)(JPSalas)(5.1.2)[VPX08]">
		<description>JP's Deadpool (Stern)(2018)(JPSalas)(5.1.2)[VPX08]</description>
		<rom name="DP_Frame.png" size="326147" crc="f78aa04d" md5="c22df80bc173aa40aeab0cb5505d7d83" sha1="a80d78c3afda5058a486ab39aee31d0044def05d" />
		<rom name="JP's Deadpool 3 screen.directb2s" size="6880825" crc="a5a3a16b" md5="6b5f2844d4e4afdde9543517a25c555f" sha1="a28011b4edb1c262e5b08e57ee5766fa41a66edb" />
		<rom name="JP's Deadpool v5.1.2_VPX8.directb2s" size="7376806" crc="4710e891" md5="fb9dde49e6a1eab5a44282230c1220b1" sha1="7f7403fee77de404bf7a5109d6fbd29217f22dd6" />
		<rom name="JP's Deadpool v5.1.2_VPX8.vpx" size="54284288" crc="58e4c93e" md5="8b43d28156682f76a0ece087a83cf2bd" sha1="af30dad67707a76d72150dc761f652d7fb7bce54" />
		<rom name="JP's Deadpool.pdf" size="340859" crc="e93f0a47" md5="7874b9df49ead15fd4a4dd70b05c384f" sha1="abcc0c31dc3db1a01de74148f6268a79f98424cc" />
	</machine>
	<machine name="Pro Pool (Gottlieb)(1973)(Loserman76)(1.0)[VPX08][MOD VR Room v1.0 Rajo Joey][MOD Gfx v1.0.0 Teisen][MOD SSF, Fleep v1.3.2 JCalhoun]">
		<description>Pro Pool (Gottlieb)(1973)(Loserman76)(1.0)[VPX08][MOD VR Room v1.0 Rajo Joey][MOD Gfx v1.0.0 Teisen][MOD SSF, Fleep v1.3.2 JCalhoun]</description>
		<rom name="Pro Pool (Gottlieb 1973) 1.3.2.directb2s" size="18337188" crc="ab369604" md5="7e3d700040ae29dbe237a3a292a6c89c" sha1="dd48b3a2940d906d2006908222d1236c51a6791b" />
		<rom name="Pro Pool (Gottlieb 1973) 1.3.2.vpx" size="69971968" crc="88e5ec9e" md5="dad9bb5ded345d9754a23f42fcae2afe" sha1="15ac34ff20f5324a6fb1271cc8cc5a78e75b7019" />
	</machine>
	<machine name="Sheriff (Gottlieb)(1971)(Loserman76, GNance, Popotte)(1.0.0f)[VPX08][MOD Gfx v1.0 Teisen][MOD Sound, 4K v1.1.0 GauGau][MOD Sound v1.2 JCalhoun]">
		<description>Sheriff (Gottlieb)(1971)(Loserman76, GNance, Popotte)(1.0.0f)[VPX08][MOD Gfx v1.0 Teisen][MOD Sound, 4K v1.1.0 GauGau][MOD Sound v1.2 JCalhoun]</description>
		<rom name="Sheriff (Gottlieb 1971) 1.2.vpx" size="80842752" crc="89632bb7" md5="1c1fcc1373b27116907cb4822d52b41d" sha1="7dfabdb172e739d295c24cedf1665dd3acf6b043" />
	</machine>
</datafile>