<?xml version="1.0" encoding="utf-8"?>
<!DOCTYPE datafile PUBLIC "-//Logiqx//DTD ROM Management Datafile//EN" "http://www.logiqx.com/Dats/datafile.dtd">
<datafile>
	<header>
		<name>Visual Pinball [VP99x] PinMame Tables</name>
		<description>Visual Pinball [VP99x] PinMame Tables (2024-01-27)</description>
		<version></version>
		<date>2024-01-27</date>
		<author></author>
	</header>
	<machine name="Amazon Hunt (Gottlieb)(1983)(Batch)(1.1)[VP990][Source Table Fast Draw JPSalas][Desktop]">
		<description>Amazon Hunt (Gottlieb)(1983)(Batch)(1.1)[VP990][Source Table Fast Draw JPSalas][Desktop]</description>
		<rom name="Amazon Hunt (Gottlieb)(1983)(fast Draw JPSalas table)[VP990][Desktop MOD Batch v1.0].vpt" size="17592320" crc="a41d9e3e" md5="109476691c7a7dcdbb7e5d5f0c72d45d" sha1="3bb01a74493b2b33020a3afafda3524e2a4e50d4" />
		<rom name="Amazon Hunt (Gottlieb)(1983)(fast Draw JPSalas table)[VP990][Desktop MOD Batch v1.1].vpt" size="17592320" crc="ddef9f0c" md5="d4209eb7f026371c3d0c570b82ebadef" sha1="3793dc7b02e2c2518ca77c8860f3e88eefd0d606" />
		<rom name="Amazon Hunt screenshot.jpg" size="713422" crc="447f3b69" md5="5e141ee3e31565787bdeb09860d116c4" sha1="2bbc80b30252c14286b9149cd825ae1aee2642d0" />
	</machine>
	<machine name="Antar (Playtronic)(1979)(Schinkenpeter, kruuth)(1.11)[VP99x]">
		<description>Antar (Playtronic)(1979)(Schinkenpeter, kruuth)(1.11)[VP99x]</description>
		<rom name="Antar (Playtrinic 1979) 1.11.jpg" size="134808" crc="1aca534d" md5="071f014ce25367ec3ce869c87b32dfd5" sha1="2fe7d50aefb2241625a2f81dd6e9838724eb0dfc" />
		<rom name="Antar (Playtronic 1979).vpt" size="4075520" crc="51438f63" md5="377f701d120ae9f19e4f13fc852da5d3" sha1="36739a42a9e7885f86f1890e7a441f77bc46ebfb" />
	</machine>
	<machine name="Arena (Gottlieb)(1987)(mfuegemann)(1.1)[VP990]">
		<description>Arena (Gottlieb)(1987)(mfuegemann)(1.1)[VP990]</description>
		<rom name="Arena_1_1.vpt" size="29962240" crc="fd3303d6" md5="7df626aa525e6ac79871076e79a6a2a5" sha1="d2f6794eed2c384c656ade31a5557cc4ae2e5291" />
		<rom name="screen_arena_dt.jpg" size="398930" crc="20652d3a" md5="e67c69940d3481f8b5554949ee0a7a18" sha1="8f8ce86b3003bb2f3cca10bed2246990ce741311" />
	</machine>
	<machine name="Avengers Pro, The (Stern)(2012)(32assassin, fren, GtxJoe, Sixtoe)(1.2)[VP99x]">
		<description>Avengers Pro, The (Stern)(2012)(32assassin, fren, GtxJoe, Sixtoe)(1.2)[VP99x]</description>
		<rom name="Avengers (Stern 2012) (1.2FS-VP921-VP990-gtxjoe).vpt" size="45694976" crc="36e4a7b9" md5="fc8f70094cef7b9f9a793859a7ecb9f6" sha1="e48b39dbd5bcccc2659dd228d5873480f2e47846" />
	</machine>
	<machine name="Avengers, The (Stern)(2012)(gtxjoe)(1.2)(VP99x)[Desktop version coolball v1.0b]">
		<description>Avengers, The (Stern)(2012)(gtxjoe)(1.2)(VP99x)[Desktop version coolball v1.0b]</description>
		<rom name="Avengers (Stern)(2012)(gtxjoe)(1.2)(VP921-VP990)[Desktop version coolball v1.0b].vpt" size="46010368" crc="bad17c42" md5="121d80f42d92fa7a2edc074194bd0ffc" sha1="e87b3111e1f837a1bac4a1ec2f2c22b51e476eda" />
		<rom name="Avengers screenshot.jpg" size="627765" crc="c6807d8d" md5="3b874be85f705e27a1ac30d33d861f87" sha1="142ab03f56884f146d0b459cc30fefcb3c317912" />
	</machine>
	<machine name="Basketball (IDSA)(1986)(mfuegemann)(1.0)[VP990]">
		<description>Basketball (IDSA)(1986)(mfuegemann)(1.0)[VP990]</description>
		<rom name="Basketball Rules.txt" size="2085" crc="98914d33" md5="5f23dd377b2b42c4d35f567310664b3b" sha1="d0effb70b76a6ed018ae12983e35a5fb5437a915" />
		<rom name="Basketball_1_0.vpt" size="29364224" crc="d62e4e2a" md5="addbbcd09fa2e529b59d12889fa14c3d" sha1="412df3db5c5ba8fc40549756c3c33909d9f8fe06" />
		<rom name="basketball_screen_dt.png" size="2601991" crc="523b3fb8" md5="127e17b0089c36b7512400d620d55a11" sha1="000d09fb87b41f6fbb7293189cd92de89ce9782f" />
		<rom name="idsa.vbs" size="4033" crc="b1454454" md5="50e051987f67afb39c5746fba81bb91d" sha1="cf258ac44317dfe3d236f2a8ade1ec639a49e0cc" />
	</machine>
	<machine name="Big House (Gottlieb)(1989)(mfuegemann)(1.0)[VP990]">
		<description>Big House (Gottlieb)(1989)(mfuegemann)(1.0)[VP990]</description>
		<rom name="Big House_1_0.vpt" size="40673280" crc="c447bc7a" md5="a03d53bb1498dd92c88460325008249d" sha1="0dd9cb5520b7dbdf90685d60f05dc5a5859d99ac" />
		<rom name="screen_dt.png" size="1391740" crc="d79d224c" md5="08e3a4786acd805b81fa05989396c091" sha1="55e06a3396c05f1ed213341a7a94f79d70cd97ce" />
	</machine>
	<machine name="Black Hole (Gottlieb)(1981)(Cyberpez)[VP99x][Desktop version v1.0 batch][DOF arngrim]">
		<description>Black Hole (Gottlieb)(1981)(Cyberpez)[VP99x][Desktop version v1.0 batch][DOF arngrim]</description>
		<rom name="Black Hole Cyberpez DT 1.0.jpg" size="725609" crc="99fc184c" md5="6e6983eda942d7c21c9b72cb215c1c8c" sha1="efd61aea5e65288a843c6d2b38df2368c77b1a6c" />
		<rom name="Black Hole Cyberpez DT 1.0.vpt" size="47398912" crc="f72cd66c" md5="788a228fa87dd978765eaddb56e28ecd" sha1="42b215e1312ca6bbbe3b8c418c72c5053f6f8eea" />
	</machine>
	<machine name="Buck Rogers (Gottlieb)(1980)(Sindbad)(1.02)[VP990]">
		<description>Buck Rogers (Gottlieb)(1980)(Sindbad)(1.02)[VP990]</description>
		<rom name="br_statusdesktop.jpg" size="4836541" crc="05495b93" md5="52e1bf033c9966f22ea14515eb570e23" sha1="f4719d1e75e307d2658de4fd71880bf5c5383c96" />
		<rom name="Buck Rogers (Gottlieb 1980) (VP9.9 DX9 DT) 1.0.2.vpt" size="30740480" crc="f3c9857d" md5="36844655d26dc1684dadea32bc75c8a1" sha1="bd79fcc6ffe4543f4e3575c3474e53decaac8f1f" />
	</machine>
	<machine name="Catacomb (Stern)(1981)(mfuegemann)(1.2)[VP990]">
		<description>Catacomb (Stern)(1981)(mfuegemann)(1.2)[VP990]</description>
		<rom name="Catacomb (Stern)(1981)(mfuegemann)(1.2)[VP990].vpt" size="17534976" crc="eeb3b08e" md5="fb5ad06f5eef730b797e85a51a946bea" sha1="7164a2ea1310ab9bd33cb28423d3f5bda7b1301c" />
		<rom name="Catacomb screenshot.jpg" size="502800" crc="38775483" md5="8d918b06e09dc7871d79a152c6bf7b35" sha1="5df23d42766c24171dc541edc94291c69061d8e0" />
	</machine>
	<machine name="Cavaleiro Negro (Taito do Brasil)(1981)(Aquinaton)(1.1)[VP99x]">
		<description>Cavaleiro Negro (Taito do Brasil)(1981)(Aquinaton)(1.1)[VP99x]</description>
		<rom name="Taito Cavaleiro Negro 1.1.vpt" size="10760192" crc="3103a18f" md5="aefe83152eda5921970d172038605831" sha1="61845151cff49d89fbc805f4316e7fba396d3c93" />
	</machine>
	<machine name="Corvette (Bally)(1994)(85vett)(1.0)[VP990][Desktop WideScreen v1.0 batch]">
		<description>Corvette (Bally)(1994)(85vett)(1.0)[VP990][Desktop WideScreen v1.0 batch]</description>
		<rom name="Corvette (Bally)(1994)(85vett)(1.0)[VP990][Desktop WideScreen v1.0 batch].vpt" size="30904320" crc="63c9ee98" md5="9eb94bc64c773e4c1d416bce07380f11" sha1="ee736b3f88c1bee8029e3824231a095758645d83" />
		<rom name="Corvette screenshot.jpg" size="708645" crc="18df8227" md5="7df286b9836d0e6594acc5f8d02c4a58" sha1="c921c126c2bf7d24486eb0496947c6cb99ef7402" />
	</machine>
	<machine name="Cosmic (Taito do Brasil)(1980)(Aquinaton)(1.1)[VP99x]">
		<description>Cosmic (Taito do Brasil)(1980)(Aquinaton)(1.1)[VP99x]</description>
		<rom name="Taito Cosmic 1.0.vpt" size="8884224" crc="c885e616" md5="3ae753fbc6aa2070cf3e8af247e7eb7b" sha1="3948e4d1378a7c09c6902149aea81738f0809f86" />
		<rom name="Taito Cosmic 1.1.vpt" size="8757248" crc="88b7ce31" md5="84acca685cd39d25912c42a1670b69db" sha1="3241aeb83102e6b4292d8bbfb8f8189fb9ba950e" />
	</machine>
	<machine name="Cybernaut (Bally)(1985)(roccodimarco)(1.0)[VP99x]">
		<description>Cybernaut (Bally)(1985)(roccodimarco)(1.0)[VP99x]</description>
		<rom name="Cybernaut (Bally 1985).vpt" size="10616832" crc="87be4e8b" md5="c39a88a29a7584d26c0e07193ada841c" sha1="d76012b42727ae8af8c60a3a65bb10e574385c0b" />
		<rom name="final-pf.png" size="2138911" crc="a214c1b3" md5="0e68f4aef1ecb3e170e76a6b2ef93cf0" sha1="f9d174d12400c5b88e6c200ac4bce3ea5d37faec" />
	</machine>
	<machine name="Devil's Advocate, The (Simpson Saga) (Masalaja)(1.0)[VP99x]">
		<description>Devil's Advocate, The (Simpson Saga) (Masalaja)(1.0)[VP99x]</description>
		<rom name="dvlsdre/670-1.cpu" size="2048" crc="6318bce2" md5="c432a4de4c88ffb9523040f6b45e3109" sha1="1b13a87d18693fe7986fdd79bd00a80d877940c3" />
		<rom name="dvlsdre/670-s1.snd" size="2048" crc="506bc22a" md5="5cb34e4f7270b1a549e6c25349ee64f9" sha1="3c69f8d0c38c51796c31fb38c02d00afe8a4b8c5" />
		<rom name="dvlsdre/670-s2.snd" size="2048" crc="f662ee4b" md5="91d44f2cb33c4ed01012bdd939684ed4" sha1="0f63e01672b7c07a4913e150f0bbe07ecfc06e7c" />
		<rom name="dvlsdre/u2_80a.bin" size="4096" crc="241de1d4" md5="bdf188e73f905ba9274d5b6b8d4778d5" sha1="9d5942704cbdec6565d6335e33e9f7e4c60a41ac" />
		<rom name="dvlsdre/u3_80a.bin" size="4096" crc="2d77ccdc" md5="142843f29a807aa585c218135a051b5c" sha1="47241ccd365e8d74d5aa5b775acf6445cc95b8a8" />
		<rom name="devil advocate.vpt" size="45408256" crc="055e2947" md5="99c1300608beb4702ceb7b1f8523ea52" sha1="68a440beaf05a1bb6c3edaf3684c09dd076026ce" />
		<rom name="screenshot.png" size="1509517" crc="020ef219" md5="4e2aab3a9de7e1f3e953b0088a7d8531" sha1="81778b02d48a8a8b96c349b1dee549b34abce4ce" />
	</machine>
	<machine name="Devil's Dare (Gottlieb)(1982)(mfuegemann)(1.1)[VP99x]">
		<description>Devil's Dare (Gottlieb)(1982)(mfuegemann)(1.1)[VP99x]</description>
		<rom name="DevilsDare_1_1.vpt" size="39231488" crc="28d6a9fd" md5="3af309333aa3a494b60abd00496270d4" sha1="ed171f889fbd444a839a2ea790ba74af3a7c740c" />
		<rom name="devilsdare_screenshot.jpg" size="568204" crc="e5f69106" md5="17fc90529da29947c12decb8e5bb0f13" sha1="5742707f28622804f3b185c1f72b11eecfb9a2b3" />
	</machine>
	<machine name="Drakor (Taito do Brasil)(1979)(Aquinaton)(1.7)[VP99x]">
		<description>Drakor (Taito do Brasil)(1979)(Aquinaton)(1.7)[VP99x]</description>
		<rom name="Taito Drakor 1.6.vpt" size="8327168" crc="2d0edcff" md5="2f4941a98a2f8ec1fb8e358fa76101d3" sha1="f11c60c01a38d7bf8921274c120bd00f14927e05" />
		<rom name="Taito Drakor 1.7.vpt" size="8425472" crc="22093315" md5="86154c4fd8aca431be4b5ca3d2973cec" sha1="721d045f44daee855cef25061e3671a4bc8c8b6c" />
	</machine>
	<machine name="Earth, Wind and Fire (Zaccaria)(1981)(mfuegemann)(1.2)[VP990]">
		<description>Earth, Wind and Fire (Zaccaria)(1981)(mfuegemann)(1.2)[VP990]</description>
		<rom name="Earth Wind Fire (Zaccaria)(1981)(mfuegemann)(1.2)[VP990].vpt" size="38789120" crc="f99ec4bc" md5="ddbf0c60e95756b1c6847a17c647dea1" sha1="970f00e90f865073b408ffe7aa0ced7f722ea0cc" />
		<rom name="Earth, Wind and Fire (Zaccaria)(1981)(mfuegemann)(1.0)[VP990].vpt" size="38789120" crc="e63e6089" md5="e4b14a319279a706d4f67767b3949c2a" sha1="c977571ed50b448f6f00dfce4e08f6c1c14cd35b" />
		<rom name="Earth, Wind and Fire screenshot.jpg" size="541079" crc="71c8f626" md5="df455a84a5dfcc89bcb72f8f72d3bae0" sha1="f6f9f5ced24300634d9ec58e5d791686f8b4d73c" />
	</machine>
	<machine name="Excalibur (Gottlieb)(1988)(mfuegemann)(1.0)[VP990]">
		<description>Excalibur (Gottlieb)(1988)(mfuegemann)(1.0)[VP990]</description>
		<rom name="Excalibur (Gottlieb)(1988)(mfuegemann)(1.0)[VP990].vpt" size="31612928" crc="d9694c39" md5="4270dd3c3bc4283006c196516a1d4444" sha1="9acc7ef467f0e0fbd7fff62ebb640f170c4034e4" />
		<rom name="Excalibur screenshot.jpg" size="569886" crc="30a817e5" md5="3881b38a21a69c0f03bb6b9f3927b874" sha1="3c2df9a32d6654872904d928866211a456064739" />
	</machine>
	<machine name="Fire Action (Taito do Brasil)(1980)(Aquinaton)(1.7)[VP99x]">
		<description>Fire Action (Taito do Brasil)(1980)(Aquinaton)(1.7)[VP99x]</description>
		<rom name="Taito FireAction 1.7.vpt" size="9109504" crc="b11b2c23" md5="004719f18a0e5e8a277ec445dcb7fd1f" sha1="a56d79f3234abf67461a96fa43ced3af73955290" />
	</machine>
	<machine name="Fire Action (Taito do Brasil)(Aquinaton)(1.1)[VP995]">
		<description>Fire Action (Taito do Brasil)(Aquinaton)(1.1)[VP995]</description>
		<rom name="Taito FireAction 1.0.vpt" size="9158656" crc="7f2ed1e2" md5="5ee30e688f837847df3e628fe2d15ef9" sha1="258c8cb040af7a89c0a79c2bb01d3a977e019e7f" />
		<rom name="Taito FireAction 1.1.vpt" size="8744960" crc="4cb09b90" md5="56e8c77754325b9b08805e8d2af20881" sha1="59d74e7caadeae865e5ced33da2e02ad7c1080d8" />
	</machine>
	<machine name="Flash Gordon (Bally)(1981)(Sindbad)(1.0.0)[VP99x or PM5]">
		<description>Flash Gordon (Bally)(1981)(Sindbad)(1.0.0)[VP99x or PM5]</description>
		<rom name="fg-final-status.png" size="5274232" crc="b82d1f2d" md5="8d1024108738ac1fd2de8d6dfa1afb92" sha1="709b0ddac480323584127ca353b15c0dafc25d55" />
		<rom name="Flash Gordon DT (Bally 1981) (VP9.9 PM5) 1.0.0.vpt" size="39268352" crc="eeb35c00" md5="20915094735d56f6b3e7e615adc7adbe" sha1="3fc0eb5f0520505819515b10e1365f2d2d72dc0e" />
	</machine>
	<machine name="Fraggle Rock (2017)(Victor74)(1.1)[VP99x]">
		<description>Fraggle Rock (2017)(Victor74)(1.1)[VP99x]</description>
		<rom name="Fraggle Rock (Original 2017).directb2s" size="6013056" crc="8e930eb5" md5="6c2b2b5a56920406698c3076c6771546" sha1="209891973b11096ebefb0ec720d53ceb96de0b33" />
		<rom name="Fraggle Rock (Original 2017).vpt" size="53231616" crc="f4505b0b" md5="63c250fb1518b0149dce70764a2f5d52" sha1="5772892ac57ec9d25c67ac81d3830e5fea9b525d" />
		<rom name="fraggle-rock--original-2017-.jpg" size="1663196" crc="039e906c" md5="b7855b64d29395cf3fb3c6ff65b5e07c" sha1="a23d06cd6d109d8da930bf97cd100c5e04343d28" />
	</machine>
	<machine name="Funhouse Slappy version (masalaja)(1.0)[VP99x]">
		<description>Funhouse Slappy version (masalaja)(1.0)[VP99x]</description>
		<rom name="fh_905h/Experience notes.txt" size="915" crc="9b8da584" md5="677bc5e58aac2de9948e86a31231860c" sha1="d1ccaa63ed0bb13231ac2d44e04ad059e86c824f" />
		<rom name="fh_905h/fh_905h.rom" size="524288" crc="445b632a" md5="7e4c2aadbb5471afcd8cf72f470fd88a" sha1="6e277027a1d025e2b93f0d7736b414ba3a68a4f8" />
		<rom name="fh_905h/fh_905h.txt" size="357" crc="887ac8b1" md5="2e1ead083b17c969ee4fea44354f5709" sha1="175fbdce2f9580dd325feaee12cc4db1c41e6a52" />
		<rom name="fh_905h/fh_u14.l2" size="131072" crc="3394b69b" md5="85ae25e11227ba26b7325a0508d1d0d0" sha1="34690688f00106b725b27a6975cdbf1e077e3bb3" />
		<rom name="fh_905h/fh_u15.l2" size="131072" crc="0744b9f5" md5="10264d1003ac2c841d7df89ef71f2c87" sha1="b626601d82e6b1cf25f7fdcca31e623fc14a3f92" />
		<rom name="fh_905h/fh_u18.sl3" size="131072" crc="7f6c7045" md5="99b078e06255dedb4f547f806d0b7003" sha1="8c8d601e8e6598507d75b4955ccc51623124e8ab" />
		<rom name="fh_905h/fh_u18.txt" size="3234" crc="f025c9fb" md5="96c970539da5267302175e492c219fcc" sha1="c0e3f8b1fd13d042e1e16cd9d2e094a472850490" />
		<rom name="Slappy version.vpt" size="46018560" crc="7e275c83" md5="40f35eb08470f4f3313ce0a70ecf3e61" sha1="bc2ed1f4423ff0128a9925739b3db4c5aa9d0859" />
		<rom name="subvbbb.png" size="1441222" crc="ce09a5aa" md5="16e0f165ba9af8637481f975185d793f" sha1="6e7a4276b6d6ebf1826d387035fec75fdf4f4527" />
	</machine>
	<machine name="Gemini 2000 (Taito do Brasil)(1982)(Aquinaton)(1.1)[VP99x]">
		<description>Gemini 2000 (Taito do Brasil)(1982)(Aquinaton)(1.1)[VP99x]</description>
		<rom name="Taito Gemini 2000 1.1.vpt" size="9064448" crc="8a5caeb0" md5="b055c412bdfe02c7922f93e6ba1528d2" sha1="036445518742ed8fa25c416190a1c331a07c39d7" />
	</machine>
	<machine name="Gladiators (Gottlieb)(1993)(kiwi)(1.0.0)[VP99x]">
		<description>Gladiators (Gottlieb)(1993)(kiwi)(1.0.0)[VP99x]</description>
		<rom name="Gladiators_DT_VP990_v1.0.0.vpt" size="23744512" crc="e24872b8" md5="81720c11bd214914ed469743b7d0a39e" sha1="0b14cc0484e5d6ad893a28c0c72a568b025b3c29" />
		<rom name="gladiatorsdt.png" size="3296134" crc="d12ca6b8" md5="c0495c65e35d5c605c56d6ca413159a4" sha1="24e59e652a738ffbbfa594c462940738e5622b14" />
	</machine>
	<machine name="Gold Wings (Gottlieb)(1986)(32assassin)(1.0)[VP99x]">
		<description>Gold Wings (Gottlieb)(1986)(32assassin)(1.0)[VP99x]</description>
		<rom name="Gold Wings (Gottlieb).png" size="3572249" crc="008da32e" md5="47f74baac30a840f2afe29fd69123132" sha1="b42a03a458c73f1f687730b87b3c16507ba3ae45" />
		<rom name="Gold Wings (Gottlieb).vpt" size="47620096" crc="0f3b0181" md5="0cb9a12c52e5e07f4c436f002da151f3" sha1="5e1dac632fec46650bc15ecfbd578cc6d11238ed" />
	</machine>
	<machine name="Gork (Taito do Brasil)(1982)(Aquinaton)(1.1)[VP995]">
		<description>Gork (Taito do Brasil)(1982)(Aquinaton)(1.1)[VP995]</description>
		<rom name="Taito Gork 1.1.vpt" size="8327168" crc="5437738f" md5="5e2cf045e1cfeff1dc94df3a22760c32" sha1="fb103c6ed565e42ae47f594b5e917fdd8167724d" />
	</machine>
	<machine name="Hawkman (Taito do Brasil)(1983)(Aquinaton)(1.9)[VP99x]">
		<description>Hawkman (Taito do Brasil)(1983)(Aquinaton)(1.9)[VP99x]</description>
		<rom name="Hawkman 1.9.vpt" size="9158656" crc="f9139f2d" md5="918bcfc1c15d5460ba33be2f88a44308" sha1="711949ffdc26ee6d07ec168ee9472a47cd5c0242" />
	</machine>
	<machine name="Hot Tip (Williams)(1977)(Destruk, 32assassin)(2.0)[VP99x]">
		<description>Hot Tip (Williams)(1977)(Destruk, 32assassin)(2.0)[VP99x]</description>
		<rom name="Hot Tip (Williams).vpt" size="29163520" crc="5c5e265a" md5="c2c3becdbe3536036719d6c118b0c4c2" sha1="15775845b8256584c9ee536b34d341e2c7e8c571" />
		<rom name="screenshot.png" size="3576921" crc="441bccaf" md5="b8421edc189e3a9c77f9985cc73f9cd2" sha1="bb6b22bc2c1cc398acbe40b2fe61e2fb0782e963" />
	</machine>
	<machine name="Independence Day (SEGA)(1997)(Nealtron)(2.0)[VP990]">
		<description>Independence Day (SEGA)(1997)(Nealtron)(2.0)[VP990]</description>
		<rom name="B2Bcollision.vbs" size="16043" crc="2cf4164d" md5="9e3efe311dfe82fe5f057a07e912e699" sha1="f1ca7154b59dda07c9081337e4e2ef7671ff6013" />
		<rom name="ID4_Rules.exe" size="813930" crc="4f3c550e" md5="154b2b08e01b8debab21bc1988e06f6d" sha1="83b9d1590aa0212ebaad262e32a09bda4ecb46fa" />
		<rom name="screenshot.png" size="3173388" crc="3485dd78" md5="e057ec8a13df8289711dd9c388536596" sha1="e087ead27ae8eb9e6f732f8feb8dde3142dba22e" />
		<rom name="sega.vbs" size="4699" crc="8f619ccf" md5="652374a2ea62d7cc7f3b35dd3c57a2e5" sha1="c1733807df223738524f9195710da5c9c93a74f8" />
		<rom name="VP9 Independence Day (2.0).vpt" size="12910592" crc="7b83b63a" md5="2d64014faf373df3e760d0613a6d0545" sha1="213cabdacf639ac0a26afcdaa2eb86d18af86f26" />
	</machine>
	<machine name="Iron Balls (Stargame)(1987)(mfuegemann)(1.0)[VP99x]">
		<description>Iron Balls (Stargame)(1987)(mfuegemann)(1.0)[VP99x]</description>
		<rom name="Iron Balls_1_0.vpt" size="32514048" crc="2de1efe0" md5="29ff7fdb15357e4360f562fd32472160" sha1="4d84ba0475eba2dd6ffd7484c02a520e7ceffc28" />
		<rom name="ironballs.vbs" size="3345" crc="f204c32d" md5="a744e2d9feed9887a3fdc204dc7baeff" sha1="5f184b19a0f3293ba53c3c33a2089a887c9e23b6" />
		<rom name="IronBalls_Rules.txt" size="2234" crc="451811d6" md5="5aa517aa39ce52ab17742a04a9ffb7c6" sha1="fbf631bc44ac863d2fbd613d325abbbbe9ec3bbb" />
		<rom name="screen_dt.png" size="2507514" crc="13f3ac76" md5="5f2e8767717f8dc71a5a37af46326a4b" sha1="1107cdc7642edb308b269de62ccf5603ab1eb073" />
	</machine>
	<machine name="James Bond 007 (Gottlieb)(1980)(mfuegemann)(1.0)[VP99x]">
		<description>James Bond 007 (Gottlieb)(1980)(mfuegemann)(1.0)[VP99x]</description>
		<rom name="James Bond_1_0.vpt" size="35221504" crc="d3dfcc74" md5="2330cea9bb8bc76aa159310b0d18b399" sha1="52679097cdbc6dde5d3c2fb719189c1afc443ce4" />
		<rom name="screen_dt.jpg" size="537202" crc="023689cf" md5="3681a7c75c45bcc5210dab39d93a9ddd" sha1="3599220f2b1d3023ad956be3fda0d79107ef7ce9" />
	</machine>
	<machine name="Krull (Gottlieb)(1983)(mfuegemann)(1.3)[VP99x]">
		<description>Krull (Gottlieb)(1983)(mfuegemann)(1.3)[VP99x]</description>
		<rom name="Krull_1_3.vpt" size="19451904" crc="aa446ba0" md5="f5e68ae68ad0ebab599d52075a11f104" sha1="f3fbe2a0320612b0e43c3c19b65747619bbc2b7b" />
		<rom name="screen_desktop.jpg" size="508473" crc="16d403fa" md5="b81bc5db9c60e2aba81aaa8fe83388b1" sha1="e74b5145bb0d63ea12597b0b31796681e141918b" />
	</machine>
	<machine name="Lady Luck (Taito do Brasil)(1978)(Aquinaton)(1.0)[VP99x]">
		<description>Lady Luck (Taito do Brasil)(1978)(Aquinaton)(1.0)[VP99x]</description>
		<rom name="Taito Lady Luck 1.0.vpt" size="7446528" crc="419ae7c0" md5="98d7e5cb409f6140b045d624b93c8572" sha1="be830861178604a8f7b195a23b77bf887b6e83ad" />
	</machine>
	<machine name="Lights, Camera, Action! (Gottlieb)(1989)(Kristian, MnPG, destruk [VP8])(1.2)[VP990][FullScreen dboyrecords v1.0]">
		<description>Lights, Camera, Action! (Gottlieb)(1989)(Kristian, MnPG, destruk [VP8])(1.2)[VP990][FullScreen dboyrecords v1.0]</description>
		<rom name="Lights, Camera, Action! (dB2S)(dboyrecords)(1.0)/Lights, Camera, Action! (Gottlieb 1989).directb2s" size="4702963" crc="396c7ea0" md5="36d203f84099c32b8ee899cace6f7000" sha1="1fe2fbb519ad1c1e6a693810cba299b310280fd0" />
		<rom name="Lights, Camera, Action! (dB2S)(dboyrecords)(1.0)/Lights...Camera...Action! (dB2S) screenshot.png" size="2658803" crc="8f29f7a3" md5="cdce4b931fa148133f75b8e8825eccab" sha1="9d09d5beabc94cc9fc8f92986efd2e5e7c18bf97" />
		<rom name="Lights, Camera, Action! (Gottlieb)(1989)(Kristian, MnPG, destruk [VP8])[VP990][FullScreen dboyrecords v1.0]/Lights, Camera, Action! (Gottlieb 1989).vpt" size="7520256" crc="88f4f7a2" md5="6bdc35c45918eaac63bc37cce9c7d886" sha1="b74e520110578cdd1326151d99af4ef4ac48c44c" />
		<rom name="Lights, Camera, Action! (Gottlieb)(1989)(Kristian, MnPG, destruk [VP8])[VP990][FullScreen dboyrecords v1.0]/Lights...Camera...Action! screenshot.png" size="3760071" crc="c511b7f2" md5="8467b0c339c8af97ca0a611aae853ad0" sha1="08a035a1ffc2ab751eae63dc1e343461fe13ec10" />
	</machine>
	<machine name="Lost World, The - Jurassic Park (SEGA)(1997)(powerfufi)(3.1)[VP992][DT]">
		<description>Lost World, The - Jurassic Park (SEGA)(1997)(powerfufi)(3.1)[VP992][DT]</description>
		<rom name="Jurassic Park The Lost World powerfufi.vpt" size="12750848" crc="a0e3f833" md5="5b4511e7947b48db1be3010168b142a6" sha1="32f14526d0231a6f4db75a748525b9e6e9d81dbb" />
		<rom name="jurassic-park-2.png" size="3168605" crc="ec92ec2e" md5="636d62d072811f8ad326538ff78203a4" sha1="9e722b60f88b5facd0b07cbb729da9e14d2e0134" />
	</machine>
	<machine name="Lunelle (Taito)(1981)(aquination)(1.1)[VP995]">
		<description>Lunelle (Taito)(1981)(aquination)(1.1)[VP995]</description>
		<rom name="Taito Lunelle 1.1.vpt" size="9687040" crc="82760ccc" md5="6e6a6747949f094bd23bf80448ef5c0e" sha1="a7590530fe7c8e36ff01fb98e31e11df7dd3c901" />
	</machine>
	<machine name="Machine, The - Bride of Pinbot (Williams)(1991)(unclewilly, dark, JimmyFingers)(2.01)[VP99x]">
		<description>Machine, The - Bride of Pinbot (Williams)(1991)(unclewilly, dark, JimmyFingers)(2.01)[VP99x]</description>
		<rom name="bopdt.png" size="2685111" crc="44f624fe" md5="45f243547dc059c8f1d75009c412babd" sha1="6af2ab1d24c05e890016a62699184afc114fd28b" />
		<rom name="The Machine Bride of Pinbot (Williams 1991)(uw jf dark)(DT)(2.01).vpt" size="41316352" crc="e75ed634" md5="b77e06304788df5c0d91d245ed413cfc" sha1="42a0f53c6ddbb73d73a6aa7eda86c5e5609e3b70" />
	</machine>
	<machine name="Machine, The - Bride of Pinbot (Williams)(1991)(unclewilly, KieferSkunk)(2.03)[VP99x]">
		<description>Machine, The - Bride of Pinbot (Williams)(1991)(unclewilly, KieferSkunk)(2.03)[VP99x]</description>
		<rom name="lightmgr.vbs" size="19663" crc="f28de3a2" md5="14334dd1ad98cdb738436bca16ac6fe9" sha1="eed2b633bef373234ae6148228a9f95f5d7f50d0" />
		<rom name="lightmgr_doc.txt" size="10798" crc="c5fcd025" md5="d638b57c42522d00a17fe221e04a54bc" sha1="980b3373f70391ae5c44fc8febcaf93254b086fe" />
		<rom name="Machine Bride of Pinbot VP9 v2.03.vpt" size="40517632" crc="c75db274" md5="040d17f3641197972ba1c3102ac92158" sha1="370c0b902d1c27afa8d2a918ae253e05ac4b19a4" />
		<rom name="machine-bop-vp9-202.png" size="3086728" crc="ec381e23" md5="983393fa2e03efb7d97d3e87cf1a9c22" sha1="92b1a9286292a272f853fa8893320e60def5502f" />
		<rom name="Machine_bop_revHistory.txt" size="2729" crc="ea37f292" md5="8da983e0d9fe57af7347f4a4756e0e4e" sha1="d083a852e49c9d5180da7525ed264d816260e5d7" />
	</machine>
	<machine name="Mafia, The (Masalaja)(1.2)[VP99x][Mode Classic]">
		<description>Mafia, The (Masalaja)(1.2)[VP99x][Mode Classic]</description>
		<rom name="1.0/The Mafia.vpt" size="44969984" crc="9cbc58f4" md5="380ff07fc4917dbd00742034cc2a15f1" sha1="1c3379e99c2653dab83ea1a28920ecd51be547d2" />
		<rom name="1.1/The Mafia.vpt" size="44916736" crc="1c753634" md5="7998b02b4a2cac6bed1550ef3fa105a8" sha1="416ea11632bd3fccc39071033ef79ac792466832" />
		<rom name="1.2/The Mafia.vpt" size="41201664" crc="88a3d40c" md5="43c670c74f1d631745dbffac47b5a2b4" sha1="9ef6db5b3ef365e2af7cc0928ebdd3995fd79a1b" />
		<rom name="rom/superman/82s130.bin" size="512" crc="da1f77b4" md5="498b95f65c4f7e53c1b8a5811d555138" sha1="b21fdc1c6f196c320ec5404013d672c35f95890b" />
		<rom name="rom/superman/atari_j.rom" size="2048" crc="26521779" md5="6a34e1d2a165cf09cb0c0aab6d911782" sha1="2cf1c66441aee99b9d01859d495c12025b5ef094" />
		<rom name="rom/superman/atari_m.rom" size="2048" crc="1bb6b72c" md5="338713924c279dc911284330afd4d0e3" sha1="dd24ed54de275aadf8dc0810a6af3ac97aea4026" />
		<rom name="rom/superman/supmn_k.rom" size="2048" crc="a28091c2" md5="daacca61a475a24f9e2f7fd86952d489" sha1="9f5e47db408da96a31cb2f3be0fa9fb1e79f8d85" />
		<rom name="screenshot.png" size="1406266" crc="b37627a5" md5="856f49688c87299b78e4d34096c558e7" sha1="5ae6522deb1520958c623a2e18c0c0409b99f5a0" />
	</machine>
	<machine name="Magic (Stern)(1979)(mfuegemann)(1.41)[VP99x][DT]">
		<description>Magic (Stern)(1979)(mfuegemann)(1.41)[VP99x][DT]</description>
		<rom name="Magic screenshot.jpg" size="529977" crc="80ce77d3" md5="9830bbb56230b37012c60b4e10004e56" sha1="8076c9fa5907d8ffd0b3842ec8d95b5208997472" />
		<rom name="Magic_1_4_1.vpt" size="20340736" crc="9c1f72ca" md5="ee8bf77f68bcd8e9124718ca8c0fda0c" sha1="b7ce8f5aaff33448915628c86a8aa1897aed5d2b" />
	</machine>
	<machine name="Medieval Madness (Williams)(1997)(mfuegemann, Fuzzel 3D models)(1.0)[VP99x]">
		<description>Medieval Madness (Williams)(1997)(mfuegemann, Fuzzel 3D models)(1.0)[VP99x]</description>
		<rom name="MM_1_0.vpt" size="46030848" crc="39b20237" md5="6d0b70ff6dafe3c6b135468f19dedda4" sha1="b704fff987e0b764114b094881203289f690bb6c" />
		<rom name="screen_dt.jpg" size="454483" crc="8f6759ea" md5="89aa8b8198f26192fcf5e2cdc5fdc5b7" sha1="fcf9fe2deb3961ca7737159c12308325a926fdac" />
	</machine>
	<machine name="Meteor (Taito do Brasil)(1980)(Aquinaton)(1.4)[VP99x]">
		<description>Meteor (Taito do Brasil)(1980)(Aquinaton)(1.4)[VP99x]</description>
		<rom name="Taito Meteor 1.4.vpt" size="8200192" crc="7258f85c" md5="293785e0b421c4f23e1ae8c299fa5040" sha1="7b7badae2c629b820c969886b6ee5484c39f2986" />
	</machine>
	<machine name="Monster Bash (Williams)(1998)(unclewilly, randr, shoopity)(2.6)[VP99x][DT][PcKiller Edition]">
		<description>Monster Bash (Williams)(1998)(unclewilly, randr, shoopity)(2.6)[VP99x][DT][PcKiller Edition]</description>
		<rom name="Monster Bash(Williams) (1998) (uw randr) (2.6) (DT).vpt" size="102932480" crc="f25bbaf9" md5="a1ffb17468bcb03fdeea47e46b707728" sha1="98da32cdef5879d45463cf9c1aacca645036e7dd" />
		<rom name="screenshot.png" size="3678836" crc="47780208" md5="635c590fd5180e59ce5499d496c66c71" sha1="8aa7e32728bf3a6c75776f9d975804966aa3d7ff" />
	</machine>
	<machine name="Moon Light (Inder)(1987)(mfuegemann)(1.0)[VP99x]">
		<description>Moon Light (Inder)(1987)(mfuegemann)(1.0)[VP99x]</description>
		<rom name="MoonLight_1_0.vpt" size="39350272" crc="2acdefa3" md5="a5039fde6a45733c164a4f2b9b538ccc" sha1="c5067b6a0905b7e82da970beac3c1eade8f6d7d4" />
		<rom name="moonlight_screen_dt.jpg" size="377606" crc="d85f0ab7" md5="f38d72048200b0213fc8e30b0510de14" sha1="eb8382a3bdbd3b4e434bc39b479fba948d34f2a9" />
		<rom name="Rules.txt" size="659" crc="6119856b" md5="0d62cbceba1cd5c0a2c5b7a69af391e0" sha1="ae746df257778bcc372f384e8e2203eb3e35e97a" />
	</machine>
	<machine name="Mr. Black (Taito do Brasil)(1984)(Aquinaton)(1.0)[VP995]">
		<description>Mr. Black (Taito do Brasil)(1984)(Aquinaton)(1.0)[VP995]</description>
		<rom name="Taito Mr Black 1.0.vpt" size="7688192" crc="5a6939a3" md5="01f830f8caedab57d32da2e1bdb61454" sha1="86163002474398b99c10644142b3e7f7c62c3cd3" />
	</machine>
	<machine name="Mundial 90 (Inder)(1990)(pachecas)(1.0)[VP99x]">
		<description>Mundial 90 (Inder)(1990)(pachecas)(1.0)[VP99x]</description>
		<rom name="desktop.png" size="3787476" crc="1244de2b" md5="b4cde4ba1e76d29c62d79c25d8892786" sha1="3cd92c9f69d7653e9eaedf19c9831f6e8ed54f74" />
		<rom name="Mundial 90 (Inder 1990) Desktop.vpt" size="36503552" crc="b2712208" md5="6a4ed5771f271f93fb22a562e6e78335" sha1="b9a595682e9e882e4529427b6d5441f8df469cd0" />
	</machine>
	<machine name="Nautilus (Playmatic)(1984)(mfueegemann)(1.0)[VP99x]">
		<description>Nautilus (Playmatic)(1984)(mfueegemann)(1.0)[VP99x]</description>
		<rom name="Nautilus_DT_1_0.vpt" size="40181760" crc="fdcf3ff8" md5="6210bed6c19356decc59ec17b43d81f2" sha1="1ca5e72c02d4057155c9e1851be8272d8be0267b" />
		<rom name="nautilus_screen_dt.jpg" size="317248" crc="af326d20" md5="dc5e41d196af43eb893fb561cc8ac708" sha1="64c6325a36cf7a1aeeb8996f392b0091cddc4a02" />
	</machine>
	<machine name="Nemesis (Peyper)(1986)(mfuegemann)(1.0)[VP99x]">
		<description>Nemesis (Peyper)(1986)(mfuegemann)(1.0)[VP99x]</description>
		<rom name="Nemesis_1_0.vpt" size="29802496" crc="56d93030" md5="b4d1e99377a1266731fd64b19be26233" sha1="de664fbd4dc639fc19468f01d0bfc3227bc4c54a" />
		<rom name="nemesis_dt_screen.jpg" size="624754" crc="93b5ce87" md5="99d937eb20e6ad54b4d964fdc69bb931" sha1="aa1e44677fb5dbc84e676441939805c5381f9211" />
		<rom name="Nemesis_rules.txt" size="1621" crc="138d1564" md5="bb734ba025aa835950cdb5f5889fe5aa" sha1="e8df959757c8337b02eb4eff5152adf447e42d09" />
	</machine>
	<machine name="Nine Ball (Stern)(1980)(aKa)(2.0)[VP99x][Desktop]">
		<description>Nine Ball (Stern)(1980)(aKa)(2.0)[VP99x][Desktop]</description>
		<rom name="Nine Ball_2.0_VP9.9_Desktop.vpt" size="6119424" crc="5fca2af3" md5="cbaeb1ff080477734a41e6ff6a57240b" sha1="a087bdbb0b979a6b0742d9523f4ca1b8b96404f5" />
	</machine>
	<machine name="Oba Oba (Taito do Brasil)(1979)(Aquinaton)(1.0)[VP99x]">
		<description>Oba Oba (Taito do Brasil)(1979)(Aquinaton)(1.0)[VP99x]</description>
		<rom name="Taito Oba Oba 1.0.vpt" size="7098368" crc="064b9b7d" md5="17a47a1a5216280f0053e05704f817af" sha1="df3c44f5a3d1a51bb46f90244541fc5f4ba7584b" />
	</machine>
	<machine name="Odisea Paris-Dakar (Peyper)(1987)(mfuegemann)(1.1)[VP99x]">
		<description>Odisea Paris-Dakar (Peyper)(1987)(mfuegemann)(1.1)[VP99x]</description>
		<rom name="Odisea_DT_1_1.vpt" size="30904320" crc="4bc28e86" md5="0ad61c5068aea31ea2f473e9b3873f3f" sha1="ffcb1b48fe96a1bfa2744f421d6aa1198338ec66" />
		<rom name="Rules.txt" size="595" crc="8677fb7b" md5="724dbf0661e2afc07b779aafa06ae4de" sha1="b258294e02b0957a1a0ee793f4e0a5e424b584d5" />
		<rom name="screen_dt.jpg" size="430270" crc="2af1780d" md5="6ffe783a3ff51cb8ff37933e60041106" sha1="3e024884b83e3a7b41fbb487f39ecef48542e8ed" />
	</machine>
	<machine name="Operation Thunder (Gottlieb)(1992)(mfuegemann)(1.0)[VP99x]">
		<description>Operation Thunder (Gottlieb)(1992)(mfuegemann)(1.0)[VP99x]</description>
		<rom name="Operation Thunder_1_0.vpt" size="38883328" crc="e54d6c90" md5="389bcd5156d4ac24edae500618014668" sha1="20d8e3929104a74141ce80b460d47858cc84b524" />
		<rom name="screen_dt.jpg" size="675885" crc="6561f69e" md5="09d485c504d7278c7493c18b8b5e3d66" sha1="c2b3094d2b9b2505035503208da81b39ee911739" />
	</machine>
	<machine name="Pajares, Esteso &amp; Compañia (Masalaja)(1.0)[VP99x]">
		<description>Pajares, Esteso &amp; Compañia (Masalaja)(1.0)[VP99x]</description>
		<rom name="corsario/0-corsar.bin" size="8192" crc="800f6895" md5="bbe444cc33666990ceb11a7aa9978838" sha1="a222e7ea959629202686815646fc917ffc5a646c" />
		<rom name="corsario/a-corsar.bin" size="8192" crc="e14b7918" md5="da3aec27f22f5581698c9005d122797f" sha1="5a5fc308b0b70fe041b81071ba4820782b6ff988" />
		<rom name="corsario/b-corsar.bin" size="65536" crc="7f155828" md5="8d2ea12144355ae4140c5909e51e560d" sha1="e459c81b2c2e47d4276344d8d6a08c2c6242f941" />
		<rom name="corsario/c-corsar.bin" size="65536" crc="047fd722" md5="183022f5a5cef0fb47aa686c9a382631" sha1="2385507459f85c68141adc7084cb51dfa02462f6" />
		<rom name="corsario/d-corsar.bin" size="65536" crc="10d8b448" md5="d821905819b9db7012326c6dae7cba07" sha1="ed1918e6c55eba07dde31b9755c9403e073cad98" />
		<rom name="corsario/e-corsar.bin" size="65536" crc="918ee349" md5="94a428334e6ab2e1903ef54d51ceb0b7" sha1="17cded8b5626c91e400d26332a160704f2fd2b55" />
		<rom name="Pajares,Esteso &amp; Compañia.vpt" size="142114816" crc="5bdeef83" md5="bedee8b414ba989c3f3a854304d76a06" sha1="f1edce27759cf686ccc92d9a4a445817ee183a83" />
		<rom name="screenshot.png" size="2091737" crc="3a445ae0" md5="6f1c4f5a850f1e6f4bfd12d672e4d05d" sha1="e6aab3a528799f8461174060f87f1aa6952f3694" />
	</machine>
	<machine name="Paperboy (Masalaja)(1.0)[VP99x]">
		<description>Paperboy (Masalaja)(1.0)[VP99x]</description>
		<rom name="superman paperboy/82s130.bin" size="512" crc="da1f77b4" md5="498b95f65c4f7e53c1b8a5811d555138" sha1="b21fdc1c6f196c320ec5404013d672c35f95890b" />
		<rom name="superman paperboy/atari_j.rom" size="2048" crc="26521779" md5="6a34e1d2a165cf09cb0c0aab6d911782" sha1="2cf1c66441aee99b9d01859d495c12025b5ef094" />
		<rom name="superman paperboy/atari_m.rom" size="2048" crc="1bb6b72c" md5="338713924c279dc911284330afd4d0e3" sha1="dd24ed54de275aadf8dc0810a6af3ac97aea4026" />
		<rom name="superman paperboy/supmn_k.rom" size="2048" crc="a28091c2" md5="daacca61a475a24f9e2f7fd86952d489" sha1="9f5e47db408da96a31cb2f3be0fa9fb1e79f8d85" />
		<rom name="Paperboy screenshot.png" size="1577520" crc="da11e3d2" md5="82fca9e1388daabd84e122914d3892ad" sha1="bde33213d5228a746e32ad1fc2de4cf4f4acc698" />
		<rom name="Paperboy.vpt" size="81358848" crc="0dc62fdc" md5="6798d04f381a3dba73ea24f5a467ac28" sha1="c2cb9a73919543e0493721c0af1e2a039703e10d" />
	</machine>
	<machine name="Pharaoh (Williams)(1981)(takut)(1.1)[VP990]">
		<description>Pharaoh (Williams)(1981)(takut)(1.1)[VP990]</description>
		<rom name="Pharaoh (Williams 1981) VP9.9_DT_1.1.vpt" size="58531840" crc="128e9020" md5="c57608b3da0ab4fcfe88dda54c21bdd1" sha1="5f0af0469f1860ecff362a6c8ac9898261773f8f" />
		<rom name="screenshot.jpg" size="806169" crc="b6c333b1" md5="9772b9cd2b8d29a77e293dc9c9717f07" sha1="57bf43bc466f264b9c226f8db0bb4cba0c8c09ca" />
	</machine>
	<machine name="Pinball Champ '82 (Zaccaria)(1982)(mfuegemann)(1.2)[VP99x][Desktop]">
		<description>Pinball Champ '82 (Zaccaria)(1982)(mfuegemann)(1.2)[VP99x][Desktop]</description>
		<rom name="PinballChamp82_1_2.vpt" size="34414592" crc="f4c51274" md5="94135d34bfde958fd49e0fa008d2d983" sha1="7cc0d666987402e1cb7203fd134f05dddac26835" />
		<rom name="screen_desktop.jpg" size="526208" crc="730459bd" md5="ff6bf5eec0eec1aa06f0a9dea1764226" sha1="11b55aa62b79b89f7c351bdf2027cc8cfa635e3c" />
	</machine>
	<machine name="Polar Explorer (Taito do Brasil)(1983)(Aquinaton)(1.2)[VP99x]">
		<description>Polar Explorer (Taito do Brasil)(1983)(Aquinaton)(1.2)[VP99x]</description>
		<rom name="Taito Polar Explorer 1.0.vpt" size="12419072" crc="d1d502f2" md5="caad3dc6048d189ff8b6dc46184aedc8" sha1="d401f539cf8dfa22e68c85e14170d2c56ffe4e71" />
	</machine>
	<machine name="Polar Explorer (Taito do Brasil)(1983)(Joao Accioly)(1.0)[VP990]">
		<description>Polar Explorer (Taito do Brasil)(1983)(Joao Accioly)(1.0)[VP990]</description>
		<rom name="Fonts/AGENCYB.ttf" size="60656" crc="1f332ce9" md5="596e78c7d8f0d85090a9af4e8e19076c" sha1="508a788bd45e99534281e4fc96d2d7b53d85ece3" />
		<rom name="Fonts/AGENCYR.ttf" size="58920" crc="8f3c800d" md5="70777e6bd210190350f7c92395c1860f" sha1="a91fce5cdd94d1f308c1d447ee612aded030eea0" />
		<rom name="Fonts/ARLRDBD.ttf" size="45260" crc="f49a5ba0" md5="2d1068a7f51e1fc2c63d81165bf52422" sha1="e403f0d02c86a70e1eda62ef9386a0f2eee0f1d4" />
		<rom name="Polar Explorer (Taito do Brasil)(1983)(Joao Accioly)(1.0)[VP990].vpt" size="5083136" crc="7ad999ab" md5="9ae0a6f071b10e9f82c37333dbb64388" sha1="244d46657beb95bd59e7fc8cd68f503bbd78437f" />
		<rom name="Polar Explorer screenshot.jpg" size="76328" crc="6b809e2b" md5="dc73278380c81ff3c2f7c0c55b3275be" sha1="542ee7e4fbee5588c46a44d3d7b776ad57305c7f" />
		<rom name="Read me.txt" size="244" crc="bf236073" md5="81713c68838a8a8a007b6e239b481509" sha1="ca7bc7850bd7cd3146cf8d3fecf84aebee8dc364" />
	</machine>
	<machine name="Power Blade (Masalaja)(1.0)[VP99x]">
		<description>Power Blade (Masalaja)(1.0)[VP99x]</description>
		<rom name="comet_l5/cpu_u20.l5" size="16384" crc="d153d9ab" md5="ea21f52ca083bce0548e46905227da3b" sha1="0b97591b8ba35207b1427900486d69078ae122bc" />
		<rom name="comet_l5/cpu_u49.128" size="16384" crc="f1db0cbe" md5="fed7ce2d617ee66d024da6f0866f5243" sha1="59b7f36fb2003b90b288abeff56df62ce50f10c6" />
		<rom name="comet_l5/spch_u4.732" size="4096" crc="d0215c49" md5="de40b2f22e0f94227743886840af59e9" sha1="4f0925a826199b6e8baa5e7fbff5cde9e31d505b" />
		<rom name="comet_l5/spch_u5.732" size="4096" crc="89f7ede5" md5="e593f3596bc27af9117d73e423521952" sha1="bbfbd991c9e005c2fa36d8458803b121f4933618" />
		<rom name="comet_l5/spch_u6.732" size="4096" crc="6ba2aba6" md5="8e6bdffe9aa5d1edd1808e720962994d" sha1="783b4e9b38db8677d91f86cb4805f0fa1ae8f856" />
		<rom name="comet_l5/spch_u7.732" size="4096" crc="36545b22" md5="eb575186f94baa543f77f4cdf22ba617" sha1="f4a026f3fa58dce81b439d76120a6769f4632955" />
		<rom name="Power Blade.vpt" size="78417920" crc="1b450a7b" md5="47b1a99bf2cc6aab0e9fdf1d1a0a80c8" sha1="16ede522bbb8a177fa2c9578f3cabe7e8ee29954" />
		<rom name="screenshot.png" size="2293368" crc="58911954" md5="b34ae47bdf43e96bf50ba36fc755cb7d" sha1="3a5bfc546a76858b01fdee231b55e120d9640593" />
	</machine>
	<machine name="Quicksilver (Stern)(1980)(mfuegemann)(1.1)[VP99x]">
		<description>Quicksilver (Stern)(1980)(mfuegemann)(1.1)[VP99x]</description>
		<rom name="Quicksilver_1_1.vpt" size="24891392" crc="b1611e6c" md5="009ec2e89cd48485ca47a370f4fb89c1" sha1="6aecdc651971663bc2c1260ffe7c20854641d64d" />
		<rom name="screen_desktop.jpg" size="452206" crc="d61a29cc" md5="cf367ad71bd70a989738dbb281536fc8" sha1="753d5c8cb55b5dd5dc7f0ea407c323b4756d0d27" />
	</machine>
	<machine name="Quijote (Juegos Populares)(1987)(mfuegemann)(1.0)[VP99x]">
		<description>Quijote (Juegos Populares)(1987)(mfuegemann)(1.0)[VP99x]</description>
		<rom name="Quijote Rules.txt" size="737" crc="1ebd8c97" md5="1fd734b644b8f3754633ac1ab687d712" sha1="ac1def9218b21a0d4e5d1549526f7b7ea77d82f4" />
		<rom name="Quijote_DT_1_0.vpt" size="40869888" crc="9ad25d42" md5="d715a9ca50b1c28096456537e4da8cc0" sha1="c0a3a1116a522b3c6feb32af46fc705c0acf521a" />
		<rom name="quijote_screen_dt.jpg" size="394006" crc="ff69f0c2" md5="a697ea13d274a8235d82aa2a15941f87" sha1="346c724fca73947b64bbbd38d09ab0bd12322d77" />
	</machine>
	<machine name="Rally (Taito do Brasil)(1980)(Aquinaton)(1.1)[VP99x]">
		<description>Rally (Taito do Brasil)(1980)(Aquinaton)(1.1)[VP99x]</description>
		<rom name="Rally 1.0.vpt" size="8224768" crc="41e86a27" md5="632ed56e0c7c9d23c3f621b961f0677d" sha1="007f003a0533a93418cc3b0cd50dfd23a7bf7687" />
		<rom name="Taito Rally 1.1.vpt" size="7159808" crc="021a17d5" md5="89ba52824eb4f1760400e45077070665" sha1="7df486768388f9cd5d4f597d1f1e0c9949115155" />
	</machine>
	<machine name="Scared Stiff (Bally)(1996)(Shoopity)(1.0)[VP99x]">
		<description>Scared Stiff (Bally)(1996)(Shoopity)(1.0)[VP99x]</description>
		<rom name="Scared Stiff Shoopity2.vpt" size="19390464" crc="f3336b95" md5="ae6aaa3f1a888472c609af09b764a8e2" sha1="e39c41d73c4c57aec1fee026ccbe67774c7d4953" />
		<rom name="screenshot13.jpg" size="999208" crc="532936d6" md5="a7320d48c718d7d42b7db817f68b0e7a" sha1="8deafb4ee64f2b0c22a88048059335091023f3b3" />
	</machine>
	<machine name="Shark (Taito do Brasil)(1982)(Aquinaton)(1.0)[VP99x]">
		<description>Shark (Taito do Brasil)(1982)(Aquinaton)(1.0)[VP99x]</description>
		<rom name="Shark 1.0.vpt" size="11644928" crc="a319d3ca" md5="0d40f06442b764dd83f4b721a46d4090" sha1="024f8c62e7cb46c90112f3f8c963a45cb36f5e9f" />
	</machine>
	<machine name="Sharkey's Shootout (Stern)(2000)(freneticamnesic)(1.0)[VP990][Desktop version coolball v1.0]">
		<description>Sharkey's Shootout (Stern)(2000)(freneticamnesic)(1.0)[VP990][Desktop version coolball v1.0]</description>
		<rom name="Sharkey's Shootout (Stern)(2000)(freneticamnesic)(1.0)[VP990][Desktop version coolball v1.0].vpt" size="83308544" crc="b1dc89d1" md5="7772fb2dc1d91c6a45e553dadad86f10" sha1="2f80e006b304f6be54a8f25d561f31886c21552e" />
		<rom name="Sharkey's Shootout screenshot.jpg" size="605438" crc="84e09c1b" md5="fe15d9e4b8967ce684cf4fbb2635792c" sha1="02da3b39dfbd897971a55aa80c9d937e0b4b1c4a" />
	</machine>
	<machine name="Shock (Taito do Brasil)(1979)(Aquinaton)(1.1)[VP99x]">
		<description>Shock (Taito do Brasil)(1979)(Aquinaton)(1.1)[VP99x]</description>
		<rom name="Taito Shock 1.1.vpt" size="9089024" crc="a8ad00e5" md5="b133ce684eefed07c9801aaab8beeb7a" sha1="6429780c463b82a88dff4e871deb43a3a978490b" />
	</machine>
	<machine name="Sir Lancelot (Peyper)(1984)(mfugemann)(1.1)[VP99x]">
		<description>Sir Lancelot (Peyper)(1984)(mfugemann)(1.1)[VP99x]</description>
		<rom name="lancelot.vbs" size="4108" crc="18f780a6" md5="83bd327cacb90ee0ac8b1e2caf6637c7" sha1="afdf8730dace11b71d323eefeddfc1e9c3e178b4" />
		<rom name="Rules.txt" size="906" crc="13a969b7" md5="43cdd4e90f672b5fb1016c37c6dc0a35" sha1="00f172b14a30aa70f2f7142b062f596df6d0d9c7" />
		<rom name="SirLancelot_DT_1_1.vpt" size="39620608" crc="b2f376c1" md5="3a4507ada2ea2f5da736f3b636297cb4" sha1="eee4ab8dd4737880dcc506ce5ac04e641f71290d" />
		<rom name="sirlancelot_dt_screen.jpg" size="444752" crc="a3e6392d" md5="52d3bbdbe40e014e4d83c8c2920b7bb5" sha1="3a7faf9e8f9ba8155989023660fb4461f88e2cdc" />
	</machine>
	<machine name="Sly Cooper (JPSalas, masalaja)(1.0b)[VP99x]">
		<description>Sly Cooper (JPSalas, masalaja)(1.0b)[VP99x]</description>
		<rom name="dollyptb/720-3532.u6b" size="4096" crc="b5e6a3d5" md5="e353b27173934457e1540db2907daebf" sha1="fa1593eeed449dbac87965e613b501108a015eb2" />
		<rom name="dollyptb/729-51_3.123" size="32" crc="6e7d3e8b" md5="b5b9751fc42d4db5ebbdef22a688de5b" sha1="7a93d82a05213ffa6eacfa318051414f872a701d" />
		<rom name="dollyptb/doll2732.u2" size="4096" crc="cd649da3" md5="7af88977f024f22f964e139d8905b7e4" sha1="10fbffa0dc620d8bc35b8236b1d55fbf3338b6b7" />
		<rom name="Music/dir.txt" size="32" crc="5b32e324" md5="9e444957c7e7f6bbb69a527f2fecbf2d" sha1="4a2dae3cc8079626692716e377f2d99247ed0a81" />
		<rom name="Music/SC_1.mp3" size="8829390" crc="f264a96a" md5="2e2779ea4af0d2607e318af38d78860d" sha1="e0d3210581eb75d45f2990e0d118874a79588978" />
		<rom name="screenshot.png" size="1970448" crc="6b1304f4" md5="0c33fb1760222eecb654ec41eb3825bf" sha1="5164aefa92fc9e0dea795f2dc39d11e34cd0efa5" />
		<rom name="Sly_Cooper.vpt" size="10797056" crc="19903dc2" md5="326e5735d3df7766aaf098fe379ffbc0" sha1="43d11c8917bfc0952c7c6b0e6204403b5e8e6677" />
	</machine>
	<machine name="Snake Machine (Taito do Brasil)(1981)(Aquinaton)(1.0)[VP995]">
		<description>Snake Machine (Taito do Brasil)(1981)(Aquinaton)(1.0)[VP995]</description>
		<rom name="Taito Snake Machine 1.0.vpt" size="7098368" crc="4924ad7b" md5="695c9bf4c076c3b1cc8cf3508a411fa7" sha1="14ad54b3879cb1ec8050797dc8a93e548e86ea1e" />
	</machine>
	<machine name="Solar Fire (Williams)(1981)(mfuegemann)(1.1)[VP99x]">
		<description>Solar Fire (Williams)(1981)(mfuegemann)(1.1)[VP99x]</description>
		<rom name="screen_dt.jpg" size="473373" crc="27ff3ee5" md5="84d21703dbf35ed71944befdbdbbb842" sha1="c392a5ecd56d60c000f868c2bf61cbe195bb7659" />
		<rom name="Solar Fire_1_1.vpt" size="28176384" crc="09021ece" md5="9afe009a82eec6659ef3644de55a72df" sha1="786e4eb55f4397ade70f19b8b8439d9dd8254971" />
	</machine>
	<machine name="Space Shuttle (Taito do Brasil)(1984)(Aquinaton)(1.1)[VP99x]">
		<description>Space Shuttle (Taito do Brasil)(1984)(Aquinaton)(1.1)[VP99x]</description>
		<rom name="Taito Space Shuttle 1.1.vpt" size="7503872" crc="254d0dda" md5="fc72ff07bbb04e9a3d2827aa2bfe539d" sha1="3bbe2953ad1628bdd7ee955add4697146abf8184" />
	</machine>
	<machine name="Space Train (MAC)(1987)(mfuegemann)(1.0)[VP99x]">
		<description>Space Train (MAC)(1987)(mfuegemann)(1.0)[VP99x]</description>
		<rom name="mac.vbs" size="3918" crc="0be41016" md5="c33f319b87dc77b6eb8ccd3cfd838d45" sha1="da190a059c92ca005cc67bc50c3d06f32448000a" />
		<rom name="screen_dt.jpg" size="365523" crc="81e78849" md5="8b4f0eaecefe8331771a2bd25717983d" sha1="1f39ab40cb77285cb2afb08c6308fff12b6e89de" />
		<rom name="Space Train Rules.txt" size="2651" crc="b738e92c" md5="c98b08bbbb5f99176e9b877984cf6a13" sha1="05c4532d0c623834adb86f004b3df290a4e1f967" />
		<rom name="SpaceTrain_1_0.vpt" size="46829568" crc="01f55e0f" md5="204415dc8dbd1c9228f520dbafc33c81" sha1="2de72fdd5fadbe8e2850cea0d371bb03844c9b27" />
	</machine>
	<machine name="Speed Test (Taito do Brasil)(1982)(Aquinaton)(1.1)[VP99x]">
		<description>Speed Test (Taito do Brasil)(1982)(Aquinaton)(1.1)[VP99x]</description>
		<rom name="Speed Test 1.0.vpt" size="8126464" crc="eb0a8adc" md5="a3ebbeb327f0a2d935cf343d40391202" sha1="fcfabbee7d5897fe6bdb77b74ccd0ad1c2b829d0" />
		<rom name="Taito Speed Test 1.1.vpt" size="8105984" crc="fd053517" md5="cb9ac9ad21040739809e259cfbcd22a7" sha1="28afcb2b76940703dc17b5ec7b53ca69d51506a0" />
	</machine>
	<machine name="Spider-Man (Stern)(2007)(JPSalas, 85vett, Alessio)(1.0)[VP99x]">
		<description>Spider-Man (Stern)(2007)(JPSalas, 85vett, Alessio)(1.0)[VP99x]</description>
		<rom name="Spider-Man_1.0.vpt" size="74903552" crc="4641a3da" md5="9476541285c091da70f0dbe4be0ac7f4" sha1="0f523737ebfbcb68d15cc5510003fc4a186adeb6" />
	</machine>
	<machine name="Spider-Man (Stern)(2007)(oissela)(1.0)[VP99x]">
		<description>Spider-Man (Stern)(2007)(oissela)(1.0)[VP99x]</description>
		<rom name="screenshot.jpg" size="692232" crc="26482f45" md5="1dbe565651be68878d9933d64976cebc" sha1="f0d0dea16e92ee5505da49b610e279129ab23361" />
		<rom name="Spider-Man_1.0.vpt" size="47439872" crc="f193b70f" md5="7398feda55f8f06abe09ebdcb85bd8b2" sha1="169700e768ac8e4e96701ea649b252aa014184d7" />
	</machine>
	<machine name="Spy Hunter (Bally)(1984)(destruk)(1.4.0)[VP99x][Desktop v2.0 32assassin]">
		<description>Spy Hunter (Bally)(1984)(destruk)(1.4.0)[VP99x][Desktop v2.0 32assassin]</description>
		<rom name="screenshot.png" size="3476624" crc="418e11b2" md5="121b21ff0e3d5ae7c0a43a495fd0eb33" sha1="dd76f40d19e5e707ab8b7148d6886ad96fab47dd" />
		<rom name="Spy Hunter (Bally).vpt" size="34021376" crc="9fedddc4" md5="c0fa7f75d3ff9b43f65a9d589f771205" sha1="bba440a00588334380ca116d7d015a4ab5317336" />
	</machine>
	<machine name="Star Fire (Playmatic)(1985)(mfuegemann)(1.0)[VP99x]">
		<description>Star Fire (Playmatic)(1985)(mfuegemann)(1.0)[VP99x]</description>
		<rom name="StarFire_1_0.vpt" size="33013760" crc="4d9f44b6" md5="8c3966b46fdeb07baa44d11f7076449b" sha1="e7f6e1b1c6d9d317f97922837080921a5973670e" />
		<rom name="starfire_dt_screen.png" size="1500121" crc="32cecaa5" md5="75cec3b4aa21426e40c38f6a5a6f902f" sha1="56985f06eca5c1c2680b3f494b1606eaa142edc6" />
		<rom name="StarFire_Rules.txt" size="1173" crc="8ad199a0" md5="f5dbd6a1ec8e7d56cc80d9c46c278fff" sha1="fb9f5f638c7b394ba6432ad894ce2c931f9dc912" />
	</machine>
	<machine name="Star Trek Pro (Stern)(2013)(85vett, gtxjoe)(1.1)[VP99x]">
		<description>Star Trek Pro (Stern)(2013)(85vett, gtxjoe)(1.1)[VP99x]</description>
		<rom name="Star Trek Pro Mod PM5 1.1 102216.vpt" size="36610048" crc="3ce76c74" md5="2b23d44641973fd2319d8019d69d8aec" sha1="06b9ee21a912ce41e9bbea3d72515c8457824d36" />
	</machine>
	<machine name="Star Wars - The Empire Strikes Back (Hankin)(1980)(32assassin, Destruk, Franco666)(1.0)[VP99x]">
		<description>Star Wars - The Empire Strikes Back (Hankin)(1980)(32assassin, Destruk, Franco666)(1.0)[VP99x]</description>
		<rom name="screenshot.png" size="2996548" crc="5d0443e4" md5="24e10da15d942ad6b5dfb708ea1418a3" sha1="1a0b249cee877b153ffe14aea95e04c00083f9ca" />
		<rom name="Star Wars - Empire Strikes Back, The (Hankin).vpt" size="40509440" crc="6b3d2001" md5="18c5053fe2c71d0f1066e51ac82abf52" sha1="61229f1da3dff145188f62b4e4e68e88c773618e" />
	</machine>
	<machine name="Strikes N' Spares (Gottlieb)(1995)(mfuegemann)(1.0)[VP99x]">
		<description>Strikes N' Spares (Gottlieb)(1995)(mfuegemann)(1.0)[VP99x]</description>
		<rom name="sns_dt_screen.jpg" size="486027" crc="edf79624" md5="964c06442a2f4836e0aaff7ae6c911e7" sha1="b9c02743d3e1c4c79bcf40ebdf12f5a6bd2f6244" />
		<rom name="StrikesnSpares_1_0.vpt" size="34406400" crc="b20e2eea" md5="6f398e6bf1659037dc9437f29753e723" sha1="2bf6eb2f5ea72d79f25b3df010a0441b2ebc50e3" />
	</machine>
	<machine name="Sure Shot (Taito do Brasil)(1981)(Aquinaton)(1.6)[VP99x]">
		<description>Sure Shot (Taito do Brasil)(1981)(Aquinaton)(1.6)[VP99x]</description>
		<rom name="Sure Shot 1.5.vpt" size="10285056" crc="593af5d3" md5="eb9f630a63c8b6ef7b11fa83ae781421" sha1="2d6bff3f96026193908c1ce144ee15a560eb01eb" />
		<rom name="Taito Sure Shot 1.6.vpt" size="8273920" crc="b480300f" md5="56faac5764ecb6a6807ef8d40fd9b630" sha1="f5ddcaf6315699499ef01a6cdaefb41f7fd0b69d" />
	</machine>
	<machine name="Tales of the Arabian Nights (Williams)(1996)(JPSalas)(Beta4)[VP99x]">
		<description>Tales of the Arabian Nights (Williams)(1996)(JPSalas)(Beta4)[VP99x]</description>
		<rom name="TOTAN_VP9.9_Beta4.vpt" size="34029568" crc="31eda6e4" md5="09e34405873321b33b99e6869c739b1d" sha1="701b21a8a63ed32e70ea6701e8286d5d081f10c9" />
		<rom name="totan_vp99_beta4.jpg" size="743774" crc="bdb30a4c" md5="a30c7cc07443421b26a270cef26bb392" sha1="8dd326745211eb618055e3b41ae45e33fc08662a" />
	</machine>
	<machine name="Time Fantasy (Williams)(1983)(mfuegemann)(1.0)[VP99x]">
		<description>Time Fantasy (Williams)(1983)(mfuegemann)(1.0)[VP99x]</description>
		<rom name="tf_dt_screen.png" size="2413371" crc="e37be35f" md5="808e8e66231304de3464b5c3201952b4" sha1="73a8ef8f56e2ef0f94c33b51195090ddb3838a52" />
		<rom name="TimeFantasy_1_0.vpt" size="29806592" crc="6d6e6980" md5="b5abefb58e46830ac8a92dbb67470490" sha1="085e4034757b0314f5cf7d90dcdbd7b246c02f6d" />
	</machine>
	<machine name="Time Machine (Zaccaria)(1983)(mfuegemann)(1.2)[VP99x]">
		<description>Time Machine (Zaccaria)(1983)(mfuegemann)(1.2)[VP99x]</description>
		<rom name="Rules.txt" size="11041" crc="f3b5d05f" md5="32089946f5bb417c5204c15a5a26fed5" sha1="be0952058faa4356229d0f57b5c8a4d460f01b28" />
		<rom name="TimeMachine_1_2.vpt" size="38588416" crc="34f5fc2b" md5="a579f7d4fcecedd46b588bba51d7ddf4" sha1="a75cf14b6997f2b71a60458e9a9d1bfc03acb867" />
		<rom name="tmzac_screen.jpg" size="523474" crc="d8d3c82e" md5="e9091f7deb9b23a3a1077d3bc296beb4" sha1="2b2f66a6e53f446a42e23bec5683b9230bae4f16" />
	</machine>
	<machine name="Titan (Taito do Brasil)(1982)(Aquinaton)(1.0)[VP99x]">
		<description>Titan (Taito do Brasil)(1982)(Aquinaton)(1.0)[VP99x]</description>
		<rom name="Taito Titan 1.0.vpt" size="6963200" crc="ac57f4a2" md5="a86c39d89e270b5fb9ac0a11456f3ba0" sha1="d00967e7c4621e65463a0c197258b7005e213ff6" />
	</machine>
	<machine name="Totem (Gottlieb)(1979)(32assassin)(1.1)[VP99x]">
		<description>Totem (Gottlieb)(1979)(32assassin)(1.1)[VP99x]</description>
		<rom name="dt.png" size="3557716" crc="4cc73d03" md5="3468ab2b8cef3ee96b6083d0b12919dc" sha1="b1b20a5298358ec79606cc22ee14814be0de5428" />
		<rom name="Totem (Gottlieb).vpt" size="52264960" crc="f0be69c1" md5="0d21d6ce17846b651da16dd798586a41" sha1="ea93a1102aa4c05f9c9c35a763bd73c7b2b88b1f" />
	</machine>
	<machine name="Touchdown (Gottlieb)(1984)(Destruct, User42, Dboyrecords)(1.0)[VP99x][MOD gfx Roccodimarco]">
		<description>Touchdown (Gottlieb)(1984)(Destruct, User42, Dboyrecords)(1.0)[VP99x][MOD gfx Roccodimarco]</description>
		<rom name="screenshot.png" size="1979805" crc="8cf47eef" md5="fc03e7de45458d5bd2a38ee07132c39c" sha1="42d2848c9e61f421ad73019850b50a44bcfb091f" />
		<rom name="Touchdown (Gottlieb 1984).vpt" size="26951680" crc="ef8c2f91" md5="2b480985a16d3bb5271b81e781d4d40f" sha1="a8733968317c99bebdc160855b104f6e24529cc8" />
	</machine>
	<machine name="Transformers (Stern)(2011)(gtxjoe, freneticamnesic)(1.2)[VP990][Desktop version coolball]">
		<description>Transformers (Stern)(2011)(gtxjoe, freneticamnesic)(1.2)[VP990][Desktop version coolball]</description>
		<rom name="bgout_TF_intro.mp3" size="2872951" crc="591795f8" md5="e55d8e6c5dcde4913460b90721990aca" sha1="991d594f7d1d1475bc56dab5338d44ba0eeae39c" />
		<rom name="Transformers (Stern)(2011)(gtxjoe, freneticamnesic)(1.1)[VP990][Desktop version coolball].vpt" size="66449408" crc="182fd612" md5="bda0b2cfd01d3210a2452ab865749de9" sha1="ee18634fccf1069ed5136b2987dbe628ec795f6e" />
		<rom name="Transformers (Stern)(2011)(gtxjoe, freneticamnesic)(1.2)[VP990][Desktop version coolball].vpt" size="48222208" crc="cdef22a7" md5="9ef80456ac3f125644a4dbd28d468cdb" sha1="528c32fc51f23962af47a3e904cea155ef85fedf" />
		<rom name="Transformers screenshot.jpg" size="576817" crc="58086795" md5="2c3775743acb22af8f7a6b5e95d2448f" sha1="79dddfc9f9b500768cf6a4a3ff813ef60693dcd5" />
	</machine>
	<machine name="Truck Stop (Bally)(1988)(Sindbad)(1.1.1)[VP99x or PM5][Desktop]">
		<description>Truck Stop (Bally)(1988)(Sindbad)(1.1.1)[VP99x or PM5][Desktop]</description>
		<rom name="Truck Stop (Bally 1988) (VP9.9 PM5 DT) 1.1.1.vpt" size="42344448" crc="46234059" md5="a2c4dbde498c630ad7afe0bfd26f33af" sha1="f36b9720920dab7d2f06e75409ac92388e438c42" />
		<rom name="tsdt_status.jpg" size="4460036" crc="cc753c93" md5="c15e948bfafbbd46244ebbf90a4f9676" sha1="2c549e17c2a02c64bd2fb109f106170bed24927f" />
	</machine>
	<machine name="TX-Sector (Premier)(1988)(TAB, MNPG, GalacGames, destruk [VP8])[VP990][FullScreen dboyrecords v1.0]">
		<description>TX-Sector (Premier)(1988)(TAB, MNPG, GalacGames, destruk [VP8])[VP990][FullScreen dboyrecords v1.0]</description>
		<rom name="TX-Sector (Gottlieb 1988).vpt" size="4866048" crc="33e63ecf" md5="e0c4106acda1f6df144726bf42ec5e34" sha1="e928e3a1425847c5c5835f2cb631bcdd3d1402ec" />
		<rom name="TX-Sector screenshot.png" size="2692680" crc="4f10a2f4" md5="acc54452d0a3f119a18be8796b1dfeb1" sha1="086a622ea603564d1b0bc5b61d1c391e23c59240" />
	</machine>
	<machine name="V.1 (IDSA)(1986)(mfuegemann)(1.1)[VP99x]">
		<description>V.1 (IDSA)(1986)(mfuegemann)(1.1)[VP99x]</description>
		<rom name="idsa.vbs" size="4037" crc="b1e7eb8c" md5="f68ba3b18c2b924059b50f29595a21bb" sha1="9123d19de181560a46b4b96de6a81c34ea05f059" />
		<rom name="V1_1_1.vpt" size="23494656" crc="33753586" md5="a7cc85812a762c6659f849bdcb24bf0f" sha1="7340d5878f6aa3aa4f7da91c151dc2d0b3da08a6" />
		<rom name="V1_Rules.txt" size="630" crc="1407ff63" md5="fb3685edb21e67b147e3b8523ed01fa7" sha1="fdf66f50e5c60d3d3489b709d77140e9d11491f1" />
		<rom name="v1_screen.jpg" size="711083" crc="0afc015a" md5="60b6a98ee3bb91307e74f9835faacb35" sha1="ad9cb411b8e42b3643288b82935f07bb9941c393" />
	</machine>
	<machine name="Vegas (Taito do Brasil)(1978)(Aquinaton)(1.0)[VP99x]">
		<description>Vegas (Taito do Brasil)(1978)(Aquinaton)(1.0)[VP99x]</description>
		<rom name="Taito Vegas 1.0.vpt" size="7536640" crc="dc32ec58" md5="55962df734a3c24ff8c13ea815de8860" sha1="0387c5f97e23485f9d875908cdd236ebeb393be3" />
	</machine>
	<machine name="Vortex (Taito do Brasil)(1983)(Aquinaton)(1.5)[VP99x]">
		<description>Vortex (Taito do Brasil)(1983)(Aquinaton)(1.5)[VP99x]</description>
		<rom name="Taito Vortex 1.5.vpt" size="11919360" crc="24f2b6da" md5="3faa3e669c8a798452716db69afc6907" sha1="c0c5ba071411122c96230be329fc8dc1fa0a7297" />
	</machine>
	<machine name="WaterWorld (Gottlieb)(1995)(mfugemann)(1.1)[VP99x]">
		<description>WaterWorld (Gottlieb)(1995)(mfugemann)(1.1)[VP99x]</description>
		<rom name="WaterWorld_1_1.vpt" size="64184320" crc="1d3c4c5f" md5="96faf7eedd08c40a6c3e4d065f13f534" sha1="400b16628c959975eb43e963bbc7dea7391bdfc6" />
		<rom name="waterworld_screen_dt.jpg" size="544238" crc="abc8b375" md5="9042486d607b1ff989d5e2ef02de8ecf" sha1="f762414fdea019e6345e90a6062fa0f598aed1f7" />
	</machine>
	<machine name="Wheel (Maresa)(1974)(akiles50000)(1.0)[VP990]">
		<description>Wheel (Maresa)(1974)(akiles50000)(1.0)[VP990]</description>
		<rom name="Wheel (Maresa)(1974)(akiles50000)(1.0)[VP990].vpt" size="40849408" crc="12a7939b" md5="0e40e6d1304e99d59a326065008078d1" sha1="6f1f7c7ab9ea00fe325ba942f5b5f4eb5e484beb" />
		<rom name="Wheel screenshot.jpg" size="396264" crc="dcc486ef" md5="2a5eb7e7241a0e9a1fc267342369b3b4" sha1="34206e7db91320902bf15f9150ef58e5f8f4444a" />
	</machine>
	<machine name="Wolf Man (Peyper)(1987)(mfuegemann)(1.0)[VP99x]">
		<description>Wolf Man (Peyper)(1987)(mfuegemann)(1.0)[VP99x]</description>
		<rom name="screenshot.jpg" size="624918" crc="d9ca05e1" md5="5110e00f36fce4310342cde1857f9429" sha1="861591d174bdad02418ab377b9f3821f2b346084" />
		<rom name="Wolfman_DT_1_0.vpt" size="36433920" crc="6d1bd6db" md5="2138bcf972a419fd8f27776cd9c39f6f" sha1="491c03dd7968a68c9d31a9b93e4fabe5a7a9654f" />
	</machine>
	<machine name="World of Hanna-Barbera, The (JPsalas, Masalaja)(1.0)[VP99x][Mode Desktop]">
		<description>World of Hanna-Barbera, The (JPsalas, Masalaja)(1.0)[VP99x][Mode Desktop]</description>
		<rom name="Music/H-B.mp3" size="2235562" crc="c3b852dd" md5="234b80eee3b3c689eea0800cd48ad9ba" sha1="59a26c3d95efce9de18907b393679043c6f6ec68" />
		<rom name="The World Of Hanna Barbera (Mode Deskop).vpt" size="40624128" crc="6b1597da" md5="9f24fc4814af45c60e44d210ac99bb26" sha1="e67859dee9100ec3addf7fdb0c7695fc885cd00d" />
		<rom name="the-world-of-hanna-barbera-mode-deskop.png" size="1910194" crc="d9a18faa" md5="d1997357ed9a7b2e1b3c5a0eff76b2b9" sha1="731559c3722a1375a9cd70f8e9a3329808ef6853" />
	</machine>
	<machine name="World of Hanna-Barbera, The (JPsalas, Masalaja)(1.0)[VP99x][Mode Gabinet][dB2S]">
		<description>World of Hanna-Barbera, The (JPsalas, Masalaja)(1.0)[VP99x][Mode Gabinet][dB2S]</description>
		<rom name="Music/H-B.mp3" size="2235562" crc="c3b852dd" md5="234b80eee3b3c689eea0800cd48ad9ba" sha1="59a26c3d95efce9de18907b393679043c6f6ec68" />
		<rom name="The World Of Hanna Barbera (Mode Gabinet).directb2s" size="1955978" crc="a9382cb7" md5="fef7ad6eb3a2d4bbb508237ddfe5e4c6" sha1="1a5a6734c71bd119571b5d5b900c4cbb1c2f844c" />
		<rom name="The World Of Hanna Barbera (Mode Gabinet).vpt" size="40624128" crc="6b1597da" md5="9f24fc4814af45c60e44d210ac99bb26" sha1="e67859dee9100ec3addf7fdb0c7695fc885cd00d" />
		<rom name="The World Of Hanna Barbera [Cabinet FS B2S] txt.txt" size="646" crc="fb5f67d7" md5="f0119bf31ec51296caa3f0861ff738f2" sha1="13d4d886513e09068f1f34daba4d5b51c74de0cf" />
		<rom name="the-world-of-hanna-barbera-mode-gabinet.png" size="1485548" crc="73e6fdc2" md5="436d6bcb39ac4a4bff668cd252134c39" sha1="e7a49b43035f770dab492cfc8d8c5a74a5325a63" />
	</machine>
	<machine name="WWF Royal Rumble (Data East)(1994)(freneticamnesic)(1.11)[VP99x][Desktop v1.0 batch]">
		<description>WWF Royal Rumble (Data East)(1994)(freneticamnesic)(1.11)[VP99x][Desktop v1.0 batch]</description>
		<rom name="WWF RR (Data East 1994) DT 1.0.vpt" size="57819136" crc="855877c4" md5="3a9ccefdc53cef6db2f9a9afcb5f7bd8" sha1="aee68d304e81ff0987516f8e01355c752cd66d7c" />
	</machine>
	<machine name="WWF Royal Rumble (Data East)(1994)(freneticamnesic)(1.11)[VP990][Desktop version coolball]">
		<description>WWF Royal Rumble (Data East)(1994)(freneticamnesic)(1.11)[VP990][Desktop version coolball]</description>
		<rom name="WWF Royal Rumble (1.0) screenshot.jpg" size="590289" crc="96601693" md5="52c201ab6770632edd0d6c7aeb979dd4" sha1="326984e45fc1a63987de6fd952793b43173f47a9" />
		<rom name="WWF Royal Rumble (1.11) screenshot.jpg" size="555114" crc="7a4700ca" md5="81d521c3f53a58a75d4f2bb567b8abce" sha1="bfbabec848deb9f3bf57c298df58a38bc7e95b37" />
		<rom name="WWF Royal Rumble (Data East)(1994)(freneticamnesic)(1.0)[VP990][Desktop version coolball].vpt" size="57597952" crc="c8ad57fd" md5="9b3c0da6be078e371ece1fe7b8b9d30c" sha1="786f056452196bf317482acc3ed1d759dc7ee1b2" />
		<rom name="WWF Royal Rumble (Data East)(1994)(freneticamnesic)(1.11)[VP990][Desktop version coolball].vpt" size="57114624" crc="c4c249dc" md5="6ff88716d37fc66067497e18b012675f" sha1="e4419a9840d385a4b517622e7b1d7184ae39495e" />
	</machine>
	<machine name="Zarza (Taito do Brasil)(1982)(Aquinaton)(1.0)[VP99x]">
		<description>Zarza (Taito do Brasil)(1982)(Aquinaton)(1.0)[VP99x]</description>
		<rom name="Taito Zarza  1.0.vpt" size="9117696" crc="cdd6931e" md5="64fbfc6e1bbe9059508f6ce10cfc011f" sha1="e22fabd1b467beaf1347abd7f223d2568c0cbdbb" />
	</machine>
</datafile>