<?xml version="1.0" encoding="utf-8"?>
<!DOCTYPE datafile PUBLIC "-//Logiqx//DTD ROM Management Datafile//EN" "http://www.logiqx.com/Dats/datafile.dtd">
<datafile>
	<header>
		<name>Visual Pinball [VP8] PinMame Tables [Flipperless]</name>
		<description>Visual Pinball [VP8] PinMame Tables [Flipperless] (2024-01-27)</description>
		<version></version>
		<date>2024-01-27</date>
		<author></author>
	</header>
	<machine name="Addams Family Values (Williams)(1993)(TAB, destruk)[VP8][Flipperless]">
		<description>Addams Family Values (Williams)(1993)(TAB, destruk)[VP8][Flipperless]</description>
		<rom name="Addams Family Values (Williams)(1993)(TAB, destruk)[VP8][Flipperless]/Addams Family Values (Williams)(1993)(TAB, destruk)[VP8][Flipperless].vpt" size="2137088" crc="7710b1d9" md5="66b67c3f231615812a9f78ad562d2d80" sha1="47113da8eab524f99a5a264ab9e621182f85dd04" />
		<rom name="Addams Family Values (Williams)(1993)(TAB, destruk)[VP8][Flipperless]/Addams Family Values screenshot.jpg" size="403020" crc="9e76a273" md5="514dd6b60089c6b0ceab8caa6ab1526b" sha1="302a803aeaf41ee6c4b2af7eae0c49add75743f9" />
	</machine>
	<machine name="Monopoly Redemption (Stern)(200)(TAB, Destruk)(1.0)[VP8][Table Game]">
		<description>Monopoly Redemption (Stern)(200)(TAB, Destruk)(1.0)[VP8][Table Game]</description>
		<rom name="Monopoly Redemption.vpt" size="7287808" crc="860e6440" md5="ba996a2b509e7bc6b97b4ab00c3bbef4" sha1="0a2533d5fc6bb9b127f4141ea42481a86ccdcf97" />
		<rom name="screenshot.jpg" size="506348" crc="e60273f5" md5="65fbd6d446df8e4ef23f07d9fd2eb49d" sha1="08598e77369cdfd3847be588b0041bfcf4050d93" />
	</machine>
	<machine name="Pennant Fever (Williams)(1984)(TAB, Destruk)(1.0)[VP8][Pitch-and-Bat]">
		<description>Pennant Fever (Williams)(1984)(TAB, Destruk)(1.0)[VP8][Pitch-and-Bat]</description>
		<rom name="Pennant Fever.vpt" size="1238016" crc="70dc180f" md5="3cdc4093ae3a56f3d8e788e51daf0271" sha1="459f2ebc53b60070a83b5fb1459f45fa4eb6fb5e" />
		<rom name="screenshot.jpg" size="103108" crc="f7b503fa" md5="de3e5f8fa27540e200be13007a99200d" sha1="958ade3459c77903bee4db87dfeb6bf0a2a7cf6a" />
	</machine>
</datafile>