<?xml version="1.0" encoding="utf-8"?>
<!DOCTYPE datafile PUBLIC "-//Logiqx//DTD ROM Management Datafile//EN" "http://www.logiqx.com/Dats/datafile.dtd">
<datafile>
	<header>
		<name>Visual Pinball [VPX0-VPX06] Recreated Tables [Full Single Screen]</name>
		<description>Visual Pinball [VPX0-VPX06] Recreated Tables [Full Single Screen] (2024-01-27)</description>
		<version></version>
		<date>2024-01-27</date>
		<author></author>
	</header>
	<machine name="Centigrade 37 (Gottlieb)(1977)(bord)(1.0)[VPX06][MOD FSS v2.6 Arconovum]">
		<description>Centigrade 37 (Gottlieb)(1977)(bord)(1.0)[VPX06][MOD FSS v2.6 Arconovum]</description>
		<rom name="Centigrade 37 (Gottlieb 1977).v1.0R2.6-[D&amp;N][FSS][EM][CCX+PGI][SHD][10.6.2+].vpx" size="120565760" crc="b84e5398" md5="47b5f19750f4b16de9a98bf4071727b7" sha1="95d317716d5015afb4c7911faba22ccd327d35a7" />
		<rom name="Centigrade 37 Shadows Day Clipboard-2.png" size="3702523" crc="c04f6913" md5="0c92cc3acd766c586df228b5aa22fa8a" sha1="e40e3f15478c88ae2e1faa2135f036a079ccad28" />
		<rom name="Centigrade 37 Shadows Day Off Clipboard-2.png" size="3637600" crc="5f487cbf" md5="4b35d9e0531eddccdf8a6a5165e97be0" sha1="1d00a19a8cfa622ed4e7608eec832acb88c9b512" />
		<rom name="Centigrade 37 Shadows Mid Clipboard-2.png" size="3640502" crc="f015da0f" md5="8ffbeb595091c7e8266e4fa15693c191" sha1="62f456725ba15f59096587f56a776f4c194a9531" />
		<rom name="Centigrade 37 Shadows Mid Off Clipboard-2.png" size="3556086" crc="58a38b82" md5="907dd0a4cf63737ec888b9721010c777" sha1="8c0d92d2669209c2f4e93d364a6aa6891f9be94f" />
		<rom name="Centigrade 37 Shadows Night Clipboard-1.png" size="3455794" crc="1537dd6a" md5="7f51882998d13b39759376f9af90182a" sha1="ca432b9ff119817608926d3ef25a6d7b1a42d3ec" />
		<rom name="Centigrade 37 Shadows Night Off Clipboard-1.png" size="3336170" crc="2d638a1b" md5="621d2360fa615bd0e57ff333bcee87a9" sha1="a818d162a4527b34c357684922d56eaade3f7ca5" />
	</machine>
	<machine name="Fast Draw (Gottlieb)(1975)(mfuegemann)(1.4)[VPX][MOD FSS v1.0 Arconovum]">
		<description>Fast Draw (Gottlieb)(1975)(mfuegemann)(1.4)[VPX][MOD FSS v1.0 Arconovum]</description>
		<rom name="Fast Draw screenshot.png" size="3182442" crc="e6381568" md5="1f2e4eba4365cd397cd80af6a4854bc0" sha1="b614c1b15515bc2269b95de745158fce4c9a1c11" />
		<rom name="Fast Draw(Gottlieb 1975)v1.4-[D&amp;N][FSS][EM]16.9.xml" size="1091" crc="c5852134" md5="928de2bf3d12b3cd469a933d19895a64" sha1="d038811b2216476a53adb98465a18900c3207ca5" />
		<rom name="Fast Draw(Gottlieb 1975)v1.4-[D&amp;N][FSS][EM].vpx" size="72327168" crc="bc999de6" md5="c8540979ff0689a798c4c71d3e05c85e" sha1="3d4ce3135ab7403cc0ea8e26fb0b67a842e9ea4d" />
		<rom name="Fast Draw(Gottlieb 1975)v1.4-[D&amp;N][FSS][EM]Landscape.xml" size="1098" crc="902cf045" md5="d7b0025c9f23a4e935d725b51958c58f" sha1="9ea8bd4468c2df30d64ff4573a5dd1b09fd3f112" />
		<rom name="Fast Draw(Gottlieb 1975)v1.4-[D&amp;N][FSS][EM]Portrait in Landscape.xml" size="1091" crc="b137401b" md5="ae8b07f6c691784e878597c1649fb5a8" sha1="a355c40e7c7b4b340029ba10af8b0407aa79ee1e" />
	</machine>
	<machine name="Fire Queen (Gottlieb)(1977)(BorgDog)(1.0)[VPX06][MOD FSS v2.6 Arconovum]">
		<description>Fire Queen (Gottlieb)(1977)(BorgDog)(1.0)[VPX06][MOD FSS v2.6 Arconovum]</description>
		<rom name="Fire Queen (Gottlieb 1977)v1.0R2.6[D&amp;N][FSS][EM][CCX+PGI][SHD][UFL][10.6.2+].vpx" size="85520384" crc="3be1bd8d" md5="7da29070679449ad19c22b472284aaeb" sha1="b6bccd0a7e56cee87a1b3bab4cf7c9356fc79234" />
		<rom name="Fire Queen Shadows Day Clipboard-1.png" size="3769953" crc="57d3c01b" md5="21f56257345ea58f6cebbfa33b1b27f2" sha1="0688a4b05fe7b30873905973419692dd8c603af5" />
		<rom name="Fire Queen Shadows Mid Clipboard-1.png" size="3736018" crc="ec3eca59" md5="94af001ee24f3c960a8ac12f91436548" sha1="99d923257e9d7614a1c35b8ee1bc3f0ccf621db5" />
		<rom name="Fire Queen Shadows Night Clipboard-1.png" size="3531955" crc="ae0581c6" md5="cbaa33db81106b1b95c3277a2be2fda4" sha1="0ef5ad695fc8701d2fa455b822d8efd5aa7f3870" />
	</machine>
	<machine name="Four Million B.C. (Bally)(1971)(Scottacus, bord)(1.0)[VPX06][MOD FSS v2.6 Arconovum]">
		<description>Four Million B.C. (Bally)(1971)(Scottacus, bord)(1.0)[VPX06][MOD FSS v2.6 Arconovum]</description>
		<rom name="Four Million BC (Bally 1971) v1.0R2.6-[D&amp;N][FSS][EM][CCX+PGI][SHD][UFL][10.6.2+].vpx" size="126214144" crc="30853b48" md5="5f160e070d3326e59e2469bdb2ce77ca" sha1="34b0a8983206014b1e5ac93f53f2996aedbc6e29" />
		<rom name="Four Million BC Shadows Day Off Clipboard-2.png" size="3698109" crc="4e40f376" md5="c9a90157b82e502ba5af1d1704c32769" sha1="23845bba6242c0ae934a2cbecd4fecc4cac99c4e" />
		<rom name="Four Million BC Shadows Day On Clipboard-2.png" size="3838871" crc="c12f143d" md5="b898e0eb06de7bb4071c8a4d341230fb" sha1="d0c1c8124afed953e7661ab8fdc9e0c0cdd3ae15" />
		<rom name="Four Million BC Shadows Mid Clipboard-2.png" size="3595375" crc="61db22c6" md5="fba272f887d07d017d5ef8ff9632ddbb" sha1="174edeb752dd82555d2bb042a8dbaa05d4fdc95b" />
		<rom name="Four Million BC Shadows Mid On Clipboard-2.png" size="3763908" crc="f53fc0d7" md5="57d4d40988c6fb71709bb2ddc575c32f" sha1="69cc7cdf669de916e948bc3693ebee04f830eb78" />
		<rom name="Four Million BC Shadows Night Clipboard-2.png" size="3474698" crc="6422ef11" md5="b40fb7ff4de5f29b4341be0d6a62f66d" sha1="cc50f22bade4285980f1f689444a427515b6fa2e" />
		<rom name="Four Million BC Shadows Night On Clipboard-2.png" size="3657898" crc="71598055" md5="2690827c627f106e46bdf308609b8f8a" sha1="8d2b5ba2963f8c0ac6fc4f7f73f256420b367ea6" />
	</machine>
	<machine name="Humpty Dumpty (Gottlieb)(1947)(randr, Vampolatino2)(3.0)[VPX][MOD FSS v1.0 Arconovum]">
		<description>Humpty Dumpty (Gottlieb)(1947)(randr, Vampolatino2)(3.0)[VPX][MOD FSS v1.0 Arconovum]</description>
		<rom name="Humpty Dumpty (Gottlieb 1947)v3.0-[D&amp;N][FSS][NA]16.9.xml" size="1090" crc="fa99cbf4" md5="9d79c6ddaff28dbdf185fa5231ea1cee" sha1="a22256c025dc627b74877ee590e4b69c6fef3925" />
		<rom name="Humpty Dumpty (Gottlieb 1947)v3.0-[D&amp;N][FSS][NA].vpx" size="103112704" crc="d1b99e39" md5="19c2913d337ec407dce65a7ea7a1ad97" sha1="38d79614478014c0f30cb7a409bc2d4a55eb7d12" />
		<rom name="Humpty Dumpty (Gottlieb 1947)v3.0-[D&amp;N][FSS][NA]Landscape.xml" size="1098" crc="72f93717" md5="b41348cdad7b4d97d5968748647ae761" sha1="d004a77b46695aa89a0fce0ba3ab526ed01e16c8" />
		<rom name="Humpty Dumpty (Gottlieb 1947)v3.0-[D&amp;N][FSS][NA]Portrait in Landscape.xml" size="1090" crc="a8a48330" md5="4b38e4c1857651c9655e6ead523424c4" sha1="3f33331abff72deda2d76ae46d08a6235a2ae383" />
		<rom name="Humpty Dumpty screenshot.png" size="2705629" crc="1a2ad64f" md5="cdcadbda0ba4851cece6fa48c68376c9" sha1="16c14b034c1e87e7e25233aeb36df19c8a26af2b" />
	</machine>
	<machine name="Jive Time (Williams)(1970)(rothbauerw)(1.0)[VPX][MOD FSS v1.0 Arconovum]">
		<description>Jive Time (Williams)(1970)(rothbauerw)(1.0)[VPX][MOD FSS v1.0 Arconovum]</description>
		<rom name="Jive Time (Williams 1970)v1.0-[FSS][EM]16.9.xml" size="1094" crc="91a2d985" md5="d341643bbe40c2b14e8a1ef81afccf73" sha1="c0ffeca1b7cc55cde9938974346086650df38c12" />
		<rom name="Jive Time (Williams 1970)v1.0-[FSS][EM].vpx" size="34140160" crc="9900cb11" md5="db66babd5d5b11cdbe1187754cfabab4" sha1="5966ed088987129d23cd3dad09b30dc29dbcc6e5" />
		<rom name="Jive Time screenshot.png" size="2257552" crc="2383070b" md5="d3b3b104d5ad3877fc72fede3125e5df" sha1="eb7ff2fe70afde63d7fd9dd6093a2a6258880ce0" />
	</machine>
	<machine name="Now (Gottlieb)(1971)(Loserman76, GNance)(1.0)[VPX06][MOD FSS v2.6 Arconovum]">
		<description>Now (Gottlieb)(1971)(Loserman76, GNance)(1.0)[VPX06][MOD FSS v2.6 Arconovum]</description>
		<rom name="Now (Gottlieb 1971)v1.0R2.6[D&amp;N][FSS][EM][CCX+PGI][SHD][UFL] 16.9.xml" size="1097" crc="a9a59441" md5="023f3e01ed981438f3f7bb2e65e67976" sha1="4590609d164846f0621683e897688cc1be16a9f3" />
		<rom name="Now (Gottlieb 1971)v1.0R2.6[D&amp;N][FSS][EM][CCX+PGI][SHD][UFL][10.6.2+].vpx" size="112664576" crc="b8ebbb1a" md5="b0b81833c52a413ae402a2ae822727ed" sha1="155d61c57696670983c880ee1ff27ab08628930a" />
		<rom name="Now Shadows Day Off Clipboard-1.png" size="3420778" crc="559bca0f" md5="9520a205bf25ced0353f6ab78c5f4ac5" sha1="0991f3f295100219fca6d211c8fcc07831ac1459" />
		<rom name="Now Shadows Day On Clipboard-1.png" size="3579161" crc="96526a9c" md5="2e4f1b9e54b0da5a953351a56c2e33aa" sha1="718f5a8b0d47c42a625d82479017e44f06e1bf85" />
		<rom name="Now Shadows Mid Off Clipboard-1.png" size="3407596" crc="3dd10765" md5="14e72e11d7f1ab8ef622deba861fe857" sha1="95771e6daf1af6d797602955dc5c75c1c8ace440" />
		<rom name="Now Shadows Mid On Clipboard-1.png" size="3593145" crc="f7327a01" md5="248da2062da985ed4a64a5c003e23eed" sha1="c38bb175c5f43d5d108e486226493dbf2725760b" />
		<rom name="Now Shadows Night Off Clipboard-1.png" size="3239095" crc="82181bc5" md5="a9f4a34964fa1d6e79e86680e8278460" sha1="c797de46bc0dab88b023ec8453d90632e79550d1" />
		<rom name="Now Shadows Night On Clipboard-1.png" size="3478454" crc="e0ae662d" md5="67e977050931cd45ced95dd4f73f1f39" sha1="0640331281bf64615b84507e0e326d6a3fe3b5cc" />
	</machine>
	<machine name="Old Chicago (Bally)(1975)(Loserman76, GNance, Popotte)(1.0b)[VPX06][MOD FSS v2.6 Arconovum]">
		<description>Old Chicago (Bally)(1975)(Loserman76, GNance, Popotte)(1.0b)[VPX06][MOD FSS v2.6 Arconovum]</description>
		<rom name="Old Chicago (Bally 1975)R2-[D&amp;N][FSS][EM][CCX][SHD]16.9 FSeries.xml" size="1094" crc="96e75085" md5="85780c0ed9058d22d2441a5fa359633f" sha1="a6e1377a942358ea2bb1220b9dd65a8757d643f1" />
		<rom name="Old Chicago (Bally 1975)R2-[D&amp;N][FSS][EM][CCX][SHD]16.9.xml" size="1095" crc="cbda6ae2" md5="7325219f72849c62a62ebe69e7b5dd33" sha1="361c890073762c0a326ef3e049a8e362764deaa6" />
		<rom name="Old Chicago (Bally 1975)v1.0R2.6-[D&amp;N][FSS][EM][CCX-PGI][SHD][10.6.2+].vpx" size="80871424" crc="7ad80d98" md5="10603901b3098f376cae64b8b982b970" sha1="ac52042d1d0abe60992c31319e1e97ef678f4fd1" />
		<rom name="Old_Chicago Shadows Day Off-Clipboard 6.png" size="3377041" crc="ebca5939" md5="3c72d3b79c6043c78de0b2824aa28097" sha1="73cd608811f75170b74cc210828e83aa420817c5" />
		<rom name="Old_Chicago Shadows Day On-Clipboard 7.png" size="3454214" crc="01bd5d6a" md5="a425fcbe007aef5fdeb1fdaea3ff5e4b" sha1="149dbe2a540ff66a8124dcf46bce65d96491acf5" />
		<rom name="Old_Chicago Shadows Mid Off-Clipboard 8.png" size="3289337" crc="623440f0" md5="61c0b5077867e4d9e7dcb944512ad8b9" sha1="9876281f57ea27c55fa8d8dfd7c38f2f617ab449" />
		<rom name="Old_Chicago Shadows Mid On-Clipboard 9.png" size="3412182" crc="b86a4fc9" md5="99130d255df4247ab8d580aa75153d52" sha1="b5f05dc940fcce225d2f0b2298698f3a1e14b389" />
		<rom name="Old_Chicago Shadows Night Off-Clipboard 4.png" size="2923527" crc="2f4b0032" md5="023750e75f29c54b4b20ef8c2c8e380e" sha1="4ad7ea4a4793fc1aaae53491f24041a8f206f6f5" />
		<rom name="Old_Chicago Shadows Night On-Clipboard 5.png" size="3196220" crc="05cd5128" md5="dd94aa7899250ebae9bcdaae71379de6" sha1="2a39ac127055dbc051bf7d22f8d3f9971bb50c6d" />
	</machine>
	<machine name="Paul Bunyan (Gottlieb)(1968)(BorgDog)(1.97)[VPX06][MOD FSS v2.6 Arconovum]">
		<description>Paul Bunyan (Gottlieb)(1968)(BorgDog)(1.97)[VPX06][MOD FSS v2.6 Arconovum]</description>
		<rom name="Paul Bunyan (Gottlieb 1968)[D&amp;N][FSS][EM]v1.0.[16.9].xml" size="1094" crc="5830bc00" md5="b962b67132b5f6b836f43cff44a31bbb" sha1="781b1f4e32ee5747029ab7809ef9850edcad5e5e" />
		<rom name="Paul Bunyan (Gottlieb 1968)v1.0R2.6[D&amp;N][FSS][EM][CCX+PGI][SHD][UFL][10.6].vpx" size="88932352" crc="a161cd59" md5="094b9f880bbd0c60e6ee83f6bcb9e730" sha1="390af6349e669f9af7212a581c7837b111195e2e" />
		<rom name="Paul Bunyan Shadows Day Clipboard-1.png" size="3958031" crc="7694a25e" md5="28481340d2ab357ffc1dfdaa9b02bfca" sha1="d649338288f661818019c324a7dee98da76e93cd" />
		<rom name="Paul Bunyan Shadows Mid Clipboard-1.png" size="3940740" crc="4a9d9d23" md5="a4ea517f3945916cd945de88c37667f1" sha1="f103a2f1b78e743817cbc5c46823db5c2b350b53" />
		<rom name="Paul Bunyan Shadows Night Clipboard-1.png" size="3697915" crc="96b0b7c1" md5="56d224aa320b7be0eacfcc9cbcf7f571" sha1="a81b5109d4d76096d54591bc4fc6c5e437bcada7" />
	</machine>
	<machine name="Spanish Eyes (Williams)(1972)(bord, jbg4208, BorgDog, Hauntfreaks, Popotte)(2.0)[VPX][MOD FSS v2.5 Arconovum]">
		<description>Spanish Eyes (Williams)(1972)(bord, jbg4208, BorgDog, Hauntfreaks, Popotte)(2.0)[VPX][MOD FSS v2.5 Arconovum]</description>
		<rom name="Spanish Eyes (Williams 1972) Shadows Day Clipboard-1.png" size="3169898" crc="8a740b18" md5="80b288409236787aaa59a2e722c692ab" sha1="d059f061caff36060b7d77de0c7f83029ee667d1" />
		<rom name="Spanish Eyes (Williams 1972) Shadows Mid Clipboard-1.png" size="3137687" crc="1f592630" md5="89d5b054b359a1108a725a4df3da0f8c" sha1="a8ea84e00365541e12cbbe8c987ee3b0a24c71eb" />
		<rom name="Spanish Eyes (Williams 1972) Shadows Night Clipboard-1.png" size="2794408" crc="d679be9d" md5="b02060e74fbb63dd467ff8443843ae28" sha1="23e3cda368113a6385ffa0c778d8569fc214b438" />
		<rom name="Spanish Eyes (Williams 1972)v1.5-[D&amp;N][FSS][EM]16.9 FSeries.xml" size="1096" crc="3a062242" md5="6ec1274dff9fedfdee0361d241dccca0" sha1="6fd989c17e3cc4da3b4ac26f50c30dde7070582c" />
		<rom name="Spanish Eyes (Williams 1972)v1.5-[D&amp;N][FSS][EM]16.9.xml" size="1096" crc="613c3d8d" md5="c43e3f368feb494d4366909ccaf43117" sha1="5772a5989d5eaab78ebd4c4a86797e6c582563e5" />
		<rom name="Spanish Eyes (Williams 1972)v1.5-[D&amp;N][FSS][EM]Landscape.xml" size="1098" crc="925d4e23" md5="40c0b67e4ec82545c41f1d7489871cda" sha1="df90fb62a021aaaa8231c55b4ec548be5bfabc32" />
		<rom name="Spanish Eyes (Williams 1972)v1.5-[D&amp;N][FSS][EM]Portrait in Landscape.xml" size="1099" crc="509d63da" md5="bc57cc01f1e7d9352030cd9ddb5d6e76" sha1="ab894fc73d3d9a5168093584f4c7451253da80ba" />
		<rom name="Spanish Eyes (Williams 1972)v2.0R2.5-[D&amp;N][FSS][EM]16.9.xml" size="1096" crc="613c3d8d" md5="c43e3f368feb494d4366909ccaf43117" sha1="5772a5989d5eaab78ebd4c4a86797e6c582563e5" />
		<rom name="Spanish Eyes (Williams 1972)v2.0R2.5-[FSS][EM][CCX+PGI][SHD].vpx" size="78053376" crc="e0c42a46" md5="c6a27d8390d73dbffd1cbae3a5f86c98" sha1="966faca0e4286c044222d4529128e270b48d846d" />
	</machine>
	<machine name="Strange World (Gottlieb)(1978)(Loserman76, Humid, Wildman)(1.0)[VPX][MOD FSS v2.5 Arconovum]">
		<description>Strange World (Gottlieb)(1978)(Loserman76, Humid, Wildman)(1.0)[VPX][MOD FSS v2.5 Arconovum]</description>
		<rom name="Strange World (Gottlieb 1978)v1.0R2.5 [D&amp;N][FSS][EM]16.9.xml" size="1094" crc="753821fb" md5="143aac6685ab7b68077fcce97d7c618b" sha1="4c279e3c14590101fe494ba90314b616c74be9a4" />
		<rom name="Strange World (Gottlieb 1978)v1.0R2.5 [D&amp;N][FSS][EM][CCX+PGI][SHD][UFL].vpx" size="91623424" crc="7ecf2d50" md5="d07560f8d45623e88f530090e9e2a533" sha1="5849e43356d3d3b53f828d950cae76db0ff199cf" />
		<rom name="Strange World Shadows Day Off Clipboard-1.png" size="3561617" crc="4aec2890" md5="a33e8564525759f1abea2163b182cd9a" sha1="549508a53c7110940bc6383df6928bf7100a16d9" />
		<rom name="Strange World Shadows Day On Clipboard-1.png" size="3619763" crc="eee1fc45" md5="afe9e31c86f3a4f83d7bf3a86e6d6d02" sha1="a06552670f2dfb353f54dfe354bacd610cf6618f" />
		<rom name="Strange World Shadows Mid Clipboard-1.png" size="3640490" crc="909eedef" md5="dd74b67d6a72acdc5ec86db1d44aac4f" sha1="f736e27be2c84ed68a29c7cf6da7330684e6a771" />
		<rom name="Strange World Shadows Night Clipboard-1.png" size="3365564" crc="b20e2b47" md5="540d7878170bfffc785db94a12b5c326" sha1="bf3f74eb8e24f15e9089fbb12b99c3cd38cc2989" />
	</machine>
	<machine name="Total Nuclear Annihilation - Welcome to the Future Edition (Spooky Pinball)(2017)(gtxjoe)(1.4)[VPX06][MOD FSS v2.6 Morttis]">
		<description>Total Nuclear Annihilation - Welcome to the Future Edition (Spooky Pinball)(2017)(gtxjoe)(1.4)[VPX06][MOD FSS v2.6 Morttis]</description>
		<rom name="Total Nuclear Annihilation (Spooky 2017) - v.1.4+ - rev.2.6 [D&amp;N][FSS][SS][CCX+PGI][SHD][JPSP][10.6+][Morttis].vpx" size="143097856" crc="e06578e6" md5="6ac192977b0965f0554e8cea9ac471fe" sha1="06c323038a9a635e99d301ee1802378721733008" />
		<rom name="Total Nuclear Annihilation (Spooky 2017) - v.1.6 Morttis.vpx" size="110809088" crc="d66fedde" md5="d83ba9772cf6bb4abedd5fa5a1ef5781" sha1="ef4b3c25e178d1455c3ed8b573841f62313494b7" />
		<rom name="Total_Nuclear_Annihilation_(Spooky_2017)_Clipboard 19.jpg" size="400364" crc="ea3ebf91" md5="3ba3c9effd8bf16a58485977689e5621" sha1="c157a709585c42d4c2f53498c861ae2a3d95ab13" />
		<rom name="Total_Nuclear_Annihilation_(Spooky_2017)_thumb.jpg" size="79695" crc="d8610401" md5="c14ae9892c9c9f6473f3fcd4caffb46d" sha1="f3a954e93beab3d1448d0acbdfb9791416080d64" />
	</machine>
</datafile>