<?xml version="1.0" encoding="utf-8"?>
<!DOCTYPE datafile PUBLIC "-//Logiqx//DTD ROM Management Datafile//EN" "http://www.logiqx.com/Dats/datafile.dtd">
<datafile>
	<header>
		<name>Visual Pinball [VPX0-VPX06] Original Tables [Full Single Screen]</name>
		<description>Visual Pinball [VPX0-VPX06] Original Tables [Full Single Screen] (2024-01-27)</description>
		<version></version>
		<date>2024-01-27</date>
		<author></author>
	</header>
	<machine name="Attack &amp; Revenge from Mars (JPSalas)(1.2.0)[VPX][MOD FSS v1.0 Arconovum]">
		<description>Attack &amp; Revenge from Mars (JPSalas)(1.2.0)[VPX][MOD FSS v1.0 Arconovum]</description>
		<rom name="Attack and Revenge From Mars (bally 1999) 1.2.0 - [D&amp;N][FS.DT.FSS][DMD]16.9.xml" size="1098" crc="1be988c6" md5="7054a5229039e8bca11b25ae63255803" sha1="2d4df0498ab6b502dd59be2dfad028f7756a0068" />
		<rom name="Attack and Revenge From Mars (bally 1999) 1.2.0 - [D&amp;N][FS.DT.FSS][DMD].vpx" size="29548544" crc="530f9c2e" md5="d0c93b62717c0656c2d75882cef766e0" sha1="cf169bf0850141a1a50bf4d1495f36d89bba81ac" />
		<rom name="Attack and Revenge From Mars (bally 1999) 1.2.0 - [D&amp;N][FS.DT.FSS][DMD]Landscape.xml" size="1098" crc="af628219" md5="76d9017f1a39497a4a746c4b112db718" sha1="32dcce9bd97fe917911f85220135ca4ad0c3dd88" />
		<rom name="Attack and Revenge From Mars (bally 1999) 1.2.0 - [D&amp;N][FS.DT.FSS][DMD]Portrait in Landscape.xml" size="1098" crc="49d4c002" md5="4a21ffacf3929538a73990142f543790" sha1="d5ad31d04bd5fd43f876264a3275a35069022b6f" />
		<rom name="Attack and Revenge from Mars screenshot.png" size="2630729" crc="c49ab8ea" md5="93d30951777b9721bd8e9873dfa25af4" sha1="19d4d15c64c8449b921d5be9754d62e5fe91bed5" />
	</machine>
	<machine name="Attack &amp; Revenge from Mars (JPSalas)(3.0.0)[VPX06][MOD FSS v1.0 Morttis]">
		<description>Attack &amp; Revenge from Mars (JPSalas)(3.0.0)[VPX06][MOD FSS v1.0 Morttis]</description>
		<rom name="Attack and Revenge from Mars (JPSalas 2015) - v.3.0 - rev.1.0 [D&amp;N][CC][FSS][DMD][10.6+][Morttis].vpx" size="58978304" crc="a7a2b505" md5="2bf351cbe42f6639bfa52a9bc503d171" sha1="a7c7ecb4b58ec9586197ea043caa1b246071b2c8" />
		<rom name="Attack.&amp;.Revenge.from.Mars.FSS.png" size="4671208" crc="0749db47" md5="15cd7595339dee702592a026226a55d6" sha1="a59ef614c868449d350aa21dc2ef87f001c26371" />
	</machine>
	<machine name="Battlestar Galactica (2018)(Xenonph)(1.2)[VPX06][MOD FSS v1.0 Arconovum]">
		<description>Battlestar Galactica (2018)(Xenonph)(1.2)[VPX06][MOD FSS v1.0 Arconovum]</description>
		<rom name="music/0BG01.mp3" size="920345" crc="10aaf04d" md5="ea7ab7cb96674aff5f16ef0a02d3735c" sha1="7de91c75f0f86d41d8b13b380f0101e0db896bc1" />
		<rom name="music/0BG02.mp3" size="802898" crc="cc7b687e" md5="74f4cb9b0fb331086bb08c59e714a7ae" sha1="23561c8938ed2e3197c91f157d2d2a24c1178eb2" />
		<rom name="music/0BG03.mp3" size="1159835" crc="89d6fedd" md5="21a0031120967bfa40890788193dc107" sha1="92b99a7f76f1d68c34eb21263beb85f9a0f3bf3d" />
		<rom name="music/0BG03a.mp3" size="1223365" crc="e7cc3aac" md5="0e75093c5d25607ce4f66d1b49130ebb" sha1="167dee5ae7fe725f88545c68b1f9d2a6c919db48" />
		<rom name="music/0BG04.mp3" size="1073318" crc="3907af3f" md5="b928251af08e467c55eeec5dd38279a4" sha1="9538a316a7b3e9aaa6e0a527f39cf140ef5de730" />
		<rom name="music/0BG05.mp3" size="1118039" crc="c51df048" md5="5fcc1f1a2f7a561fe51a8d0503d74961" sha1="abba51e0317ccb3be5d780afe53b271b9c0497db" />
		<rom name="music/0BG06.mp3" size="2355840" crc="aba8839d" md5="1569702cd42d8d791ef531ec6c3c0be8" sha1="c42de196c50d34a438add0be4cece8d35e9a5e35" />
		<rom name="music/0BG07.mp3" size="1592448" crc="c4ac3f35" md5="381cb880da81b67ef020189dba80f6ee" sha1="e12b8c1be86dfacabd1d66d1e6cf111d0babe242" />
		<rom name="music/0BG08.mp3" size="395388" crc="d97b1431" md5="6b86d3d09927421b1ecd26c5b7b11e2e" sha1="859931ea5ff51cc9a21725b25d7360213a12accc" />
		<rom name="music/0BG09.mp3" size="699264" crc="94334791" md5="f20efde0013c32f94acb2db2a7f74eca" sha1="0ffc407698293867aca0cecf0ecb5a66a2b7566c" />
		<rom name="music/0BG10.mp3" size="628992" crc="281570dc" md5="6fdd35abe28e68fb5f3070611c7cd521" sha1="0cc9952dc8fb6fed8e3c5adb70577dce7de2e63e" />
		<rom name="music/0BG11.mp3" size="972590" crc="35feacdc" md5="0c5c9046fe310af20f20aaeea5cf46e7" sha1="d8b640ec273edd7fe8ae98eb5071af281cd65109" />
		<rom name="music/0BGA01.mp3" size="273024" crc="aef4e7b7" md5="e6fc9d18285057bf10399d0b3ac6aa7c" sha1="5508abbc147309d16f11e79f8ce90c14f357a7cc" />
		<rom name="music/0BGA02.mp3" size="230784" crc="462996b5" md5="004a56f9719d602bd7b2c73c34d5d785" sha1="ab4560d6d3d3edbe65c1b96b0400cd8a00024e27" />
		<rom name="music/0BGA03.mp3" size="163421" crc="7e4ed35e" md5="fcf53cebfe8ef279ac3a47795e308bcb" sha1="e9875ebb88d5770dfc9d21b9bb65c90e485697c1" />
		<rom name="music/0BGA04.mp3" size="221517" crc="2f83a18a" md5="1264d2d3cba1ce8d2eb57b6f74b96bd8" sha1="f6dd5709dea464e0abff7084a8f7763026483443" />
		<rom name="music/0BGA05.mp3" size="114101" crc="262174ab" md5="7983f5fd35baff396e1cdcc725dadfd0" sha1="2cc93b259002da37651b5e6d37ab26ed599dfa82" />
		<rom name="music/0BGA06.mp3" size="75649" crc="1a3561b3" md5="026ebc8b67b69c6b63a8b3efc49c23f8" sha1="faff2b72fa251f1f4a31bb80ab47602b240c14ba" />
		<rom name="music/0BGA07.mp3" size="205056" crc="96a52e6d" md5="f9c629ea6bef03d325d75d12f5e4734c" sha1="dfeed67a012cd8da99244a56b6f0e2ab88aaa24b" />
		<rom name="music/0BGA08.mp3" size="129024" crc="5ba65593" md5="4417d74443f01eb11d18e2be7e26ab3c" sha1="9772cf91816619556c206889c7b7d6f9b09a2456" />
		<rom name="music/0BGA09.mp3" size="438144" crc="5784cf74" md5="434bb219420ddbf02dad6ad6947d4ad0" sha1="5cd30679d0c0dfa1dee8db4691fa6bd362c8b8fc" />
		<rom name="music/0BGA10.mp3" size="196224" crc="cb36a35d" md5="b4580a6862cbaf94b14b2a84d76bbaea" sha1="bd53f57faedda77f1fc056d43021c00c7af9b4e3" />
		<rom name="music/0BGA11.mp3" size="428160" crc="24978298" md5="35415d71d4e56b30a1972513444bd957" sha1="2784d9096552b029e39ca3e86c607e85be4e92f0" />
		<rom name="music/0BGA12.mp3" size="182016" crc="0a2fa9a5" md5="4ab94bf72a62e5ff1d235ef55bcfd19e" sha1="1cea94a22aeadb80e02622835ba6c1ecc5aef09d" />
		<rom name="music/0BGA13.mp3" size="196439" crc="638b3dd7" md5="b42c9c714cd07b5587c3ed724d4e019c" sha1="9263e1fddf94476115a056a85dcdea3e34c1474c" />
		<rom name="music/0BGA14.mp3" size="648671" crc="6afea594" md5="3bc1f67d7c2555eb8e33652543580dcf" sha1="5579679c1ed8da6c9f32058c8ce840b079d2d25c" />
		<rom name="Battlestar Galactica (Williams 1980) SndMod.v1.02f[D&amp;N][FSS][SS][CCX][SHD]16.9.xml" size="1099" crc="98457078" md5="575539514edff01247be38b1e4b97400" sha1="103b679402f78a9bc0bcb2cd16e4cf58db38e2c3" />
		<rom name="Battlestar Galactica (Williams 1980) SndMod.v1.02fR2 Shadow Mid Clipboard-1.png" size="3518241" crc="7edf6303" md5="95d6fd9e425e01867cbf2435236e65e8" sha1="71414fd725913828728eec2aae149baeefd7008d" />
		<rom name="Battlestar Galactica (Williams 1980) SndMod.v1.02fR2[D&amp;N][FSS][SS][CCX][SHD].vpx" size="181522432" crc="ded3d461" md5="776d8864a8f6090197e7c39409ef584e" sha1="d77772c51eada33c23ecdaaa28fbcc7d4f644ec7" />
	</machine>
	<machine name="CARtoons RC (2017)(HauntFreaks, BorgDog, SliderPoint)(2.3)[VPX05][MOD FSS Arconovum]">
		<description>CARtoons RC (2017)(HauntFreaks, BorgDog, SliderPoint)(2.3)[VPX05][MOD FSS Arconovum]</description>
		<rom name="CARtoons (HF Prod 2017).16.9.xml" size="1099" crc="2f9b598b" md5="3111bc652cdf728a63bc1cf6a4a8a137" sha1="b071a82c6171bf446c9f11766cd0508d4337d244" />
		<rom name="CARtoons (HF Prod 2017).Landscape.xml" size="1099" crc="d8797e6d" md5="a5410e90c266f90da59c3de8c7eb065c" sha1="19e78250aecd8f9cac15ffd2c549d88a82adbc71" />
		<rom name="CARtoons (HF Prod 2017).Portrait.in.Landscape.xml" size="1099" crc="d12c6fdf" md5="4f8bc29684555b98c80cdfbcf75d3722" sha1="001c35fb6284b2b404de4b3aa6585708dbd471ee" />
		<rom name="CARtoons (HF Prod 2017)[D&amp;N][FSS][ANI][EM].v1.0.vpx" size="98467840" crc="6d9c7724" md5="ce4abdea867e84d9f2a5212885d9931e" sha1="00afdc13cc319cc2fc3207e904628c123f9eb795" />
		<rom name="CARtoons screenshot.png" size="3090228" crc="e06d2d5b" md5="9c521794ea400b1cf03d3b324e475517" sha1="c0517690f8170348e26ac0da5b66f66e2462b07b" />
	</machine>
	<machine name="Goin' Nuts (Gottlieb)(1983)(fuzzel)(1.2)[VPX03][MOD FSS fuzzel]">
		<description>Goin' Nuts (Gottlieb)(1983)(fuzzel)(1.2)[VPX03][MOD FSS fuzzel]</description>
		<rom name="GoinNuts_v1.2_fss.vpx" size="24821760" crc="620077bb" md5="faab91fd7635e242e88414f549724192" sha1="ffc240aff0bff99dcc719d480a5150390f066580" />
	</machine>
	<machine name="Penthouse (Pinball-Dreams)(2008)(batch)(1.2)[VPX06][MOD FSS v1.0 Arconovum]">
		<description>Penthouse (Pinball-Dreams)(2008)(batch)(1.2)[VPX06][MOD FSS v1.0 Arconovum]</description>
		<rom name="Penthouse (Pinball Dreams ).v1.2-[D&amp;N][FSS][SS]16.9.xml" size="1095" crc="a0c6a777" md5="12e683b9df4970215485ce1962ffc6ee" sha1="c7909d5926940ea3b805e07c9904107e5488f201" />
		<rom name="Penthouse (Pinball Dreams ).v1.2-[D&amp;N][FSS][SS].vpx" size="32276480" crc="bb31b3ae" md5="27fc69668b8c2cb06858edffee0d601a" sha1="19f8c66193f3a27334afd9e7533b8a71a3140f0c" />
		<rom name="Penthouse (Pinball Dreams ).v1.2-[D&amp;N][FSS][SS]Landscape.xml" size="1098" crc="a89f30a7" md5="c771ae8fc0d56eebcdd2d8e8ac0b925c" sha1="3161e3652b2759b374527d585681e63e3a7e4a7c" />
		<rom name="Penthouse (Pinball Dreams ).v1.2-[D&amp;N][FSS][SS]Portrait in Landscape.xml" size="1095" crc="44b3ec1f" md5="3a7474ba607ba8619bab82cb7d8654a0" sha1="bfab4b92dc5d63f88cd4098a269108d7ea403f6f" />
		<rom name="Penthouse screenshot.png" size="2873922" crc="cbd0df12" md5="1714b929a395a63ef4e7006f2f4800e3" sha1="78eebbfb8646e90cf2969da941aa530b4f9d0462" />
	</machine>
	<machine name="SpaceRamp (2020)(SuperEd (Ed Vink))(3.03b)[VPX07][MOD FSS v1.0 Morttis]">
		<description>SpaceRamp (2020)(SuperEd (Ed Vink))(3.03b)[VPX07][MOD FSS v1.0 Morttis]</description>
		<rom name="MUSIC/TRK_SpaceRampA0.mp3" size="1332326" crc="a7e8134b" md5="fdf2aee47405552f9dfb754f401e6f6b" sha1="baabe45c0e8a9c0a954179b30545aada84d7651f" />
		<rom name="MUSIC/TRK_SpaceRampA1.mp3" size="2655074" crc="ddf0efe9" md5="8f454f5a7e95e7d6aa7f53726e3308a6" sha1="ccaa8af2421c1d4e3ec13405033268c32495d36f" />
		<rom name="MUSIC/TRK_SpaceRampB0.mp3" size="670430" crc="bc66946d" md5="c1177edacaea2049a6bc5f98995d0111" sha1="1e2d885fe21ec1dfd91c30643788c182cf4cf0b8" />
		<rom name="MUSIC/TRK_SpaceRampB1.mp3" size="2655074" crc="7d6c10a5" md5="861d2112b792842377c4166cb8d02661" sha1="dba5a134efea500c05c64bef2f2af7367a1233a5" />
		<rom name="MUSIC/TRK_SpaceRampC1.mp3" size="670430" crc="9328a801" md5="036aa09e7772a5f7625d02caa93f3ac4" sha1="14136179f21d45954fa525933d88ec08b0d3d030" />
		<rom name="MUSIC/TRK_SpaceRampD0.mp3" size="1332326" crc="4ba8ae2a" md5="7129809912b6808ce8f6293d663cad38" sha1="5c381b7349858bda9909ef8256471160654d7ba7" />
		<rom name="MUSIC/TRK_SpaceRampD1.mp3" size="2655074" crc="2cfaba63" md5="19e7d2d386865ba27a5c0c1398f7d1a5" sha1="5e64c1ff3f26e04d379a7145bde7587fa35b0fd0" />
		<rom name="MUSIC/TRK_SpaceRampE0.mp3" size="1332314" crc="e080fc0f" md5="6fbfc201e68f59317df89d6efb297a56" sha1="7981dd69b1b96b75b097a3f7440cdd6bafed2916" />
		<rom name="MUSIC/TRK_SpaceRampE1.mp3" size="2655074" crc="830c0f44" md5="46fd261663f61fd4c4d20ad670ac23d5" sha1="98c5e0a2422e13edf5276f81e604f022cb8eb0f8" />
		<rom name="MUSIC/TRK_SpaceRampF1.mp3" size="2655074" crc="6583051b" md5="0fad7babba59126807c7a183de36802d" sha1="02a5fa073e9cd2beec2111b34ca9b3160b66f5b2" />
		<rom name="MUSIC/TRK_SpaceRampG1.mp3" size="670430" crc="456bb692" md5="1788f0c3769b0eddc00a4c473d22045a" sha1="c1abae8cbfd426f62cad7e6e0cf1f34b7173883b" />
		<rom name="MUSIC/TRK_SpaceRampH1.mp3" size="1332326" crc="05de1664" md5="4ea1f26666818c6ff217bf864439f41d" sha1="f5f7030dfec9a1de33af1ae6813242284c4ce565" />
		<rom name="MUSIC/TRK_SpaceRampI0.mp3" size="1332326" crc="d0a9a502" md5="f5500fc4065beac61f3658d0dc8af340" sha1="8ab7ff7586f878b34ede7dd95a48f6084a671f43" />
		<rom name="MUSIC/TRK_SpaceRampI1.mp3" size="2655074" crc="ac73721a" md5="cfc43ee3893d311ea0cb5d0f9b3efc23" sha1="3177489b7ebc60d595e8830945caae554b1a15ea" />
		<rom name="SpaceRamp (SuperEd 2020) - v.1.0.0 - rev.1.0 [D&amp;N][CC][FSS][DMD][10.6+][Morttis].vpx" size="174477312" crc="d373e80b" md5="5a795506946944b86effb8d41dd938c1" sha1="71686d75ad4b4ce3070bd4b665f9ec6a8eceb8ee" />
		<rom name="SpaceRamp.FSS.png" size="4311645" crc="02f3ac93" md5="9408a6231e406978904adaabc4eb4f47" sha1="cf6afa0c899b71b05b1ef55e3ff70c3677ad5e00" />
	</machine>
</datafile>