<?xml version="1.0" encoding="utf-8"?>
<!DOCTYPE datafile PUBLIC "-//Logiqx//DTD ROM Management Datafile//EN" "http://www.logiqx.com/Dats/datafile.dtd">
<datafile>
	<header>
		<name>Visual Pinball [VP9] Recreated Tables [FullScreen]</name>
		<description>Visual Pinball [VP9] Recreated Tables [FullScreen] (2024-01-27)</description>
		<version></version>
		<date>2024-01-27</date>
		<author></author>
	</header>
	<machine name="Black Sheep Squadron (Astro)(1979)(Eala Dubh Sidhe)(v2)[VP9][FullScreen vidmouse]">
		<description>Black Sheep Squadron (Astro)(1979)(Eala Dubh Sidhe)(v2)[VP9][FullScreen vidmouse]</description>
		<rom name="Fonts/britanic.ttf" size="35360" crc="b214926b" md5="8be4a2f403c2dc27187d892cca388e24" sha1="7cc410a9333fd41aa97143e16fcc8b701253a604" />
		<rom name="Fonts/trana___.ttf" size="58232" crc="a65607b4" md5="66dc9095c3f6fb48dbe4874d7304ca47" sha1="f89519a6452ebc2bcaf130fd136bcfcc59b28fa6" />
		<rom name="Black Sheep Squadron (Astro)(1979)(Eala Dubh Sidhe)(v1)[VP9][FullScreen vidmouse].vpt" size="5392896" crc="009986ad" md5="d35f3da2873e3ac3936b7619964702db" sha1="10edaa5e6d901b922dbf29ab51ec357195181760" />
		<rom name="Black Sheep Squadron (Astro)(1979)(Eala Dubh Sidhe)(v2)[VP9][FullScreen vidmouse].vpt" size="5559808" crc="31d619b8" md5="6d52a982ed768384e108e95e326c49c1" sha1="23a4bfe68b0e052cadcdc750ec73c4a7b4e78ce2" />
		<rom name="Black Sheep Squadron (v1) screenshot.jpg" size="132439" crc="d3b0b72c" md5="4dedd79af4e7ebaee4b85b0c90f865ad" sha1="6f655a5cdc6d4609d39eea8f4ec3966381e1e277" />
		<rom name="Black Sheep Squadron (v2) screenshot.jpg" size="87788" crc="97155348" md5="2d37d0f5ec95b764d4bf91cbe32d507c" sha1="e29f53036ebf005472f55b4f8b235ddf4e68685f" />
	</machine>
	<machine name="Capt. Fantastic (Bally)(1976)(rosve)(1.0.3)[VP9][FullScreen rosve]">
		<description>Capt. Fantastic (Bally)(1976)(rosve)(1.0.3)[VP9][FullScreen rosve]</description>
		<rom name="Capt. Fantastic (Bally)(1976)(rosve)(1.0.3)[VP9][FullScreen rosve]/Capt. Fantastic (1.0.3)(FullScreen) screenshot.png" size="1207872" crc="aa756c2b" md5="a353653b5c31939ba46367acc4c0c960" sha1="d615ad76bc6fa7a1abf43838e4ce20127f36803f" />
		<rom name="Capt. Fantastic (Bally)(1976)(rosve)(1.0.3)[VP9][FullScreen rosve]/Capt. Fantastic (Bally)(1976)(rosve)(1.0.3)[VP9][FullScreen rosve].vpt" size="6345728" crc="e9577793" md5="f366d55e414393d86a03211b9a900480" sha1="a747e7ea26eef9d9819cb315d799f01e06cdff15" />
	</machine>
	<machine name="Drop-A-Card (Gottlieb)(1971)(Bob5453)(2011)[VP9][FullScreen Bob5453]">
		<description>Drop-A-Card (Gottlieb)(1971)(Bob5453)(2011)[VP9][FullScreen Bob5453]</description>
		<rom name="DropACard_2011_FS.vpt" size="6702592" crc="5dd25e81" md5="61f0ec0b58eac2ebee52530d320174f0" sha1="bee7f7fb1fc231abc5ff341e66afb955d7a3b1c0" />
		<rom name="screenshot.jpg" size="495870" crc="82dc0900" md5="80043349fa4db7ccd54679014402aece" sha1="32c0c3a08ba8a29bf3dffb8114ddba0f264c8919" />
	</machine>
	<machine name="Hokus Pokus (Bally)(1976)(Bendigo, Bruno (RC4mod), Montmar (VP8Mod), Sabbat Moon)(1.0)[VP9][FullScreen Sabbat Moon]">
		<description>Hokus Pokus (Bally)(1976)(Bendigo, Bruno (RC4mod), Montmar (VP8Mod), Sabbat Moon)(1.0)[VP9][FullScreen Sabbat Moon]</description>
		<rom name="Sabbat Moon/Hocus Pocus (Sabbat Moon) screenshot.png" size="1591556" crc="1ba261ce" md5="274f4f2c2947b39246c43bd0d19dbeae" sha1="83b8ecc74e135ba873a348b0a44b98d91c7332d5" />
		<rom name="Sabbat Moon/Hokus Pokus (Bally)(1976)(Bendigo, Bruno (RC4mod), Montmar (VP8Mod), Sabbat Moon)(1.0)[VP9][FullScreen Sabbat Moon].vpt" size="4341760" crc="67935547" md5="ed799bfaf6f4782cb3d200d39e3e4a79" sha1="400c7dacfafc3369986bbc1abd5fe98889cc16c5" />
	</machine>
	<machine name="Jacks Open (Gottlieb)(1977)(Pinuck)(2.0)[VP9][FullScreen Pinuck][B2S]">
		<description>Jacks Open (Gottlieb)(1977)(Pinuck)(2.0)[VP9][FullScreen Pinuck][B2S]</description>
		<rom name="Jacks Open (Gottlieb)(1977)(Pinuck)(1.0)[VP9][FullScreen Pinuck]/Jacks Open (1.0)(FullScreen) screenshot.jpg" size="225701" crc="9c9b3fba" md5="9b2dc73005f96b2e2aa1fdd1f760fea7" sha1="807f5a6b124be400b3699c2345285b7cb08556a3" />
		<rom name="Jacks Open (Gottlieb)(1977)(Pinuck)(1.0)[VP9][FullScreen Pinuck]/Jacks Open (Gottlieb)(1977)(Pinuck)(1.0)[VP9][FullScreen Pinuck].vpt" size="19173376" crc="61fcb3a9" md5="974d76af1eb104fc5a23e4b1a5826754" sha1="175222ad4a858d2a5ba70217948861cc876abff5" />
		<rom name="Jacks Open (Gottlieb)(1977)(Pinuck)(1.0)[VP9][FullScreen Pinuck][B2S]/b2s.vbs" size="6795" crc="79e56d18" md5="317dae398559429c240f4d36faa893ce" sha1="7cd86b0772576c5e6fbe43e408eb4917ec8257cd" />
		<rom name="Jacks Open (Gottlieb)(1977)(Pinuck)(1.0)[VP9][FullScreen Pinuck][B2S]/How to install a Backglass (example).txt" size="1259" crc="ebf61cce" md5="96c5b37aeb6abb20fdbe954c6fa68f8d" sha1="f45e3acb260471579b9e545e03397dd58491f7ca" />
		<rom name="Jacks Open (Gottlieb)(1977)(Pinuck)(1.0)[VP9][FullScreen Pinuck][B2S]/Jacks_Open_FS_B2S.exe" size="2563072" crc="78bec2b9" md5="acde0f3bf404edcb7f9a7a87450b9601" sha1="ffa49fe2e33dc7f80960d3733ca070a8a83b5a4c" />
		<rom name="Jacks Open (Gottlieb)(1977)(Pinuck)(1.0)[VP9][FullScreen Pinuck][B2S]/Jacks_Open_FS_B2S.vpt" size="18812928" crc="467344a2" md5="d77570166dcc1432b2b1411bbebfcb2f" sha1="26640906e48ca6af9139f2fd4b009868ac07fae2" />
		<rom name="Jacks Open (Gottlieb)(1977)(Pinuck)(1.0)[VP9][FullScreen Pinuck][B2S]/ScreenRes.txt" size="25" crc="6240b94b" md5="7bea956ced2c0b6af07f30dc7007bc24" sha1="6efdf2b79045a701e3c63e97af74ddec2d98c377" />
		<rom name="Jacks Open (Gottlieb)(1977)(Pinuck)(2.0)[VP9][FullScreen Pinuck][B2S]/b2s.vbs" size="6795" crc="79e56d18" md5="317dae398559429c240f4d36faa893ce" sha1="7cd86b0772576c5e6fbe43e408eb4917ec8257cd" />
		<rom name="Jacks Open (Gottlieb)(1977)(Pinuck)(2.0)[VP9][FullScreen Pinuck][B2S]/How to install Jacks_Open_FS_B2S.txt" size="1205" crc="5ee89b44" md5="0dc640cd705ae5365cac662f5054b404" sha1="c7b667ec54b841d676bcbe9e12a7beb6f5dd475c" />
		<rom name="Jacks Open (Gottlieb)(1977)(Pinuck)(2.0)[VP9][FullScreen Pinuck][B2S]/Jacks Open (B2S) screenshot.jpg" size="222379" crc="e6539690" md5="ab22721c7f0aa9634328bca2f5f2c6fe" sha1="be98aaf23f592f4c37bc2f236cf07d26aa91dd55" />
		<rom name="Jacks Open (Gottlieb)(1977)(Pinuck)(2.0)[VP9][FullScreen Pinuck][B2S]/Jacks_Open_FS_B2S.exe" size="2563584" crc="67d10078" md5="28ecb502fccd72dcae6053ee9c35bd1e" sha1="056f9a1515680d14fb6a3ff7471ce9d091cb1776" />
		<rom name="Jacks Open (Gottlieb)(1977)(Pinuck)(2.0)[VP9][FullScreen Pinuck][B2S]/Jacks_Open_FS_B2S.vpt" size="20905984" crc="4276047e" md5="015d97a3535e12401284270d2c50c07c" sha1="881c1c50cf907ab30d2ec6fee26de6d01cfb122a" />
		<rom name="Jacks Open (Gottlieb)(1977)(Pinuck)(2.0)[VP9][FullScreen Pinuck][B2S]/ScreenRes.txt" size="31" crc="cb26ceb1" md5="467aad7e6150a51f6a487aa9ccecc1a6" sha1="2f30c6f54ebe03464f2b1855b4e083045913c1c6" />
	</machine>
	<machine name="Knockout (Bally)(1975)(Ash, Bob5453)(2011)[VP9][FullScreen Bob5453][B2S rosve]">
		<description>Knockout (Bally)(1975)(Ash, Bob5453)(2011)[VP9][FullScreen Bob5453][B2S rosve]</description>
		<rom name="Bob5453/Knockout (Bally)(1985)(Ash, Bob5453)(2011)[VP9][FullScreen Bob5453][One Monitor edition].vpt" size="9242112" crc="4cce21b1" md5="cfc49f315f9588d0ac5f85cb3011445f" sha1="07a6bf45a96755a0f908fc53afbdd0ca982514e7" />
		<rom name="Bob5453/Knockout (Bally)(1985)(Ash, Bob5453)(2011a)[VP9][FullScreen Bob5453][One Monitor edition].vpt" size="9242112" crc="0f8969d6" md5="9a21e0b997a21d63294055cf1d80ec49" sha1="05a69d3a66ef6377a07b0b1a68c9e15e97341948" />
		<rom name="Bob5453/Knockout (Bally)(1985)(Ash, Bob5453)(2011b)[VP9][FullScreen Bob5453][One Monitor edition].vpt" size="8028672" crc="840c0180" md5="2cfb8c7a6a03d4c86ed2fc65d229c9e3" sha1="043270cde40fa482c84e11769abc107eead0979b" />
		<rom name="Bob5453/Knockout (FullScreen) screenshot.jpg" size="587977" crc="26f17175" md5="66ab8059ee378c435f27376b6e5f3356" sha1="e41e3e81ea1e3e1b96252a007f701a09d6cebea7" />
		<rom name="rosve/Knockout (rosve) screenshot.jpg" size="891184" crc="68d217c4" md5="2008c19817f42505d2afda31a6fa7378" sha1="1779717478b3bf22bf6d966406972895bd242171" />
		<rom name="rosve/Knockout (Bally)(1985)(Ash, Bob5453)(2011)[VP9][FullScreen Bob5453][B2S rosve]/b2s.vbs" size="6795" crc="79e56d18" md5="317dae398559429c240f4d36faa893ce" sha1="7cd86b0772576c5e6fbe43e408eb4917ec8257cd" />
		<rom name="rosve/Knockout (Bally)(1985)(Ash, Bob5453)(2011)[VP9][FullScreen Bob5453][B2S rosve]/How to install a Backglass (example).txt" size="1339" crc="7de69081" md5="ea34951687989d44b9878180711cebbe" sha1="c4dbcc1ebe4bb3102910d9b2f5b8480c94a99ad2" />
		<rom name="rosve/Knockout (Bally)(1985)(Ash, Bob5453)(2011)[VP9][FullScreen Bob5453][B2S rosve]/KnockOut_FS_B2S.exe" size="766976" crc="d1910e8c" md5="05ad4b8f20fae5873a14a1ae81f68ace" sha1="26e560a5913996709155dd3043fa8a74f99a736b" />
		<rom name="rosve/Knockout (Bally)(1985)(Ash, Bob5453)(2011)[VP9][FullScreen Bob5453][B2S rosve]/KnockOut_FS_B2S.png" size="2543356" crc="9ff4702a" md5="28adfeeab034122afab9448b7b2aac9c" sha1="bfd05dc0e8d51602e01435b2acbfccdd5cfc335a" />
		<rom name="rosve/Knockout (Bally)(1985)(Ash, Bob5453)(2011)[VP9][FullScreen Bob5453][B2S rosve]/KnockOut_FS_B2S.vpt" size="8105984" crc="061fa947" md5="078fd64f548fa6de36c65af0bcc431fd" sha1="92f633cc5704450c96ec4a1b6356e8eb6f2f1971" />
		<rom name="rosve/Knockout (Bally)(1985)(Ash, Bob5453)(2011)[VP9][FullScreen Bob5453][B2S rosve]/ScreenRes.txt" size="21" crc="8c9530d4" md5="3891ecc5cc08651b64bf286517064807" sha1="c1f35309193cf72d4793ab15db36e3cfc1258631" />
	</machine>
	<machine name="KZ-26 (Playmatic)(1984)(MRCMRC)(1.0)[VP9x][FullScreen]">
		<description>KZ-26 (Playmatic)(1984)(MRCMRC)(1.0)[VP9x][FullScreen]</description>
		<rom name="KZ-26 (FS) - VP9.x - MRCMRC - v1.0.vpt" size="13234176" crc="ae217520" md5="6b7e679e557c637a844a68933cc2f0c4" sha1="af99cf0ebf5394cb117df687ecbdbbd7189b2ad4" />
	</machine>
	<machine name="Mars Trek (Sonic)(1977)(rosve)(1.0)[VP9]FullScreen rosve]">
		<description>Mars Trek (Sonic)(1977)(rosve)(1.0)[VP9]FullScreen rosve]</description>
		<rom name="FullScreen/Mars Trek (rosve)(FullScreen) screenshot.jpg" size="820695" crc="d5c902e2" md5="e08ccd1a7867eda803768f3990284e14" sha1="0f39f5a0be37ec39439794bf03c67dcfa1d500d2" />
		<rom name="FullScreen/Mars Trek (Sonic)(1977)(rosve)(1.0)[VP9]FullScreen rosve].vpt" size="4502528" crc="578e526e" md5="5829ef7039e4300d11a2a87a22ae2069" sha1="7592cf019bc3df0bd0295fc540e4365980212079" />
	</machine>
	<machine name="Mephisto (CIRSA)(1987)(JPSalas)(1.02)[VP9]FullScreen JPSalas]">
		<description>Mephisto (CIRSA)(1987)(JPSalas)(1.02)[VP9]FullScreen JPSalas]</description>
		<rom name="Mephisto (CIRSA)(1987)(JPSalas)(1.02)[VP9]FullScreen JPSalas].vpt" size="25950208" crc="7fbbf6b1" md5="2f1e1af26c6df450b096c78edcee7cf8" sha1="3e0b52efa3fdeb40ed9d634fe58aa99027de9e80" />
		<rom name="Mephisto flyer 1.jpg" size="1426366" crc="a7bbcd99" md5="101d7a2214209f3ffa005e9c61592ee8" sha1="35d0fca68f4bdc47a915db5f7bef5b855396a8ab" />
		<rom name="Mephisto flyer 2.jpg" size="1118094" crc="06a7866c" md5="063a44f2644f11dcdd85e5880229fcf9" sha1="8423490c4b266b3c511cce4ed143f2eaa95c454a" />
		<rom name="Mephisto screenshot.jpg" size="553383" crc="87fbeed8" md5="993f16dceb05f8c4f6154ebd106318d0" sha1="5e025d3fd57f750129ca98480b8686d32cd2b56a" />
		<rom name="Mephisto_JP_VP9.hta" size="8761" crc="bb666913" md5="2d056a9ed9d1d3953f8110c70368b67a" sha1="1d9519b1c56389a7c9a9695310ee5381bcc97962" />
	</machine>
	<machine name="Time Zone (Bally)(1973)(rosve)(1.0.4)[VP9][FullScreen rosve][B2S rosve]">
		<description>Time Zone (Bally)(1973)(rosve)(1.0.4)[VP9][FullScreen rosve][B2S rosve]</description>
		<rom name="1.x.x/Time Zone (1.x.x) screenshot.jpg" size="577081" crc="89df56c1" md5="b9d667010ad21923330122107b96cd8b" sha1="aaf454031e29e967ceb33c403cb96e47970f0ca1" />
		<rom name="1.x.x/Time Zone (Bally)(1973)(rosve)(1.0.0)[VP9][FullScreen rosve][B2S rosve]/FPLaunch.ahk" size="11627" crc="da8a345b" md5="a380e9ae12d01194dd4d3501b6d1c3d8" sha1="565201fb0c3b0e8816a235cd261b530db3a9959b" />
		<rom name="1.x.x/Time Zone (Bally)(1973)(rosve)(1.0.0)[VP9][FullScreen rosve][B2S rosve]/FPLaunch.exe" size="209207" crc="9126d167" md5="1d6bcc60fb262bbb0c20b2d3fb2a796b" sha1="b384ab67e338fe019146024feb2a97997856ad1a" />
		<rom name="1.x.x/Time Zone (Bally)(1973)(rosve)(1.0.0)[VP9][FullScreen rosve][B2S rosve]/How to install.txt" size="1287" crc="00836ae0" md5="c876a10c3781d87a1e6cfb5265cb360c" sha1="d6eb11ac2872ecc2a30fa8781347cbf5937f0004" />
		<rom name="1.x.x/Time Zone (Bally)(1973)(rosve)(1.0.0)[VP9][FullScreen rosve][B2S rosve]/ScreenRes.txt" size="20" crc="59195040" md5="da4e6b91febddc00d023ca8314548f3f" sha1="4ac77a7068c001367a70483c948710cb45f27c4b" />
		<rom name="1.x.x/Time Zone (Bally)(1973)(rosve)(1.0.0)[VP9][FullScreen rosve][B2S rosve]/TimeZone_FS_B2S.exe" size="1783808" crc="a7f62923" md5="691c95c908b6d4bfc77da809a75c1ea3" sha1="83e985c30a0d4f5dd3cede3d6a218c079ed0a282" />
		<rom name="1.x.x/Time Zone (Bally)(1973)(rosve)(1.0.0)[VP9][FullScreen rosve][B2S rosve]/TimeZone_FS_B2S.png" size="2887012" crc="e04abc11" md5="4c4088ceee7e712b24401ca67dd3f2cf" sha1="9ddb1c80e40077a4e2bba2f28a36aaa1780c241b" />
		<rom name="1.x.x/Time Zone (Bally)(1973)(rosve)(1.0.0)[VP9][FullScreen rosve][B2S rosve]/TimeZone_FS_B2S.vpt" size="6904832" crc="4d274f22" md5="ed90fcaf9424121e59dd385f0f6f758e" sha1="3d0a5a0533137815765216415423743078166fc2" />
		<rom name="1.x.x/Time Zone (Bally)(1973)(rosve)(1.0.1)[VP9][FullScreen rosve][B2S rosve]/TimeZone_FS_B2S.vpt" size="6904832" crc="b09704db" md5="3283c0e85372e8d708a54a585e30e440" sha1="2f1cd70747dcdef67f31c242f68a43eaec8974fa" />
		<rom name="1.x.x/Time Zone (Bally)(1973)(rosve)(1.0.2)[VP9][FullScreen rosve][B2S rosve]/TimeZone_FS_B2S.vpt" size="6905856" crc="afea9a7e" md5="e4d9b20180d83b43160c23a86fc8e4bd" sha1="8ecf052b4758e22a1f38c68c329c45c9181c3671" />
		<rom name="1.x.x/Time Zone (Bally)(1973)(rosve)(1.0.3)[VP9][FullScreen rosve][B2S rosve]/FPLaunch.ahk" size="11627" crc="da8a345b" md5="a380e9ae12d01194dd4d3501b6d1c3d8" sha1="565201fb0c3b0e8816a235cd261b530db3a9959b" />
		<rom name="1.x.x/Time Zone (Bally)(1973)(rosve)(1.0.3)[VP9][FullScreen rosve][B2S rosve]/FPLaunch.exe" size="209207" crc="9126d167" md5="1d6bcc60fb262bbb0c20b2d3fb2a796b" sha1="b384ab67e338fe019146024feb2a97997856ad1a" />
		<rom name="1.x.x/Time Zone (Bally)(1973)(rosve)(1.0.3)[VP9][FullScreen rosve][B2S rosve]/How to install Time Zone.txt" size="1384" crc="8ca9061c" md5="6c2c54ebf32b1b8027f00fd50b82aba5" sha1="5e39e2d417004f9798c3b27c6cf554bfe1986ea3" />
		<rom name="1.x.x/Time Zone (Bally)(1973)(rosve)(1.0.3)[VP9][FullScreen rosve][B2S rosve]/ScreenRes.txt" size="23" crc="70530b46" md5="dc03d1f92848e779a4ac5a92068c04b1" sha1="1261c525c104c0a82ec4b6175277465d77f6b6d8" />
		<rom name="1.x.x/Time Zone (Bally)(1973)(rosve)(1.0.3)[VP9][FullScreen rosve][B2S rosve]/TimeZone_FS_B2S.exe" size="1784320" crc="09df5762" md5="3f3ebd702c399e4df0c7ab757ebc39fc" sha1="b5e6651face47b0b38192eb51ff538a063d5a4c0" />
		<rom name="1.x.x/Time Zone (Bally)(1973)(rosve)(1.0.3)[VP9][FullScreen rosve][B2S rosve]/TimeZone_FS_B2S.png" size="2887012" crc="e04abc11" md5="4c4088ceee7e712b24401ca67dd3f2cf" sha1="9ddb1c80e40077a4e2bba2f28a36aaa1780c241b" />
		<rom name="1.x.x/Time Zone (Bally)(1973)(rosve)(1.0.3)[VP9][FullScreen rosve][B2S rosve]/TimeZone_FS_B2S.vpt" size="7131136" crc="30531475" md5="58b3c2c466369cdc89128d5e4898c9c7" sha1="46abd2085860917552bb6e4e78f3376db09fe8e3" />
		<rom name="1.x.x/Time Zone (Bally)(1973)(rosve)(1.0.4)[VP9][FullScreen rosve][B2S rosve]/FPLaunch.ahk" size="11627" crc="da8a345b" md5="a380e9ae12d01194dd4d3501b6d1c3d8" sha1="565201fb0c3b0e8816a235cd261b530db3a9959b" />
		<rom name="1.x.x/Time Zone (Bally)(1973)(rosve)(1.0.4)[VP9][FullScreen rosve][B2S rosve]/FPLaunch.exe" size="209207" crc="9126d167" md5="1d6bcc60fb262bbb0c20b2d3fb2a796b" sha1="b384ab67e338fe019146024feb2a97997856ad1a" />
		<rom name="1.x.x/Time Zone (Bally)(1973)(rosve)(1.0.4)[VP9][FullScreen rosve][B2S rosve]/How to install Time Zone.txt" size="1384" crc="8ca9061c" md5="6c2c54ebf32b1b8027f00fd50b82aba5" sha1="5e39e2d417004f9798c3b27c6cf554bfe1986ea3" />
		<rom name="1.x.x/Time Zone (Bally)(1973)(rosve)(1.0.4)[VP9][FullScreen rosve][B2S rosve]/ScreenRes.txt" size="23" crc="70530b46" md5="dc03d1f92848e779a4ac5a92068c04b1" sha1="1261c525c104c0a82ec4b6175277465d77f6b6d8" />
		<rom name="1.x.x/Time Zone (Bally)(1973)(rosve)(1.0.4)[VP9][FullScreen rosve][B2S rosve]/TimeZone_FS_B2S.exe" size="1784320" crc="4e081eb5" md5="ad6884f84928337055909bdff3548397" sha1="61f9d502465983b7a7cf7db5ed77e13e57bf040e" />
		<rom name="1.x.x/Time Zone (Bally)(1973)(rosve)(1.0.4)[VP9][FullScreen rosve][B2S rosve]/TimeZone_FS_B2S.png" size="2887012" crc="e04abc11" md5="4c4088ceee7e712b24401ca67dd3f2cf" sha1="9ddb1c80e40077a4e2bba2f28a36aaa1780c241b" />
		<rom name="1.x.x/Time Zone (Bally)(1973)(rosve)(1.0.4)[VP9][FullScreen rosve][B2S rosve]/TimeZone_FS_B2S.vpt" size="7131136" crc="30531475" md5="58b3c2c466369cdc89128d5e4898c9c7" sha1="46abd2085860917552bb6e4e78f3376db09fe8e3" />
		<rom name="Time Zone flyer 1.jpg" size="1381630" crc="0630d669" md5="b9c82cfd5ce671ac8aaae2023338d4fb" sha1="011dc1f987e49da9b23473ed3111488086223caf" />
		<rom name="Time Zone flyer 2.jpg" size="1700690" crc="8eb81b3c" md5="3f9fd4a096c96e2b6dbaf465dc40b3b4" sha1="8592d72d105a1661b3f6066c77a820e897c5a860" />
	</machine>
	<machine name="Triple Strike (Williams)(1975)(Rawd)(1.4.3)[VP9][FullScreen Sabbat Moon]">
		<description>Triple Strike (Williams)(1975)(Rawd)(1.4.3)[VP9][FullScreen Sabbat Moon]</description>
		<rom name="Rawd/Triple Strike (1.4.3)(FullScreen) screenshot.jpg" size="434297" crc="9a5ea143" md5="78ed7f2a8d65e0bb894987a1c0659d66" sha1="8a4e012221beb095e5eff6d38f8fa88ae2b67de2" />
		<rom name="Rawd/Triple Strike (Williams)(1975)(Rawd)(1.4.3)[VP9][FullScreen Sabbat Moon].vpt" size="15630336" crc="5c761391" md5="ac77971c6665af48c12e91b1d44b8cdb" sha1="dd703b1ef93ed70d657f1a4a46e9357eea079fce" />
	</machine>
</datafile>