<?xml version="1.0" encoding="utf-8"?>
<!DOCTYPE datafile PUBLIC "-//Logiqx//DTD ROM Management Datafile//EN" "http://www.logiqx.com/Dats/datafile.dtd">
<datafile>
	<header>
		<name>Visual Pinball [VP6] PinMame Tables</name>
		<description>Visual Pinball [VP6] PinMame Tables (2024-01-27)</description>
		<version></version>
		<date>2024-01-27</date>
		<author></author>
	</header>
	<machine name="Earthshaker (Williams)(1989)(Andre Needham)(0.9)[VP6][MOD 0.95b Dorsola]">
		<description>Earthshaker (Williams)(1989)(Andre Needham)(0.9)[VP6][MOD 0.95b Dorsola]</description>
		<rom name="Earthshaker 0.95b (DMod).vpt" size="2019840" crc="6b125d21" md5="7a3b425ce21471d2924ddf0a5adfbfcb" sha1="380e730d4c52ea7053e30f5c98d4a322754a9a73" />
		<rom name="eshake_revhistory.txt" size="2500" crc="dccbc83b" md5="76aa1fa7cd4e862a43b2c841fcba8dd6" sha1="98eaddb64de98451c9bae5157b5ff4eab0631596" />
		<rom name="s11.vbs" size="31323" crc="9cce4690" md5="02cf1b17204ebc91ef01a9c466a4f651" sha1="2ce22cc61f8e4e6bf60e8ace30ee549364011a6f" />
	</machine>
	<machine name="Eight Ball (Bally)(1977)(Scapino)(1.0)[VP6]">
		<description>Eight Ball (Bally)(1977)(Scapino)(1.0)[VP6]</description>
		<rom name="speedfixvp/RunVP.bat" size="74" crc="445f8bd2" md5="5b377667959e4e37b74d1911f1091ea5" sha1="194e8e68b135b53a434484bdb64d9f4eb3548ba8" />
		<rom name="speedfixvp/SpeedFixReadme.txt" size="647" crc="0a4971c7" md5="6382ed014bb6bc69d7608b840799bec0" sha1="f4d04891c1af43480bf5e51b0d99edaac136b3a5" />
		<rom name="speedfixvp/turnoff.reg" size="250" crc="1eddc42c" md5="dbc9291c5dec41ff5a86376c8b0be73e" sha1="ff8866e8f5e5a6065962a9681d8fcb351ba18ea8" />
		<rom name="speedfixvp/turnon.reg" size="250" crc="d5811789" md5="292d0225e6259e0ecb5101488ea7d4af" sha1="d1d04db14d953311800e5441b0c6d3a366a19c33" />
		<rom name="EightBallScreen.jpg" size="181387" crc="b6cd681e" md5="e5870a6b3bdb9b82370d20a50670e82b" sha1="0c4998af71e62b3b617246c577c391b5e40e85e0" />
		<rom name="ScapinosEightBallVPMv1_0.vpt" size="11214848" crc="20c1b3fd" md5="d936b0031298e6a24805103ee476a77c" sha1="4bbd726e0c3f5df7bf207c2843f9840afb700ee6" />
		<rom name="ScapinosEightBallVPMv1_0ReadMe.txt" size="1399" crc="506a2261" md5="ed83dc47f3dd54b1440dcad2705cd56e" sha1="7b4c94398e1b8ad7cedf6057d896e360da2792a0" />
	</machine>
	<machine name="Eight Ball Champ (Bally)(1985)(Scapino)(4.1)[VP6]">
		<description>Eight Ball Champ (Bally)(1985)(Scapino)(4.1)[VP6]</description>
		<rom name="EBCReadme.txt" size="3394" crc="45212ac5" md5="293397eae06f3dd3001b4dbab9ce53e9" sha1="b0839b390ddd4e3e8ebda8c44f2725d764d2df8f" />
		<rom name="EBCv4_1ScreenB.jpg" size="280465" crc="d3189a36" md5="b9a03893edf13c2ba6252c895b9bd358" sha1="10d515479d37a5479ff26795e80cc62c277fdfdc" />
		<rom name="EightBallChampv4_1.vpt" size="3082752" crc="5e510725" md5="244718478e57f81a759d4e68e7231713" sha1="3e2e6d53c7ea5bb392c1453f6e4b08145683cc85" />
	</machine>
	<machine name="Fathom (Bally)(1981)(Scapino)(2.1)[VP6]">
		<description>Fathom (Bally)(1981)(Scapino)(2.1)[VP6]</description>
		<rom name="FathomReadme.txt" size="2105" crc="8ef5e3d8" md5="c51de854130f5ab908069d45ded143b9" sha1="3164b0265018438c28f9962b4e99fc7b2d029cec" />
		<rom name="FathomScreenshot.jpg" size="85756" crc="f602fc80" md5="8af64a881e45aa8b4e06d3b184a472d9" sha1="a3744b52d68ae1ce1a67ef5c4ec12e6b91ce64d0" />
		<rom name="FathomVPMv2_1.vpt" size="4613120" crc="e596d6eb" md5="a9bc53eb41fec48bc33963a2c63bff5b" sha1="9ad74c86d8fd465b1ffac35a80c3903d3a996249" />
	</machine>
	<machine name="Fireball Classic (Bally)(1985)(Scapino)(1.0)[VP6]">
		<description>Fireball Classic (Bally)(1985)(Scapino)(1.0)[VP6]</description>
		<rom name="speedfixvp/RunVP.bat" size="74" crc="445f8bd2" md5="5b377667959e4e37b74d1911f1091ea5" sha1="194e8e68b135b53a434484bdb64d9f4eb3548ba8" />
		<rom name="speedfixvp/SpeedFixReadme.txt" size="647" crc="0a4971c7" md5="6382ed014bb6bc69d7608b840799bec0" sha1="f4d04891c1af43480bf5e51b0d99edaac136b3a5" />
		<rom name="speedfixvp/turnoff.reg" size="250" crc="1eddc42c" md5="dbc9291c5dec41ff5a86376c8b0be73e" sha1="ff8866e8f5e5a6065962a9681d8fcb351ba18ea8" />
		<rom name="speedfixvp/turnon.reg" size="250" crc="d5811789" md5="292d0225e6259e0ecb5101488ea7d4af" sha1="d1d04db14d953311800e5441b0c6d3a366a19c33" />
		<rom name="FireballClassicVPMv1_00.vpt" size="7524352" crc="89731a38" md5="a10fc4de21dd88f6c1648136a74b6c00" sha1="8ef9cb316bfdc3b3e4bd132ee37fedb0a8c12744" />
		<rom name="ScapinoFireballClassicv1_00.jpg" size="199286" crc="7dfcc5ae" md5="65b60801d3d5911dc261b9a62b526278" sha1="d234d21a36d012325578a03c8ad6a484b3e9dece" />
		<rom name="ScapinosFireballClassicVPMv1_0ReadMe.txt" size="1233" crc="7eff9a1f" md5="5215d23f2a392b1284bd7ea186618581" sha1="e16744fab1d18de6ef99b7b801a50d8ce503fc16" />
	</machine>
	<machine name="Flash Gordon (Bally)(1981)(Scapino)(2.0)[VP6]">
		<description>Flash Gordon (Bally)(1981)(Scapino)(2.0)[VP6]</description>
		<rom name="FlashGordonScapinoVPMv2_0.jpg" size="84877" crc="adf3c495" md5="b59bf529748d22c519b4e37ee5860ffd" sha1="dd4d47be242b7685d03c0213ef0b4dacc8b1008b" />
		<rom name="FlashGordonScapinoVPMv2_00.vpt" size="5069824" crc="4f519e85" md5="ab4fdb7b92dee6203a7ab17e1030117c" sha1="5e1c18e73b4632f56121441d82d46416f771364c" />
		<rom name="FlashGordonV2_0ReadMe.txt" size="1591" crc="2c7f6428" md5="216e374b60ea91d89811b1e3d1c0d432" sha1="62d961eeda04b6b923e18a847499406f07488ab6" />
	</machine>
	<machine name="Future Spa (Bally)(1979)(Scapino)(3.0)[VP6]">
		<description>Future Spa (Bally)(1979)(Scapino)(3.0)[VP6]</description>
		<rom name="FinalWIP.jpg" size="100926" crc="1c2d6985" md5="bc6acb4a0e982298d926fd99951c5aa5" sha1="cd7e52b9c23a2a80a7e2c3ad550b3dab9dd03383" />
		<rom name="FutureSpaReadme.txt" size="5464" crc="08fc9b48" md5="437a1613c4df7f9fcaa74e426450b963" sha1="052384b7a6083f49edeb75d517fcab835ca1e907" />
		<rom name="FutureSpaVPMv3_0.vpt" size="4585472" crc="50fd178b" md5="84867e3d6d87bc5b6c018401731634c8" sha1="3bb80096484733bcc090ac82a7e4e9f5564c2ded" />
	</machine>
	<machine name="Magic (Stern)(1979)(Eala Dubh Sidhe, LuvThatApex)(1.0)[VP6]">
		<description>Magic (Stern)(1979)(Eala Dubh Sidhe, LuvThatApex)(1.0)[VP6]</description>
		<rom name="magic-VPM.vpt" size="5908992" crc="47c74f3b" md5="ca933f80f701506c2529e410dc650da7" sha1="1a2f771d405930ec0551e6c1c107c4035ac2f92b" />
	</machine>
	<machine name="Mary Shelley's Frankenstein (SEGA)(1995)(Krellan)(1.4)[VP6]">
		<description>Mary Shelley's Frankenstein (SEGA)(1995)(Krellan)(1.4)[VP6]</description>
		<rom name="Frankenstein 1.4.vpt" size="2416640" crc="78321739" md5="b0d1162dc62ce2cb165782844bae84a4" sha1="039c2a43dd5ffba4dceda66248c1c655bb53c811" />
	</machine>
	<machine name="Operation Thunder (Gottlieb)(1992)(Scapino, Zaphod, Destruk)(2.2)[VP6]">
		<description>Operation Thunder (Gottlieb)(1992)(Scapino, Zaphod, Destruk)(2.2)[VP6]</description>
		<rom name="Operation Thunder (Gottlieb) (1992) (Zaphod &amp; Destruk &amp; Scapino) (2.0) Readme.txt" size="1034" crc="a91ea7b7" md5="9fb3ff84023417b86a5631d6ec31dc70" sha1="ee230460eb4620c485c03edcbce6e23f49dc450a" />
		<rom name="Operation Thunder (Gottlieb) (1992) (Zaphod &amp; Destruk &amp; Scapino) (2.0).vpt" size="3005440" crc="40cd177f" md5="f965a1270ef40bc87464195f434abd90" sha1="d8379b036093593206d086fbd1e24977468463b6" />
		<rom name="Operation Thunder (Gottlieb) (1992) (Zaphod &amp; Destruk &amp; Scapino) (2.1) Readme.txt" size="1607" crc="066267df" md5="ea28fc4b57cd516c57d66bdc7e980157" sha1="4573ca30619b37b1a07da53d2362afe0de1e175d" />
		<rom name="Operation Thunder (Gottlieb) (1992) (Zaphod &amp; Destruk &amp; Scapino) (2.1).vpt" size="3009536" crc="ac4df37b" md5="0d0db1ecf0b0ed9e1d3bf9f352971ae2" sha1="5d6fae3c07b1cc7d821b054b8c27a76a9f5cc6bb" />
		<rom name="Operation Thunder (Gottlieb) (1992) (Zaphod &amp; Destruk &amp; Scapino) (2.2).vpt" size="3008512" crc="930c802f" md5="9d681f307f655f7b3cfb0aacd4e0d8ff" sha1="90be30e79dda59ae1077bafcb57d6500160eb880" />
		<rom name="Operation Thunder (Gottlieb) (1992) (Zaphod) (0.1 whiteboard).vpt" size="69632" crc="51a6346c" md5="98f2a16dca2d328afca59749f5eaa151" sha1="bae3f752747a2ac30233a0d244b91c5858664d61" />
		<rom name="Operation Thunder (Gottlieb) (1992) Card.jpg" size="58148" crc="61ce7a9a" md5="5edf76bf05655339fb29cde41616c52f" sha1="edd1c3070b50dafaa30957ff9493854d28bb1ddb" />
		<rom name="Operation Thunder (Gottlieb) (1992) Flyer - 1.jpg" size="546307" crc="7ea54a38" md5="c0502b405c3ef24f6184698afb78c102" sha1="cd4994a78747d079dba74db266f1f89466b8e4be" />
		<rom name="Operation Thunder (Gottlieb) (1992) Flyer - 2.jpg" size="537630" crc="5711f6a4" md5="63b494e5f471387c9c9299de87a39fe6" sha1="17c6fcde00e7f1b30d02b91a8dea76876c35d291" />
		<rom name="Operation Thunder (Gottlieb) (1992) Machine.jpg" size="62039" crc="33d30704" md5="1995e7c11072e375d4ba8b84d4b7fdcc" sha1="51c3f578eac158b4d9ff11bd49743c5127e47fdd" />
		<rom name="Operation Thunder (Gottlieb) (1992) opthund.cfg" size="1390" crc="6c507564" md5="73d67a6a94ad68eec97aa587da7eaf71" sha1="5f3c29c0db6cf369266f5497729906961fe151a5" />
		<rom name="Operation Thunder (Gottlieb) (1992) opthund.nv" size="8238" crc="6686855f" md5="63b5d0bae6bb5bb42d302f6ca2a377e2" sha1="5e3b55d595338b34740cd2fa05ec052a8ebe6dfc" />
		<rom name="Operation Thunder (Gottlieb) (1992) Playfield - 1.jpg" size="79552" crc="9b55aea1" md5="476fe6998d9c971f28198a372d9f08bf" sha1="7e891b7e1199aad8d2a182788f120580edfc50d6" />
		<rom name="Operation Thunder (Gottlieb) (1992) Playfield - 2.jpg" size="342260" crc="d542a64d" md5="cf607565d544c80e2e35206b1501c676" sha1="a4a7613bfdf94d6782b596c91b9d67cad0825792" />
		<rom name="Operation Thunder (Gottlieb) (1992) Readme (2.2).txt" size="1852" crc="531988fc" md5="490b59b0826ec6bf27165f13272a10e0" sha1="3d8002c26462142ea1991d94b3b4ddcccc1cf5af" />
		<rom name="Operation Thunder (Gottlieb) (1992) Screenshot (2.0).jpg" size="258135" crc="7ef4d2d9" md5="63ee3be3431353083c53b6c5fb945455" sha1="7b5cef8839ce03f54cc4c1f124dfe871d1acf73f" />
		<rom name="Operation Thunder (Gottlieb) (1992) Screenshot (2.1).jpg" size="48937" crc="ce8143d3" md5="19677349334a5240d7921415e5ba957b" sha1="0fd12f7998fd9e859d4126fd5dad454f53d5096c" />
		<rom name="Operation Thunder (Gottlieb) (1992) Screenshot (2.2).jpg" size="258135" crc="7ef4d2d9" md5="63ee3be3431353083c53b6c5fb945455" sha1="7b5cef8839ce03f54cc4c1f124dfe871d1acf73f" />
		<rom name="Operation Thunder (Gottlieb) (1992) Script (2.1).txt" size="20828" crc="5df4b640" md5="c042e3fe1f8288f3bf12231b07ef0b91" sha1="10a685557e891949b5fd31d915f53856a5f7c78c" />
	</machine>
	<machine name="Playboy (Bally)(1978)(Scapino)(3.1)[VP6]">
		<description>Playboy (Bally)(1978)(Scapino)(3.1)[VP6]</description>
		<rom name="PlayboyReadme.txt" size="1988" crc="ff7e2a66" md5="de58ce14a32f8b45e5bb3e4f8a646557" sha1="ce4f4a95bfb5dc73a4bd7df3bd56c0e063367e6e" />
		<rom name="PlayboyV3_0ScreenLG.jpg" size="247113" crc="22d60e46" md5="b6bbdde1845310a4c5791762068762f9" sha1="9baf74c9d8783b462d7d9aa42ab77a80a1810ba7" />
		<rom name="PlayboyVPMv3_1.vpt" size="3631104" crc="7da6b4b3" md5="c00d93fe5265bd98e2f23bd5b36ff6dd" sha1="fc8183e38851a82e4f1befbbe76859fa2e56bac5" />
		<rom name="PlayboyVPMv3_1_cracked.vpt" size="3631104" crc="edca0daa" md5="6cb013ad6e72135a20560925ce1ea582" sha1="d4f43186743b9e6e800d00cea173addc11c8def5" />
	</machine>
	<machine name="Round Up (Bally)(1971)(Scapino)(1.0)[VP6]">
		<description>Round Up (Bally)(1971)(Scapino)(1.0)[VP6]</description>
		<rom name="beautyshot.jpg" size="263038" crc="7ecb0380" md5="ce36791d31b1bf2bfd395514c627ca14" sha1="a68244ccc89fc391da2b49d1a457ffb0f9f8fe8d" />
		<rom name="RoundUpReadme.txt" size="2875" crc="4d0736b4" md5="405315b3815f4625d3e6684b64c4a327" sha1="a9acabdd7f7c23f2728d5dd9cd2e12b5f3c389c8" />
		<rom name="RoundUpShot.jpg" size="99194" crc="4c9aa440" md5="7458499d2f023d2c7ba01c8d3b4cf7b2" sha1="9e83894be701249c3c7854c4c26b9a936bceb558" />
		<rom name="RoundUpV1_0.vpt" size="2990592" crc="d2b660fa" md5="21c9e5df7fffe6b48113508c5a6b6226" sha1="452dd1a838285dafaca17a52679c14c9fcb3990c" />
	</machine>
	<machine name="Star Trek (Bally)(1979)(Scapino)(1.1)[VP6]">
		<description>Star Trek (Bally)(1979)(Scapino)(1.1)[VP6]</description>
		<rom name="ScapinosStarTrekVPMv1_0.jpg" size="419773" crc="aebeb666" md5="eebd0724c0b48109d16842b1c386b4e7" sha1="3b0d25d591746a0ef337eb8e646ee4fc6060eaa9" />
		<rom name="ScapinosStarTrekVPMv1_1.vpt" size="7892992" crc="031c66f2" md5="ab027d7fef5f26cf24cfd77e2a223f30" sha1="dc496b948b2692ebedb1a7979a610866298cf649" />
		<rom name="ScapinosStarTrekVPMv1_1ReadMe.txt" size="1725" crc="d3449910" md5="62c9c4e32f786eeee83ddf47e617019d" sha1="2f08d1f783d9f97e7b4ad68d482a0c010a945007" />
	</machine>
	<machine name="Strikes and Spares (Bally)(1978)(Scapino)(2.1)[VP6]">
		<description>Strikes and Spares (Bally)(1978)(Scapino)(2.1)[VP6]</description>
		<rom name="SandSReadme.txt" size="1277" crc="8e983b9f" md5="45f25baf035c4a585f184b4651e6f660" sha1="c1a745c6193ba080754b74a792c84892ba0674e5" />
		<rom name="StikesSparesWIPFinal.jpg" size="301190" crc="01ca5c7a" md5="c4f693a77a3c665625419ab8eb5c8749" sha1="8222fb7db877bc36df6f0635cea94b797d3d4969" />
		<rom name="StrikesAndSparesVPMv2_1.vpt" size="4551168" crc="c9a2cb15" md5="81dd987be8cb7891fc18d8374b6d8ec4" sha1="a99721e3b7894109c09b9e8712d57d18cbe6873e" />
	</machine>
	<machine name="SuperSonic (Bally)(1976)(Scapino)(4.0)[VP6]">
		<description>SuperSonic (Bally)(1976)(Scapino)(4.0)[VP6]</description>
		<rom name="SSTVPM4Shot.jpg" size="100099" crc="64a3ede1" md5="d2d20c921b847bd6ce18ffc874f438b5" sha1="9c5b449260e2aa8435522cd89fd5853d3e4989c2" />
		<rom name="SuperSonicReadme.txt" size="1745" crc="a7d770c9" md5="8b7503f97cced8e4c395d282d5b09cd5" sha1="2fd1e52afc6400f96ca8c31cff72d4ce488faa24" />
		<rom name="SuperSonicVPMv4_0.vpt" size="4068864" crc="7ca5b693" md5="cb3a98188a260adade1712182ea020b5" sha1="b6369cbab83a92b132554fb4be6a8e0f0f0c1c2b" />
	</machine>
	<machine name="Twilight Zone (Bally)(1993)(Scapino)(1.2)[VP6]">
		<description>Twilight Zone (Bally)(1993)(Scapino)(1.2)[VP6]</description>
		<rom name="ScapinosTwilightZoneV1_2.vpt" size="18908672" crc="8bb87b6f" md5="3b5b9f57805a4545a926df3774cb387a" sha1="d98059a2638d8198d208667addb9aa432c75d8cd" />
		<rom name="SVPTwilightZoneV1_2.jpg" size="292174" crc="01e25571" md5="2cecc4f9c6b6465c5d11dd58242bae21" sha1="9e43b26db3613f0a5fa5d4f5fb7010f55755fc19" />
		<rom name="SVPTwilightZoneV1_2Readme.txt" size="2103" crc="007b3735" md5="a84c7ce4734119e7ff287cb48ee8b7a1" sha1="8defb4068b2c023011f1f502c0ad44b9e8a48114" />
	</machine>
</datafile>