<?xml version="1.0" encoding="utf-8"?>
<!DOCTYPE datafile PUBLIC "-//Logiqx//DTD ROM Management Datafile//EN" "http://www.logiqx.com/Dats/datafile.dtd">
<datafile>
	<header>
		<name>Visual Pinball [VP91x] Recreated Tables [Flipperless]</name>
		<description>Visual Pinball [VP91x] Recreated Tables [Flipperless] (2024-01-27)</description>
		<version></version>
		<date>2024-01-27</date>
		<author></author>
	</header>
	<machine name="42nd Street (Genco)(1933)(Romolo)(1.0)[VP912][Flipperless]">
		<description>42nd Street (Genco)(1933)(Romolo)(1.0)[VP912][Flipperless]</description>
		<rom name="42ndStreet.vpt" size="4292608" crc="fbed788b" md5="64f4982a01940cbf55182189b6303e5c" sha1="b1fc71291981e887b5df573f8c8932d5b7906411" />
		<rom name="screenshot.jpg" size="140747" crc="a13f6442" md5="07b5e93d3b4c36224b3c909d7301293e" sha1="3bd387de9188dd9c03f5e3a98d20231533fea01a" />
	</machine>
	<machine name="Ali-Baba (Stoner Manufacturing Co.)(1939)(Romolo)(1.0)[VP912][Flipperless]">
		<description>Ali-Baba (Stoner Manufacturing Co.)(1939)(Romolo)(1.0)[VP912][Flipperless]</description>
		<rom name="Ali-Baba (Stoner Manufacturing Co.)(1939)(Romolo)(1.0)[VP912][Flipperless].vpt" size="1974272" crc="2191e4b6" md5="be7df59423515e1853ae8d1c2fdc846e" sha1="b7c86964f4dd7c0d9b73a4189b0bf813f72dbc6a" />
		<rom name="Ali-Baba screenshot.jpg" size="120295" crc="cb5306ac" md5="5905045702e1570afaf5c5da4ea6a542" sha1="d4c8ab8cf16c97fb44d0ec6a34a5c3168b25d445" />
	</machine>
	<machine name="Bagatelle (Henk de Jager)(1995)(Romolo)(1.0)[VP916][Pinball EXPO '95 edition][Bagatelle]">
		<description>Bagatelle (Henk de Jager)(1995)(Romolo)(1.0)[VP916][Pinball EXPO '95 edition][Bagatelle]</description>
		<rom name="Bagatelle (Henk de Jager)(1995)(Romolo)(1.0)[VP916][Pinball EXPO '95 edition][Bagatelle].vpt" size="1445888" crc="119f4f72" md5="8d76f71c38ec047f8d4debd8fb5e0768" sha1="8d1e574a449dfcd6be7b63adccf174afbb111b10" />
		<rom name="Bagatelle rules.txt" size="376" crc="9f45fd9d" md5="2676d6417ab4e81df2875afdf8b65a99" sha1="c2e1cb9838f9fe6dde522323cdddae5938a4d057" />
		<rom name="Bagatelle screenshot.jpg" size="105659" crc="cb6be3b5" md5="1009325923b08056b329761fd648c0c9" sha1="480e2476033db59c9303d814fffd0c8b46b2f723" />
	</machine>
	<machine name="Bank A Ball (United Manufacturing Co.)(1933)(romolo)(1.0)[VP912][Bagatrelle]">
		<description>Bank A Ball (United Manufacturing Co.)(1933)(romolo)(1.0)[VP912][Bagatrelle]</description>
		<rom name="Bank A Ball (United Manufacturing Co.)(1933)(romolo)(1.0)[VP912][Bagatrelle].vpt" size="1753088" crc="3acc803e" md5="4678a746154f7e6e0fe75b21e35faa3e" sha1="9fdbeca8bc7b0e199a30fd5f5f3b1e592b05a278" />
		<rom name="Bank A Ball screenshot.jpg" size="90447" crc="e06d9898" md5="a7bd35bf08a86b4fe401417cabb4b954" sha1="975de0fb9794ca665b1926016044fdf7a9baaf6a" />
	</machine>
	<machine name="Batting Practice (Bally)(1959)(Romolo)(1.0)[VP912][Bat game]">
		<description>Batting Practice (Bally)(1959)(Romolo)(1.0)[VP912][Bat game]</description>
		<rom name="Batting Practice (Bally 1959)Vp912.jpg" size="80259" crc="81cdea30" md5="4a7c57cdadb09909f0186852998e4bdf" sha1="7db55988bf859c8f41e6a140dff8805d5722a4d0" />
		<rom name="Batting Practice (Bally 1959)Vp912.vpt" size="3629056" crc="1b403350" md5="6ac7e50028bc9d45a9b75c09b32043a7" sha1="4bde7f6919fe14adb3b3e4fa9bd8769a8db93dac" />
	</machine>
	<machine name="Big Top (Pioneer Coin Machine Company)(1945)(Romolo)(1.0)[VP912][Flipperless]">
		<description>Big Top (Pioneer Coin Machine Company)(1945)(Romolo)(1.0)[VP912][Flipperless]</description>
		<rom name="Big Top (Pioneer Coin Machine Company)(1945)(Romolo)(1.0)[VP912][Flipperless].vpt" size="3624960" crc="b265033b" md5="f05c32c83c8803ba2606c8dd417521c9" sha1="ecf7ef5f017e8b4afe2f94b790c47725a78cdfbf" />
		<rom name="Big Top screenshot.jpg" size="119049" crc="776c3826" md5="4e1317e2a4d42625337327ce7cec5210" sha1="edfa86982d175bf1c3a764d44f41b8fada2fd9e9" />
	</machine>
	<machine name="Bolo (Pacent Novelty Manufacturing Co.)(1936)(Romolo)(1.0)[VP912][Flipperless]">
		<description>Bolo (Pacent Novelty Manufacturing Co.)(1936)(Romolo)(1.0)[VP912][Flipperless]</description>
		<rom name="Bolo (Pacent Novelty Manufacturing Co.)(1936)(Romolo)(1.0)[VP912][Flipperless].vpt" size="2547712" crc="e12b4598" md5="1623d896a06486ad8b074265cb66f511" sha1="c550db629afa3bb293b1a902462cf95d1c8d1c65" />
		<rom name="Bolo screenshot.jpg" size="126124" crc="da8cf6e1" md5="dc552fd8b31aa034ffa4437ac2eba670" sha1="e59a7241198ecc1fa9f60089857187725e163684" />
	</machine>
	<machine name="Bouncer (C. E. Hoagland)(1935)(Romolo)(1.0)[VP912][Flipperless]">
		<description>Bouncer (C. E. Hoagland)(1935)(Romolo)(1.0)[VP912][Flipperless]</description>
		<rom name="Bouncer (C. E. Hoagland 1935).jpg" size="84413" crc="ecebe056" md5="22be1ac04e52d5c3afc3d80fb0d1ce08" sha1="8ee08b7da063913bc05dff98761155b1f2347fc0" />
		<rom name="Bouncer (C. E. Hoagland 1935).vpt" size="2416640" crc="c6826256" md5="7cefeaed26aad80da131501887a96b67" sha1="488b7042a421d39318ef3dc5719dcb58e4eab2d4" />
	</machine>
	<machine name="Buckaroo (Chicago Coin)(Romolo)(1.0)[VP912][Flipperless]">
		<description>Buckaroo (Chicago Coin)(Romolo)(1.0)[VP912][Flipperless]</description>
		<rom name="Buckaroo (Chicago Coin 1939)VP912.jpg" size="114222" crc="1efea9f8" md5="a2ff0c2c77a1f9ac7b539abf8d048656" sha1="98229a9ce171cd11ead68ca3d4b774b9d522774a" />
		<rom name="Buckaroo (Chicago Coin 1939)VP912.vpt" size="1564672" crc="ef636d47" md5="483316a5fa2a4097202e9af22089d5c1" sha1="e1185b082df402906d84d9e4d76743b882a528f5" />
	</machine>
	<machine name="Buster Ball (Genco)(1931)(Themer)(2.1)[VP91x][Flipperless]">
		<description>Buster Ball (Genco)(1931)(Themer)(2.1)[VP91x][Flipperless]</description>
		<rom name="Buster Ball (Genco)(1931)(Themer)(2.0)[VP91x][Flipperless].vpt" size="565248" crc="25ae6a1b" md5="1be9b328ae75c9a742e9cf3864acc399" sha1="0aa22b34ecf4fb36ee5873cfe22703eb42a8ad23" />
		<rom name="Buster Ball (Genco)(1931)(Themer)(2.1)[VP91x][Flipperless].vpt" size="565248" crc="d0a007d0" md5="d5a40b5b534496f38e51382f7162f7e7" sha1="26ddffa1d6a39c6320ca274a23fb07974183a202" />
		<rom name="Buster Ball screenshot.jpg" size="205190" crc="7705b40a" md5="d2242e192d9a4a931439a0840a16b7bd" sha1="4e83ed069ca0981c173fb1d6f12d3dd8b0a90104" />
	</machine>
	<machine name="Classic (Bally)(1937)(Romolo)(1.0)[VP912][Flipperless]">
		<description>Classic (Bally)(1937)(Romolo)(1.0)[VP912][Flipperless]</description>
		<rom name="Classic (Bally)(1937)(Romolo)(1.0)[VP912][Flipperless].vpt" size="1675264" crc="52b85623" md5="698c2edf99a5f77065a4a78046e9f5e3" sha1="164ba5fa80d2931d40dfe5cc42c3cf23ec8851ff" />
		<rom name="Classic screenshot.jpg" size="118854" crc="735174a5" md5="c76a11bf32b62dc9f6bce21a049f7792" sha1="14b75d21fd91013ff15a96997692b4517306c2e7" />
	</machine>
	<machine name="Double Track (Genco)(1938)(Romolo)[VP912][Flipperless]">
		<description>Double Track (Genco)(1938)(Romolo)[VP912][Flipperless]</description>
		<rom name="Double Track (Genco)(1938)(Romolo)[VP912][Flipperless].vpt" size="2682880" crc="ef306017" md5="2b82991eaddbb0a0ed99bfd89a510bf5" sha1="7fa2aef69572bad81ed610dad3832a82a6f25744" />
		<rom name="Double Track screenshot.jpg" size="113705" crc="46b96842" md5="56c04df2013de03e7a02d7c6c6d76d42" sha1="ea1f16d9a802a661d3b9155196f3b09d9d29ed07" />
	</machine>
	<machine name="Flying Colors (Genco)(1935)(romolo)(1.0)[VP912][Flipperless]">
		<description>Flying Colors (Genco)(1935)(romolo)(1.0)[VP912][Flipperless]</description>
		<rom name="Flying Colors (Genco)(1935)(romolo)(1.0)[VP912][Flipperless].vpt" size="1015808" crc="94682623" md5="0f3b15dbe7d529aa7cc993258726e7a5" sha1="60279f35d55da40685ad35b68c7425725a4ad6ef" />
		<rom name="Flying Colors screenshot.jpg" size="122881" crc="f250a33a" md5="153cfd0b6d61be4c7787133f2e96e5ac" sha1="7e2719d6bd775f2dcf4198681e503688c14482b9" />
	</machine>
	<machine name="Jolly Joker (Williams)(1955)(Romolo)(1.0)[VP912][Flipperless]">
		<description>Jolly Joker (Williams)(1955)(Romolo)(1.0)[VP912][Flipperless]</description>
		<rom name="Jolly Joker (Williams 1955).vpt" size="1421312" crc="54560685" md5="ae19208cb1a59349c87f10372735f984" sha1="5ee1ad3e04ccd2b1212d700982732de02af72c8a" />
		<rom name="Jolly Joker (Williams 1955)ss.jpg" size="117003" crc="a91b108c" md5="b7c3acd09d33c57872087553e7377c64" sha1="322bb4c92061e2e014e5145b94c7f13d636edcb3" />
	</machine>
	<machine name="Jolly Marble Game, The (xxxx)(1875)(Romolo)(1.0)[VP912][Flipperless]">
		<description>Jolly Marble Game, The (xxxx)(1875)(Romolo)(1.0)[VP912][Flipperless]</description>
		<rom name="The Jolly Marble Game (1875)(IPD No. 5359) Vp912.vpt" size="2027520" crc="81d95b8f" md5="bd0a49a82513b9cce2b447c462af929d" sha1="98efcecbd737c6fd0b3a375cf6c0b14f6607e7b3" />
		<rom name="The Jolly Marble Game (1875)(IPD No. 5359).jpg" size="88498" crc="362bd863" md5="dd4d9f7a086a9ce61acbf18a8e1960f7" sha1="aed0d4593777b2f123d8949f7a83d71c5c4955d5" />
	</machine>
	<machine name="Kelly Pool Junior (Gottlieb)(1935)(romolo)(1.0)[VP912][Flipperless]">
		<description>Kelly Pool Junior (Gottlieb)(1935)(romolo)(1.0)[VP912][Flipperless]</description>
		<rom name="Kelly Pool Junior (Gottlieb)(1935)(romolo)(1.0)[VP912][Flipperless].vpt" size="1990656" crc="d942ae99" md5="953fd27f5d7fdf44cfbf4546c8090dce" sha1="021b0c9af3599508b9f0484415ed726591d2acbe" />
		<rom name="Kelly Pool Junior screenshot.jpg" size="144189" crc="4d4c0ed3" md5="0aca3ae3dfb642d45bff4c809186c3cc" sha1="ecbf083bcb19677b8f50bf97ec4982421e3e6003" />
	</machine>
	<machine name="Kelly Pool Senior (Gottlieb)(1935)(romolo)(1.0)[VP912][Flipperless]">
		<description>Kelly Pool Senior (Gottlieb)(1935)(romolo)(1.0)[VP912][Flipperless]</description>
		<rom name="Kelly Pool Senior (Gottlieb)(1935)(romolo)(1.0)[VP912][Flipperless].vpt" size="2015232" crc="e71162cf" md5="acc3cc2a59c48e5541f46a1262bc40d9" sha1="029cd83d85cb8c12a44ece6455991cf6bd902847" />
		<rom name="Kelly Pool Senior screenshot.jpg" size="146616" crc="8b7118af" md5="245ba0b144aeeeef748f0cc85d3e6e00" sha1="6f0a7477053a93e8ba3cfc881cdb9ed7a65dfc97" />
	</machine>
	<machine name="King Tut (Richard Manufacturing Co.)(1932)(romolo)(1.0)[VP912][Flipperless]">
		<description>King Tut (Richard Manufacturing Co.)(1932)(romolo)(1.0)[VP912][Flipperless]</description>
		<rom name="King Tut (Richard Manufacturing Co.)(1932)(romolo)(1.0)[VP912][Flipperless].vpt" size="1916928" crc="33ac4212" md5="167927c849ff71e6dd1c02da41f6ee06" sha1="3e2e87ff23dc0b8d222291aa78ee82eddc2413be" />
		<rom name="King Tut screenshot.jpg" size="102300" crc="23cd3984" md5="6080800eaa60dc1af56dbbe88c6b2ac0" sha1="3261ba6bef6e33edb9eb7b9a783600660b07ef04" />
	</machine>
	<machine name="Parlor Bagatelle (One Star-Two Bell M. Redgrave)(1898)(Romolo)(1.0)[VP912][Bagatelle]">
		<description>Parlor Bagatelle (One Star-Two Bell M. Redgrave)(1898)(Romolo)(1.0)[VP912][Bagatelle]</description>
		<rom name="Parlor Bagatelle (One Star-Two Bell 1898) img.jpg" size="152388" crc="b544f247" md5="60060042999927a6edfa302484a556b4" sha1="161aa11d0c153926b86b1f1a2d233969c2dfac86" />
		<rom name="Parlor Bagatelle (One Star-Two Bell 1898) rules.jpg" size="466605" crc="a5d94d88" md5="b495417bdc1f1cec9d3093fac81a1615" sha1="4d4e0f04e952095727829ae760224e6dd5391222" />
		<rom name="Parlor Bagatelle (One Star-Two Bell M. Redgrave Bagatelle Company 1898).jpg" size="80270" crc="527e36a6" md5="3908b83d1ddb65c8c8e3745aed2c029f" sha1="8647949ab63db16115bbfc334402d81a36cddf25" />
		<rom name="Parlor Bagatelle (v1.0).vpt" size="4411392" crc="69e7d44f" md5="2645eef139954f9ae27a60b3b524885d" sha1="0ac730cf0ef1dd324549e0e7f3de6e0c141313cf" />
	</machine>
	<machine name="Play Rou-lette (National Games)(1932)(Romolo)(1.0)[VP912][Flipperless]">
		<description>Play Rou-lette (National Games)(1932)(Romolo)(1.0)[VP912][Flipperless]</description>
		<rom name="Play Rou-lette (National Games 1932).jpg" size="117719" crc="025f58ab" md5="022528a63a66db3e1c4c119de3a3254a" sha1="f79e74e3258baa073527f24b89556968b1faa7ee" />
		<rom name="Play Rou-lette (National Games 1932).vpt" size="1576960" crc="5d43b80e" md5="39093c4962223e1998c14d03b017e38d" sha1="676f36036e97144de7fffe3ab2d81db2c3992c32" />
	</machine>
	<machine name="Pockets (Bally)(1936)(Romol)(1.0)[VP912][Flipperless]">
		<description>Pockets (Bally)(1936)(Romol)(1.0)[VP912][Flipperless]</description>
		<rom name="Pockets (Bally)(1936)(Romol)(1.0)[VP912][Flipperless].vpt" size="1257472" crc="eb9c44bb" md5="9ac13393824512cd7d4e9ca4a848983c" sha1="2a3d1fd8d9133c6eecbad3707b27e1b594194962" />
		<rom name="Pockets screenshot.jpg" size="82047" crc="b022601d" md5="b34b99bceb162a342b7627b010dd7114" sha1="d37477fc14aa957d5247d68e4ab8637e64e5c8e4" />
	</machine>
	<machine name="Rambler (Bally)(1933)(Romolo)(1.0)[VP912][Flipperless]">
		<description>Rambler (Bally)(1933)(Romolo)(1.0)[VP912][Flipperless]</description>
		<rom name="Rambler (Bally)(1933)(Romolo)(1.0)[VP912][Flipperless].vpt" size="1728512" crc="e42217b0" md5="a197ebdf0015739a4ab6369a7cf33ee0" sha1="53ad7ebee9058ca92c157b5bb5b4ce6a32d0bc45" />
		<rom name="Rambler screenshot.jpg" size="108398" crc="27fcce64" md5="92595e004cd7148dda0c11d2d408674a" sha1="e5996ca4b7bfddee20a4b5a3acb6e4867870a753" />
	</machine>
	<machine name="Rol-Let (A.B.T. Manufacturing Co.)(1933)(Romolo)(1.0)[VP912][Bagatelle]">
		<description>Rol-Let (A.B.T. Manufacturing Co.)(1933)(Romolo)(1.0)[VP912][Bagatelle]</description>
		<rom name="Rol-Let (A.B.T. Manufacturing Co.)(1933)(Romolo)(1.0)[VP912][Bagatelle].vpt" size="1048576" crc="e985ccc4" md5="1a2948dfff086f5d7313611b052fba85" sha1="142672f69a5538148bdc238d356bb95b844b15e4" />
		<rom name="Rol-Let screenshot.jpg" size="95756" crc="29528cb3" md5="249406264ff437265d05970cd1b17b95" sha1="b6ffdc66e068b3ace7b26c46b7c4f21c7ef58f57" />
	</machine>
	<machine name="Sharp's Shooter (Sharp-Boyd Co.)(1932)(Romolo)(1.0)[VP912][Baseball Bagatelle]">
		<description>Sharp's Shooter (Sharp-Boyd Co.)(1932)(Romolo)(1.0)[VP912][Baseball Bagatelle]</description>
		<rom name="Sharp's Shooter (Sharp-Boyd Co.)(1932)(Romolo)(1.0)[VP912][Baseball Bagatelle].vpt" size="708608" crc="8f60f29a" md5="b8dbcb8447aa046301f1f63a3b2bafbb" sha1="2e9d7c522137aa0237760c0486fb77fbee51ef53" />
		<rom name="Sharp's Shooter screenshot.jpg" size="564003" crc="47a30f10" md5="7002d005cde2502a2c968afe3ecabd16" sha1="043c34118c94c0a33f85f544acf4defdce6644f8" />
	</machine>
	<machine name="Speedway (Gottlieb)(1933)(druadic, rosve)(1.1.1)[VP912][FS Rosve + B2S Rosve][Flipperless]">
		<description>Speedway (Gottlieb)(1933)(druadic, rosve)(1.1.1)[VP912][FS Rosve + B2S Rosve][Flipperless]</description>
		<rom name="b2s.vbs" size="7527" crc="61185a8d" md5="5ddacb102a1b7f0504cda365bc45efcb" sha1="8a355a7b9ec0334e73a36e6bb783f8876d8be533" />
		<rom name="ScreenRes.txt" size="47" crc="83da1acc" md5="be092de6d77b55ef4234c5586162c49b" sha1="2936f0803e660fd27a6d232411b355fd63a38d61" />
		<rom name="Speedway Gottlieb 1933 druadic VP912 rosve (FS B2S) 1.1.1.jpg" size="968579" crc="452db123" md5="2d4216ee94139427d475ce75a12c7831" sha1="2220ea9980e08c08b908b321e993a4733c8b39b3" />
		<rom name="Speedway_FS_B2S.exe" size="1125376" crc="f4aa8bf6" md5="8850402e393da01d1b46dac350e43f07" sha1="a4d4a1513e18ad45e1f75c01ecea686bbf0582dc" />
		<rom name="Speedway_FS_B2S.vpt" size="5718016" crc="de2e8478" md5="d55aea048dad1f136e30e8e035a816ca" sha1="80a9db8686a71e5612da48272ba61cac219f66de" />
	</machine>
	<machine name="Watch My Line (Gottlieb)(1951)(Furio)(1.2)[VP912][Flipperless]">
		<description>Watch My Line (Gottlieb)(1951)(Furio)(1.2)[VP912][Flipperless]</description>
		<rom name="1.1/screenshot.jpg" size="111272" crc="b609ee75" md5="6a41eef6c12de0454d5df79bf6600aab" sha1="be67a59a5037fef62afa147f4b94da55fa551d35" />
		<rom name="1.1/Watch my line (Gottlieb 1951) 1.1.vpt" size="3239936" crc="9be8d75b" md5="be21be22304c145e27c2a9558d555200" sha1="1efecb0fe1a2c939f3510eb07078f6e65977e533" />
		<rom name="1.2/screenshot.jpg" size="145482" crc="10a0a373" md5="12ec708bf71ba185f452be3a09100ae4" sha1="65681e3a6499f729a713d02ada5e7c641994f364" />
		<rom name="1.2/Watch my line (Gottlieb 1951) 1.2.vpt" size="3259904" crc="4df0a089" md5="f1183609ddd1c28e01000847a676df31" sha1="11a38d7db4c1d30a52239b773a2a55bbdc59c714" />
		<rom name="flyer.jpg" size="1515082" crc="5974efd7" md5="9e163377dec5c78b6d075881d86d61dd" sha1="a3cf6a7a114dacb6245ad0145ce334042a936ea6" />
	</machine>
	<machine name="Winner (Midway)(1964)(Romolo)(1.0)[VP912][Flipperless]">
		<description>Winner (Midway)(1964)(Romolo)(1.0)[VP912][Flipperless]</description>
		<rom name="Winner (Midway 1964) VP912.jpg" size="98458" crc="d40f6a2a" md5="4afd1e6ef15c798924e675c7ea7b91b1" sha1="50a959c21f1a3a668ad3cdbbe76cd65e8bd54455" />
		<rom name="Winner (Midway 1964) VP912.vpt" size="5824512" crc="903afd6f" md5="ff75cfc9fb5da04daade45b9f32709b2" sha1="e8d7715d197455bc4cbb8c84968e300f37a3f76b" />
	</machine>
</datafile>