<?xml version="1.0" encoding="utf-8"?>
<!DOCTYPE datafile PUBLIC "-//Logiqx//DTD ROM Management Datafile//EN" "http://www.logiqx.com/Dats/datafile.dtd">
<datafile>
	<header>
		<name>Visual Pinball [VP99x] PinMame Tables [WideScreen]</name>
		<description>Visual Pinball [VP99x] PinMame Tables [WideScreen] (2024-01-27)</description>
		<version></version>
		<date>2024-01-27</date>
		<author></author>
	</header>
	<machine name="Bounty Hunter (Gottlieb)(1985)(Kristian, destruk, DesAngel, Luvthatapex)(2.3)[VP990][WS 2.3 Baloo42]">
		<description>Bounty Hunter (Gottlieb)(1985)(Kristian, destruk, DesAngel, Luvthatapex)(2.3)[VP990][WS 2.3 Baloo42]</description>
		<rom name="Game Rules/Rules for game.jpg" size="140093" crc="c6605182" md5="daccb9a4f3fb2a791e3028c0e6b2301b" sha1="408033e2ed1d7dc979a140e5b69a8138fe6e0abd" />
		<rom name="Hi-Definition Ball Graphic/ball image.png" size="851873" crc="8edd4d45" md5="6daa468916ed6836219f9db3fffb0f6b" sha1="723d7d993947a87535d4d7ad53d707003204904b" />
		<rom name="Hi-Definition Ball Graphic/front decal.png" size="28569" crc="5e5a2e31" md5="67d0441093d5f4b4cf89af0fb87bdab0" sha1="a3556d33b4bf940fcdbf52133e429885c300d262" />
		<rom name="Show Work Process/NewPicture1070_ORIGINAL BOARD BY AUTHORS.jpg" size="380356" crc="2e977b5b" md5="8e82d1dd8b9dceff1e8af155ad5e39df" sha1="40dae8b506e3ca0661dd87a18b82775a64d9fafa" />
		<rom name="Show Work Process/NewPicture1080.jpg" size="380796" crc="4ff28cde" md5="8d1b6b161648a35a3fe0c4f2d3a5800e" sha1="05d75be95ab008b727511be4bcc5bf31708d5d1c" />
		<rom name="Show Work Process/NewPicture1098.jpg" size="485054" crc="8d94b49f" md5="9890323299ec8a9b81057c2f9bd737f8" sha1="c841ebb5c313e261e72ad73179518d466de70b2a" />
		<rom name="Show Work Process/NewPicture1104.jpg" size="725291" crc="9df4884e" md5="93cb42241ca50ae6f8ee16cc433f688f" sha1="5b181701ac1c0446e376db822f8f763b3811ee5c" />
		<rom name="Show Work Process/NewPicture1107.jpg" size="720801" crc="7017083e" md5="e621e51e848c732ea323bdd3271911b2" sha1="46ccf8460224efbac606e49a4baffeffd68612e7" />
		<rom name="Show Work Process/NewPicture1114.jpg" size="719244" crc="c147991e" md5="f0a1a42a55fd7c438992507192e5e84d" sha1="cfd172b25920a0eb590585f7ae93aee201080ac9" />
		<rom name="Bounty Hunter (Gottlieb)_WS v2.3.vpt" size="12984320" crc="b1724952" md5="75523d8ba87bc3c998d49cbce929079c" sha1="afd10662c729bcb0653ad3cd597d71d55a60f7f0" />
		<rom name="Bounty Hunter_Instructions_001.jpg" size="295751" crc="d052169a" md5="cafca13b1298662217bd2add57ea8edd" sha1="78e556023c9f7e2d24c309461b3b6a4c541a79ac" />
		<rom name="Bounty Hunter_Instructions_002.jpg" size="64819" crc="f543f08e" md5="d7fe76c047628dda51ab726ec7a839c5" sha1="f951f690717959d33414d66fc04ed76a085090e8" />
		<rom name="bounty-hunter.jpg" size="413914" crc="bc324145" md5="7c542cb8810a6c0296ea22fbc9989b99" sha1="5b9b2fce7e683830ce20a6e6d6c66581f0dc2b37" />
		<rom name="Hi-Def Ball.jpg" size="347366" crc="e95eb0b0" md5="38f652410d7cfbb850cf33213c37eccb" sha1="14a02205ada3f907afedbd3eb110a1d7e9d399b1" />
	</machine>
	<machine name="Conan (Rowamet)(1.0)[VP99x][DT WS Batch MOD][Rolling Stones v1.01's JPSalas VP9 conversion]">
		<description>Conan (Rowamet)(1.0)[VP99x][DT WS Batch MOD][Rolling Stones v1.01's JPSalas VP9 conversion]</description>
		<rom name="Conan DT Batch_MOD 1.0.vpt" size="13455360" crc="b1743bbf" md5="185bcdc857cb66fb59719075f8977abd" sha1="fc60e6630bcc66f537986a15a6002e1f1e5abaf4" />
		<rom name="conan-vp9-ws.jpg" size="786857" crc="a321585c" md5="21462706a76bf1e425781cc26d0f1a09" sha1="56e6e71909d167b6bbe406123ee206e3252422c1" />
	</machine>
	<machine name="Farfalla (Zaccaria)(1983)(gtxjoe)(1.1)[VP99x][WideScreen]">
		<description>Farfalla (Zaccaria)(1983)(gtxjoe)(1.1)[VP99x][WideScreen]</description>
		<rom name="Farfalla (Zaccaria VP9.9 WS 1.1 gtxjoe).vpt" size="41320448" crc="e52ff694" md5="8357a4d92048bc4c8a6e10b225141dbc" sha1="aaf22863393dbaad2724f5fb82dd3d84849446f8" />
		<rom name="wsscreenshot.png" size="4330389" crc="9bb34115" md5="0462745e4fda92449c661aa60b408d43" sha1="0b8c7322fcbd12c3f872beef45799eb35f335cae" />
	</machine>
	<machine name="FJ (Hankin)(1978)(dboyrecords)(1.1)[VP990][WideScreen v1.0 32assassin]">
		<description>FJ (Hankin)(1978)(dboyrecords)(1.1)[VP990][WideScreen v1.0 32assassin]</description>
		<rom name="FJ (Hankin).vpt" size="20185088" crc="9d7d5cb3" md5="9b9e0a0d1c9393b6aafc351a51363d21" sha1="8941baa995a717898cc2baa9119a2fa3b0e4a73d" />
		<rom name="FJ screenshot.png" size="2908403" crc="b36f6ea2" md5="b5d9180159d9cfa3c39ca3701c4402f4" sha1="60437b9ceddd399629f0ab6ca2945bd8698bc937" />
	</machine>
	<machine name="Godzilla (SEGA)(1998)(Rosve)(1.3)[VP990][WideScreen Rosve]">
		<description>Godzilla (SEGA)(1998)(Rosve)(1.3)[VP990][WideScreen Rosve]</description>
		<rom name="Godzilla (SEGA)(1998)(Rosve)(1.3)[VP990][WideScreen Rosve].vpt" size="42778624" crc="2289100b" md5="b7b46d3d8bb78105552a275f7cabe771" sha1="fa6d56e9f85d64d2a39ac7f746ca3ddb6d48e180" />
		<rom name="Godzilla screenshot.png" size="1159302" crc="8e2ff9c7" md5="7a2a1fa953de57a7049060e3875d89a8" sha1="5e7623afbe8bc180462f46265b480e9a42b3d286" />
	</machine>
	<machine name="Grand Lizard (Williams)(1986)(Rosve)(1.2)[VP990][WideScreen Rosve]">
		<description>Grand Lizard (Williams)(1986)(Rosve)(1.2)[VP990][WideScreen Rosve]</description>
		<rom name="Grand Lizard (Williams)(1986)(Rosve)(1.2)[VP990][WideScreen Rosve].vpt" size="25694208" crc="0388f033" md5="a497e866aad28c7a627308419ea18e9a" sha1="e2f1edd49590a8926452992014abb2610bba244e" />
		<rom name="Grand Lizard screenshot.png" size="2343529" crc="925ef4aa" md5="a9f3394b1762087261306d6768dc227b" sha1="a9321e05c44af22071ac2bd3c18043027558f1ae" />
	</machine>
	<machine name="Independence Day (SEGA)(1997)(Nealtron)(2.2)[VP99x][WideScreen]">
		<description>Independence Day (SEGA)(1997)(Nealtron)(2.2)[VP99x][WideScreen]</description>
		<rom name="B2Bcollision.vbs" size="16043" crc="2cf4164d" md5="9e3efe311dfe82fe5f057a07e912e699" sha1="f1ca7154b59dda07c9081337e4e2ef7671ff6013" />
		<rom name="id4-new.png" size="4196984" crc="f019329a" md5="af84de53c19a678db8c87030427ad93a" sha1="7e3fd5c5c0e442f6503563a8a111b3a968e9993d" />
		<rom name="ID4_Rules.exe" size="813930" crc="4f3c550e" md5="154b2b08e01b8debab21bc1988e06f6d" sha1="83b9d1590aa0212ebaad262e32a09bda4ecb46fa" />
		<rom name="sega.vbs" size="4699" crc="8f619ccf" md5="652374a2ea62d7cc7f3b35dd3c57a2e5" sha1="c1733807df223738524f9195710da5c9c93a74f8" />
		<rom name="VP9 Independence Day (2.2).vpt" size="27066368" crc="3414a917" md5="cd46faf539fbc1e0839bfd58b75646b1" sha1="2cc7d766c60c608fabf7a20ba9c742005112a078" />
	</machine>
	<machine name="Nine Ball (Stern)(1980)(aKa)(1.0)[VP99x][WideScreen]">
		<description>Nine Ball (Stern)(1980)(aKa)(1.0)[VP99x][WideScreen]</description>
		<rom name="Nine Ball_WS_1.0.vpt" size="6217728" crc="45dc83be" md5="41ec0e7878d413efc21d674cb0d47fa6" sha1="be7529ee27edacf07bd27ead78fa8d37053c0c29" />
		<rom name="nine-ball-desktop.jpg" size="527591" crc="82da7532" md5="6cd1f4026422ee1b05b594ea455cfb88" sha1="e8bacc30e85fa8b3559b751c3fa653e5576d9469" />
	</machine>
	<machine name="Playboy (Bally)(1978)(ICPjuggla, gtxjoe)(1.1)[VP99x][WideScreen]">
		<description>Playboy (Bally)(1978)(ICPjuggla, gtxjoe)(1.1)[VP99x][WideScreen]</description>
		<rom name="Playboy(Bally 1978)WS-1.1.vpt" size="36630528" crc="41a8ca93" md5="582fef35b4c16e78facb6483cf606837" sha1="87d5c9288a7e59d09c05fd9542d8611863105d98" />
		<rom name="playboyws.png" size="2201257" crc="652cf21f" md5="0df083773bfc00380f29314a20f58bc4" sha1="30e99a927e9c695cc9fd5bc1506bc47d249a4d1c" />
	</machine>
	<machine name="Rambo (Premier)(1986)(ICPjuggla, gtxjoe, zany, dark, vampirolatino2)(1.2)[VP991][WideScreen ICPjuggla]">
		<description>Rambo (Premier)(1986)(ICPjuggla, gtxjoe, zany, dark, vampirolatino2)(1.2)[VP991][WideScreen ICPjuggla]</description>
		<rom name="Rambo (Premier)(1986)(ICPjuggla, gtxjoe, zany, dark, vampirolatino2)(1.2)[VP991][WideScreen ICPjuggla].vpt" size="55930880" crc="42261484" md5="d2b45d7958f3476ffc95681e75e784cc" sha1="b3febcdbd479e31d2a0cb77123dcee89ac826f2c" />
		<rom name="Raven (WideScreen) screenshot.png" size="2389167" crc="902d947b" md5="bd4a974554cb31b473fb8b85a3aaf9cc" sha1="9d48dbfc88369d0ebe9f33b7bbe4b9dbab071a13" />
		<rom name="ravena.zip" size="18714" crc="8152258b" md5="a1eee886619a082ec447cdb08651d673" sha1="de53fb8af69f42d2b0722821fba0b88d72a1e56c" />
	</machine>
	<machine name="Raven (Premier)(1986)(ICPjuggla, gtxjoe, zany, dark)(1.1)[VP991][WideScreen ICPjuggla]">
		<description>Raven (Premier)(1986)(ICPjuggla, gtxjoe, zany, dark)(1.1)[VP991][WideScreen ICPjuggla]</description>
		<rom name="Raven (Premier 1986) WS 1.1.vpt" size="54624256" crc="6646c17a" md5="d783035fce9aae6692aeb32b6476f2c6" sha1="e60eef1f9786e51a55e5410058c805c0042ea0d9" />
		<rom name="ws_green.png" size="2348240" crc="dd3b5b24" md5="b6bfc1a7cda7f6f4b6ac83a3f8be6300" sha1="f74f868a6edd33c72f9ce054c2ba3842d045577f" />
	</machine>
	<machine name="Road Kings (Williams)(1986)(sliderpoint)(1.0)[VP99x][DT WS v1.01 StevOz]">
		<description>Road Kings (Williams)(1986)(sliderpoint)(1.0)[VP99x][DT WS v1.01 StevOz]</description>
		<rom name="rkfss.jpg" size="466072" crc="523bb8ab" md5="b5317cdfa3417d35595e96c005f5b188" sha1="c949bf6d93ba767314d4ac3360dd1b081ef99e66" />
		<rom name="Road Kings (Williams 1986) DTWS VP99x.vpt" size="33341440" crc="9dcdf0d1" md5="81e31152b4dece84d737ffbe90415211" sha1="2dac1684b629317eceffcb997c01f0b3e823c4c8" />
	</machine>
	<machine name="Skateball (Bally)(1980)(gtxjoe)(1.0)[VP921-VP990][WideScreen]">
		<description>Skateball (Bally)(1980)(gtxjoe)(1.0)[VP921-VP990][WideScreen]</description>
		<rom name="Skateball (Bally)(1980)(gtxjoe)(1.0WS)[VP921-VP990][WideScreen gtxjoe].vpt" size="27533312" crc="769b3cb9" md5="18e6e803421731b32e5669e0f87f85dc" sha1="f2a447eae062d316895559d3de98c307e266550b" />
		<rom name="Skateball screenshot.png" size="4782531" crc="0ca73288" md5="293e8a0dd89cab0ff4108da5cae3adff" sha1="41c9ca51fa1c2ad3f7e7533a2af71087e9e72100" />
	</machine>
	<machine name="Space Shuttle (Williams)(1984)(Rosve)(1.3)[VP990][WideScreen Rosve]">
		<description>Space Shuttle (Williams)(1984)(Rosve)(1.3)[VP990][WideScreen Rosve]</description>
		<rom name="Space Shuttle (Williams)(1984)(Rosve)(1.3)[VP990][WideScreen Rosve].vpt" size="33357824" crc="00a81545" md5="e78216b196e2dde40c9d13b5270e1a15" sha1="8e37d51a1977754e19d386446d28fd521edcb157" />
		<rom name="Space Shuttle screenshot.png" size="1741316" crc="b4af76fb" md5="553e5d0c275fd1be9f9b66957670c073" sha1="4fc716da723d16e344c6bef36e1d5ef931d587af" />
	</machine>
	<machine name="Truck Stop (Bally)(1988)(Sindbad)(1.1.1)[VP990][Desktop WideScreen version StevOz v1.1.2]">
		<description>Truck Stop (Bally)(1988)(Sindbad)(1.1.1)[VP990][Desktop WideScreen version StevOz v1.1.2]</description>
		<rom name="Truck Stop (Bally)(1988)(Sindbad)(1.1.1)[VP990][Desktop WideScreen version StevOz v1.1.2].vpt" size="89206784" crc="804b4580" md5="5c29ae83004896acc89ce17ff9dfa62d" sha1="0018a332d5a61a9b92f3589c92493fc41dd8bc61" />
		<rom name="Truck Stop screenshot.jpg" size="649872" crc="b4bfb854" md5="51e0e8efa9bc122ee87bf09c3ab050ec" sha1="f141e5e10cd984ae0a06871c2038a1e41cfb00ca" />
	</machine>
	<machine name="Who Dunnit - A Murder Mystery (Bally)(1995)(Nealtron)(1.1)[VP9][Widescreen]">
		<description>Who Dunnit - A Murder Mystery (Bally)(1995)(Nealtron)(1.1)[VP9][Widescreen]</description>
		<rom name="B2Bcollision.vbs" size="16048" crc="c4ff0ab1" md5="e693ec8a813841983761fd2b2da18d28" sha1="41b4aeb3036ab790cf37a4dc785fdfda5df7115c" />
		<rom name="Who Dunnit - A Murder Mystery (Bally)(1995)(Nealtron)(1.1)[VP990][WideScreen Nealtron].vpt" size="28672000" crc="0146b382" md5="bc61be68202f74bc6a42c008972bda69" sha1="262c163ae6d111bde18083674daa970e5b56c26e" />
		<rom name="Who Dunnit - A Murder Mystery screenshot.png" size="3042588" crc="d09c514c" md5="85061c7add3964abdd636fa6fef8aff4" sha1="6d2fd5e128bddfb6b01c5a6fe8bb341b0b48c41d" />
	</machine>
</datafile>