<?xml version="1.0" encoding="utf-8"?>
<!DOCTYPE datafile PUBLIC "-//Logiqx//DTD ROM Management Datafile//EN" "http://www.logiqx.com/Dats/datafile.dtd">
<datafile>
	<header>
		<name>Visual Pinball [VP91x] PinMame Tables [Hybrid View]</name>
		<description>Visual Pinball [VP91x] PinMame Tables [Hybrid View] (2024-01-27)</description>
		<version></version>
		<date>2024-01-27</date>
		<author></author>
	</header>
	<machine name="Addams Family, The (Bally)(1992)(Melon, Rascal)(1.0)[VP91x][HV]">
		<description>Addams Family, The (Bally)(1992)(Melon, Rascal)(1.0)[VP91x][HV]</description>
		<rom name="The Addams Family (1992) (Bally) (Melon) (Rascal) (HV) (1.0) vp91x.png" size="3286763" crc="a28e5f1f" md5="b3637c09e1146b9791115c909526e88b" sha1="7617a5be44ec0c2cfdcf46e6e83cd6c01a180393" />
		<rom name="The Addams Family (1992) (Bally) (Melon) (Rascal) (HV) (1.0) vp91x.vpt" size="23908352" crc="c977303e" md5="dba3b6119391788dba906eae24a72729" sha1="9cecc3439f2fca51bed06b6712b7dbd211632271" />
	</machine>
	<machine name="Airborne (Capcom)(1996)(Bodydump, Jimmyfingers, Rascal)(1.0)[VP916][HybridView]">
		<description>Airborne (Capcom)(1996)(Bodydump, Jimmyfingers, Rascal)(1.0)[VP916][HybridView]</description>
		<rom name="Airborne (Capcom)(1996)(Bodydump, Jimmyfingers, Rascal)(1.0)[VP916][HybridView].png" size="2274043" crc="666d8f07" md5="8f7ebed2cfada42573ba864f80aaa3e4" sha1="8f40e734e129d844e5696d5ee8284f0f23c370ec" />
		<rom name="Airborne (Capcom)(1996)(Bodydump, Jimmyfingers, Rascal)(1.0)[VP916][HybridView].vpt" size="31596544" crc="f12369ca" md5="93b09e6ca081cc57c003bae6d9da3168" sha1="3cb11113562bc13803e5d711544938e0bef9d7c4" />
	</machine>
	<machine name="Al's Garage Band Goes on a World Tour (Alvin G.)(1992)(oooPLAYER1ooo, Rascal)(1.0)[VP916][HybridView]">
		<description>Al's Garage Band Goes on a World Tour (Alvin G.)(1992)(oooPLAYER1ooo, Rascal)(1.0)[VP916][HybridView]</description>
		<rom name="Al's Garage Band Goes On A World Tour (AlvinG)(1992)(oooPLAYER1ooo, Rascal)(1.0)[VP916][HybridView].png" size="3125685" crc="eb8ec0db" md5="77ca0e17dace2d5d4adf2a10b56de37f" sha1="fc6f4745bf3fa2d25c7a6f3efe927f09bca5b1e6" />
		<rom name="Al's Garage Band Goes On A World Tour (AlvinG)(1992)(oooPLAYER1ooo, Rascal)(1.0)[VP916][HybridView].vpt" size="33169408" crc="4782d1f5" md5="97f7ea069c014dadde8004741e9207ea" sha1="c26a088f30b1c6f1826b08fe437e483a5df16a69" />
	</machine>
	<machine name="Attack from Mars (Bally)(1995)(jpsalas, Rascal)(1.0)[VP91x][HV]">
		<description>Attack from Mars (Bally)(1995)(jpsalas, Rascal)(1.0)[VP91x][HV]</description>
		<rom name="Attack from Mars (1995) (Bally) (jpsalas) (Rascal) (1.0) (HV) VP914.png" size="2558810" crc="73791576" md5="4954ff1b8f4619ffe90a1e5ad616f423" sha1="da6a588d244d55d2b4e43692958afb285151d01d" />
		<rom name="Attack from Mars (1995) (Bally) (jpsalas) (Rascal) (1.0) (HV) VP914.vpt" size="31989760" crc="860e5f71" md5="5fb1c50e1cd5ab8062dcaca695e353da" sha1="9de91d5f472a82f0c0c0816b567eccdc17be2154" />
	</machine>
	<machine name="Baby Pac-Man (Bally)(1982)(unclewilly, Rascal)(1.0)[VP91x][HV]">
		<description>Baby Pac-Man (Bally)(1982)(unclewilly, Rascal)(1.0)[VP91x][HV]</description>
		<rom name="Baby Pac-Man (1982) (Bally) (unclewilly) (Rascal) (1.0) (HV) VP916.png" size="1955003" crc="2cdd44cc" md5="545ca9985057d54fd79ad0255910a945" sha1="eec0e59c77daadcf2e638f6faa569ec7c142644a" />
		<rom name="Baby Pac-Man (1982) (Bally) (unclewilly) (Rascal) (1.0) (HV) VP916.vpt" size="12853248" crc="6af49b3b" md5="155d308180d2531cfc9197e01372ce88" sha1="a06d69c10a719f0fa88a5855640ed6274b839670" />
	</machine>
	<machine name="Bad Cats (Williams)(1989)(jpsalas, Rascal)(1.0)[VP915][HV]">
		<description>Bad Cats (Williams)(1989)(jpsalas, Rascal)(1.0)[VP915][HV]</description>
		<rom name="Bad Cats (1989) (Williams) (jpsalas) (Rascal) (1.0) (HV) vp915.png" size="2670714" crc="487656c1" md5="77eae02e773c423a4fd74c2aba73cc98" sha1="8e5ecdf4b07c1b4a0e7bc186e6e04cad4b1244ce" />
		<rom name="Bad Cats (1989) (Williams) (jpsalas) (Rascal) (1.0) (HV) vp915.vpt" size="27815936" crc="c203dcc4" md5="02b257adbac18b9d5021b2265c5f7578" sha1="1c63b9a0aa26237c4edfeb0beffdc365846cba2f" />
	</machine>
	<machine name="Banzai Run (Williams)(1988)(Megapin - GRONI)(Rascal)(1.0)(HV)[VP916]">
		<description>Banzai Run (Williams)(1988)(Megapin - GRONI)(Rascal)(1.0)(HV)[VP916]</description>
		<rom name="Banzai Run (1988) (Williams) (Megapin - GRONI) (Rascal) (1.0) (HV) vp916.png" size="2707480" crc="8e811c95" md5="77a03b55664cff6a6c967625eb27dceb" sha1="ab76cb37814f83c159e5e68358ba67ac6e4ecdae" />
		<rom name="Banzai Run (1988) (Williams) (Megapin - GRONI) (Rascal) (1.0) (HV) vp916.vpt" size="34697216" crc="3ca4a79d" md5="c711c79cc68f8175e6e5dfd495950009" sha1="e2ddc87dfb89b4f09751752884aa8e633aa2e41e" />
	</machine>
	<machine name="Big Bang Bar (Capcom)(1996)(unclewilly, jimmyfingers, Grizz)(2.0)[VP914][HybridView Rascal v1.0]">
		<description>Big Bang Bar (Capcom)(1996)(unclewilly, jimmyfingers, Grizz)(2.0)[VP914][HybridView Rascal v1.0]</description>
		<rom name="Big Bang Bar (Capcom)(1996)(unclewilly, jimmyfingers, Grizz)(2.0)[VP914][HyperView Rascal v1.0].vpt" size="49913856" crc="1afc4740" md5="558961e6a1406ead5b8aea179dd6aa3e" sha1="55c6dd2253125f21d408de6b5e7e1f7fef58d7c5" />
		<rom name="Big Bang Bar screenshot.png" size="2797521" crc="5405cce8" md5="a3dbe582604e1e0f041d7d00a0ceee64" sha1="678e9cd4646f1f5761b0880ee45f91cef2749ec0" />
	</machine>
	<machine name="Cirqus Voltaire (Bally)(1997)(jpsalas, Rascal)(1.0)[VP913][HV]">
		<description>Cirqus Voltaire (Bally)(1997)(jpsalas, Rascal)(1.0)[VP913][HV]</description>
		<rom name="Cirqus Voltaire (1997) (Bally) (jpsalas) (Rascal) (1.0) (HV) VP913.png" size="3120585" crc="508663a6" md5="2cc496b98b8bac62b31371f7b834d324" sha1="64d67daeff588a2e2e75adf683d5dced55126e7e" />
		<rom name="Cirqus Voltaire (1997) (Bally) (jpsalas) (Rascal) (1.0) (HV) VP913.vpt" size="46710784" crc="2e75c4e5" md5="6b16ba4c8bfc35462203e74f66631fac" sha1="17a08707d8c2cb71e4fe84e01152eb28c2ee8c32" />
	</machine>
	<machine name="Congo (Williams)(1995)(jpsalas, Rascal)(1.0)[VP91x][HV]">
		<description>Congo (Williams)(1995)(jpsalas, Rascal)(1.0)[VP91x][HV]</description>
		<rom name="Congo (1995) (Williams) (jpsalas) (Rascal) (1.0) (HV) VP916.png" size="2635333" crc="566302f6" md5="4f1b5eb1422dcfc4fea10a537ba3b567" sha1="7edf5a7ebfac1e71df3837535abcdc489bf6669e" />
		<rom name="Congo (1995) (Williams) (jpsalas) (Rascal) (1.0) (HV) VP916.vpt" size="21676032" crc="4102f6a9" md5="9fb73eb57cd74ce6b62fbfcdc0dc37a7" sha1="0e94bd99193bd5f30d7e538cb5963f30b7a9d115" />
	</machine>
	<machine name="Cyclone (Williams)(1988)(Melon, Rascal)(1.0)[VP916][HV]">
		<description>Cyclone (Williams)(1988)(Melon, Rascal)(1.0)[VP916][HV]</description>
		<rom name="Cyclone (1988) (Williams) (Melon) (Rascal) (1.0) (HV) vp916.png" size="2978832" crc="4cc76d5f" md5="05f833422455790f94215d3984eacb7e" sha1="ba6ee8c31f6de04c9e557a76c0850b5c44273742" />
		<rom name="Cyclone (1988) (Williams) (Melon) (Rascal) (1.0) (HV) vp916.vpt" size="25096192" crc="50a23dda" md5="c179fb10873e3395ced5332b9ecd6c67" sha1="30faed57762c80b71cf5f93c17cee51b88b7a633" />
	</machine>
	<machine name="Diner (Williams)(1990)(Tamoore)(1.0)[VP916][B2S][HyperView Rascal v1.0]">
		<description>Diner (Williams)(1990)(Tamoore)(1.0)[VP916][B2S][HyperView Rascal v1.0]</description>
		<rom name="Diner (Williams)(1990)(Tamoore)(1.0)[VP916][B2S][HyperView Rascal v1.0]/b2s.vbs" size="7527" crc="61185a8d" md5="5ddacb102a1b7f0504cda365bc45efcb" sha1="8a355a7b9ec0334e73a36e6bb783f8876d8be533" />
		<rom name="Diner (Williams)(1990)(Tamoore)(1.0)[VP916][B2S][HyperView Rascal v1.0]/B2S_SetUp.exe" size="52736" crc="bd2ca485" md5="2b6060fa009f3092f47f14e7dd3cf512" sha1="f8027e8e135d2d6f9679719b4eb53c5e42e2c108" />
		<rom name="Diner (Williams)(1990)(Tamoore)(1.0)[VP916][B2S][HyperView Rascal v1.0]/Diner (1990) (Williams) (Rascal) (Tamoore) (1.0) (HV) vp916.png" size="3295191" crc="cdc32ae8" md5="db615793473a68f308b0500e95880038" sha1="944d0b9cc616cf23c1f1d9af3cd7b8a15d543ba0" />
		<rom name="Diner (Williams)(1990)(Tamoore)(1.0)[VP916][B2S][HyperView Rascal v1.0]/Diner_WS_B2S.exe" size="28448256" crc="870a267b" md5="1c69dbe233ea671bf33d936bbe316ad8" sha1="faf2b7116f054295d1d8ba8cc08509e842ec2a17" />
		<rom name="Diner (Williams)(1990)(Tamoore)(1.0)[VP916][B2S][HyperView Rascal v1.0]/Diner_WS_B2S.vpt" size="33701888" crc="d7bfbc40" md5="93518bef650cd6f5a78b668f26318e44" sha1="2a535ee596447be6a5b805fc270f0a26d6fbff85" />
		<rom name="Diner (Williams)(1990)(Tamoore)(1.0)[VP916][B2S][HyperView Rascal v1.0]/ScreenRes.txt" size="24" crc="1f74f727" md5="9ab0956d5e17d79de28811c56c337fe2" sha1="8ec97ad34ebf3cfec25ae539f91ed10d9591dda3" />
	</machine>
	<machine name="Dolly Parton (Bally)(1979)(JPSalas)(Rascal)(1.0)[VP916][HV]">
		<description>Dolly Parton (Bally)(1979)(JPSalas)(Rascal)(1.0)[VP916][HV]</description>
		<rom name="Dolly Parton (1978) (Bally) (jpsalas) (Rascal) (1.0) (HV) vp916.png" size="2686491" crc="5f4ac345" md5="52123b0ca7e71b0d21bb1e5bb5f6e49e" sha1="100f205cc4b6ac84edce36a9a786e30ec491ca99" />
		<rom name="Dolly Parton (1978) (Bally) (jpsalas) (Rascal) (1.0) (HV) vp916.vpt" size="21925888" crc="a608166d" md5="ae4a22551fa0a0fbe170051c3dbf6c3c" sha1="4cf1bc8cd1c5eda2fb64bc08117545f56429de44" />
	</machine>
	<machine name="Eight Ball (Bally)(1977)(Megapin - Groni, Rascal)(1.0)[VP91x][HV]">
		<description>Eight Ball (Bally)(1977)(Megapin - Groni, Rascal)(1.0)[VP91x][HV]</description>
		<rom name="Eight Ball (1977) (Bally) (Megapin - Groni) (Rascal) (1.0) (Hv) VP916.png" size="2951446" crc="2bd2ec2d" md5="2e132dd1ad56531484edd2b8249d844b" sha1="e49074d1d1d7b7053d8375586ec8827fe493dd4b" />
		<rom name="Eight Ball (1977) (Bally) (Megapin - Groni) (Rascal) (1.0) (Hv) VP916.vpt" size="28966912" crc="de78f593" md5="6ac115967a75a3abba017e46e372aecd" sha1="f698a5dad475e31027fd559afcf21d90e7040716" />
	</machine>
	<machine name="Fish Tales (Williams)(1992)(Melon, Rascal)(1.0)[VP91x][HV]">
		<description>Fish Tales (Williams)(1992)(Melon, Rascal)(1.0)[VP91x][HV]</description>
		<rom name="Fish Tales (1992) (Williams) (Melon) (Rascal) (1.0) (HV) vp9 to vp916.png" size="3054363" crc="786f3ebf" md5="6f0e50b0ef08c9e8f123db0746c49b00" sha1="06166335e12d57095369c6fc510fd2e6d7b2cc78" />
		<rom name="Fish Tales (1992) (Williams) (Melon) (Rascal) (1.0) (HV) vp9 to vp916.vpt" size="24510464" crc="a1070236" md5="1192bc1b70aef3f20759c306e33b9d56" sha1="46a4de28131e914dc0f77e24403e0081695a269d" />
	</machine>
	<machine name="Funhouse (Williams)(1990)(JPSalas)(Rascal)(1.0)[VP916]">
		<description>Funhouse (Williams)(1990)(JPSalas)(Rascal)(1.0)[VP916]</description>
		<rom name="Funhouse (1990) (Williams) (jpsalas) (Rascal) (1.0) (HV) vp916.png" size="3484756" crc="e0acb10f" md5="559cc17cf812159d04f55e90aaa657d4" sha1="fc7910a6ff03431cdaf08ac59a0a7273ddced9e2" />
		<rom name="Funhouse (1990) (Williams) (jpsalas) (Rascal) (1.0) (HV) vp916.vpt" size="18448384" crc="9a16902b" md5="b5fb887a92e63f42ee025b17d45de5bb" sha1="05748dec8e72bd4bb5a01b4e319111550224d6a3" />
	</machine>
	<machine name="James Cameron's Avatar (Stern)(2010)(85vett, Rascal)(1.0)[VP916][HV]">
		<description>James Cameron's Avatar (Stern)(2010)(85vett, Rascal)(1.0)[VP916][HV]</description>
		<rom name="Avatar (2010) (Stern) (85vett) (Rascal) (1.0) (HV) vp916.png" size="3997170" crc="96a19806" md5="90e594e44f9c8e73f99d4c2d9ba34c51" sha1="cf788981240097f3ce6046e8b587723288edb7cd" />
		<rom name="Avatar (2010) (Stern) (85vett) (Rascal) (1.0) (HV) vp916.vpt" size="35405824" crc="34627199" md5="08c1ad38429ceb4bb14e7bdafbb1f995" sha1="7356da795c30149b507a2054d763084d4b760592" />
	</machine>
	<machine name="Junk Yard (Williams)(1996)(mfuegemann, Rascal)(1.0)(HV)[VP91x]">
		<description>Junk Yard (Williams)(1996)(mfuegemann, Rascal)(1.0)(HV)[VP91x]</description>
		<rom name="Junk Yard (1996) (Williams) (mfuegemann) (Rascal) (1.0) (HV) vp916.png" size="3011344" crc="f1e99ef3" md5="19252d7824305440af5474bf43597d5f" sha1="c28d093aa672ffb4648ccf54c9a0e82f66b10722" />
		<rom name="Junk Yard (1996) (Williams) (mfuegemann) (Rascal) (1.0) (HV) vp916.vpt" size="14389248" crc="6eba8645" md5="c7e40e78b96b4b29200b87c0eb5fd7c4" sha1="0598928580fe7312e9e1e995e18b5a78ac2849a1" />
	</machine>
	<machine name="Lord of the Rings, The (Stern)(2003)(JPSalas, Rascal)(2.4)[VP91x][HV]">
		<description>Lord of the Rings, The (Stern)(2003)(JPSalas, Rascal)(2.4)[VP91x][HV]</description>
		<rom name="Lord of the Rings, The (2003) (Stern) (jpsalas) (Rascal) (1.0) (HV) VP916.png" size="2641545" crc="7b3fa513" md5="f64acd49dee1bf85b9636f4b6963be87" sha1="8474fcc58e84ab79a665f43236080a4cf639662c" />
		<rom name="Lord of the Rings, The (2003) (Stern) (jpsalas) (Rascal) (1.0) (HV) VP916.vpt" size="51195904" crc="cb9d58a1" md5="4ca3ec6488659b437669bddfe2f363e1" sha1="cee1afa4b65b845cc45e0f8d51a837e9a1a2b70a" />
	</machine>
	<machine name="No Fear - Dangerous Sports (Williams)(1995)(jpsalas, Rascal)(1.0)[VP916][HV]">
		<description>No Fear - Dangerous Sports (Williams)(1995)(jpsalas, Rascal)(1.0)[VP916][HV]</description>
		<rom name="No Fear - Dangerous Sports (1995) (Williams) (jpsalas) (Rascal) (1.0) (HV) vp916.png" size="2431682" crc="e399c649" md5="e55028928a9f00f1fffed9507108e2a1" sha1="21e1d86a5b24aa9fd19f82e04188523ed1b9215f" />
		<rom name="No Fear - Dangerous Sports (1995) (Williams) (jpsalas) (Rascal) (1.0) (HV) vp916.vpt" size="15134720" crc="a694473c" md5="e352f39342069016fbface7d627745ad" sha1="3b0ec6137cf1352e5e13761d5930ffbeae823968" />
	</machine>
	<machine name="Pirates of the Caribbean (Stern)(2006)(85vett, Rascal)(1.0)[VP916][HV]">
		<description>Pirates of the Caribbean (Stern)(2006)(85vett, Rascal)(1.0)[VP916][HV]</description>
		<rom name="Pirates of the Caribbean (2006) (Stern) (85vett) (Rascal) (1.0) (HV) vp916.png" size="2837773" crc="66f9fc35" md5="e5b020ab4d77f1ad75e8ac6759b9f96d" sha1="9cddac1f8739fe719738dc0fee07acfa3eda7f76" />
		<rom name="Pirates of the Caribbean (2006) (Stern) (85vett) (Rascal) (1.0) (HV) vp916.vpt" size="28302839" crc="bec76079" md5="01285ff4dc5fa5a7e1351f9819463ab8" sha1="dbb74e51b32fe21783dacf70407fb2067ea077be" />
	</machine>
	<machine name="Scared Stiff (Bally)(1996)(jpsalas, Rascal)(1.0)[VP916][HV]">
		<description>Scared Stiff (Bally)(1996)(jpsalas, Rascal)(1.0)[VP916][HV]</description>
		<rom name="Scared Stiff (1996) (Bally) (jpsalas) (Rascal) (1.0) (HV) VP916.png" size="2991816" crc="51b60dfd" md5="7c2308104cc31be1bfacb12af3c54f31" sha1="75fa6817ab5b11e9e34ca45dc743239a41279b71" />
		<rom name="Scared Stiff (1996) (Bally) (jpsalas) (Rascal) (1.0) (HV) VP916.vpt" size="24756224" crc="98ce41ac" md5="86e648e755a9a04d9d77d17215270eaa" sha1="889ee18c8fcd9b6b1a14881557eec7fc7a8be23a" />
	</machine>
	<machine name="Seawitch (Stern)(1980)(unclewilly, Rascal)(1.0)[VP916][HV]">
		<description>Seawitch (Stern)(1980)(unclewilly, Rascal)(1.0)[VP916][HV]</description>
		<rom name="Seawitch (1980) (Stern) (unclewilly) (Rascal) (1.0) (HV) VP916.png" size="3076650" crc="e956394d" md5="7f58c0f1cee50549e0f46376184282f1" sha1="ecb08a8df61453671d05b3b0f9e4358ccd58e142" />
		<rom name="Seawitch (1980) (Stern) (unclewilly) (Rascal) (1.0) (HV) VP916.vpt" size="17403904" crc="a5efa66b" md5="7900489b1dce2ed6ee4bfd7dfaf988b9" sha1="9faab1c35cc01efb03164004e5cbc7b4a2285c5d" />
	</machine>
	<machine name="South Park (SEGA)(1999)(oooPLAYER1ooo)(1.0)[VP916][HyperView Rascal v1.0]">
		<description>South Park (SEGA)(1999)(oooPLAYER1ooo)(1.0)[VP916][HyperView Rascal v1.0]</description>
		<rom name="South Park (SEGA)(1999)(oooPLAYER1ooo)(1.0)[VP916][HyperView Rascal v1.0].vpt" size="38494208" crc="a59bb65d" md5="7466b024a2d9bfab35efef21aed77f50" sha1="cdb59a6944752c9aa45a0bd9799aad72b4f8e24b" />
		<rom name="South Park screenshot.png" size="3049234" crc="07c37a28" md5="7b74f4fa1264dd861ec02f1a47e6cfbe" sha1="7218a0296d67f0b4166a09980711899629a09a16" />
	</machine>
	<machine name="Space Shuttle (Williams)(1984)(Melon, Rascal)(1.0)[VP916][HV]">
		<description>Space Shuttle (Williams)(1984)(Melon, Rascal)(1.0)[VP916][HV]</description>
		<rom name="Space Shuttle (1984) (Williams) (Melon) (Rascal) (1.0) (HV) vp9 -- vp916.png" size="2531558" crc="84b35da3" md5="597dd27dba8983c5122290a41edd643e" sha1="ae8c8642e5fa032e0e111c6ace9be0d2b9b5d28c" />
		<rom name="Space Shuttle (1984) (Williams) (Melon) (Rascal) (1.0) (HV) vp9 -- vp916.vpt" size="16990208" crc="5624cc84" md5="10eab6b55d66038ca0c06e054e1089d1" sha1="25f834d02460d277ebfffcc0d5e846f90ece4b45" />
	</machine>
	<machine name="Star Wars Trilogy (SEGA)(1997)(JPSalas,Rascal)(1.0)[VP915][HV]">
		<description>Star Wars Trilogy (SEGA)(1997)(JPSalas,Rascal)(1.0)[VP915][HV]</description>
		<rom name="Star Wars Trilogy (1997) (SEGA) (Jpsalas) (Rascal) (HV) (1.0) VP915.png" size="3242562" crc="09b5b333" md5="dbf9b98d4888b7c8f4730ac9fbfe7903" sha1="5c7ba2bc1409b63aea977057d2370ed1210ea1af" />
		<rom name="Star Wars Trilogy (1997) (SEGA) (Jpsalas) (Rascal) (HV) (1.0) VP915.vpt" size="32956056" crc="d5c054ce" md5="00ffc63e7102792df4cac922c17cbefa" sha1="b08463c1185b1a299ad433a2bbd35404a5a6d997" />
	</machine>
	<machine name="Terminator 3 - Rise of the Machines (Stern)(2003)(Megapin - GRONI, Rascal)(1.0)[VP916][HV]">
		<description>Terminator 3 - Rise of the Machines (Stern)(2003)(Megapin - GRONI, Rascal)(1.0)[VP916][HV]</description>
		<rom name="Terminator 3 Rise of the Machine (2003) (Stern) (Megapin - GRONI) (Rascal) (1.0) (HV) vp916.png" size="2704729" crc="3a7fcfe8" md5="e34d8e407a317c295c1efc408437197b" sha1="19eae3de06903ac965e59c36123a11bc24f2f25d" />
		<rom name="Terminator 3 Rise of the Machine (2003) (Stern) (Megapin - GRONI) (Rascal) (1.0) (HV) vp916.vpt" size="17612800" crc="6f8cc7d7" md5="fa04d41505fec28842a6262969b5c048" sha1="bbba2221e60e97edbbca241fdc48353d8b984cf1" />
	</machine>
	<machine name="Tron (2011)(Stern)(85vett, Rascal)(1.0)[VP916][HV]">
		<description>Tron (2011)(Stern)(85vett, Rascal)(1.0)[VP916][HV]</description>
		<rom name="Tron (2011) (Stern) (85vett) (Rascal) (1.0) (HV) VP916.png" size="2548004" crc="7398866e" md5="4d8fc8e108443d99784baa43070f2aa7" sha1="103312203cb197f5969a62eefef05392e7aaa68d" />
		<rom name="Tron (2011) (Stern) (85vett) (Rascal) (1.0) (HV) VP916.vpt" size="18132992" crc="1cf21f24" md5="a8e01259a908031a45537df72056d912" sha1="38db85d6a24cdd0be09d59d65a732f7395fa06d9" />
	</machine>
	<machine name="Twilight Zone (Bally)(1993)(Megapin)(1.0)[VP916][Night Mod unclewilly][HybridView Rascal v1.0]">
		<description>Twilight Zone (Bally)(1993)(Megapin)(1.0)[VP916][Night Mod unclewilly][HybridView Rascal v1.0]</description>
		<rom name="Twilight Zone (Bally)(1993)(Megapin)(1.0)[VP916][Night Mod unclewilly][HyperView Rascal v1.0].vpt" size="47894528" crc="7fefc6ed" md5="bce95100ff029b00312ff013ee8c0c10" sha1="0ed6786a335dd82dbcf643cf8fb6ee2cb4d2b8d6" />
		<rom name="Twilight Zone screenshot.png" size="2634234" crc="c417eb01" md5="636789941a8c9319d7f9759cba985e9a" sha1="c2b02e79eae6378a124c99c154bce9e942695766" />
	</machine>
	<machine name="White Water (Williams)(1993)(jpsalas, Rascal)(1.0)[VP916][HV]">
		<description>White Water (Williams)(1993)(jpsalas, Rascal)(1.0)[VP916][HV]</description>
		<rom name="Whitewater (1993) (Williams) (jpsalas) (Rascal) (1.0) (HV) VP916.png" size="2580757" crc="787d6185" md5="da87424f0d349be72bfe6c6661363bc1" sha1="773aa658b0f842d07fcbc313b8533cd8dc6a876e" />
		<rom name="Whitewater (1993) (Williams) (jpsalas) (Rascal) (1.0) (HV) VP916.vpt" size="48705536" crc="65bb9726" md5="19565d90f3465c9025ce0dfc0beb07a4" sha1="ccba11f07751d64fa8dcea0d25415add44ce06cd" />
	</machine>
	<machine name="Xenon (Bally)(1980)(Uncle Willie, Loafer, Rascal)(1.0)[VP914][HV]">
		<description>Xenon (Bally)(1980)(Uncle Willie, Loafer, Rascal)(1.0)[VP914][HV]</description>
		<rom name="Xenon (1980) (Bally) (Uncle Willie) (Loafer) (Rascal) (1.0) (HV) VP914.png" size="2527431" crc="86c8f16e" md5="cfcfef926f4e06eba8bc30def4da62eb" sha1="798808fe7701c88c4ba84beaedccb56e548f6eac" />
		<rom name="Xenon (1980) (Bally) (Uncle Willie) (Loafer) (Rascal) (1.0) (HV) VP914.vpt" size="19431424" crc="09e2979e" md5="2558e2f21371028bb938a5111a670420" sha1="eefe1f4205622eee793911cc4a563950d2fdc537" />
	</machine>
</datafile>