<?xml version="1.0" encoding="utf-8"?>
<!DOCTYPE datafile PUBLIC "-//Logiqx//DTD ROM Management Datafile//EN" "http://www.logiqx.com/Dats/datafile.dtd">
<datafile>
	<header>
		<name>Visual Pinball [VPX07] Recreated Tables [MODs, HACKs]</name>
		<description>Visual Pinball [VPX07] Recreated Tables [MODs, HACKs] (2024-01-27)</description>
		<version></version>
		<date>2024-01-27</date>
		<author></author>
	</header>
	<machine name="4 Square (Gottlieb)(1971)(Loserman76)(1.0.0f)[VPX07][MOD Gfx v1.0 Teisen]">
		<description>4 Square (Gottlieb)(1971)(Loserman76)(1.0.0f)[VPX07][MOD Gfx v1.0 Teisen]</description>
		<rom name="4 Square (Gottlieb 1971)_Teisen_MOD.vpx" size="36745216" crc="80b4bb40" md5="de31b69509bc1cf69bfb1134f95299c7" sha1="4ab35f9be261dc3ea3375600f437a4451a563f61" />
	</machine>
	<machine name="Airport (Gottlieb)(1969)(Loserman76, GNance)(1.0.0f)[VPX07][MOD Gfx v1.0 Teisen]">
		<description>Airport (Gottlieb)(1969)(Loserman76, GNance)(1.0.0f)[VPX07][MOD Gfx v1.0 Teisen]</description>
		<rom name="Airport (Gottlieb 1969)_Teisen_MOD.vpx" size="33345536" crc="159adb27" md5="6722b256f4fb62f50eefa21a4a3c778b" sha1="0d2c5e7c82351e8b5e7e5a0027ae8a438bdd20e4" />
	</machine>
	<machine name="Aloha (Gottlieb)(1961)(jino0372, Popotte)(1.1)[VPX07][MOD Sound v1.1.0 MauiPunter]">
		<description>Aloha (Gottlieb)(1961)(jino0372, Popotte)(1.1)[VPX07][MOD Sound v1.1.0 MauiPunter]</description>
		<rom name="Music/aloha/Aloha Oe.mp3" size="2609325" crc="bf6c9d93" md5="55570ca820fcddfcffbaf8cd822bdd2a" sha1="b0798a6267af7e512fef830214585393400dba76" />
		<rom name="Music/aloha/Drop Baby Drop.mp3" size="2888109" crc="08959ac8" md5="e423af913275e6b2c5dd154cfb423d12" sha1="ef0cd2bfa6743b9c06a0e660bce83777aa9264ed" />
		<rom name="Music/aloha/Green Rose Hula.mp3" size="2114349" crc="6d7a12ae" md5="f3ba08b1fcc16fe5f272d8b3017400fa" sha1="78ee90f5aea56eba0843072d139b892c4a1a20fc" />
		<rom name="Music/aloha/Heat Wave.mp3" size="2939949" crc="0fb3e3fb" md5="3b468ec9991c197fdb108652b9164e2e" sha1="42042588f3cab427518a87960a2c6eb832f8706b" />
		<rom name="Music/aloha/Honolulu how do you do.mp3" size="3314733" crc="c0a22e8c" md5="14159b991c015d99703ecbb5818844b1" sha1="8f0816d6f6cd54f23ccfc2b6072df5f1d95605ce" />
		<rom name="Music/aloha/Ill Weave A Lei Of Stars For You.mp3" size="2478765" crc="2df21d98" md5="27bcbb08a1701032080ea4fe2275acd7" sha1="ba59430b37c4c4e05c0cc974fa3f940f502dfb25" />
		<rom name="Music/aloha/Island Style.mp3" size="3875757" crc="df9e927f" md5="b82fc2bcdf9fa61d6ffc07e775df19bc" sha1="0c2efd6b3201fb5ed45f5892420bff6086e9d461" />
		<rom name="Music/aloha/Kauai Beauty.mp3" size="3412269" crc="2edc22cb" md5="6c59777947e8cf07edb565a52879cde3" sha1="63333391d7c00399e36627abdc96f467a0bbf191" />
		<rom name="Music/aloha/Lilikoi.mp3" size="5250093" crc="85bceb72" md5="f93e1d156d91d062bb2d452f898733b3" sha1="b9317b72bc95241aef1d5c525a37999c8e847184" />
		<rom name="Music/aloha/Maui Girl.mp3" size="2738733" crc="23fbe46d" md5="83ea5f152ae9ae192aa2ddf97df84774" sha1="f3f3816f365980c98548b0cb5337d81a193a2f6c" />
		<rom name="Music/aloha/Sleep Walk.mp3" size="2208813" crc="14c12e49" md5="87deeafe7696baa228966068f9185f59" sha1="6e08313faa33ee2e6dbaf13f7bc269fbfea5cd0d" />
		<rom name="Music/aloha/White Sandy Beach.mp3" size="2542893" crc="3de2d542" md5="fb4d5f27c03de723264da244ba154235" sha1="4bbaaf197921b701ca762da045d83ac94b1ed506" />
		<rom name="Music/aloha/You Kuuipo.mp3" size="4469421" crc="49200aac" md5="7975fc175d398ce8e45fb0fbb5f25df1" sha1="5e92873dbaa5b22ca68bf02de3568660e5b5acf9" />
		<rom name="Aloha (Gottlieb 1961).directb2s" size="6985466" crc="7fbb0caa" md5="f9497e4bf54d0e77bc94e61edf4f6fbc" sha1="2b9afb8bd8fbdb994d7a9554dfa9480619fd97e7" />
		<rom name="Aloha (Gottlieb 1961).vpx" size="67850240" crc="be3e4871" md5="b40736576ea083e04fa63a3b4bcc0a67" sha1="9be1b38641f9135f8f4eacb280290b9c115a656d" />
	</machine>
	<machine name="Amigo (Bally)(1974)(Loserman76)(1.0a)[VPX07][MOD Gfx v1.0 Teisen]">
		<description>Amigo (Bally)(1974)(Loserman76)(1.0a)[VPX07][MOD Gfx v1.0 Teisen]</description>
		<rom name="Amigo (Bally 1974)_Teisen_MOD.vpx" size="40988672" crc="2ab44fc7" md5="1dfa4df169970004ac218d9a60076ec4" sha1="fd4cef27a26943d0d8ac45d2eb67012300f2ef1d" />
	</machine>
	<machine name="Aquarius (Gottlieb)(1970)(Loserman76, GNance)(1.0.0f)[VPX07][MOD Gfx v1.0 Teisen]">
		<description>Aquarius (Gottlieb)(1970)(Loserman76, GNance)(1.0.0f)[VPX07][MOD Gfx v1.0 Teisen]</description>
		<rom name="Aquarius (Gottlieb 1970)_Teisen_MOD.vpx" size="37449728" crc="d509c3c7" md5="54db0f30a26d8858a743271655650e3c" sha1="112c5aa79be0006fdbf956fa53818969b4b11c2f" />
	</machine>
	<machine name="Atlantis (Gottlieb)(1975)(Loserman76, GNance, Bodydump)(1.0.0f)[VPX07][MOD Gfx v1.1 Teisen, movieguru]">
		<description>Atlantis (Gottlieb)(1975)(Loserman76, GNance, Bodydump)(1.0.0f)[VPX07][MOD Gfx v1.1 Teisen, movieguru]</description>
		<rom name="Atlantis (Gottlieb1975)_Teisen_MOD1.1.vpx" size="65732608" crc="22259885" md5="7a58d49919382b81ea01af3f483fb7db" sha1="ffe064ecaf5d7b434d8b9d3c0727cb59743eeeb7" />
	</machine>
	<machine name="Balls-A-Poppin (Bally)(1956)(Loserman76)(1.0.0f)[VPX07][MOD Gfx v1.0 Teisen]">
		<description>Balls-A-Poppin (Bally)(1956)(Loserman76)(1.0.0f)[VPX07][MOD Gfx v1.0 Teisen]</description>
		<rom name="Balls-A-Poppin (Bally 1956)_Teisen_MOD.vpx" size="41857024" crc="31d31073" md5="a0de04c938dccad022c5e8ad58fac1fe" sha1="912a5248088e8468144ed1d6d536cfe20b1fbbb0" />
	</machine>
	<machine name="Barbarella (Talleres del Llobregat)(1972)(Loserman76, Akiles50000, JPSalas)(1.0.0f)[VPX07][MOD Gfx v1.0.0 GauGau]">
		<description>Barbarella (Talleres del Llobregat)(1972)(Loserman76, Akiles50000, JPSalas)(1.0.0f)[VPX07][MOD Gfx v1.0.0 GauGau]</description>
		<rom name="Barbarella fur backdrop.vpx" size="36564992" crc="35f0032c" md5="e0c423e2262049befa4086aa73906257" sha1="81ea8d1079109525efbd4219be580a2909140522" />
	</machine>
	<machine name="Baseball (Gottlieb)(1970)(Loserman76, GNAnce)(2.0.0f)[VPX07][MOD Gfx v1.0.0 Teisen]">
		<description>Baseball (Gottlieb)(1970)(Loserman76, GNAnce)(2.0.0f)[VPX07][MOD Gfx v1.0.0 Teisen]</description>
		<rom name="Baseball (Gottlieb 1970)_Teisen_MOD.vpx" size="35381248" crc="1b22ea5a" md5="60a94a0832d6425d01660afb0e37cb10" sha1="4cdb5770b55887a68d4b6f4c31338ef09698cd82" />
	</machine>
	<machine name="Big Casino (Gottlieb)(1963)(Loserman76, GNance, Chris Aguilar)(1.0 aka 1.0.0f)[VPX07][MOD Gfx v1.0 Teisen]">
		<description>Big Casino (Gottlieb)(1963)(Loserman76, GNance, Chris Aguilar)(1.0 aka 1.0.0f)[VPX07][MOD Gfx v1.0 Teisen]</description>
		<rom name="Big Casino (Gottlieb 1963)_Teisen_MOD.vpx" size="40009728" crc="bb792075" md5="83fab1d5d1682d4f7075c0f767336005" sha1="f07dcddaf36c8f623cc8833931ba080604a154f7" />
	</machine>
	<machine name="Big Chief (Williams)(1965)(Loserman76)(1.0c)[VPX07][MOD Gfx v1.0 Teisen]">
		<description>Big Chief (Williams)(1965)(Loserman76)(1.0c)[VPX07][MOD Gfx v1.0 Teisen]</description>
		<rom name="Big Chief (Williams 1965)_Teisen_MOD.vpx" size="41365504" crc="0eb7ada5" md5="8fad8b6ae69ad16ea87c7f4aa92f334e" sha1="ecdf77e280c92384e9f7e3bab65aa3d682465e39" />
	</machine>
	<machine name="Black Gold (Williams)(1975)(Loserman76)(1.0)[VPX07][MOD Gfx v1.0 Teisen]">
		<description>Black Gold (Williams)(1975)(Loserman76)(1.0)[VPX07][MOD Gfx v1.0 Teisen]</description>
		<rom name="Black Gold (Williams 1975)_Teisen_MOD.vpx" size="33038336" crc="2832fd4e" md5="6b2814483b2dc820b367da63e92c3670" sha1="2dfc143deb4806aa0b3138ff45e440377bf7cda8" />
	</machine>
	<machine name="Bow and Arrow EM (Bally)(1975)(Loserman76, Goldchicco, JPSalas)(1.0b)[VPX07][MOD Gfx v1.0 Teisen]">
		<description>Bow and Arrow EM (Bally)(1975)(Loserman76, Goldchicco, JPSalas)(1.0b)[VPX07][MOD Gfx v1.0 Teisen]</description>
		<rom name="Bow And Arrow EM (Bally 1975)_Teisen_MOD.vpx" size="57597952" crc="81be3d7c" md5="7ff63520aca61e021ffc3b04bb304a2f" sha1="277ab8fd43682da1e900273909fdd58b4ee9a790" />
	</machine>
	<machine name="Bristol Hills! (Gottlieb)(1970)(Loserman76, GNance)(1.0.0f)[VPX07][MOD Gfx v1.0 Teisen]">
		<description>Bristol Hills! (Gottlieb)(1970)(Loserman76, GNance)(1.0.0f)[VPX07][MOD Gfx v1.0 Teisen]</description>
		<rom name="Bristol Hills! (Gottlieb 1970)_Teisen_MOD.vpx" size="39108608" crc="8055d0f2" md5="41c9600f00d380db199c627c536d2e77" sha1="1056e6d5fd5cb3f1f6bc74ef2b35640abe10cf9d" />
	</machine>
	<machine name="Bronco (Gottlieb)(1977)(Loserman76)(1.0)[VPX07][MOD Gfx v1.0 Teisen]">
		<description>Bronco (Gottlieb)(1977)(Loserman76)(1.0)[VPX07][MOD Gfx v1.0 Teisen]</description>
		<rom name="Bronco (Gottlieb 1977)_Teisen_MOD.vpx" size="34889728" crc="df9e4fe5" md5="e6f9849d6027211a2d0d5d5c90305354" sha1="42914124c51ceacfbe7f812ea75f1fbc4ebf2801" />
	</machine>
	<machine name="Buckaroo (Gottlieb)(1965)(Loserman76, GNance)(1.0.0f)[VPX07][MOD Gfx v1.0.0 Teisen]">
		<description>Buckaroo (Gottlieb)(1965)(Loserman76, GNance)(1.0.0f)[VPX07][MOD Gfx v1.0.0 Teisen]</description>
		<rom name="Buckaroo (Gottlieb 1965)_Teisen_MOD.vpx" size="41492480" crc="a0c2ffbc" md5="84da86d1cc640685b2d6c20810f7ada0" sha1="24e71cbf8ddc99219c0ea51e793be3947cd4f38e" />
	</machine>
	<machine name="Canada Dry (Gottlieb)(1976)(Loserman76, AllKnowing2012)(1.0.0f)[VPX07][MOD Gfx v1.1 Teisen, movieguru]">
		<description>Canada Dry (Gottlieb)(1976)(Loserman76, AllKnowing2012)(1.0.0f)[VPX07][MOD Gfx v1.1 Teisen, movieguru]</description>
		<rom name="Canada Dry (Gottlieb1976)_Teisen_MOD_1.1.vpx" size="60862464" crc="043133f1" md5="3d87b5353cf8be5fbb51fc2d09c203c5" sha1="bd3aa2ffc8d8ec59bee873a6539ee35342d0cecd" />
	</machine>
	<machine name="Captain Nemo Dives Again (Quetzal)(2015)(EpeC)(5.0)[VPX07][Steam Flyer MOD]">
		<description>Captain Nemo Dives Again (Quetzal)(2015)(EpeC)(5.0)[VPX07][Steam Flyer MOD]</description>
		<rom name="Captain NEMO v5.0 and v5.0 MOD (you need to read this)/About changes on Script de Captain NEMO Dives Again (Quetzal Pinball 2015) by EpeC (2022) v5.0 +(v5.0 Steam Flyer MOD).txt" size="10932" crc="5802eb86" md5="e26cf2a46604dfe0e0af43ca1e774397" sha1="23d07f774ccefb40dc286a2a0bde6932958b1e8a" />
		<rom name="Captain NEMO v5.0 and v5.0 MOD (you need to read this)/Captain NEMO Dives Again (Quetzal Pinball 2015) by EpeC (2022) (creditos - ESP) v4.8.pdf" size="49209" crc="41adf2a4" md5="6b53061916f2b470a2e98a61a837f368" sha1="82f1258a732b2b6a4b18a7cb3ba0d17083dcaee3" />
		<rom name="Captain NEMO v5.0 and v5.0 MOD (you need to read this)/Captain NEMO Dives Again (Quetzal Pinball 2015) by EpeC (2022) (credits - ENG) v4.8.pdf" size="48674" crc="8dca2d4f" md5="3bc401f3d0d8f0a03490ae084ef69ae2" sha1="b9ccba50b5211a117b89e0ca6643d11e0846efd4" />
		<rom name="Captain NEMO v5.0 and v5.0 MOD (you need to read this)/Instructions ENG - Captain NEMO Dives Again (Quetzal Pinball 2015) by EpeC (2022) v4.8.pdf" size="122741" crc="c2ba5346" md5="75c0e0687119d5f6b29441d074eeab39" sha1="ec780465dc009bb8c008386301fb7d7fb33041e4" />
		<rom name="Captain NEMO v5.0 and v5.0 MOD (you need to read this)/Manual ESP - Captain NEMO Dives Again (Quetzal Pinball 2015) by EpeC (2022) v4.8.pdf" size="125691" crc="c1c30ce3" md5="b30ab2fa09e42463cc0bd85067ba483e" sha1="0cad1fec81daf28160015b8395065d6b88ceae9b" />
		<rom name="Wheel MOD/Captain NEMO Dives Again (Quetzal Pinball 2015) by EpeC (2022) (v4.8 Steam Flyer MOD).png" size="1893318" crc="d9c391f9" md5="2ab54d0cb82809c1724f101367a246d5" sha1="7f0f2627bd6818bfae656a847075f506cc61c362" />
		<rom name="Captain NEMO Dives Again (Quetzal Pinball 2015) by EpeC (2022) (v5.0 Steampunk Flyer MOD).directb2s" size="12480135" crc="251ab8f6" md5="22032a833bc88a66c6277f04ab9f7ded" sha1="31297393d8d424fed84d40e5787de804a6aef09b" />
		<rom name="Captain NEMO Dives Again (Quetzal Pinball 2015) by EpeC (2022) (v5.0 Steampunk Flyer MOD).vpx" size="131457024" crc="6ac703c3" md5="a83c0684f77554c38f1523471249b3b6" sha1="0f8e0246e218f17a221e29a57347f0fa88f0fe2a" />
	</machine>
	<machine name="Card King (Gottlieb)(1971)(Loserman76)(1.0.0f)[VPX07][MOD Gfx v1.0 Teisen]">
		<description>Card King (Gottlieb)(1971)(Loserman76)(1.0.0f)[VPX07][MOD Gfx v1.0 Teisen]</description>
		<rom name="Card King (Gottlieb 1971)_Teisen_MOD.vpx" size="33976320" crc="f2881f39" md5="28a0592f4a70fcfc0ea9ddb925437d22" sha1="8ff083b3490563c692c65d439e12a38f93862465" />
	</machine>
	<machine name="Circus (Bally)(1973)(Loserman76)(1.0a)[VPX07][MOD Gfx v1.1 Teisen, movieguru]">
		<description>Circus (Bally)(1973)(Loserman76)(1.0a)[VPX07][MOD Gfx v1.1 Teisen, movieguru]</description>
		<rom name="Circus (Bally 1973)_Teisen_MOD1.1.vpx" size="41447424" crc="4512d609" md5="789f59e7c0438d095edddaa2e8385a9d" sha1="c4c51961f4415711519522a57b0373e2a9e29c0e" />
	</machine>
	<machine name="Circus (Zaccaria)(1977)(Loserman76, GNance)(1.0afix)[VPX07][MOD Gfx v1.0 Teisen]">
		<description>Circus (Zaccaria)(1977)(Loserman76, GNance)(1.0afix)[VPX07][MOD Gfx v1.0 Teisen]</description>
		<rom name="Circus (Zaccaria 1977)_Teisen_MOD.vpx" size="41476096" crc="32e0b285" md5="f45c35562cf1bf882620254035489c3c" sha1="4fa1477f4d29424238f879b6d0113e39dd6e0aff" />
	</machine>
	<machine name="Crescendo (Gottlieb)(1970)(Loserman76, GNance, Noah Fentz)(1.0.0f)[VPX07][MOD Gfx v1.0 Teisen]">
		<description>Crescendo (Gottlieb)(1970)(Loserman76, GNance, Noah Fentz)(1.0.0f)[VPX07][MOD Gfx v1.0 Teisen]</description>
		<rom name="Crescendo (Gottlieb 1970)_Teisen_MOD.vpx" size="36454400" crc="ac4702d3" md5="7c9af3b118d9f1079def4f071168fd2a" sha1="97870f90c2bfef983963cabb1e0690f3995e1075" />
		<rom name="Crescendo (Gottlieb 1970)_Wildman.directb2s" size="16681843" crc="75cff6e5" md5="9efac7edad9a7c70f13c44fb230dd832" sha1="1d905884d7224a9a5ef97e9829095a5f2990c1ca" />
	</machine>
	<machine name="Dealer's Choice (Williams)(1973)(Loserman76)(1.0)[VPX07][MOD Gfx v1.0 Teisen]">
		<description>Dealer's Choice (Williams)(1973)(Loserman76)(1.0)[VPX07][MOD Gfx v1.0 Teisen]</description>
		<rom name="Dealers Choice (Williams 1973)_Teisen_MOD.vpx" size="28332032" crc="a117e63a" md5="0e6171cb987d5d553d90fdfbdc7e5d00" sha1="809d71cffa8e9a03c151ad8cc4601f92de948816" />
	</machine>
	<machine name="Dragon (Interflip)(1977)(Loserman76)(1.00a)[VPX07][MOD Gfx v1.0 Teisen]">
		<description>Dragon (Interflip)(1977)(Loserman76)(1.00a)[VPX07][MOD Gfx v1.0 Teisen]</description>
		<rom name="Dragon (Interflip 1977)_Teisen_MOD.vpx" size="42172416" crc="c8d4591d" md5="edcd9293c8d20da49b620ca8884488d3" sha1="f11b47c74c371db57608232200759353ad3c3eb1" />
	</machine>
	<machine name="Egg Head (Gottlieb)(1961)(Loserman76, GNance)(1.0.0f)[VPX07][MOD Gfx v1.0 Teisen]">
		<description>Egg Head (Gottlieb)(1961)(Loserman76, GNance)(1.0.0f)[VPX07][MOD Gfx v1.0 Teisen]</description>
		<rom name="Egg Head (Gottlieb 1961)_Teisen_MOD.vpx" size="37560320" crc="0a81fb94" md5="d21894bcdc2fba8c20827abb90080ba7" sha1="2c8e1636632a99e568fc03b7b7994cab7bb51968" />
	</machine>
	<machine name="El Dorado (Gottlieb)(1975)(Loserman76, GNance)(1.0.0f)[VPX07][MOD Gfx v1.0 Teisen]">
		<description>El Dorado (Gottlieb)(1975)(Loserman76, GNance)(1.0.0f)[VPX07][MOD Gfx v1.0 Teisen]</description>
		<rom name="El Dorado (Gottlieb 1975)_Teisen_MOD.vpx" size="37257216" crc="6fa1efd6" md5="2c19af03e027a93eb11fd34583c31aaa" sha1="cd29090746c296aa30f45796d167e3e6866e21fa" />
	</machine>
	<machine name="Fast Draw (Gottlieb)(1975)(Loserman76, GNance)(1.0.0f)[VPX07][MOD Gfx v1.0 Teisen]">
		<description>Fast Draw (Gottlieb)(1975)(Loserman76, GNance)(1.0.0f)[VPX07][MOD Gfx v1.0 Teisen]</description>
		<rom name="Fast Draw (Gottlieb 1975)_Teisen_MOD.vpx" size="35061760" crc="52764558" md5="3ecb6023bff3612abdfb1f5622f4b752" sha1="48b110cd87a73c7e8b0731d45f5a5591cb24e8c2" />
	</machine>
	<machine name="Fast Draw (Gottlieb)(1975)(Loserman76, GNance)(1.0.0f)[VPX07][MOD Music v1.0.0fm 10mmSocket]">
		<description>Fast Draw (Gottlieb)(1975)(Loserman76, GNance)(1.0.0f)[VPX07][MOD Music v1.0.0fm 10mmSocket]</description>
		<rom name="Fast Draw 1.0.0f MusicMod/Fast Draw (Gottlieb 1975)musicmod.vpx" size="59076608" crc="9e04b203" md5="bf235eee33d6adf81f8ff7549bafc65e" sha1="4a89455fc989a539845b7a3cf87b0fa059dcb233" />
		<rom name="Fast Draw 1.0.0f MusicMod/Fast Draw/00.mp3" size="3125589" crc="d81bd3cc" md5="60202cc8f23555fd41538e8e20188113" sha1="c700f826bd004e856e057f99597de58b066a3033" />
		<rom name="Fast Draw 1.0.0f MusicMod/Fast Draw/01.mp3" size="35171829" crc="5b3077ae" md5="45b519e0dfd8e4f0b2dac9d896c20f15" sha1="a11c24e852051894cefed79d496b9226bf316795" />
		<rom name="Fast Draw 1.0.0f MusicMod/Fast Draw/02.mp3" size="8202189" crc="14b66b67" md5="cc3c5d7eb9cb9085133b1dd69bcff15f" sha1="692e87169e2583102074585f5e9b6e64654e8022" />
		<rom name="Fast Draw 1.0.0f MusicMod/Fast Draw/03.mp3" size="5413077" crc="f6abb021" md5="0097c1a09eeb9580660e94ded521b065" sha1="e7e3755a3a0662c782b58118ddd7b0c2a2b25b4e" />
		<rom name="Fast Draw 1.0.0f MusicMod/Fast Draw/04.mp3" size="2841501" crc="fe525c87" md5="4367c6b9c1b55730c29304a25776a54b" sha1="a1f6d03e9527a6c51357205747a40e9869ca18a4" />
		<rom name="Fast Draw 1.0.0f MusicMod/Fast Draw/05.mp3" size="5625453" crc="7ddc94a6" md5="c1293bbe11a7b4864a0a3df51c4ce2aa" sha1="db85ba5476fcfdcf40fa353efd25e55a9f2736e2" />
		<rom name="Fast Draw 1.0.0f MusicMod/Fast Draw/06.mp3" size="6402957" crc="7933e1ae" md5="c4a896ea697861d5fda6dc4e37621938" sha1="979f96925f2a4ac96f684822bd9063bd299958f6" />
	</machine>
	<machine name="Firecracker (Bally)(1971)(Loserman76)(1.0.0f)[VPX07][MOD Gfx v1.1 Teisen, Hauntfreaks, Cliffy]">
		<description>Firecracker (Bally)(1971)(Loserman76)(1.0.0f)[VPX07][MOD Gfx v1.1 Teisen, Hauntfreaks, Cliffy]</description>
		<rom name="Firecracker (Bally 1971)_Teisen_MOD.vpx" size="38461440" crc="c46076db" md5="78d3e083b7048b07615d40bf21909bfb" sha1="d83f5f7ad32e22195ba6f0cf584e5757fe729057" />
	</machine>
	<machine name="FJ (Hankin)(1978)(32assassin)[VPX07][MOD Gfx v2.0 Bigus]">
		<description>FJ (Hankin)(1978)(32assassin)[VPX07][MOD Gfx v2.0 Bigus]</description>
		<rom name="FJ (Hankin 1978)_Bigus(MOD)2.0.vpx" size="20402176" crc="c3c5c520" md5="f0414b267c25228a64565d3603fe94ed" sha1="267a9d38f3143712d42fe88fb9610df1cb3b6aed" />
	</machine>
	<machine name="Flip A Card (Gottlieb)(1970)(Loserman76, Hauntfreaks, GNance)(1.0.0f)[VPX07][MOD Gfx v1.0 Teisen]">
		<description>Flip A Card (Gottlieb)(1970)(Loserman76, Hauntfreaks, GNance)(1.0.0f)[VPX07][MOD Gfx v1.0 Teisen]</description>
		<rom name="Flip A Card (Gottlieb 1970)_Teisen_MOD.vpx" size="34181120" crc="4e93b20d" md5="399ddf013bf4aa02f1a156f1ce7c55a0" sha1="fa7618c74c6c288d810cb8de437f617ed8bcee4a" />
	</machine>
	<machine name="Flipper Fair (Gottlieb)(1961)(Loserman76, GNance)(1.0.0f)[VPX07][MOD Gfx v1.0 Teisen]">
		<description>Flipper Fair (Gottlieb)(1961)(Loserman76, GNance)(1.0.0f)[VPX07][MOD Gfx v1.0 Teisen]</description>
		<rom name="Flipper Fair (Gottlieb 1961)_Teisen_MOD.vpx" size="35901440" crc="b054a098" md5="8ea3d7bd09bc98e064d13277c811d282" sha1="5c365bc37e94d16fcaa8f3c042444fd8d7d9bf01" />
	</machine>
	<machine name="Flipper Pool (Gottlieb)(1965)(Loserman76, GNance)(1.0.0f)[VPX07][MOD Gfx v1.0 Teisen]">
		<description>Flipper Pool (Gottlieb)(1965)(Loserman76, GNance)(1.0.0f)[VPX07][MOD Gfx v1.0 Teisen]</description>
		<rom name="Flipper Pool (Gottlieb 1965)_Teisen_MOD.vpx" size="43012096" crc="0d7d1ece" md5="e71af97d6b67aec3b1171cecbb0a560d" sha1="21d0b6ee7e131f1bd060bcb674e0bea48af7c9f4" />
	</machine>
	<machine name="Flying Chariots (Gottlieb)(1963)(Loserman76)(1.0)[VPX07][MOD Gfx v1.0 Teisen]">
		<description>Flying Chariots (Gottlieb)(1963)(Loserman76)(1.0)[VPX07][MOD Gfx v1.0 Teisen]</description>
		<rom name="Flying Chariots (Gottlieb 1963)_Teisen_MOD.vpx" size="42098688" crc="38fdde04" md5="ae5c96b1de9e732c1984ace0f932ae67" sha1="bcdf32ddbc4310ee3782013f7169334037e0293e" />
	</machine>
	<machine name="Four Seasons (Gottlieb)(1968)(Loserman76)(1.0.0f)[VPX07][MOD Gfx v1.0.0 Teisen]">
		<description>Four Seasons (Gottlieb)(1968)(Loserman76)(1.0.0f)[VPX07][MOD Gfx v1.0.0 Teisen]</description>
		<rom name="Four Seasons (Gottlieb 1968)_Teisen_MOD.vpx" size="42487808" crc="4d37cd2c" md5="3fb2975a519398f6e651ca9c6a5aa9de" sha1="49a06efd2664831d3949fd1146e7e06fc1a71b04" />
	</machine>
	<machine name="Free Fall (Gottlieb)(1974)(Loserman76, GNance)(1.0.0f)[VPX07][MOD Gfx v1.0 Teisen]">
		<description>Free Fall (Gottlieb)(1974)(Loserman76, GNance)(1.0.0f)[VPX07][MOD Gfx v1.0 Teisen]</description>
		<rom name="Free Fall (Gottlieb 1974)_Teisen_MOD.vpx" size="37666816" crc="38981c9e" md5="2a299a5e5821ad3afa8f21ef3d81884e" sha1="91221a581b0921b7a97e3db8c7424492d7ec381f" />
	</machine>
	<machine name="Full (Recreativos Franco)(1977)(Loserman76, Popotte)(1.0)[VPX07][MOD Gfx v1.0 Teisen]">
		<description>Full (Recreativos Franco)(1977)(Loserman76, Popotte)(1.0)[VPX07][MOD Gfx v1.0 Teisen]</description>
		<rom name="Full (Recreativos Franco 1977)_Teisen_MOD.vpx" size="38731776" crc="f7c69d57" md5="2af2bc7076454a9c11e40c7ee00650be" sha1="da020cb452bb430ce029985a55f1edefe11489f2" />
	</machine>
	<machine name="Fun Land (Gottlieb)(1968)(Loserman76, GNance)(1.0.0f)[VPX07][MOD Gfx v1.0 Teisen]">
		<description>Fun Land (Gottlieb)(1968)(Loserman76, GNance)(1.0.0f)[VPX07][MOD Gfx v1.0 Teisen]</description>
		<rom name="Fun Land (Gottlieb 1968).directb2s" size="21056921" crc="5d61a403" md5="0274fce5f18bd8b9fb48957e1e218a29" sha1="4fef400db4826937d56c0e1ab81720bafdf0e6ba" />
		<rom name="Fun Land (Gottlieb 1968)_Teisen_MOD.vpx" size="36892672" crc="afd6638e" md5="b2a4ff32c75fdf3b0e9f3a19d85097f5" sha1="69d8d7ac43954177e1fd572236f43d4abc34e343" />
	</machine>
	<machine name="Gay 90s (Williams)(1970)(-=Kees=-, Loserman76, Hauntfreaks, Borg Dog, Zany)(1.00)[VPX07][MOD Gfx v1.0 Teisen]">
		<description>Gay 90s (Williams)(1970)(-=Kees=-, Loserman76, Hauntfreaks, Borg Dog, Zany)(1.00)[VPX07][MOD Gfx v1.0 Teisen]</description>
		<rom name="Gay 90's (Williams 1970)_Teisen_MOD.vpx" size="21487616" crc="d1f2fb20" md5="bdda74e414b80d1410b12e4d18c09605" sha1="a73076c5ed4ae0730ef0903dff8d887648e3fe4f" />
	</machine>
	<machine name="Genesis (Gottlieb)(1986)(nFozzy, JPSalas)(1.1)[VPX07][MOD Gfx v1.2 SG1bsoN]">
		<description>Genesis (Gottlieb)(1986)(nFozzy, JPSalas)(1.1)[VPX07][MOD Gfx v1.2 SG1bsoN]</description>
		<rom name="2086835718_Genesis(Gottlieb1986)SG1bsoNModV1.2.vpx" size="66617344" crc="f27c45f6" md5="f91b10b3667e5ac59eb6b79880ae1ec7" sha1="b6e477b469425ced18cc2dab1d2de314332cb815" />
	</machine>
	<machine name="Gigi (Gottlieb)(1963)(Loserman76, GNance)(1.0.0f)[VPX07][MOD Gfx v1.0 Teisen]">
		<description>Gigi (Gottlieb)(1963)(Loserman76, GNance)(1.0.0f)[VPX07][MOD Gfx v1.0 Teisen]</description>
		<rom name="Gigi (Gottlieb 1963).directb2s" size="28971122" crc="f6189459" md5="8898ebd9652b09cebe87a92bca171fce" sha1="badc43d8f48d50f749a8b6b96750f50c4973121e" />
		<rom name="Gigi (Gottlieb 1963)_Teisen_MOD.vpx" size="45826048" crc="5c6b61f3" md5="dccb37fbc012afd0d5e42ad4e9872597" sha1="8eb4ad0d1bed365108e15a5b4ea4cfe44097afdd" />
	</machine>
	<machine name="Gridiron (Gottlieb)(1977)(Loserman76)(1.0a)[VPX07][dB2S][MOD Gfx v1.0 RusstyT]">
		<description>Gridiron (Gottlieb)(1977)(Loserman76)(1.0a)[VPX07][dB2S][MOD Gfx v1.0 RusstyT]</description>
		<rom name="GidironVPX7_RusstyTmod1.0/Gridiron_RusstyTmod1_0.directb2s" size="16676487" crc="5ff5161a" md5="1761627eaf5a554c9eca4bbabef5e027" sha1="92cd0cb025d7cbc98306c2fdb6f03420e5f6dab8" />
		<rom name="GidironVPX7_RusstyTmod1.0/Gridiron_RusstyTmod1_0.vpx" size="56631296" crc="bd14d2f2" md5="3cef6d90566a6cc57311fe9974c8aa5f" sha1="f1ff136ca0f2d1447f6c3beae857935b18db7758" />
	</machine>
	<machine name="Gridiron (Gottlieb)(1977)(Loserman76)(1.0a)[VPX07][NFL Team Selection MOD v1.0 endeemillr]">
		<description>Gridiron (Gottlieb)(1977)(Loserman76)(1.0a)[VPX07][NFL Team Selection MOD v1.0 endeemillr]</description>
		<rom name="Gridiron (Gottlieb 1977) NFL Mod/Gridiron (Gottlieb 1977) NFL Mod.directb2s" size="50310762" crc="8698594c" md5="dbefca18d5e9bf7e63baad1c2305bf45" sha1="d67296c92fcfea62ca10cccddf7f91f00395ca2f" />
		<rom name="Gridiron (Gottlieb 1977) NFL Mod/Gridiron (Gottlieb 1977) NFL Mod.png" size="308257" crc="28176cdc" md5="d7e54b854b086a35c168b0cb7180b4a3" sha1="554d834de7721adfe20fb7aa7aea5ee2c5dba1b2" />
		<rom name="Gridiron (Gottlieb 1977) NFL Mod/Gridiron (Gottlieb 1977) NFL Mod.vpx" size="52072448" crc="7538aa81" md5="058a05bb58f2eaf863ecd278b65748bf" sha1="133b4772aeb143bc329f81f28c2c67027d272c37" />
	</machine>
	<machine name="High Hand (Gottlieb)(1973)(Loserman76, GNance)(1.0b)[VPX07][DT+FS+dB2S][DOF arngrim][MOD Gfx v1.0 Bigus]">
		<description>High Hand (Gottlieb)(1973)(Loserman76, GNance)(1.0b)[VPX07][DT+FS+dB2S][DOF arngrim][MOD Gfx v1.0 Bigus]</description>
		<rom name="High Hand (Gottlieb 1973)_Bigus(MOD)1.0.vpx" size="38039552" crc="230947c2" md5="514777f9aa4368accd795693e36c2d00" sha1="8498ff311af945e18365ad888eb8335a76dd4361" />
	</machine>
	<machine name="Jacks Open (Gottlieb)(1977)(Goldchicco, Sliderpoint, Pinuck)(1.1)[VPX07][MOD  Gfx v1.0 Bigus]">
		<description>Jacks Open (Gottlieb)(1977)(Goldchicco, Sliderpoint, Pinuck)(1.1)[VPX07][MOD  Gfx v1.0 Bigus]</description>
		<rom name="Jacks Open (Gottlieb 1977)_Bigus(MOD)1.0.vpx" size="60416000" crc="c72d64cf" md5="a472420faefe858e1b9528a553356b0e" sha1="0c1ff47e80e0c0648f480bc3efbde97fa4614002" />
	</machine>
	<machine name="Jet Spin (Gottlieb)(1977)(Loserman76, GNance)(1.0.0f)[VPX07][MOD Gfx v1.0 Teisen]">
		<description>Jet Spin (Gottlieb)(1977)(Loserman76, GNance)(1.0.0f)[VPX07][MOD Gfx v1.0 Teisen]</description>
		<rom name="Jet Spin (Gottlieb 1977)_Teisen_MOD.vpx" size="41566208" crc="c2d88631" md5="87488aca9bdb2e2ddd1ac76fcc80d0f5" sha1="f062dd543460282f7475a9929f0cf00d32e0240f" />
	</machine>
	<machine name="JP's Captain Fantastic (Bally)(1975)(JPSalas, akiles50000)(4.0.0)[VPX07]">
		<description>JP's Captain Fantastic (Bally)(1975)(JPSalas, akiles50000)(4.0.0)[VPX07]</description>
		<rom name="JP's Captain Fantastic (Bally 1975) v4.vpx" size="7553024" crc="27af19c3" md5="46d06459d33ca5336304741390f16081" sha1="bad6a9cf7d54f00396280637b0627353fe806c3f" />
	</machine>
	<machine name="JP's Deadpool (Stern)(2018)(JPSalas)(1.0.8)[VPX07]">
		<description>JP's Deadpool (Stern)(2018)(JPSalas)(1.0.8)[VPX07]</description>
		<rom name="DP_Frame.png" size="326147" crc="f78aa04d" md5="c22df80bc173aa40aeab0cb5505d7d83" sha1="a80d78c3afda5058a486ab39aee31d0044def05d" />
		<rom name="JP's Deadpool 1.08.vpx" size="37687296" crc="24ca07e0" md5="45773c42725b4c2b30ef1e93ec4884d5" sha1="e99845614bf0f65ce42115e6a4b1974e26427013" />
		<rom name="JP's Deadpool 3 screen.directb2s" size="6880825" crc="a5a3a16b" md5="6b5f2844d4e4afdde9543517a25c555f" sha1="a28011b4edb1c262e5b08e57ee5766fa41a66edb" />
		<rom name="JP's Deadpool v1.0.pdf" size="340859" crc="e93f0a47" md5="7874b9df49ead15fd4a4dd70b05c384f" sha1="abcc0c31dc3db1a01de74148f6268a79f98424cc" />
		<rom name="JP's Deadpool.directb2s" size="7377509" crc="62396e87" md5="8326049c8fc1981eeae4795e552d93e6" sha1="c2ecf0398ae11ec2d2c99be7eccd95dd98dfa08d" />
	</machine>
	<machine name="JP's Deadpool (Stern)(2018)(JPSalas)(1.0.8)[VPX07][nFozzy, Fleep, LUT MOD v1.1 Gedankekojote]">
		<description>JP's Deadpool (Stern)(2018)(JPSalas)(1.0.8)[VPX07][nFozzy, Fleep, LUT MOD v1.1 Gedankekojote]</description>
		<rom name="Deadpool 1.1.vpx" size="94474240" crc="1ad1ea16" md5="c67c476622309c40da67dc5f749a2d6e" sha1="1f358e0935bd10e9596757978d116249c3146f4e" />
	</machine>
	<machine name="JP's Deadpool (Stern)(2018)(JPSalas)(4.0.1)[VPX07]">
		<description>JP's Deadpool (Stern)(2018)(JPSalas)(4.0.1)[VPX07]</description>
		<rom name="DP_Frame.png" size="326147" crc="f78aa04d" md5="c22df80bc173aa40aeab0cb5505d7d83" sha1="a80d78c3afda5058a486ab39aee31d0044def05d" />
		<rom name="JP's Deadpool 3 screen.directb2s" size="6880825" crc="a5a3a16b" md5="6b5f2844d4e4afdde9543517a25c555f" sha1="a28011b4edb1c262e5b08e57ee5766fa41a66edb" />
		<rom name="JP's Deadpool v4.vpx" size="38088704" crc="9a527786" md5="619a8cf8711a4d6d537ec64861cb1f84" sha1="0a8ef1e4ef4748470b5dee17e7d8dfd0bce15242" />
		<rom name="JP's Deadpool.directb2s" size="7377509" crc="62396e87" md5="8326049c8fc1981eeae4795e552d93e6" sha1="c2ecf0398ae11ec2d2c99be7eccd95dd98dfa08d" />
		<rom name="JP's Deadpool.pdf" size="340859" crc="e93f0a47" md5="7874b9df49ead15fd4a4dd70b05c384f" sha1="abcc0c31dc3db1a01de74148f6268a79f98424cc" />
	</machine>
	<machine name="JP's Mephisto (Cirsa)(1987)(JPSalas)(1.0.1)[VPX07]">
		<description>JP's Mephisto (Cirsa)(1987)(JPSalas)(1.0.1)[VPX07]</description>
		<rom name="JP's Mephisto (Cirsa 1987) 1.0.1.vpx" size="38637568" crc="56583747" md5="71f8cb755417e1e2feff752fbdbebf28" sha1="ba858577d84f30e6ea1cf4ad717b2295c4651948" />
		<rom name="jps-mephisto--cirsa-1987--10.jpg" size="2201941" crc="1e3abf47" md5="5a807db07a2e9883c0cc468e4bb09d04" sha1="294b417aad5c1141643dcd7b1b93a1bd29eafaae" />
		<rom name="jps-mephisto--cirsa-1987--10fs.jpg" size="2459359" crc="43c670ec" md5="815b55b1eb0523999c8eb9a3c57717b3" sha1="a45cef03c11f34dbafbb7547fab384e587acb58c" />
	</machine>
	<machine name="JP's Mephisto (Cirsa)(1987)(JPSalas)(4.0.0)[VPX07]">
		<description>JP's Mephisto (Cirsa)(1987)(JPSalas)(4.0.0)[VPX07]</description>
		<rom name="JP's Mephisto (Cirsa 1987) v4.vpx" size="14020608" crc="bef72904" md5="d52954a609308151eb05b9cee5c39f21" sha1="efd8789185bb2d7d441074c49ac1ab676ad2eb31" />
	</machine>
	<machine name="JP's Mephisto (Cirsa)(1987)(JPSalas)(4.3.0)[VPX07]">
		<description>JP's Mephisto (Cirsa)(1987)(JPSalas)(4.3.0)[VPX07]</description>
		<rom name="JP's Mephisto (Cirsa 1987) v4.3.vpx" size="14888960" crc="6c7c1f4d" md5="e2ad47a0a0c291f917539fc15fefcab3" sha1="c38e62d01fbf2fb3c853e97004b6da0940e98f90" />
	</machine>
	<machine name="JP's Space Cadet - Full Tilt! Pinball (Maxis)(1995)(JPSalas)(1.0.3)[VPX07][MOD Script v1.1.2 jwkramer61]">
		<description>JP's Space Cadet - Full Tilt! Pinball (Maxis)(1995)(JPSalas)(1.0.3)[VPX07][MOD Script v1.1.2 jwkramer61]</description>
		<rom name="JP's Space Cadet Pinball v1.1.2.vpx" size="20680704" crc="8dfa0544" md5="084db3059285b80879aa2d563717ff0b" sha1="9dc8816b484444fe3e16a8e58d235adf3b008cd6" />
	</machine>
	<machine name="JP's Space Cadet - Full Tilt! Pinball (Maxis)(1995)(JPSalas)(1.0.5)[VPX07]">
		<description>JP's Space Cadet - Full Tilt! Pinball (Maxis)(1995)(JPSalas)(1.0.5)[VPX07]</description>
		<rom name="JP's Space Cadet 1.05.vpx" size="17477632" crc="6d68c9de" md5="5dd137b090a595442e1ba2b1ee520c3d" sha1="54b9d55fc92f108df837b6acf0de7aa5b9cfa1a8" />
		<rom name="JP's Space Cadet.pdf" size="267347" crc="2a984bc5" md5="bc4ecfb9425d7923476d4711b21eedaf" sha1="1fad75a80c12cdc4312e53cbf783f5372957f401" />
	</machine>
	<machine name="JP's Space Cadet - Full Tilt! Pinball (Maxis)(1995)(JPSalas)(4.0.0)[VPX07]">
		<description>JP's Space Cadet - Full Tilt! Pinball (Maxis)(1995)(JPSalas)(4.0.0)[VPX07]</description>
		<rom name="JP's Space Cadet v4.vpx" size="16027648" crc="f9133d75" md5="6f759df3a1e858eb17571aa9cafdeee7" sha1="a80d4012050536ffe6403a2d1005c999963f4189" />
		<rom name="JP's Space Cadet.pdf" size="267347" crc="2a984bc5" md5="bc4ecfb9425d7923476d4711b21eedaf" sha1="1fad75a80c12cdc4312e53cbf783f5372957f401" />
	</machine>
	<machine name="JP's Space Cadet - Full Tilt! Pinball (Maxis)(1995)(JPSalas)(4.0.0)[VPX07][MOD Gfx v1.0 Teisen]">
		<description>JP's Space Cadet - Full Tilt! Pinball (Maxis)(1995)(JPSalas)(4.0.0)[VPX07][MOD Gfx v1.0 Teisen]</description>
		<rom name="Space Cadet_Neon_Teisen_MOD.vpx" size="21655552" crc="b94b36ec" md5="607910195cdb8679f5a50949d88daaae" sha1="29e5221c79aa8bbb5f7d99085143fca7c96575ca" />
	</machine>
	<machine name="JP's Space Cadet - Full Tilt! Pinball (Maxis)(1995)(JPSalas)(4.3.0)[VPX07]">
		<description>JP's Space Cadet - Full Tilt! Pinball (Maxis)(1995)(JPSalas)(4.3.0)[VPX07]</description>
		<rom name="JP's Space Cadet v4.3.vpx" size="16818176" crc="f42b25f8" md5="3f678055562bb3385ff5dcf74898344d" sha1="9b357b6bb92f38d75200f67e750bb6bc327668f4" />
		<rom name="JP's Space Cadet.pdf" size="267347" crc="2a984bc5" md5="bc4ecfb9425d7923476d4711b21eedaf" sha1="1fad75a80c12cdc4312e53cbf783f5372957f401" />
	</machine>
	<machine name="Jungle King (Gottlieb)(1973)(Loserman76, GNance)(1.0.0f)[VPX07][MOD Gfx v1.0 Teisen]">
		<description>Jungle King (Gottlieb)(1973)(Loserman76, GNance)(1.0.0f)[VPX07][MOD Gfx v1.0 Teisen]</description>
		<rom name="Jungle King (Gottlieb 1973)_Teisen_MOD.vpx" size="37175296" crc="f85ab827" md5="0ad475c966cafc3431b38195819264e5" sha1="d5653481bacd13dfcc91657c58ee4b8436303342" />
	</machine>
	<machine name="King of Diamonds (Gottlieb)(1967)(Loserman76, GNance)(1.0.0f)[VPX07][MOD Gfx v1.0 Teisen]">
		<description>King of Diamonds (Gottlieb)(1967)(Loserman76, GNance)(1.0.0f)[VPX07][MOD Gfx v1.0 Teisen]</description>
		<rom name="King Of Diamonds (Gottlieb 1967)_Teisen_MOD.vpx" size="33677312" crc="76aee184" md5="7d4f2b73d1b7593d2e7b091fd4f8ff86" sha1="ec69d598f22dd8e9120cde2b72ef356b8482003a" />
	</machine>
	<machine name="King of Diamonds (Gottlieb)(1967)(Loserman76, GNance)(1.0.0f)[VPX07][MOD Gfx v1.0 Teisen][MOD SSF v1.2 JCalhoun]">
		<description>King of Diamonds (Gottlieb)(1967)(Loserman76, GNance)(1.0.0f)[VPX07][MOD Gfx v1.0 Teisen][MOD SSF v1.2 JCalhoun]</description>
		<rom name="King Of Diamonds (Gottlieb 1967) 1.2.vpx" size="64532480" crc="2ccaca67" md5="8dc5e2d64cd774f45bd9c2ee9fda7bd3" sha1="c12119946fe1cde57119c711561db0c8440a7f59" />
	</machine>
	<machine name="KISS (Stern)(2015)(AllKnowing2012, JPSalas)(v2022)[VPX07][MOD Gfx v1.1 Bigus]">
		<description>KISS (Stern)(2015)(AllKnowing2012, JPSalas)(v2022)[VPX07][MOD Gfx v1.1 Bigus]</description>
		<rom name="KISS.UltraDMD/1.png" size="2397" crc="47991236" md5="0e3b24553bf7e6c33ca224d133dd668c" sha1="aac476f29e58b62ceb83f0800a0c13fe94bfe0f7" />
		<rom name="KISS.UltraDMD/2.png" size="2359" crc="efe15a85" md5="7a133fb5d76b72f495c5098c8dbb1628" sha1="605424917d928dfadfe887028a7ff434d0bf00b4" />
		<rom name="KISS.UltraDMD/3.png" size="2399" crc="25c3deda" md5="e5f1052ad2cf34b099e75e5644905aad" sha1="db33531bb34db0ef9da19f0c4c18e37bc48aa626" />
		<rom name="KISS.UltraDMD/4.png" size="2404" crc="75549e5f" md5="3422fdb7eb369b37ad60685906b2543a" sha1="228d9b0a4e575a79bf25cc383a85a31b4a75d833" />
		<rom name="KISS.UltraDMD/5.png" size="2379" crc="2164a364" md5="97257da2abd89bf673bd54431b60c00f" sha1="fa14cad84c245f0df863cc8d313d71da75b55a4b" />
		<rom name="KISS.UltraDMD/6.png" size="2385" crc="719b58b8" md5="8d507837807b050be824e7e397e9397e" sha1="3a66b1df52029d9f75891547975ad246e2616341" />
		<rom name="KISS.UltraDMD/7.png" size="2410" crc="d6a3b524" md5="ccafae83f9834f522ae84c842415051a" sha1="d1522d71519bae35c1d7e4f9e3818fdb46cb4ec2" />
		<rom name="KISS.UltraDMD/8.png" size="2391" crc="1837a06b" md5="a84011fe587a95c91892d8c36c794462" sha1="f6f16ec8c05c6697abce0f1576be00437d9a2eee" />
		<rom name="KISS.UltraDMD/9.png" size="2400" crc="ee2677d3" md5="d352f13f530541e5cb45448394992f32" sha1="657d45917e34e5cdbf08f7db5bd05939ed85721b" />
		<rom name="KISS.UltraDMD/10.png" size="2372" crc="6fb5b03b" md5="cb4016c9b8beb4a966264b3827e3af4b" sha1="cf6d18d15f247756e7a209c1b3711367d786533d" />
		<rom name="KISS.UltraDMD/army1.png" size="2170" crc="ca016be4" md5="3d0e42d0ec209154c8fe5a482388fbd6" sha1="eb74ada501868536e90bcb58472effea96c4b736" />
		<rom name="KISS.UltraDMD/army2.png" size="2206" crc="0cd8eb3f" md5="619e7cca892733daa5e95db2244fda2f" sha1="596d8d25d30ae163d3cd1176630bda7a6f8c40f8" />
		<rom name="KISS.UltraDMD/army3.png" size="2211" crc="6c6704b4" md5="62f4048c5bd870f95a531e7272dc6351" sha1="974549bfaf592e107341a3abf4dabbeaa6f7440f" />
		<rom name="KISS.UltraDMD/army4.png" size="2213" crc="ca833b77" md5="553ab3bec4d04c78f46fb12f520ce0d2" sha1="36de624c73059036ff0ae5e34ef1de60cf06d81f" />
		<rom name="KISS.UltraDMD/army.png" size="2030" crc="36862c96" md5="8b3595c26a31c285eb402d1d688844c0" sha1="9c0f2211047f52ffa2aefe6ab9ece8e2acec6c14" />
		<rom name="KISS.UltraDMD/black.bmp" size="12342" crc="2126599a" md5="80ff0038fdc50b923bde0ed84384c5ec" sha1="d9f5972692d94c0bfc63fae8cc2b3b5189e6fec7" />
		<rom name="KISS.UltraDMD/faces1.png" size="2315" crc="0642508b" md5="d9ce42b1c3ea83b2367e6909c92ac477" sha1="832d94abdf238338f23030dec60e0406db6e2258" />
		<rom name="KISS.UltraDMD/faces2.png" size="2342" crc="87213edb" md5="bdfc3bcf13bea299f8384fb86d2f06b0" sha1="432e04036034057b29205ec79f8791c498bd6ba5" />
		<rom name="KISS.UltraDMD/faces3.png" size="2346" crc="827a76e3" md5="7dd43d4ee4d760b1a7048c16672c30d3" sha1="11bb5c947a66448d29ab2ad3b26f8ea22984c04f" />
		<rom name="KISS.UltraDMD/faces4.png" size="2328" crc="aa535b66" md5="cad7d2fd25c498277e0a12b9f171ddee" sha1="3529a5c497a403208903f368bea3c13c75d5a4e4" />
		<rom name="KISS.UltraDMD/faces.png" size="2104" crc="a0bfac32" md5="a70f6f95209f2a5d25527cff8996efd4" sha1="8bf095a9907d8511be373da7040f1be65e8fb7e7" />
		<rom name="KISS.UltraDMD/frame528.jpg" size="966" crc="077a6e13" md5="e6f3faebba08b69af03ce77fd0fcafd3" sha1="290501fba9c825bacc8311bc3e6a2e635ba12b2e" />
		<rom name="KISS.UltraDMD/frame04280.png" size="6241" crc="8175ffaa" md5="e59fe72614cceb6b4274d60900d1dd08" sha1="0773b3b8f7e925b4cd7217bf491fc8051e10ff7a" />
		<rom name="KISS.UltraDMD/frame06973.png" size="1420" crc="618b3dc2" md5="639ee8b4b2e6b096161b479b24dc52ec" sha1="ad04a3a53ab212e56e7c2cbec95fb0de24ac7741" />
		<rom name="KISS.UltraDMD/inst1.png" size="2284" crc="d86544e2" md5="1677cbf750366f4f18049786299ba44d" sha1="7b299b19311e7af7fb544d579b0e70329a409160" />
		<rom name="KISS.UltraDMD/inst2.png" size="2289" crc="2b0cf102" md5="ebd58b5a3080e782377ed5863d2f60ac" sha1="b134e1f118a62a0983735036ad11c52fa8bc6c80" />
		<rom name="KISS.UltraDMD/inst3.png" size="2292" crc="5635d2d1" md5="cb37e391d14f65c732feeed98a342fa6" sha1="63776617139842faa36a332c6573bbf7e874a056" />
		<rom name="KISS.UltraDMD/inst4.png" size="2311" crc="fa16ea2d" md5="b857d4c63ef0ba14393545272d5f8b44" sha1="6c092431cfb6b86d15b652ae8803d2ce181137fd" />
		<rom name="KISS.UltraDMD/inst.png" size="2083" crc="9ea2a8da" md5="c0dc0cda54f837e0303245b4c19e377d" sha1="90386f5f280849008c2e50c26315c3b21c49199d" />
		<rom name="KISS.UltraDMD/kiss1.png" size="1965" crc="886b2fd2" md5="a684ad93adce3174c4dedd1b2bfee8cc" sha1="dc355d451d009e32800db66deeee035241e23f1a" />
		<rom name="KISS.UltraDMD/kiss2.png" size="1951" crc="d53c4d79" md5="ab34f865535691929e1b3f78148afc2b" sha1="cc973c3306c2dee8e72b74f07496bf6a1fcdcffc" />
		<rom name="KISS.UltraDMD/kiss3.png" size="2192" crc="66e30763" md5="332e8a42e699a879580cc3d1dcc780bb" sha1="9802e3ae64fa8ab9d4a4f3a72b79e465507713aa" />
		<rom name="KISS.UltraDMD/kiss4.png" size="2166" crc="dbf109d2" md5="5e64fc975c479367b08264fae2db2eaa" sha1="f2f985d51691ff1fb77f94f017885f6d3a99deb0" />
		<rom name="KISS.UltraDMD/kiss.png" size="1904" crc="e8bf2bf5" md5="e0b80969b8f9f9f48604fbd42cdf04b5" sha1="99ed82c8863fa469a08a485b607f195598fd5b8b" />
		<rom name="KISS.UltraDMD/match00.gif" size="230667" crc="c581bb52" md5="422944caec6497661fe486846458bbfc" sha1="4f98549a78b5e03caf05d4472bb3f666ed90f287" />
		<rom name="KISS.UltraDMD/match00.png" size="1409" crc="8d99cbeb" md5="c13cee6565add4041f498539e71ac31a" sha1="6d28157206d516433c74383bc1df2af3eddd7bee" />
		<rom name="KISS.UltraDMD/match10.gif" size="228613" crc="a0a8c4af" md5="da8ffbb514fab7242c8b25411b297589" sha1="cfde723c6ae66bb2eb85480ba9a29bb9a8416880" />
		<rom name="KISS.UltraDMD/match10.png" size="1286" crc="e2205512" md5="ebb5d933dc35b92980d9616d089fcef3" sha1="a74460043a60b5ca17c55ad054cc5016e1d6e943" />
		<rom name="KISS.UltraDMD/match20.gif" size="233783" crc="d222fc3b" md5="7e2ff3ff6778e1c1229dd3fdfebafbcb" sha1="f93b37a76dd4ee30b56b0d9956fd5ed58db23d6f" />
		<rom name="KISS.UltraDMD/match20.png" size="1425" crc="1b154559" md5="90b5cbeca9f618562fe6b5c3783b3269" sha1="abc58dc945f48a60eca2d0f182408fa0e5662046" />
		<rom name="KISS.UltraDMD/match30.gif" size="234512" crc="8c22bca8" md5="3973294d2c383dcab7e143be92b81899" sha1="a7f0ca4ae17937b8ff74e8313918b84910956113" />
		<rom name="KISS.UltraDMD/match30.png" size="1395" crc="d76684cc" md5="99b5bcaadf6dfe2f6aac43087b976f8b" sha1="6af44584b558a0aee06b92b7af5aba5b9e986d1b" />
		<rom name="KISS.UltraDMD/match40.gif" size="207374" crc="8035b646" md5="44632952154050f65a2426e99db612a0" sha1="b2cafe10223e8dc412a1242f31ea26dd6a31068d" />
		<rom name="KISS.UltraDMD/match40.png" size="1302" crc="11238df4" md5="8d8c8e1da26b01ecb2728e6334dec316" sha1="89cb24223593e0801bdcc8edcc24c2a9b9b8c306" />
		<rom name="KISS.UltraDMD/match50.gif" size="238639" crc="b11bb123" md5="e9228964c07471ef527b9374eba69798" sha1="1db3c7d40bb5c7fbb7d1ed42750cf6c996d54748" />
		<rom name="KISS.UltraDMD/match50.png" size="1416" crc="ec73755b" md5="f24e4f6f1881421f1b1c55cf98d43357" sha1="029638fdf29ec81a98312d0259fe8527de661289" />
		<rom name="KISS.UltraDMD/match60.gif" size="236588" crc="eef38220" md5="756acbb485ac421fdec679a8a5c6bec9" sha1="230560046af4f59b75ee9dbc91e9810986f5028b" />
		<rom name="KISS.UltraDMD/match60.png" size="1381" crc="37f441b8" md5="ecf9a436090c57a12c3fa1513c41899b" sha1="6a74eb78560b925a6b74f532e62a10bab0afdb8a" />
		<rom name="KISS.UltraDMD/match70.gif" size="233429" crc="76870272" md5="988277d3f575b787f9f97d025a88fd15" sha1="15137c1ce23b8bf1899007155aa18c711e9d7e64" />
		<rom name="KISS.UltraDMD/match70.png" size="1440" crc="0d9dc42b" md5="54eec896827cfe343638a53e4b13d146" sha1="23ccb889b7e35fa42b6cd0b8b028bcd4e4dc5de4" />
		<rom name="KISS.UltraDMD/match80.gif" size="240607" crc="acf0992e" md5="958ca7ff76ffa17d2af40a68046629d4" sha1="6f55a29c5d7e7e30e7ff96bd73e52c43b1a34939" />
		<rom name="KISS.UltraDMD/match80.png" size="1341" crc="3bc3cba4" md5="938a261222926b30c973644492273d52" sha1="c6deedef97a7a86051c22990d81599d17604cd91" />
		<rom name="KISS.UltraDMD/match90.gif" size="228927" crc="a997dacf" md5="099a1ab7e2b681450576412d95e4439d" sha1="78ca0301e4f482eaee92afee73ed1761b315db40" />
		<rom name="KISS.UltraDMD/match90.png" size="1371" crc="6077562e" md5="8390ef6f7cb89bd6ca1df7d1bf8f2bce" sha1="fc946468b202a9715872d7fa4b3831bb05c7ed54" />
		<rom name="KISS.UltraDMD/scene01.gif" size="15340" crc="7fc0f5bb" md5="10dc8b8b61988caee68f76120a4e379d" sha1="4a9f1c6661772cddd5e476d3f34a55ef2fe74044" />
		<rom name="KISS.UltraDMD/scene02.gif" size="133880" crc="d8c930b1" md5="101875d24aa497abf0dd9cdee3efbc06" sha1="b0393232134223a102acaa6a90c623441457d057" />
		<rom name="KISS.UltraDMD/scene03.gif" size="29642" crc="5d1d72f4" md5="30becdef2d21d499e46aa0505d2b43a2" sha1="2c3dd62480af005703f6478462d6a3dc58ea655a" />
		<rom name="KISS.UltraDMD/scene04.gif" size="53136" crc="7f55437a" md5="469b878747b43a3a07bbfeccf3c80082" sha1="e515cf9cbcdb95084d0ebcec84effdf83adb2210" />
		<rom name="KISS.UltraDMD/scene05.gif" size="24107" crc="880e1499" md5="534458070c226e33192a24df2c27f19f" sha1="4afd630ecee325baa28f4462d0c94055db29e855" />
		<rom name="KISS.UltraDMD/scene06.gif" size="132685" crc="620d12b4" md5="4ad1f14e41fb3270fe9a6465dfa3c0b8" sha1="5865536d47c2be4fecc2fc56ad6f8e22f0841fea" />
		<rom name="KISS.UltraDMD/scene07.gif" size="142781" crc="f66808ac" md5="8f405b7522f4e6aee9c7559dfe5b5a8f" sha1="a5f209e9ffbb77bf39678b0eed84b034e354de60" />
		<rom name="KISS.UltraDMD/scene09.gif" size="1275930" crc="65029051" md5="260881122954421500c25dd152b261ec" sha1="97ef2102dd11036350b4343f99258e4a7ff59262" />
		<rom name="KISS.UltraDMD/scene10.gif" size="21032" crc="ccef2242" md5="8645fc5c7b939ca0133bab1ab0b3b296" sha1="d278a329ed626d47f87d9338ff94026ec77cb4b0" />
		<rom name="KISS.UltraDMD/scene11.gif" size="23445" crc="b1c2c0fc" md5="eccc55561bb22192525e895eb116f845" sha1="4211837e90235505541ed6174153e7ad9660199b" />
		<rom name="KISS.UltraDMD/scene12.gif" size="234325" crc="4dcf3a14" md5="67b1228e13a0f38b4b9111c4e277d607" sha1="e55b4c9bb95e33f2f4c688434c6486eef43c614a" />
		<rom name="KISS.UltraDMD/scene13.gif" size="183378" crc="51e44705" md5="282e91f4a3c1c906a0c7694fe1b57f8e" sha1="b9a01047ecc4337e80594031af0d36f8487ceece" />
		<rom name="KISS.UltraDMD/scene14.gif" size="133434" crc="baff0766" md5="d361773807be9377260b29b3a26647a4" sha1="69866279fc73111cdb354598ce91922483371535" />
		<rom name="KISS.UltraDMD/scene15.gif" size="172139" crc="9fdea889" md5="e96e33f5c5db9f4d4840932fb142f37c" sha1="13a0f49a6498cd23c8ef796869dabca5d41c445d" />
		<rom name="KISS.UltraDMD/scene16CROP.gif" size="34855" crc="a8cbdf4a" md5="1e18a118d3bfb8099dd2c718b52a4c55" sha1="4f063757e108a2b87eb23c7a580a0f92373efd8c" />
		<rom name="KISS.UltraDMD/scene18.gif" size="10952" crc="52c5e0c7" md5="4aed7e07fc7631c2f91bf75699194784" sha1="f4e169a5bb23faa7ddc27303dfb1a7191a3e3edf" />
		<rom name="KISS.UltraDMD/scene19.gif" size="33283" crc="f4ce859d" md5="e39c3570d9a48b3996065b48678f6f1e" sha1="d35d2fdfbf08219547eaa36b4ea8e89dc38f0447" />
		<rom name="KISS.UltraDMD/scene20.gif" size="49726" crc="a1860a50" md5="c82b842e7f4255e3d556e1f513da989e" sha1="17af970a808352af6b12ab5f5b833bccf2355d5a" />
		<rom name="KISS.UltraDMD/scene21.gif" size="143206" crc="1b364a63" md5="e60ca9d7173191ee0db34b913dbd20e4" sha1="bc8102a2bb3efcadfb12a98765a0051507a66d93" />
		<rom name="KISS.UltraDMD/scene22.gif" size="216268" crc="a8723acd" md5="a8827d86380c26b88b2df175ab6a478f" sha1="c0576e325251785f5068ad9b2116f726acfe60da" />
		<rom name="KISS.UltraDMD/scene23.gif" size="110661" crc="80bc51d0" md5="533ecf07e420855faec68318728232a0" sha1="9eac0981e8a001cb383eeac83c47ef8ad8ef27ac" />
		<rom name="KISS.UltraDMD/scene24.gif" size="62789" crc="7ce6bbcd" md5="bde0087bb46db4d062747d3fbf075bbe" sha1="27b49f7c32aeecdfa90588f525ecec3a16648461" />
		<rom name="KISS.UltraDMD/scene25.gif" size="65788" crc="10a0962c" md5="bcd0557d7b4deacc2a67341f2b3992ba" sha1="6c02ebe35f9c3f0b624812af5276aa27cb5e2aa7" />
		<rom name="KISS.UltraDMD/scene26.gif" size="106982" crc="854dc714" md5="3645d31f6e533b88bb037c630b59be4e" sha1="a052eeb6af648b9ab86eb3b90c8d56c728ff653f" />
		<rom name="KISS.UltraDMD/scene27.gif" size="14925" crc="de1c84bc" md5="c86560605fb88520d30506441abe3f8f" sha1="172d01260eb28ff903c45c53c51f1a03e4378202" />
		<rom name="KISS.UltraDMD/scene28.gif" size="23919" crc="fd049616" md5="cc791e3d02c933dd47ea42a02094d0cb" sha1="483b862c96594f05af180ae767aab670a49cb5b4" />
		<rom name="KISS.UltraDMD/scene29.gif" size="66121" crc="7a9fa1bb" md5="2f2a4eafb1dc2054b63b96f1397ab448" sha1="28ee94f8dd673a20a253dc5b2822d378d334b712" />
		<rom name="KISS.UltraDMD/scene30.gif" size="91488" crc="9c9bcb48" md5="29f0a1e2333ff56597fa311f83c2c439" sha1="d882b29f904a6902c480a69a7a12381bde0fcf72" />
		<rom name="KISS.UltraDMD/scene31.gif" size="115266" crc="0e5d19c9" md5="da7326df4fa28c17549bcfd7385639a0" sha1="b4d25b1ecb22175b3c45660f444f55d288f476b1" />
		<rom name="KISS.UltraDMD/scene32.gif" size="74740" crc="8a5fd436" md5="4179a3b83a0a7cafb07e477adcd17cb1" sha1="942c1e4ac07a818e65c3281b0c56c56b54881698" />
		<rom name="KISS.UltraDMD/scene33.gif" size="40390" crc="8dcc7648" md5="b52cb3537db14b157a06d7ee5010ffee" sha1="e1b81e9eb5cd26b0a50df512ce8d080c816e7d62" />
		<rom name="KISS.UltraDMD/scene34.gif" size="141052" crc="b1522089" md5="b1a22a781167ef01453a54c3e33f2126" sha1="ab2a6472e26e16ff3a63661dd9c02d61805e61f9" />
		<rom name="KISS.UltraDMD/scene35.gif" size="59910" crc="0b68f1d2" md5="7eeb531725d4cc784d352e9be8e34f73" sha1="0e8a336f810e76a9959fc03a20c2a7ffc965a953" />
		<rom name="KISS.UltraDMD/scene36.gif" size="632157" crc="df0b13f2" md5="d26fb3f914f5e223e11f01fcb8267e86" sha1="3761eba001c940cee99da39e73c1dc9528dddeb4" />
		<rom name="KISS.UltraDMD/scene37.gif" size="23997" crc="3fd7c716" md5="7e6a9e3bfb7c16c614eb8d515bcc1556" sha1="7228b3afdfaa53e4460f208839192ec3d8a49f00" />
		<rom name="KISS.UltraDMD/scene38.gif" size="35187" crc="57eca561" md5="fa856b2f0af2000d81db98f581976b25" sha1="fea281e9a9bde89d292735d01e7014a349780487" />
		<rom name="KISS.UltraDMD/scene39.gif" size="10129" crc="8c0f8fe2" md5="9ccfb2972103876cf214a4dfefa80793" sha1="ec3e94fdea67b828061810116f10ad64825efeeb" />
		<rom name="KISS.UltraDMD/scene40.gif" size="43285" crc="8d874fee" md5="3f41fc6e03927864e7ef22d4c06c7c5b" sha1="40bf8fc855df750b2141408c5c887467b4a25281" />
		<rom name="KISS.UltraDMD/scene41.gif" size="45121" crc="820a813d" md5="fb201daacaaa45f8cd932a6592727b46" sha1="a00563d47f5ecb16b12a2a12690b670a7abf951a" />
		<rom name="KISS.UltraDMD/scene42.gif" size="43782" crc="334a0d7b" md5="84acd017bab493dccb997eeec491daed" sha1="281a5c3371f61854659d925879ee844a2ded55f5" />
		<rom name="KISS.UltraDMD/scene43.gif" size="46080" crc="3b0ac2cd" md5="a842a1287d09a9760d679a526a45f122" sha1="7007547c16a2dcec053cc682cce2aade4ac67e68" />
		<rom name="KISS.UltraDMD/scene45.gif" size="188454" crc="45ae4e03" md5="3234e590a27cfcfc251f4cd3ae76d41a" sha1="f3949c76160680fe5d088eadb4dcd7ee49967920" />
		<rom name="KISS.UltraDMD/scene46.gif" size="83138" crc="9a26467a" md5="30f318f717c5c0ed57e44d604f815fba" sha1="6621552655d7e41f0ec0ae3a826e2cb85bb681af" />
		<rom name="KISS.UltraDMD/scene47.gif" size="28240" crc="00bba194" md5="1125543e2fb98861e00107c412aac085" sha1="c6c8b2fe5af91393b0238dc035ba468686f060f7" />
		<rom name="KISS.UltraDMD/scene48.gif" size="26128" crc="19fb4400" md5="2cb10c5ba7c088a714f2ac8577fbfc97" sha1="92168c23226f7efa7442f2de963bfcb5aad6adec" />
		<rom name="KISS.UltraDMD/scene49.gif" size="28601" crc="936cc5cd" md5="7831cad94238934492675359aea81cc0" sha1="841910db58c22b01b83c9fd3569c5cf80b2359b5" />
		<rom name="KISS.UltraDMD/scene50.gif" size="20942" crc="774a9b04" md5="bf0adfd536079d5526ddd02b56aae5f1" sha1="bd6a1214d5c3c01547f132dc8247c61cbae67007" />
		<rom name="KISS.UltraDMD/scene51.gif" size="384141" crc="3353229d" md5="85caa3b9469477528687177ee7b0d9de" sha1="7aea89113fbc22a42a5339f46394490b8391412c" />
		<rom name="KISS.UltraDMD/scene53.gif" size="45777" crc="bcd07e00" md5="e8d1e48c95e1cb44122b2ebe627e6032" sha1="4164b59cb63893fb75f3054a58c75f982b1b697e" />
		<rom name="KISS.UltraDMD/scene54.gif" size="2866" crc="0b648233" md5="13bc9ae99ada92a2e26e93163ba8f483" sha1="ee64ab6ca798540aa4276d20a43dc1758f432470" />
		<rom name="KISS.UltraDMD/scene55.gif" size="58700" crc="53bcd6a7" md5="539496d5f97e1382c3a65a5caaae7aa2" sha1="44ae46186fd23f01afbc455295d6899478bf2e54" />
		<rom name="KISS.UltraDMD/scene56.gif" size="78646" crc="a62cf394" md5="063bde3dfe98821679c97ac37b20385f" sha1="9664bc00b8f9e6d4719549e87ab3921f43c93ebc" />
		<rom name="KISS.UltraDMD/scene57.gif" size="2907" crc="36e7b7a9" md5="49bee1a0bed9ab15df3bb7824c17c842" sha1="7cd8add66075740b7cab2acfa76c6fd3515b940e" />
		<rom name="KISS.UltraDMD/scene58.gif" size="56187" crc="6922f44a" md5="e35869c37b945db084753b07101ef63a" sha1="2a7c57ccbba9e5e3ef8ebd774248980fd8961a30" />
		<rom name="KISS.UltraDMD/scene59.gif" size="2919" crc="fec6b1c7" md5="f8ecf31b157fef8f2f420e14c8b5e6d8" sha1="4158011c89979c0a79f0496b745159e56d97d0ca" />
		<rom name="KISS.UltraDMD/scene60.gif" size="347453" crc="906c272a" md5="ddcec991d013421d47b1dcceeb448684" sha1="cb87809c9b0b53da8141cd5da935c65a1bdd6cb6" />
		<rom name="KISS.UltraDMD/scene62.gif" size="65988" crc="400d3703" md5="bf30f8abc7be3dad6cb341b356743261" sha1="226155752041313ecb1426547c6ac245db9367f6" />
		<rom name="KISS.UltraDMD/scene63.gif" size="153718" crc="db1ff3aa" md5="92dd5afb0af7e2f986c36621cf1a6e35" sha1="926ef713d59d4746713c4b20f0e282b9fe168996" />
		<rom name="KISS.UltraDMD/scene64.gif" size="138908" crc="3ffad107" md5="e5afca93b5fffc6d13e91885cf5e6e86" sha1="26678fa84a540b1791b407244bf7591e38bf385d" />
		<rom name="KISS.UltraDMD/scene65.gif" size="25188" crc="e0942c20" md5="d5ed27111c3fac9a9f046df26e7d7a06" sha1="b96407b60ff8485aaf0f6cff7b2e6f634473f14b" />
		<rom name="KISS.UltraDMD/scene66.gif" size="44920" crc="f87bf615" md5="5b14d8811cd48e155bc97b6dff1d5925" sha1="681287c8f6ecfba5e98eeb2641906ba1a860e968" />
		<rom name="KISS.UltraDMD/scene67.gif" size="140806" crc="d3656719" md5="125d841ed55d49b5aa8a6775ef914a4f" sha1="2eebd1a95e6e7a16f051f601f2714a4ebbdf7f77" />
		<rom name="KISS.UltraDMD/scene68.gif" size="125399" crc="a0f6db82" md5="33f64bfbfa3ba60cd2b230ce1c45cec7" sha1="718b01e8f25c68a0c8c892b32e7b59ac4653db11" />
		<rom name="KISS.UltraDMD/scene69.gif" size="85524" crc="e2f0be6e" md5="8f605aed883e4211b517aed38a848ad0" sha1="3175f9110e550f2416e55990a6471d822573af12" />
		<rom name="KISS.UltraDMD/scene70.gif" size="111342" crc="d34a164c" md5="e9b7d8f2d9eb3ba3b379588d69b2c763" sha1="cd578b3516ead77734bd9bbcb7dcc0d2dfec7ed9" />
		<rom name="KISS.UltraDMD/scene71.gif" size="187752" crc="21b1c604" md5="6a8aa80f79ae3b676eaed62dc8f621c6" sha1="d6b58139d791057a7946a02287fe2d9fa9f9c36f" />
		<rom name="KISS.UltraDMD/scene72.gif" size="43384" crc="98820d53" md5="9da54989e57bec146bfed2184bb86f5e" sha1="d7b62955fede2ff1c21051914b17dd8533edc338" />
		<rom name="KISS.UltraDMD/scene73.gif" size="56801" crc="9abb9ceb" md5="fd73c361ad2b7d031362c8d394100f35" sha1="c493f5e3fb8eb5e0ebb7bdb43b1aef1f9398727b" />
		<rom name="KISS.UltraDMD/scene74.gif" size="132246" crc="672c3e2c" md5="f8bd0ac2fbe817c98af492bd8efb7e69" sha1="cb53120bf47fae3412be31f71b6b2cd85498c788" />
		<rom name="KISS.UltraDMD/scene100.gif" size="12021" crc="06824ce1" md5="7f31860bf440ed020cfd568d760a7f1d" sha1="4f73798a423d084f2ffa3a3d92a13a808b684080" />
		<rom name="KISS.UltraDMD/SongTitles.pdn" size="9742" crc="0ac1c257" md5="7968cc4c5660e28786b3dde082a23bff" sha1="b0314ed73ce566a64dac12d426d6c93fca2e0036" />
		<rom name="KISS.UltraDMD/sternadj.gif" size="2608" crc="200f283d" md5="115cf9be27a108226493797d60b7fce2" sha1="004480e467be4778d353922194f180a2e2ad3622" />
		<rom name="KISS (Stern 2015)_Bigus(MOD)1.1.vpx" size="79269888" crc="bf8937c3" md5="bd73752e8948646635dee42c602f7de9" sha1="075cf0f831229803c5fcfae317bfb357db029044" />
	</machine>
	<machine name="Lawman (Gottlieb)(1971)(Loserman76, GNance, Popotte)(1.0a)[VPX07][MOD Sound, 4K v1.1.0 GauGau]">
		<description>Lawman (Gottlieb)(1971)(Loserman76, GNance, Popotte)(1.0a)[VPX07][MOD Sound, 4K v1.1.0 GauGau]</description>
		<rom name="Music/Lawman/readme.txt" size="68" crc="c535bc8f" md5="f1e501f9d019782a092ed1461cfbbb4c" sha1="c4ce45ac1a4eaa60ad81d19e5d75426064eb28db" />
		<rom name="Lawman (Gottlieb 1971) 1.1.vpx" size="34140160" crc="3b67d3d3" md5="f910591b96d61ee0f6ec9b684c107e41" sha1="d438f1ffcaa0ce95b5c1ccb5cb2a28b0575c9c7a" />
		<rom name="Lawman readme.txt" size="1925" crc="6ee2cb6d" md5="8494a513bb23b03310fb6010c32f662e" sha1="ba0c5b79539076d539ad7ca85939f709a99f7572" />
	</machine>
	<machine name="Little Joe (Bally)(1972)(Loserman76, Tom, Rosve)(1.0.0f)[VPX07][MOD Gfx v1.0 Teisen]">
		<description>Little Joe (Bally)(1972)(Loserman76, Tom, Rosve)(1.0.0f)[VPX07][MOD Gfx v1.0 Teisen]</description>
		<rom name="Little Joe (Bally 1972)_Teisen_MOD.vpx" size="33632256" crc="4829348e" md5="d99d6db318064071c3b4a1f486ed406b" sha1="9a3d362a6b0da68caae36f18dc3427784e873900" />
	</machine>
	<machine name="Magic City (Williams)(1967)(bord, armyaviation, mlager8, apophis, Loserman76)(1.0)[VPX07][MOD Music v1.0 10mmsocket]">
		<description>Magic City (Williams)(1967)(bord, armyaviation, mlager8, apophis, Loserman76)(1.0)[VPX07][MOD Music v1.0 10mmsocket]</description>
		<rom name="Magic City MM/Magic01.mp3" size="9032877" crc="0a36ac03" md5="bf5ff7494a0293d8a9a7826fbb74c6d9" sha1="5d5e8d38d4ad35e84688f446d8c16ccc67752fbb" />
		<rom name="Magic City MM/Magic02.mp3" size="9924525" crc="436dd624" md5="771decf478fe22763c57e62da4bd2273" sha1="35cc081ea7060906910cba19111c107cb58a1daf" />
		<rom name="Magic City MM/Magic03.mp3" size="9284421" crc="ba69b1bc" md5="7cd54c03acb9ccdc85a4cb74590e98c3" sha1="dc4cd994b76f05f39c00bafa1008cfbdca9e26a6" />
		<rom name="Magic City MM/Magic04.mp3" size="6519189" crc="537b22f0" md5="ca50057ab866c154694f9a977c610a06" sha1="9ab6edb211262268e6a6eebeb8f0f008d827cbe1" />
		<rom name="Magic City MM/Magic05.mp3" size="9881085" crc="da521c36" md5="7d1c0c7b2c77dc0999bda29a2c6d9ec2" sha1="640cc9b85079a8195151c48548e71eda82bcb407" />
		<rom name="Magic City MM/Magic06.mp3" size="7119693" crc="17a18c50" md5="e4301a3b643e3c57fc122c45227bf156" sha1="a340ba5d4c464f65254e461fff94d9c00ebfbf1e" />
		<rom name="Magic City MM/Magic07.mp3" size="3639885" crc="aabb8f8f" md5="5c255faf5b1080379a472725a72e6257" sha1="21bfe788c8dbc2bc11b9009b2a98f0316fbe9c3b" />
		<rom name="Magic City MM/Magic08.mp3" size="7904493" crc="0805c3e7" md5="aa29515dff73d326332fe453d46d81bc" sha1="ecce54f39963ac8208525d3853b8c1ee69aa7fa3" />
		<rom name="Magic City MM/Magic09.mp3" size="9727437" crc="105b56f9" md5="52ff0196f08490a505a182b0ec63f4a3" sha1="8bf623e1fcea9139632ca73749cfe99041045c42" />
		<rom name="Magic City MM/Magic10.mp3" size="9693069" crc="c54890c2" md5="2a76983503ece2254826051b9e811341" sha1="19963378944573f73a06206ed515ac046ff89478" />
		<rom name="Magic City MM/Magic11.mp3" size="2365101" crc="af12f7e0" md5="5f721be6d145d00d23b835dc2144dd92" sha1="fe8588ded0f0bdfd1a73c51ad2297caef8365764" />
		<rom name="Magic City MM/Magic12.mp3" size="10304973" crc="52fc6444" md5="0f90c08fe7a8acaabcbd98f1be0ec25a" sha1="9fa9bf787ace3e6e49abad060cbffff779af0b06" />
		<rom name="Magic City MM/Magic13.mp3" size="5565669" crc="3dc28d5d" md5="4ac00d6dea338b0e62ecc8b1971ca3aa" sha1="aff4e71b84905ff665f519c106e226eb2ffc4034" />
		<rom name="Magic City.vbs" size="178382" crc="ef71cc5e" md5="66b555aa793b124386587e32bab11992" sha1="df3cda6e5b6f8d2cb9c5213938b5ce3cba09e9f3" />
	</machine>
	<machine name="Magnotron (Gottlieb)(1974)(Loserman76, GNance, Popotte)(1.0.0f)[VPX07][MOD Gfx v1.0 Teisen]">
		<description>Magnotron (Gottlieb)(1974)(Loserman76, GNance, Popotte)(1.0.0f)[VPX07][MOD Gfx v1.0 Teisen]</description>
		<rom name="Magnotron (Gottlieb 1974)_Teisen_MOD.vpx" size="44212224" crc="bf1786fd" md5="0afd18993826f488a8ca49dcd6a864f1" sha1="f499c3f3e1cea9cc595822e3c376de1aeeef3639" />
	</machine>
	<machine name="MIBS (Gottlieb)(1969)(Loserman76, GNance, Nopah Fentz)(1.0.0f)[VPX07][MOD Gfx v1.0 Teisen]">
		<description>MIBS (Gottlieb)(1969)(Loserman76, GNance, Nopah Fentz)(1.0.0f)[VPX07][MOD Gfx v1.0 Teisen]</description>
		<rom name="MIBS (Gottlieb 1969)_Teisen_MOD.vpx" size="34930688" crc="f675bf74" md5="fdd979b907572a0c314d743f230533c9" sha1="59f3b15b35beccdf9b7bf3e584483695a13c77f5" />
	</machine>
	<machine name="Neptune (Gottlieb)(1978)(Loserman76, GNance, Chris Aguilar)(1.0.0f)[VPX07][MOD Gfx v1.0 Teisen]">
		<description>Neptune (Gottlieb)(1978)(Loserman76, GNance, Chris Aguilar)(1.0.0f)[VPX07][MOD Gfx v1.0 Teisen]</description>
		<rom name="Neptune (Gottlieb 1978)_Teisen_MOD.vpx" size="38277120" crc="d94a3556" md5="4351e447ec5f44d5f4f7a64f77799623" sha1="1a505535e0f9dacbf1f1e5609913f7517e07e6c4" />
	</machine>
	<machine name="North Star (Gottlieb)(1964)(Loserman76, PBecker, Itchigo)(2.0.0f)[VPX07][MOD Gfx v1.1 Teisen, RusstyT]">
		<description>North Star (Gottlieb)(1964)(Loserman76, PBecker, Itchigo)(2.0.0f)[VPX07][MOD Gfx v1.1 Teisen, RusstyT]</description>
		<rom name="North Star (Gottlieb 1964)_Teisen_MOD_1.1.vpx" size="46989312" crc="0dfa3357" md5="70de96d40f0cf88aa2379dee870f6251" sha1="fdcceacd3ab1f24198af886bc78c5ac111411f7f" />
		<rom name="North Star (Gottlieb 1964)_Teisen_MOD_RusstyT.vpx" size="47411200" crc="77271425" md5="807156e4f1ac078febab94b7d45160d3" sha1="e5615f752cef4016f5ecceafa98946ace16233ae" />
	</machine>
	<machine name="Olympics (Gottlieb)(1962)(Tom, Loserman76)(1.0c aka 1.0.0f)[VPX07][MOD Gfx v1.0 Teisen]">
		<description>Olympics (Gottlieb)(1962)(Tom, Loserman76)(1.0c aka 1.0.0f)[VPX07][MOD Gfx v1.0 Teisen]</description>
		<rom name="Olympics (Gottlieb 1962)_Teisen_MOD.vpx" size="39723008" crc="66cab6f7" md5="f1235e13fd7665422b6b8190de79db86" sha1="70c786374cab72c9082dc6c8cdfd7cbb2882247f" />
	</machine>
	<machine name="Phase II (J. Esteban)(1975)(Loserman76, Carlos Guizzo, Halen)(1.0a)[VPX07][MOD Gfx v1.0 Teisen]">
		<description>Phase II (J. Esteban)(1975)(Loserman76, Carlos Guizzo, Halen)(1.0a)[VPX07][MOD Gfx v1.0 Teisen]</description>
		<rom name="Phase II (J. Esteban 1975)_Teisen_MOD.vpx" size="38338560" crc="f6b8f370" md5="fe9800c20bf7defae577eb1dcb75da3d" sha1="3beca5614671c4c08415bb5c41ebabf4e4e57a9f" />
	</machine>
	<machine name="Playboy (Bally)(1978)(HSM)(1.0)[VPX07][Boogie MOD v0.95 Horsepin][PinGod]">
		<description>Playboy (Bally)(1978)(HSM)(1.0)[VPX07][Boogie MOD v0.95 Horsepin][PinGod]</description>
		<rom name="data_PlayboyGodot/Mono/bin/libmono-btls-shared.dll" size="1374222" crc="f1f39b7f" md5="1c5d527cdbd8471b4a7da8e39bbe22cd" sha1="a9ae7ca28d4c9d453249f48616bc825adc6f0713" />
		<rom name="data_PlayboyGodot/Mono/bin/MonoPosixHelper.dll" size="311310" crc="bab92c8b" md5="7195834ace775fc20b02ec3abeb697c1" sha1="6719acc36d2dd72d096b4f1c2eea821296bba5c8" />
		<rom name="data_PlayboyGodot/Mono/etc/mono/browscap.ini" size="311984" crc="ce6c0ab3" md5="378be809df7d15aac75a175693e25fbb" sha1="2d5454e161de8a5b65910f27bd70d9d0ad8fa476" />
		<rom name="data_PlayboyGodot/Mono/etc/mono/config" size="3047" crc="d6b7e379" md5="8c8748fe89a30f499014fa3c2499f587" sha1="a69279d80134202b191aac0526df0cda8156a9f2" />
		<rom name="data_PlayboyGodot/Mono/etc/mono/2.0/Browsers/Compat.browser" size="1605" crc="2e178a0b" md5="0d831c1264b5b32a39fa347de368fe48" sha1="187dff516f9448e63ea5078190b3347922c4b3eb" />
		<rom name="data_PlayboyGodot/Mono/etc/mono/2.0/DefaultWsdlHelpGenerator.aspx" size="60575" crc="95f9d0b4" md5="f7be9f1841ff92f9d4040aed832e0c79" sha1="b3e4b508aab3cf201c06892713b43ddb0c43b7ae" />
		<rom name="data_PlayboyGodot/Mono/etc/mono/2.0/machine.config" size="29066" crc="42543b8b" md5="5b791b8493c4e9a55d8c5ee522ce1cef" sha1="3fbcec786ac4b6e81b6d2f2ab288cf67dd6760f4" />
		<rom name="data_PlayboyGodot/Mono/etc/mono/2.0/settings.map" size="2622" crc="ad5340f9" md5="22c818a23169e12bd3c8587b6394c731" sha1="dd2be2dbccd34736719301aee92429d4258ea5a0" />
		<rom name="data_PlayboyGodot/Mono/etc/mono/2.0/web.config" size="11686" crc="534a9960" md5="2b6303c4f12762b71051db6e947f90a4" sha1="a4d7e05516f63d6ab67327b299d4fb2852cb840b" />
		<rom name="data_PlayboyGodot/Mono/etc/mono/4.0/Browsers/Compat.browser" size="1605" crc="2e178a0b" md5="0d831c1264b5b32a39fa347de368fe48" sha1="187dff516f9448e63ea5078190b3347922c4b3eb" />
		<rom name="data_PlayboyGodot/Mono/etc/mono/4.0/DefaultWsdlHelpGenerator.aspx" size="60575" crc="95f9d0b4" md5="f7be9f1841ff92f9d4040aed832e0c79" sha1="b3e4b508aab3cf201c06892713b43ddb0c43b7ae" />
		<rom name="data_PlayboyGodot/Mono/etc/mono/4.0/machine.config" size="33598" crc="86f603c4" md5="32bf879734966ef6659d914a217691e0" sha1="7a9bca61e6af9ad720da1d7d24192637d9037886" />
		<rom name="data_PlayboyGodot/Mono/etc/mono/4.0/settings.map" size="2622" crc="dc24a240" md5="ba17ade8a8e3ee221377534c8136f617" sha1="8e17e2aec423a8e6fb43e8cbe6215040217bb8a3" />
		<rom name="data_PlayboyGodot/Mono/etc/mono/4.0/web.config" size="18848" crc="46dcac4d" md5="b127480ee9f0b8dab6a3f73ad79dd332" sha1="7d776d730cbd253564713f36573dd8366782788c" />
		<rom name="data_PlayboyGodot/Mono/etc/mono/4.5/Browsers/Compat.browser" size="1605" crc="2e178a0b" md5="0d831c1264b5b32a39fa347de368fe48" sha1="187dff516f9448e63ea5078190b3347922c4b3eb" />
		<rom name="data_PlayboyGodot/Mono/etc/mono/4.5/DefaultWsdlHelpGenerator.aspx" size="60575" crc="95f9d0b4" md5="f7be9f1841ff92f9d4040aed832e0c79" sha1="b3e4b508aab3cf201c06892713b43ddb0c43b7ae" />
		<rom name="data_PlayboyGodot/Mono/etc/mono/4.5/machine.config" size="34056" crc="c446a9eb" md5="25ff1ec49e3ac9285bd943cf036bd813" sha1="392e5ae6b3dad59418bda890952ee27a8b290e90" />
		<rom name="data_PlayboyGodot/Mono/etc/mono/4.5/settings.map" size="2622" crc="dc24a240" md5="ba17ade8a8e3ee221377534c8136f617" sha1="8e17e2aec423a8e6fb43e8cbe6215040217bb8a3" />
		<rom name="data_PlayboyGodot/Mono/etc/mono/4.5/web.config" size="18857" crc="c3df527d" md5="08101241b15b53ef0ab908f6d388881f" sha1="ea3e2ad6d71d483c54b12852dcbdcd0baa569988" />
		<rom name="PinGod.VP-Setup x86-1.61/Scripts/core_c_sharp.vbs" size="136261" crc="c5f4228e" md5="9be11fa6c56d11ac6d6e3c8d2b30ea3b" sha1="984334046bc022b0641824e827a4db50dc155a03" />
		<rom name="PinGod.VP-Setup x86-1.61/Scripts/PinGod.vbs" size="5583" crc="11163c11" md5="e93b20a1d0ea8a553e5714c0e01e2096" sha1="71142732a5cfd86d00a1db293588eb9589d065b8" />
		<rom name="PinGod.VP-Setup x86-1.61/HELP.txt" size="99" crc="5c5ff0f8" md5="571e1590745c98c9e77bc68af41fd0c2" sha1="1d1c14d70c56cdadc1cbbd38320b418d603e2a5d" />
		<rom name="PinGod.VP-Setup x86-1.61/PinGod.VP.dll" size="11264" crc="0163de8f" md5="0265697a2badf254bddae1ffb3af3316" sha1="4ccad352eba9c14803d6bfd7adb54385bd536cd5" />
		<rom name="PinGod.VP-Setup x86-1.61/PinGod.VP.Domain.dll" size="6144" crc="1427d365" md5="6a9b3b1180c7ddecc14d1ec2864ba320" sha1="6f1dc0b44deea315bfe839c92a0821c208a2d6b2" />
		<rom name="PinGod.VP-Setup x86-1.61/PinGod.VP.Setup.exe" size="623104" crc="9377d138" md5="98e11b5a6aedf70e32e20242db3f9656" sha1="010155211f603729bb5bdde41a21ba050390094a" />
		<rom name="PinGod.VP-Setup x86-1.61/PinGod.VP.Setup.exe.config" size="189" crc="63e8d557" md5="9dbad5517b46f41dbb0d8780b20ab87e" sha1="ef6aef0b1ea5d01b6e088a8bf2f429773c04ba5e" />
		<rom name="PinGod.VP-Setup x86-1.61/PinGod.VP.tlb" size="4712" crc="73b0eaaf" md5="8868e1505bc785749c268ef3e95bdc43" sha1="fdd668ee33dffcdafdac36377573087e1a4601d5" />
		<rom name="PinGod.Playboy.exe" size="40785920" crc="7824e0d7" md5="0a3023bb627538d8114a283f7b2da960" sha1="44a96237aea244faa2270a25332836bb5599654c" />
		<rom name="PinGod.Playboy.pck" size="91131872" crc="f6d9770f" md5="babdedbbae15e8ddc69ad3f4bc7f5fea" sha1="bcc4178ded10dbe815d553dd4c0d9d2271e26fa3" />
		<rom name="Playboy (Boogie Mod) (HSM, HorsePin 2022) (PinGod).vbs" size="18977" crc="f543f120" md5="9b2bdeca20c133d2ae93d767891e784d" sha1="0ddb9549dcd3a1c3e1e5507301c56092dcbd91ec" />
		<rom name="Playboy (Boogie Mod) (HSM, HorsePin 2022) (PinGod).vpx" size="25677824" crc="db26ac34" md5="f8b2aad373113d0242c53b66ea153788" sha1="f31175cf193fc9b75d259a4681922bfe7e47052d" />
		<rom name="README.txt" size="823" crc="9815b513" md5="197a5b6c5a66323c8c0ce67fe4d873e2" sha1="706cd83bcb9d922db8a9925678defd0e9482c20f" />
	</machine>
	<machine name="Pro Pool (Gottlieb)(1973)(Loserman76)(1.0)[VPX07][MOD VR Room v1.0 Rajo Joey][MOD Gfx v1.0.0 Teisen]">
		<description>Pro Pool (Gottlieb)(1973)(Loserman76)(1.0)[VPX07][MOD VR Room v1.0 Rajo Joey][MOD Gfx v1.0.0 Teisen]</description>
		<rom name="Pro Pool (Gottlieb 1973) (VR Room)_Teisen_MOD.vpx" size="63873024" crc="86f29313" md5="44f19037e12c032c9fb946e54741cf0d" sha1="25f04606fda042ba14c140a58191c91181b1f48b" />
	</machine>
	<machine name="Pro-Football (Gottlieb)(1973)(Loserman76)(1.0.0f)[VPX07][MOD Gfx v1.0 Teisen]">
		<description>Pro-Football (Gottlieb)(1973)(Loserman76)(1.0.0f)[VPX07][MOD Gfx v1.0 Teisen]</description>
		<rom name="Pro Football (Gottlieb 1973)_Teisen_MOD.vpx" size="33026048" crc="ff629a24" md5="6f96ac66f3e555fdd467f08c64b91ff8" sha1="6cf4b5e41773bd81e8a4526cdd3e0504b539dcc9" />
	</machine>
	<machine name="Rack-A-Ball (Gottlieb)(1962)(Loserman76, GNance)(1.0.0f)[VPX07][MOD Gfx v1.0 Teisen]">
		<description>Rack-A-Ball (Gottlieb)(1962)(Loserman76, GNance)(1.0.0f)[VPX07][MOD Gfx v1.0 Teisen]</description>
		<rom name="Rack-A-Ball (Gottlieb 1962)_Teisen_MOD.vpx" size="37126144" crc="223e848f" md5="9d7d6c7462f53490218b426dbb5a3405" sha1="7e771a4680032efa5a582f3e24b9e77c12066358" />
	</machine>
	<machine name="Rocket III (Bally)(1967)(Loserman76, Hauntfreaks)(1.0.0f)[VPX07][MOD Gfx v1.0 Teisen]">
		<description>Rocket III (Bally)(1967)(Loserman76, Hauntfreaks)(1.0.0f)[VPX07][MOD Gfx v1.0 Teisen]</description>
		<rom name="Rocket III (Bally 1967)_Teisen_MOD.vpx" size="40804352" crc="edecc70b" md5="175d1abf97077ad9df4c5e283199cffa" sha1="25b1408f2be74fa5f011d6a9ed9b2414b4c4ebbf" />
	</machine>
	<machine name="Roller Coaster Reversed (Gottlieb)(1971)(Loserman76, Hauntfreaks)(1.0.1)[VPX07][Reversed MOD v1.0 ARMYAVIATION]">
		<description>Roller Coaster Reversed (Gottlieb)(1971)(Loserman76, Hauntfreaks)(1.0.1)[VPX07][Reversed MOD v1.0 ARMYAVIATION]</description>
		<rom name="Roller Coaster Reversed (Gottlieb 1971) Modified for DT Users.vpx" size="66781184" crc="6322bb07" md5="52d149faa166d64e0c63b991011a95a9" sha1="1d0bb56b94c1dd86fc7f0822e43bb858a9bdc9d3" />
		<rom name="Roller Coaster Reversed (Gottlieb 1971).directb2s" size="12439374" crc="3ccebe24" md5="4b9967c7fffdc6d401acc3cd883634ff" sha1="63249df3eecb645e8121cc21017cf23af0c1a959" />
		<rom name="Roller Coaster Reversed (Gottlieb 1971).vpx" size="66785280" crc="90bcf88e" md5="65b14ca5e6dc1dca750833b55ee51078" sha1="bca417f7a1dd6a92e5a9058241f29aa6144c1370" />
		<rom name="RollerCoasterReversed(Gottlieb1971).webp" size="436540" crc="d8f33470" md5="d5dd2d8e08a2f24df19a0ea690f61491" sha1="7e520516f2dbb7846073118e7e69f8b99d56ccf7" />
	</machine>
	<machine name="Royal Guard (Gottlieb)(1968)(Loserman76, GNance)(1.0.0f)[VPX07][MOD Gfx v1.0 Teisen]">
		<description>Royal Guard (Gottlieb)(1968)(Loserman76, GNance)(1.0.0f)[VPX07][MOD Gfx v1.0 Teisen]</description>
		<rom name="Royal Guard (Gottlieb 1968)_Teisen_MOD.vpx" size="38551552" crc="f5054b82" md5="1a62b8191a4cee5da917e91e8ad355d3" sha1="e37abab1f1828dd4fe4618f74a36587ae2023bcd" />
	</machine>
	<machine name="Royal Pair (Gottlieb)(1974)(Loserman76, GNance)(1.0.0f)[VPX07][MOD Gfx v1.0 Teisen]">
		<description>Royal Pair (Gottlieb)(1974)(Loserman76, GNance)(1.0.0f)[VPX07][MOD Gfx v1.0 Teisen]</description>
		<rom name="Royal Pair (Gottlieb 1974)_Teisen_MOD.vpx" size="40177664" crc="cb30c81b" md5="8492b2085a761a204d353d6fffc3b53e" sha1="a0c7f48c21abe1aa2eee326ce8e3f3d169cb96fb" />
	</machine>
	<machine name="Sheriff (Gottlieb)(1971)(Loserman76, GNance, Popotte)(1.0.0f)[VPX07][MOD Gfx v1.0 Teisen]">
		<description>Sheriff (Gottlieb)(1971)(Loserman76, GNance, Popotte)(1.0.0f)[VPX07][MOD Gfx v1.0 Teisen]</description>
		<rom name="Sheriff (Gottlieb 1971)_Teisen_MOD.vpx" size="40751104" crc="bacdf56e" md5="b189b9dbba3bdb85153be7b03e353a2c" sha1="86ca40ee6e7f425f8f555c20e4d9d190b4dfeea2" />
	</machine>
	<machine name="Sheriff (Gottlieb)(1971)(Loserman76, GNance, Popotte)(1.0.0f)[VPX07][MOD Gfx v1.0 Teisen][MOD Sound, 4K v1.1.0 GauGau]">
		<description>Sheriff (Gottlieb)(1971)(Loserman76, GNance, Popotte)(1.0.0f)[VPX07][MOD Gfx v1.0 Teisen][MOD Sound, 4K v1.1.0 GauGau]</description>
		<rom name="Music/Sheriff/readme.txt" size="68" crc="c535bc8f" md5="f1e501f9d019782a092ed1461cfbbb4c" sha1="c4ce45ac1a4eaa60ad81d19e5d75426064eb28db" />
		<rom name="Sheriff (Gottlieb 1971) 1.1.vpx" size="49983488" crc="5563f54f" md5="db01d3232b5833e0c31829e2999421d8" sha1="8e2d1a628bc6ecb1e6bb24654a4529d586e14776" />
		<rom name="Sheriff readme.txt" size="1697" crc="0a742b19" md5="e990632e143195e565a9eb097fc44a42" sha1="3b3ab641483780e4547bb09ef095e7d23d0fb9d0" />
	</machine>
	<machine name="Solids 'n' Stripes (Williams)(1971)(Loserman76, GNance)(1.0)[VPX07][MOD Gfx v1.0 Teisen]">
		<description>Solids 'n' Stripes (Williams)(1971)(Loserman76, GNance)(1.0)[VPX07][MOD Gfx v1.0 Teisen]</description>
		<rom name="Solids _n_ Stripes (Williams 1971)_Teisen_MOD.vpx" size="31985664" crc="96bd1dc1" md5="f036c084cbd4682717182d776db780bf" sha1="4673ff8303d74bd457a6e04402ef6cdd5926a1bf" />
	</machine>
	<machine name="Space Orbit (Gottlieb)(1972)(Loserman76, GNance)(1.0.0f)[VPX07][MOD Gfx v1.0 Teisen]">
		<description>Space Orbit (Gottlieb)(1972)(Loserman76, GNance)(1.0.0f)[VPX07][MOD Gfx v1.0 Teisen]</description>
		<rom name="Space Orbit (Gottlieb 1972)_Teisen_MOD.vpx" size="40685568" crc="fc578df3" md5="519a32c6b9f98e5e9fedcff352675adb" sha1="4c1289dce936576030502cab753bb885284d428a" />
	</machine>
	<machine name="Spin Out (Gottlieb)(1975)(Loserman76, GNance)(1.0.0f)[VPX07][MOD Gfx v1.1 Teisen]">
		<description>Spin Out (Gottlieb)(1975)(Loserman76, GNance)(1.0.0f)[VPX07][MOD Gfx v1.1 Teisen]</description>
		<rom name="Spin Out (Gottlieb 1975)_Teisen_MOD.vpx" size="37982208" crc="5aeab4f1" md5="1bb162ed14da2b5130a34698c72cc2ca" sha1="2f935d2536d62a56a6aa7096d54c265935972702" />
	</machine>
	<machine name="Spin Wheel (Gottlieb)(1968)(Loserman76)(1.0.0f)[VPX07][MOD Gfx v1.0 Teisen]">
		<description>Spin Wheel (Gottlieb)(1968)(Loserman76)(1.0.0f)[VPX07][MOD Gfx v1.0 Teisen]</description>
		<rom name="Spin Wheel (Gottlieb 1968)_Teisen_MOD.vpx" size="39239680" crc="3474067e" md5="0d2f494055d4710c49764573feef09b3" sha1="9b202c1bebad6417a05b338914eea7be7a193552" />
	</machine>
	<machine name="Spin-A-Card (Gottlieb)(1969)(Loserman76, GNance)(1.0.0f)[VPX07][MOD Gfx v1.0.0 Teisen]">
		<description>Spin-A-Card (Gottlieb)(1969)(Loserman76, GNance)(1.0.0f)[VPX07][MOD Gfx v1.0.0 Teisen]</description>
		<rom name="Spin A Card (Gottlieb 1969)_Teisen_MOD.vpx" size="37638144" crc="694eca5b" md5="22ae77536edd717a1643827ecd8fce77" sha1="ab760ce23219c20f6d8431e1c6d250051aa342d6" />
	</machine>
	<machine name="Stardust (Williams)(1971)(JPSalas)(4.0.0)[VPX07][MOD VR Room v1.0.0 Ext2k][MOD Music v1.0.0 larouillas]">
		<description>Stardust (Williams)(1971)(JPSalas)(4.0.0)[VPX07][MOD VR Room v1.0.0 Ext2k][MOD Music v1.0.0 larouillas]</description>
		<rom name="Stardust  Mod Music (Williams 1971) JP v4.Ext2k VR ROOM.directb2s" size="10690235" crc="86d82af8" md5="b21d31644e8fb4caa92dd3d25e81c21e" sha1="2af5700682eb45abeb297ad5846c2246c3781600" />
		<rom name="Stardust  Mod Music (Williams 1971) JP v4.Ext2k VR ROOM.png" size="661853" crc="5a9d8fac" md5="fdf92842abc28ad315066f11512a8549" sha1="b6ba8be9c78db5e61e1117eb68fc289be2fc63eb" />
		<rom name="Stardust  Mod Music (Williams 1971) JP v4.Ext2k VR ROOM.vpx" size="163409920" crc="b12b7b84" md5="805b384c012e126102133f049f8caf0d" sha1="721deaa5b0be3e1600a4bcd1e85a13d7252c5893" />
	</machine>
	<machine name="Strange World (Gottlieb)(1978)(Loserman76, Humid, Wildman)(1.0)[VPX07][MOD Gfx v1.0 Teisen]">
		<description>Strange World (Gottlieb)(1978)(Loserman76, Humid, Wildman)(1.0)[VPX07][MOD Gfx v1.0 Teisen]</description>
		<rom name="Strange World (Gottlieb 1978)_Teisen_MOD.vpx" size="41938944" crc="827707e6" md5="9f8452bc90b22915558020c427dc2c16" sha1="60610a728b2e625f4a8dedceb34e1da9b73c4164" />
	</machine>
	<machine name="Super Soccer (Gottlieb)(1975)(Loserman76, Tamoore, CARLOSGUIZZO)(1.0.0f)[VPX07][MOD Gfx v1.0 Teisen]">
		<description>Super Soccer (Gottlieb)(1975)(Loserman76, Tamoore, CARLOSGUIZZO)(1.0.0f)[VPX07][MOD Gfx v1.0 Teisen]</description>
		<rom name="Super Soccer (Gottlieb 1975)_Teisen_MOD.vpx" size="33726464" crc="cc5ef9ff" md5="dbdd2be53bf2941a7ca9a6b6a0c3b00b" sha1="fc13bb918628c7866cea10ff6ef2a40e25c84c50" />
	</machine>
	<machine name="Surf Champ (Gottlieb)(1976)(Loserman76, GNance)(1.0.0f)[VPX07][MOD Gfx v1.0 Teisen]">
		<description>Surf Champ (Gottlieb)(1976)(Loserman76, GNance)(1.0.0f)[VPX07][MOD Gfx v1.0 Teisen]</description>
		<rom name="Surf Champ (Gottlieb 1976)_Teisen_MOD.vpx" size="35000320" crc="0089c082" md5="29d1f307d359474a834dcdab0e6bf34f" sha1="814c38e2cfa0c1bd7ef07437494d6055bcb2d4e7" />
	</machine>
	<machine name="Tam-Tam (Playmatic)(1975)(Loserman76, Akiles50000, JPSalas)(1.0.0f)[VPX07][MOD Gfx v1.0 Teisen]">
		<description>Tam-Tam (Playmatic)(1975)(Loserman76, Akiles50000, JPSalas)(1.0.0f)[VPX07][MOD Gfx v1.0 Teisen]</description>
		<rom name="Tam-Tam (Playmatic 1975)_Teisen_MOD.vpx" size="35717120" crc="88090d29" md5="dc49dd3799f9d5da9f0b3e15739b3dfb" sha1="233cc18db02ad1651ff7100d7f4bdd9d67a892eb" />
	</machine>
	<machine name="Target Alpha (Gottlieb)(1976)(Loserman76, GNance, Popotte)(1.0.0f)[VPX07][MOD Gfx v1.0 Teisen]">
		<description>Target Alpha (Gottlieb)(1976)(Loserman76, GNance, Popotte)(1.0.0f)[VPX07][MOD Gfx v1.0 Teisen]</description>
		<rom name="Target Alpha (Gottlieb 1976)_Teisen_MOD.vpx" size="34639872" crc="a2c471e0" md5="ed59ad93cf388ed73ad1aae8a296f33d" sha1="b17ad09de55ad15553631c947aa9c843b3034899" />
	</machine>
	<machine name="Target Pool (Gottlieb)(1969)(Loserman76, GNance)(1.0)[VPX07][MOD Gfx v1.0 Teisen]">
		<description>Target Pool (Gottlieb)(1969)(Loserman76, GNance)(1.0)[VPX07][MOD Gfx v1.0 Teisen]</description>
		<rom name="Target Pool (Gottlieb 1969)_Teisen_MOD.vpx" size="40415232" crc="ad62d4e9" md5="ba23582c65c12bdc279c29f16f6ac2f9" sha1="772641b108d52a9170d52f1ef171f9a3aa62e208" />
	</machine>
	<machine name="Team One (Gottlieb)(1977)(Loserman76, Wildman)(1.0a)[VPX07][MOD Gfx v1.0 Teisen]">
		<description>Team One (Gottlieb)(1977)(Loserman76, Wildman)(1.0a)[VPX07][MOD Gfx v1.0 Teisen]</description>
		<rom name="Team One (Gottlieb 1977)_Teisen_MOD.vpx" size="38047744" crc="159060ba" md5="aaefb6741f6e891aae77347095782c4e" sha1="27a2fc2de0859ecf329cfe0200fb24d909430545" />
	</machine>
	<machine name="Tiger (Gottlieb)(1975)(Loserman76, GNance)(1.0.0f)[VPX07][MOD Gfx v1.0 Teisen]">
		<description>Tiger (Gottlieb)(1975)(Loserman76, GNance)(1.0.0f)[VPX07][MOD Gfx v1.0 Teisen]</description>
		<rom name="Tiger (Gottlieb 1975)_Teisen_MOD.vpx" size="38871040" crc="e11e9c43" md5="02f6bae84091c6222fcfec651b201943" sha1="23c6e9b833b221b4ee4a3cab7e5a45f315b64593" />
	</machine>
	<machine name="Top Hand (Gottlieb)(1973)(Loserman76, GNance)(1.0.0f)[VPX07][MOD Gfx v1.0 Teisen]">
		<description>Top Hand (Gottlieb)(1973)(Loserman76, GNance)(1.0.0f)[VPX07][MOD Gfx v1.0 Teisen]</description>
		<rom name="Top Hand (Gottlieb 1973)_Teisen_MOD.vpx" size="39751680" crc="ff004a19" md5="54bf80bf26807e23cf16d2175807bfdf" sha1="f5cb86146d850bd2a2c1c4c31f6af84426a3f4ec" />
	</machine>
	<machine name="Top Score (Gottlieb)(1975)(Loserman76)(1.0.0f)[VPX07][MOD Gfx v1.1 Teisen, Hauntfreaks]">
		<description>Top Score (Gottlieb)(1975)(Loserman76)(1.0.0f)[VPX07][MOD Gfx v1.1 Teisen, Hauntfreaks]</description>
		<rom name="Top Score (Gottlieb 1975)_Teisen_MOD_1.1.vpx" size="47230976" crc="161a9a21" md5="22bb1aeea135e679e489c5d2331ecca5" sha1="006f097797061c2ad23ef5c44e72a7a5292628a5" />
	</machine>
	<machine name="Total Nuclear Annihilation - Welcome to the Future Edition (Spooky Pinball)(2017)(gtxjoe)(1.4)[VPX07][MOD Gfx v1.1 Bigus]">
		<description>Total Nuclear Annihilation - Welcome to the Future Edition (Spooky Pinball)(2017)(gtxjoe)(1.4)[VPX07][MOD Gfx v1.1 Bigus]</description>
		<rom name="Total Nuclear Annihilation (Spooky Pinball 2017)_Bigus(MOD)1.1.vpx" size="75333632" crc="f4c4ebad" md5="86cdea7834bb96548565c056900c8dc0" sha1="a51e2d0e1260768d4b7aaf49e49f50dd15191978" />
	</machine>
	<machine name="Touchdown (Williams)(1967)(Loserman76, Gnance)(1.0.0f)[VPX07][MOD Gfx v1.1 Teisen]">
		<description>Touchdown (Williams)(1967)(Loserman76, Gnance)(1.0.0f)[VPX07][MOD Gfx v1.1 Teisen]</description>
		<rom name="Touchdown (Williams 1967)_Teisen_MOD.directb2s" size="9123310" crc="8c735248" md5="0ebc45128de9e69420bad6e72d003f4a" sha1="65bee09435033ab8b95eb8ddfaaef3e976c43d05" />
		<rom name="Touchdown (Williams 1967)_Teisen_MOD.res" size="938" crc="a5b55d15" md5="17fbb57956377baafcb74aeed4a5b822" sha1="deb8b62002e86e1500b6f86ffcbf57a5669c8433" />
		<rom name="Touchdown (Williams 1967)_Teisen_MOD.vpx" size="36618240" crc="be120f9a" md5="068e148cb41095c2f8cfcf06dbc7011a" sha1="6c8f367bef8beb1b14bf952096877186b7e3836d" />
		<rom name="touchdown-change-decal.jpg" size="195600" crc="d2e36f45" md5="7e8de2a6fb74a4d4f7b144e08a08ea1c" sha1="8126f46b5139251175d611c0307f69314c3d24fc" />
		<rom name="touchdown-dt.jpg" size="397493" crc="fbe243fc" md5="186b4681d3934ba82da250b3226985cb" sha1="e5af53c92984eda27277516963c0cee91a4c94f2" />
	</machine>
	<machine name="Treff (Walter Steiner)(1949)(mfuegemann)(1.3)[VPX07][Coin-Op Game][MOD Gfx v1.0 haggi]">
		<description>Treff (Walter Steiner)(1949)(mfuegemann)(1.3)[VPX07][Coin-Op Game][MOD Gfx v1.0 haggi]</description>
		<rom name="Treff (non-pinball, Walter Steiner 1949) 1.3 Graphics mod.directb2s" size="36110118" crc="3ea5af1c" md5="1e96a769f3cbbda339c939a341bbcd0d" sha1="9436a213893b1c31e240f21adba732f53d4f01dd" />
		<rom name="Treff (non-pinball, Walter Steiner 1949) 1.3 Graphics mod.vpx" size="17575936" crc="cb218138" md5="5cffcd02cfc58f7f3dfd609a791a3f54" sha1="d1ab10fbe653339891d692fc4ebde3d23673005d" />
	</machine>
	<machine name="Triple Action (Williams)(1973)(Loserman76)(1.0a)[VPX07][MOD Gfx v1.0 Teisen]">
		<description>Triple Action (Williams)(1973)(Loserman76)(1.0a)[VPX07][MOD Gfx v1.0 Teisen]</description>
		<rom name="Triple Action (Williams 1973)_Teisen_MOD.vpx" size="31309824" crc="52115b26" md5="c6d1eb22a313955f77748634bcde41a8" sha1="410addd7b553fe79582d7415c2fe1dd6d528a42e" />
	</machine>
	<machine name="Volley (Gottlieb)(1976)(Loserman76, Bodydump,GNance, Popotte)(1.0a)[VPX07][MOD Gfx v1.0 Bigus]">
		<description>Volley (Gottlieb)(1976)(Loserman76, Bodydump,GNance, Popotte)(1.0a)[VPX07][MOD Gfx v1.0 Bigus]</description>
		<rom name="Volley (Gottlieb 1976)_Bigus(MOD)1.0.vpx" size="44195840" crc="598d9539" md5="a34a0b5dc74b99c05a23095b8c3906e9" sha1="d9f5e706b7a3b2cfd82fe9b9242c02ef883e690b" />
	</machine>
	<machine name="Wheel (Maresa)(1974)(Loserman76, Akiles50000, JPSalas)(1.0a)[VPX07][MOD Gfx v1.0 Teisen]">
		<description>Wheel (Maresa)(1974)(Loserman76, Akiles50000, JPSalas)(1.0a)[VPX07][MOD Gfx v1.0 Teisen]</description>
		<rom name="Wheel (Maresa 1974)_Teisen_MOD.vpx" size="39948288" crc="8cecb95e" md5="7fa6f5c3ae9c2af227651cd1d77b6bd6" sha1="f6820a73d65362addd19255d049aaae9a6f5d627" />
	</machine>
	<machine name="Wild Card (Williams)(1977)(Loserman76, PBecker, Itchigo)(1.0)[VPX07][MOD Gfx v1.0 Teisen]">
		<description>Wild Card (Williams)(1977)(Loserman76, PBecker, Itchigo)(1.0)[VPX07][MOD Gfx v1.0 Teisen]</description>
		<rom name="Wild Card (Williams 1977)_Teisen_MOD.vpx" size="30253056" crc="7cfb91f3" md5="091c5044259bccbfd3120a26ff6b9989" sha1="39507767817e86c66cb5c58748e0888dccc881d0" />
	</machine>
	<machine name="Wild Life (Gottlieb)(1972)(Loserman76, GNance, Popotte)(1.0.0f)[VPX07][MOD Gfx v1.0 Teisen]">
		<description>Wild Life (Gottlieb)(1972)(Loserman76, GNance, Popotte)(1.0.0f)[VPX07][MOD Gfx v1.0 Teisen]</description>
		<rom name="Wild Life (Gottlieb 1972)_Teisen_MOD.vpx" size="36208640" crc="5fd81d7d" md5="28e3dc4de617c505b6af11e6f2bd3d92" sha1="32c7e441c04d59edadeebe3a8fa6a90a31a0ed14" />
	</machine>
	<machine name="Wild Wild West (Gottlieb)(1969)(Loserman76, GNance)(1.0.0f)[VPX07][MOD Gfx v1.0 Teisen]">
		<description>Wild Wild West (Gottlieb)(1969)(Loserman76, GNance)(1.0.0f)[VPX07][MOD Gfx v1.0 Teisen]</description>
		<rom name="Wild Wild West (Gottlieb 1969)_Teisen_MOD.vpx" size="37191680" crc="d690fdd8" md5="f522cfa5b0a1c4e02222a8217219eabc" sha1="240eb0388a501a77632bc6a45be8ef1586386e9c" />
	</machine>
	<machine name="World Series (Gottlieb)(1972)(Loserman76, GNance)(1.0.0f)[VPX07][MOD Grx v1.0 Teisen]">
		<description>World Series (Gottlieb)(1972)(Loserman76, GNance)(1.0.0f)[VPX07][MOD Grx v1.0 Teisen]</description>
		<rom name="World Series (Gottlieb 1972)_Teisen_MOD.vpx" size="34525184" crc="7683f324" md5="cfe7defdbc9778a765da878fd3aceff9" sha1="c701131acb8aa374fd8a4a171e6e27ce24c477f6" />
	</machine>
	<machine name="Zip-A-Doo (Bally)(1970)(Loserman76, GNance, Hauntfreaks)(1.0)[VPX07][MOD Gfx v1.0 Teisen]">
		<description>Zip-A-Doo (Bally)(1970)(Loserman76, GNance, Hauntfreaks)(1.0)[VPX07][MOD Gfx v1.0 Teisen]</description>
		<rom name="Zip-A-Doo (Bally 1970)_Teisen_MOD.vpx" size="35262464" crc="840221e2" md5="67bbf0d26a80c89c3491f114a3fd3264" sha1="9e22394b743e181659a067563f67de529824df71" />
	</machine>
</datafile>