<?xml version="1.0" encoding="utf-8"?>
<!DOCTYPE datafile PUBLIC "-//Logiqx//DTD ROM Management Datafile//EN" "http://www.logiqx.com/Dats/datafile.dtd">
<datafile>
	<header>
		<name>Visual Pinball [VPX0-VPX06] Original Tables [MODs, HACKs]</name>
		<description>Visual Pinball [VPX0-VPX06] Original Tables [MODs, HACKs] (2024-01-27)</description>
		<version></version>
		<date>2024-01-27</date>
		<author></author>
	</header>
	<machine name="Airwolf (2020)(Ivantba)(1.0)[VPX06][MOD MEGA v1.1 chucky87, JPJ, JLouLou, TeamPP]">
		<description>Airwolf (2020)(Ivantba)(1.0)[VPX06][MOD MEGA v1.1 chucky87, JPJ, JLouLou, TeamPP]</description>
		<rom name="Music/Airwolf (Theme)  1984.mp3" size="12443815" crc="337771cd" md5="adea64ce678a833cbac7edb426abe8cf" sha1="b43e43bd78d406cbdde0bdcd375259a65987f8d4" />
		<rom name="Music/Airwolf - Theme Synthwave Remix.mp3" size="12085415" crc="8e117c91" md5="bf08d116f5ff32212e311155fcaaf753" sha1="8cc843f18b806e26e319744b56303912e3e33865" />
		<rom name="Music/Airwolf HD theme music Type A 2015.mp3" size="7363532" crc="fa13e443" md5="10b8d74c3e88b2a59daaafe912d5404f" sha1="d5e9ab497c25974c2095c5f81ccb87f4172ae369" />
		<rom name="Music/Airwolf Theme (Cryocon Synthwave Rework).mp3" size="9905758" crc="9c0f318c" md5="53bf261e1419b1ae5f617339ce32c8b4" sha1="a6209affd49932cbda54094ecdf1f85621207705" />
		<rom name="Music/Airwolf Theme (Synthwave Remix) Mr McNoggin.mp3" size="8201530" crc="a8fe020a" md5="000408556905ca1ec8d77dd625f62d23" sha1="d0c7b7683ce3d7c63a7c66768c2fc71788d2347f" />
		<rom name="Music/Airwolf Theme - Extended [ HD ].mp3" size="12501295" crc="c0c063e7" md5="411ea3b097543fb32c63ad46e13fdda7" sha1="6f62b798e01679563bf0cd950206012cc3adb833" />
		<rom name="Music/Airwolf Theme Song - Original Intro [Remastered].mp3" size="2202782" crc="9f9561ee" md5="81d0943ba903be313d3b2950f7b219b3" sha1="dcaa595d9a52439a64f45d8118377cb0cbd28119" />
		<rom name="Airwolf (TBA 2020) chucky87-JPJ -JLouLou TeamPP (Mega MOD) 1.0.vpx" size="35213312" crc="17d8b45a" md5="fa607cf054300eab4262b7b7a5f64cea" sha1="66df2899850d2b2520fb01107cac99b4849ed25c" />
		<rom name="Airwolf (TBA 2020) V2.directb2s" size="20395647" crc="e7d9ce10" md5="a5c6018d88a99ebb71f3237ccc88d9be" sha1="7f851197f8f5c23f39081955d7b465ec3bbd53f9" />
		<rom name="airwolf.png" size="939267" crc="4720e37b" md5="214b3d87db0e1f2138979e646bd9149b" sha1="c2d74c997150b9464c45745b7c3f8309731af1cf" />
	</machine>
	<machine name="Blade Runner 2049 (2021)(Wpilot)(1.3)[VPX06][MOD v1.0 VPD]">
		<description>Blade Runner 2049 (2021)(Wpilot)(1.3)[VPX06][MOD v1.0 VPD]</description>
		<rom name="Blade Runner 2049 1.3.vpx" size="192507904" crc="318cfb19" md5="97b0645807bb33b25385b9550393fd5f" sha1="afe276bddb5536d38e6d8669439297fafa4dd371" />
	</machine>
	<machine name="Fight Night (Chris La Mantia)(2.1)[VPX06][MOD Gfx v1.0 Bigus][B2S Mod v1.1 JOGrady]">
		<description>Fight Night (Chris La Mantia)(2.1)[VPX06][MOD Gfx v1.0 Bigus][B2S Mod v1.1 JOGrady]</description>
		<rom name="Fight Night_Bigus_JOGrady7(MOD).directb2s" size="1046747" crc="e04e1909" md5="81034ebc99a4b0c7d1a7acca02b8744a" sha1="d47dd3d84df467a059f0156c882060b9e1c0c829" />
		<rom name="Fight Night_Bigus_JOGrady7(MOD).vpx" size="17260544" crc="7c41de3f" md5="1f412d7055c9882f5d7a9ebaab0e71e9" sha1="a31e520d704899882d1c53ab0becee2c5b87e2a2" />
		<rom name="Fight Night_Bigus_JOGrady7(MOD)BackGlass.png" size="1494890" crc="8ad8115a" md5="fc63189fafa8741eae2e1b03f0b8dc93" sha1="4617abb715a3243439b59da87010db0089e697c5" />
		<rom name="Fight Night_Bigus_JOGrady7(MOD)Table.png" size="7184374" crc="ae3cd304" md5="bc92728af4d6f2914fdd4e60c3fb0e8b" sha1="6161664defee26c15c6252735b027aa3cae31d11" />
		<rom name="Fight Night_Bigus_JOGrady7(MOD)Wheel.png" size="46356" crc="f7f6e752" md5="b471ebadba64b9e8ead104164aaaf00e" sha1="f366d1e795948942b40d084ac3b6f8b868db023a" />
	</machine>
	<machine name="Flash, The LE (2018)(JPSalas, Onevox)(1.0)[VPX05][MOD Onevox, Vogliadicane, xenonph, DJRobX]">
		<description>Flash, The LE (2018)(JPSalas, Onevox)(1.0)[VPX05][MOD Onevox, Vogliadicane, xenonph, DJRobX]</description>
		<rom name="Flash, The LE (Original 2018).directb2s" size="15068137" crc="82586781" md5="971d3ba0ae3958450297940072f46cc6" sha1="a2c0fe1ab07decf2304e06a04f4a7d36688bb0a7" />
		<rom name="Flash, The LE (Original 2018).vpx" size="43323392" crc="a8dc479d" md5="edb04fdb7522b15b0ebb5a65219f2fcb" sha1="9bfe8f565f4f768eaa3153fe7af941b940412741" />
		<rom name="Flash, The LE screenshot.png" size="228043" crc="5edb2166" md5="e43c5d199e82857a30cb1a96812e94c5" sha1="754d331e5ebfdbec067809d3da489c6b19787b18" />
		<rom name="The Flash LE icon.png" size="95508" crc="fa386160" md5="91d2d648990504fbfa83b5d11bf44a20" sha1="2ca14ba3ad1f88d9bbdbabcf77bdb8c6f77d39e5" />
	</machine>
	<machine name="Ghostbusters Slimer (JPSalas)(2.1.0)[VPX06][MOD Back Glass v2.1.0 GreyGhost]">
		<description>Ghostbusters Slimer (JPSalas)(2.1.0)[VPX06][MOD Back Glass v2.1.0 GreyGhost]</description>
		<rom name="GBS Read Me.odt" size="13313" crc="4b9075bf" md5="1124d7212fd0b05df53a1b6a7e64b8c9" sha1="374e957396b42e45dd442b976a49c14f79075b88" />
		<rom name="ghostbusters-slimer-dark.png" size="2378546" crc="9505bac8" md5="5a8fde74d4fcaadb08376241b31ebc18" sha1="983fd0c095c27a2ddc07485552f07fa8fd67c8a4" />
		<rom name="ghostbusters-slimer-illuminated.png" size="4573258" crc="f6990345" md5="0ee3334c480297fe5636e881b76e3252" sha1="c5ea64eef58f4c5a3116a21e0b2612157102ffc8" />
		<rom name="JP's Ghostbusters Slimer 2.1.0.vpx" size="72847360" crc="412a331f" md5="25199bb682a8bed71b14b860b8c8358c" sha1="917ddb15d16544fd1f9850515196e32b64e024c4" />
		<rom name="JP's Ghostbusters Slimer.directB2S" size="19950891" crc="49c6fc89" md5="1fc7f0a27626c7716e9c81b3809130fd" sha1="7da30c7df2eeb5c35f0ff058c8f8e89b91d5b49b" />
	</machine>
	<machine name="Mandalorian, The (Addestratore)(1.02)[VPX06][MOD v2.1 VPD]">
		<description>Mandalorian, The (Addestratore)(1.02)[VPX06][MOD v2.1 VPD]</description>
		<rom name="Mandalorian .vpx" size="103116800" crc="ade160df" md5="d209ccaa39f566690713fb75a4362718" sha1="5397cd567fd800adbfba2e2d6c0b5df7190b0bc2" />
	</machine>
	<machine name="Penthouse (Pinball-Dreams)(2008)(batch)(1.3)[VPX06][MOD Desktop v1.3 Batch]">
		<description>Penthouse (Pinball-Dreams)(2008)(batch)(1.3)[VPX06][MOD Desktop v1.3 Batch]</description>
		<rom name="Music/Penthouse1.mp3" size="3983568" crc="a7f875d6" md5="abcfb6740799a4de02732d96af8f5cfe" sha1="e748585f9725c98b3d58b5909dfc90eb86b1104b" />
		<rom name="Music/Penthouse2.mp3" size="4048351" crc="6ac66eb1" md5="9263d51afe35309baccf29d8744026f7" sha1="b297ce126436bd10f5b999996344a8aa00462942" />
		<rom name="Music/Penthouse3.mp3" size="3711058" crc="75317238" md5="4b184597e480237f65969d1cfdf80972" sha1="c4e29565418da6dec80b051b399c329f32761dbe" />
		<rom name="Music/Penthouse4.mp3" size="4435381" crc="1312b0fe" md5="0e9399d25b7d3f9271201a3d9926b7ab" sha1="6e070180f3cd07c7db945502547d0736978fa5dc" />
		<rom name="Music/Penthouse5.mp3" size="3683055" crc="99a4c874" md5="eedd8ca527294b5700eef550febe02d7" sha1="010440e01f340ee7a7f1bd39ee1e7e81b5863662" />
		<rom name="Music/Penthouse6.mp3" size="4136959" crc="29ca4099" md5="90a7755cf9cadb2486fdd7f437e09779" sha1="b9a753c1bbf137f582d62857b08280372d94896a" />
		<rom name="Music/Penthouse7.mp3" size="4465892" crc="7f39dd14" md5="6faff5574f5d0a97755a6c08ebf476f3" sha1="20f63cf06ee0b974f5eea8e7f8828b48c1548535" />
		<rom name="Music/Penthouse8.mp3" size="3016410" crc="e389413f" md5="608c86f429e645b283fb2003975f84f2" sha1="685d251af8fa819ada95cfc747a318f15d5cd4b2" />
		<rom name="Music/Penthouse9.mp3" size="3092897" crc="2e2f31e4" md5="41defecefdd0a6722889ea3eb26f10dc" sha1="ab8e20318aa703c799a3b9b586675e47add84037" />
		<rom name="Penthouse DT Batch_MOD 1.3.vpt" size="11685888" crc="a4c0fe25" md5="ee8799913c720dcacc2a0ca6f19daff1" sha1="163f965e8eae692c32ee1e4dbcfbb08a99341377" />
		<rom name="penthouse-vp9.jpg" size="739975" crc="1ebad8bd" md5="22ba3841009c02bb88344a4c6d02718a" sha1="b9c6f393075db538c79fb638c9f38e881f0f9cc8" />
	</machine>
</datafile>