<?xml version="1.0" encoding="utf-8"?>
<!DOCTYPE datafile PUBLIC "-//Logiqx//DTD ROM Management Datafile//EN" "http://www.logiqx.com/Dats/datafile.dtd">
<datafile>
	<header>
		<name>Visual Pinball [VP6] Recreated Tables</name>
		<description>Visual Pinball [VP6] Recreated Tables (2024-01-27)</description>
		<version></version>
		<date>2024-01-27</date>
		<author></author>
	</header>
	<machine name="21 (Williams)(1960)(Marc Bouchard)(1.0)[VP6]">
		<description>21 (Williams)(1960)(Marc Bouchard)(1.0)[VP6]</description>
		<rom name="21 fl.jpg" size="848716" crc="5251ee46" md5="81abf281eb5b745acdf1bd04a666fe49" sha1="08dcddf74cdb773867b8671a2d8385d9b0cb48ee" />
		<rom name="21 williams.jpg" size="315530" crc="69320f0a" md5="0674e02ff3350fd7b275ab6b155db2bb" sha1="89a5e1cc86cfb38f39a99e8c1ca02941dbf1943b" />
		<rom name="21_williams_1960_a.vpt" size="3356160" crc="553cb839" md5="d96c3b10c080beea74c8997d6cf25626" sha1="ecd835edab32319e4dc56a527580343acb75cd33" />
	</machine>
	<machine name="100 Yards, The (EM Marchant)(1952)(Patrick, tiltjlp)(1.0)[VP6]">
		<description>100 Yards, The (EM Marchant)(1952)(Patrick, tiltjlp)(1.0)[VP6]</description>
		<rom name="100 Yards, The (1.0) screenshot.jpg" size="92170" crc="60f0ca2b" md5="a9ac6eac2015511a1494cffc694f87a1" sha1="e3c2e8b60c1156531cb46801a51eb2f8f2ab971c" />
		<rom name="the100yards10a.vpt" size="1457152" crc="6f586017" md5="f1e44f27e50ac671b51a6bbdfd9099db" sha1="5f9d5830692d045790e2e396a352fa1d2e5a469e" />
		<rom name="the100yards.vpt" size="1457152" crc="ba229621" md5="ca4265187dc289a3da2277df587cf878" sha1="05beb4f2a3a4257b23192528475d233de1a813f3" />
	</machine>
	<machine name="Big Top (Wico)(1977)(TAB, Destruk)(1.0)[VP6]">
		<description>Big Top (Wico)(1977)(TAB, Destruk)(1.0)[VP6]</description>
		<rom name="Big Top flyer.jpg" size="1481545" crc="b2974d3f" md5="75618200b0713dd3084831b222c7d926" sha1="850a9039fbcbb146d23559f28ad190331986e30d" />
		<rom name="Big Top screenshot.jpg" size="84115" crc="3bd39fff" md5="fa4992526869e76f5e3336c4b992a72e" sha1="83ff379c2383cdfd80a4cceba61b5c117b1c13c2" />
		<rom name="Wico Big Top.vpt" size="1181696" crc="c9e64024" md5="9285a6c8c43fbf2130f5e839b53388bd" sha1="a671a8ddf8c9d702741b61ddaf3807c43c7ab5c7" />
	</machine>
	<machine name="Buckaroo (Gottlieb)(1965)(Duglis)(1.1)[VP6]">
		<description>Buckaroo (Gottlieb)(1965)(Duglis)(1.1)[VP6]</description>
		<rom name="BUCKAROO (Gottlieb 1965).vpt" size="1837568" crc="5968adc7" md5="c2764ace2017595306bb85c339c8ba7b" sha1="e094fca10477f6555e9a9b51db8cdfdaf4c6e47f" />
		<rom name="screenshot.jpg" size="82159" crc="6c970a6f" md5="deb31239936ada6cfcee7b14b4764d0c" sha1="955276c135a9c9c9bb8dfdd5812fd435883c23b3" />
	</machine>
	<machine name="Circus (Bally)(1973)(Ash)(1.0_IR)[VP6]">
		<description>Circus (Bally)(1973)(Ash)(1.0_IR)[VP6]</description>
		<rom name="Circus (1973) flyer 1.jpg" size="1527640" crc="1f88b48d" md5="c37dc1b5d22d4dbc25628e85ea20bae0" sha1="80614daaa79d45c3eb9cee8a2d7b2e70ac574554" />
		<rom name="Circus (1973) flyer 2.jpg" size="1630232" crc="b16a19f2" md5="d10ad92259d5a78742aa933e9d9f1dc0" sha1="c566f657192ec3982ed541d8b5b8c4ad0ffdc62f" />
		<rom name="Circus (Bally 1973) screenshot.jpg" size="106914" crc="b208403b" md5="0c3f3a9d199904f6326860c79e17954f" sha1="1f48643b25e664647c0f2a18306d15cddd0477ea" />
		<rom name="Circus (Bally 1973).vpt" size="1699328" crc="c71efec2" md5="0677bc13db242d95a46a44d46a7607f5" sha1="7b2d5705ece3729d4dfe873af2d10c7ad4d45a2a" />
		<rom name="Circus (Bally)(1973)(Ash)(1.0).vpt" size="2094080" crc="d5fcce13" md5="c82b776cd6466d42ab9e10a63f88b0e9" sha1="68c1f278848dafdcd1a855e7ea715ba4e47a0d14" />
		<rom name="Circus readme.txt" size="967" crc="6e9181f7" md5="d47f99e7ae233d215ef4d1050e726c3a" sha1="984bcd5763aca9de152d6b77e916a032717aa9aa" />
	</machine>
	<machine name="El Dorado (Gottlieb)(1975)(Patch)(3.05)[VP6]">
		<description>El Dorado (Gottlieb)(1975)(Patch)(3.05)[VP6]</description>
		<rom name="El Dorado.vpt" size="2954240" crc="288e4805" md5="1d80511131d2c7ef5f045a2a8fd2f09a" sha1="60c30ee8f9b68053ef43642d1736f9965b3fdb43" />
		<rom name="screenshot.jpg" size="386249" crc="7a684c68" md5="9da069af31647e6606e7c80a18a828d5" sha1="522b64ce6441e027d9623e4020ab590b071ee86a" />
	</machine>
	<machine name="Fun Land (Gottlieb)(1968)(Marc Bouchard)(1.0)[VP6]">
		<description>Fun Land (Gottlieb)(1968)(Marc Bouchard)(1.0)[VP6]</description>
		<rom name="flyer.jpg" size="1978103" crc="43b614e3" md5="ee5a2be38149d85ef61932a3f52b4ab7" sha1="9add0f6e5bf5b1f497066ba15d5d72a16668cb94" />
		<rom name="FUN LAND.bmp" size="921654" crc="5c7a86eb" md5="150862a089182efc45713ab38fa86b06" sha1="7e6abd758f535c37c7626214aa2443c65e7c3840" />
		<rom name="fun land.vpt" size="2279936" crc="047ffa0b" md5="5853085785e28090d598b8ee3f3ca672" sha1="922f7223ca47679868403a4cc99763c4372ebb98" />
	</machine>
	<machine name="Gusher (Williams)(1958)(Leon Spalding)(RC1)[VP6]">
		<description>Gusher (Williams)(1958)(Leon Spalding)(RC1)[VP6]</description>
		<rom name="flyer 1.jpg" size="1123166" crc="1a7445b0" md5="ac98382881794ca415a5d668320cde60" sha1="55ca1bb757d9435f79938aaf270151122cad70a5" />
		<rom name="flyer 2.jpg" size="703078" crc="a31f7c0f" md5="d7518a75e90ceac4087b33462884a2da" sha1="ed5cd658819ab1249236d4f7802e2a836d3ea5df" />
		<rom name="Gusher_RC1.1.vpt" size="2816000" crc="af9acf5c" md5="e7bc9831fcf9d950aa6a4acc4a524564" sha1="aad2077007966f93170d218fea943b850ec17228" />
		<rom name="Rules.txt" size="887" crc="4d73a314" md5="0c8c5a0d52cbdfc29374240b17463801" sha1="75736436b23d36b032167ca6f937e4e5086e3564" />
		<rom name="screenshot.jpg" size="97175" crc="1efb35ea" md5="fcbd29b0bd0599b519e525b9b5637289" sha1="da3eb1b3dfd0cee8def2b62ec617a1b758ea48cf" />
	</machine>
	<machine name="Gypsy Queen (Gottlieb)(1955)(Robair)(1.0)[VP6]">
		<description>Gypsy Queen (Gottlieb)(1955)(Robair)(1.0)[VP6]</description>
		<rom name="Gypsy Queen (Gottlieb 1955).vpt" size="1914368" crc="ac2529d7" md5="e790cc14521d36b28c78122b641173f6" sha1="3a12443b9bb22e01c27fcd4514931bdf224fdf58" />
		<rom name="gypsyqueenflyer.jpg" size="218267" crc="63478cbd" md5="1d6fc42730b484ec072623ce213db84a" sha1="b415dca9278fcfadcc29afac971ef29aae3498af" />
		<rom name="screenshot.jpg" size="86694" crc="be0b5ae0" md5="16d53a6a42977e09f3bfc52e2237decd" sha1="0a889dfa144a0d4f88d0855aa70abe025b002a92" />
	</machine>
	<machine name="Gypsy Queen (Gottlieb)(1955)(Robair, Furio)(2.5 Deluxe)[VP6]">
		<description>Gypsy Queen (Gottlieb)(1955)(Robair, Furio)(2.5 Deluxe)[VP6]</description>
		<rom name="Gypsy Queen deluxe (Gottlieb 1955) 2.5.vpt" size="2250240" crc="673cff87" md5="6d3998cdf871c9714d1b53fc9e51bdc4" sha1="fbac7d37554ddc516d07e931d49708af64a4197d" />
	</machine>
	<machine name="Happy Days (Gottlieb)(1952)(Robair)(1.0 Beta)[VP6]">
		<description>Happy Days (Gottlieb)(1952)(Robair)(1.0 Beta)[VP6]</description>
		<rom name="flyer.jpg" size="1126052" crc="9e6ece4c" md5="2ccb73d1528f0fcca9a7cab40c16bab7" sha1="12328f65bdf39045c9cc51ef3044cbdc5ab8b7c4" />
		<rom name="Happy Days (Gottlieb 1952).vpt" size="1738240" crc="34fa8793" md5="a21547cab512749aad19a9d30de0af0b" sha1="fe3e9ac08c735255ddfa4706c59e53a8bf9a70ab" />
		<rom name="happydaysrules.txt" size="904" crc="c15a1bdd" md5="dea8f842ee328faec4e74344b612e661" sha1="e119a71037974d954919a957b67a67005dbcc410" />
		<rom name="screenshot.jpg" size="68369" crc="77f895ce" md5="fa0aaa342c7e13a80382eb23f4126458" sha1="bc78f3ae5f1634c6d883b826ae0c84c3e31fc9e4" />
	</machine>
	<machine name="Happy Days (Gottlieb)(1952)(Robair, Furio)(3.0)[VP6]">
		<description>Happy Days (Gottlieb)(1952)(Robair, Furio)(3.0)[VP6]</description>
		<rom name="Happy Days (Gottlieb 1952) 2.3.vpt" size="2411520" crc="ea8edba7" md5="67ebbb90d32cfbdccae193fd7c7e9abd" sha1="abf03ae77702071c7a051f93f47e95d97e1affee" />
		<rom name="Happy Days (Gottlieb 1952) 3.0.vpt" size="2606592" crc="3b9d1268" md5="0fda0eb32382229f1fb731df5ed27903" sha1="6cc4217db8407b41c10686fb992db6244e0b866b" />
		<rom name="happy_days_flyer .jpg" size="185128" crc="203966ea" md5="40068e7abd307bf0049b0f785d30e94c" sha1="1ee453c387e95bfcd0f61cc29a9c62eba7649fd2" />
	</machine>
	<machine name="Hi-Lo (Gottlieb)(1969)(Furio, Robair)(4.0)[VP6]">
		<description>Hi-Lo (Gottlieb)(1969)(Furio, Robair)(4.0)[VP6]</description>
		<rom name="flyer (alternative).jpg" size="759708" crc="1b32d1af" md5="f8ac0cf90ddb2a5ae2b3c2eceea7f3ab" sha1="5e136021fbe072674f6d4519c012afa3eaa8272b" />
		<rom name="flyer.jpg" size="367635" crc="5dec5817" md5="58b4f5a8fe683d25166e57f6a686037b" sha1="b4191870330750fb49808f048c43348f5d0fb627" />
		<rom name="Hi-Lo   (Gottlieb 1969) 4.0.vpt" size="2591744" crc="8367cebb" md5="f3da65085da1292d892b7d30bafad33b" sha1="b7657def99de28d6c19dd86d67279cc7743f4974" />
		<rom name="hilo.jpg" size="40820" crc="88685c45" md5="eb6d15bbafe5dc1067e27218283b848f" sha1="990a00af3a6725d41160d5ffb88d1e782f06ee64" />
		<rom name="Ss.JPG" size="90727" crc="0489dd12" md5="1754978a59d2ffd515e6854510168ac5" sha1="27b1272c5e78af6b38db9ee62fbdde21ebed3a1b" />
	</machine>
	<machine name="Hokus Pokus (Bally)(1976)(Steveir, Duglis)(1.0)[VP6]">
		<description>Hokus Pokus (Bally)(1976)(Steveir, Duglis)(1.0)[VP6]</description>
		<rom name="annifont.ttf" size="37552" crc="97cd3db4" md5="2c64bb417056f321f9d7e61190e703aa" sha1="b8c3aa7ce4fd927626cb8aa2fa4c985bbef81604" />
		<rom name="FONTS___.ttf" size="43156" crc="fb7a253c" md5="e6d009ab2ea3b918df8787768b96293a" sha1="1a06e69889c164de71675ddede2a7442a1328fa2" />
		<rom name="HOKUS POKUS (Bally 1975).vpt" size="2808320" crc="1ec0d81d" md5="2a37f7f8a31b3fcc629212cd3f25c05e" sha1="0927911945009c47ad30d4515bc67d73cfc4037c" />
		<rom name="hokuspokus_flyer2.jpg" size="176469" crc="7677fa3b" md5="53ad053ab49aed2b71c88909b1b721a2" sha1="129bc7b1fb7432fdcb52b9037408257ca92c65aa" />
		<rom name="screenshot.jpg" size="85058" crc="99ba00e7" md5="b4af72a036ca1018ba1523ed1123ae39" sha1="ebdf62564da579461cc4950c3307234a29940e4c" />
	</machine>
	<machine name="Kings (Williams)(1957)(Duglis)(2.0)[VP6]">
		<description>Kings (Williams)(1957)(Duglis)(2.0)[VP6]</description>
		<rom name="KINGS (Williams 1957).vpt" size="2754560" crc="ef8c2c48" md5="f3f84dbac61e18eb6b710e04aebef58c" sha1="cd67c2cb5ef43c9e5f7c38ae039869baaad8c6d5" />
		<rom name="kings-1957-flyer.jpg" size="120315" crc="10ab8396" md5="b1e8242331fa1fe5e68f8dbb11edb1a7" sha1="197e3c7993f663921632215d8e0114c299d6a75d" />
		<rom name="Kings-rules.txt" size="2497" crc="8618a82d" md5="8ba318710ce6844243ef27ee030680c2" sha1="ec3fc47ab22105dcc121da09ecd68d03f8c680bd" />
		<rom name="screenshot.jpg" size="100045" crc="0e68084d" md5="89cf82adb0d0b067b386397cf05fd80c" sha1="62aa7e21ba12cb7231ff29136d560a5f4d055216" />
	</machine>
	<machine name="Moon Shot (Bally)(1963) + Tropic Isle (Gottlieb)(1962) (Jay Phillips)(R1)[VP6]">
		<description>Moon Shot (Bally)(1963) + Tropic Isle (Gottlieb)(1962) (Jay Phillips)(R1)[VP6]</description>
		<rom name="old/Moon Shot (Bally)(1963) + Tropic Isle (Gottlieb)(1962) (Jay Phillips)(3.0).vpt" size="2818560" crc="8d9ea493" md5="267c9b2a5519ba5972fb1f988599f33c" sha1="5a092c4327080d38cc20a0276e1658d1b9624451" />
		<rom name="Moon Shot screenshot.jpg" size="82109" crc="b69878dc" md5="f367993eec1c9abc72ee763b41273935" sha1="499a958123fbe1af6aafbe15363e15a5f2472adf" />
		<rom name="moonshot-flyer.jpg" size="558387" crc="f50c4f2d" md5="03a6784bea43ba8fae9a3044092a056c" sha1="4484bed006b3cbcebe62bc85b580e7ee538fc856" />
		<rom name="Thanks to Kenneth Caine for Moonshot pix.txt" size="7" crc="dd035f8a" md5="38f5c24717fedaa404babb0c4710152e" sha1="1da20795f84bb9c5e16697aea34f14720e38fc37" />
		<rom name="Tropic Isle screenshot.jpg" size="82904" crc="818b0916" md5="c37885d4ba68cdec41b51b15f42d53f2" sha1="3dbac04daffa5ceb4fca5e7b09cfcb42108e3df0" />
		<rom name="tropicisle-flyer.jpg" size="1311241" crc="6f664369" md5="8e5cacd269d749923fe63b3d938d2c24" sha1="8805a02436c118197e4202e66fcf1fb5b05c7dc3" />
		<rom name="TropicIsle-Moonshot (Gottlieb62-Bally63).vpt" size="3128320" crc="27a302a6" md5="ff190c174ae5fe1114cf48bd3c62385d" sha1="76225b06bfc1d02ffebbb435f9296bae4adb62eb" />
	</machine>
	<machine name="New World (Playmatic)(1976)(Eala Dubh Sidhe)(RC1)[VP6]">
		<description>New World (Playmatic)(1976)(Eala Dubh Sidhe)(RC1)[VP6]</description>
		<rom name="BEAU__CZ.ttf" size="42292" crc="4183dc01" md5="b89491092357bdfb4b65e36d7ec62bd8" sha1="5c6992c25ac6cb74c12e2ee2ef9b5414081a5dc1" />
		<rom name="GOTHIC.ttf" size="61280" crc="f54af41b" md5="8917856b57da55472606a59f43b41588" sha1="035669a8e8a5b486c3300eb9ea7a6672bb7ac331" />
		<rom name="New World (Playmatic 1976).vpt" size="7261696" crc="b78e011b" md5="1c129364b4154ff0ed4b2b37ab35cd31" sha1="fe03016f1c76c5c0b47602d33f990659cf1912a0" />
		<rom name="New World table notes.txt" size="1804" crc="8f5f7d5c" md5="cecd25d0da03ecee9311f41f6c057796" sha1="128d2b3e1fa9bd7fb1eeb07df6b1c21b6793c722" />
		<rom name="new_world.jpg" size="75541" crc="923baa4f" md5="bc71ad880d6b69502d41e1785a2cd354" sha1="8b76ad87282d4b052d3e8a730006d619a476d393" />
	</machine>
	<machine name="Out of Sight (Gottlieb)(1974)(Redswal)(1.0)[VP6]">
		<description>Out of Sight (Gottlieb)(1974)(Redswal)(1.0)[VP6]</description>
		<rom name="out_of_sight.jpg" size="80189" crc="8c7e652f" md5="a0e1c6e051db3039074b5290ba3084bc" sha1="4908ae76140d39a1f6cb1820151bc1d944d485e7" />
		<rom name="outofsight.vpt" size="1572352" crc="422ef5b7" md5="74dc845a4be5ab0054b09870c824c7aa" sha1="9edb8bebddfd8dc0195f4de92428d95aaaee5606" />
	</machine>
	<machine name="Paradise (Gottlieb)(1965)(Bendigo)(1.0)[VP6]">
		<description>Paradise (Gottlieb)(1965)(Bendigo)(1.0)[VP6]</description>
		<rom name="flyer.jpg" size="2549784" crc="61853a59" md5="18182263c60b9cffc286438754146cd6" sha1="a0ac6d2d0023fb39d3c4a545f9296a6f4aaece2a" />
		<rom name="Paradise.vpt" size="2290688" crc="59742830" md5="41424e58aa99fd34675655ba401e0c14" sha1="04f41f3de73845bf0cf468a043f47aedddcce8ec" />
		<rom name="screenshot.jpg" size="83843" crc="dab016f1" md5="d5b27b224fefa8baaf0255799f431dd0" sha1="373f02486570c04e8c3b67d74667b562f453e808" />
	</machine>
	<machine name="Rocky Girl (Giuliano Lodola)(1979)(Redswal)(1.0script fix)[VP6]">
		<description>Rocky Girl (Giuliano Lodola)(1979)(Redswal)(1.0script fix)[VP6]</description>
		<rom name="rockygirl_(script fix).vpt" size="3961856" crc="ce4a7228" md5="6aa4cfc8ea479240b0b392cd09a93d60" sha1="843e2ebd28df2b557b96b3fa3fffea96ec2280a9" />
		<rom name="screenshot.jpg" size="69872" crc="4182a45b" md5="e610de6b31b97ed4de7e1830230d6265" sha1="7df80e596f424c39afa2a54576dec3b0105ac58a" />
	</machine>
	<machine name="Skyway (Williams)(1954)(Jay Phillips, Duglis)(1.1 Deluxe)[VP6]">
		<description>Skyway (Williams)(1954)(Jay Phillips, Duglis)(1.1 Deluxe)[VP6]</description>
		<rom name="BIMINI__.ttf" size="40484" crc="b34189b0" md5="66ba22f8801ef7bd70f847e8a384a7d0" sha1="c7dcd88c080b01cdc3c1eed417a2ee3a1e084b76" />
		<rom name="FONTS___.ttf" size="43156" crc="fb7a253c" md5="e6d009ab2ea3b918df8787768b96293a" sha1="1a06e69889c164de71675ddede2a7442a1328fa2" />
		<rom name="SKYWAY (Williams 1954).vpt" size="2860032" crc="2f16e644" md5="1e57f4f97086fe232c35be02773c506e" sha1="44b8464b307f7f5980e9ffd6ff811cf893e4a36c" />
		<rom name="skyway-rules-flyer.jpg" size="735232" crc="6470e096" md5="81f2385dc09635bc40a3eada7d600662" sha1="11d4e26c9bc01bee0e70323b4a2fb53b0c25cc45" />
	</machine>
	<machine name="Skyway (Williams)(1954)(Jay Phillips, Duglis)(1.1)[VP6]">
		<description>Skyway (Williams)(1954)(Jay Phillips, Duglis)(1.1)[VP6]</description>
		<rom name="screenshot.jpg" size="87609" crc="5c42cd3c" md5="74afb10725136af014b026db5b440c38" sha1="63a61d38a7daf3645518e268fdb6ba1557403747" />
		<rom name="Skyway (Williams 1954) 1.1.vpt" size="2286592" crc="62441717" md5="9487f21bc3aca520b53d8323299d0df2" sha1="ebfa993f8c4367ededdd58fe66788916aa15ed7b" />
		<rom name="skyway-rules-flyer.jpg" size="61408" crc="cb081f96" md5="ad07be6c28876724989cba4e4aa8bf6e" sha1="caf3cff725ebb1f24b9875552549391d4b5c8be2" />
	</machine>
	<machine name="Solar Ride (Gottlieb)(1979)(Robair)(1.0fix)[MOD v1 Satch][VP6]">
		<description>Solar Ride (Gottlieb)(1979)(Robair)(1.0fix)[MOD v1 Satch][VP6]</description>
		<rom name="Readme.txt" size="1489" crc="d0457301" md5="ee850ef8c3c5b4351c1fa7464b56746a" sha1="69468374d21b8eb159d6a8974699b1893be68e18" />
		<rom name="Solar Ride Mod.vpt" size="1900032" crc="5ea9e92d" md5="708862e9167bae09a062f54ad729da9c" sha1="52b9f6049b417ae747667ffcfa1eec53a62f8e71" />
		<rom name="solarridemod.jpg" size="97937" crc="572c4eed" md5="446f74155b7162f2060028e5cab0557b" sha1="869ffe84cbb9a400eea614c3f40efba92054fae4" />
		<rom name="WilliamsPinball.TTF" size="23548" crc="02e83ad1" md5="a50ceaf415b07a0c9e467b03f2127a82" sha1="a3285aedc5d4d42e7bf6a06713562bc94a165f97" />
	</machine>
	<machine name="Solar Ride (Gottlieb)(1979)(Robair)(1.0fix)[VP6]">
		<description>Solar Ride (Gottlieb)(1979)(Robair)(1.0fix)[VP6]</description>
		<rom name="LED.ttf" size="36440" crc="33c111f0" md5="ed7cfe0fd97f37e036bdf6f700bd3755" sha1="84e9673396e46832aa18a9bb7da020f807524dcb" />
		<rom name="Solar Ride (Gottlieb 1979)-fix.vpt" size="1782784" crc="c56eafa9" md5="a7c6b5ef96b3228c5a5699a7df0f2906" sha1="c523e27e1361759be5152830f4fce8b5d7934772" />
		<rom name="solarride-flyer.jpg" size="201027" crc="ddab130d" md5="ddbe9568009790ea8c70028d3ff19fb6" sha1="71b2027f3194044a0500c558e53346f94c78ec87" />
		<rom name="solarride.jpg" size="78148" crc="2e531723" md5="5bd2392d3ed92f6d2453e5408ab13ff5" sha1="7b7eebb527d484f25b1766fd90f7e11a946fd9b9" />
		<rom name="solarriderules.txt" size="744" crc="e0f9e645" md5="cc433158f3b3fa5efa03f51614297251" sha1="4ac4d50acdcfe51715d8d618d024f397839702f8" />
	</machine>
	<machine name="Space Ship (Williams)(1961)(Leon Spalding)(RC1)[VP6]">
		<description>Space Ship (Williams)(1961)(Leon Spalding)(RC1)[VP6]</description>
		<rom name="screenshot.jpg" size="86087" crc="a2dd0efc" md5="401dc19e6e8587da97b7bdb8f57e842b" sha1="347a16d72de628b9f136eebbef77a0a832a7edaf" />
		<rom name="SpaceShip_RC1.vpt" size="3685376" crc="923d295d" md5="c74ce3b06e2c5e598addf5173bdd3f44" sha1="0568580b380cc560083cc306ec1a63f620a213c0" />
		<rom name="SpaceShipflyer1961.jpg" size="1563230" crc="34b04359" md5="9921db3051708c15c2c66822ee3063ec" sha1="a0b8293081c9321594b9535cec31680ebdf7c3a2" />
		<rom name="SpaceShipRules.txt" size="1234" crc="acf5af9e" md5="2ac7dd2ffa4c72fdad9eb705ecdfafbb" sha1="e695c9ac7187216535b377552e228c631ed6ba9e" />
	</machine>
	<machine name="Spin Wheel (Gottlieb)(1968)(Leon Spalding)(RC1a)[VP6]">
		<description>Spin Wheel (Gottlieb)(1968)(Leon Spalding)(RC1a)[VP6]</description>
		<rom name="screenshot.jpg" size="238621" crc="63994093" md5="6a20fdc2712a167a2634ee5a48a28659" sha1="57fa1b0b950bc9c8006829503b239a54f4451da0" />
		<rom name="SpinWheel_RC1a.vpt" size="3349504" crc="2c53e083" md5="9a2a72d20979394aaa7b147614d52759" sha1="58b49609308a64a6a5915952d5fd8d02e2ef3b35" />
		<rom name="SpinWheelflyer1.jpg" size="1884824" crc="a5a6b655" md5="76010828ae8772dda30a55ccb765c403" sha1="5e33c1d79551007feabe20ffa42fe9bd392e4921" />
		<rom name="SpinWheelflyer2.jpg" size="3025111" crc="4f30a8af" md5="96b74bfb8ca9bfbaa1b6a8bd1d681f64" sha1="b2f3bd81b886607ba05bce712291618f8d039aa7" />
		<rom name="SpinWheelflyer3.jpg" size="1511334" crc="fc1c15f5" md5="6c79412eba6f30a8846926284510a5da" sha1="c5e79b919240e612c8826076fc5f8688891ecdc8" />
		<rom name="SpinWheelRules.txt" size="1074" crc="11320c94" md5="ee091030ef2c66f1a82354d8d42dfb6c" sha1="c03aef0ce60fab1327275eed2d9cb86d60e442c5" />
	</machine>
	<machine name="Square Head (Gottlieb)(1963)(Bruno, Duglis)(2.0)[VP6]">
		<description>Square Head (Gottlieb)(1963)(Bruno, Duglis)(2.0)[VP6]</description>
		<rom name="Fonts/annifont.ttf" size="37552" crc="97cd3db4" md5="2c64bb417056f321f9d7e61190e703aa" sha1="b8c3aa7ce4fd927626cb8aa2fa4c985bbef81604" />
		<rom name="Fonts/fonts___.ttf" size="43156" crc="fb7a253c" md5="e6d009ab2ea3b918df8787768b96293a" sha1="1a06e69889c164de71675ddede2a7442a1328fa2" />
		<rom name="Fonts/gottlieb.ttf" size="2508" crc="65115886" md5="62b06e1b2029dabfcbec85a9e312bca5" sha1="76f6eede4bd05a0d2418640e3a6224b6ac1aaab9" />
		<rom name="SQUARE HEAD.jpg" size="524324" crc="d0c5bc21" md5="8cb26ae4d46f9027b8569f899ab7c620" sha1="7b3c5f3e15c98581f4dcf828ea88d742d6fcb2ad" />
		<rom name="square_head-1963-f-1.jpg" size="1047296" crc="57386565" md5="fe26395ab577a0c905f084061f56774c" sha1="a07f8a6ddfe0fb175fc8e2fec7dee47b210dbebd" />
		<rom name="SQUAREHEAD-Gottlieb-1963.vpt" size="3210240" crc="b45df2df" md5="ef299f1cc48396bf1dddafa8a3b964e9" sha1="2e1a9f4f80a7a63ceba3401ac6be4722915df5be" />
	</machine>
	<machine name="Stage Coach (Chicago Coin)(1968)(Redswal)(1.0)[VP6]">
		<description>Stage Coach (Chicago Coin)(1968)(Redswal)(1.0)[VP6]</description>
		<rom name="flyer.jpg" size="1610191" crc="c909421c" md5="29890cb2b8bc09abce853aafec47f866" sha1="1c2ba3f1c8c249820aadd33e4a8d286ae2431fce" />
		<rom name="screenshot.jpg" size="80403" crc="6e54e036" md5="1ff6d315fd255793fb83213754d34c4e" sha1="aa969f7ec047c93c32f462563e321eeca5c52014" />
		<rom name="stagecoach.vpt" size="1675776" crc="681bb98d" md5="fae98d62086cdcfd9c4d69a528f20916" sha1="675ad2a657850a9f5d7e83a6121cbb068459a1a4" />
	</machine>
	<machine name="Struggle Buggies (Williams)(1953)(Duglis)(R1 2002-01-31)[VP6]">
		<description>Struggle Buggies (Williams)(1953)(Duglis)(R1 2002-01-31)[VP6]</description>
		<rom name="screenshot.jpg" size="104164" crc="17683058" md5="72d1ff7e3c7df56acc05156850e14eb7" sha1="7f39d4e67b7410896ee8b3e956f424805a6a5e21" />
		<rom name="Struggle Buggies (Williams 1953).vpt" size="1595904" crc="a7cc4640" md5="7423896452b2424180ad24430189ea25" sha1="a8acd43e02a1d40f55971f543194369c7b59a517" />
		<rom name="struggle-buggies-rules.txt" size="2148" crc="9aebe641" md5="c860b2a54b73e9d71f84a51076367cde" sha1="a2e0afa16ef58685acb56312e00ec478a1c0b51b" />
		<rom name="strugglebuggies-flyer.jpg" size="110383" crc="aced491f" md5="ac4671e83162717a02751d16c0dcdd0d" sha1="04084f3643128b50eb1c75cb3269852aa4a688c0" />
	</machine>
	<machine name="Struggle Buggies (Williams)(1953)(Duglis, Furio)(1.0)(Deluxe edition)[VP6]">
		<description>Struggle Buggies (Williams)(1953)(Duglis, Furio)(1.0)(Deluxe edition)[VP6]</description>
		<rom name="permission.doc" size="19456" crc="5dd05ae1" md5="65c0faf3147f0acd1c286ac2b9a67d57" sha1="bffbccaaabe8b19a7b9a78b541842b5123ddf4a1" />
		<rom name="screenshot.jpg" size="197798" crc="21d01fc9" md5="ce8fe499658ad129383743c78f5ea058" sha1="b4d165ed44e02cabb916664e510e3019322b402a" />
		<rom name="Struggle Buggies deluxe (Williams 1953) 1.0.vpt" size="2820096" crc="3dce0ac3" md5="b2ba1f1ac0264bda8c5fdaa93dccf7f8" sha1="569eeb63a0a0af429279dadc9f17db584a9ff5c3" />
	</machine>
	<machine name="Subway (Gottlieb)(1966)(Robair)(RC2)[VP6][MOD Gfx Dinocostas]">
		<description>Subway (Gottlieb)(1966)(Robair)(RC2)[VP6][MOD Gfx Dinocostas]</description>
		<rom name="screenshot.jpg" size="100906" crc="57608672" md5="62dc39035c8585c9a318771c7af87f48" sha1="b4ebabe87955358cf6b20e63f11a17b4b0850020" />
		<rom name="Subway (Gottlieb 1966).vpt" size="3077632" crc="ab434b2c" md5="d180c94553cefa82c24fb9308ce02f3b" sha1="e0515f1d0ecc47f7f7ffe002696ca607341fc768" />
	</machine>
	<machine name="Sunset (Gottlieb)(1962)(Luvthatapex)(RC1)[VP6]">
		<description>Sunset (Gottlieb)(1962)(Luvthatapex)(RC1)[VP6]</description>
		<rom name="flyer.jpg" size="1461667" crc="e6bad8c8" md5="8b4092d5ac22e9df922f47afef66b75f" sha1="f1ef7f94bc3f49c9d43cdfb53929116240e8ec3b" />
		<rom name="screenshot.jpg" size="90337" crc="4db11216" md5="1d7cabdf7bf94464021825023f666679" sha1="a32debdc1d553b1d8a880144a8da173e9d966bbc" />
		<rom name="Sunset.Gottlieb.1962.vpt" size="2767872" crc="c297fa47" md5="8d7e259db986b7499aba6a84eed6093e" sha1="4a217c91ae842ef63c34a199ca7e2d523113cc49" />
	</machine>
	<machine name="Super Score (Gottlieb)(1967)(Bendigo)(Beta1)[VP6]">
		<description>Super Score (Gottlieb)(1967)(Bendigo)(Beta1)[VP6]</description>
		<rom name="screenshot.jpg" size="83092" crc="bc49c799" md5="2949768bb8444479d044796cec9a817b" sha1="b15bf00e981befd06734925768cfcefbcd754900" />
		<rom name="Super Score.vpt" size="3215360" crc="d7d57925" md5="67064f9c6de6d6d0888d9e95e2bea21e" sha1="aae25a83fcbd48f4765ce5c7081987ba9aa7e96f" />
		<rom name="super_score-1967-f-1.jpg" size="1968748" crc="9a94807f" md5="130a1d7d0e144c7bf867b0f2e6f70f3f" sha1="fae496c722399614e9b7d3802c7bdb0ffd020073" />
		<rom name="super_score-1967-f-2.jpg" size="1816232" crc="dfcc2fc6" md5="06e985683b5b9cfec748ffdd7bb8a4e9" sha1="a2d9b5f2cb7de0bc079e04a7fc4bea8d4801356b" />
	</machine>
	<machine name="Sweet Hearts (Gottlieb)(1963)(Leon Spalding)(RC3a)[VP6]">
		<description>Sweet Hearts (Gottlieb)(1963)(Leon Spalding)(RC3a)[VP6]</description>
		<rom name="screenshot.jpg" size="101499" crc="5ece1cde" md5="d34f433e29db67ef2275fc2584d27875" sha1="ef4469cee81b0e81a5a2724c89da3a4f49881834" />
		<rom name="Sweet Hearts (Gottlieb)(1963)(Leon Spalding)(RC3a).vpt" size="2582528" crc="673af339" md5="b487d6bc669de8c745f91baa64f753fa" sha1="ad10e02486177233da5fdd288488e88cf868dbf9" />
		<rom name="Sweet Hearts RC3a rules.txt" size="987" crc="b25ef61b" md5="582be1c71065d20e65cc7e4904b8b7fb" sha1="b3f339ed66e4bc082121c18080b68045f68fd92e" />
		<rom name="Sweet_Heartsflyer.jpg" size="1089863" crc="044736d1" md5="faa98d3c30983d7cd3d71b763422c735" sha1="f5da0db2bd14e3f569b0c2f7294cb774ca586713" />
	</machine>
	<machine name="Swinger (Williams)(1972)(Scapino)(4.0)(Tournament edition)">
		<description>Swinger (Williams)(1972)(Scapino)(4.0)(Tournament edition)</description>
		<rom name="Swinger (Williams)(1972)(Scapino)(4.0)(Tournament edition).vpt" size="5011456" crc="ff3aa4b6" md5="0ad3ba8894ab4a734442203cf826b6c0" sha1="63f71a6a33e93fac344f8b0584677dc59c8d0bfa" />
	</machine>
	<machine name="Swinger (Williams)(1972)(Scapino)(4.0)[VP6]">
		<description>Swinger (Williams)(1972)(Scapino)(4.0)[VP6]</description>
		<rom name="old/Swinger (Williams)(1972)(Scapino)(2.2).vpt" size="6822912" crc="fa12be5b" md5="c21c0486b0a078b3b7d71d98d8725eaa" sha1="4296bd7578acd5cfe49b0692efd1ff23bf807fa8" />
		<rom name="old/SwingerReadme.txt" size="3108" crc="cdc93cfa" md5="bad2cb91ca2ad4a329d6c91f23694e7e" sha1="9f62aeb4334cefbb4c8c4b90bb6b2782a507f856" />
		<rom name="SwingerFlyer.jpg" size="1739137" crc="af7084cc" md5="0ae78ef098455f9eba526d95f7986c89" sha1="f14f3fcf51ef1110ee7ac907dc271997f9e92a5a" />
		<rom name="SwingerReadme.txt" size="2569" crc="bcc57779" md5="c0a85f5d582d03b118758d398902652b" sha1="9efe394828678e8112fb84df378a3fa33efaf000" />
		<rom name="SwingerScreen.jpg" size="101293" crc="85706ffd" md5="346996e8febd33fb8841793d8689a742" sha1="e36763e1c0fd2c690ea2b3fed4cc64120d63b31e" />
		<rom name="SwingerVPv4_0(high score fix).vpt" size="5008384" crc="d72f41e5" md5="704d1bc99d963bc02f0dd4ec4c68c4ea" sha1="6ed03589a8ecf220c644921a74acd386091a2c76" />
		<rom name="SwingerVPv4_0.vpt" size="5008384" crc="fa9839d7" md5="eefa9c7fcc575cf277e35e154978d3fb" sha1="091bb2c97260234390be539351bc93a17ad1f9aa" />
	</machine>
	<machine name="Target Pool (Gottlieb)(1969)(Leon Spalding)(RC1b)[VP6]">
		<description>Target Pool (Gottlieb)(1969)(Leon Spalding)(RC1b)[VP6]</description>
		<rom name="screenshot.jpg" size="241170" crc="59b5ddee" md5="21e9c34ecb9394e795b72957049911f2" sha1="73680d953c3b4c4d40d87270b77bc7361a874cb4" />
		<rom name="TargetPool_RC1b.vpt" size="2902016" crc="9af83682" md5="8506bed05255e274180da004ab787ffb" sha1="7927b6a57da1d19620154004a9f4fac5cb24888e" />
		<rom name="TargetPoolfl.jpg" size="2204393" crc="c5cf65ab" md5="0595eb437a8f31a2fc23047f78f3c732" sha1="f84829013a1d553b1b2ee8f122ffb7675339418a" />
		<rom name="TargetPoolinst.jpg" size="137545" crc="00c74b53" md5="922b2994d938a3d1b2227d1da01ab3b0" sha1="e498e169c62f67e87e51594880b413a53940772d" />
		<rom name="TargetPoolRules.txt" size="858" crc="d9cfdd5d" md5="9cf40462e02640bd7abd7c24d573f3e7" sha1="c0281ae037dfd71bd8346f61c7e6ec6699ceb0e5" />
	</machine>
	<machine name="Teacher's Pet (Williams)(1965)(Robair)(RC2)[VP6]">
		<description>Teacher's Pet (Williams)(1965)(Robair)(RC2)[VP6]</description>
		<rom name="gottlieb.ttf" size="2508" crc="65115886" md5="62b06e1b2029dabfcbec85a9e312bca5" sha1="76f6eede4bd05a0d2418640e3a6224b6ac1aaab9" />
		<rom name="screenshot.jpg" size="68655" crc="0d705e04" md5="33e2120c5e55789b4872cbf8b26abef8" sha1="14a2f6f11f2e03fcaeb105cd650bab766fbcf374" />
		<rom name="Teacher's Pet (Williams 1965)-RC2.vpt" size="1250304" crc="0b5a9946" md5="790aa5d32c4e019345529e1d5d00e34c" sha1="e7555966bca30669880cee1a028cad1dcdb3f35d" />
		<rom name="teacherspet-flyer.jpg" size="1715673" crc="b926ac4f" md5="f0ccc02b3cfd32707809373bac72414d" sha1="af24a99f6159cfab7e37fade49f78a4d1599f3a8" />
	</machine>
	<machine name="Ten Spot (Williams)(1961)(Ash)(Beta)[VP6]">
		<description>Ten Spot (Williams)(1961)(Ash)(Beta)[VP6]</description>
		<rom name="_10Spot.vpt" size="2694144" crc="547474bb" md5="a9b3e9c71ebf5d9d3e792ddf1eba8279" sha1="ccb5b63a7f50518681b00bc7fb03dbcd1c66e8f7" />
		<rom name="flyer.jpg" size="772242" crc="ba46ba53" md5="a3e27465b5723d6897a3e77a96ff0227" sha1="ec3b27780d5490ec8818f897ef3ad2c0c598e8e5" />
		<rom name="screenshot.jpg" size="92308" crc="f851d4c9" md5="6b58d24976589d2a1f8af06cc56b2c0c" sha1="7268d7214ab9efc2cc532398a5005136e33f583b" />
	</machine>
	<machine name="Texan (Gottlieb)(1960)(Redswal)(1.0)[VP6]">
		<description>Texan (Gottlieb)(1960)(Redswal)(1.0)[VP6]</description>
		<rom name="flyer.jpg" size="1483484" crc="71f1d0c5" md5="23e35b03f378d0d1dc72cfdf942d0865" sha1="720619bd2df0ffe367e4202f066989e247bedd10" />
		<rom name="screenshot.jpg" size="72912" crc="66cd9579" md5="6e605e60c692ffef0adc09aadcba001b" sha1="f2841f6a3338cbcd275c0269c6cecb0a8354724d" />
		<rom name="texan.vpt" size="1972736" crc="e41cdebe" md5="adf5136b0d8ed190a63ecb3424e0c74f" sha1="71d0a23390ba092fd15414322491e776bd7055f6" />
	</machine>
	<machine name="Trio (Bally)(1965)(Luvthatapex)(RC1)[VP6]">
		<description>Trio (Bally)(1965)(Luvthatapex)(RC1)[VP6]</description>
		<rom name="screenshot.jpg" size="86705" crc="d3948a9a" md5="887d6669ad55c6e3cde9c963351ab031" sha1="8364531b1c0776f51deafddcaefd582888b0fa1d" />
		<rom name="Tio.Bally.1965.Flyer.jpg" size="867942" crc="3aff57cf" md5="8931de789c784ccf57ac65ee08c96df1" sha1="d28ab1f0409dd6482743ae63f2a9505752248fc5" />
		<rom name="Trio.Bally.1965.v1.vpt" size="2868224" crc="f40c3c5b" md5="6597ccbf933c396bd2e83fb833e85bf4" sha1="7fc12144d228653dc222ee673aba85f5817c301a" />
	</machine>
	<machine name="Triple Action (Williams)(1973)(Leon Spalding)(RC1)[VP6]">
		<description>Triple Action (Williams)(1973)(Leon Spalding)(RC1)[VP6]</description>
		<rom name="screenshot.jpg" size="92123" crc="d4a1056e" md5="e1cb9b7b1271ce7f556202ec27619d6d" sha1="c00b938b4656ec244e4730a349d7814bd68d6d34" />
		<rom name="TripleAction_RC1.vpt" size="2500096" crc="6178e29f" md5="03e42dace46c00dc7dbdaddda8ddee19" sha1="43c8d600115cd590baa1ef3902c3d5d060467da1" />
		<rom name="tripleactionflyer.jpg" size="2008050" crc="99dd41fa" md5="f359b70ea863ca8aae84433b55ab2c4a" sha1="b02026abc359e4c9db906f23f4cd3a91fd7c3175" />
		<rom name="TripleActionRules.txt" size="1093" crc="abce3c8a" md5="89285be08ec25a8323509ad4f1b10f7e" sha1="17cc0174483907eacf4e04913852e8202dc35355" />
	</machine>
	<machine name="Troubadour (Gottlieb)(1967)(Marc Bouchard)(1.0)[VP6]">
		<description>Troubadour (Gottlieb)(1967)(Marc Bouchard)(1.0)[VP6]</description>
		<rom name="promo photo.jpg" size="62825" crc="16e94afb" md5="b0767612efb8f5b2164fab99e0fe8239" sha1="2dfb5bd886d9c39ba7e57a97eecd323965ff165b" />
		<rom name="screenshot.jpg" size="92637" crc="a2bb37dc" md5="05e001ee58eee408137c3243f7e49808" sha1="340d63f8b4d9d245a4b8ec0349ba63cda459acf5" />
		<rom name="troubadour.vpt" size="2997248" crc="10e856b7" md5="8e11e0ea8aea78bb6ea5f601ab906b1c" sha1="6f20421d2fa895b8c09546c05ee341125a2b5e8e" />
	</machine>
	<machine name="Troubadour (Gottlieb)(1967)(Redswal)(1.0)[VP6]">
		<description>Troubadour (Gottlieb)(1967)(Redswal)(1.0)[VP6]</description>
		<rom name="screenshot.jpg" size="74179" crc="b358c556" md5="da7a287ad5ccb7b420975249aa56e9ec" sha1="13abd430711ccaa3b54cff582cbd088bb92f5bc8" />
		<rom name="troubadour.vpt" size="2226688" crc="51800d89" md5="bc425c98513d254d85d4c7ded5eab371" sha1="5b57172d1237191132105da5359c8f35aa620208" />
	</machine>
	<machine name="Vagabond (Williams)(1962)(Bendigo)(1.0a)[VP6]">
		<description>Vagabond (Williams)(1962)(Bendigo)(1.0a)[VP6]</description>
		<rom name="screenshot.jpg" size="102808" crc="0bc04e51" md5="457ce996829536b6d9ed65862c904e92" sha1="525a5678180b35cae1a4258375bd86f28407b7a3" />
		<rom name="Vagabond flyer.jpg" size="691351" crc="f614f0f0" md5="5fa0c490ba812fb967a1ee0c0594611e" sha1="e5ffc96a00ffb6bf788dd1e9218ab47b3c9f9f1e" />
		<rom name="Vagabond readme.txt" size="1163" crc="96bede97" md5="372dbbc9ec5302bc40c0304118f583aa" sha1="38b7e50bb6b66d89e321742eec588f93398c7675" />
		<rom name="Vagabond.vpt" size="2280960" crc="73d848af" md5="b28265575e1605213c44064bce9a98c8" sha1="49da40cae36424f03bed82561b74141f49167c2a" />
	</machine>
	<machine name="Viking (Williams)(1960)(Marc Bouchard)(1.0)[VP6]">
		<description>Viking (Williams)(1960)(Marc Bouchard)(1.0)[VP6]</description>
		<rom name="flyer.jpg" size="1683492" crc="ed64a922" md5="03d2671c986f5a8f327b1b037c106bd6" sha1="15ef476252e437dbe72de08ceef0f0e936956c59" />
		<rom name="screenshot.jpg" size="369733" crc="6e078300" md5="65acc3f0ef20d4e49b3c91e965f23d01" sha1="313cba5001ee1bc309e9450047df95639f3abcce" />
		<rom name="viking.vpt" size="2795008" crc="7e635082" md5="67a1feb1abb5758b717d58d6157ee63e" sha1="3d2f4c4fc1a3e1c59a1cadfbaf8a7f3376e2dc51" />
	</machine>
	<machine name="Whoopee (Williams)(1964)(Redswal)(1.0)[VP6]">
		<description>Whoopee (Williams)(1964)(Redswal)(1.0)[VP6]</description>
		<rom name="flyer.jpg" size="2026918" crc="357e2b7f" md5="081aaab76ec691ba5c45512f2fa9d2fd" sha1="def3107ab45c10172c95de4a9471ebc22bab282f" />
		<rom name="screenshot.jpg" size="141673" crc="ccaa7333" md5="556adb9c70732275d58f90059ee4f626" sha1="7afae05f3d228a0ec1dfa909354ac5af91a49b3a" />
		<rom name="whoopee.vpt" size="1944576" crc="86281415" md5="fd6aa5346b13ebc5f60b8b58ae385b7b" sha1="50fb0e085ae449c9526841425e1d537e6427e9d6" />
	</machine>
	<machine name="Wild Card (Williams)(1977)(Compufox)(1.02)[VP6]">
		<description>Wild Card (Williams)(1977)(Compufox)(1.02)[VP6]</description>
		<rom name="User/VPReg.stg" size="4608" crc="4853b501" md5="18df537f839cee5b00bde188b3db6bdd" sha1="083e52bfb38b052332811426b0b21ef3e041f082" />
		<rom name="LIESMICH.txt" size="3312" crc="ee1a5b3e" md5="255fe14f091ce890f9bd4c68f9fb8f45" sha1="32b68f84d8c2b166e750b3d89932d5c18c340aeb" />
		<rom name="LUCON.TTF" size="115068" crc="0382d2c1" md5="97a55c954a18d2daae22c5f9114794d5" sha1="17fff32bfd2d13b69aef879e77f974725559779e" />
		<rom name="README.txt" size="3488" crc="b7d013f8" md5="f61f355a31582c2bcb81607bafaade53" sha1="36954f22b830e478d5f3712c9dd9a492309b927c" />
		<rom name="WC102.JPG" size="167431" crc="b7d9481c" md5="ada1be0006bcb07bdd3dd47b1055d2b6" sha1="f73f34b3188473287779243c039cf4d1ad80cf28" />
		<rom name="Wild Card flyer.jpg" size="1474754" crc="a9668243" md5="2adfb9f8f605b2c86354c1819620bfce" sha1="0945385c295b6370073705597a7cdac1bd9c8ddc" />
		<rom name="WildCa_1.02.vpt" size="2944000" crc="88093cfd" md5="9086d1d45e3e6c9113914ab17c7ace2a" sha1="2620ed62b69334878d2bf1e4c9773250fafbbbd0" />
	</machine>
	<machine name="Wild Card (Williams)(1977)(DavidSSS)(1.0)[VP6]">
		<description>Wild Card (Williams)(1977)(DavidSSS)(1.0)[VP6]</description>
		<rom name="Fonts/amusaf__.ttf" size="22464" crc="60e47cb3" md5="f85352bcd62c022e35ff21e232111ee3" sha1="77305c113ab57b08dcde0c16963115b0b17f4b4d" />
		<rom name="Fonts/scriptbl.ttf" size="55500" crc="33015757" md5="e825587941cbb3fd56b4cd2b1172387a" sha1="5c466909eaa448884f1c81b0dfac59cb32ea9b27" />
		<rom name="Wild Card DS 1.0 Release Notes.doc" size="25088" crc="2213cfb7" md5="da74bc17fdecbe8328c9a7ffb127738b" sha1="20545a8e636fca3da58e31252ed181720cf5a516" />
		<rom name="wild card DS 1.0.vpt" size="3959808" crc="e918f477" md5="227840e0335e80eac5e4a7e3d4cb11ad" sha1="d5235aac5d14075b58e46c28fd413744dc248d93" />
		<rom name="Wild Card Flyer.jpg" size="419647" crc="c1bc4ad1" md5="898ae0c3f107b421651aa6315707d42b" sha1="3951d3f40fcbb8ba36b99cc802c9f2bc297fab6e" />
		<rom name="WildCard Screen.jpg" size="154156" crc="79aac704" md5="f63557b57544311eb3dd8f53664d1c07" sha1="b73acdc276e4e9874bbd5805b2f814cae64a1967" />
	</machine>
	<machine name="Wild Wheels (Bally)(1965)(Bendigo)(1.0)[VP6]">
		<description>Wild Wheels (Bally)(1965)(Bendigo)(1.0)[VP6]</description>
		<rom name="flyer.jpg" size="1024233" crc="dbb9c3e6" md5="9e5c7bc3f0e7189a0e6255fa99e69d8f" sha1="172de91451b0fbc0d1823147249cc69d8d8e35b6" />
		<rom name="screenshot.jpg" size="100131" crc="cff11d0c" md5="605d57f59935727351a72929a2eee557" sha1="18c0e65a33100516f05062380911fc2ee00125c0" />
		<rom name="Wild Wheels flyer.bmp" size="552758" crc="e741ecd9" md5="38acbb7d1705048eae7f9af4b769d9e4" sha1="631a1edd2be13ed6c7b836b4bc14b7c634f4f8c8" />
		<rom name="Wild Wheels readme.txt" size="615" crc="8c8c2f01" md5="1c604b5259e8d3ede4bd59367feee06a" sha1="6829e675a38574569f65e492ebff4dabcf499657" />
		<rom name="Wild Wheels.vpt" size="2002432" crc="af15b382" md5="1cd24ed2fc1e66b2554b91b86bee8d0a" sha1="c79cfad86bce497b3cd23c98451564ca16ffc7a0" />
	</machine>
	<machine name="World Fair (Gottlieb)(1964)(Bendigo)(1.0)[VP6]">
		<description>World Fair (Gottlieb)(1964)(Bendigo)(1.0)[VP6]</description>
		<rom name="screenshot.jpg" size="251034" crc="79cc336b" md5="ec3a3725286990cad63a62df8ab06603" sha1="eae29225d7c2e26073394e3a9168ffd0d1068ec1" />
		<rom name="World Fair (Gottlieb 1964).vpt" size="2517504" crc="296eac6b" md5="95dce675eb7fb723a8c48b2b8f01c593" sha1="5c672eaf7f460857038327cb19f0d5385816da6a" />
		<rom name="world_fair-1964-f-1.jpg" size="251705" crc="ce04ec88" md5="4559760020b065d9cf484077ccbee5c0" sha1="a9c695d03b229358de7618941869704abb418592" />
	</machine>
	<machine name="Zig Zag (Williams)(1964)(Gottlieb)(1.0)[VP6]">
		<description>Zig Zag (Williams)(1964)(Gottlieb)(1.0)[VP6]</description>
		<rom name="flyer.jpg" size="1578880" crc="8a94a24c" md5="24b9f9bc1f8dbfbd07e31920b9546e74" sha1="bd2a09602d5f0f67049c3a37592772fd3f79c8f3" />
		<rom name="screenshot.jpg" size="118333" crc="2732fbaa" md5="d462a1789947d5ee5aa4a0f936741764" sha1="7990fa7d4b522ae21d6589ceca0d33736eac4bab" />
		<rom name="Zig Zag (Williams 1964).vpt" size="5409280" crc="683f7e23" md5="8329890dc99fa1196dd38a55425e9eed" sha1="1a20c9561f6b6d1f8a9109cab75da9f2b6793a21" />
	</machine>
</datafile>