<?xml version="1.0" encoding="utf-8"?>
<!DOCTYPE datafile PUBLIC "-//Logiqx//DTD ROM Management Datafile//EN" "http://www.logiqx.com/Dats/datafile.dtd">
<datafile>
	<header>
		<name>Visual Pinball [VP9] Recreated Tables [WideScreen]</name>
		<description>Visual Pinball [VP9] Recreated Tables [WideScreen] (2024-01-27)</description>
		<version></version>
		<date>2024-01-27</date>
		<author></author>
	</header>
	<machine name="Big Hit (Gottlieb)(1977)(Itchigo)(1.0)[VP9][WideScreen Sabbat]">
		<description>Big Hit (Gottlieb)(1977)(Itchigo)(1.0)[VP9][WideScreen Sabbat]</description>
		<rom name="Big Hit (Gottlieb)(1977)(Itchigo)(1.0)[VP9][WideScreen Sabbat].vpt" size="17956864" crc="4fdc3fdb" md5="60068a7973edd0e9c1b5b65bb406db58" sha1="988d74a9a734368d724ab77ea5531cd34567fe4f" />
		<rom name="Big Hit (WideScreen) screenshot.jpg" size="575196" crc="deb3de45" md5="27acd59dd9455dc2ff1b7562bb2c2885" sha1="03925a8ef7848081ebc8fb2396a4da8f2d32f374" />
	</machine>
	<machine name="Capt. Fantastic (Bally)(1976)(rosve)(1.0.2)[VP9][WideScreen rosve]">
		<description>Capt. Fantastic (Bally)(1976)(rosve)(1.0.2)[VP9][WideScreen rosve]</description>
		<rom name="Capt. Fantastic (Bally)(1976)(rosve)(1.0.2)[VP9][WideScreen rosve]/Capt. Fantastic (1.0.2) screenshot.jpg" size="814990" crc="112ff552" md5="3bb7344c5cc320e78812360a0bead7b7" sha1="aee79bf37b8dc994670780714e05022fdb63c98b" />
		<rom name="Capt. Fantastic (Bally)(1976)(rosve)(1.0.2)[VP9][WideScreen rosve]/Capt. Fantastic (Bally)(1976)(rosve)(1.0.2)[VP9][WideScreen rosve].vpt" size="6120960" crc="d2d8ed1f" md5="58636690161b998ba52c55e6f4fa27bf" sha1="af6a59ce5746a46eea707258326a59a758a8fade" />
	</machine>
	<machine name="Drop-A-Card (Gottlieb)(1971)(Bob5453)(2010)[VP9][WideScreen Bob5453]">
		<description>Drop-A-Card (Gottlieb)(1971)(Bob5453)(2010)[VP9][WideScreen Bob5453]</description>
		<rom name="DropACard_2010_WS.vpt" size="6876672" crc="6c6fcaab" md5="39242ce566424be3f88e6a722743ce61" sha1="3b4f0d3c504599b8d9d55d5474f469eaf4968bd5" />
		<rom name="screenshot.jpg" size="1021611" crc="de675c04" md5="253b34109e4187d95ff7d335f6a353dd" sha1="6afc168f9aaadb2463e9ac61a6ac4b3cc86ae279" />
	</machine>
	<machine name="Drop-A-Card (Gottlieb)(1971)(Bob5453)(2011a)[VP9][WideScreen Bob5453]">
		<description>Drop-A-Card (Gottlieb)(1971)(Bob5453)(2011a)[VP9][WideScreen Bob5453]</description>
		<rom name="(2011) screenshot.jpg" size="699992" crc="f717d122" md5="6fa9650487e4d882edf3d3b212c9b2d3" sha1="d03c14e2f1b2c0444bb874cf9b60eef208b1701e" />
		<rom name="(2011a) screenshot.jpg" size="700093" crc="4a047e75" md5="56efbdbba5c6dcc827d70337a99c6d3a" sha1="f224fae805aebf7af5a7c03693b1c922dda3aa95" />
		<rom name="DropACard_2011_WS.vpt" size="8753152" crc="5a2185fa" md5="38374cb8250977b1b98f42181ba55354" sha1="09279c877d01ccf0041fab7996cbc54209f09d30" />
		<rom name="DropACard_2011A_WS.vpt" size="8753152" crc="53fa776c" md5="8b7655a2ca592f5811d2b32f3c5d460c" sha1="f85fdf4dfae63c8a2dccdd93bda3f928215f1bea" />
	</machine>
	<machine name="Flying Turns (Midway)(1964)(Rascal)(1.0)[VP9][WideScreen Rascal]">
		<description>Flying Turns (Midway)(1964)(Rascal)(1.0)[VP9][WideScreen Rascal]</description>
		<rom name="Flying Turns (Midway)(1964)(Rascal)(1.0)[VP9][WideScreen Rascal].vpt" size="93106176" crc="e4dca9cf" md5="f5b2a99138454cee15960e4e51b9f86b" sha1="f6de71df6b63c35deb91fcdca2252c1f4dfadbcb" />
		<rom name="Flying Turns (WideScreen) screenshot.jpg" size="1095210" crc="5ce7d0b9" md5="fa2326d603b78f9f1e30e68db94e1afc" sha1="7fb4ef3a8491ef2fa31f902e14c5b52f3801cb74" />
	</machine>
	<machine name="Jacks Open (Gottlieb)(1977)(Pinuck)(1.0)[VP9][WideScreen Pinuck]">
		<description>Jacks Open (Gottlieb)(1977)(Pinuck)(1.0)[VP9][WideScreen Pinuck]</description>
		<rom name="Jacks Open (1.0)(WideScreen) screenshot.png" size="1353439" crc="5335de28" md5="9f2ed779f08bf008f70c15ab9ea41983" sha1="dbdd8b0a4ce9ef65435fa4655c1904dedf6b4a78" />
		<rom name="Jacks Open (Gottlieb)(1977)(Pinuck)(1.0)[VP9][WideScreen Pinuck].vpt" size="19456000" crc="14532cbc" md5="427bedd1cc3212053dc85c9e54919016" sha1="4f461bba76e03e16c7e01a54dd8ae802d6c24489" />
	</machine>
	<machine name="Knockout (Bally)(1975)(Ash, Bob5453)(2011d)[VP9][WideScreen Bob5453]">
		<description>Knockout (Bally)(1975)(Ash, Bob5453)(2011d)[VP9][WideScreen Bob5453]</description>
		<rom name="Knockout (Bally)(1985)(Ash, Bob5453)(2011)[VP9][WideScreen Bob5453].vpt" size="10104832" crc="919c24f9" md5="9e758b089cc7dce5cf4f36b719a4844c" sha1="01dbc8df97338041a8bd62fc5f24b915bf9ea5ba" />
		<rom name="Knockout (Bally)(1985)(Ash, Bob5453)(2011a)[VP9][WideScreen Bob5453].vpt" size="10108928" crc="053836c2" md5="658e8cd8965b75deae576df599024dad" sha1="01c0b3568fc5417e9817c0c8948ab9c9dc9a158a" />
		<rom name="Knockout (Bally)(1985)(Ash, Bob5453)(2011d)[VP9][WideScreen Bob5453][Dark edition].vpt" size="9798656" crc="e4ffbb77" md5="5b354028a34fe5eecacc04be60173a16" sha1="32d51c1dc09427f10b6427b30ae132603d78c884" />
		<rom name="Knockout (WideScreen Dark) screenshot.jpg" size="626193" crc="1ef2e258" md5="0595f64555f4967963d5610835f98219" sha1="3e5755c0f63857bb59c8b77df0ae184e535d5716" />
		<rom name="Knockout (WideScreen) screenshot.jpg" size="531520" crc="d734d4df" md5="e3a0cc7887711fe368677277bb84b096" sha1="23509b2934d7de57e950f167bef508131fcaf434" />
	</machine>
	<machine name="Mars Trek (Sonic)(1977)(rosve)(1.0)[VP9][WideScreen rosve]">
		<description>Mars Trek (Sonic)(1977)(rosve)(1.0)[VP9][WideScreen rosve]</description>
		<rom name="WideScreen/Mars Trek (rosve)(WideScreen) screenshot.jpg" size="761850" crc="27c88372" md5="7871f70c552a9d24b0573ee3edeb4090" sha1="dfdff51bb1cd0ef5f879da1122084aa417e7ee1b" />
		<rom name="WideScreen/Mars Trek (Sonic)(1977)(rosve)(1.0)[VP9][WideScreen rosve].vpt" size="4496896" crc="5eabafeb" md5="2c71085426e261b785a751f8d612ae6b" sha1="ad30b3e7a6568fb3a5677b143b85905d14eb067d" />
	</machine>
	<machine name="Time Zone (Bally)(1972)(rosve)(1.0.1)[VP9][WideScreen rosve][B2S]">
		<description>Time Zone (Bally)(1972)(rosve)(1.0.1)[VP9][WideScreen rosve][B2S]</description>
		<rom name="1.x WideScreen/Time Zone (1.x)(WideScreen) screenshot.jpg" size="573665" crc="fda26608" md5="0ba8dd2d95e8b3e7f1bde332a32bfde5" sha1="2b98e0d0c0c82f1b44b5f51ec1d58aa97da216a3" />
		<rom name="1.x WideScreen/Time Zone (Bally)(1972)(rosve)(1.0)[VP9][WideScreen rosve][B2S]/TimeZone_WS_VP9.vpt" size="7115264" crc="b3de60fb" md5="a1e5b6c5dafa473c9316ab2688f24545" sha1="a93086528f3c75d36ffd8a69dd9c2ae961b2ed44" />
		<rom name="1.x WideScreen/Time Zone (Bally)(1972)(rosve)(1.0.1)[VP9][WideScreen rosve][B2S]/TimeZone_WS.exe" size="1784320" crc="6a2c6614" md5="04d07745bb08aeb5457550fb68be1b3d" sha1="f08b8f55812b7592c744559739a16eae7e388573" />
		<rom name="1.x WideScreen/Time Zone (Bally)(1972)(rosve)(1.0.1)[VP9][WideScreen rosve][B2S]/TimeZone_WS_VP9.vpt" size="7114752" crc="ba9b5c74" md5="9f67925b82fbaf4c4868ca14bd8cfcc2" sha1="0c9665df5e6434879d8946148824c9f000c39eae" />
	</machine>
	<machine name="Triple Strike (Williams)(1975)(Rawd)(1.4.3)[VP9][WideScreen Sabbat Moon]">
		<description>Triple Strike (Williams)(1975)(Rawd)(1.4.3)[VP9][WideScreen Sabbat Moon]</description>
		<rom name="1.4.2/Triple Strike (Williams)(1975)(Rawd)(1.4.2)[VP9][WideScreen Sabbat Moon].vpt" size="18115072" crc="1551a065" md5="9beff8f3de2dc977552f2f75e0f980b9" sha1="413689ef8caf19cfac0f2cbd98efe0645f3defc0" />
		<rom name="1.4.3/Triple Strike (1.4.3)(WideScreen) screenshot.jpg" size="524626" crc="e3cae649" md5="2f8a4c690a443cc4f435e4d69f339553" sha1="aacd3c8fec016cf3001c93cd52ad0e2c8b7c4da2" />
		<rom name="1.4.3/Triple Strike (Williams)(1975)(Rawd)(1.4.3)[VP9][WideScreen Sabbat Moon].vpt" size="18235392" crc="b897b5c8" md5="85f99163e716c3993c4354a145ad5eaf" sha1="046283ae1920251f0e39f83131f709d5962b619f" />
	</machine>
	<machine name="Wizard! (Bally)(1975)(rosve)(1.0.2)[VP9][WideScreen rosve]">
		<description>Wizard! (Bally)(1975)(rosve)(1.0.2)[VP9][WideScreen rosve]</description>
		<rom name="1.0.x WideScreen/Wizard! (1.0.x)(WideScreen) screenshot.jpg" size="653289" crc="798cfb94" md5="f29706f71438fd503eb429ad3269e985" sha1="93bcdc54d8c1868dd0992eb19648b038649fbdd7" />
		<rom name="1.0.x WideScreen/Wizard! (Bally)(1975)(rosve)(1.0.0)[VP9][WideScreen rosve].vpt" size="8789504" crc="7978ad90" md5="031b97773aedbdc216b03aa6aa669d79" sha1="8a11ed7250d4c73091cf55b98a163c58aff87f8a" />
		<rom name="1.0.x WideScreen/Wizard! (Bally)(1975)(rosve)(1.0.2)[VP9][WideScreen rosve].vpt" size="8876032" crc="b8632bf9" md5="15fd83eed7ce4d351828c946f6823310" sha1="4761e19916efbfcb02670e2eeb03e7b29890f704" />
	</machine>
</datafile>