<?xml version="1.0" encoding="utf-8"?>
<!DOCTYPE datafile PUBLIC "-//Logiqx//DTD ROM Management Datafile//EN" "http://www.logiqx.com/Dats/datafile.dtd">
<datafile>
	<header>
		<name>Visual Pinball [PhysMod5] Tables</name>
		<description>Visual Pinball [PhysMod5] Tables (2024-01-27)</description>
		<version></version>
		<date>2024-01-27</date>
		<author></author>
	</header>
	<machine name="24 (Stern)(2009)(Freneticamnesic)(1.20)[PhysMod5][Desktop version coolball v1.0]">
		<description>24 (Stern)(2009)(Freneticamnesic)(1.20)[PhysMod5][Desktop version coolball v1.0]</description>
		<rom name="24 (Stern)(2009)(Freneticamnesic)(1.20)[PhysMod5][Desktop version coolball v1.0].vpt" size="127516672" crc="04be515b" md5="d3912143306bd5692ca585ccaec2fc41" sha1="24a9f2eb67b61a0cfd0b1e913e736ab1bb648492" />
		<rom name="24 screenshot.jpg" size="522532" crc="2b99f387" md5="7b4b14d74224c52f47b9bfa8aec05e6f" sha1="f6a600bd7fde0e3741c24fea38e2b18cabb44c61" />
	</machine>
	<machine name="AC-DC (Stern)(2012)(Javier1515)(1.0)[PhysMod5][Helen version][Desktop version coolball]">
		<description>AC-DC (Stern)(2012)(Javier1515)(1.0)[PhysMod5][Helen version][Desktop version coolball]</description>
		<rom name="AC-DC (Stern)(2012)(Javier1515)(1.0)[PhysMod5][Helen version][Desktop version coolball].vpt" size="85065728" crc="92d56a94" md5="8113f243f7fbabfb38c2294bca4604ac" sha1="1ebf03390adac9f9ede43aa960e8b230e463e8b5" />
		<rom name="AC-DC screenshot.jpg" size="547695" crc="509ec884" md5="143a47f9b028d4ae32650b270587f0ec" sha1="c8f62aed3dc1231ca737f711579f7b7094c89c2b" />
	</machine>
	<machine name="Batman Dark Knight (Stern)(2008)(85vett)(2.0)[PhysMod5][Desktop version coolball v1.0]">
		<description>Batman Dark Knight (Stern)(2008)(85vett)(2.0)[PhysMod5][Desktop version coolball v1.0]</description>
		<rom name="1.0/Batman Dark Knight (Stern)(2008)(85vett)(1.0)[PhysMod5][Desktop version coolball v1.0].vpt" size="39739392" crc="743ca8e3" md5="aa01a77a6b99c10cbe6accd73c5105ec" sha1="c454badf637d4761cd916bb9c4183e6564c113ed" />
		<rom name="1.0/Batman Dark Knight screenshot.jpg" size="586163" crc="32900fb7" md5="d9d2579763cf2d07d25034716255dcd9" sha1="0d1ccdf203c4cd783bfff633e7e9bdcf6628be89" />
		<rom name="2.0/Batman Dark Knight (Stern)(2008)(85vett)(2.0)[PhysMod5][Desktop version coolball v1.0].vpt" size="39432192" crc="3778d25d" md5="ee06dc9dedb8a0efc7ff3d5346fb95d4" sha1="bb2b09712000a94d439144b3e92439553a02ee61" />
		<rom name="2.0/Batman Dark Knight screenshot.jpg" size="678829" crc="f68b6fe7" md5="6d987ecc6dd9dafa07ce77c09a75e09d" sha1="76e4a6eb2327159da3badf0dbc06bc0488b99577" />
	</machine>
	<machine name="Big Buck Hunter Pro (Stern)(2010)(85vett)(2.0)(PhysMod5)[Desktop version coolball]">
		<description>Big Buck Hunter Pro (Stern)(2010)(85vett)(2.0)(PhysMod5)[Desktop version coolball]</description>
		<rom name="Big Buck Hunter Pro (Stern)(2010)(85vett)(1.0)(PhysMod5)[Desktop version coolball].vpt" size="58208256" crc="3ecf47b0" md5="50f1dc971a863fcb754bdcb9026b544e" sha1="db85bf8abeaeecbe46605b4d0add84ec58c7eda7" />
		<rom name="Big Buck Hunter Pro (Stern)(2010)(85vett)(2.0)(PhysMod5)[Desktop version coolball].vpt" size="58937344" crc="afea463a" md5="c9a39263083e7cc4350ad7507f3915a3" sha1="19e9da1741c7f5ea536095c5abc5c6024d1bf7dd" />
		<rom name="Big Buck Hunter screenshot.jpg" size="596092" crc="55771a86" md5="88271007043bbd3179b8209ef4a34147" sha1="c542ce7886807e8edb7fe87afd2b94728bcc3aa9" />
	</machine>
	<machine name="Corvette (Bally)(1994)(85vett)(2.0)[PhysMod5][Desktop version coolball v1.0]">
		<description>Corvette (Bally)(1994)(85vett)(2.0)[PhysMod5][Desktop version coolball v1.0]</description>
		<rom name="Corvette (Bally)(1994)(85vett)(2.0)[PhysMod5][Desktop version coolball v1.0].vpt" size="29749248" crc="e55fc1ce" md5="edfd225a03ee692a8834e006621855ca" sha1="2b161d48b0ffbe80b820b2caee6215e94b559647" />
		<rom name="Corvette screenshot.jpg" size="619315" crc="af88dc67" md5="509533c049ef8da0b966ec31c8818d79" sha1="9c03279e7afaafc86b30a532dd4ed0592fb36bef" />
	</machine>
	<machine name="CSI (Stern)(2008)(Javier1515)(1.0)[PhysMod5][Desktop version coolball]">
		<description>CSI (Stern)(2008)(Javier1515)(1.0)[PhysMod5][Desktop version coolball]</description>
		<rom name="CSI (Stern)(2008)(Javier1515)(1.0)[PhysMod5][Desktop version coolball].vpt" size="55762944" crc="d1ea82ea" md5="0e8f9cf2010fabd4f240babeb59e75e4" sha1="61369d5111909d6d8ee4e647600a49f9928c1c45" />
		<rom name="CSI screenshot.jpg" size="553915" crc="5910d182" md5="0f9672e61be704db091cb7a462278213" sha1="0d2d97fa7c46d6260aab9073965766f42b2992be" />
	</machine>
	<machine name="Dolphin (Chicago Coin)(1974)(CompuFox)(1.03)[PM5][FS Sabbat Moon]">
		<description>Dolphin (Chicago Coin)(1974)(CompuFox)(1.03)[PM5][FS Sabbat Moon]</description>
		<rom name="DolphinFS.vpt" size="5939200" crc="1af0d0d6" md5="1240dc65024a8b002fc3f9c8d922f884" sha1="e90b60f85654f48ce8e209640938dc7287db96b7" />
		<rom name="screenshot.jpg" size="473446" crc="a7e9f837" md5="0da01c66496a8b51bf452d004de05e87" sha1="54f6691aaf2a84151d1c13474e319ed25bd6ae31" />
	</machine>
	<machine name="Eight Ball Deluxe (Bally)(1981)(85vett)(1.0)[PhysMod5][Desktop version coolball]">
		<description>Eight Ball Deluxe (Bally)(1981)(85vett)(1.0)[PhysMod5][Desktop version coolball]</description>
		<rom name="Eight Ball Deluxe (Bally)(1981)(85vett)(1.0)[PhysMod5][Desktop version coolball].vpt" size="16236544" crc="4075bf35" md5="3d2126df2e827705bab6422b1513805b" sha1="208ef42ae7d461168664cd7bc8377b7e8f8ebcd6" />
		<rom name="Eight Ball Deluxe screenshot.jpg" size="648676" crc="b6c34c06" md5="2eb5d3f2ecaf6d47b328576c95cd6098" sha1="67c976203a1bea5a73b653516c2f8c87ceea9daf" />
	</machine>
	<machine name="Elvis (Stern)(2004)(JPSalas, LoadedWeapon, javier1515)[MOD PM5 Desktop v1.0 Sandro]">
		<description>Elvis (Stern)(2004)(JPSalas, LoadedWeapon, javier1515)[MOD PM5 Desktop v1.0 Sandro]</description>
		<rom name="elvis.jpg" size="336287" crc="60cf9b7b" md5="d47a23d8952364e9d89fbae29a6b4d20" sha1="70db5124eee97d72792f4525af621e37507aaa31" />
		<rom name="Elvis_NightMod_PhysMod_DESKTOP_1.0.vpt" size="48902144" crc="ec6cc518" md5="8f089669d1772fbf50e8f54f01a791a5" sha1="edfbffd5c901226e79f882bd91a2314358e603cc" />
	</machine>
	<machine name="Harley Davidson (SEGA)(1999)(Edizzle)(1.1)[PhysMod5][Desktop version coolball]">
		<description>Harley Davidson (SEGA)(1999)(Edizzle)(1.1)[PhysMod5][Desktop version coolball]</description>
		<rom name="Harley Davidson (SEGA)(1999)(Edizzle)(1.1)[PhysMod5][Desktop version coolball].vpt" size="53997568" crc="5b8165d2" md5="c4e47d5175a46c7fceb21dcc6b6a92db" sha1="52dd7435e4b0fe9419ba8c9c7c65334298a85275" />
		<rom name="Harley Davidson screenshot.jpg" size="479247" crc="c73bea7f" md5="5edd296cb74c59948f7419102efe665f" sha1="39b9c6eccda7cb7cf87365c3b917ba34b7ca27cc" />
	</machine>
	<machine name="Hook (Data East)(1992)(Javier1515)(1.0)[PM5][Desktop Sandro]">
		<description>Hook (Data East)(1992)(Javier1515)(1.0)[PM5][Desktop Sandro]</description>
		<rom name="Hook (Data East 1992) DESKTOP_PysMod_1.0.vpt" size="107831296" crc="e2a88b43" md5="3b8f53ef62c7749364bde5660ab83a9e" sha1="230d6dae9a17a48c92b1a58cd63156561a49f542" />
		<rom name="Hook.jpg" size="376562" crc="3df69ca0" md5="5687c691e048101a570122f81072e49e" sha1="34d411c1d17c763db1be48b89a0dd40365a8b984" />
	</machine>
	<machine name="Jack-Bot (Williams)(1995)(STAT)(1.0)[PM5][FullScreen]">
		<description>Jack-Bot (Williams)(1995)(STAT)(1.0)[PM5][FullScreen]</description>
		<rom name="Jack-Bot (Williams 1995)(PM5).vpt" size="27045888" crc="2eb9019d" md5="4a222755c49f089b4ee49616a439a1e7" sha1="e97d3b3291d92c451a906157c9394654e88c5d30" />
		<rom name="jack-bot--williams-1995--pm5-.png" size="3153817" crc="5e976409" md5="4411d144daaee2417ad2d90b51a9c6b9" sha1="f9a9916a05a6792e6649efb8b7cf40c3cae32eee" />
	</machine>
	<machine name="James Cameron's Avatar (Stern)(2010)(85vett)(1.01)[PhysMod5][Desktop version coolball]">
		<description>James Cameron's Avatar (Stern)(2010)(85vett)(1.01)[PhysMod5][Desktop version coolball]</description>
		<rom name="Avatar (Stern)(2010)(85vett)(1.01)[PhysMod5][Desktop version coolball].vpt" size="37122048" crc="863de29b" md5="a36e3df136b7bb66cc91c7287e5e5684" sha1="246c768d028f260c95252767f2c5fb9e5e35dbd2" />
		<rom name="Avatar screenshot.jpg" size="658356" crc="a18c5dde" md5="28ca87e3d3aed4baeef72d2298140cfe" sha1="c44332d7fd2f71b674f263c0e3605f04f1cd8464" />
	</machine>
	<machine name="Last Action Hero (Data East)(1994)(Javier1515)(1.0)[PhysMod5][Desktop version coolball]">
		<description>Last Action Hero (Data East)(1994)(Javier1515)(1.0)[PhysMod5][Desktop version coolball]</description>
		<rom name="Last Action Hero (Data East)(1994)(Javier15)(1.0)[PhysMod5][Desktop version coolball].vpt" size="59682816" crc="d96db21c" md5="431766fe52c055085c7436627df29b9d" sha1="12f743515fd474bab05a94423aa2950465b45d01" />
		<rom name="Last Action Hero screenshot.jpg" size="651576" crc="a739bf2f" md5="ae4cc33eca58d0d5773bbb3a67930463" sha1="0f935d4a8c8dba38d127f9af7b389a397b7d81db" />
	</machine>
	<machine name="Maverick (Data East)(1994)(edizzle)(1.0)[PM5][FullScreen]">
		<description>Maverick (Data East)(1994)(edizzle)(1.0)[PM5][FullScreen]</description>
		<rom name="Maverick (Sega 1994) PM5.vpt" size="51384320" crc="9a621355" md5="d0122586389388eb1bd0c0c9b717a670" sha1="01a29b616828c09002e5c2367f4529e8a2a43920" />
		<rom name="Maverick screenshot.jpg" size="385286" crc="6dcab4a7" md5="fb3f7b59287184ae59ac506079c190d1" sha1="b1177be1c14048d7513c5753905715f9c3b4d5c6" />
	</machine>
	<machine name="Mystery Castle (Alvin G)(1993)(gtxjoe)(1.2)[PM5][DeskTop]">
		<description>Mystery Castle (Alvin G)(1993)(gtxjoe)(1.2)[PM5][DeskTop]</description>
		<rom name="Mystery Castle (Alvin G 1993) (gtxjoe PM5 DT 1.2).vpt" size="37167104" crc="7048c4d1" md5="1834e98946e2fcf24d351729c0e0522a" sha1="2f95a0bce4a115d098b004b6617a708f83dd342e" />
		<rom name="Mystery Castle (Alvin G 1993) (gtxjoe PM5 DT) 1.2.png" size="3652670" crc="71500cb6" md5="415b0a5dec3185bd72c8ed085eec73e0" sha1="1b175cb0329af6bccb55af71b0291ccd964c59ea" />
	</machine>
	<machine name="Pin-Bot (Williams)(1986)(STAT)(1.0)[PM5][FullScreen]">
		<description>Pin-Bot (Williams)(1986)(STAT)(1.0)[PM5][FullScreen]</description>
		<rom name="Pin-Bot (Williams 1986)(PM5).vpt" size="34611200" crc="44746952" md5="96b33afbd07bdac3e5792f976cc4fc41" sha1="2982d59cc9a67fa55436b0a07414ef203911b5cc" />
		<rom name="pin-bot--williams-1986--pm5-.png" size="3737010" crc="85653b92" md5="905cb36c7145311f325ac8b9a31a07f8" sha1="16b7838f7a20eea1698aa1887c1241fe6433e055" />
	</machine>
	<machine name="Road Kings (Williams)(1986)(sliderpoint)(1.0)[PM5][FS sliderpoint]">
		<description>Road Kings (Williams)(1986)(sliderpoint)(1.0)[PM5][FS sliderpoint]</description>
		<rom name="Road Kings (Williams 1986) FS VPphysmod5 SPv1.vpt" size="31342592" crc="ead8d8cd" md5="9f321ca37242324cfdc16b75a024add4" sha1="abeb292914760545f4ad0fcad341140c3355bff7" />
	</machine>
	<machine name="Simpsons, The (Data East)(1990)(Javier1515)(1.0)[PhysMod5][Desktop version coolball]">
		<description>Simpsons, The (Data East)(1990)(Javier1515)(1.0)[PhysMod5][Desktop version coolball]</description>
		<rom name="Simpsons, The (Data East)(1990)(Javier1515)(1.0)[PhysMod5][Desktop version coolball].vpt" size="48644096" crc="2b88a6cf" md5="d8d5f9043fd00c773aa07ed4a6a01a44" sha1="b0c09222953b4c5bd349d00d49a3355b5a86ecee" />
		<rom name="Simpsons, The screenshot.jpg" size="568943" crc="2e147d8c" md5="4e9a8ca8506a15e982eb79adb2e156af" sha1="a600844d26085491c65bfe4dc89ad87dfc8a7860" />
	</machine>
	<machine name="Spider-Man (Stern)(2007)(85vett)(1.0)[PhysMod5][Desktop versoin coolball]">
		<description>Spider-Man (Stern)(2007)(85vett)(1.0)[PhysMod5][Desktop versoin coolball]</description>
		<rom name="Spiderman (Stern)(2007)(85vett)(1.0)[PhysMod5][Desktop versoin coolball].vpt" size="37728256" crc="106396d8" md5="a889976998ad3091ceede5d180f494bd" sha1="ed145ae2deeb6cefc0e7447988b1238887ed4085" />
		<rom name="Spiderman screenshot.jpg" size="576534" crc="75f09f36" md5="2894a1e7beb5462f6db86abf5a1cd966" sha1="e4ba2254e9baaad7d3dea25a6269f3afe3a7d70d" />
	</machine>
	<machine name="TRON Legacy (Stern)(2011)(85vett)(1.0)[PhysMod5][Desktop version coolball]">
		<description>TRON Legacy (Stern)(2011)(85vett)(1.0)[PhysMod5][Desktop version coolball]</description>
		<rom name="TRON Legacy (Stern)(2011)(85vett)(1.0)[PhysMod5][Desktop version coolball].vpt" size="22495232" crc="cae22457" md5="9e1fe30fce49a134fa91e3e76ba3431a" sha1="e30011f9c2c184080c80c23efed4c266dc8f9d1a" />
		<rom name="TRON Legacy screenshot.jpg" size="568999" crc="a4dace50" md5="b84671fc4b14ce68a2d0e307cfd29457" sha1="9685f4e44ad286da3b9c3cdba348b6a5ab9853b8" />
	</machine>
	<machine name="Truck Stop (Bally)(1988)(ilveropaolone)(1.0)[PM5][DT]">
		<description>Truck Stop (Bally)(1988)(ilveropaolone)(1.0)[PM5][DT]</description>
		<rom name="Truck Stop (Bally 1988) PhM.directB2S" size="12219621" crc="1a9eeee5" md5="55c8b9a1dbacfd909c8316e390d248fa" sha1="a0b3b2a0cdbaef43c28c1754a6f533389196f1bd" />
		<rom name="Truck Stop (Bally 1988) PhM.mp4" size="61263199" crc="65dcb039" md5="21f2131b602b6a43fc5d1019a8db6bd3" sha1="1342a4fc6e73b2f31fe53334bee59624c84d64e6" />
		<rom name="Truck Stop (Bally 1988) PhM.vpt" size="43044864" crc="93455885" md5="c879bc9c75af696c43e808f55c7dca24" sha1="f1f0a2f4ee6b5bd6dbd144dd960739ab62abcf14" />
		<rom name="truckstop-with-bg.png" size="5968359" crc="87f6e7f7" md5="be9ff8bae0fa7e098d447e524f27d644" sha1="4f9411013cf8c157d73a126f0b95780f4952a04f" />
		<rom name="truckstop.png" size="5922521" crc="3711d1af" md5="a7c1846f263a8cfd55ea273db66e95f6" sha1="19709cf01602be9f5f47d8b849938a91e6e64fc1" />
		<rom name="VPinball99_PhysMod5_Updated.exe" size="1775104" crc="693e3230" md5="63ad13d1b59e33d8f6a2173b4a039023" sha1="8b48aa9b614f40d067d9c1a10212a556df9761b0" />
	</machine>
	<machine name="Walkin Dead, The (Stern)(2014)(freneticamnesic, gtxjoe)(1.1)[PM5][FullScreen]">
		<description>Walkin Dead, The (Stern)(2014)(freneticamnesic, gtxjoe)(1.1)[PM5][FullScreen]</description>
		<rom name="screenshot.jpg" size="723585" crc="ffb99d5d" md5="761f9382ea40aa448f3686f898fe3c17" sha1="1b5bbffc15895cb18342c1a9bd8a0a849e5fb602" />
		<rom name="The Walking Dead Physmod5 1.1.vpt" size="80506880" crc="768c99b5" md5="a6fc895b27d1d83253edd06cf7f2e548" sha1="dfea873e2ba58fb672d9c654c680bb8798be7386" />
		<rom name="TWD156.bin" size="96994376" crc="4bd62b0f" md5="98dc085ef7716b3714240571b7c19e65" sha1="b1d5e7d96f45fb3e076bc993b09a7eae9c73f610" />
	</machine>
	<machine name="World Poker Tour (Stern)(2006)(freneticamnesic)(1.1)[PhysMod5][Desktop version coolball]">
		<description>World Poker Tour (Stern)(2006)(freneticamnesic)(1.1)[PhysMod5][Desktop version coolball]</description>
		<rom name="World Poker Tour (Stern)(2006)(freneticamnesic)(1.1)[PhysMod5][Desktop version coolball].vpt" size="49344512" crc="d6e142d4" md5="e941f75909b945c682d5d45b3d3ed7f9" sha1="ec0fdb02e3d6cf7a63faba079b0ba647ae5925e4" />
		<rom name="World Poker Tour screenshot.jpg" size="614872" crc="f88b2d86" md5="dfe8b0988a910ce5d103b421dcf2c17c" sha1="9a5ac5981d7662d8058f47e2a3b450a889eadd1c" />
	</machine>
	<machine name="X-Men (Stern)(2012)(85vett)(1.0)[PhysMod5][Desktop version coolball v1.0]">
		<description>X-Men (Stern)(2012)(85vett)(1.0)[PhysMod5][Desktop version coolball v1.0]</description>
		<rom name="X-Men (Stern)(2012)(85vett)(1.0)[PhysMod5][Desktop version coolball v1.0].vpt" size="25796608" crc="d3924021" md5="e116959585f9cf7f4cabc02af228cec5" sha1="7055cff8aa325a1c1c3984dd1d994dd2e5148297" />
		<rom name="XMen screenshot.jpg" size="650604" crc="3c21ee02" md5="01930abe8976bc547635249c3c418e97" sha1="ad0b415e7d8f903b52367add80e39138ffbf1981" />
	</machine>
</datafile>