<?xml version="1.0" encoding="utf-8"?>
<!DOCTYPE datafile PUBLIC "-//Logiqx//DTD ROM Management Datafile//EN" "http://www.logiqx.com/Dats/datafile.dtd">
<datafile>
	<header>
		<name>Visual Pinball [DX9] PinMame Tables [MODs, HACKs]</name>
		<description>Visual Pinball [DX9] PinMame Tables [MODs, HACKs] (2024-01-27)</description>
		<version></version>
		<date>2024-01-27</date>
		<author></author>
	</header>
	<machine name="Junk Yard (Williams)(1996)(Destruk (VP8))[DX9][MOD DT Gfx v2.2 mfuegemann]">
		<description>Junk Yard (Williams)(1996)(Destruk (VP8))[DX9][MOD DT Gfx v2.2 mfuegemann]</description>
		<rom name="Junk Yard_VP9_2_2_DX9.vpt" size="22917120" crc="2d0871f9" md5="75387cae56f636f7c4c6e00cccbe6a2f" sha1="dc9e20db5b6e497169f9d0b2f0e459ae65feb998" />
		<rom name="screen_43.jpg" size="571725" crc="328047e5" md5="e11c1a6db3c8d7f938adaa5dacbe2dbd" sha1="63fa2c96cfd0e10e078e8c3b6492b4dad92b2a14" />
	</machine>
</datafile>