<?xml version="1.0" encoding="utf-8"?>
<!DOCTYPE datafile PUBLIC "-//Logiqx//DTD ROM Management Datafile//EN" "http://www.logiqx.com/Dats/datafile.dtd">
<datafile>
	<header>
		<name>MAME - Update CHDs (v0.266 to v0.267)</name>
		<description>MAME - Update CHDs (v0.266 to v0.267)</description>
		<version></version>
		<author></author>
	</header>
	<machine name="cuttherope">
		<description>Cut The Rope</description>
		<year>2003</year>
		<manufacturer>ICE</manufacturer>
		<disk name="cuttherope" sha1="25be8285ca75d759962f4b59b313a97d9077747e" />
	</machine>
</datafile>