<?xml version="1.0" encoding="utf-8"?>
<!DOCTYPE datafile PUBLIC "-//Logiqx//DTD ROM Management Datafile//EN" "http://www.logiqx.com/Dats/datafile.dtd">
<datafile>
	<header>
		<name>abc1600_hdd</name>
		<description>Luxor ABC 1600 hard disks</description>
		<version>0.274</version>
		<author>Pleasuredome</author>
	</header>
	<machine name="micr1325a">
		<description>Formatted Micropolis 1325A 69MB</description>
		<year>198?</year>
		<publisher>unknown</publisher>
		<disk name="micr1325a" sha1="683180e8ac8f3b097e9f5c1a6950544e6e65a4d1" />
	</machine>
	<machine name="necd5126a">
		<description>Formatted NEC D5216A 20MB</description>
		<year>198?</year>
		<publisher>unknown</publisher>
		<disk name="necd5126a" sha1="541ffe714517afc29ded60778066b7be5538e08f" />
	</machine>
</datafile>