<?xml version="1.0" encoding="utf-8"?>
<!DOCTYPE datafile PUBLIC "-//Logiqx//DTD ROM Management Datafile//EN" "http://www.logiqx.com/Dats/datafile.dtd">
<datafile>
	<header>
		<name>abc800_hdd</name>
		<description>Luxor ABC 800 hard disks</description>
		<version>0.274</version>
		<author>Pleasuredome</author>
	</header>
	<machine name="abc850">
		<description>ABC 850</description>
		<year>1983</year>
		<publisher>Luxor</publisher>
		<disk name="ro202" sha1="622142fd96e62fc7751c4c97e1921561c308ca5a" />
	</machine>
	<machine name="abc852">
		<description>ABC 852</description>
		<year>1986</year>
		<publisher>Luxor</publisher>
		<disk name="basf6185" sha1="0f01c5ca209a358bb665d782eb99e944e09f673e" />
	</machine>
	<machine name="abc856">
		<description>ABC 856</description>
		<year>1986</year>
		<publisher>Luxor</publisher>
		<disk name="micr1325" sha1="bb96f8b3d367ebee731cdc967baf4efb0f213913" />
	</machine>
</datafile>