<?xml version="1.0" encoding="utf-8"?>
<!DOCTYPE datafile PUBLIC "-//Logiqx//DTD ROM Management Datafile//EN" "http://www.logiqx.com/Dats/datafile.dtd">
<datafile>
	<header>
		<name>amiga_workbench</name>
		<description>Commodore Amiga Workbench disks</description>
		<version>0.274</version>
		<author>Pleasuredome</author>
	</header>
	<machine name="amigos35">
		<description>AmigaOS 3.5</description>
		<year>1999</year>
		<publisher>Haage &amp; Partner</publisher>
		<disk name="amigaos35" sha1="6dcf1e5821717128ac2e763064f1ef31dee3ce8c" />
	</machine>
	<machine name="amigos39">
		<description>AmigaOS 3.9</description>
		<year>2000</year>
		<publisher>Haage &amp; Partner</publisher>
		<disk name="amigaos39" sha1="c7917402016b3627e533d11b998e21dec2a31029" />
	</machine>
	<machine name="amigos40">
		<description>AmigaOS 4.0 Classic</description>
		<year>2007</year>
		<publisher>Hyperion Entertainment</publisher>
		<disk name="amiga_os4_0_classic_52_21" sha1="39570993166af8a26d84d4f91d4725b508aa8942" />
	</machine>
</datafile>