<?xml version="1.0" encoding="utf-8"?>
<!DOCTYPE datafile PUBLIC "-//Logiqx//DTD ROM Management Datafile//EN" "http://www.logiqx.com/Dats/datafile.dtd">
<datafile>
	<header>
		<name>cd32</name>
		<description>Commodore Amiga CD32 CD-ROMs</description>
		<version>0.274</version>
		<author>Pleasuredome</author>
	</header>
	<machine name="abreed3d">
		<description>Alien Breed 3D</description>
		<year>1995</year>
		<publisher>Team 17 / Ocean</publisher>
		<disk name="alien breed 3d (europe)" sha1="b6a9037ba0cd5fee65f5445b28e968074c335bbe" />
	</machine>
	<machine name="abreedta">
		<description>Alien Breed: Tower Assault</description>
		<year>1994</year>
		<publisher>Team 17</publisher>
		<disk name="alien breed - tower assault (europe)" sha1="0a34fc651775b813a910057f0235a0c26157c39e" />
	</machine>
	<machine name="abseqwak">
		<description>Alien Breed - Special Edition + Qwak</description>
		<year>1994</year>
		<publisher>Team 17</publisher>
		<disk name="alien breed special edition and qwak (europe) (en,fr,de,it,da)" sha1="499614c9a89026cbd748af7afd65445c50dd6167" />
	</machine>
	<machine name="akira">
		<description>Akira (Collector's Edition)</description>
		<year>1994</year>
		<publisher>I.C.E.</publisher>
		<disk name="akira (europe)" sha1="1abe30f210f4ee779a75796727f5fe3ef1781692" />
	</machine>
	<machine name="alfred">
		<description>Alfred Chicken</description>
		<year>1993</year>
		<publisher>Mindscape</publisher>
		<disk name="alfred chicken (europe)" sha1="6b6f249c830e15f7c5a5dffbe75596982a07c2c1" />
	</machine>
	<machine name="arabian">
		<description>Arabian Nights</description>
		<year>1993</year>
		<publisher>Buzz</publisher>
		<disk name="arabian nights (europe) (en,fr,de,it)" sha1="1199d1e5303f6e9cac6df78d0c032ad5a97387bd" />
	</machine>
	<machine name="arcdpool">
		<description>Arcade Pool (set 1)</description>
		<year>1994</year>
		<publisher>Team 17</publisher>
		<disk name="arcade pool (europe) (en,fr,de,it)" sha1="c74becbe39a592c1e9cc441dd67282951c750e9c" />
		<disk name="arcade pool (europe) (en,fr,de,it) (alt)" sha1="f497eb75d8a8ab1ec15630ad652700a0b0463a25" />
	</machine>
	<machine name="atr">
		<description>ATR: All Terrain Racing</description>
		<year>1995</year>
		<publisher>Team 17</publisher>
		<disk name="atr - all terrain racing (1995)(team 17)" sha1="edefcd613796faea7e279b3729fd876243623171" />
	</machine>
	<machine name="banshee">
		<description>Banshee</description>
		<year>1994</year>
		<publisher>Core</publisher>
		<disk name="banshee (europe) (en,fr,de,da)" sha1="f10de2115430176776215aef8b239dccb54e34ec" />
	</machine>
	<machine name="basejump">
		<description>Base Jumpers</description>
		<year>1995</year>
		<publisher>Rasputin</publisher>
		<disk name="base jumpers (europe)" sha1="9ef68bd83d199015dc3180333da79a8292908365" />
	</machine>
	<machine name="bass">
		<description>Beneath a Steel Sky</description>
		<year>1994</year>
		<publisher>Virgin</publisher>
		<disk name="beneath a steel sky (europe) (en,fr,de,it)" sha1="a69d0c78450a4740076533d1609612b4d131b0bc" />
	</machine>
	<machine name="beavers">
		<description>Beavers</description>
		<year>1994</year>
		<publisher>Unique</publisher>
		<disk name="beavers (europe)" sha1="5d7e7b4dcbacf92c6ec17632f124dcd27ab333fd" />
	</machine>
	<machine name="benefact">
		<description>Benefactor</description>
		<year>1994</year>
		<publisher>Psygnosis</publisher>
		<disk name="benefactor (europe)" sha1="3a2add193cc9869a16a37090eaddc5ce98b36bc8" />
	</machine>
	<machine name="big6diz">
		<description>The Big 6 (Dizzy Collection)</description>
		<year>1994</year>
		<publisher>Codemasters</publisher>
		<disk name="big 6, the (1994)(codemasters)(en-de)[compilation]" sha1="ecea85b6f6bd167b0b5164fde31b782e6b188e30" />
	</machine>
	<machine name="blkviper">
		<description>Black Viper</description>
		<year>1996</year>
		<publisher>Neo</publisher>
		<disk name="black viper (europe) (en,de,it)" sha1="9fffbfb004596330d5befd2011216c1640cfa5d5" />
	</machine>
	<machine name="brutalf">
		<description>Brutal Sports Series: Football</description>
		<year>1994</year>
		<publisher>Millennium</publisher>
		<disk name="brutal football (europe)" sha1="360d2d53cf83c7d22edca4845ff4f5f77e240037" />
	</machine>
	<machine name="btlchess">
		<description>Battle Chess</description>
		<year>1994</year>
		<publisher>Interplay</publisher>
		<disk name="battle chess (europe)" sha1="727925e4c42a11eb2b79023473cbddd6b79333f9" />
	</machine>
	<machine name="btoads">
		<description>Battletoads</description>
		<year>1994</year>
		<publisher>Mindscape</publisher>
		<disk name="battletoads (europe)" sha1="31278a9d639c93cc48f2780a682d3c86e6e6ab5d" />
	</machine>
	<machine name="bubba">
		<description>Bubba 'n' Stix</description>
		<year>1994</year>
		<publisher>Core</publisher>
		<disk name="bubba n stix (europe)" sha1="32f0704bc31e357c9bc98c85d16718ae5302d569" />
	</machine>
	<machine name="bubblesq">
		<description>Bubble and Squeak</description>
		<year>1994</year>
		<publisher>Audiogenic</publisher>
		<disk name="bubble and squeak (europe)" sha1="fc9bc6d45a891a88c517870923bba0be6f5cb74e" />
	</machine>
	<machine name="bumpburn">
		<description>Bump 'n' Burn</description>
		<year>1994</year>
		<publisher>Grandslam</publisher>
		<disk name="bump n burn (europe)" sha1="15c624de3acbbc6e23b45deefbe5b007e4eaf8ab" />
	</machine>
	<machine name="cannfodd">
		<description>Cannon Fodder</description>
		<year>1994</year>
		<publisher>Virgin</publisher>
		<disk name="cannon fodder (europe)" sha1="11a0c5316bf765cae1f9280d4f2ec2843dc8c2d0" />
	</machine>
	<machine name="castles2">
		<description>Castles II: Siege &amp; Conquest</description>
		<year>1993</year>
		<publisher>Interplay</publisher>
		<disk name="castles ii - siege and conquest (europe)" sha1="b0b85836d783ac6e349de557a7f83f9eaf432068" />
	</machine>
	<machine name="cd32mag1">
		<description>Amiga CD32 - Volume 1</description>
		<year>1994</year>
		<publisher>Future Publishing</publisher>
		<disk name="amiga cd32 - volume 1 (europe)" sha1="3d1fae40469a0c030f0140af3f6f081bbfc5d496" />
	</machine>
	<machine name="cd32mag2">
		<description>Amiga CD32 - Volume 2</description>
		<year>1994</year>
		<publisher>Future Publishing</publisher>
		<disk name="amiga cd32 - volume 2 (europe)" sha1="e42e631874291ccf5062f6653b3c35385aa66f6b" />
	</machine>
	<machine name="chaoseng">
		<description>The Chaos Engine</description>
		<year>1994</year>
		<publisher>Renegade</publisher>
		<disk name="chaos engine, the (europe) (en,fr,de,it)" sha1="0044770e73765705061cb5c63a337eab579574d9" />
	</machine>
	<machine name="chuckrck">
		<description>Chuck Rock</description>
		<year>1994</year>
		<publisher>Corkers</publisher>
		<disk name="chuck rock (europe)" sha1="23f177c36a219d5b604bbf9091231c0133f94926" />
	</machine>
	<machine name="chukrck2">
		<description>Chuck Rock II: Son of Chuck</description>
		<year>1994</year>
		<publisher>Core</publisher>
		<disk name="chuck rock ii - son of chuck (europe)" sha1="6fc1f9194487d4431a0b39510d10575fcd5d09ad" />
	</machine>
	<machine name="clockwsr">
		<description>Clockwiser</description>
		<year>1994</year>
		<publisher>Rasputin</publisher>
		<disk name="clockwiser (1994)(rasputin)" sha1="0d92ecfc00175486022c4c3bcfd7e26a21568d20" />
	</machine>
	<machine name="darkseed">
		<description>Dark Seed</description>
		<year>1994</year>
		<publisher>Cyberdreams</publisher>
		<disk name="darkseed (europe)" sha1="6122a88390ed1e258190bc3f3009997f3a7e778e" />
	</machine>
	<machine name="deepcore">
		<description>Deep Core (Rev. 1)</description>
		<year>1993</year>
		<publisher>I.C.E.</publisher>
		<disk name="deep core (europe)" sha1="653a2112634619ec6df2be3f4ac98a1a61fbee1e" />
	</machine>
	<machine name="dgen">
		<description>D/Generation</description>
		<year>1993</year>
		<publisher>Mindscape</publisher>
		<disk name="d-generation (europe)" sha1="caefe01fe46eee977e9d46f32ecc3bbf37acb613" />
	</machine>
	<machine name="diggoscr">
		<description>Diggers + Oscar</description>
		<year>1993</year>
		<publisher>Commodore</publisher>
		<disk name="diggers and oscar (1993)(commodore)(m4)[compilation][amiga-cd 31, 54]" sha1="88422ad455a8b8c7255c83812aa69132f15e1bf6" />
	</machine>
	<machine name="disphero">
		<description>Disposable Hero</description>
		<year>1994</year>
		<publisher>Gremlin</publisher>
		<disk name="disposable hero (europe)" sha1="46c462df763b680018e018911b8d7ed68d47d24e" />
	</machine>
	<machine name="donk">
		<description>Donk! The Samurai Duck!</description>
		<year>1994</year>
		<publisher>Supervision</publisher>
		<disk name="donk (europe)" sha1="ea2998f8d0a0728c3e6c1d9f7cdf0f6723792bbc" />
	</machine>
	<machine name="dstone">
		<description>Dragonstone</description>
		<year>1995</year>
		<publisher>Core</publisher>
		<disk name="dragonstone (europe)" sha1="43b3408395549c877ddcbc405b35d13d26b085b0" />
	</machine>
	<machine name="dstreets">
		<description>Dangerous Streets</description>
		<year>1994</year>
		<publisher>Flair</publisher>
		<disk name="dangerous streets (europe) (en,fr,de,it)" sha1="1f5e47178af36e299489589065ec0354c9ed3136" />
	</machine>
	<machine name="emerald">
		<description>Emerald Mines</description>
		<year>1994</year>
		<publisher>Almathera</publisher>
		<disk name="emerald mines (europe)" sha1="0b12f7863bc94f3f8b2e0b362242be4daec6b43f" />
	</machine>
	<machine name="fireforc">
		<description>Fireforce</description>
		<year>1994</year>
		<publisher>I.C.E.</publisher>
		<disk name="fire force (europe)" sha1="9172161a616b456983f149a1eb8659375d35cd90" />
	</machine>
	<machine name="fireice">
		<description>Fire + Ice</description>
		<year>1994</year>
		<publisher>Renegade</publisher>
		<disk name="fire and ice - the daring adventures of cool coyote (europe) (en,fr,de,it)" sha1="064cadd6379a64d764a24db466807c2b1ded659d" />
	</machine>
	<machine name="flink">
		<description>The Misadventures of Flink</description>
		<year>1994</year>
		<publisher>Psygnosis</publisher>
		<disk name="flink (europe)" sha1="cff2b90f271818b540d6670e689f6dcc2b5ebe58" />
	</machine>
	<machine name="flyhard">
		<description>Fly Harder</description>
		<year>1994</year>
		<publisher>Buzz</publisher>
		<disk name="fly harder (europe)" sha1="334fd2661914f7dc3355c40c44011bf39b36263b" />
	</machine>
	<machine name="frogfd">
		<description>Frog Feast (demo)</description>
		<year>2007</year>
		<publisher>Rastersoft</publisher>
		<disk name="Frog" sha1="a3dd1f3ff331c65dcf2180b41c03ea61264fe3de" />
	</machine>
	<machine name="frontier">
		<description>Frontier: Elite II</description>
		<year>1993</year>
		<publisher>GameTek</publisher>
		<disk name="frontier - elite ii (europe)" sha1="be555965d60784428787bb923c900c535c101474" />
	</machine>
	<machine name="gamer1">
		<description>Amiga CD32 Gamer - Volume 1</description>
		<year>1994</year>
		<publisher>Paragon Publishing</publisher>
		<disk name="amiga cd32 gamer vol. 01 (1994-05)(paragon publishing)(gb)" sha1="ceb082a7eaf0fb98008d4398edf4883de7a61496" status="baddump" />
	</machine>
	<machine name="gamer2">
		<description>Amiga CD32 Gamer - Volume 2</description>
		<year>1994</year>
		<publisher>Paragon Publishing</publisher>
		<disk name="amiga cd32 gamer - game demos volume 2 (europe)" sha1="21de657435961a67d9bb5db0ff657894e4bab2de" />
	</machine>
	<machine name="gamer3">
		<description>Amiga CD32 Gamer - Volume 3</description>
		<year>1994</year>
		<publisher>Paragon Publishing</publisher>
		<disk name="amiga cd32 gamer vol. 03 (1994-07-14)(paragon publishing)(gb)" sha1="ef8be0a94897bc1a3c8504e931fdf7470084f1c7" status="baddump" />
	</machine>
	<machine name="gamer4">
		<description>Amiga CD32 Gamer - Volume 4</description>
		<year>1994</year>
		<publisher>Paragon Publishing</publisher>
		<disk name="amiga cd32 gamer vol. 04 (1994-08-08)(paragon publishing)(gb)" sha1="2f1ed16a7a604a64c2ffe1beafb08d08588bd9b2" status="baddump" />
	</machine>
	<machine name="gamer5">
		<description>Amiga CD32 Gamer - Volume 5</description>
		<year>1994</year>
		<publisher>Paragon Publishing</publisher>
		<disk name="amiga cd32 gamer vol. 05 (1994-10-13)(paragon publishing)(gb)" sha1="e249c7096e87a942e7c166bda8bd4bd5972cdb97" status="baddump" />
	</machine>
	<machine name="gamer6">
		<description>Amiga CD32 Gamer - Volume 6</description>
		<year>1994</year>
		<publisher>Paragon Publishing</publisher>
		<disk name="amiga cd32 gamer vol. 06 (1994-11-10)(paragon publishing)(gb)" sha1="be226accca732c8243223c84e9c7786ca08cb85c" status="baddump" />
	</machine>
	<machine name="gamer7">
		<description>Amiga CD32 Gamer - Volume 7</description>
		<year>1994</year>
		<publisher>Paragon Publishing</publisher>
		<disk name="amiga cd32 gamer vol. 07 (1994-12-08)(paragon publishing)(gb)" sha1="59b82a04d92adfb8f5eded0351bc54bb4846b620" status="baddump" />
	</machine>
	<machine name="gamer8">
		<description>Amiga CD32 Gamer - Volume 8</description>
		<year>1995</year>
		<publisher>Paragon Publishing</publisher>
		<disk name="cd32 gamer - playable game demos, demos, multimedia and shareware volume 8 (europe)" sha1="88234c7de4e1188fb9130342aca3f1c398de4df9" />
	</machine>
	<machine name="gamer9">
		<description>Amiga CD32 Gamer - Volume 9</description>
		<year>1995</year>
		<publisher>Paragon Publishing</publisher>
		<disk name="amiga cd32 gamer vol. 09 (1995-02-09)(paragon publishing)(gb)" sha1="29df212d20f7b035514ee3b275cd3a50347e9387" status="baddump" />
	</machine>
	<machine name="gamer10">
		<description>Amiga CD32 Gamer - Volume 10</description>
		<year>1995</year>
		<publisher>Paragon Publishing</publisher>
		<disk name="amiga cd32 gamer vol. 10 (1995-03-09)(paragon publishing)(gb)[amiga cd32 issue 10]" sha1="14f61389485768d9de93c061372eae34d3bf55c1" status="baddump" />
	</machine>
	<machine name="gamer11">
		<description>Amiga CD32 Gamer - Volume 11</description>
		<year>1995</year>
		<publisher>Paragon Publishing</publisher>
		<disk name="amiga cd32 gamer vol. 11 (1995-04-13)(paragon publishing)(gb)" sha1="6391a4ee14dc13cfe2bf6c9d4f0318783af5e3be" status="baddump" />
	</machine>
	<machine name="gamer12">
		<description>Amiga CD32 Gamer - Volume 12</description>
		<year>1995</year>
		<publisher>Paragon Publishing</publisher>
		<disk name="amiga cd32 gamer vol. 12 (1995-05-11)(paragon publishing)(gb)[cd 32 gamer 00449, 00471]" sha1="6117859767922a931d418f1abe32bb39f3c0acfa" status="baddump" />
	</machine>
	<machine name="gamer13">
		<description>Amiga CD32 Gamer - Volume 13</description>
		<year>1995</year>
		<publisher>Paragon Publishing</publisher>
		<disk name="amiga cd32 gamer vol. 13 (1995-06-08)(paragon publishing)(gb)" sha1="996b4ede3fa5378e377e34d9d886747d2cd570b6" status="baddump" />
	</machine>
	<machine name="gamer14">
		<description>Amiga CD32 Gamer - Volume 14</description>
		<year>1995</year>
		<publisher>Paragon Publishing</publisher>
		<disk name="amiga cd32 gamer vol. 14 (1995-07-13)(paragon publishing)(gb)" sha1="d5e6787cbb7e588c74ee88002c076c9bfea4629b" status="baddump" />
	</machine>
	<machine name="gamer15">
		<description>Amiga CD32 Gamer - Volume 15</description>
		<year>1995</year>
		<publisher>Paragon Publishing</publisher>
		<disk name="amiga cd32 gamer vol. 15 (1995-08-10)(paragon publishing)(gb)" sha1="4cd5d8f0fb5118503518182ec8c7530114ebde03" status="baddump" />
	</machine>
	<machine name="gamer16">
		<description>Amiga CD32 Gamer - Volume 16</description>
		<year>1995</year>
		<publisher>Paragon Publishing</publisher>
		<disk name="amiga cd32 gamer vol. 16 (1995-09-14)(paragon publishing)(gb)" sha1="21aa69e223625e96ced9d641e9370d5cf7ed9879" status="baddump" />
	</machine>
	<machine name="gamer17">
		<description>Amiga CD32 Gamer - Volume 17</description>
		<year>1995</year>
		<publisher>Paragon Publishing</publisher>
		<disk name="amiga cd32 gamer vol. 17 (1995-10-12)(paragon publishing)(gb)" sha1="c6251deef7386e74e148121dc73b5fba53408548" status="baddump" />
	</machine>
	<machine name="gamer18">
		<description>Amiga CD32 Gamer - Volume 18</description>
		<year>1995</year>
		<publisher>Paragon Publishing</publisher>
		<disk name="amiga cd32 gamer vol. 18 (1995-11-09)(paragon publishing)(gb)" sha1="01a2c58e29ea6ebabedd3964b12207d451a1a222" status="baddump" />
	</machine>
	<machine name="gamer19">
		<description>Amiga CD32 Gamer - Volume 19</description>
		<year>1995</year>
		<publisher>Paragon Publishing</publisher>
		<disk name="amiga cd32 gamer vol. 19 (1995-12-14)(paragon publishing)(gb)" sha1="298c48dd32596170623dc5160829ab32040313f3" status="baddump" />
	</machine>
	<machine name="gamer20">
		<description>Amiga CD32 Gamer - Volume 20</description>
		<year>1996</year>
		<publisher>Paragon Publishing</publisher>
		<disk name="amiga cd32 gamer vol. 20 (1996-01-11)(paragon publishing)(gb)" sha1="656d334358c915114f447fc44cdcbbf89a75c45d" status="baddump" />
	</machine>
	<machine name="gamer21">
		<description>Amiga CD32 Gamer - Volume 21</description>
		<year>1996</year>
		<publisher>Paragon Publishing</publisher>
		<disk name="amiga cd32 gamer vol. 21 (1996-02-08)(paragon publishing)(gb)" sha1="b56cad65f70f5ab901a487e4d3d5bfce60ef8835" status="baddump" />
	</machine>
	<machine name="gamer22">
		<description>Amiga CD32 Gamer - Volume 22</description>
		<year>1996</year>
		<publisher>Paragon Publishing</publisher>
		<disk name="amiga cd32 gamer vol. 22 (1996-03-14)(paragon publishing)(gb)" sha1="621775bf4089f3c7c968d5cde12e34e79ef4e65e" status="baddump" />
	</machine>
	<machine name="global">
		<description>Global Effect</description>
		<year>1994</year>
		<publisher>Millennium</publisher>
		<disk name="global effect (europe)" sha1="daa68df85bf70e202dce8e323dfd2090be92ff24" />
	</machine>
	<machine name="gloom">
		<description>Gloom</description>
		<year>1995</year>
		<publisher>Guildhall</publisher>
		<disk name="gloom (europe)" sha1="b19ec06a135c04bbfe4a355908129a230395f309" />
	</machine>
	<machine name="guardian">
		<description>Guardian</description>
		<year>1994</year>
		<publisher>Acid Software</publisher>
		<disk name="guardian (europe)" sha1="4a1101de8fd10e4c2f6c59894ac97663d360a623" />
	</machine>
	<machine name="gulp">
		<description>Gulp!</description>
		<year>1994</year>
		<publisher>I.C.E.</publisher>
		<disk name="gulp (europe) (en,fr,de,es,it)" sha1="574eee872637153009dc1a4cc36ee1dd0e5d9a79" />
	</machine>
	<machine name="heimdall2">
		<description>Heimdall 2 - Into The Hall Of Worlds</description>
		<year>1994</year>
		<publisher>Core</publisher>
		<disk name="heimdall 2 - into the hall of worlds (1994)(core)" sha1="5de73081c4278135362eb079a1f73053a50f86dc" />
	</machine>
	<machine name="ikplus">
		<description>International Karate +</description>
		<year>1994</year>
		<publisher>System 3</publisher>
		<disk name="international karate plus (europe)" sha1="6f69a642e1f4104bbe7d1f66353473752c14e64c" />
	</machine>
	<machine name="jambala">
		<description>The Seven Gates of Jambala</description>
		<year>1994</year>
		<publisher>Unique</publisher>
		<disk name="seven gates of jambala, the (europe)" sha1="2536a8fea70e753c640dc9392f2331f6dd565dd1" />
	</machine>
	<machine name="jetstrike">
		<description>Jetstrike</description>
		<year>1994</year>
		<publisher>Rasputin</publisher>
		<disk name="jetstrike (1994)(rasputin)" sha1="54876d6371e67338e902986adf58452d97724d01" />
	</machine>
	<machine name="kidchaos">
		<description>Kid Chaos</description>
		<year>1994</year>
		<publisher>Ocean Software</publisher>
		<disk name="kid chaos (europe)" sha1="5c0345d317f19501fe0ecb3c1df54a3b7a7cde31" />
	</machine>
	<machine name="libcap2">
		<description>Liberation - Captive II</description>
		<year>1994</year>
		<publisher>Mindscape</publisher>
		<disk name="liberation - captive ii v2.02-2.00c (1994-04-08)(mindscape)[cdd3716]" sha1="e4270283304e913a9397888f536be1b146482af1" />
	</machine>
	<machine name="lotus">
		<description>The Classic Lotus Trilogy</description>
		<year>1994</year>
		<publisher>Gremlin</publisher>
		<disk name="classic lotus trilogy, the (europe)" sha1="da66caa5da1a7b150772e96ca8591222057b3c39" />
	</machine>
	<machine name="marvin">
		<description>Marvin's Marvellous Adventure</description>
		<year>1994</year>
		<publisher>21st Century Entertainment</publisher>
		<disk name="marvins marvellous adventure (europe) (en,fr,de,es,it)" sha1="37ad971a24da23a15d45735737d396e0dec7a44f" />
	</machine>
	<machine name="mean">
		<description>Mean Arenas</description>
		<year>1994</year>
		<publisher>I.C.E.</publisher>
		<disk name="mean arenas (europe)" sha1="0a48eceb7d86ab776b91657c3e9a1af1b7a06a13" />
	</machine>
	<machine name="methbros">
		<description>Super Methane Bros.</description>
		<year>1994</year>
		<publisher>Apache</publisher>
		<disk name="super methane bros. (europe)" sha1="6a37c24062494a512ac521fb51d46384875db2c4" />
	</machine>
	<machine name="microcosm">
		<description>Microcosm</description>
		<year>1994</year>
		<publisher>Psygnosis</publisher>
		<disk name="microcosm (1994)(psygnosis)" sha1="4151e7109a476bb3bdebedb5989fdf7fc2030038" />
	</machine>
	<machine name="morph">
		<description>Morph</description>
		<year>1993</year>
		<publisher>Millennium</publisher>
		<disk name="morph (1993)(millennium)" sha1="3a8909d88d48b17b7e02284866f57085fbe62e2e" />
	</machine>
	<machine name="myth">
		<description>Myth: History in the Making</description>
		<year>1993</year>
		<publisher>System 3</publisher>
		<disk name="myth - history in the making (europe)" sha1="b6dea115e02f5016f01ce18e155de4525159583e" />
	</machine>
	<machine name="naughty">
		<description>Naughty Ones</description>
		<year>1994</year>
		<publisher>Interactivision</publisher>
		<disk name="naughty ones (europe)" sha1="ad33482cdd6d82303f624f4e5472236fdcc5ee51" />
	</machine>
	<machine name="okillunc">
		<description>Overkill &amp; Lunar-C</description>
		<year>1994</year>
		<publisher>Mindscape</publisher>
		<disk name="overkill and lunar-c (europe)" sha1="b17f3f64dedada407ddb3cd7b835bc1da17cb0ee" />
	</machine>
	<machine name="pballfnt">
		<description>Pinball Fantasies CD Edition</description>
		<year>1993</year>
		<publisher>21st Century Entertainment</publisher>
		<disk name="pinball fantasies (1993)(21st century entertainment)" sha1="01b589f79dc0c6e9ebc3ed898aa021c6e59daa70" />
	</machine>
	<machine name="pballill">
		<description>Pinball Illusions</description>
		<year>1995</year>
		<publisher>21st Century Entertainment</publisher>
		<disk name="pinball illusions (1995)(21st century entertainment)" sha1="1b657df40d086d9ce8f498e32033993361f3452b" />
	</machine>
	<machine name="pgaeuro">
		<description>PGA European Tour</description>
		<year>1995</year>
		<publisher>Ocean</publisher>
		<disk name="pga european tour (europe)" sha1="aa2b02803af1f8df1abe8add07d9cae59888960c" />
	</machine>
	<machine name="pierre">
		<description>Pierre Le Chef is... Out to Lunch</description>
		<year>1994</year>
		<publisher>Mindscape</publisher>
		<disk name="pierre le chef is ... out to lunch (europe)" sha1="ed836b5870d85afe28df72acc3a321577f1d0f93" />
	</machine>
	<machine name="prey">
		<description>Prey: An Alien Encounter</description>
		<year>1994</year>
		<publisher>Almathera</publisher>
		<disk name="prey - an alien encounter (europe)" sha1="a63ee5d54f70fe53a966ddcd0c2a7085d7c7426a" />
	</machine>
	<machine name="projxf17">
		<description>Project-X and F17 Challenge</description>
		<year>1994</year>
		<publisher>Team 17</publisher>
		<disk name="project-x and f17 challenge (1994)(team 17)" sha1="9c0010cc8b648b8d929dadb266d1f6464b1ef14d" />
	</machine>
	<machine name="projxubb">
		<description>Project-X + Ultimate Body Blows</description>
		<year>1994</year>
		<publisher>Team 17</publisher>
		<disk name="project-x and ultimate body blows (europe)" sha1="cb944c9b2ca7e6c877a9a16029d82b71c57b52b1" />
	</machine>
	<machine name="pwrdrive">
		<description>Power Drive</description>
		<year>1994</year>
		<publisher>U.S. Gold</publisher>
		<disk name="power drive (europe) (en,fr,de,es,it)" sha1="10e66363ef495aa37b4ceac9590c77b77256d23a" status="baddump" />
	</machine>
	<machine name="pwrgames">
		<description>Power-Games</description>
		<year>1994</year>
		<publisher>Media Team</publisher>
		<disk name="power-games (europe) (en,de)" sha1="2fa54f496f5f7b0f9c168d1d0dcf357d5c4edf11" />
	</machine>
	<machine name="quik">
		<description>Quik the Thunder Rabbit</description>
		<year>1994</year>
		<publisher>Paragon Publishing</publisher>
		<disk name="quik the thunder rabbit (europe)" sha1="18f6fc02352b650edeaf4c479c8f2043899aa220" />
	</machine>
	<machine name="riserobo">
		<description>Rise of the Robots</description>
		<year>1994</year>
		<publisher>Time Warner Interactive</publisher>
		<disk name="rise of the robots (europe)" sha1="40f0ff022606a6247e6f935c669c522102ada456" />
	</machine>
	<machine name="roadkill">
		<description>Roadkill (set 1)</description>
		<year>1995</year>
		<publisher>Acid</publisher>
		<disk name="roadkill (europe)" sha1="234bd47866333732f74a7563e149f0ab73529294" />
		<disk name="roadkill (europe) (alt)" sha1="030a9af9f5a4aa6d201447225e3256c98dd315a4" />
	</machine>
	<machine name="seekdest">
		<description>Seek and Destroy</description>
		<year>1994</year>
		<publisher>Mindscape</publisher>
		<disk name="seek and destroy (europe)" sha1="a2259e18e629c3d49b5c290a880d8b4451d2a77a" />
	</machine>
	<machine name="shadfght">
		<description>Shadow Fighter</description>
		<year>1994</year>
		<publisher>Gremlin</publisher>
		<disk name="shadow fighter (europe)" sha1="ea78034b0c53fcbf9188cddc7f095bb5a1b47e25" />
	</machine>
	<machine name="shaolin">
		<description>Chambers of Shaolin</description>
		<year>1993</year>
		<publisher>Unique</publisher>
		<disk name="chambers of shaolin (europe)" sha1="8a58723a29465fedc8e709aa2d96830055761b05" />
	</machine>
	<machine name="sheerdlt">
		<description>Sheer Delight</description>
		<year>1994</year>
		<publisher>Better Concepts</publisher>
		<disk name="sheer delight (europe)" sha1="507488ca70ece79e134abd1284cb467a8fa38d32" />
	</machine>
	<machine name="simonsrc">
		<description>Simon the Sorcerer</description>
		<year>1994</year>
		<publisher>Adventuresoft</publisher>
		<disk name="simon the sorcerer (europe)" sha1="31f19ec35b25a8292a9a0bd07c40e2f23a713be9" />
	</machine>
	<machine name="skelkrew">
		<description>Skeleton Krew</description>
		<year>1995</year>
		<publisher>Core</publisher>
		<disk name="skeleton krew (europe)" sha1="cd23102a322ff40fad7b2c50f43d7135ebeb16b4" />
	</machine>
	<machine name="solympix">
		<description>Summer Olympix</description>
		<year>1994</year>
		<publisher>Flair</publisher>
		<disk name="summer olympix (europe)" sha1="7f52aba39ce7d8dfb6f0cafca1909d0244db8bd4" />
	</machine>
	<machine name="speris">
		<description>The Speris Legacy</description>
		<year>1996</year>
		<publisher>Team 17</publisher>
		<disk name="speris legacy, the (europe)" sha1="ec1383aa5cc6f743771ded75b51addf607cbc915" />
	</machine>
	<machine name="sskid">
		<description>Super Skidmarks (set 1)</description>
		<year>1995</year>
		<publisher>Guildhall Leisure</publisher>
		<disk name="super skidmarks (europe)" sha1="9c978f5412163ac0acd03c89758cbab86b1d9a5f" />
		<disk name="super skidmarks (europe) (alt)" sha1="ff15f0c45b71c26df7da0d1dce1b16b64517a528" />
	</machine>
	<machine name="sstardst">
		<description>Super Stardust</description>
		<year>1995</year>
		<publisher>Team 17</publisher>
		<disk name="super stardust (europe)" sha1="e875bf9ede995a2b2de78ae2d8c8b6962d6674fd" />
	</machine>
	<machine name="strippot">
		<description>Strip Pot</description>
		<year>1994</year>
		<publisher>Guildhall Leisure</publisher>
		<disk name="strip pot (europe)" sha1="f4fa71da618aaf532fb66d133383c6369e16366c" />
	</machine>
	<machine name="suprfrog1">
		<description>Superfrog (rev 1)</description>
		<year>1999</year>
		<publisher>Islona</publisher>
		<disk name="superfrog (europe) (rev 1)" sha1="4295e7e97d90f3709cad9361841942a3f09866c8" status="baddump" />
	</machine>
	<machine name="suprfrog">
		<description>Superfrog</description>
		<year>1994</year>
		<publisher>Team 17</publisher>
		<disk name="superfrog (europe)" sha1="fe741cff2a47021cc4ee33f46369589ae12e5d0f" />
	</machine>
	<machine name="suprputt">
		<description>Super Putty</description>
		<year>1994</year>
		<publisher>System 3</publisher>
		<disk name="super putty (europe)" sha1="d54277fda64459223792b49741f3a8450fb98567" />
	</machine>
	<machine name="surfninj">
		<description>Surf Ninjas</description>
		<year>1994</year>
		<publisher>MicroValue</publisher>
		<disk name="surf ninjas (europe)" sha1="67fb1ac867011d903c3d421179e2c0b4e69266bf" />
	</machine>
	<machine name="sw2050">
		<description>Subwar 2050</description>
		<year>1994</year>
		<publisher>MicroProse</publisher>
		<disk name="subwar 2050 (europe) (en,fr,de)" sha1="27f896040b4f86e29e1f70dcafed27a6638451b8" />
	</machine>
	<machine name="syndicat">
		<description>Syndicate</description>
		<year>1995</year>
		<publisher>Mindscape</publisher>
		<disk name="syndicate (europe) (en,fr,it)" sha1="d887224380f180aa4e52a1ebc04f4121a1a598b7" />
	</machine>
	<machine name="themeprk">
		<description>Theme Park</description>
		<year>1995</year>
		<publisher>Mindscape</publisher>
		<disk name="theme park (europe) (en,fr,de,it)" sha1="94458c802249df0d0b6b21414b2ea1f60f208ed2" />
	</machine>
	<machine name="totcarn">
		<description>Total Carnage</description>
		<year>1994</year>
		<publisher>I.C.E.</publisher>
		<disk name="total carnage (europe)" sha1="0480df394dea8e8b892dc7d41c7c933e5dacb497" />
	</machine>
	<machine name="tp">
		<description>Trivial Pursuit</description>
		<year>1994</year>
		<publisher>Domark</publisher>
		<disk name="trivial pursuit - the cd32 edition (europe)" sha1="cf1ba7ca069b804eaa34881ec1cfb875a68d8daa" />
	</machine>
	<machine name="trolls">
		<description>Trolls</description>
		<year>1993</year>
		<publisher>Flair</publisher>
		<disk name="trolls (europe)" sha1="cf1f60ca86170c2fe396c3eb76e80a5572ec670d" />
	</machine>
	<machine name="ubb">
		<description>Ultimate Body Blows</description>
		<year>1994</year>
		<publisher>Team 17</publisher>
		<disk name="ultimate body blows (europe)" sha1="737f46a3d4ed22f8d69ebff24e66e6bdc170ad81" />
	</machine>
	<machine name="ufo">
		<description>UFO: Enemy Unknown</description>
		<year>1994</year>
		<publisher>MicroProse</publisher>
		<disk name="ufo - enemy unknown (europe) (en,fr,de)" sha1="c40c51d2435ed427992e163b4aea64586132ed55" />
	</machine>
	<machine name="universe">
		<description>Universe</description>
		<year>1994</year>
		<publisher>Core</publisher>
		<disk name="universe (1994)(core)" sha1="bf6dbeab33ea5bb977649a4ce0a9bf3718ca4417" />
	</machine>
	<machine name="vital">
		<description>Vital Light</description>
		<year>1994</year>
		<publisher>Millennium</publisher>
		<disk name="vital light (europe)" sha1="552ad81da4c89b08dca3c5fef5f8d64b08bf23e4" />
		<disk name="vital light (europe) (alt)" sha1="0696ea358fc0f503d56a3327253501926cacbe52" />
	</machine>
	<machine name="wembley">
		<description>Wembley International Soccer</description>
		<year>1994</year>
		<publisher>Audiogenic</publisher>
		<disk name="wembley international soccer (europe)" sha1="2bbaf85b56d35c34599a2a975da0806b6b1324ef" />
	</machine>
	<machine name="whalevoy">
		<description>Whale's Voyage</description>
		<year>1993</year>
		<publisher>Flair</publisher>
		<disk name="whale's voyage (europe)" sha1="c44d30e4466aa65faa28a4c47e6ab56b41703464" />
	</machine>
	<machine name="wildcup">
		<description>Wild Cup Soccer</description>
		<year>1994</year>
		<publisher>Millennium</publisher>
		<disk name="wild cup soccer (europe)" sha1="e5c2b907f62d133ee8187c3b680130f9ef65582d" />
	</machine>
	<machine name="worms">
		<description>Worms</description>
		<year>1995</year>
		<publisher>Team 17</publisher>
		<disk name="worms (europe) (en,fr,de)" sha1="daf98201fb405a934424e70a0287a412d3df2c62" />
	</machine>
	<machine name="zool2">
		<description>Zool 2</description>
		<year>1994</year>
		<publisher>Gremlin</publisher>
		<disk name="zool 2 (europe)" sha1="d8389e41dd4c73a32ed71dd6070433815b80da71" />
	</machine>
	<machine name="zool">
		<description>Zool: Ninja of the "Nth" Dimension</description>
		<year>1993</year>
		<publisher>Gremlin</publisher>
		<disk name="zool - ninja of the nth dimension (europe)" sha1="87128d563ccfa8c98d55712f1bf8ae28f21537b8" />
	</machine>
</datafile>