<?xml version="1.0" encoding="utf-8"?>
<!DOCTYPE datafile PUBLIC "-//Logiqx//DTD ROM Management Datafile//EN" "http://www.logiqx.com/Dats/datafile.dtd">
<datafile>
	<header>
		<name>cubieboard4</name>
		<description>Cubieboard4 software</description>
		<version>0.274</version>
		<author>Pleasuredome</author>
	</header>
	<machine name="cb4_android41mmc">
		<description>Android 4.1.20161119 for Cubieboard4 (v4.4, internal eMMC)</description>
		<year>20??</year>
		<publisher>cubieboard.org</publisher>
		<disk name="android4.4-cb4-emmc-v4.1.20161119" sha1="ccf854e17936e3c57a1701f9edb3c63b704d4d59" />
	</machine>
	<machine name="cb4_android43mmc">
		<description>Android 4.3.20170717 for Cubieboard4 (v4.4, internal eMMC)</description>
		<year>20??</year>
		<publisher>cubieboard.org</publisher>
		<disk name="android4.4-cb4-emmc-v4.3.20170717" sha1="bb386ce76686698ad7f25b0469970c58abf4745e" />
	</machine>
	<machine name="cb4_debiansvrcrd">
		<description>Debian server for Cubieboard4 (v1.0, MicroSD card)</description>
		<year>20??</year>
		<publisher>cubieboard.org</publisher>
		<disk name="cb4-debian-server-hdmi-card-v1.0" sha1="3e98a28e72c913afa5883e040731e17b5f90aad2" />
	</machine>
	<machine name="cb4_debiansvrmmc">
		<description>Debian server for Cubieboard4 (v1.0, internal eMMC)</description>
		<year>20??</year>
		<publisher>cubieboard.org</publisher>
		<disk name="cb4-debian-server-hdmi-emmc-v1.0" sha1="31db5866016cfd6f1be331c70859cdb27022a7aa" />
	</machine>
	<machine name="cb4_linardstcrdh">
		<description>Linaro desktop for Cubieboard4 (v1.0, HDMI, MicroSD card)</description>
		<year>20??</year>
		<publisher>cubieboard.org</publisher>
		<disk name="linaro-desktop-cb4-card-hdmi-v1.0" sha1="db646cd4191c3dbbf72764846d6ae5ef32687554" />
	</machine>
	<machine name="cb4_linardstmmeh">
		<description>Linaro desktop for Cubieboard4 (v1.1, HDMI, internal eMMC)</description>
		<year>20??</year>
		<publisher>cubieboard.org</publisher>
		<disk name="linaro-desktop-cb4-emmc-hdmi-v1.1" sha1="249095e6faaee11e330eaf59285c2e68d0b5a30f" />
	</machine>
	<machine name="cb4_linarsvrcrdh">
		<description>Linaro server for Cubieboard4 (v2.0, HDMI, MicroSD card)</description>
		<year>20??</year>
		<publisher>cubieboard.org</publisher>
		<disk name="linaro-server-cb4-card-hdmi-v2.0" sha1="18a3ca934b3536209bdece46fcdfc3de97135c5b" />
	</machine>
	<machine name="cb4_linarsvrcrdv">
		<description>Linaro server for Cubieboard4 (v2.0, VGA, MicroSD card)</description>
		<year>20??</year>
		<publisher>cubieboard.org</publisher>
		<disk name="linaro-server-cb4-card-vga-v2.0" sha1="df8fd2c8178420a77e14b0be5197eeafe7bf96de" />
	</machine>
</datafile>