<?xml version="1.0" encoding="utf-8"?>
<!DOCTYPE datafile PUBLIC "-//Logiqx//DTD ROM Management Datafile//EN" "http://www.logiqx.com/Dats/datafile.dtd">
<datafile>
	<header>
		<name>jazz</name>
		<description>Jazz software</description>
		<version>0.274</version>
		<author>Pleasuredome</author>
	</header>
	<machine name="winnt4sp1">
		<description>Windows NT Workstation Version 4.0 Service Pack 1</description>
		<year>1996</year>
		<publisher>Microsoft</publisher>
		<disk name="jazz_winnt4sp1" sha1="a988e57e021174f859e972c50786656e408fb18a" />
	</machine>
	<machine name="winnt35">
		<description>Windows NT Workstation Version 3.5</description>
		<year>1994</year>
		<publisher>Microsoft</publisher>
		<disk name="jazz_winnt35" sha1="d0377ef1a150abc164a9cdac3eaccb204c5af040" />
	</machine>
	<machine name="winnt351">
		<description>Windows NT Workstation Version 3.51</description>
		<year>1995</year>
		<publisher>Microsoft</publisher>
		<disk name="jazz_winnt351" sha1="b60bea66e2187cc2406778a26fc9ca4b661ff71f" />
	</machine>
</datafile>