<?xml version="1.0" encoding="utf-8"?>
<!DOCTYPE datafile PUBLIC "-//Logiqx//DTD ROM Management Datafile//EN" "http://www.logiqx.com/Dats/datafile.dtd">
<datafile>
	<header>
		<name>lnux4004</name>
		<description>Linux/4004 SD Card images</description>
		<version>0.274</version>
		<author>Pleasuredome</author>
	</header>
	<machine name="linux">
		<description>Debian GNU/Linux 7 (Linux uMIPS 4.4.292+)</description>
		<year>2024</year>
		<publisher>Dmitry Grinberg</publisher>
		<disk name="linux4004" sha1="6458018636d21845c95e1076b81c615e16a97975" />
	</machine>
</datafile>