<?xml version="1.0" encoding="utf-8"?>
<!DOCTYPE datafile PUBLIC "-//Logiqx//DTD ROM Management Datafile//EN" "http://www.logiqx.com/Dats/datafile.dtd">
<datafile>
	<header>
		<name>megacd</name>
		<description>Sega Mega-CD/Sega CD CD-ROMs</description>
		<version>0.274</version>
		<author>Pleasuredome</author>
	</header>
	<machine name="3ninja">
		<description>3 Ninjas Kick Back (USA)</description>
		<year>1994</year>
		<publisher>Sony Imagesoft</publisher>
		<disk name="3 ninjas kick back (usa)" sha1="7dfca4e3bfad7b8e6f98b24651970409fd0d7d6f" />
	</machine>
	<machine name="3rdww">
		<description>The Third World War (USA)</description>
		<year>1994</year>
		<publisher>Extreme Entertainment Group</publisher>
		<disk name="iiird world war, the (1993)(micronet)(ntsc)(jp)" sha1="b1d25f9d8bdddfe06f9b2aab5b7050726c0e4f37" />
		<disk name="the third world war (usa)" sha1="cd1644735ac3b600167f0680f2210811b90b9bd4" />
	</machine>
	<machine name="3x3eyes">
		<description>Seima Densetsu 3x3 Eyes (Japan)</description>
		<year>1993</year>
		<publisher>Sega</publisher>
		<disk name="seima densetsu 3x3 eyes (japan)" sha1="8a850d7cf8db54c48adb8ae8f485143cd27df8c6" />
	</machine>
	<machine name="aburner3">
		<description>After Burner III (Europe)</description>
		<year>1993</year>
		<publisher>Sega</publisher>
		<disk name="after burner iii (1993)(sega)(pal)" sha1="5fa571f5da4fd2924b14c4acdf4e07eef1858cab" />
		<disk name="after burner iii (japan)" sha1="679964728d2ccc9ddbb298b96d9cd9ebb09bb9db" />
		<disk name="after burner iii (usa)" sha1="5387cce37990836db962ce82ec217edbe2c1fd0d" />
	</machine>
	<machine name="advbatr">
		<description>The Adventures of Batman and Robin (Europe)</description>
		<year>1995</year>
		<publisher>Sega</publisher>
		<disk name="adventures of batman and robin, the (1995)(sega)(pal)" sha1="1a0d7f788806923d52516f25fc690084c85cde4a" />
		<disk name="the adventures of batman and robin (usa)" sha1="80e65ec95ea9440e59d64ea067b48921686006e8" />
	</machine>
	<machine name="afterarm">
		<description>After Armageddon Gaiden - Majuu Toushouden Eclipse (Japan)</description>
		<year>1994</year>
		<publisher>Sega</publisher>
		<disk name="after armageddon gaiden - majuu toushouden eclipse (1994)(sega)(ntsc)(jp)" sha1="1e86a6fbb394519c6248eaeff2421af8b50b61e2" />
	</machine>
	<machine name="ah3ts">
		<description>AH3 - ThunderStrike (USA)</description>
		<year>1993</year>
		<publisher>JVC</publisher>
		<disk name="ah3 - thunderstrike (usa)" sha1="46d352674119dabf0728a07dc7354b54fe5a027b" />
	</machine>
	<machine name="aislelrd">
		<description>Aisle Lord (Japan)</description>
		<year>1992</year>
		<publisher>Wolf Team</publisher>
		<disk name="aisle lord (1992)(wolf team)(ntsc)(jp)" sha1="f887450ea288247c4e38ff5b5dbded05f446a857" />
	</machine>
	<machine name="alshark">
		<description>Alshark (Japan)</description>
		<year>1993</year>
		<publisher>Polydor K.K.</publisher>
		<disk name="alshark (1993)(polydor k.k.)(ntsc)(jp)" sha1="5bc6cb84f7d664f2d3b10894bbce88bfb71a2e7c" />
	</machine>
	<machine name="anettfut">
		<description>Anett Futatabi (Japan)</description>
		<year>1993</year>
		<publisher>Wolf Team</publisher>
		<disk name="anett futatabi (1993)(wolf team)(ntsc)(jp)(en)" sha1="3b86f9d737a36266a72b46f148dbdb369356ff9b" />
	</machine>
	<machine name="animals">
		<description>The San Diego Zoo Presents The Animals! - A Multimedia Experience (Europe)</description>
		<year>1994</year>
		<publisher>Mindscape</publisher>
		<disk name="san diego zoo presents the animals, the - a multimedia experience (1994)(mindscape)(pal)" sha1="dfa9b5dacfdebfb6d09b4093fc17492a07452f30" />
		<disk name="the san diego zoo presents... the animals (usa)" sha1="88f7be68f35e5dd7776b3ff580ae40ce7087151b" />
	</machine>
	<machine name="arank">
		<description>A-Rank Thunder Tanjouhen (Japan)</description>
		<year>1993</year>
		<publisher>Nihon Telenet</publisher>
		<disk name="a-rank thunder tanjouhen (1993)(riot)(ntsc)(jp)" sha1="e143c4044521b8ade18161f8f2767145967e4041" />
	</machine>
	<machine name="arcus123">
		<description>Arcus I-II-III (Japan)</description>
		<year>1993</year>
		<publisher>Wolf Team</publisher>
		<disk name="arcus i-ii-iii (1993)(wolf team)(ntsc)(jp)" sha1="a0190fafe2618845356336998bdb849ea63624f2" />
	</machine>
	<machine name="arslan">
		<description>Arslan Senki - The Heroic Legend of Arslan (Japan)</description>
		<year>1993</year>
		<publisher>Sega</publisher>
		<disk name="arislan senki - the heroic legend of arslan (1993)(sega)(ntsc)(jp)" sha1="e424b94599fd05d786c0b66e9c33809bb7df31d2" />
	</machine>
	<machine name="ax101">
		<description>A/X-101 (USA)</description>
		<year>1994</year>
		<publisher>Absolute Entertainment</publisher>
		<disk name="ax-101 (japan)" sha1="0307a310f28bdca4407eea6424ab59750581be57" />
		<disk name="ax-101 (usa)" sha1="4a0200c4b1d6b7f486d1946b6ce886d35872aae7" />
	</machine>
	<machine name="bakuden">
		<description>Baku-den - The Unbalanced Zone (Japan)</description>
		<year>1994</year>
		<publisher>Sony Music Entertainment</publisher>
		<disk name="baku-den - the unbalanced zone (1994)(sony)(ntsc)(jp)" sha1="abf00751f618aa8373757194fa2b8d9f8452f1dd" />
	</machine>
	<machine name="bariarm">
		<description>Bari-Arm (USA)</description>
		<year>1994</year>
		<publisher>Sega</publisher>
		<disk name="bari-arm (japan)" sha1="a14d376efd556bf05f37e696c01664b7dfa13dbe" />
		<disk name="bari-arm (usa)" sha1="99419bf60689cf563a26236f7db116b72ad6ab8b" />
	</machine>
	<machine name="batlfant">
		<description>Battle Fantasy (Japan)</description>
		<year>1994</year>
		<publisher>Micronet</publisher>
		<disk name="battle fantasy (1994)(micronet)(ntsc)(jp)" sha1="763d75175e1a1fac6368c42b95c6260fbf14e865" />
	</machine>
	<machine name="batmanrn">
		<description>Batman Returns (Europe)</description>
		<year>1993</year>
		<publisher>Sega</publisher>
		<disk name="batman returns (europe)" sha1="55b308f7659ab8bb4a25f450c93032c6f20d74e7" />
		<disk name="batman returns (europe) (alt)" sha1="f555bac913565f8f2408df6e8016dad1641a88cf" />
		<disk name="batman returns (usa)" sha1="fcef5b725f01b928a29a60a5e3d4c493908b209f" />
	</machine>
	<machine name="bcracers">
		<description>BC Racers (Europe)</description>
		<year>1994</year>
		<publisher>Core Design</publisher>
		<disk name="bc racers (demo) (1994)(core)(pal)[mega power - issue 18]" sha1="549b8f6dd58c585ec015f4a85611c89d88312fb0" />
		<disk name="bc racers (demo) (1994)(core)(pal)[sega pro cd - issue 41]" sha1="5c86a8672b3a8cad1cb0ce6faa02574302b92279" />
		<disk name="bc racers (europe) (en,fr,de)" sha1="70846d7b219407714d2760345ecc9f819c4afbe3" />
		<disk name="bc racers (usa)" sha1="b60b60c6fccc892bf9bf4ebc876b78da10182350" />
	</machine>
	<machine name="beast2">
		<description>Shadow of the Beast II (Europe)</description>
		<year>19??</year>
		<publisher>Sega</publisher>
		<disk name="shadow of the beast ii (europe)" sha1="afdb5c237bbee870756142487c3bdc958256f7d4" />
		<disk name="shadow of the beast ii (usa)" sha1="7c341dbce23c5b166d4d949e977dae44a553f8a4" />
		<disk name="shadow of the beast ii - juushin no jubaku (japan)" sha1="87dffb24d18d1e0f61907fd8b25f85c25f1968d8" />
	</machine>
	<machine name="billwlsh">
		<description>Bill Walsh College Football (Europe)</description>
		<year>1993</year>
		<publisher>Electronic Arts</publisher>
		<disk name="bill walsh college football (1993)(ea sports)(pal)" sha1="6f88485287bb9b42ac935afc38d0b0c1472b1500" />
		<disk name="bill walsh college football (usa)" sha1="07cc70df34df37f25d24ea387205640dae48e31c" />
	</machine>
	<machine name="blackh">
		<description>Blackhole Assault (Europe)</description>
		<year>1993</year>
		<publisher>Sega</publisher>
		<disk name="black hole assault (usa)" sha1="e7533c9de5cea95b3d3ddbcc19d0002aa4fabb2b" />
		<disk name="blackhole assault (europe)" sha1="398803262717642a8aab1676933d5e41f3136fee" />
		<disk name="blackhole assault (usa, alt)" sha1="7b3e4027715b8752579ad862ac19daae50eb34ea" />
		<disk name="blackhole assault (usa, prototype 19920210)" sha1="57b0d81a327f6f3aadae1ca477566a602781ff23" status="baddump" />
	</machine>
	<machine name="blckhole">
		<description>Black Hole Assault (Japan)</description>
		<year>1992</year>
		<publisher>Micronet</publisher>
		<disk name="black hole assault (1992)(micronet)(ntsc)(jp)" sha1="230a773feb5520186f8dbe1985b9a1e3e679fdb6" />
	</machine>
	<machine name="bloodsht">
		<description>Bloodshot (Europe)</description>
		<year>1994</year>
		<publisher>Domark</publisher>
		<disk name="battle frenzy (usa, prototype)" sha1="5c60726206f1eb789358500c634924c9e7d8e798" />
		<disk name="bloodshot (1995)(acclaim)(pal)(m4)[aka battle frenzy]" sha1="cdebd573c3bd6c4cfc1f0b007cd7d449e203b915" />
	</machine>
	<machine name="bouncers">
		<description>Bouncers (USA)</description>
		<year>1994</year>
		<publisher>Sega</publisher>
		<disk name="bouncers (usa)" sha1="ec21e095b7670989495095f6a6cb9a94ba24a405" />
	</machine>
	<machine name="brutal">
		<description>Brutal - Paws of Fury (Europe)</description>
		<year>1994</year>
		<publisher>GameTek</publisher>
		<disk name="brutal - paws of fury (1994)(gametek)(pal)(m3)" sha1="5106898fb8513617eb64e6da5a1f9ba6ad036ce3" />
		<disk name="brutal - paws of fury (usa)" sha1="4e3f09cb9f1ce381adcf0b832a4d9683e75dd8b5" />
	</machine>
	<machine name="btlcorps">
		<description>Battlecorps (Europe)</description>
		<year>1994</year>
		<publisher>Core Design</publisher>
		<disk name="battlecorps (demo) (1994)(core)(pal)[mega power - issue 11, sega pro cd - issue 50]" sha1="215c9386ed3d5813b1d03fcc8f64305b9a69f9e4" />
		<disk name="battlecorps (europe) (en,fr,de,es)" sha1="1e648d7aec08b46b362cdd9f34a0fff4c7061e94" />
		<disk name="battlecorps (usa)" sha1="6ea60ddc9064f7aa770ea87f2fb2ff438793c037" />
		<disk name="battlecorps - 3d mechanical battle simulator (1994)(victor)(ntsc)(jp)" sha1="f901e3fcfa56c4c22b7384bfe471954c7eb6e661" />
		<disk name="battlecorps and soulstar (demo) (1994)(core)(pal)[mega power - issue 14]" sha1="bb6ff8c357af08f9da3ff99fafa000f77310200e" />
	</machine>
	<machine name="bugblastse">
		<description>The Exterminators - Special Edition (USA, prototype)</description>
		<year>2003</year>
		<publisher>Good Deal Games</publisher>
		<disk name="the exterminators (usa, prototype)" sha1="9c1e73e31c90d2cfdff50dce0e2c95c562934d96" />
		<disk name="the exterminators - special edition (usa, prototype)" sha1="cb14ae1bf6825ac804a5508142759ff64d1d5b70" />
	</machine>
	<machine name="burai">
		<description>Burai - Yatsudama no Yuushi Densetsu (Japan)</description>
		<year>1992</year>
		<publisher>Sega</publisher>
		<disk name="burai - hachigyoku no yuushi densetsu (japan)" sha1="fb036bacef4520c93cd3b9d3d2aaa64975e4a113" />
	</machine>
	<machine name="ccmusic">
		<description>Power Factory featuring C+C Music Factory (Europe)</description>
		<year>1993</year>
		<publisher>Sony Imagesoft</publisher>
		<disk name="c+c music factory (usa)" sha1="2fbb157ab695769d9dc11a9f56605934ad684a4c" />
		<disk name="power factory featuring c+c music factory (1993)(sony imagesoft)(pal)" sha1="633b3cf0e374f873060138f95919b238be87b6cf" />
	</machine>
	<machine name="cfstory">
		<description>Cosmic Fantasy Stories (Japan)</description>
		<year>1992</year>
		<publisher>Nihon Telenet</publisher>
		<disk name="cosmic fantasy stories (japan)" sha1="62bed0d8e461b8b118ce9d7dfc49d7944edf1c23" />
	</machine>
	<machine name="champs94">
		<description>Championship Soccer '94 (USA)</description>
		<year>1994</year>
		<publisher>Sony Imagesoft</publisher>
		<disk name="championship soccer '94 (usa)" sha1="314522011b559b18082a1c867de1ace574a4a680" />
	</machine>
	<machine name="chuckrck">
		<description>Chuck Rock (Europe)</description>
		<year>1993</year>
		<publisher>Sony Imagesoft</publisher>
		<disk name="chuck rock (1993)(sony imagesoft)(pal)" sha1="8303768b64ea14e99b424fab0b583fdc8dc03e48" />
		<disk name="chuck rock (usa)" sha1="2a0ca620f253992e92af5655c7ed4203a1537b0e" />
	</machine>
	<machine name="chukrck2">
		<description>Chuck Rock II - Son of Chuck (Europe)</description>
		<year>1993</year>
		<publisher>Core Design</publisher>
		<disk name="chuck rock ii - son of chuck (1993)(core)(pal)" sha1="56cb62d98ca55005f20e8ec6d4aef6ff2431ca6c" />
		<disk name="chuck rock ii - son of chuck (usa)" sha1="d47e53ee53653ee9b5623f276060e7a5f4f28c9e" />
	</machine>
	<machine name="citizenx">
		<description>Citizen X (USA, prototype)</description>
		<year>2002</year>
		<publisher>Good Deal Games</publisher>
		<disk name="citizen x" sha1="8264c6175e61475cdd8bab342251c36162d37c0a" />
	</machine>
	<machine name="cliffh">
		<description>Cliffhanger (USA)</description>
		<year>1993</year>
		<publisher>Sony Imagesoft</publisher>
		<disk name="cliffhanger (usa)" sha1="71753bdebddc8de1f9920f19e06a7858a470f286" />
	</machine>
	<machine name="cobra">
		<description>The Space Adventure - Cobra: The Legendary Bandit (Europe)</description>
		<year>1995</year>
		<publisher>Hudson Soft</publisher>
		<disk name="space adventure, the - cobra - the legendary bandit (europe)" sha1="c71b0e00967f6f8cbaf04320597ee352eea9d801" />
		<disk name="the space adventure - cobra the legendary bandit (usa)" sha1="51a755087713cc945adf5d5e85da713343ea3a0e" />
	</machine>
	<machine name="cobracom">
		<description>Cobra Command (Europe)</description>
		<year>1993</year>
		<publisher>Sega</publisher>
		<disk name="cobra command (1993)(sega)(pal)[mk-4402p-00032-r1m]" sha1="4f439e01d4d9827cabb1f730271e60293476fd5a" />
		<disk name="cobra command (1993)(sega)(pal)[mk-4402p-00032 2]" sha1="a24ad79b1d0b7acfabe7bbc43fd8e39aaebec7d2" />
		<disk name="cobra command (europe)" sha1="ada1606091cdd644bbc05cf2bf00bc22fcd7535f" />
		<disk name="cobra command (usa)" sha1="2d7c32591cec389f6d5feb5f0301495ff8021307" />
	</machine>
	<machine name="colormec">
		<description>Note! Color Mechanica (USA)</description>
		<year>2014</year>
		<publisher>Good Deal Games</publisher>
		<disk name="note color mechanica (usa)" sha1="117afb5a656039570a203620c7ba4384d19617bf" />
		<disk name="note color mechanica (usa) (alt)" sha1="6de2359fc0ad8dc7d8206515a0fdcd67bd9e43ab" />
	</machine>
	<machine name="comptons">
		<description>Compton's Interactive Encyclopedia v2.10 (USA)</description>
		<year>1994</year>
		<publisher>Compton's NewMedia</publisher>
		<disk name="compton's interactive encyclopedia v2.00s (usa)" sha1="2d9abe1a456af0a230670e870353d41f330f8d90" />
		<disk name="compton's interactive encyclopedia v2.01r (usa)" sha1="2df62d0e0a8f37e7b52c549ce7605d8c55fadf00" />
		<disk name="compton's interactive encyclopedia v2.01s (usa)" sha1="79ca6bb38c296ac3cc6352823be337371ad7a396" />
		<disk name="compton's interactive encyclopedia v2.10 (usa)" sha1="07568afaf31544942d9304fe1d0e6b70684de0d1" />
	</machine>
	<machine name="corpse">
		<description>Corpse Killer (Europe)</description>
		<year>1994</year>
		<publisher>Digital Pictures</publisher>
		<disk name="corpse killer (europe)" sha1="dabe064bf2cc0a43dd162d3cf2da09af53f2515f" />
		<disk name="corpse killer (usa)" sha1="fc73eb3211b4ba941423f5b2adb95e3f7f9a948d" />
		<disk name="corpse killer (usa, 32x)" sha1="68a6c75bc730025e90fa413c107090e7f4e377e0" />
	</machine>
	<machine name="cpatrol">
		<description>Crime Patrol (USA)</description>
		<year>1994</year>
		<publisher>American Laser Games</publisher>
		<disk name="crime patrol (usa)" sha1="544f2ac30e49c141d5a185a30c80b2ee51f12fd1" />
	</machine>
	<machine name="ctsuba">
		<description>Captain Tsubasa (Japan)</description>
		<year>1994</year>
		<publisher>Tecmo</publisher>
		<disk name="captain tsubasa (1994)(tecmo)(ntsc)(jp)" sha1="60bf853778b6beedf2b715978b35b1aeed6181c0" />
	</machine>
	<machine name="cyborg9">
		<description>Cyborg 009 (Japan)</description>
		<year>1993</year>
		<publisher>Nihon Telenet</publisher>
		<disk name="cyborg 009 (japan)" sha1="19cdb90db8c92f6baafc188b83e8ea7a67adb6f1" />
	</machine>
	<machine name="daihoush">
		<description>Daihoushinden (Japan)</description>
		<year>1995</year>
		<publisher>Victor Entertainment</publisher>
		<disk name="daihoushinden (1995)(victor)(ntsc)(jp)" sha1="a46faeab35697cf9e1aaed18e84b678d8cb3374c" />
	</machine>
	<machine name="darkwiz">
		<description>Dark Wizard (USA)</description>
		<year>1994</year>
		<publisher>Sega</publisher>
		<disk name="dark wizard (usa)" sha1="cf784af53b6dedc2777b91f5ac5f169f2f7b9c30" />
		<disk name="dark wizard - yomigaeri shiyami no madoushi (1993)(sega)(ntsc)(jp)" sha1="e0260d65c223d9edc22992c09833143b8d67a9a0" />
	</machine>
	<machine name="dblswtch">
		<description>Double Switch (Europe)</description>
		<year>1994</year>
		<publisher>Sega</publisher>
		<disk name="double switch (1994)(sega)(pal)" sha1="49f4901db49b1a082429dcbbec549008de0e08bd" />
		<disk name="double switch (1995)(sega)(ntsc)(jp)" sha1="b09e3b24662b3d9a683fb9996cc83a2ea3a455a2" />
		<disk name="double switch (usa)" sha1="2b727773fda836ddfb972dc98820bee7135da709" />
	</machine>
	<machine name="deathbrn">
		<description>Death Bringer - Himerata Monshou - The Knight of Darkness (Japan)</description>
		<year>1992</year>
		<publisher>Nihon Telenet</publisher>
		<disk name="death bringer - himerata monshou - the knight of darkness (1992)(riot)(ntsc)(jp)" sha1="a308691aa84df7033b5836ed569391c454198145" />
	</machine>
	<machine name="demoman">
		<description>Demolition Man (USA)</description>
		<year>1994</year>
		<publisher>Acclaim Entertainment</publisher>
		<disk name="demolition man (usa)" sha1="5d7a96692fe79c8a1f6105c208bd60ced82d6014" />
	</machine>
	<machine name="dennin">
		<description>Dennin Aleste - Nobunaga and His Ninja Force (Japan)</description>
		<year>1992</year>
		<publisher>Compile</publisher>
		<disk name="dennin aleste - nobunaga and his ninja force (japan)" sha1="3c8289dc95e288e1d2e720828cef2177543100f2" />
	</machine>
	<machine name="detonatr">
		<description>Detonator Orgun (Japan)</description>
		<year>1992</year>
		<publisher>Hot-B</publisher>
		<disk name="detonator orgun (japan)" sha1="80a99c378610c903453fbb8efac9325f04db7700" />
	</machine>
	<machine name="devastat">
		<description>Devastator (Japan)</description>
		<year>1993</year>
		<publisher>Wolf Team</publisher>
		<disk name="devastator (japan)" sha1="3859b4eed02a3b9ccbddfe750285f755d85316cb" />
	</machine>
	<machine name="dino2">
		<description>Cadillacs and Dinosaurs - The Second Cataclysm (USA)</description>
		<year>1994</year>
		<publisher>Rocket Science Games</publisher>
		<disk name="cadillacs and dinosaurs - the second cataclysm (bra)" sha1="04d8959520952c15c670e8b507d55c4eb0903d62" />
		<disk name="cadillacs and dinosaurs - the second cataclysm (usa)" sha1="e39951f55e2b2792bcfcdb97c0b7d65522f829ef" />
	</machine>
	<machine name="dlair">
		<description>Dragon's Lair (Europe)</description>
		<year>1994</year>
		<publisher>Sega</publisher>
		<disk name="dragon's lair (1994)(sega)(pal)(m4)" sha1="ff48182d2d39db89ba2e26342eded6f7818acc56" />
		<disk name="dragon's lair (japan) (en,ja,fr,de,it)" sha1="2277ebfb61ac13ba4c63b7a24c7e9d546c1923be" />
		<disk name="dragon's lair (usa)" sha1="724bc872d111ed67df10e95b134f8bf7fe2fcfe3" />
		<disk name="dragon's lair (usa, demo)" sha1="d96e5388a727dcb7fa948b38d275e1a42c752a36" />
	</machine>
	<machine name="dmaster2">
		<description>Dungeon Master II - Skullkeep v1.0 (Europe)</description>
		<year>1994</year>
		<publisher>JVC</publisher>
		<disk name="dungeon master ii - skullkeep (usa)" sha1="7564538fa48345f408aa3e1ab7b1da1f34b54d2a" />
		<disk name="dungeon master ii - skullkeep v1.0 (1994)(jvc)(pal)" sha1="47f1c0f797128c95b13fd3bb98d455f16b97f721" />
		<disk name="dungeon master ii - skullkeep v1.0 (1994)(victor)(ntsc)(jp)" sha1="baa47cdb0ae5a1c3499e64a7131f12235a2ec6d8" />
	</machine>
	<machine name="dracula">
		<description>Bram Stoker's Dracula (USA, rev. A)</description>
		<year>1992</year>
		<publisher>Sony Imagesoft</publisher>
		<disk name="bram stoker's dracula (usa)" sha1="35a46f2a7c32d18ec22e3e8a7c03518f915fb4b2" />
		<disk name="bram stoker's dracula (usa, alt)" sha1="98ef333e37ed4968c3421966f36ea158a5a3e203" />
		<disk name="bram stoker's dracula (usa, rev. a)" sha1="ff8b30072085ed157c94859371e6a8f087ebd132" />
	</machine>
	<machine name="dracunl">
		<description>Dracula Unleashed (Europe)</description>
		<year>1994</year>
		<publisher>Sega</publisher>
		<disk name="dracula unleashed (europe) (disc 1)" sha1="6080b9f81aefa5dfe7d1cdd6e2b467ca67d254a3" />
		<disk name="dracula unleashed (europe) (disc 2)" sha1="a52630cea25c0660f695d1f30566adeede946226" />
		<disk name="dracula unleashed (usa) (disc 1)" sha1="307c0779dace5d95f3e7a0ccee18c00356ca2362" />
		<disk name="dracula unleashed (usa) (disc 2)" sha1="e3adeebe60f32a3487e7d5afc86675b73057fba6" />
	</machine>
	<machine name="dune">
		<description>Dune (Europe)</description>
		<year>1993</year>
		<publisher>Virgin Interactive</publisher>
		<disk name="dune (europe) (en,fr,de,es,it,ar)" sha1="50a9cec0b1bcd0b240837032b3f2d0547dd5b4b2" />
		<disk name="dune (usa)" sha1="c96ba231930d4749abe864868ac9253d31527a34" />
	</machine>
	<machine name="dungexpl">
		<description>Dungeon Explorer (Europe)</description>
		<year>1995</year>
		<publisher>Hudson Soft</publisher>
		<disk name="dungeon explorer (1994)(hudson)(pal)" sha1="c2ea7b6f65ac2e8e9febcdb99894442a21baf9cd" />
		<disk name="dungeon explorer (usa)" sha1="432897f1f19e8a053c8f7d783e2331e7fd0f0b1f" />
	</machine>
	<machine name="dynamicc">
		<description>Dynamic Country Club (Japan)</description>
		<year>1993</year>
		<publisher>Sega</publisher>
		<disk name="dynamic country club (japan)" sha1="04e213ea91c03b9aa8a354a2b5f9d42003ca5dbf" />
	</machine>
	<machine name="earnest">
		<description>Earnest Evans (Japan)</description>
		<year>1991</year>
		<publisher>Wolf Team</publisher>
		<disk name="earnest evans (japan)" sha1="9f0e70f629e32134a529b2784786cdac07e55780" />
	</machine>
	<machine name="ecco2">
		<description>Ecco - The Tides of Time (Europe)</description>
		<year>1994</year>
		<publisher>Sega</publisher>
		<disk name="ecco - the tides of time (europe) (en,fr,de,es)" sha1="6eb9d229b1425bed9e7657d11649f32523012346" />
		<disk name="ecco - the tides of time (usa)" sha1="20cb72bf75a848568dd034188bebe316138b6186" />
		<disk name="ecco - the tides of time (usa, alt)" sha1="9fb665727fdc629df195ef315eef17eae9661f4d" />
		<disk name="ecco the dolphin cd (1995)(sega)(ntsc)(jp)(disc 2 of 2)[ecco the dolphin ii]" sha1="06100e6a07e30a7d075b99ffb4455f4ee069fc83" />
	</machine>
	<machine name="ecco">
		<description>Ecco the Dolphin (Europe)</description>
		<year>1993</year>
		<publisher>Sega</publisher>
		<disk name="ecco the dolphin (1993)(sega)(pal)[i-2647 a]" sha1="963e35f70becc35a8d5bf0edf3424a2552e9efd1" />
		<disk name="ecco the dolphin (1993)(sega)(pal)[mk-4408p-00135 1]" sha1="21819efcb7698eb4614ec78ac71cebcf5b36e865" />
		<disk name="ecco the dolphin (europe)" sha1="30aec664151e134514fc71de0686c68f88094274" />
		<disk name="ecco the dolphin (usa)" sha1="7fb88d4f0fe34ee40991d724b9e90f7586081fd2" />
		<disk name="ecco the dolphin cd (1995)(sega)(ntsc)(jp)(disc 1 of 2)[ecco the dolphin]" sha1="efc86eeefd7c25dbd9f9301850db79212e53252e" />
	</machine>
	<machine name="ejimse">
		<description>Earthworm Jim - Special Edition (Europe)</description>
		<year>1994</year>
		<publisher>Interplay</publisher>
		<disk name="earthworm jim - special edition (europe)" sha1="8b6e9751f9ea0308ce9b1f31bde1139fac9c5943" />
		<disk name="earthworm jim - special edition (usa)" sha1="0f7052a3c22367e7c5e0f857254849ffee9c941b" />
	</machine>
	<machine name="espnbb">
		<description>ESPN Baseball Tonight (Europe)</description>
		<year>1994</year>
		<publisher>Sony Imagesoft</publisher>
		<disk name="espn baseball tonight (europe)" sha1="7cc9125369e1743239573a1b297e00106dade115" />
		<disk name="espn baseball tonight (usa)" sha1="3965f3f96579abe6d754360fb123f5cfb2e8cce1" />
	</machine>
	<machine name="espnhn">
		<description>ESPN National Hockey Night (USA)</description>
		<year>1994</year>
		<publisher>Sony Imagesoft</publisher>
		<disk name="espn national hockey night (usa)" sha1="fcf0a2f3dbcf292047dd03b2c5d6b49c41af9585" />
	</machine>
	<machine name="espnnba">
		<description>ESPN NBA Hangtime '95 (USA)</description>
		<year>1994</year>
		<publisher>Sony Imagesoft</publisher>
		<disk name="espn nba hangtime '95 (usa)" sha1="86f1f4ee8da0f04109cf20b6b8ad455900562abe" />
	</machine>
	<machine name="espnnfl">
		<description>ESPN Sunday Night NFL (USA)</description>
		<year>1994</year>
		<publisher>Sony Imagesoft</publisher>
		<disk name="espn sunday night nfl (usa)" sha1="11504fbfcecc6ffdaa69960ba9e57d6cd343bd78" />
	</machine>
	<machine name="eternalc">
		<description>Eternal Champions - Challenge From the Dark Side (Europe)</description>
		<year>1995</year>
		<publisher>Sega</publisher>
		<disk name="eternal champions - challenge from the dark side (1995)(sega)(pal)" sha1="aa82f7dba68dccf54df449f4854708bb992c3d3b" />
		<disk name="eternal champions - challenge from the dark side (usa, alt)" sha1="6608bca9094b0412578a37b8250c9548f68bbbb1" />
	</machine>
	<machine name="eternalcu">
		<description>Eternal Champions - Challenge from the Dark Side (USA)</description>
		<year>1995</year>
		<publisher>Sega</publisher>
		<disk name="eternal champions - challenge from the dark side (usa)" sha1="cfdfda50429d14db0510fdfd8b2642c06d370b05" />
	</machine>
	<machine name="eyebehol">
		<description>Advanced Dungeons &amp; Dragons - Eye of the Beholder (Europe)</description>
		<year>1994</year>
		<publisher>Sega</publisher>
		<disk name="eye of the beholder (1994)(pony canyon)(ntsc)(jp)" sha1="2d8919d9972d953cebe3016221b869566e6ef910" />
		<disk name="eye of the beholder (1994)(sega)(pal)" sha1="f7402a865ec80e91c8d93b1ec1f12a09c7ef75c2" />
		<disk name="eye of the beholder (usa)" sha1="8901e20ec6cb1cc8b8771b7bdac01d3220a067f5" />
	</machine>
	<machine name="f1btl">
		<description>Formula One World Championship - Beyond the Limit (Europe)</description>
		<year>1994</year>
		<publisher>Sega</publisher>
		<disk name="formula one world championship - beyond the limit (1994)(sega sports)(pal)" sha1="d38bda3528feadf34eb8137f5376041be2fbb4c3" />
		<disk name="formula one world championship - beyond the limit (usa)" sha1="da0c0fd84af458744d6b045c3fb44b5ac5f89152" />
	</machine>
	<machine name="f1circus">
		<description>F1 Circus CD (Japan)</description>
		<year>1994</year>
		<publisher>Nichibutsu</publisher>
		<disk name="f1 circus cd (japan)" sha1="e13e963d3386cd38143334011b6a4c239a871bfa" />
	</machine>
	<machine name="fahrenhe">
		<description>Fahrenheit (Europe)</description>
		<year>1995</year>
		<publisher>Sega</publisher>
		<disk name="fahrenheit (1995)(sega)(ntsc)(jp)" sha1="daf0c50a88b4f0a270215eb8ac8605aa2879fc8b" />
		<disk name="fahrenheit (1995)(sega)(pal)(fr)" sha1="81434d46c3343a9d74b45945f1f6e5ba2808d5b1" />
		<disk name="fahrenheit (europe)" sha1="8b4b33f46aa6d6a7656763fca7414cccc140918f" />
		<disk name="fahrenheit (usa) (32x cd)" sha1="f94ea9821ca030c3cc61eccc29eb9c692198415e" />
		<disk name="fahrenheit (usa) (sega cd)" sha1="c53080012578fe291323197e6319842beb84ee9b" />
	</machine>
	<machine name="fatfursp">
		<description>Fatal Fury Special (Europe)</description>
		<year>1995</year>
		<publisher>JVC</publisher>
		<disk name="fatal fury special (1995)(jvc)(pal)" sha1="3af12d311585958f319a761ee85dc9e44de14516" />
		<disk name="fatal fury special (demo) (1995)(jvc)(pal)[sega pro cd - issue 46]" sha1="9f4b37da5458411e9cd45a291c689d623aaaa0a9" />
		<disk name="fatal fury special (usa)" sha1="07010baf387179950d62efe19745718fd5bc0744" />
		<disk name="fatal fury special (usa, prototype)" sha1="f9f8fc41787372a336ccce379c64bf675f7bd82b" status="baddump" />
	</machine>
	<machine name="ffightcd">
		<description>Final Fight CD (Europe)</description>
		<year>1993</year>
		<publisher>Sega</publisher>
		<disk name="final fight cd (europe)" sha1="bc70692b148144ae27b2e89072d2f8b77f48ce8c" />
		<disk name="final fight cd (japan)" sha1="a67ff6f71659ad6159ab220fa977ea9316ac9f3a" />
		<disk name="final fight cd (usa)" sha1="bd0ae447a302d2e220f13c84a7a56a45007c7e83" />
	</machine>
	<machine name="fheyarea">
		<description>Seirei Shinseiki - Fhey Area (Japan)</description>
		<year>1992</year>
		<publisher>Wolf Team</publisher>
		<disk name="seirei shinseiki - fhey area (1992)(wolf team)(ntsc)(jp)[t-32034p-00009-r1k]" sha1="ade3853c78d5b6a0fb12b07377f470875b253609" />
		<disk name="seirei shinseiki - fhey area (1992)(wolf team)(ntsc)(jp)[t-32034p-00009-r2k]" sha1="5d0fe93b926309238040c94f55c010fb3673851a" />
		<disk name="seirei shinseiki - fhey area (japan)" sha1="0eb59654214bf37e8493ec48f6d4f6cd5077fbb2" />
	</machine>
	<machine name="fifa">
		<description>FIFA International Soccer - Championship Edition (Europe)</description>
		<year>1994</year>
		<publisher>Electronic Arts</publisher>
		<disk name="fifa international soccer (usa)" sha1="3e32c3d5e99f5df103277aed209a59f888c06bec" />
		<disk name="fifa international soccer - ce (demo) (1994)(ea sports)(pal)(m4)[mega power - issue 13]" sha1="2519ddf7884e1089f2c420d1fa09d191e560185e" />
		<disk name="fifa international soccer - ce (demo) (1994)(ea sports)(pal)(m4)[sega pro cd - issue 43]" sha1="ed61ceb382c71acfd078d715bceeb1e6e9c48b4a" />
		<disk name="fifa international soccer - championship edition (1994)(ea sports)(pal)(m4)" sha1="d8418273a99fe31ae2b98de33284574713653283" />
	</machine>
	<machine name="flashb">
		<description>Flashback - The Quest for Identity (USA)</description>
		<year>1994</year>
		<publisher>Sega</publisher>
		<disk name="flashback - the quest for identity (demo) (1994)(u.s. gold)(pal)[sega pro cd - issue 42]" sha1="07ac9c80063e64f662387c32a08839b1699b4bc2" />
		<disk name="flashback - the quest for identity (usa)" sha1="865fb3fb8f5824656f756ab96bd16435857bb098" />
	</machine>
	<machine name="flink">
		<description>Flink (Europe)</description>
		<year>1994</year>
		<publisher>Psygnosis ~ Sony Electronic Publishing</publisher>
		<disk name="flink (1994)(psygnosis - sony electronic publishing)(pal)(m5)" sha1="69b997d3d4c7db25dc7f9f3558432bdfe884a0a1" />
		<disk name="flink (usa)" sha1="3395bc2c0291f5af9f19ce5ab246c8ff15f6ced3" />
	</machine>
	<machine name="franken">
		<description>Mary Shelley's Frankenstein (USA)</description>
		<year>1994</year>
		<publisher>Sony Imagesoft</publisher>
		<disk name="mary shelley's frankenstein (usa)" sha1="4d0d40a70d2a585e371d23d122ec98a6dce7b299" />
	</machine>
	<machine name="frcestrk">
		<description>Force Striker (USA, prototype)</description>
		<year>2006</year>
		<publisher>Good Deal Games</publisher>
		<disk name="force striker (usa, prototype)" sha1="593892565e8ba7df9204128bd7bc36e72f92b803" />
	</machine>
	<machine name="frog">
		<description>Frog Feast (USA)</description>
		<year>2007</year>
		<publisher>RasterSoft</publisher>
		<disk name="frog feast (usa)" sha1="4dcd26df32f6463d5e9417558bbbf22c910ac65a" />
		<disk name="frog feast (usa, demo)" sha1="8411e49c5ef3a39a70d3e1612a04c66e3161eea9" />
	</machine>
	<machine name="funkband">
		<description>Wakusei Woodstock - Funky Horror Band (Japan)</description>
		<year>1991</year>
		<publisher>Sega</publisher>
		<disk name="wakusei woodstock - funky horror band (japan)" sha1="1bc0d49763960db4e7cd53661f07e9a4cd9f2f7b" />
	</machine>
	<machine name="gambler2">
		<description>Gambler Jikochuushinha 2 - Gekitou! Tokyo Mahjongland Hen (Japan)</description>
		<year>1992</year>
		<publisher>Game Arts</publisher>
		<disk name="gambler jiko chuushinha 2 - gekitou tokyo mahjongland hen (japan)" sha1="12cb45fafb9f63b41551150dc313eba51fa639c9" />
	</machine>
	<machine name="gamenk1">
		<description>Game no Kandume Vol.1 (Japan)</description>
		<year>1994</year>
		<publisher>Sega</publisher>
		<disk name="game no kandume vol.1 (japan)" sha1="88a441b47cc53a088de1b95cc624176895882478" />
	</machine>
	<machine name="gamenk2">
		<description>Game no Kandume Vol.2 (Japan)</description>
		<year>1994</year>
		<publisher>Sega</publisher>
		<disk name="game no kandume vol.2 (japan)" sha1="093b5a17ea088fe6714e4a095f5240cb6d918fcd" />
	</machine>
	<machine name="garousp">
		<description>Garou Densetsu Special (Japan)</description>
		<year>1995</year>
		<publisher>Victor Entertainment</publisher>
		<disk name="garou densetsu special (japan)" sha1="f1cf0e587163a0df04e2f8b4c35c2607ec1e1182" />
	</machine>
	<machine name="genchohi">
		<description>Aoki Ookami to Shiroki Mejika - Genchou Hishi (Japan)</description>
		<year>1993</year>
		<publisher>Koei</publisher>
		<disk name="aoki ookami to shiroki mejika - genchou hishi (1993)(koei)(ntsc)(jp)" sha1="465f91122ad1f5d42bb7833a060af74b8dd12f09" />
	</machine>
	<machine name="graydeth">
		<description>Battletech - Gray Death Legion (USA, prototype)</description>
		<year>200?</year>
		<publisher>Good Deal Games</publisher>
		<disk name="battletech - gray death legion (usa, prototype)" sha1="c27d1f4447a3ba431ee283266ba26ecd93e67916" />
	</machine>
	<machine name="gztexas">
		<description>Ground Zero Texas (Europe)</description>
		<year>1993</year>
		<publisher>Sony Imagesoft</publisher>
		<disk name="ground zero texas (europe) (disc 1)" sha1="499cbb316915b5c006277f5591eff36dacbb7f52" />
		<disk name="ground zero texas (europe) (disc 2)" sha1="4eefbaabeb7cc4c1ced4dcbc1722e5c5330a3759" />
		<disk name="ground zero texas (usa) (disc 1)" sha1="226bef5c19446c6be18674941707b3baebc11223" />
		<disk name="ground zero texas (usa) (disc 2)" sha1="13c7cc77f2659155dec4deb4700d8ac8af95fb42" />
		<disk name="ground zero texas (usa, alt) (disc 1)" sha1="cb019a26b3edec7a8f0119d74a0991aa5b258313" />
		<disk name="ground zero texas (usa, alt) (disc 2)" sha1="4b3ebe516e2047d4df38590e0badf372262fa435" />
	</machine>
	<machine name="heavenly">
		<description>Heavenly Symphony (Japan)</description>
		<year>1994</year>
		<publisher>Sega</publisher>
		<disk name="heavenly symphony (japan)" sha1="0b2cbbb78603bd1b9110ffaa6035f89dbb78085a" />
		<disk name="heavenly symphony - formula one world championship 1993 hibaihin (japan)" sha1="42524a8b0f0232df1519551e492a89300f772ff3" />
	</machine>
	<machine name="heavynov">
		<description>Heavy Nova (Japan)</description>
		<year>1991</year>
		<publisher>Micronet</publisher>
		<disk name="heavy nova (japan)" sha1="aa7a040fc2b8c8d8264f82573dc5e16d31e2ed57" />
	</machine>
	<machine name="heimdall">
		<description>Heimdall (USA)</description>
		<year>1994</year>
		<publisher>JVC</publisher>
		<disk name="heimdall (japan)" sha1="88033b6ffa90da2f8f4c0f7df58c6f1697508a56" />
		<disk name="heimdall (usa)" sha1="986813f0d66eff9c163c19ccdbe6e055bf75043d" />
	</machine>
	<machine name="holmes2">
		<description>Sherlock Holmes - Consulting Detective Vol. II v1.0 (Europe)</description>
		<year>1993</year>
		<publisher>Sega</publisher>
		<disk name="sherlock holmes - consulting detective vol ii (usa) (disc 1)" sha1="162af0ed791b8a18040ecb3925984a738dc72d49" />
		<disk name="sherlock holmes - consulting detective vol ii (usa) (disc 2)" sha1="3de4f89de8920185197d8a65f0ea97a83e774a98" />
		<disk name="sherlock holmes - consulting detective vol. ii v1.0 (1993)(sega)(pal)(disc 1 of 2)" sha1="32652ec4dfa7b98473717197a8dac140bbca11f3" />
		<disk name="sherlock holmes - consulting detective vol. ii v1.0 (1993)(sega)(pal)(disc 2 of 2)" sha1="4fdb895abac8a886545e36c9cd6884e15484157a" />
	</machine>
	<machine name="holmes">
		<description>Sherlock Holmes - Consulting Detective Vol. I (Europe)</description>
		<year>1993</year>
		<publisher>Sega</publisher>
		<disk name="sherlock holmes - consulting detective vol. i (europe)" sha1="c8748f146a49aa8c7692d66a85aaed324f88210c" />
		<disk name="sherlock holmes - consulting detective vol. i (usa)" sha1="32d2f47f459927cd162376e46d6a02430572a82a" />
	</machine>
	<machine name="hook">
		<description>Hook (Europe)</description>
		<year>1993</year>
		<publisher>Sony Imagesoft</publisher>
		<disk name="hook (1993)(sony imagesoft)(pal)" sha1="7ec6fb82585e10d508889239194849c9af634836" />
		<disk name="hook (usa)" sha1="310b67fc0163da2dbae236b1276624b2170425b0" />
		<disk name="hook (usa, alt)" sha1="4f01088a4ac4a059dbf8f8e4f2d94acc96757f05" />
	</machine>
	<machine name="hota">
		<description>Heart of the Alien - Out of this World Parts I and II (USA)</description>
		<year>1994</year>
		<publisher>Virgin Interactive</publisher>
		<disk name="heart of the alien - out of this world parts i and ii (usa)" sha1="a2784fa95bb3b29067b5d8148dd95877456577e7" />
	</machine>
	<machine name="hothits">
		<description>Hot Hits - Adventurous New Music Sampler (USA)</description>
		<year>1992</year>
		<publisher>Sega</publisher>
		<disk name="hot hits - adventurous new music sampler (usa)" sha1="0a83a39a37faf3f7338d7926ac3e22471319a433" />
	</machine>
	<machine name="illcity">
		<description>Illusion City - Genei Toshi (Japan)</description>
		<year>1993</year>
		<publisher>Micro Cabin</publisher>
		<disk name="denei toshi - illusion city (1993)(micro cabin)(ntsc)(jp)[t-51014p-00066-r2m]" sha1="8035db298e1d4b5713443a07b1285377c5b59cab" />
	</machine>
	<machine name="inxs">
		<description>INXS (Europe)</description>
		<year>1993</year>
		<publisher>Sega</publisher>
		<disk name="inxs (1993)(sega)(pal)" sha1="03041b120af6e7b3373635dce400af7224b884eb" />
		<disk name="inxs (usa)" sha1="2370215eabf6fa7190c39f74f3365d7af6fe2a48" />
	</machine>
	<machine name="ironhlx">
		<description>Iron Helix (USA)</description>
		<year>1994</year>
		<publisher>Spectrum Holobyte</publisher>
		<disk name="iron helix (usa)" sha1="243a1c1691ab1a587371e34c1692663b28814184" />
	</machine>
	<machine name="ishiihis">
		<description>Ishii Hisaichi no Daisekai (Japan)</description>
		<year>1994</year>
		<publisher>Sega</publisher>
		<disk name="ishii hisaichi no daisekai (1994)(sega)(ntsc)(jp)" sha1="fa3f5f6529510fca2888960eb1d3fbfb160aa82c" />
	</machine>
	<machine name="jagxj220">
		<description>Jaguar XJ220 (Europe)</description>
		<year>1993</year>
		<publisher>Sega</publisher>
		<disk name="jaguar xj220 (europe) (en,ja)" sha1="41435c07da25ab9d0bff3aa67712cf8e5bf91c81" />
		<disk name="jaguar xj220 (japan) (en,ja)" sha1="ff48724c0c0c7cc4fd831cc8954497c8da8448cb" />
		<disk name="jaguar xj220 (usa)" sha1="5f643ee293ecca6013464d0f48f15121edcaf876" />
	</machine>
	<machine name="jangouwc">
		<description>Jangou World Cup (Japan)</description>
		<year>1993</year>
		<publisher>Victor Entertainment</publisher>
		<disk name="jangou world cup (japan)" sha1="5ce7ade2f0d4ca8b2919db189f5f9e8bfb7aebe4" />
	</machine>
	<machine name="jeopardy">
		<description>Jeopardy! (USA)</description>
		<year>1993</year>
		<publisher>Sony Imagesoft</publisher>
		<disk name="jeopardy (usa)" sha1="6f159f64d3ea62bb8eff70e9a2f84d02bfb54688" />
	</machine>
	<machine name="joemont">
		<description>Joe Montana's NFL Football (USA)</description>
		<year>1993</year>
		<publisher>Sega</publisher>
		<disk name="joe montana's nfl football (usa)" sha1="a6c4dccb249c27d38846e204313446e5928c2b4d" />
	</machine>
	<machine name="johnnymn">
		<description>Johnny Mnemonic (USA, prototype)</description>
		<year>1995?</year>
		<publisher>Sega</publisher>
		<disk name="johnny mnemonic (usa, prototype) (disc 1)" sha1="bd222aee2d7ebaf9524db3fc3cbc3d9782504d92" status="baddump" />
		<disk name="johnny mnemonic (usa, prototype) (disc 2)" sha1="e2f626d382b861043fbedddacf948d59cce1f290" status="baddump" />
	</machine>
	<machine name="jpark">
		<description>Jurassic Park (Europe)</description>
		<year>1993</year>
		<publisher>Sega</publisher>
		<disk name="jurassic park (1992)(sega)(ntsc)(jp)" sha1="087cd2ddb228c8f731d3e62cd4929b766f3169a8" />
		<disk name="jurassic park (1994)(sega)(pal)(de)" sha1="0aecc93bea8e7cbd91283458c98fc32b5b157432" />
		<disk name="jurassic park (europe)" sha1="5d6e495dc16938bad7f0b53a77c1b35a8a1dbfd5" />
		<disk name="jurassic park (usa)" sha1="8ab39eda898277571127b9ac03dce64546602caf" />
		<disk name="jurassic park (usa, prototype)" sha1="65e63e6bd734f6eebed6d13ea6bb33627214420d" status="baddump" />
	</machine>
	<machine name="kamenrzo">
		<description>The Masked Rider - Kamen Rider ZO (USA)</description>
		<year>1994</year>
		<publisher>Sega</publisher>
		<disk name="kamen rider zo (japan)" sha1="c5129e3a90f4456bd76fac0f460281da18f8003c" />
		<disk name="the masked rider - kamen rider zo (usa)" sha1="a5906a3c5702f7ab0ba0f37a66d7b0f136488d85" />
	</machine>
	<machine name="karaoke">
		<description>Karaoke - JVC CD+G Karaoke - Top Hit Sampler (USA)</description>
		<year>1993</year>
		<publisher>JVC</publisher>
		<disk name="karaoke - jvc cd+g karaoke - top hit sampler (usa)" sha1="e969df346a8106b837b471cc87670b6aab981ec3" status="baddump" />
	</machine>
	<machine name="keio">
		<description>Keio Flying Squadron (Europe)</description>
		<year>1994</year>
		<publisher>JVC</publisher>
		<disk name="keio flying squadron (1994)(jvc)(pal)" sha1="a78e98c28db0219944b405f1cb2e962918afb185" />
		<disk name="keio flying squadron (demo) (1994)(jvc)(pal)[sega pro cd - issue 03]" sha1="7467445bd9eeaefcada4497e086128434ac3fd3b" />
		<disk name="keio flying squadron (usa)" sha1="4e47afd43c13ae481dd159fd6e0f2fc4d180a211" />
		<disk name="keiou yuugekitai (japan)" sha1="ef5af443f78c67caba7ec02590a3f3f0af93d387" />
		<disk name="keiou yuugekitai taikenban hibaihin (japan)" sha1="51cc65015c31d30d75eddef7aa2c1bfaeb2f48bf" />
	</machine>
	<machine name="kidssite">
		<description>Kids on Site (Europe)</description>
		<year>1994</year>
		<publisher>Digital Pictures</publisher>
		<disk name="kids on site (1994)(digital pictures)(pal)" sha1="20d0a304c5fe444deb68212350b7f1e6cd1b3298" />
		<disk name="kids on site (usa)" sha1="9a97c7c151cbe77121bb626954b50bd2223a9292" />
	</machine>
	<machine name="kriskros">
		<description>Kris Kross (Europe)</description>
		<year>1993</year>
		<publisher>Sony Imagesoft</publisher>
		<disk name="kris kross (1993)(sony imagesoft)(pal)" sha1="1afb701b4ec323b48762209b10d50318de7c0b59" />
		<disk name="kris kross (usa)" sha1="1bfbe435dcb3c4b7e892f6fdcf19d08015a01933" />
	</machine>
	<machine name="lawnmowr">
		<description>The Lawnmower Man (USA)</description>
		<year>1994</year>
		<publisher>Sales Curve Interactive</publisher>
		<disk name="lawnmower man, the (demo) (1994)(time warner interactive)(pal)[mega power - issue 16]" sha1="2ea4ac590d5259fc0811833bb7d0253fed89da46" />
		<disk name="the lawnmower man (usa)" sha1="0fbfa11d36a770450c8f34d74dc2b44196484ad6" />
	</machine>
	<machine name="le2">
		<description>Lethal Enforcers II - Gun Fighters (Europe)</description>
		<year>1994</year>
		<publisher>Konami</publisher>
		<disk name="lethal enforcers ii - gun fighters (demo) (1994)(konami)(pal)[mega power - issue 19]" sha1="9e66699e88d9de75c70c5bde50e8cd97050d03f5" />
		<disk name="lethal enforcers ii - gun fighters (europe)" sha1="e2e9d2555ed76026fecc127337abd073fa3206e0" />
		<disk name="lethal enforcers ii - gun fighters (usa)" sha1="7d63da6fa26441e31bd614474936d8c7adacd239" />
		<disk name="lethal enforcers ii - the western (1994)(konami)(ntsc)(jp)(en)" sha1="63127c8eac149ac3e032f21d98dbe343fff44942" />
	</machine>
	<machine name="lethalen">
		<description>Lethal Enforcers (Europe)</description>
		<year>1993</year>
		<publisher>Konami</publisher>
		<disk name="lethal enforcers (1993)(konami)(ntsc)(jp)(en)" sha1="c10e5002a4d4086b1c49c57a9a15e7cf3d6fda50" />
		<disk name="lethal enforcers (1993)(konami)(pal)" sha1="5d697aae65641146fff729ac157cdd792b79cd39" />
		<disk name="lethal enforcers (usa)" sha1="2a9bb24ed2a7db353e035311269180b368230069" />
		<disk name="lethal enforcers (usa, alt)" sha1="924fd382c6d23099200ef33eee358f768a0503b8" />
	</machine>
	<machine name="links">
		<description>Links - The Challenge of Golf (USA)</description>
		<year>1994</year>
		<publisher>Virgin Interactive</publisher>
		<disk name="links - the challenge of golf (usa)" sha1="a663bd03db7815b017f7fac039e76f22b4993452" />
		<disk name="links - the challenge of golf (usa, alt)" sha1="4fd31dafd2c565d1fdf94cb7e483b13f17da7ae7" />
	</machine>
	<machine name="loadstar">
		<description>Loadstar - The Legend of Tully Bodine (USA)</description>
		<year>1994</year>
		<publisher>Rocket Science Games</publisher>
		<disk name="loadstar - the legend of tully bodine (usa)" sha1="a9b4df4c8b3ed81d14cfa5506961c3815387194e" />
	</machine>
	<machine name="lodoss">
		<description>Lodoss Tou Senki - Eiyuu Sensou (Japan)</description>
		<year>1994</year>
		<publisher>Sega</publisher>
		<disk name="lodoss tou senki - eiyuu sensou (japan)" sha1="15ed554b0a63e78648cf496c8b249be35c18420c" />
		<disk name="lodoss tou senki - eiyuu sensou - record of lodoss war (demo) (1994)(sega)(ntsc)(jp)" sha1="71ce3e984a13c444999a1abf13efc431a80f5be1" />
	</machine>
	<machine name="lordthun">
		<description>Lords of Thunder (Europe)</description>
		<year>1995</year>
		<publisher>Hudson Soft</publisher>
		<disk name="lords of thunder (1995)(virgin)(pal)" sha1="39f971ef22f5c580bfb15e5ec5bd3335d7bb72de" />
		<disk name="lords of thunder (usa)" sha1="c4be0138ac50ee190fb8df9839a2efb97e9f30c2" />
	</machine>
	<machine name="lunar2">
		<description>Lunar - Eternal Blue (USA)</description>
		<year>1995</year>
		<publisher>Game Arts</publisher>
		<disk name="lunar - eternal blue (1994)(game arts)(ntsc)(jp)[t-45074p-00271-r1m]" sha1="1aae24f5646879641f47273db530093648093699" />
		<disk name="lunar - eternal blue (1994)(game arts)(ntsc)(jp)[t-45074p-00271a-r1m]" sha1="dfe1a6c27af88d8202f5b77aaa81c6661ce8e05f" />
		<disk name="lunar - eternal blue (japan)" sha1="86472573584d0d94bfb8f13e0f08bc2401d110da" />
		<disk name="lunar - eternal blue (usa)" sha1="1cc95c2b91d6c52d561a4f70e96c52ddc3c10313" />
		<disk name="lunar - eternal blue - premium cd (1994)(game arts)(jp)[lunar - eternal blue, t-45074][cd-audio]" sha1="2b22660e21e1262414424df90ec30eac8df638c6" />
		<disk name="lunar - eternal blue hibaihin auto demo (japan)" sha1="cc87b4610877d135207100c2eff7affa572ef56c" />
	</machine>
	<machine name="lunar">
		<description>Lunar - The Silver Star (USA)</description>
		<year>1993</year>
		<publisher>Game Arts</publisher>
		<disk name="lunar - the silver star (1992)(game arts)(ntsc)(jp)[t-45014p-00017-r1m]" sha1="5edd3e7a2f928f830abc682375309e78c6b74b1e" />
		<disk name="lunar - the silver star (1992)(game arts)(ntsc)(jp)[t-45014p-00017-r2m]" sha1="ee5947838910555eedbe419705ecbda732ff641b" />
		<disk name="lunar - the silver star (japan)" sha1="ec2bfebf47f6b894f8add0d78962a4e491e4e3ca" />
		<disk name="lunar - the silver star (usa)" sha1="eebcd9cdadb0a74de4313fc44fff83ba95ba3135" />
	</machine>
	<machine name="maddog2">
		<description>Mad Dog II - The Lost Gold (USA)</description>
		<year>1994</year>
		<publisher>American Laser Games</publisher>
		<disk name="mad dog ii - the lost gold (usa)" sha1="bb599adbb99cfc6fbd667f60429bb1f504af16c6" />
	</machine>
	<machine name="maddog">
		<description>Mad Dog McCree (USA)</description>
		<year>1993</year>
		<publisher>American Laser Games</publisher>
		<disk name="mad dog mccree (usa)" sha1="244713e8c7c1d1ef38f5f9ba2232cb1a2b23a1f7" />
	</machine>
	<machine name="mansion">
		<description>Mansion of Hidden Souls (USA)</description>
		<year>1994</year>
		<publisher>Vic Tokai</publisher>
		<disk name="mansion of hidden souls (usa)" sha1="1d1dba770de6d5969d23d2e86ad4028445d514c4" />
	</machine>
	<machine name="marko">
		<description>Marko's Magic Football (Europe)</description>
		<year>1994</year>
		<publisher>Domark</publisher>
		<disk name="marko (usa, prototype)" sha1="c4e51740ca8ff7c9574519bc849082220efe69f5" />
		<disk name="marko's magic football (1994)(domark)(pal)(m4)" sha1="df33c08436e1b5c5a09604c29c1bed6fab7176b4" />
	</machine>
	<machine name="marky">
		<description>Marky Mark and The Funky Bunch (USA)</description>
		<year>1992</year>
		<publisher>Sega</publisher>
		<disk name="marky mark and the funky bunch (usa)" sha1="43371912dc0bf83158ec383bbc4cf2b4b9e60274" />
	</machine>
	<machine name="megarace">
		<description>MegaRace (USA)</description>
		<year>1993</year>
		<publisher>The Software Toolworks</publisher>
		<disk name="megarace (usa)" sha1="d60afc89afa7de225f42deb3fac894f9202061b5" />
	</machine>
	<machine name="megaschw">
		<description>Mega Schwarzschild (Japan)</description>
		<year>1993</year>
		<publisher>Sega</publisher>
		<disk name="mega schwarzschild (1993)(sega)(ntsc)(jp)" sha1="63e2e6732a74856bd7b432f7ffeac62197caee6f" />
	</machine>
	<machine name="microcos">
		<description>Microcosm (Europe) [T-113015-50 14]</description>
		<year>1993</year>
		<publisher>Psygnosis</publisher>
		<disk name="microcosm (1993)(psygnosis)(pal)[t-113015-50 14]" sha1="2b9ebf7221f6385bf7b3c05969d7eabad28375ec" />
		<disk name="microcosm (1993)(psygnosis)(pal)[t-113015-50 24]" sha1="259f8c1870cd2b8ff4b2028259c302c275cdc129" />
		<disk name="microcosm (japan)" sha1="7caf9207625e436f1c738e5d3e8705f9a3ed8e1c" />
		<disk name="microcosm (usa)" sha1="bca8a59c2aa47d1207b0c2df1d2ff40cb5d11fb4" />
		<disk name="microcosm demo cd (japan)" sha1="2983f32c9c63753cc3acbd5160cd830b8b844090" />
	</machine>
	<machine name="midnight">
		<description>Midnight Raiders (Europe)</description>
		<year>1995</year>
		<publisher>Sega</publisher>
		<disk name="midnight raiders (1995)(sega)(pal)" sha1="2a69b58af5c653d780e4adaeab15c0c762f15559" />
		<disk name="midnight raiders (usa)" sha1="83db51aee2ef658fa9d29e67acdc7d5774e69d3a" />
	</machine>
	<machine name="mightmg3">
		<description>Might and Magic III - Isles of Terra (Japan)</description>
		<year>1993</year>
		<publisher>CRI</publisher>
		<disk name="might and magic iii - isles of terra (1993)(cri)(ntsc)(jp)" sha1="d3c5769e5c7ca147806db7d2e3de2b4d8b28d7e6" />
	</machine>
	<machine name="mk">
		<description>Mortal Kombat (Europe)</description>
		<year>1994</year>
		<publisher>Arena</publisher>
		<disk name="mortal kombat (1994)(acclaim)(ntsc)(jp)(en)" sha1="f0f41dab302241fe7d6b78b10b133e1265e9fed0" />
		<disk name="mortal kombat (europe)" sha1="6d5b3ec89f993737ff0febbb4ee49fbbca151bdc" />
		<disk name="mortal kombat (usa)" sha1="454e23c8922380f813a3a5b9d94902a691109332" />
	</machine>
	<machine name="mmania">
		<description>Mickey Mania (Europe)</description>
		<year>1994</year>
		<publisher>Sony Imagesoft</publisher>
		<disk name="mickey mania (demo) (1994)(disney software - sony imagesoft)(pal)[megasega]" sha1="7883b3815621057c28f7ba3eb72a6af6c503aeaf" />
		<disk name="mickey mania (demo) (1994)(pal)[mega power - issue 17, sega pro cd - issue 40]" sha1="ca60d28874c383a7ce6f9c4dcac433c55cbc83dd" />
		<disk name="mickey mania (europe)" sha1="d2f59f10d53cb71ccd1622c81d12c12c431ac710" />
		<disk name="mickey mania - timeless adventures of mickey mouse (usa)" sha1="c98e204f92845b6e90ee0afce16d10501ded7ea2" />
	</machine>
	<machine name="mmm">
		<description>Mighty Mighty Missile! (USA)</description>
		<year>2005</year>
		<publisher>Good Deal Games</publisher>
		<disk name="mighty mighty missile (usa)" sha1="561a66d7ed2df029ad07b49c4f0bca11f8ae0eb4" />
	</machine>
	<machine name="mmpr">
		<description>Mighty Morphin Power Rangers (Europe)</description>
		<year>1994</year>
		<publisher>Sega</publisher>
		<disk name="mighty morphin power rangers (1994)(sega)(pal)" sha1="4f0830e15a95d5970654465d64cc61ad9f3ae00a" />
		<disk name="saban's mighty morphin power rangers (usa)" sha1="fffd902d4ab06d946c47b7eaa40cc5ddd9963299" />
	</machine>
	<machine name="monkey">
		<description>The Secret of Monkey Island (USA)</description>
		<year>1992</year>
		<publisher>JVC</publisher>
		<disk name="secret of monkey island, the - monkey island yurei - kaizoku oosoudou (1993)(victor)(ntsc)(jp)" sha1="66a95bf6f661e60fc2b00a2fa679ae1f7559d471" />
		<disk name="the secret of monkey island (usa)" sha1="a894a9e6ba908f742d686fb85b7ae3c700fb1d36" />
	</machine>
	<machine name="mypaint">
		<description>My Paint (USA)</description>
		<year>1993</year>
		<publisher>Saddleback Graphics</publisher>
		<disk name="my paint (usa)" sha1="30917da8038266ad3d76498e3fbe565c4456d602" />
	</machine>
	<machine name="mystmans">
		<description>Yumemi Mystery Mansion (Europe)</description>
		<year>1994</year>
		<publisher>Sega</publisher>
		<disk name="yumemi mystery mansion (1994)(sega)(pal)" sha1="8d90ba27fc3ac10f37d55701e2ec0b1119b5cace" />
		<disk name="yumemi yakata no monogatari (japan)" sha1="dc7c2fbcdb1de77601d4f447a88f0ca6cc9a63f1" />
		<disk name="yumemi yakata no monogatari hibaihin (japan)" sha1="b7ac1185ea75ec042e8be9e1bdce091bfb0b906b" />
	</machine>
	<machine name="nbajam">
		<description>NBA Jam (Europe)</description>
		<year>1994</year>
		<publisher>Acclaim Entertainment</publisher>
		<disk name="nba jam (1993)(acclaim)(ntsc)(jp)(en)" sha1="a8d30422e8f620c98a4ac672507a6844cfcd4ece" />
		<disk name="nba jam (europe)" sha1="f837d3aff74dbc304b8714365a5abe562c448211" />
		<disk name="nba jam (usa)" sha1="48b0fdb2476ac795b303bfdc11b40abb8609511b" />
	</machine>
	<machine name="nflgreat">
		<description>NFL's Greatest - San Francisco VS Dallas 1978-1993 (USA)</description>
		<year>1993</year>
		<publisher>Sega</publisher>
		<disk name="nfl's greatest - san francisco vs dallas 1978-1993 (usa)" sha1="20fc574d1912b92dd9d6c248734a8e897501b3ea" />
	</machine>
	<machine name="nfltriv">
		<description>NFL Football Trivia Challenge (USA)</description>
		<year>1994</year>
		<publisher>CapDisc</publisher>
		<disk name="nfl football trivia challenge (usa)" sha1="eadf0633891eb5d94dcb0336d367abca750fa903" />
	</machine>
	<machine name="nhl94">
		<description>NHL Hockey '94 (Europe)</description>
		<year>1994</year>
		<publisher>Electronic Arts</publisher>
		<disk name="nhl '94 (usa)" sha1="ac34c65117668dc53e7075a0dbe9bd260fdb1c15" />
		<disk name="nhl hockey '94 (1994)(ea sports)(pal)" sha1="157ea7d3e8a6aa2ff9f09ce944e65a665b971d6b" />
	</machine>
	<machine name="ninjawar">
		<description>The Ninjawarriors (Japan)</description>
		<year>1993</year>
		<publisher>Taito</publisher>
		<disk name="ninjawarriors, the (1993)(taito)(ntsc)(jp)(en)" sha1="54139589ce904ddba72f9379949f3b6d0bfef2f6" />
	</machine>
	<machine name="nobuhao">
		<description>Nobunaga no Yabou - Haouden (Japan)</description>
		<year>1994</year>
		<publisher>Koei</publisher>
		<disk name="nobunaga no yabou - haouden (1994)(koei)(ntsc)(jp)" sha1="33be72040603a63d7f4f7cffba7a5e7654c3209a" />
	</machine>
	<machine name="nost1907">
		<description>Nostalgia 1907 (Japan)</description>
		<year>1991</year>
		<publisher>Takeru</publisher>
		<disk name="nostalgia 1907 (japan)" sha1="c6718f18b5720b3c48abf9c8accdf6d7572e4a63" />
		<disk name="nostalgia 1907 in north atlantic sea - original sound track ver. 2 (1991)(takeru)(jp)[cd-audio]" sha1="412a33f70581ae445681a39897e42ea9fbf60c50" />
	</machine>
	<machine name="novastm">
		<description>Novastorm (Europe)</description>
		<year>1994</year>
		<publisher>Psygnosis ~ Sony Electronic Publishing</publisher>
		<disk name="novastorm (1994)(psygnosis - sony electronic publishing)(pal)" sha1="23dcf599c7a33db8f107f6902045451e3587c274" />
		<disk name="novastorm (demo) (1994)(psygnosis - sony electronic publishing)(pal)[sega pro cd - issue 02]" sha1="3ac887d17dc09355679b1c91c3cd9bc91031af11" />
		<disk name="novastorm (usa)" sha1="d5160362468ffa82ef858d8f9d46e26cf9a4a91f" />
	</machine>
	<machine name="nstriker">
		<description>Night Striker (Japan, Korea)</description>
		<year>1993</year>
		<publisher>Taito</publisher>
		<disk name="night striker (japan, korea)" sha1="0c8ba1a5ca12ec52de6b2febac14abd5d1126c84" />
	</machine>
	<machine name="ntrap">
		<description>Night Trap (Europe)</description>
		<year>1993</year>
		<publisher>Sega</publisher>
		<disk name="night trap (1993)(sega)(pal)(fr)(disc 1 of 2)" sha1="4984af4f9b61eba49a05f9328c65b147afc40448" />
		<disk name="night trap (1993)(sega)(pal)(fr)(disc 2 of 2)" sha1="5d2ddb7294265a266fa4d4307d98e2180c9db83c" />
		<disk name="night trap (1995)(digital pictures)(pal)(disc 1 of 2)[32x]" sha1="09e06b0114f9239c6c9a0e488e26c8b9547febe7" />
		<disk name="night trap (1995)(digital pictures)(pal)(disc 2 of 2)[32x]" sha1="c77726a32262a5b83f97fa735754d57240ed64c1" />
		<disk name="night trap (europe) (disc 1)" sha1="a37dfcb50ba5ee52871a0ebc0a73350daab26747" />
		<disk name="night trap (europe) (disc 2)" sha1="206bcdea91e03fc684b8d7fa10c3dce8152468da" />
		<disk name="night trap (japan) (disc 1)" sha1="1d2bd06468ce64f34e06a1ff36cdcf5a8652d65e" />
		<disk name="night trap (japan) (disc 2)" sha1="5d208bbfc2fbe233d53bd9dc6ef2e6d07e2cbc74" />
		<disk name="night trap (usa) (disc 1)" sha1="c2c18c6af2aae9619ca5772fcb6aecc79a142a40" />
		<disk name="night trap (usa) (disc 2)" sha1="41c44780c325403d9c4522fc3d010912fc3dad5a" />
		<disk name="night trap (usa, 32x) (disc 1)" sha1="a4407b3264ef29d343f7d4b984194bc4636009d3" />
		<disk name="night trap (usa, 32x) (disc 2)" sha1="18b2a72bf91589ef43986b3f3add9b70c609f346" />
		<disk name="night trap (usa, alt) (disc 1)" sha1="d5d21d92798661d67ab7247acc41ea6602721a0b" />
		<disk name="night trap (usa, re-release) (disc 1)" sha1="69cd893b1b2d971da405cac1c4c71114e8a91648" />
		<disk name="night trap (usa, re-release) (disc 2)" sha1="d8447c507abf9b7afc64b943fa3b4f794ddf25f1" />
		<disk name="night trap hibaihin (japan)" sha1="b852a032c5e49655a060cad7f6e18a205578be1f" />
	</machine>
	<machine name="panic">
		<description>Panic! (USA)</description>
		<year>1994</year>
		<publisher>Data East</publisher>
		<disk name="panic (usa)" sha1="44216917d5e42f131c0854cd8fb5066f5e39c87f" />
	</machine>
	<machine name="pennsmok">
		<description>Penn &amp; Teller's Smoke and Mirrors (USA, prototype)</description>
		<year>1995?</year>
		<publisher>Absolute Entertainment</publisher>
		<disk name="penn and teller's smoke and mirrors (usa, prototype) (disc 1)" sha1="01d82d2f767df776c55fc49fe0bfe22132fc9e40" status="baddump" />
		<disk name="penn and teller's smoke and mirrors (usa, prototype) (disc 2)" sha1="f7c989041a9775f525287981ed6eae778c5bd5b6" status="baddump" />
	</machine>
	<machine name="pitfall">
		<description>Pitfall - The Mayan Adventure (Europe)</description>
		<year>1994</year>
		<publisher>Activision</publisher>
		<disk name="pitfall - the mayan adventure (1994)(activision)(pal)" sha1="ce9c67b798545c2db4766532c388b3ccc5de1497" />
		<disk name="pitfall - the mayan adventure (demo) (1994)(activision)(pal)[sega pro cd - issue 41]" sha1="eaa3bb1b4090579195abea3fe3292127994b3d8d" />
		<disk name="pitfall - the mayan adventure (usa)" sha1="512f8ebf40e653f82ac9528193344ad990b58bf3" />
	</machine>
	<machine name="pmonger">
		<description>Power Monger (Europe)</description>
		<year>1994</year>
		<publisher>Electronic Arts</publisher>
		<disk name="powermonger (1994)(bullfrog - electronic arts)(pal)" sha1="a92c4585621d5e611f2c3ffff892d6408827635c" />
		<disk name="powermonger (usa)" sha1="0e281e66912a9d38edfd06bdee836ce8dba06244" />
	</machine>
	<machine name="popmail">
		<description>Popful Mail (USA)</description>
		<year>1995</year>
		<publisher>Sega</publisher>
		<disk name="popful mail (japan)" sha1="319c69ab64d586ef46a6a2f9c8790c7e94722674" />
		<disk name="popful mail (usa)" sha1="459853983b1e01fe297ffd6287502eab1678e8e4" />
		<disk name="popful mail taikenban hibaihin (japan)" sha1="c09abf833cb576503c745affbfd3d091ccc76a27" />
	</machine>
	<machine name="ppersia">
		<description>Prince of Persia (Europe)</description>
		<year>1993</year>
		<publisher>Sega</publisher>
		<disk name="prince of persia (europe)" sha1="701b6b57b2cc1a3409260255123a531ce4aada62" />
		<disk name="prince of persia (japan)" sha1="db90a82cc35f49356218aa649929d4b1f588ed8b" />
		<disk name="prince of persia (usa)" sha1="fd9250f32c23e0954b197d1833c20de705df43d3" />
	</machine>
	<machine name="prime">
		<description>Ultraverse Prime (USA)</description>
		<year>1994</year>
		<publisher>Sony Imagesoft</publisher>
		<disk name="ultraverse prime (usa)" sha1="7da5a30679f6ba40a46cd1c5fceb86d6c5541859" />
	</machine>
	<machine name="prizefig">
		<description>Prize Fighter (Europe)</description>
		<year>1993</year>
		<publisher>Sega</publisher>
		<disk name="prize fighter (1993)(sega)(ntsc)(jp)(disc 1 of 2)" sha1="c8d895e85dc2b1e6a9f0aa606f98d7013bad0db4" />
		<disk name="prize fighter (1993)(sega)(ntsc)(jp)(disc 2 of 2)" sha1="342fd9fad3d5ae6530ea6ce756a2ba6b88858dfc" />
		<disk name="prize fighter (1993)(sega)(pal)(disc 1 of 2)" sha1="8d6506c06c66a16ec3c3788feff1b503a911dc95" />
		<disk name="prize fighter (1993)(sega)(pal)(disc 2 of 2)" sha1="cd6bdad994bf0025b8cb0b5feb578d2d55dcf95e" />
		<disk name="prize fighter (usa) (disc 1)" sha1="37742af63ba540380b8285a1e82be8d1898914e6" />
		<disk name="prize fighter (usa) (disc 2)" sha1="46f731d613d08eba5534331ce85fb5bab1e1b387" />
	</machine>
	<machine name="proyakcd">
		<description>Pro Yakyuu Super League CD (Japan)</description>
		<year>1992</year>
		<publisher>Sega</publisher>
		<disk name="pro yakyuu super league cd (japan)" sha1="87cf208ad060b8ef6ace3db18824152f45dc91b5" />
	</machine>
	<machine name="psgaesd">
		<description>Pier Solar and the Great Architects Enhanced Soundtrack Disc (World)</description>
		<year>2010</year>
		<publisher>WaterMelon</publisher>
		<disk name="pier solar and the great architects enhanced soundtrack disc (world)" sha1="1f26cce723ef044f449d87cdb624a2937f40f5d9" />
	</machine>
	<machine name="psychic3">
		<description>Psychic Detective Series vol.3 - AYA (Japan)</description>
		<year>1993</year>
		<publisher>Data West</publisher>
		<disk name="psychic detective series vol.3 - aya (1993)(data west)(ntsc)(jp)" sha1="0db9939af75a9c15079c93e0ed46790d1e67c43a" />
		<disk name="psychic detective series vol. 3 - aya auto demo (japan)" sha1="5402ed98cd6f980e97473071630362d6f63c5f0e" />
	</machine>
	<machine name="psychic4">
		<description>Psychic Detective Series vol.4 - Orgel (Japan)</description>
		<year>1993</year>
		<publisher>Data West</publisher>
		<disk name="psychic detective series vol.4 - orgel (1993)(data west)(ntsc)(jp)" sha1="6b541e9ba6843f2f2005c2c8b3a2a54aca96fc64" />
	</machine>
	<machine name="psygnosd">
		<description>Microcosm, Puggsy and Wiz 'N' Liz (Europe, demo) [Mega Power - issue 06]</description>
		<year>1994</year>
		<publisher>Psygnosis</publisher>
		<disk name="microcosm, puggsy and wiz 'n' liz (demo) (1994)(psygnosis)(pal)[mega power - issue 06]" sha1="d85cf8e337769c6ff136ed03f702649cf04d1bfc" />
	</machine>
	<machine name="puggsy">
		<description>Puggsy (Europe)</description>
		<year>1993</year>
		<publisher>Psygnosis</publisher>
		<disk name="puggsy (1993)(psygnosis)(pal)" sha1="d5c547342594daf5b6013d4276bd74e8ebff4615" />
		<disk name="puggsy (usa)" sha1="307206f9f4154699e9386fa9b45bd79d5ed72e5d" />
	</machine>
	<machine name="quizss">
		<description>Quiz Scramble Special (Japan, rev. B)</description>
		<year>1992</year>
		<publisher>Sega</publisher>
		<disk name="quiz scramble special (1992)(sega)(ntsc)(jp)[g-6003p-00014b-r1m]" sha1="48f5a84eca3432e0a7d145f7543f300ed326b01a" />
		<disk name="quiz scramble special (1992)(sega)(ntsc)(jp)[g-6003p-00014b-r2m]" sha1="6b39a0b8ea9ee7860b228e5cdb0109421b9a89e9" />
		<disk name="quiz scramble special (japan) (rev b)" sha1="cc636ce3a99a01cdf3d34d93df74b143b6d239b7" />
	</machine>
	<machine name="quiztono">
		<description>Quiz Tonosama no Yabou (Japan)</description>
		<year>1992</year>
		<publisher>SIMS</publisher>
		<disk name="capcom no quiz - tonosama no yabou (japan)" sha1="9f09efae7369a1439cd85616c89f5d42a2eb741a" />
	</machine>
	<machine name="racinace">
		<description>Racing Aces (USA)</description>
		<year>1993</year>
		<publisher>Sega</publisher>
		<disk name="racing aces (usa)" sha1="a2038d4de56b75d61db6ad757919cca00cc91c95" />
	</machine>
	<machine name="radrex">
		<description>Radical Rex (USA)</description>
		<year>1994</year>
		<publisher>Activision</publisher>
		<disk name="radical rex (usa)" sha1="4cdbbc72aa7b1fc191a2e45f9cf1eb1f16e8300c" />
	</machine>
	<machine name="ragecage">
		<description>WWF Rage in the Cage (Europe)</description>
		<year>1993</year>
		<publisher>Arena</publisher>
		<disk name="wwf rage in the cage (1993)(arena)(pal)" sha1="4b5d8b895bce7460e0e21c7dc4d08fa593f9b350" />
		<disk name="wwf rage in the cage (usa)" sha1="960a6ffa31b52e7ca8e7759f3d385940c8f2eb56" />
	</machine>
	<machine name="ranma">
		<description>Ranma ½ - Byakuranaika (Japan)</description>
		<year>1993</year>
		<publisher>NCS</publisher>
		<disk name="ranma 1-2 - byakuranaika (japan)" sha1="89f733676137b26b304d21eab6c5e50c4ee48389" />
	</machine>
	<machine name="rbfx">
		<description>Road Blaster FX (Japan)</description>
		<year>1992</year>
		<publisher>Wolf Team</publisher>
		<disk name="road blaster fx (1992)(wolf team)(ntsc)(jp)(en)" sha1="851df6a824f8c20984574f8fae781b347c3644ba" />
	</machine>
	<machine name="rdf">
		<description>RDF - Global Conflict (USA)</description>
		<year>1994</year>
		<publisher>Absolute Entertainment</publisher>
		<disk name="rdf - global conflict (usa)" sha1="32cf1e068598e385962db8de493eb191aab7716b" />
	</machine>
	<machine name="revninja">
		<description>Revenge of the Ninja (USA)</description>
		<year>1993</year>
		<publisher>Renovation</publisher>
		<disk name="revenge of the ninja (usa)" sha1="d6f0a13f1b630ba771cad7c86b607f31cf6092b7" />
	</machine>
	<machine name="revoveng">
		<description>Revengers of Vengeance (USA)</description>
		<year>1994</year>
		<publisher>Extreme Entertainment Group</publisher>
		<disk name="revengers of vengeance (usa)" sha1="fda7766a0480655c1a23ca40f33258c0d83abe3e" />
	</machine>
	<machine name="risedrg">
		<description>Rise of the Dragon (USA, rev. A)</description>
		<year>1994</year>
		<publisher>Dynamix</publisher>
		<disk name="rise of the dragon (usa)" sha1="e84d20447bec4c5bed1bfe27372c5a927d5fbdb2" />
		<disk name="rise of the dragon (usa, rev. a)" sha1="412d819633740c597b67591cf12fdac7c7081194" />
		<disk name="rise of the dragon - a blade hunter mystery (japan)" sha1="24a8afdc4f413494cd8efd78b035dbdbe25c679c" />
	</machine>
	<machine name="roadaven">
		<description>Road Avenger (Europe)</description>
		<year>1993</year>
		<publisher>Sega</publisher>
		<disk name="road avenger (europe)" sha1="6e5d48a8654138d246a500810826126d0b9884ef" />
		<disk name="road avenger (usa)" sha1="05fa6ae67687aacdf99fe939b0f04ce13b6d527b" />
	</machine>
	<machine name="roadrash">
		<description>Road Rash (USA)</description>
		<year>1995</year>
		<publisher>Electronic Arts</publisher>
		<disk name="road rash (usa)" sha1="d6639e82e767177e5fa255cef2a5993451e10c09" />
		<disk name="road rash (usa, prototype, beta 3 - 19950211)" sha1="7c921496b5caefbb5ff55195d9b2a07b8dc12424" status="baddump" />
	</machine>
	<machine name="roboales">
		<description>Robo Aleste (Europe)</description>
		<year>1993</year>
		<publisher>Sega</publisher>
		<disk name="robo aleste (1993)(sega)(pal)" sha1="3d3f0aa156340474e5452fe43642331f578fe51f" />
		<disk name="robo aleste (usa)" sha1="16f734ed901182e0e435e6c2b4f559e99615f148" />
	</machine>
	<machine name="rockpint">
		<description>Rock Paintings (USA)</description>
		<year>1992</year>
		<publisher>Sega</publisher>
		<disk name="rock paintings (usa)" sha1="614f3f8e89e4b91923ff69719c38baef679f8e8d" status="baddump" />
	</machine>
	<machine name="salesman">
		<description>Warau Salesman (Japan)</description>
		<year>1993</year>
		<publisher>Sega</publisher>
		<disk name="warau salesman (1993)(sega)(ntsc)(jp)" sha1="d84726de55de147264af5f5b00cd36a316d0c391" />
	</machine>
	<machine name="samsho">
		<description>Samurai Shodown (Europe)</description>
		<year>1995</year>
		<publisher>JVC</publisher>
		<disk name="samurai shodown (1995)(jvc)(pal)" sha1="9e65dfaaf10a748790c755991981fdd18da56dbb" />
		<disk name="samurai shodown (demo) (1995)(jvc)(pal)[sega pro cd - issue 47]" sha1="e8d28faa60c2a7d05fac86ae484b9fd91910aefd" />
		<disk name="samurai shodown (usa)" sha1="5b12e3cea8f93635f25e98b184c68f6921e395d8" />
	</machine>
	<machine name="sangoku3">
		<description>Sangokushi III (Japan)</description>
		<year>1993</year>
		<publisher>Koei</publisher>
		<disk name="sangokushi iii (japan)" sha1="4745bf0906999474645e1b4d515bc1b1902ca422" />
	</machine>
	<machine name="segaac4">
		<description>Sega Classics Arcade Collection (USA, 4 in 1)</description>
		<year>1992</year>
		<publisher>Sega</publisher>
		<disk name="sega classics arcade collection (usa, 4 in 1)" sha1="cfea01b2bdf3e6eb02209d962e57fc41f0a29bc8" />
		<disk name="sega classics arcade collection (usa, 4 in 1, alt)" sha1="c587085ec1b3a2cea0575a5bf90abfd3789c3779" />
	</machine>
	<machine name="segaac5">
		<description>Sega Classics Arcade Collection (USA, 5 in 1)</description>
		<year>1993</year>
		<publisher>Sega</publisher>
		<disk name="sega classics arcade collection (usa, 5 in 1)" sha1="9f4bdadabba7d8998b701a3becd2520d4d2a037d" />
	</machine>
	<machine name="segaac">
		<description>Sega Classics Arcade Collection - Limited Edition (Europe) [6105411P-00036A-R1M]</description>
		<year>1992</year>
		<publisher>Sega</publisher>
		<disk name="sega classic arcade collection (japan)" sha1="c69c436b0159b2e1e5ffaadad37167d2210d8767" />
		<disk name="sega classic arcade collection - limited edition (1992)(sega)(ntsc)(jp)[compilation][r1m]" sha1="95a970944ed0dd6a27d3795cbf695b0b2b0647e4" />
		<disk name="sega classic arcade collection - limited edition (1992)(sega)(ntsc)(jp)[compilation][r2m]" sha1="7f7e5172ee1263bd3eaf927cf488ec2d6657cbff" />
		<disk name="sega classics arcade collection (europe)" sha1="a5a715cecd3209fc125abd200746721bdc40856a" />
		<disk name="sega classics arcade collection - limited edition (1993)(sega)(pal)[compilation][610-5411p-00036a 2]" sha1="8ff8cd77cb561454096993135cdf8fdc675b1871" />
	</machine>
	<machine name="sengoku">
		<description>Sengoku Denshou (Japan)</description>
		<year>1993</year>
		<publisher>Sammy</publisher>
		<disk name="sengoku denshou (1993)(sammy)(ntsc)(jp)" sha1="a7068e9594b65c665796689bfe16c7ee0ecba041" />
	</machine>
	<machine name="sensible">
		<description>Sensible Soccer (Europe)</description>
		<year>1993</year>
		<publisher>Sony Imagesoft</publisher>
		<disk name="sensible soccer (1993)(sony imagesoft)(pal)(m4)" sha1="702f56129dd6c2b0730c8cb776f0b549fbe2b229" />
		<disk name="sensible soccer v1.08 (demo) (1993)(pal)(m4)[mega power - issue 12, sega pro cd - issue 44]" sha1="e33f26947d570cd03a05b6dade41d61956d12716" />
	</machine>
	<machine name="shadowrn">
		<description>Shadowrun (Japan)</description>
		<year>1996</year>
		<publisher>Compile</publisher>
		<disk name="shadowrun (1996)(compile)(ntsc)(jp)" sha1="d2a3b3c4950abe9051971aa53cb9c4921b145e14" />
	</machine>
	<machine name="shinfrce">
		<description>Shining Force CD (Europe)</description>
		<year>1995</year>
		<publisher>Sega</publisher>
		<disk name="shining force cd (1995)(sega)(pal)" sha1="671d0cf0cbe2032dd8f5046def997ef842476210" />
		<disk name="shining force cd (japan)" sha1="b6b05a27fddbb742149216961f6e9b917442b768" />
		<disk name="shining force cd (usa)" sha1="ddd94e30ba53faf04336b5854dd4e0d9980067b5" />
		<disk name="shining force cd (usa, alt)" sha1="ddb304849d01df44251d69b890df47c8db1d8642" />
		<disk name="shining force cd (usa, prototype)" sha1="b5384972be572624929b8f18b7bd2083176bd0af" status="baddump" />
	</machine>
	<machine name="shinmt">
		<description>Shin Megami Tensei (Japan)</description>
		<year>1994</year>
		<publisher>SIMS</publisher>
		<disk name="shin megami tensei (japan)" sha1="4ef3c263e909471ac27757c16423e66009726544" />
	</machine>
	<machine name="silkylip">
		<description>Mahou no Shoujo - Silky Lip (Japan, R2M)</description>
		<year>1992</year>
		<publisher>Nihon Telenet</publisher>
		<disk name="mahou no shoujo - silky lip (1992)(riot)(ntsc)(jp)[t-49024p-00016-r1m]" sha1="a432d30104f55e6fc051cc40e0ce6d416bd7b3fc" />
		<disk name="mahou no shoujo - silky lip (1992)(riot)(ntsc)(jp)[t-49024p-00016-r2m]" sha1="38f2f195e4c95e27ff7ceb2f8a554ca71f61b004" />
	</machine>
	<machine name="silpheed">
		<description>Silpheed (Europe)</description>
		<year>1993</year>
		<publisher>Sega</publisher>
		<disk name="silpheed (europe)" sha1="f5e58c0216adae49575fc6ff3e30843e9437d592" />
		<disk name="silpheed (japan)" sha1="3f06c3f2b13f28312748336d324d1b8563a30d86" />
		<disk name="silpheed (usa)" sha1="f4d368f13f7998fb8d37c9a3439d42497e0ee359" />
		<disk name="silpheed hibaihin (japan)" sha1="18f438c6fce0f143046fc4eeb15eec6fb47a1631" />
		<disk name="silpheed hibaihin (japan) (fixed)" sha1="12c371524399e53978e57b17673265a3d9cf9b80" />
	</machine>
	<machine name="simearth">
		<description>SimEarth (Japan)</description>
		<year>1993</year>
		<publisher>Sega</publisher>
		<disk name="simearth (1993)(sega)(ntsc)(jp)" sha1="9869519d4d0b23b4ac60e0745395e3f90df399da" />
	</machine>
	<machine name="sing">
		<description>Sing! Teddyboy Blues [MP3-sourced]</description>
		<year>19??</year>
		<publisher>Sega</publisher>
		<disk name="singteddy (mp3-sourced)" sha1="f12ade8f77fc0331d824ab5d70af5bb89b677f59" status="baddump" />
	</machine>
	<machine name="slamcity">
		<description>Slam City with Scottie Pippen (Europe)</description>
		<year>1994</year>
		<publisher>Digital Pictures</publisher>
		<disk name="slam city with scottie pippen (1994)(digital pictures)(pal)(disc 1 of 4)[fingers]" sha1="5bd17a69bed5e3d8dfad25827b3a3ef4c7e0158e" />
		<disk name="slam city with scottie pippen (1994)(digital pictures)(pal)(disc 1 of 4)[fingers][32x]" sha1="39ff006d5f18286a31b1b40e9a7af1a9a56094e6" />
		<disk name="slam city with scottie pippen (1994)(digital pictures)(pal)(disc 2 of 4)[juice]" sha1="3e21496ee6e41d63cdc3ee754c7818cdbc90e139" />
		<disk name="slam city with scottie pippen (1994)(digital pictures)(pal)(disc 2 of 4)[juice][32x]" sha1="a39cdc7e9ed6c7f73dd532e5c13875f4952cb763" />
		<disk name="slam city with scottie pippen (1994)(digital pictures)(pal)(disc 3 of 4)[mad dog]" sha1="acef220d97e12a5c168d85df822506c6fa5dc7d0" />
		<disk name="slam city with scottie pippen (1994)(digital pictures)(pal)(disc 3 of 4)[mad dog][32x]" sha1="5a13f33a5072a233c5a437454d5c348b67e00d1e" />
		<disk name="slam city with scottie pippen (1994)(digital pictures)(pal)(disc 4 of 4)[smash]" sha1="d464bc0a67b28ca1496e531e32c9a21a52a6c573" />
		<disk name="slam city with scottie pippen (1994)(digital pictures)(pal)(disc 4 of 4)[smash][32x]" sha1="6e6e4ee89c8365a38d94140ef8e4d3e72df7c3fe" />
		<disk name="slam city with scottie pippen (demo) (1994)(digital pictures)(pal)[fingers]" sha1="e546799ae3cd710b950010b66a6f66cb9c4b03cf" />
		<disk name="slam city with scottie pippen (europe) (disc 1)" sha1="6dbbbac0e2a17b7a453132b4e2387d8fd71328bd" />
		<disk name="slam city with scottie pippen (europe) (disc 2)" sha1="e2991e6762f7de02d8e0654f6a7b515374089121" />
		<disk name="slam city with scottie pippen (usa) (disc 1)" sha1="e458f2e459cb097ed32ea27ffaa7ab5cc47c9a18" />
		<disk name="slam city with scottie pippen (usa) (disc 2)" sha1="d900b5e5dcb904530edc089ce376d53ce404d6ec" />
		<disk name="slam city with scottie pippen (usa) (disc 3)" sha1="11bfe9ce5081785bb8e9cbc0e9bd65c7605e817e" />
		<disk name="slam city with scottie pippen (usa) (disc 4)" sha1="010bc11b7d8a078bbdd869ae7c7bf7ebfe04c916" />
		<disk name="slam city with scottie pippen (usa, 32x) (disc 1)" sha1="c0563dec08e2e89e42705d324b39f78b0056dcd5" />
		<disk name="slam city with scottie pippen (usa, 32x) (disc 2)" sha1="21044739e37a7faf11dd21e633d64c0f817f991b" />
		<disk name="slam city with scottie pippen (usa, 32x) (disc 3)" sha1="cc4a4c7c64c16a0f8ce3d8a4d82e94d11466a769" />
		<disk name="slam city with scottie pippen (usa, 32x) (disc 4)" sha1="6432d3447cb2be5e39fb79b69833dd80e4587c6c" />
		<disk name="slam city with scottie pippen (usa, alt) (disc 1)" sha1="637ceb49d6e9ff89009b26d848b6097a54969d65" />
		<disk name="slam city with scottie pippen (usa, alt) (disc 2)" sha1="e5cc52a7686824b14ee471682f30b0b4a09dbe97" />
		<disk name="slam city with scottie pippen (usa, alt) (disc 3)" sha1="6d144435110bc0fcd97313c75dbb56f472e4e123" />
		<disk name="slam city with scottie pippen (usa, alt) (disc 4)" sha1="ddffdf4dd92fcb3f93f285ff24384815ba401cab" />
	</machine>
	<machine name="smurfs">
		<description>The Smurfs (Europe)</description>
		<year>1994</year>
		<publisher>Infogrames</publisher>
		<disk name="smurfs, the (europe) (en,fr,de,es,it)" sha1="ada0f992b04984aa20da0336e5e4ddf435c7c8f6" />
	</machine>
	<machine name="snatcher">
		<description>Snatcher (Europe)</description>
		<year>1994</year>
		<publisher>Konami</publisher>
		<disk name="snatcher (1994)(konami)(pal)" sha1="3d1e2444af744f8c37ca048d7206ea152c7a8264" />
		<disk name="snatcher (usa)" sha1="815edc5df272e4b10edd5919b29c3a996a1799c2" />
	</machine>
	<machine name="solfeace">
		<description>Sol-Feace (Europe)</description>
		<year>1992</year>
		<publisher>Sega</publisher>
		<disk name="sol-feace (1993)(sega)(pal)[mk-4130p-00033-r1m]" sha1="cc28ad9a944fc808141546d69dcb8e7b3f754dd3" />
		<disk name="sol-feace (1993)(sega)(pal)[mk-4130p-00033 2]" sha1="6fa54dd518e6e5d8db870ce0bdbf88457868ffb7" />
		<disk name="sol-feace (europe)" sha1="63994895abe2c84c4a3a8e95779d72f06369943b" />
		<disk name="sol-feace (japan)" sha1="953987cbb5031e1bc6b4efc2f0e25ced3ca79b1e" />
		<disk name="sol-feace (usa)" sha1="498ebd9c1fe4bd2f84cf6c32829b68e471eb3b07" />
	</machine>
	<machine name="soniccd">
		<description>Sonic CD (Europe)</description>
		<year>1993</year>
		<publisher>Sega</publisher>
		<disk name="cd sonic the hedgehog (usa, prototype 19930510)" sha1="a4678b0879fcd42de426ae48bea90214058731e0" status="baddump" />
		<disk name="sonic cd (europe)" sha1="a7e16fdc30c2d0ef6ceb78ab2bda3a220a4a8316" />
		<disk name="sonic cd (usa)" sha1="ae08e06cc13b49b75c45e69334b2bdea4974454f" />
		<disk name="sonic cd (usa, alt 2)" sha1="824b78678ce7aa0b845d14de3e7df737105329f4" />
		<disk name="sonic cd (usa, alt 3)" sha1="8a7259600b583a8dda57fec95ff146fdb83b6ac3" />
		<disk name="sonic cd (usa, alt)" sha1="a8a968a6239da07c6143dd420a6a3093f4dddcd2" />
		<disk name="sonic the hedgehog cd (japan)" sha1="5501a5b2b4d324558918f22f9dca0ef8080d0836" />
		<disk name="sonic the hedgehog cd (usa, prototype 19930712)" sha1="03ae957f349ed69c20b64c92ea552bc8d3639f04" />
		<disk name="sonic the hedgehog cd (usa, prototype 19930920)" sha1="324452f48e8ee7ce605f1d40718a346f23ffea5d" />
		<disk name="sonic the hedgehog cd hibaihin (japan)" sha1="fc5d4690bfc10e4fe6bb81a753c7750b99c2cb46" />
	</machine>
	<machine name="soulstar">
		<description>SoulStar (Europe)</description>
		<year>1994</year>
		<publisher>Sega</publisher>
		<disk name="soulstar (1994)(victor)(ntsc)(jp)(en)" sha1="32e08fa3f612f2906ab2a44c811d8f928ed68bd1" />
		<disk name="soulstar (demo) (1994)(core)(pal)[mega power - issue 10, sega pro cd - issue 49]" sha1="8c5506ad2b1384a2c6eda453f72d0e29801cec00" />
		<disk name="soulstar (europe) (en,fr,de)" sha1="f4b22f514e8e324e8488e9c79d5afe1d87d462b1" />
		<disk name="soulstar (usa)" sha1="4e2ab5b51dca2a4c23700b4d3587a9a08ac6d29f" />
	</machine>
	<machine name="spaceace">
		<description>Space Ace (USA)</description>
		<year>1994</year>
		<publisher>ReadySoft</publisher>
		<disk name="space ace (usa)" sha1="d5f5125af3e9e59a59f775576ddc99b4aadaf505" />
		<disk name="space ace (usa, demo)" sha1="a2c36f02bab608baca10bf8d4e6b450cab49715c" />
	</machine>
	<machine name="spidking">
		<description>The Amazing Spider-Man Vs. The Kingpin (Europe)</description>
		<year>1993</year>
		<publisher>Sega</publisher>
		<disk name="amazing spider-man vs. the kingpin, the (europe)" sha1="1e8feaeed3d77290796b33a87ff3ad40fb5e330f" />
		<disk name="the amazing spider-man vs. the kingpin (usa)" sha1="4102f007184635832ca13ab770ccadcde32242da" />
	</machine>
	<machine name="sshark">
		<description>Sewer Shark (Europe)</description>
		<year>1992</year>
		<publisher>Sony Imagesoft</publisher>
		<disk name="sewer shark (europe)" sha1="158fbd44790f66c5ed7af626876a62f1c7c20934" />
		<disk name="sewer shark (usa)" sha1="65eb30fa88be9de6a7ceb980b4016241c5aafe0f" />
		<disk name="sewer shark (usa, rev. a)" sha1="0f339806d73c473c20906935836d49457339430f" />
		<disk name="sewer shark (usa, rev. b)" sha1="0353015285afb2fa5119b3e700725d6b8e46d680" />
		<disk name="sewer shark (usa, rev. b, alt 2)" sha1="b5cd7913425b5f14c7fd6a5df9dc66a40022edc6" />
		<disk name="sewer shark (usa, rev. b, alt)" sha1="9229f299de538d02ebf6d8e8a44c0066bc879077" />
	</machine>
	<machine name="starblad">
		<description>StarBlade (Europe)</description>
		<year>1994</year>
		<publisher>Sega</publisher>
		<disk name="starblade (1994)(sega)(pal)" sha1="44b1586880a3a4dc99fdb24c1b6372523228df13" />
		<disk name="starblade (japan)" sha1="bb1b7beb8e9b20dc18e1031ed57930eaae78c8cb" />
		<disk name="starblade (usa)" sha1="6233ca426d0797a5bccf98261b5164c44feb5203" />
	</machine>
	<machine name="starstrk">
		<description>Star Strike (USA, prototype)</description>
		<year>2001</year>
		<publisher>Good Deal Games</publisher>
		<disk name="star strike (usa, prototype)" sha1="65552aa20d2b799083fc4d27efc590fe91aa77af" />
	</machine>
	<machine name="stellarf">
		<description>Stellar-Fire (USA)</description>
		<year>1993</year>
		<publisher>Dynamix</publisher>
		<disk name="stellar-fire (usa)" sha1="4e0245e30cac825c262551eda322eb774919e87b" />
	</machine>
	<machine name="supleag">
		<description>Egawa Suguru no Super League CD (Japan)</description>
		<year>1993</year>
		<publisher>Sega</publisher>
		<disk name="egawa suguru no super league cd (japan)" sha1="4062f8fbc43963cc9305e14530379989f9543a30" />
	</machine>
	<machine name="supremew">
		<description>Supreme Warrior - Ying Heung (Europe)</description>
		<year>1994</year>
		<publisher>Digital Pictures</publisher>
		<disk name="supreme warrior (usa) (disc 1)" sha1="dbdc3fcdee8c590401a815662878476632f42cf0" />
		<disk name="supreme warrior (usa) (disc 2)" sha1="00344d23da869e465c322e154c9babf219271e49" />
		<disk name="supreme warrior (usa, 32x) (disc 1)" sha1="a9afa96f2300e19777724404909d4f204199f342" />
		<disk name="supreme warrior (usa, 32x) (disc 2)" sha1="e99f121209bac853d9e0d88a1a395354b264ebd5" />
		<disk name="supreme warrior - ying heung (1994)(digital pictures)(pal)(disc 1 of 2)[fire and earth]" sha1="71a79833c66991576206e562b3cfab11e6543009" />
		<disk name="supreme warrior - ying heung (1994)(digital pictures)(pal)(disc 2 of 2)[wind and fang tu]" sha1="ca2dc67a9b1ec8fb8b6a6c73427945df0e6d0ec0" />
		<disk name="supreme warrior - ying heung (1995)(digital pictures)(pal)(en-zh)(disc 1 of 2)[fire and earth][32x]" sha1="b6630789816d671806d2ce0e6b217b4b840f8087" />
		<disk name="supreme warrior - ying heung (1995)(digital pictures)(pal)(en-zh)(disc 2 of 2)[wind and fang tu][32x]" sha1="e8c86998f99a982718034cadd861fbba46443bd7" />
	</machine>
	<machine name="surgical">
		<description>Surgical Strike (Europe)</description>
		<year>1995</year>
		<publisher>Sega</publisher>
		<disk name="surgical strike (1995)(sega)(pal)" sha1="5a942b42b5005230c1f8e8df5a704b81757b6a0a" />
		<disk name="surgical strike (bra, 32x)" sha1="857e0602e35e4b45ec3660d8639fb88d2a014230" />
		<disk name="surgical strike (usa)" sha1="37ba598fdc774b805f89d43962591a176c2215d4" />
	</machine>
	<machine name="swchess">
		<description>The Software Toolworks' Star Wars Chess (Europe)</description>
		<year>1994</year>
		<publisher>Mindscape</publisher>
		<disk name="software toolworks' star wars chess, the (1994)(mindscape)(pal)" sha1="f0b38cc70ee62c9e1f8a45729a2dcc0bbadb102b" />
		<disk name="star wars chess (usa)" sha1="fe03505a7c2f1ebdef4d2c32c8b73677288d635b" />
	</machine>
	<machine name="switch">
		<description>Switch (Japan)</description>
		<year>1993</year>
		<publisher>Sega</publisher>
		<disk name="switch (japan)" sha1="19fcbae4e4089774fb76b66592b634f15a77765f" />
	</machine>
	<machine name="swra">
		<description>Star Wars - Rebel Assault (Europe)</description>
		<year>1994</year>
		<publisher>JVC</publisher>
		<disk name="star wars - rebel assault (demo) (1994)(jvc)(pal)[mega power - issue 15]" sha1="03f75c994cde18debaac71ba618021d0b1c91689" />
		<disk name="star wars - rebel assault (demo) (1994)(jvc)(pal)[sega pro cd - issue 01]" sha1="e7531c032704bdbb1f11c77d26081178aaa2c313" />
		<disk name="star wars - rebel assault (europe)" sha1="2027d03f068c90d8f01da0c53a27be7d1d75013a" />
		<disk name="star wars - rebel assault (japan)" sha1="5bcc151caa5257bd7bf98bb881069a6fa218c01b" />
		<disk name="star wars - rebel assault (usa)" sha1="f1049ddf315f3a9ecd29378bc026a05669120112" />
	</machine>
	<machine name="syndicat">
		<description>Syndicate (Europe)</description>
		<year>1995</year>
		<publisher>Domark</publisher>
		<disk name="syndicate (1995)(domark)(pal)(m3)" sha1="c17160c5a52b99cc6ca833d22433fb79ed43a1e2" />
		<disk name="syndicate (usa, prototype)" sha1="7441856d59cee9e7425a7d0716b712be2020082a" />
	</machine>
	<machine name="tcataly">
		<description>Tomcat Alley (Europe)</description>
		<year>1994</year>
		<publisher>Sega</publisher>
		<disk name="tomcat alley (1994)(sega)(ntsc)(jp)" sha1="419d407e3b49a646f04a9e294189b88c33cf3ead" />
		<disk name="tomcat alley (1994)(sega)(pal)(es)" sha1="fe927b2a197f600d1087bd8ca21ae523236b5cbd" />
		<disk name="tomcat alley (1994)(sega)(pal)(fr)" sha1="c6efb9e22235bafdd546ade6133fde3d815df2b7" />
		<disk name="tomcat alley (europe)" sha1="7577af7c7e357159468e726c5f68e69754fcf45c" />
		<disk name="tomcat alley (germany)" sha1="1e9b5447352519d09c4f717995c17f8143a44824" />
		<disk name="tomcat alley (usa)" sha1="b90a1fcdd7371da1c36591b53264e809637b0a18" />
		<disk name="tomcat alley (usa, alt)" sha1="0d2ab8e7934c162ef16d233c62f02b9c0268aca4" />
	</machine>
	<machine name="tenbu">
		<description>Tenbu Mega CD Special (Japan)</description>
		<year>1992</year>
		<publisher>Wolf Team</publisher>
		<disk name="tenbu mega cd special (1992)(wolf team)(jp)[tenbu mega cd special, t-32084][cd-audio]" sha1="816cfd9864245f68d1eec716d54d882b448f349f" />
		<disk name="tenbu mega cd special (japan)" sha1="e973a5a3d51455b394eecccd99c7b62d407c1a82" />
	</machine>
	<machine name="tenkafub">
		<description>Tenkafubu - Eiyuutachi no Houkou (Japan)</description>
		<year>1991</year>
		<publisher>Game Arts</publisher>
		<disk name="tenkafubu - eiyuutachi no houkou (japan)" sha1="9a97b0c278d0a5ba7c2df8e7343811f9a0ccd3f2" />
	</machine>
	<machine name="termintr">
		<description>The Terminator (Europe)</description>
		<year>1994</year>
		<publisher>Virgin Interactive</publisher>
		<disk name="terminator, the (1994)(virgin)(pal)" sha1="8a238d426d58ea1580025e5f4543bed09792662d" />
		<disk name="the terminator (usa)" sha1="43bf02bf06fc5d1bd32bc61b11acd1745d2d7a1d" />
	</machine>
	<machine name="thawk">
		<description>Thunderhawk (Europe)</description>
		<year>1993</year>
		<publisher>Core Design</publisher>
		<disk name="thunderhawk (1993)(core)(pal)(m4)[segat115015re r4c]" sha1="eb2891baf1df4a55124eef0cbe9ebed6b96c4cac" />
		<disk name="thunderhawk (1993)(core)(pal)(m4)[segat115015re r5c]" sha1="dd4cfe52d595a38109b20c03b21e869b1be54f3a" />
		<disk name="thunderhawk (demo) (1993)(core)(pal)" sha1="a19463059a9a87b8b19e25487bc3bb1c50e8c327" />
		<disk name="thunderhawk (demo) (1993)(core)(pal)(m4)[mega power - issue 04]" sha1="77c0bdf969a45e24f25e3e98e1a2bf626e05bb10" />
		<disk name="thunderhawk (europe) (en,fr,de,es)" sha1="904664afa73921a86355e3130b7169c763d15181" />
		<disk name="thunderhawk (japan)" sha1="0e729497bb3ab8c0614c32d1a3f4668584518356" />
		<disk name="thunderhawk hibaihin (japan)" sha1="533205e617a7514de1d9e877c3cc0597ca92e4ea" />
	</machine>
	<machine name="themeprk">
		<description>Theme Park (Europe)</description>
		<year>1995</year>
		<publisher>Domark</publisher>
		<disk name="theme park (1995)(domark)(pal)(m4)" sha1="fb5ca07ca6b42d1ab9541159eab83a22cb64f2a5" />
	</machine>
	<machine name="timecop">
		<description>Time Cop (Europe, prototype)</description>
		<year>19??</year>
		<publisher>&lt;unknown&gt;</publisher>
		<disk name="time cop (pal, beta, complete)" sha1="85fff8d11f87ea866677289e3e031221208bab17" />
		<disk name="time cop (usa, early prototype)" sha1="1faf0b1f68f41d76bd2be4e11ed7ec0d5381da40" status="baddump" />
		<disk name="timecop (demo) (1995)(jvc)(pal)[sega pro cd - issue 45]" sha1="164cd15f0b06b88acd0cb9685c206827821b4a01" />
		<disk name="timecop (early beta) (e)" sha1="bba88d58fc155d03eba31af562246163712c482c" />
		<disk name="timecop (usa, prototype)" sha1="8b002f1767595cbc2a753114574ba3487d5a0011" />
	</machine>
	<machine name="timegal">
		<description>Time Gal (Europe)</description>
		<year>1993</year>
		<publisher>Sega</publisher>
		<disk name="time gal (europe)" sha1="840678ee6bc879ec58a2a80d49fc0e5c8faba12a" />
		<disk name="time gal (japan)" sha1="32fffda2ccc83602a0e6d96a18bb3355a4c3d3d5" />
		<disk name="time gal (usa)" sha1="22c4bc9adb5560c276f0fe88967e04bf279d54d0" />
	</machine>
	<machine name="trivial">
		<description>Trivial Pursuit (USA)</description>
		<year>1993</year>
		<publisher>Parker Brothers</publisher>
		<disk name="trivial pursuit (usa)" sha1="2e23b0b05b67fe4f30286448f030a391b9da9e9b" />
	</machine>
	<machine name="tstormfx">
		<description>Thunder Storm FX (Japan)</description>
		<year>1992</year>
		<publisher>Wolf Team</publisher>
		<disk name="thunder storm fx (1992)(wolf team)(ntsc)(jp)(en)[t32064p-00022-r1m]" sha1="ffbb3832ad9873afa1e5d257e2f93fb3d07ca3e3" />
		<disk name="thunder storm fx (1992)(wolf team)(ntsc)(jp)(en)[t32064p-00022-r2m]" sha1="992cb2f5fd2209dd959b351c5d2f7cc548981dc7" />
		<disk name="thunder storm fx (japan)" sha1="8fa31b15432af06c7471b0ec63c5c9a11a00f2af" />
	</machine>
	<machine name="uruseiya">
		<description>Urusei Yatsura - Dear My Friends (Japan)</description>
		<year>1994</year>
		<publisher>Game Arts</publisher>
		<disk name="urusei yatsura - dear my friends (japan)" sha1="3d3e05daf5f3c4fe36c1d08eec1017daaac06c9e" />
		<disk name="urusei yatsura - dear my friends hibaihin (japan)" sha1="7a96e2445094a93d14934ab454585d4077ecc3ca" />
	</machine>
	<machine name="vay">
		<description>Vay (USA)</description>
		<year>1994</year>
		<publisher>Working Designs</publisher>
		<disk name="vay (usa)" sha1="099e4c43d8ca5eb57854db25cbcbfc3139e41a9e" />
		<disk name="vay - ryuusei no yoroi (japan)" sha1="6579a8763ae92f61e363b389f4bf1e4da9eb57e8" />
	</machine>
	<machine name="virtvcr">
		<description>Virtual VCR - The Colors of Modern Rock (USA)</description>
		<year>1993</year>
		<publisher>Sega / Warner Custom Music</publisher>
		<disk name="virtual vcr - the colors of modern rock (usa)" sha1="1f45476a265c3c1e60c523930d51dd0beff6f282" />
	</machine>
	<machine name="wcup94">
		<description>World Cup USA 94 (Europe)</description>
		<year>1994</year>
		<publisher>U.S. Gold</publisher>
		<disk name="world cup usa 94 (1994)(u.s. gold)(pal)(m8)" sha1="8036b76baf9ca4871ed39ba4afbdd3814557e39b" />
		<disk name="world cup usa 94 (usa)" sha1="cb17c8ea42ec3a7d9562a0e188610a687f6b8829" />
	</machine>
	<machine name="wheelfor">
		<description>Wheel of Fortune (USA)</description>
		<year>1994</year>
		<publisher>Sony Imagesoft</publisher>
		<disk name="wheel of fortune (usa)" sha1="1c48a4dd3d70ed9d4450aea57bb5dc671e5c4a4c" />
	</machine>
	<machine name="whoshot">
		<description>Who Shot Johnny Rock? (USA)</description>
		<year>1994</year>
		<publisher>American Laser Games</publisher>
		<disk name="who shot johnny rock (usa)" sha1="dc9675c0bfc19baae5be13ce1540062c09b930f3" />
	</machine>
	<machine name="wildwood">
		<description>Wild Woody (USA)</description>
		<year>1995</year>
		<publisher>Sega</publisher>
		<disk name="wild woody (usa)" sha1="b19502ae521af64339377d78a8e1d44c9dee7217" />
	</machine>
	<machine name="wilybeam">
		<description>The Adventures of Willy Beamish (USA)</description>
		<year>1993</year>
		<publisher>Dynamix</publisher>
		<disk name="the adventures of willy beamish (usa)" sha1="694476e5e82d7317ec6943d5d749764592045f37" />
	</machine>
	<machine name="wingcomm">
		<description>Wing Commander (USA)</description>
		<year>1993</year>
		<publisher>Electronic Arts</publisher>
		<disk name="wing commander (japan)" sha1="3056c26fda647bc377c9f266df9bc7bda2cd10e4" />
		<disk name="wing commander (usa)" sha1="d36f61f84a87518691438a3c4f9862b2ce23e483" />
	</machine>
	<machine name="winpost">
		<description>Winning Post (Japan)</description>
		<year>1993</year>
		<publisher>Koei</publisher>
		<disk name="winning post (japan)" sha1="85f6dfa7125b37f9471206898d3b51e0ea2857f7" />
	</machine>
	<machine name="wirehead">
		<description>WireHead (USA)</description>
		<year>1995</year>
		<publisher>Sega</publisher>
		<disk name="wirehead (usa)" sha1="762bb917b936f1a781a2fbe66bbe3a9bf5dd5d43" />
	</machine>
	<machine name="wixeye">
		<description>What is X'Eye Multi Entertainment System (USA)</description>
		<year>1994</year>
		<publisher>JVC</publisher>
		<disk name="what is x'eye multi entertainment system (usa)" sha1="926143f74d8bad9cda401bbf651051396e96aa54" />
	</machine>
	<machine name="wmcol">
		<description>WonderMega Collection - Game Garden [MP3-sourced]</description>
		<year>19??</year>
		<publisher>Victor Entertainment</publisher>
		<disk name="wondermega collection - game garden (japan) (alt)" sha1="968f935a26ed155318382bccf86218a7da5c065b" />
		<disk name="wondermegacol (mp3-sourced)" sha1="e75c2b1b68ae201f0b2c0556e87409dcf1d79b8c" status="baddump" />
	</machine>
	<machine name="wolfchld">
		<description>Wolfchild (Europe)</description>
		<year>1993</year>
		<publisher>Sega</publisher>
		<disk name="wolfchild (europe)" sha1="ab3e00347753327a46206acdf5ae16d0645b008a" />
		<disk name="wolfchild (japan)" sha1="42a1505540c34d268809f0199152deaea1ac85dc" />
		<disk name="wolfchild (usa)" sha1="700228109f9fe28bd5af6525c9fe0354913e1c6a" />
	</machine>
	<machine name="wonderdg">
		<description>Wonder Dog (Europe)</description>
		<year>1993</year>
		<publisher>Sega</publisher>
		<disk name="wonder dog (1993)(sega)(pal)" sha1="bdcf1135bf0972ac899521e83b81e1560e3114c5" />
		<disk name="wonder dog (japan)" sha1="04abf554ddfb92e80593787d38018e1673437a99" />
		<disk name="wonder dog (usa)" sha1="dbb8d538de584c38f0d0217777d091b593e27999" />
	</machine>
	<machine name="yumimimx">
		<description>Yumimi Mix (Japan)</description>
		<year>1993</year>
		<publisher>Game Arts</publisher>
		<disk name="yumimi mix (japan)" sha1="4adc66b222b7a26a3f00be9692a81ad343b07b41" />
	</machine>
</datafile>