<?xml version="1.0" encoding="utf-8"?>
<!DOCTYPE datafile PUBLIC "-//Logiqx//DTD ROM Management Datafile//EN" "http://www.logiqx.com/Dats/datafile.dtd">
<datafile>
	<header>
		<name>mtx_hdd</name>
		<description>Memotech MTX Compact Flash images</description>
		<version>0.274</version>
		<author>Pleasuredome</author>
	</header>
	<machine name="cpm54">
		<description>CP/M 54K</description>
		<year>201?</year>
		<publisher>&lt;unknown&gt;</publisher>
		<disk name="cpm54" sha1="cf4a80e6aa229b93c1def5e89e2ee76fe9cba9a7" />
	</machine>
	<machine name="cpm59">
		<description>CP/M 59K</description>
		<year>201?</year>
		<publisher>&lt;unknown&gt;</publisher>
		<disk name="cpm59" sha1="24498c0c954eac2c4bab2e3c5317ceeddef63578" />
	</machine>
	<machine name="fuzix">
		<description>Fuzix OS</description>
		<year>2019</year>
		<publisher>Etched Pixels</publisher>
		<disk name="fuzix" sha1="ff1934600cf630d11d904ef0915a596ff89fab69" />
	</machine>
	<machine name="hextrain">
		<description>Hex-Train</description>
		<year>2016</year>
		<publisher>Andy Key</publisher>
		<disk name="hextrain" sha1="da8ad4944eff3e34254f4d9685b00c22c159b543" />
	</machine>
</datafile>