<?xml version="1.0" encoding="utf-8"?>
<!DOCTYPE datafile PUBLIC "-//Logiqx//DTD ROM Management Datafile//EN" "http://www.logiqx.com/Dats/datafile.dtd">
<datafile>
	<header>
		<name>nuon</name>
		<description>NUON DVD-ROMs</description>
		<version>0.274</version>
		<author>Pleasuredome</author>
	</header>
	<machine name="ballstic">
		<description>Ballistic (USA, Europe)</description>
		<year>2000</year>
		<publisher>VM Labs, Inc.</publisher>
		<disk name="ballistic (usa, europe)" sha1="5371a3abfb92bc1841d3416938bc07b2619024f0" />
	</machine>
	<machine name="freefall">
		<description>FreeFall 3050 A.D. (USA, Europe)</description>
		<year>2000</year>
		<publisher>VM Labs, Inc.</publisher>
		<disk name="freefall 3050 a.d. (usa, europe)" sha1="5bbff6c8576a97a6cb5deabce59de4280157df5a" />
	</machine>
	<machine name="is3">
		<description>Iron Soldier 3 (USA)</description>
		<year>2001</year>
		<publisher>VM Labs, Inc.</publisher>
		<disk name="iron soldier 3 (usa)" sha1="5e8951552c80fb0148de33fd2c77c29a9a769603" />
	</machine>
	<machine name="jm3">
		<description>Jjangguneun Monmallyeo 3: Doraon Jjanggu (Korea)</description>
		<year>2001</year>
		<publisher>VM Labs, Inc.</publisher>
		<disk name="jjangguneun monmallyeo 3 - doraon jjanggu (korea)" sha1="ff2bfb2108643610969980112c5938491f3df3bb" />
	</machine>
	<machine name="merlinr">
		<description>Merlin Racing (USA, Europe)</description>
		<year>2000</year>
		<publisher>VM Labs, Inc.</publisher>
		<disk name="merlin racing (usa, europe)" sha1="80116c3c9440492678f8f072c5fabd2cedb3034e" />
	</machine>
	<machine name="spacinvx">
		<description>Space Invaders XL (USA)</description>
		<year>2001</year>
		<publisher>VM Labs, Inc.</publisher>
		<disk name="space invaders xl (usa)" sha1="c411ef4306f95532d06a4b7e89d2a7a171f2a16f" />
	</machine>
	<machine name="tempest3">
		<description>Tempest 3000 (USA, Europe)</description>
		<year>2000</year>
		<publisher>VM Labs, Inc.</publisher>
		<disk name="tempest 3000 (usa, europe)" sha1="5b7ce3b1ea5897d789d5ab2435eaf79b08f60e79" />
	</machine>
	<machine name="toshsamp">
		<description>The Next Tetris / Toshiba Sampler (11-1-2000) (USA)</description>
		<year>2000</year>
		<publisher>Toshiba</publisher>
		<disk name="the next tetris - toshiba sampler (11-1-2000) (usa)" sha1="27051216969f17c6f4e832338c860c58fe8d127f" />
	</machine>
</datafile>