<?xml version="1.0" encoding="utf-8"?>
<!DOCTYPE datafile PUBLIC "-//Logiqx//DTD ROM Management Datafile//EN" "http://www.logiqx.com/Dats/datafile.dtd">
<datafile>
	<header>
		<name>pc8801_cdrom</name>
		<description>NEC PC-8801 CD-ROMs</description>
		<version>0.274</version>
		<author>Pleasuredome</author>
	</header>
	<machine name="takabako">
		<description>CD Takarabako</description>
		<year>1989</year>
		<publisher>NEC</publisher>
		<disk name="cd takarabako (japan)" sha1="fa04ebd2556c6508a2401e9a261b8bce843164c0" />
	</machine>
</datafile>