<?xml version="1.0" encoding="utf-8"?>
<!DOCTYPE datafile PUBLIC "-//Logiqx//DTD ROM Management Datafile//EN" "http://www.logiqx.com/Dats/datafile.dtd">
<datafile>
	<header>
		<name>pippin</name>
		<description>Pippin CD-ROMs</description>
		<version>0.274</version>
		<author>Pleasuredome</author>
	</header>
	<machine name="actdesu">
		<description>ActionDesigner Ultraman Tiga (Jpn)</description>
		<year>1996</year>
		<publisher>Bandai</publisher>
		<disk name="actdesu" sha1="039f8e9a149686a9901ee36366896ee3ad762e30" />
	</machine>
	<machine name="aishogi">
		<description>AI Shogi (Jpn)</description>
		<year>1996</year>
		<publisher>ASG</publisher>
		<disk name="aishogi" sha1="00c04dcfcfc8ec9bf4878f8c2a5f7b8fe4c9d4ab" />
	</machine>
	<machine name="animedbz">
		<description>AnimeDesigner - Dragon Ball Z (Jpn)</description>
		<year>1996</year>
		<publisher>Bandai</publisher>
		<disk name="animedbz" sha1="cf680e743e4efde824b150d1564ac57bbfcffa98" />
	</machine>
	<machine name="anpanain">
		<description>Anpanman no AIUEO~N! (Jpn)</description>
		<year>1996</year>
		<publisher>Bandai</publisher>
		<disk name="anpanain" sha1="208a6f3fc77fab7cd81733e3cf68c9847b6080e3" />
	</machine>
	<machine name="anpanas1">
		<description>Anpanman to Asobou! 1 (Jpn)</description>
		<year>1996</year>
		<publisher>Bandai</publisher>
		<disk name="anpanas1" sha1="0ee04adbe9279fa1703f7e0d7f1e35635a118805" />
	</machine>
	<machine name="anpanas2">
		<description>Anpanman to Asobou! 2 (Jpn)</description>
		<year>1996</year>
		<publisher>Bandai</publisher>
		<disk name="anpanas2" sha1="e2a0694f0c46628fc17d95b487eaf2da7231fba0" />
	</machine>
	<machine name="atcard">
		<description>@Card SD Gundam Gaiden (Jpn)</description>
		<year>1997</year>
		<publisher>Bandai</publisher>
		<disk name="atcard" sha1="85510c817c27619464bbaba64a842459328e2e40" />
	</machine>
	<machine name="atmtown2">
		<description>Atmark Town (Jpn, Ver. 2.0)</description>
		<year>1996</year>
		<publisher>Bandai</publisher>
		<disk name="atmtown2" sha1="7e0909d1be9d27684aa45241f9fc00b1a8c59101" />
	</machine>
	<machine name="atmtown">
		<description>Atmark Town (Jpn, Ver. 1.0)</description>
		<year>1996</year>
		<publisher>Bandai</publisher>
		<disk name="atmtown" sha1="37e770e8824e5a990cb71143eb17cc55bbc97fb7" />
		<disk name="atmtowna" sha1="f9273af774fedf209e1eac0ceb6ec601fc1e3886" />
	</machine>
	<machine name="atworldb">
		<description>@World Basics (USA)</description>
		<year>1996</year>
		<publisher>Apple</publisher>
		<disk name="atworldb" sha1="33ac653d8d28929694c00d50837fd6141c1fcad7" />
	</machine>
	<machine name="atworldo">
		<description>@World Online Suite Browser (USA)</description>
		<year>1997</year>
		<publisher>Apple</publisher>
		<disk name="atworldo" sha1="9968e26ec29e99a778c516758217883a88ed01af" />
	</machine>
	<machine name="browserb">
		<description>@World Browser (USA, Prototype)</description>
		<year>1997</year>
		<publisher>Apple</publisher>
		<disk name="browserb" sha1="e8c909b179210f3bf92f518a3d31b518a84e07de" />
	</machine>
	<machine name="catalog">
		<description>Pippin Title CD-ROM Catalog: Vol. I: 1996.3 (Jpn)</description>
		<year>1996</year>
		<publisher>Bandai</publisher>
		<disk name="catalog" sha1="5d831463dc423bf119de14857cd5f06f6bf146a4" />
		<disk name="cataloga" sha1="5154396aca522c0216236a0949da2e2bc10c3bb5" />
	</machine>
	<machine name="chisatom">
		<description>Chisato Moritaka CD-Rom Watarase Bashi (Jpn)</description>
		<year>1996</year>
		<publisher>Oracion</publisher>
		<disk name="chisatom" sha1="0c1a34b194179a2c993ab211f4b3f420eebe5563" />
	</machine>
	<machine name="circus">
		<description>Circus! (Jpn)</description>
		<year>1996</year>
		<publisher>Voyager</publisher>
		<disk name="circus" sha1="826b2ad9c271126e13e898dddf29d40d60ba1754" />
	</machine>
	<machine name="compton">
		<description>Compton's Interactive Encyclopedia (USA)</description>
		<year>1996</year>
		<publisher>&lt;unknown&gt;</publisher>
		<disk name="compton" sha1="d30c34a1f32761e8dc0a8b8e01051099e1255d02" />
	</machine>
	<machine name="dazzloid">
		<description>Dazzeloids (Jpn)</description>
		<year>1996</year>
		<publisher>Voyager</publisher>
		<disk name="dazzloid" sha1="d5b68846455e3dbe33d33c932c4fe02778c16a12" />
	</machine>
	<machine name="egwordp">
		<description>EGWord Pure (Jpn, Ver. 1.0)</description>
		<year>1996</year>
		<publisher>&lt;unknown&gt;</publisher>
		<disk name="egwordp" sha1="1db32f1fc16d3c639ddecd2e39a070b8e5783383" />
	</machine>
	<machine name="ffaliens">
		<description>Funky Funny Aliens (Jpn)</description>
		<year>1996</year>
		<publisher>Amuse</publisher>
		<disk name="ffaliens" sha1="a4f0cec5f084720f07684c3b326547d1a19cfe55" />
	</machine>
	<machine name="fortulia">
		<description>Fortullia (Jpn)</description>
		<year>1996</year>
		<publisher>Bandai</publisher>
		<disk name="fortulia" sha1="d9ba61dc93d168da603ef66a581d2e8bad239c98" />
	</machine>
	<machine name="franky">
		<description>Franky Online (Jpn)</description>
		<year>1996</year>
		<publisher>Bandai</publisher>
		<disk name="franky" sha1="fbac6fcf5d43c68acbe1ba30288228f83268652b" />
		<disk name="frankya" sha1="dbdb2947b30369e06b49276e678ba10fc54607f9" />
	</machine>
	<machine name="gadget">
		<description>Gadget (Jpn)</description>
		<year>1996</year>
		<publisher>Synergy Ikunangaku</publisher>
		<disk name="gadget" sha1="e9e7996b6f767c887e1ac9cd053bf28084a59ccf" />
	</machine>
	<machine name="gakkoku">
		<description>Gakko no Kowai Uwasa - Hanako-san ga Kita!! (Jpn)</description>
		<year>1996</year>
		<publisher>Amuse</publisher>
		<disk name="gakkoku" sha1="0acb92329d2e0a632d2e51d0a182e2d5efd14e35" />
	</machine>
	<machine name="gundamvm">
		<description>Gundam Virtual Modeler Light (Jpn)</description>
		<year>1996</year>
		<publisher>Bandai</publisher>
		<disk name="gundamvm" sha1="98e03fa882108200fd211269288e682d2a8a6e0a" />
	</machine>
	<machine name="gundamwb">
		<description>Mobile Suit Gundam - White Base (Jpn)</description>
		<year>1996</year>
		<publisher>Bandai</publisher>
		<disk name="gundamwb" sha1="0c4ea52dc8fbcbf523203eec0f6d14e525032baf" />
	</machine>
	<machine name="gundamwe">
		<description>Gundam 0079 - The War for Earth (Jpn)</description>
		<year>1996</year>
		<publisher>Bandai</publisher>
		<disk name="gundamwe" sha1="207af452e557386909f68756d5cf2c35a8185c39" />
	</machine>
	<machine name="gundamzd">
		<description>Mobile Suit Gundam - Zion Dukedom Military-File (Jpn)</description>
		<year>1996</year>
		<publisher>Bandai</publisher>
		<disk name="gundamzd" sha1="c6705c416af0ac59a802a86e68fffaf973564435" />
	</machine>
	<machine name="gundtact">
		<description>Gundam Tactics - Mobility Fleet0079 (Jpn)</description>
		<year>1996</year>
		<publisher>Bandai</publisher>
		<disk name="gundtact" sha1="11a2b1e31f373bd7c683fcb32bd46927c0ca4458" />
		<disk name="gundtacta" sha1="6495e1f9bb17099b21c83dfd5d28b2d47a1de097" />
	</machine>
	<machine name="hanshind">
		<description>1995.1.17 Hanshin Daishinsai (Jpn)</description>
		<year>1996</year>
		<publisher>Keikakudo</publisher>
		<disk name="hanshind" sha1="d83d9883ad6a64d30a92d966efe24db26a1d4cb6" />
	</machine>
	<machine name="interkit">
		<description>Internet Kit (Jpn)</description>
		<year>1996</year>
		<publisher>Bandai</publisher>
		<disk name="interkit" sha1="387977e2643a255ead93536a63ed2748c35b263b" />
	</machine>
	<machine name="interkt2">
		<description>Internet Kit (Jpn, Ver. 2.0)</description>
		<year>1996</year>
		<publisher>Bandai</publisher>
		<disk name="interkt2" sha1="9fdd2082459450fa11f55e430affb059a1494b5b" />
	</machine>
	<machine name="kidsbox">
		<description>Kids Box (Jpn)</description>
		<year>1996</year>
		<publisher>Ask Kodansha</publisher>
		<disk name="kidsbox" sha1="2b60fa2ac195c323f23f5f743a5eb911903d112d" />
	</machine>
	<machine name="lzone">
		<description>L-Zone (Jpn)</description>
		<year>1996</year>
		<publisher>Synergy Ikunangaku</publisher>
		<disk name="lzone" sha1="1e9b79b0bfd6ef11b9b44e0bd90c34d7da32617c" />
	</machine>
	<machine name="macbin4b">
		<description>Mac Bin 40 B (Jpn)</description>
		<year>1997</year>
		<publisher>&lt;unknown&gt;</publisher>
		<disk name="macbin4b" sha1="bdbd0aa161dd38bd141da7ece319df94ef1f1ca6" />
	</machine>
	<machine name="macbin38">
		<description>Mac Bin 38 (Jpn)</description>
		<year>1997</year>
		<publisher>&lt;unknown&gt;</publisher>
		<disk name="macbin38" sha1="f5fee76b5586064da06eb396ccfd931534133b46" />
	</machine>
	<machine name="macbin40">
		<description>Mac Bin 40 A (Jpn)</description>
		<year>1997</year>
		<publisher>&lt;unknown&gt;</publisher>
		<disk name="macbin40" sha1="36255caf7922598a193bfaa2a8264bbcdc103890" />
	</machine>
	<machine name="maconpip">
		<description>Macintosh on Pippin (USA)</description>
		<year>1996</year>
		<publisher>&lt;unknown&gt;</publisher>
		<disk name="maconpip" sha1="278be8ad232a83d9fa6a7c4fb0f28337b37d3b0f" />
	</machine>
	<machine name="music1">
		<description>Music Island Vol. 1 (Prokofiev Peter &amp; the Wolf) (Jpn)</description>
		<year>1996</year>
		<publisher>Oracion</publisher>
		<disk name="music1" sha1="445690344db76dcd35365be47c6a61b10c23f0ca" />
	</machine>
	<machine name="music2">
		<description>Music Island Vol. 2 (Tchaikovsky The Nutcracker) (Jpn)</description>
		<year>1996</year>
		<publisher>Oracion</publisher>
		<disk name="music2" sha1="b6b55459da9c46ef4f43183772581e4c35cdd2a3" />
	</machine>
	<machine name="music3">
		<description>Music Island Vol. 3 (Vivaldi The Four Seasons) (Jpn)</description>
		<year>1996</year>
		<publisher>Oracion</publisher>
		<disk name="music3" sha1="84993f48ad434ea941331fbbdaa30bf67169cc15" />
	</machine>
	<machine name="music4">
		<description>Music Island Vol. 4 (Saint-Saens Carnival of the Animals) (Jpn)</description>
		<year>1996</year>
		<publisher>Oracion</publisher>
		<disk name="music4" sha1="5902202f84c0632a912c95f758ad531ff2d9aa0f" />
	</machine>
	<machine name="navcd11">
		<description>Pippin Navigator CD (Jpn, Ver. 1.1)</description>
		<year>1996</year>
		<publisher>Bandai</publisher>
		<disk name="navcd11" sha1="d6e34bf571ac7c008a3b372e2fa26323cbdec99b" />
	</machine>
	<machine name="navcd">
		<description>Pippin Navigator CD (Jpn)</description>
		<year>1996</year>
		<publisher>Bandai</publisher>
		<disk name="navcd" sha1="3017223b57681b060fe2983274abeecb6d068b11" />
	</machine>
	<machine name="nemuyoru">
		<description>Nemurenu Yoru no Chiisana Ohanashi (Jpn)</description>
		<year>1996</year>
		<publisher>Amuse</publisher>
		<disk name="nemuyoru" sha1="e27663ada1a6b982ac1283220cd6f8a8eaedf203" />
	</machine>
	<machine name="netcd2">
		<description>Pippin Network CD (Jpn, Ver. 2.0)</description>
		<year>1996</year>
		<publisher>Bandai</publisher>
		<disk name="netcd2" sha1="ac7f93fd1b9cec9c7e06227b415e0c99c31b0cd5" />
	</machine>
	<machine name="netcd21">
		<description>Pippin Network CD (Jpn, Ver. 2.1)</description>
		<year>1996</year>
		<publisher>Bandai</publisher>
		<disk name="netcd21" sha1="68dddea21c109fccad615255a37c45aadb8f0dac" />
	</machine>
	<machine name="netcd">
		<description>Pippin Network CD (Jpn)</description>
		<year>1996</year>
		<publisher>Bandai</publisher>
		<disk name="netcd" sha1="864e1df2e6f5dd2d71600477687e6b5abd831b16" />
	</machine>
	<machine name="pease">
		<description>Pease (Jpn)</description>
		<year>1996</year>
		<publisher>MAKI Enterprise</publisher>
		<disk name="pease" sha1="d4d2dda44abcda23c8affd09f7067d948efa7f56" />
	</machine>
	<machine name="peasetur">
		<description>Pease Turbo (Jpn)</description>
		<year>1996</year>
		<publisher>MAKI Enterprise</publisher>
		<disk name="peasetur" sha1="a340819b3602c6688f764af1f276f54a61f20f6e" />
	</machine>
	<machine name="postcard">
		<description>Post de Card Light (Jpn, Ver. 3.0)</description>
		<year>1996</year>
		<publisher>Bandai</publisher>
		<disk name="postcard" sha1="72115d95908c778ba60c7cb7dd5cbc03779a8559" />
	</machine>
	<machine name="powerran">
		<description>Power Rangers Zeo Vs. The Machine Empire (USA)</description>
		<year>1996</year>
		<publisher>Bandai</publisher>
		<disk name="powerran" sha1="7eb631487f4ee521d157c2e5b5280af9346cd6a7" />
	</machine>
	<machine name="racingd">
		<description>Racing Days (Jpn)</description>
		<year>1996</year>
		<publisher>Bandai</publisher>
		<disk name="racingd" sha1="06895708d6538f595a28db46e2ca36e559a6caa3" />
	</machine>
	<machine name="sdgundam">
		<description>SD Gundam Wars (Jpn)</description>
		<year>1996</year>
		<publisher>Bandai</publisher>
		<disk name="sdgumdam" sha1="386027d308faef30da461486b138dd8dae616c94" />
	</machine>
	<machine name="sdk">
		<description>Pippin Software Develepment Kit (1996.11)</description>
		<year>1996</year>
		<publisher>Bandai</publisher>
		<disk name="sdk" sha1="c4632cb71506d280da41893cb244b9c628c256f3" />
	</machine>
	<machine name="sdultram">
		<description>SD Ultraman no Chyousen! Meiro Island (Jpn)</description>
		<year>1996</year>
		<publisher>Bandai</publisher>
		<disk name="sdultram" sha1="11762569031abff107d947af89f56776037b2d9b" />
	</machine>
	<machine name="seesawc1">
		<description>SeesawC 1 - My favorite things - Sukinamonodake Eitango 120 (Jpn)</description>
		<year>1996</year>
		<publisher>Aigaareba Daijoubu</publisher>
		<disk name="seesawc1" sha1="fa3e0fb2bd5a1c75f4c50d9e67c6cab5ad02b892" />
	</machine>
	<machine name="seesawc2">
		<description>SeesawC 2 - My favorite places - Sukinatokorode Eitango 400 (Jpn)</description>
		<year>1996</year>
		<publisher>Aigaareba Daijoubu</publisher>
		<disk name="seesawc2" sha1="59189f06f8e82eab1f7c01705bb0c3c780483e00" />
	</machine>
	<machine name="shichiso">
		<description>Shichisokusen (Jpn)</description>
		<year>1996</year>
		<publisher>Media Five</publisher>
		<disk name="shichiso" sha1="0f9229cfc7db40339c949ff264be80f10cfe7545" />
	</machine>
	<machine name="shockwav">
		<description>Shockwave - Invasion Earth 2019 (Jpn)</description>
		<year>1996</year>
		<publisher>Electronic Arts Victor</publisher>
		<disk name="shockwav" sha1="8aae6a286ac6a04632378f7bf8b912cf3597cd94" />
	</machine>
	<machine name="supermar">
		<description>Super Marathon (USA)</description>
		<year>19??</year>
		<publisher>Bandai</publisher>
		<disk name="supermar" sha1="b5aed18581524caaf03c582869a9166bc1fdb2f3" />
		<disk name="supermara" sha1="f9833a88b0b0ea094be099df3357652dc06d7243" />
	</machine>
	<machine name="tamagotc">
		<description>Tamagotchi CD-ROM (Jpn)</description>
		<year>1997</year>
		<publisher>Bandai</publisher>
		<disk name="tamagotc" sha1="3cc169f56144262b345a5fce3dfdded1f44bd5d7" />
	</machine>
	<machine name="tbreak">
		<description>T-Break (Jpn)</description>
		<year>1996</year>
		<publisher>Infocity</publisher>
		<disk name="tbreak" sha1="302c04fc7a0a660f3e8849a9f3ed190188f2b6de" />
	</machine>
	<machine name="thomas">
		<description>Hashitte Asobou! Kikansha Thomas (Jpn)</description>
		<year>1996</year>
		<publisher>Bandai</publisher>
		<disk name="thomas" sha1="6b99e021257a4a784d1238d3f6a0e5386b955157" />
	</machine>
	<machine name="tropicis">
		<description>Tropic Island (Jpn)</description>
		<year>1996</year>
		<publisher>Momoderazu Brand</publisher>
		<disk name="tropicis" sha1="9c929f38229a17d6bd65ed68d4d396dc06239d39" />
	</machine>
	<machine name="tunglue">
		<description>Tunin' Glue (Jpn)</description>
		<year>1996</year>
		<publisher>Bandai</publisher>
		<disk name="tunglue" sha1="54585da0ce3774e621a50b47b2723ea529e889d5" />
	</machine>
	<machine name="tvworks">
		<description>TV Works - Word Paint Mail (Jpn, Ver. 1.0)</description>
		<year>1996</year>
		<publisher>Bandai</publisher>
		<disk name="tvworks" sha1="353d4c82e29fed3cab1ea8ce93107f6aa58bf6a0" />
	</machine>
	<machine name="tvwrks2">
		<description>TV Works (Jpn, Ver. 2.0)</description>
		<year>1996</year>
		<publisher>Bandai</publisher>
		<disk name="tvwrks2" sha1="a6fdba7bec60e7ceb3b29b3e4900ba0100a3da09" />
	</machine>
	<machine name="tvwrks3">
		<description>TV Works (USA, Ver. 3.0)</description>
		<year>1996</year>
		<publisher>Bandai</publisher>
		<disk name="tvwrks3" sha1="e4c4dd7128fb98818c37d48951d539edba911ed0" />
	</machine>
	<machine name="tvwrks21">
		<description>TV Works (Jpn, Ver. 2.1)</description>
		<year>1996</year>
		<publisher>Bandai</publisher>
		<disk name="tvwrks21" sha1="d56fa2c12d74c5ae053a750ffa14625b61aa5656" />
	</machine>
	<machine name="tvwrksp">
		<description>TV Works (Jpn, Ver. POP)</description>
		<year>1996</year>
		<publisher>Bandai</publisher>
		<disk name="tvwrksp" sha1="cde8f993e4c8d99a34f3c54429b8ec4cebc65103" />
	</machine>
	<machine name="ultraman">
		<description>Ultraman - The Digital Board Game (Jpn)</description>
		<year>1996</year>
		<publisher>Bandai</publisher>
		<disk name="ultraman" sha1="a47f7953f2cbeb9e0106aebf67cda9f6e25b18dd" />
		<disk name="ultramana" sha1="4e0b449d2e534a3ea5f1f1a7b33be086a64ee1b7" />
	</machine>
	<machine name="ultramaq">
		<description>Ultraman Quiz King (Jpn)</description>
		<year>1996</year>
		<publisher>Bandai</publisher>
		<disk name="ultramaq" sha1="d611d2faabdf654a84737b501dbbb95e4c8804a4" />
	</machine>
	<machine name="victorp">
		<description>Victorian Park (Jpn)</description>
		<year>1996</year>
		<publisher>Bandai</publisher>
		<disk name="victorp1" sha1="07e48a9f50be90f1243f917e5f1491a33aedb32d" />
		<disk name="victorp2" sha1="bff02e88df613b39aba35258e8e6012807a8c081" />
	</machine>
	<machine name="webview">
		<description>WebViewer With Microsoft Internet Explorer 3.0 for Macintosh (Jpn)</description>
		<year>1996</year>
		<publisher>&lt;unknown&gt;</publisher>
		<disk name="webview" sha1="e4164d3e13ad93f2a604fb97dc2061b077fa256f" />
	</machine>
	<machine name="yellow1">
		<description>Yellow Brick Road I (Jpn)</description>
		<year>1996</year>
		<publisher>Synergy Ikunangaku</publisher>
		<disk name="yellow1" sha1="ac9f59cca09608e034c695a560aa7948d8e649b5" />
	</machine>
	<machine name="yellow2">
		<description>Yellow Brick Road II - Glinda to Nishi no Majo (Jpn)</description>
		<year>1996</year>
		<publisher>Synergy Ikunangaku</publisher>
		<disk name="yellow21" sha1="84d6f55c14a3f72c3c324ebf7b60a462ea914a2f" />
		<disk name="yellow22" sha1="b707ada43a3ecee8fefb41d112919021001a05df" />
	</machine>
	<machine name="yellows">
		<description>Yellows - Akira Gomi Photographs (Jpn)</description>
		<year>1996</year>
		<publisher>Digitalogue</publisher>
		<disk name="yellows" sha1="0a88a47018b6d7e5750b916e74e22bd35ac007a6" />
	</machine>
	<machine name="yellws2">
		<description>Yellows 2.0 - Tokyo 1993 Akira Gomi Photographs (Jpn)</description>
		<year>1996</year>
		<publisher>Digitalogue</publisher>
		<disk name="yellws2" sha1="bdeacbbadfc8acba80e3778ed33a757416dd1767" />
	</machine>
	<machine name="yokumite">
		<description>Yoku Mite Goran! (Jpn)</description>
		<year>1996</year>
		<publisher>Voyager</publisher>
		<disk name="yokumite" sha1="9edbbb48a197ddaf386db7cf5902adc766f65b27" />
	</machine>
	<machine name="zukkoke">
		<description>Zukkoke Sanningumi - Drama Satsujin Jiken (Jpn)</description>
		<year>1996</year>
		<publisher>Bandai</publisher>
		<disk name="zukkoke" sha1="2a541850909403f4ce30a798079e66b2a68364c0" />
	</machine>
</datafile>