<?xml version="1.0" encoding="utf-8"?>
<!DOCTYPE datafile PUBLIC "-//Logiqx//DTD ROM Management Datafile//EN" "http://www.logiqx.com/Dats/datafile.dtd">
<datafile>
	<header>
		<name>softbox</name>
		<description>SSE SoftBox diskettes</description>
		<version>0.274</version>
		<author>Pleasuredome</author>
	</header>
	<machine name="corvus11">
		<description>SoftBox CP/M 2.2 (Corvus Model 11)</description>
		<year>1981</year>
		<publisher>Small Systems Engineering</publisher>
		<disk name="imi5012h" sha1="ae7bdad4dfeee1351e67ffcbf8c634006c03697f" />
	</machine>
</datafile>