<?xml version="1.0" encoding="utf-8"?>
<!DOCTYPE datafile PUBLIC "-//Logiqx//DTD ROM Management Datafile//EN" "http://www.logiqx.com/Dats/datafile.dtd">
<datafile>
	<header>
		<name>thinkpad8xx</name>
		<description>IBM ThinkPad Power Series software</description>
		<version>0.274</version>
		<author>Pleasuredome</author>
	</header>
	<machine name="aix_4_1_5">
		<description>AIX 4.1.5</description>
		<year>1997</year>
		<publisher>IBM</publisher>
		<disk name="aix_4.1.5_disc_01" sha1="4c49c8190e33c2c7f13a74d7332d384edd6b3042" />
		<disk name="aix_4.1.5_disc_02" sha1="228afedd90619e89c6b466b4970bda0e5a3e9a13" />
	</machine>
	<machine name="aix_4">
		<description>AIX 4</description>
		<year>1995</year>
		<publisher>IBM</publisher>
		<disk name="aix-v4-cd1" sha1="f4a123d7a05de29a43d72b96cbf724ef07855529" />
		<disk name="aix-v4-cd2" sha1="4e02e0ab831031972774bc7c915bed9af9be2d63" />
		<disk name="pers-conf-cd" sha1="a04abd5319b493bd80be4b7c9cdcf6955d93f655" />
		<disk name="prog-pack-cd" sha1="e0b3c31db2bb6f62a23ba557a882a1c64e46a0cf" />
		<disk name="voicetype-aix-cd" sha1="117ca460aa35d7000072ce2bb4ea6647c9b5c8eb" />
	</machine>
	<machine name="os2w_ppc">
		<description>OS/2 Warp PowerPC Edition</description>
		<year>1995</year>
		<publisher>IBM</publisher>
		<disk name="os2-ppc-cd1-os" sha1="b646fdb3ab5f982304e7cbaf6bd735e20cc66198" />
		<disk name="os2-ppc-cd2-sampler" sha1="e1fd3631c353b2903d35658a59e8a79b6306c1d2" />
	</machine>
	<machine name="sol_2_5_1_ppc">
		<description>Solaris 2.5.1 Limited Availability PowerPC Platform Edition</description>
		<year>1996</year>
		<publisher>Sun Microsystem</publisher>
		<disk name="solaris_2.5.1_powerpc" sha1="61f003bf259e472673b6f65b18ed9b2629ea396b" />
		<disk name="solaris_desktop_1.1_powerpc" sha1="00502ae94b626f0fc3a080ba1c419397b8aaaae3" />
	</machine>
	<machine name="win_nt_3_5_ppc">
		<description>Windows NT Workstation 3.5 PowerPC Edition</description>
		<year>1994</year>
		<publisher>IBM</publisher>
		<disk name="windows_nt_3.5_workstation_powerpc" sha1="ea1035d1c7f68d8237926125e9a9ccae83fa3f82" />
	</machine>
</datafile>