<?xml version="1.0" encoding="utf-8"?>
<!DOCTYPE datafile PUBLIC "-//Logiqx//DTD ROM Management Datafile//EN" "http://www.logiqx.com/Dats/datafile.dtd">
<datafile>
	<header>
		<name>vis</name>
		<description>Tandy/Memorex Video Information System CD-ROM images</description>
		<version>0.274</version>
		<author>Pleasuredome</author>
	</header>
	<machine name="amherit">
		<description>American Heritage - Illustrated Encyclopedic Dictionary</description>
		<year>1992</year>
		<publisher>Xiphias</publisher>
		<disk name="American Heritage - Illustrated Encyclopedic Dictionary (USA)" sha1="aa708c6fc807a4cf9f5b255674ddcd421ba82a51" />
	</machine>
	<machine name="amparks">
		<description>America's National Parks</description>
		<year>1992</year>
		<publisher>Multicom Publishing</publisher>
		<disk name="America's National Parks (USA)" sha1="7f38820e6f690903f2c0fe2ff1f8dcec3831d553" />
	</machine>
	<machine name="amspace">
		<description>Americans in Space</description>
		<year>1992</year>
		<publisher>Multicom Publishing</publisher>
		<disk name="Americans in Space (USA)" sha1="31a960a4d6f0f5a37fe5f16a54e1ca91c92f6b34" />
	</machine>
	<machine name="amvista">
		<description>American Vista</description>
		<year>1992</year>
		<publisher>Applied Optical Media</publisher>
		<disk name="American Vista (USA)" sha1="572b8ade674a6599a34007a80a0f360c9abaef0b" />
	</machine>
	<machine name="animals">
		<description>Multimedia Animals Encyclopedia</description>
		<year>1993</year>
		<publisher>Applied Optical Media</publisher>
		<disk name="Multimedia Animals Encyclopedia (USA)" sha1="5bc378803dfa6546b5519ce8239c4bc0f189395f" />
	</machine>
	<machine name="astrology">
		<description>Astrology Source</description>
		<year>1992</year>
		<publisher>Multicom</publisher>
		<disk name="Astrology Source (USA)" sha1="9d31f8eb99078393f5c660a9a704d756eab622ff" />
	</machine>
	<machine name="atlaspres">
		<description>Atlas of U.S. Presidents</description>
		<year>1992</year>
		<publisher>Applied Optical Media</publisher>
		<disk name="Atlas of U.S. Presidents (USA)" sha1="a4798f33305d53384ab62cf63da5ea3501901430" />
	</machine>
	<machine name="biblelands">
		<description>Bible Lands, Bible Stories</description>
		<year>1992</year>
		<publisher>Context Systems</publisher>
		<disk name="Bible Lands, Bible Stories (USA)" sha1="d8f7b27a73aa5813517c570e28bbb53282db6f1d" />
	</machine>
	<machine name="columbus">
		<description>Sail with Columbus</description>
		<year>1992</year>
		<publisher>Parallax Publishing</publisher>
		<disk name="Sail with Columbus (USA)" sha1="4dd3f5b59ece8073cccff0e1d5066941125b7200" />
	</machine>
	<machine name="comptons">
		<description>Compton's MultiMedia Encyclopedia VIS Edition</description>
		<year>1992</year>
		<publisher>Compton's NewMedia</publisher>
		<disk name="Compton's MultiMedia Encyclopedia VIS Edition (USA)" sha1="0b0b98498c77949700763709b8f4e092f814d645" />
	</machine>
	<machine name="dec24">
		<description>December 24th</description>
		<year>1992</year>
		<publisher>Macmillan New Media</publisher>
		<disk name="December 24th (USA)" sha1="cd94ab849aa9d185df052a7219f3450b0a35b474" />
	</machine>
	<machine name="discis_cask">
		<description>Discis Books Multimedia - The Cask of Amontillado</description>
		<year>1992</year>
		<publisher>Discis Knowledge Research</publisher>
		<disk name="Discis Books Multimedia - The Cask of Amontillado - Edgar Allan Poe (USA) (En,Es)" sha1="781bde92ff6df9e0051ae8c42bdf553cb2361ceb" />
	</machine>
	<machine name="discis_necklace">
		<description>Discis Books Multimedia - The Necklace</description>
		<year>1993</year>
		<publisher>Discis Knowledge Research</publisher>
		<disk name="Discis Books Multimedia - The Necklace - Guy de Maupassant (USA) (En,Es)" sha1="a387503f794270552bad6adf0124c21b68877141" />
	</machine>
	<machine name="discis_ttheart">
		<description>Discis Books Multimedia - The Tell-Tale Heart</description>
		<year>1992</year>
		<publisher>Discis Knowledge Research</publisher>
		<disk name="Discis Books Multimedia - The Tell-Tale Heart - Edgar Allan Poe (USA) (En,Es)" sha1="4700e7c8f45ed4414a3483187d663315b8adf79f" />
	</machine>
	<machine name="fitness">
		<description>Fitness Partner</description>
		<year>1993</year>
		<publisher>Computer Directions</publisher>
		<disk name="Fitness Partner (USA)" sha1="39453577fd164118a637753aa4eecebf477f744d" />
	</machine>
	<machine name="grandma">
		<description>Mercer Mayer's Just Grandma and Me</description>
		<year>1992</year>
		<publisher>Broderbund Software</publisher>
		<disk name="Mercer Mayer's Just Grandma and Me (USA) (En,Ja,Es)" sha1="a6357a6e3d3973eb2a394284b67f24285a2eca5e" />
	</machine>
	<machine name="greatlives">
		<description>Great Lives Series - Interactive Biographies of American Heroes Vol. 1</description>
		<year>1992</year>
		<publisher>The JLR Group</publisher>
		<disk name="Great Lives Series - Interactive Biographies of American Heroes Vol. 1 (USA)" sha1="71d59116e03b3b844b08edcc3dc7b815ae932208" />
	</machine>
	<machine name="healcook">
		<description>Better Homes and Gardens - Healthy Cooking</description>
		<year>1992</year>
		<publisher>Multicom Publishing</publisher>
		<disk name="Better Homes and Gardens - Healthy Cooking (USA)" sha1="f276ebdeb929d42b0d0e21f45499d676a6611903" />
	</machine>
	<machine name="hmfirst">
		<description>Henry and Mudge - The First Book</description>
		<year>1992</year>
		<publisher>Macmillan New Media</publisher>
		<disk name="Henry and Mudge - The First Book (USA)" sha1="ceac6bee16c9f3cdb7f5f56d28724a2912f1c759" />
	</machine>
	<machine name="hmsparkle">
		<description>Henry and Mudge in the Sparkle Days</description>
		<year>1992</year>
		<publisher>Macmillan New Media</publisher>
		<disk name="Henry and Mudge in the Sparkle Days (USA)" sha1="6cc1b5da528c4d0d3ba862a9865e1a911c27f2e4" />
	</machine>
	<machine name="hosea">
		<description>The Secrets of Hosea Freeman</description>
		<year>1992</year>
		<publisher>Top Ten Software</publisher>
		<disk name="Secrets of Hosea Freeman, The (USA)" sha1="45576e1186fe0f9ef7f06b29e40decfaa9bd2736" />
	</machine>
	<machine name="jb_wear">
		<description>Jesse Bear, What Will You Wear</description>
		<year>1992</year>
		<publisher>Macmillan New Media</publisher>
		<disk name="Jesse Bear, What Will You Wear (USA)" sha1="419a54d761f4e0b6b37b2292140d8e290ac733a9" />
	</machine>
	<machine name="jb_wet">
		<description>Better Not Get Wet, Jesse Bear</description>
		<year>1992</year>
		<publisher>Macmillan New Media</publisher>
		<disk name="Better Not Get Wet, Jesse Bear (USA)" sha1="ff0d36c1b272ca289fa88dfbaf6b26149046d7d8" />
	</machine>
	<machine name="kidfun">
		<description>Kid-Fun</description>
		<year>1992</year>
		<publisher>Mindplay</publisher>
		<disk name="Kid-Fun (USA)" sha1="f73ce8fb7be6b9302fb6260590a0259bdb719304" />
	</machine>
	<machine name="kids_aesop">
		<description>Kids Can Read! Aesop's Fables</description>
		<year>1992</year>
		<publisher>Discis Knowledge Research</publisher>
		<disk name="Kids Can Read Aesop's Fables (USA) (En,Es)" sha1="854414cc423f23216662277352659ab3b4325ea9" />
	</machine>
	<machine name="kids_benjamin">
		<description>Kids Can Read! The Tale of Benjamin Bunny</description>
		<year>1992</year>
		<publisher>Discis Knowledge Research</publisher>
		<disk name="Kids Can Read The Tale of Benjamin Bunny - Beatrix Potter (USA) (En,Es)" sha1="84e56efabed860a77303685a3670979cdb3e4fd9" />
	</machine>
	<machine name="kids_cinder">
		<description>Kids Can Read! Cinderella - The Original Fairy Tale</description>
		<year>1992</year>
		<publisher>Discis Knowledge Research</publisher>
		<disk name="Kids Can Read Cinderella - The Original Fairy Tale (USA) (En,Es)" sha1="d74cd19296d8007ce93f97a66d4775ddbb449db0" />
	</machine>
	<machine name="kids_homerun">
		<description>Kids Can Read! Heather Hits Her First Home Run</description>
		<year>1992</year>
		<publisher>Discis Knowledge Research</publisher>
		<disk name="Kids Can Read Heather Hits Her First Home Run by Ted Planos (USA) (En,Es)" sha1="ef3d050d90686f4f21d3a74acf506094557146a5" />
	</machine>
	<machine name="kids_nightbc">
		<description>Kids Can Read! The Night Before Christmas</description>
		<year>1992</year>
		<publisher>Discis Knowledge Research</publisher>
		<disk name="Kids Can Read The Night Before Christmas - Clement C. Moore LLD (USA) (En,Es)" sha1="8d04cf6d3847b5c82d1b3271e3f0f3bf2cf06c51" />
	</machine>
	<machine name="kids_paperbag">
		<description>Kids Can Read! The Paper Bag Princess</description>
		<year>1992</year>
		<publisher>Discis Knowledge Research</publisher>
		<disk name="Kids Can Read The Paper Bag Princess - Robert N. Munsch (USA) (En,Es)" sha1="896ef1fba1de510f6024ad5ae22b601d30bf1bd4" />
	</machine>
	<machine name="kids_peter">
		<description>Kids Can Read! The Tale of Peter Rabbit</description>
		<year>1992</year>
		<publisher>Discis Knowledge Research</publisher>
		<disk name="Kids Can Read The Tale of Peter Rabbit - Beatrix Potter (USA) (En,Es)" sha1="66c896197ad8082b05d9196483b09673ffbead9b" />
	</machine>
	<machine name="kids_puddle">
		<description>Kids Can Read! Mud Puddle</description>
		<year>1992</year>
		<publisher>Discis Knowledge Research</publisher>
		<disk name="Kids Can Read Mud Puddle - Robert N. Munsch (USA) (En,Es)" sha1="87d8bdde798bb347edf92b1be9bafc8739089c09" />
	</machine>
	<machine name="kids_ranch">
		<description>Kids Can Read! A Long Hard Day at the Ranch</description>
		<year>1992</year>
		<publisher>Discis Knowledge Research</publisher>
		<disk name="Kids Can Read A Long Hard Day at the Ranch - Audrey Nelson (USA) (En,Es)" sha1="3e5bd6a383e3f37e0cb7614604482e4b5c32c19f" />
	</machine>
	<machine name="kids_rotten">
		<description>Kids Can Read! Scary Poems for Rotten Kids</description>
		<year>1992</year>
		<publisher>Discis Knowledge Research</publisher>
		<disk name="Kids Can Read Scary Poems for Rotten Kids written by Sean O Huigin (USA) (En,Es)" sha1="8ea2018f9a0ed288e91eca9f9981dd1a16850ede" />
	</machine>
	<machine name="kids_snowsuit">
		<description>Kids Can Read! Thomas' Snowsuit</description>
		<year>1992</year>
		<publisher>Discis Knowledge Research</publisher>
		<disk name="Kids Can Read Thomas' Snowsuit - R. Munsch (USA) (En,Es)" sha1="94f3187f2ce8164d958f66a3453b90e66cac3849" />
	</machine>
	<machine name="kids_stomach">
		<description>Kids Can Read! Moving Gives Me a Stomach Ache</description>
		<year>1992</year>
		<publisher>Discis Knowledge Research</publisher>
		<disk name="Kids Can Read Moving Gives Me a Stomach Ache - Story by Heather McKend (USA) (En,Es)" sha1="31bd18f53549f3fb2ddb2b453a6ab6f57020767d" />
	</machine>
	<machine name="lguitar">
		<description>Learn to Play Guitar Volume 1</description>
		<year>1993</year>
		<publisher>Parallax Publishing</publisher>
		<disk name="Learn to Play Guitar Volume 1 (USA)" sha1="99af8977c036979df3062c17f8f0f97025130d00" />
	</machine>
	<machine name="links">
		<description>Links - The Challenge of Golf</description>
		<year>1992</year>
		<publisher>Access Software</publisher>
		<disk name="Links - The Challenge of Golf (USA)" sha1="4db0f7818f6099b95712f9c28df2f505643a536b" />
	</machine>
	<machine name="manhole">
		<description>The Manhole - New and Enhanced!</description>
		<year>1992</year>
		<publisher>Activision</publisher>
		<disk name="Manhole, The - New and Enhanced (USA)" sha1="8815e1a7fec5fffc4a5a3e2f4f109bee8430bca1" />
	</machine>
	<machine name="meetminds">
		<description>The Meeting of Minds Series - Interactive Games of History, Art, Music, and Ideas</description>
		<year>1992</year>
		<publisher>The JLR Group</publisher>
		<disk name="Meeting of Minds Series, The - Interactive Games of History, Art, Music, and Ideas (USA)" sha1="1fb95b15acf87cd65d30ef2c75e78bc712977815" />
	</machine>
	<machine name="mosaic">
		<description>Mosaic Magic</description>
		<year>1993</year>
		<publisher>KinderMagic Software</publisher>
		<disk name="Mosaic Magic (USA)" sha1="6ec11cb7b8129d3e27a0a600e7b2f45b45ec82ac" />
	</machine>
	<machine name="mutamath">
		<description>Mutanoid Math Challenge</description>
		<year>1992</year>
		<publisher>Legacy Software</publisher>
		<disk name="Mutanoid Math Challenge (USA)" sha1="c47fbffa32507739ca5950f538bfc1110843defd" />
	</machine>
	<machine name="mutaword">
		<description>Mutanoid Word Challenge</description>
		<year>1992</year>
		<publisher>Legacy Software</publisher>
		<disk name="Mutanoid Word Challenge (USA)" sha1="ec98b10465cd111dc5094b84cd36df708ebf18cd" />
	</machine>
	<machine name="mypaint">
		<description>My Paint</description>
		<year>1992</year>
		<publisher>Saddleback Graphics</publisher>
		<disk name="My Paint (USA)" sha1="f56bb111099c751b1fc4c3cdfce0fb5a6a91d327" />
	</machine>
	<machine name="nbcook">
		<description>The New Basics Electronic Cookbook</description>
		<year>1992</year>
		<publisher>Xiphias</publisher>
		<disk name="New Basics Electronic Cookbook, The (USA)" sha1="5c67f9ad9cfc3738806bdbb2b27244b8325284d3" />
	</machine>
	<machine name="ourhouse">
		<description>Our House featuring The Family Circus</description>
		<year>1992</year>
		<publisher>Context Systems</publisher>
		<disk name="Our House featuring The Family Circus (USA)" sha1="a4d4041fa48d119f9c45d345c41c335fa8d2c09b" />
	</machine>
	<machine name="peterwolf">
		<description>Peter and the Wolf - A Multimedia Storybook</description>
		<year>1992</year>
		<publisher>Ebook</publisher>
		<disk name="Peter and the Wolf - A Multimedia Storybook (USA)" sha1="87ec23b384562439b956a6a9f7e45a77d6d0ca37" />
	</machine>
	<machine name="plang_e">
		<description>Playing with Language - Games in English</description>
		<year>1992</year>
		<publisher>Syracuse Language Systems</publisher>
		<disk name="Playing with Language - Games in English (USA)" sha1="9d3450559b98a286217b568f3e3e85cdf1af98ff" />
	</machine>
	<machine name="plang_f">
		<description>Playing with Language - Games in French</description>
		<year>1992</year>
		<publisher>Syracuse Language Systems</publisher>
		<disk name="Playing with Language - Games in French (USA)" sha1="bd71c3f6a76544bcbfbf9b61ea739077607053c9" />
	</machine>
	<machine name="plang_g">
		<description>Playing with Language - Games in German</description>
		<year>1992</year>
		<publisher>Syracuse Language Systems</publisher>
		<disk name="Playing with Language - Games in German (USA)" sha1="e758892f26d64da02fcea4a3405794c1f23cf2b0" />
	</machine>
	<machine name="plang_j">
		<description>Playing with Language - Games in Japanese</description>
		<year>1992</year>
		<publisher>Syracuse Language Systems</publisher>
		<disk name="Playing with Language - Games in Japanese (USA)" sha1="6c33072af27ac5c0e97204ffc34152367c24b7cd" />
	</machine>
	<machine name="plang_s">
		<description>Playing with Language - Games in Spanish</description>
		<year>1992</year>
		<publisher>Syracuse Language Systems</publisher>
		<disk name="Playing with Language - Games in Spanish (USA)" sha1="ecd4298d5812e1318a4fffafc979fe0aae319180" />
	</machine>
	<machine name="raceclock">
		<description>Race the Clock</description>
		<year>1992</year>
		<publisher>Mindplay</publisher>
		<disk name="Race the Clock (USA) (En,Es)" sha1="8a6fb5991c64fbba64545a3e40fbafbff4ce7d48" />
	</machine>
	<machine name="rickribbit">
		<description>Rick Ribbit - Adventures in Early Learning</description>
		<year>1992</year>
		<publisher>Tadpole Productions</publisher>
		<disk name="Rick Ribbit - Adventures in Early Learning (USA)" sha1="60c9ec812d937ce20b5cd9501b679aca6c61390c" />
	</machine>
	<machine name="rodney">
		<description>Rodney's Funscreen</description>
		<year>1992</year>
		<publisher>Activision</publisher>
		<disk name="Rodney's Funscreen (USA)" sha1="29ca62059dd3d347641387a5cda08c6f2de0ed4b" />
	</machine>
	<machine name="sampler">
		<description>Title Sampler</description>
		<year>1992</year>
		<publisher>Tandy</publisher>
		<disk name="Title Sampler (USA)" sha1="0a7fea2619c8a1952be305f2a1f088280a32b3ea" />
	</machine>
	<machine name="searchsea">
		<description>Search for the Sea</description>
		<year>1992</year>
		<publisher>Multicom Publishing</publisher>
		<disk name="Search for the Sea (USA)" sha1="1a2de1f5983c61da78ea0e6e52b46edaa9e44a5e" />
	</machine>
	<machine name="sherlock1">
		<description>Sherlock Holmes - Consulting Detective Volume I</description>
		<year>1992</year>
		<publisher>ICOM Simulations</publisher>
		<disk name="Sherlock Holmes - Consulting Detective Volume I (USA)" sha1="babc7f220fcf40f937a8f8462773849d032c158f" />
	</machine>
	<machine name="sherlock2">
		<description>Sherlock Holmes - Consulting Detective Volume II</description>
		<year>1992</year>
		<publisher>ICOM Simulations</publisher>
		<disk name="Sherlock Holmes - Consulting Detective Volume II (USA)" sha1="8b3483a71d3ea20bfe010be786a3e45c27f65d39" />
	</machine>
	<machine name="smartkids">
		<description>SmartKids Challenge One</description>
		<year>1992</year>
		<publisher>Arkeo Software</publisher>
		<disk name="SmartKids Challenge One (USA)" sha1="2eb59e6e8425d1d7ce9646bf067e75f5c529b3d8" />
	</machine>
	<machine name="stepstones">
		<description>Talking Stepping Stones - Bonus Pack</description>
		<year>1992</year>
		<publisher>Compu-Teach</publisher>
		<disk name="Talking Stepping Stones - Bonus Pack (USA)" sha1="4516b74244f0ddd398d2d64553656c1716901b4f" />
	</machine>
	<machine name="survey">
		<description>A Survey of Western Art - The Electronic Library of Art</description>
		<year>1993</year>
		<publisher>Ebook</publisher>
		<disk name="Survey of Western Art, A - The Electronic Library of Art (USA)" sha1="45c747e2416624d170472e06f97b3717101ac380" />
	</machine>
	<machine name="time92">
		<description>Time Magazine Compact Almanac 1992</description>
		<year>1993</year>
		<publisher>Compact Publishing</publisher>
		<disk name="Time Magazine Compact Almanac 1992 (USA)" sha1="ce176f9f433724d2cbbbb6dd93e5759f9dd90b6b" />
	</machine>
	<machine name="tth_arts">
		<description>Time Table of History - Arts and Entertainment - 1993 Edition</description>
		<year>1993</year>
		<publisher>Xiphias</publisher>
		<disk name="Time Table of History - Arts and Entertainment - 1993 Edition (USA)" sha1="4fa1e6138661a40b7837a94c7590cce3fc3ee0b6" />
	</machine>
	<machine name="tth_business">
		<description>Time Table of History - Business, Politics &amp; Media - 1993 Edition</description>
		<year>1993</year>
		<publisher>Xiphias</publisher>
		<disk name="Time Table of History - Business, Politics &amp; Media - 1993 Edition (USA)" sha1="26294c12e1fbaf0b3ea87b9823829e68b073caad" />
	</machine>
	<machine name="tth_science">
		<description>Time Table of History - Science and Innovation - 1993 Edition</description>
		<year>1993</year>
		<publisher>Xiphias</publisher>
		<disk name="Time Table of History - Science and Innovation - 1993 Edition (USA)" sha1="26c661c0ac8e848155b032968c82fee2af37bcb3" />
	</machine>
	<machine name="vampcoff">
		<description>The Adventures of Victor Vector &amp; Yondo - Adventure No. 1 - The Vampire's Coffin</description>
		<year>1992</year>
		<publisher>Sanctuary Woods</publisher>
		<disk name="Adventures of Victor Vector &amp; Yondo, The - Adventure No. 1 - The Vampire's Coffin (USA)" sha1="a8a78996139dc133bfb9c1c43ff1d0ebc7d29bb4" />
	</machine>
	<machine name="visbible">
		<description>Vision - Multimedia Bible for the Entire Family</description>
		<year>1992</year>
		<publisher>Candlelight Publishing</publisher>
		<disk name="Vision - Multimedia Bible for the Entire Family (USA)" sha1="649ce7ea268c086478a2eb7bf0c689a22a27e5fe" />
	</machine>
	<machine name="wildanim">
		<description>Wild Animals!</description>
		<year>1993</year>
		<publisher>Optic Moon</publisher>
		<disk name="Wild Animals (USA)" sha1="8cac5012e7b602a254def914b9abbc2cb2cd2dcf" />
	</machine>
	<machine name="worldvista">
		<description>World Vista</description>
		<year>1992</year>
		<publisher>Applied Optical Media</publisher>
		<disk name="World Vista (USA)" sha1="b430a43910375c8305067eefd146961c89511431" />
	</machine>
</datafile>