<?xml version="1.0" encoding="utf-8"?>
<!DOCTYPE datafile PUBLIC "-//Logiqx//DTD ROM Management Datafile//EN" "http://www.logiqx.com/Dats/datafile.dtd">
<datafile>
	<header>
		<name>HBMAME - Update ROMs (v0.239 to v0.240)</name>
		<description>HBMAME - Update ROMs (v0.239 to v0.240)</description>
		<version></version>
		<author></author>
	</header>
	<machine name="abyssal">
		<description>Abyssal Infants</description>
		<year>2021</year>
		<manufacturer>Kako Eimon</manufacturer>
		<rom name="498.c1" size="2097152" crc="b8c84619" sha1="1d634242281a7bf75979cd16ee5ae98b5b161b65" />
		<rom name="498.c2" size="2097152" crc="376084b8" sha1="b42e04c1168dd88a13d8690f0b5b5212457c558e" />
		<rom name="498.m1" size="131072" crc="79b190e9" sha1="e63232fba9fd1cb777059fac5aec41304b411212" />
		<rom name="498.p1" size="524288" crc="ae12bd96" sha1="299c66c7038edb9f8bac858172f8ce282cb89edf" />
		<rom name="498.v1" size="2097152" crc="be46bf92" sha1="4bf6b27dedba3321d9adf40543edf28e85a9f6ab" />
	</machine>
	<machine name="akatana">
		<description>Akai Katana (2010/ 8/13 MASTER VER.)</description>
		<year>2010</year>
		<manufacturer>Cave</manufacturer>
		<rom name="u2" size="138412032" crc="89a2e1a5" sha1="e6f4ec974406283665697fdd52bd606d0337dd11" />
		<rom name="u4" size="4194304" crc="613fd380" sha1="6e28480eef3b483d00b42d811a9d2c7fa1097924" />
		<rom name="u23" size="4194304" crc="34a67e24" sha1="78a7e82123b86311f1116a80c39f147b8b695549" />
		<rom name="u24" size="4194304" crc="10760fed" sha1="b70f4506c00f3901ff38f5efd4b897af1afc7a0c" />
	</machine>
	<machine name="cabalng1">
		<description>Cabal (Neo-Geo port, sprite fix)</description>
		<year>2021</year>
		<manufacturer>iq132</manufacturer>
		<rom name="497a.p1" size="1048576" crc="bb193926" sha1="e87473aaaa8c7af56148e86a410672870fa63d00" />
	</machine>
	<machine name="ddonpachjh">
		<description>DoDonPachi (Japan, hack)</description>
		<year>2021</year>
		<manufacturer>Olifante</manufacturer>
		<rom name="ddonpachjh.u26" size="524288" crc="259fb1a3" sha1="d4e5bfb17c4e1928597225813e874677f51dff00" />
		<rom name="ddonpachjh.u27" size="524288" crc="8faf593f" sha1="79f2252a14651662e1cbceb3a6c06c80263a2e96" />
	</machine>
	<machine name="ddpsdoj">
		<description>DoDonPachi SaiDaiOuJou (clean dump)</description>
		<year>2012</year>
		<manufacturer>Cave</manufacturer>
		<rom name="u2" size="138412032" crc="668e4cd6" sha1="da0b10865df3a3e46cf8a109ca88a551faba4483" />
		<rom name="u4" size="4194560" crc="e2a4411c" sha1="f8b2b6326dd8eeae99b8b1ab2bd5a3f0b9c7f027" />
		<rom name="u23" size="4194560" crc="ac94801c" sha1="cbcc6d5d89860bc961967e1d3b7c329adaf200c5" />
		<rom name="u24" size="4194560" crc="f593045b" sha1="91b92870d0dd2a7817cb0059cc750e2393686f4c" />
	</machine>
	<machine name="ddpsdojo">
		<description>DoDonPachi SaiDaiOuJou (dirty dump)</description>
		<year>2012</year>
		<manufacturer>Cave</manufacturer>
		<rom name="old.u2" size="138412032" crc="7420302f" sha1="7db4bd7a72f84fbd6e9c7966769d7b6fccc17cea" />
	</machine>
	<machine name="dkongdu1">
		<description>Donkey Kong Duel v1.01</description>
		<year>2021</year>
		<manufacturer>Paul Goes</manufacturer>
		<rom name="dkongdu1.5at" size="4096" crc="11b03279" sha1="412e5036db0b39e318f97736665e15cbd5690cb0" />
		<rom name="dkongdu1.5ct" size="4096" crc="1f574afa" sha1="5fe8291bc14539cf25db245e05d90f35e96674dc" />
	</machine>
	<machine name="ffightaefc">
		<description>Final Fight 30th Anniversary Edition Fair Challenge (2022-01-18)</description>
		<year>2022</year>
		<manufacturer>Zombie Master</manufacturer>
		<rom name="ff-22maefc.7h" size="524288" crc="ce6b88f8" sha1="24e13dafb3d62c6bbf5873dc2b036d59644775eb" />
		<rom name="ff-23maefc.8h" size="524288" crc="530dcd58" sha1="06e00a76c32a6ce6f90fdcdd32c43ef54bf2b7e6" />
	</machine>
	<machine name="hypernoid">
		<description>Hypernoid (2021-11-28)</description>
		<year>2021</year>
		<manufacturer>M.Priewe</manufacturer>
		<rom name="447.c1" size="2097152" crc="41d6140a" sha1="862b95ca1fe2b75d7ead0de8ac50c1b8a049c774" />
		<rom name="447.c2" size="2097152" crc="36f35df2" sha1="22715561d5383263e41563fcb060f83a0c544531" />
		<rom name="447.m1" size="524288" crc="6c8eaacc" sha1="6bc065be18db6830a4c94b424f9380d38da6f8b7" />
		<rom name="447.p1" size="1048576" crc="e024fa76" sha1="6ef393ad80ec80e30929f07c95305d97fca3ad22" />
		<rom name="447.s1" size="131072" crc="bb82ab71" sha1="307f420446c2d411a65b59543b61c21d0360536b" />
		<rom name="447.v1" size="4194304" crc="dafa1bdd" sha1="743a5ad24a3dba04ce8f3e2d95ebd5ca83fd9f98" />
		<rom name="447.v2" size="4194304" crc="85ad8283" sha1="8abcf48a353dcd4777608b13471608f7290d89a5" />
		<rom name="447.v3" size="4194304" crc="86c27f0c" sha1="85b740e0224d5ea09b600683dec6fe532a723355" />
		<rom name="447.v4" size="4194304" crc="a3982244" sha1="7191909d7264df3dc417dc76cee53291986d84e9" />
	</machine>
	<machine name="looptris">
		<description>Looptris (2021-12-26)</description>
		<year>2021</year>
		<manufacturer>Blastar</manufacturer>
		<rom name="433.c1" size="524288" crc="b9413f13" sha1="5e7175dff9510dad55f8f05e9b307c3c05d92209" />
		<rom name="433.c2" size="524288" crc="9409dbe8" sha1="1e9562aa34f6202e8012104ab79916453fec072e" />
		<rom name="433.m1" size="131072" crc="e7105df8" sha1="9f4efad6dcc8b9617d59576415019820e973f45c" />
		<rom name="433.p1" size="524288" crc="8fcb5104" sha1="6a0da5c4e72ef57600ecd15cba64e3871f48391e" />
		<rom name="433.s1" size="131072" crc="70e70448" sha1="40461af534afcba341d2f14b755d6de353fe7afd" />
		<rom name="433.v1" size="524288" crc="dfa63cd2" sha1="bbf4a74a660f12cc037cfa0ac5c664988016ee45" />
	</machine>
	<machine name="neopang">
		<description>Neo Pang</description>
		<year>2010</year>
		<manufacturer>CeL</manufacturer>
		<rom name="436.c1" size="1048576" crc="62f5405c" sha1="f9eb8d1838da9953aecf40c3314c608ab655cb8f" />
		<rom name="436.c2" size="1048576" crc="e1183030" sha1="60262d53ab12314db5e5c00a94463500abe3e8b0" />
		<rom name="436.p1" size="524288" crc="dc5922ee" sha1="08804fa9894b7e84375300acbdec8ea6829575d0" />
	</machine>
	<machine name="sailormndc1">
		<description>Pretty Soldier Sailor Moon (Director's Cut) v1.4</description>
		<year>2021</year>
		<manufacturer>ZombieMaster</manufacturer>
		<rom name="sailormndc1.u45" size="524288" crc="2ed54038" sha1="bda38ea7488e99ef88105aa249d5ae8c42d0336c" />
	</machine>
	<machine name="sdoja">
		<description>DoDonPachi SaiDaiOuJou hack</description>
		<year>2021</year>
		<manufacturer>hack</manufacturer>
		<rom name="sdoja.u2" size="138412032" crc="7e19adc7" sha1="6a6e2220096c80471d391d93979e0c883f733c1b" />
		<rom name="sdoja.u4" size="4194304" crc="5a3b94e8" sha1="a546f2baa366ca02dbd462b8ee7808c2643927cb" />
	</machine>
	<machine name="sdojb">
		<description>DoDonPachi SaiDaiOuJou Saya Type B (2022-01-06)</description>
		<year>2022</year>
		<manufacturer>hack</manufacturer>
		<rom name="sdojb.u2" size="138412032" crc="2a6353a6" sha1="29b180263d5f08bce7527cf1d4cae33a98d93149" />
		<rom name="sdojb.u4" size="4194304" crc="be54ca1a" sha1="d7ad13cc6676ab3e938c65b7e6f5c870033f42f1" />
	</machine>
	<machine name="teotb">
		<description>The Eye of Typhoon (Tsunami Edition, beta)(2022-01-05)</description>
		<year>2022</year>
		<manufacturer>OzzyOuzo</manufacturer>
		<rom name="323b.c1" size="16777216" crc="7919ea09" sha1="bb8e058346ebc02b7e20f324411c6455271a837b" />
		<rom name="323b.c2" size="16777216" crc="62aa59a8" sha1="dc4b7dc87d43b2c61bea799d2de5344d1c1999b9" />
		<rom name="323b.m1" size="65536" crc="dc29f33b" sha1="cb1f45e93b19b00b901c5992a2646db652755d6e" />
		<rom name="323b.p1" size="1048576" crc="603fac98" sha1="b5d4caf9162cac28d153fe33169cfc8acb679f84" />
		<rom name="323b.p2" size="8388608" crc="5f557ad5" sha1="9983d3b913f0d3bb315b696cd77f2ad7d04fbcd3" />
		<rom name="323b.s1" size="131072" crc="aba8f74c" sha1="c8d12f535099ce0232bb637e04ac7b79569e15fe" />
		<rom name="323b.v1" size="8388608" crc="91b3deed" sha1="6408ad38bcbe2712a11e30efecb47b027cabd49a" />
		<rom name="323b.v2" size="8388608" crc="985e6f6b" sha1="b3e92d6ab08ad42347b622dbb72a7589a7dbe885" />
	</machine>
	<machine name="timesup">
		<description>Time's Up!</description>
		<year>2012</year>
		<manufacturer>NGF Dev. Inc</manufacturer>
		<rom name="422.c1" size="2097152" crc="1c83fc38" sha1="74a6c9116443a673ff49b2fe4d7b8bc79eadec0c" />
		<rom name="422.c2" size="2097152" crc="2b3f48b4" sha1="5d05d312d06e387fa532f71f5144347a0dd77bb3" />
		<rom name="422.m1" size="131072" crc="8b83308b" sha1="b6b48689a0138af35375f741620e2569125a93e8" />
		<rom name="422.p1" size="1048576" crc="b4be3ede" sha1="95a9b87e674cc3af0932f5dab51d1e8e3d84385b" />
		<rom name="422.v1" size="2097152" crc="1b48708b" sha1="ac4e363a0b5988496272092ea4dc7c2259f9f1e3" />
		<rom name="422.v2" size="2097152" crc="6b17df84" sha1="b8233110f91ef408f68beda641da01d2896109da" />
		<rom name="422.v3" size="2097152" crc="6c798d46" sha1="7f91f5dbe58a2bceb8a9ed6394eb6b11a9ae7d97" />
	</machine>
</datafile>