<?xml version="1.0" encoding="utf-8"?>
<!DOCTYPE datafile PUBLIC "-//Logiqx//DTD ROM Management Datafile//EN" "http://www.logiqx.com/Dats/datafile.dtd">
<datafile>
	<header>
		<name>Visual Pinball [VP92x] Recreated Tables [Flipperless][FS+WS]</name>
		<description>Visual Pinball [VP92x] Recreated Tables [Flipperless][FS+WS] (2024-11-07)</description>
		<version></version>
		<date>2024-11-07</date>
		<author></author>
	</header>
	<machine name="Alle Neune (NSM)(1976)(STAT)(1.2)[VP920][FullScreen STAT][Bowling Wall Machine]">
		<description>Alle Neune (NSM)(1976)(STAT)(1.2)[VP920][FullScreen STAT][Bowling Wall Machine]</description>
		<rom name="Alle Neune (NSM)(1976)(STAT)(1.0)[VP920][FullScreen STAT][Bowling Wall Machine].vpt" size="4665344" crc="d8d2b87a" md5="1f7a70337711b861b06b299f4390ff54" sha1="2be5ead116c6ed419e576df6944c81558f4af92e" />
		<rom name="Alle Neune (NSM)(1976)(STAT)(1.1)[VP920][FullScreen STAT][Bowling Wall Machine].vpt" size="7995392" crc="120af7bf" md5="68de2b861bceba0dc671addf16454ad9" sha1="f46b8c73cd623db4fefeaa0d7114ada1aa8f4296" />
		<rom name="Alle Neune (NSM)(1976)(STAT)(1.2)[VP920][FullScreen STAT][Bowling Wall Machine].vpt" size="7995392" crc="09880815" md5="4e6ed4fe7cf9dbe63fa0e1471d179857" sha1="8a1de13533680c9c1a40d91ad72a53029df00201" />
		<rom name="Alle Neune screenshot.jpg" size="177292" crc="810d16be" md5="31a9cf23950cd07609e73d8705a2d35a" sha1="012aa4851b263b9dca247925c5d6dcedf809ed1e" />
	</machine>
</datafile>