<?xml version="1.0" encoding="utf-8"?>
<!DOCTYPE datafile PUBLIC "-//Logiqx//DTD ROM Management Datafile//EN" "http://www.logiqx.com/Dats/datafile.dtd">
<datafile>
	<header>
		<name>Visual Pinball [VPX08] Original Tables [MODs, HACKs]</name>
		<description>Visual Pinball [VPX08] Original Tables [MODs, HACKs] (2024-11-07)</description>
		<version></version>
		<date>2024-11-07</date>
		<author></author>
	</header>
	<machine name="Harley Quinn (2017)(HauntFreaks)(1.0.0)[VPX07][MOD Music, B&amp;W v1.0.0 larouillas]">
		<description>Harley Quinn (2017)(HauntFreaks)(1.0.0)[VPX07][MOD Music, B&amp;W v1.0.0 larouillas]</description>
		<rom name="Media/Harley Quinn black and white Mod Music.mp3" size="6479484" crc="955461f8" md5="f69cb3b57dffc064508eefe738ed9e15" sha1="b669a9d821c1da54ffdbf5af98fd11a06f629031" />
		<rom name="Media/Harley Quinn black and white Mod Music.png" size="587248" crc="9ae01c2d" md5="577d7b13d3084994b1d820b16b5f0bd1" sha1="e3f2fc4986c77d1462365af21ef04a6210ab7571" />
		<rom name="Visual Pinball/Music/HarleyQuinn/1.mp3" size="6479484" crc="955461f8" md5="f69cb3b57dffc064508eefe738ed9e15" sha1="b669a9d821c1da54ffdbf5af98fd11a06f629031" />
		<rom name="Visual Pinball/Music/HarleyQuinn/2.mp3" size="10318439" crc="8ad630f3" md5="6d3ba0bdee49c9216c51f82586ae7670" sha1="50e21dcc4ba3e566951087f33ad71558e7336f3e" />
		<rom name="Visual Pinball/Music/HarleyQuinn/3.mp3" size="5326961" crc="f1625d66" md5="83a28422e598692af56b763d22b62a1a" sha1="d704ebdac97eb547d48d4baefa7e5090544cfeca" />
		<rom name="Visual Pinball/Music/HarleyQuinn/4.mp3" size="7838896" crc="705fbe5e" md5="966eca918681c178820801c8ff0b91b4" sha1="2097002b6e29ca3b172f3f7613684de76f6dcccb" />
		<rom name="Visual Pinball/Music/HarleyQuinn/5.mp3" size="14828219" crc="9ca5538e" md5="dd09ee98c47a7a241273071ddbb13894" sha1="5d3ec14c65ad2154e94cd5d2dc6d8ff0bb74274b" />
		<rom name="Visual Pinball/Music/HarleyQuinn/6.mp3" size="7559908" crc="c6aefa9c" md5="b402a3bc546022bdfd9a22ef49ee19e5" sha1="976e6289dbcae86e47d66ce076625918f0d98eca" />
		<rom name="Visual Pinball/Music/HarleyQuinn/7.mp3" size="9439680" crc="de66ee91" md5="7908b817a259a7342100ad802ba416e8" sha1="da7035249900a9496af705fe544a19c515dec13d" />
		<rom name="Visual Pinball/Music/HarleyQuinn/8.mp3" size="10950602" crc="7b2e7eab" md5="92740a61b530a200bc9afecc4bbc331b" sha1="d288dc737ec636ff6fbe218b85369104827363f5" />
		<rom name="Visual Pinball/Music/HarleyQuinn/9.mp3" size="6519190" crc="5c513254" md5="031ba4d6416715853fbe5c2a0e93d75f" sha1="32a8c3fd5e1bbfeb95173a13ef1b0137ccf41ceb" />
		<rom name="Visual Pinball/Music/HarleyQuinn/10.mp3" size="5639386" crc="6a4cda35" md5="4320c7398ef963b45bb1b0effe808d73" sha1="b6d50d7f6f91380fb691701bae643a334b93d1fe" />
		<rom name="Visual Pinball/Music/HarleyQuinn/11.mp3" size="8519125" crc="723348e7" md5="30eb236a5d1a08b98edf5d3bad13d394" sha1="c55d7bbc31e222e621f7c7fb9eaa5ff31db3612e" />
		<rom name="Visual Pinball/Music/HarleyQuinn/12.mp3" size="8280888" crc="8a19922a" md5="310e930cc9c7c16830e582efe1afd76f" sha1="801f627802e8ad12e9bb1f773a7f3b6825213cfb" />
		<rom name="Visual Pinball/Music/HarleyQuinn/13.mp3" size="11238994" crc="35edb18f" md5="02afcee46f66d3247ea2f587e2a4adb1" sha1="76fd7153117dfe50a4fc012af71602a077e8f479" />
		<rom name="Visual Pinball/Music/HarleyQuinn/14.mp3" size="5198439" crc="7003a4aa" md5="a8a5b6542142e468e338f97f26221faf" sha1="33f08b1f6a2c5a67a2e1755f997f695189e00c29" />
		<rom name="Visual Pinball/Music/HarleyQuinn/15.mp3" size="8577639" crc="4979484b" md5="c49d78e6b4c205fe961c0cb7e4a4cacd" sha1="4161a0be2d93a533a4efaf7807eb203c5f7ebe26" />
		<rom name="Visual Pinball/Music/HarleyQuinn/16.mp3" size="12118798" crc="f0df9470" md5="b880bc51afabc9b0dde381673aa16f43" sha1="a8f93c212e5a562bf2af1f09bd68f9f1bf199d68" />
		<rom name="Visual Pinball/Music/HarleyQuinn/17.mp3" size="8924545" crc="1994f3c0" md5="51061c26be791ef6afe7e7e59624232e" sha1="07e04aec67fe091b95277cc568c3ca255df05504" />
		<rom name="Visual Pinball/Music/HarleyQuinn/18.mp3" size="5774178" crc="bd4b48de" md5="19ca6a2a4e9e1020cc2829fa5198e61d" sha1="355f0fff4fb559340be408f18b9893be74f62048" />
		<rom name="Visual Pinball/Music/HarleyQuinn/19.mp3" size="8409410" crc="01f6997b" md5="43cc15c2ccee6c233e646f4099a297e0" sha1="42e3a35e6a4ce71888ef2ac79c346467f8e77fa7" />
		<rom name="Visual Pinball/Music/HarleyQuinn/20.mp3" size="7438700" crc="5a246882" md5="74084da3482c6a599e5097751f2ef1ad" sha1="dd6733de7480f0fab1e5529bec2a982581fb8c2a" />
		<rom name="Harley Quinn black and white Mod Music.directb2s" size="4836434" crc="dc10168c" md5="b4efe4e09e794ae0bb0b804809f5d0a3" sha1="4eca7e09a130fc37d5226a75618d9cf25d5cd3cd" />
		<rom name="Harley Quinn black and white Mod Music.ini" size="420" crc="d8bb971b" md5="7875a64ac270b5d14397e3160cef107f" sha1="76e5bc08b3f87c49b54e4796680d0a639e57ad08" />
		<rom name="Harley Quinn black and white Mod Music.vpx" size="393920512" crc="d9c66315" md5="cf02f803ff3efff158be0b52b5cee4e5" sha1="e58b0c279bd6fc6a93018adc17cec162cec1135e" />
	</machine>
	<machine name="Iron Mike Tyson (2024)(redbone)(1.5)[VPX08][SoundMOD v1.0.0 gdycaps24680][Requires Original Table]">
		<description>Iron Mike Tyson (2024)(redbone)(1.5)[VPX08][SoundMOD v1.0.0 gdycaps24680][Requires Original Table]</description>
		<rom name="Iron Mike Tyson (Punch-Out!! sound mod)/Install Instructions.pdf" size="267857" crc="1583f949" md5="f448d5c1bd901b6e6cc896b003a8ac2c" sha1="b5914b585da64951d2f532a56f56481d8f43c44b" />
		<rom name="Iron Mike Tyson (Punch-Out!! sound mod)/Iron Mike Tyson (Ali (Stern 1980) mod) v1.5.vbs" size="127584" crc="e634dace" md5="14a30f5f5e1f17991004abe6fa24a32e" sha1="af7946e274767fa89aba8ca9d504bb26c873a89f" />
		<rom name="Iron Mike Tyson (Punch-Out!! sound mod)/extras/Punchoutwheel.png" size="321610" crc="7e0343bf" md5="8e1b870485a24292216d6e387a187ead" sha1="634d94d92662f1b05ac79346ff28b85baa402842" />
		<rom name="Iron Mike Tyson (Punch-Out!! sound mod)/extras/Launch Audio/Iron Mike Tyson (Ali (Stern 1980) mod) v1.5.wav" size="138972" crc="b834b317" md5="95ef612d6d28c413815d12828de14631" sha1="01a48b2afd0873a35695bba8c422e04dcd83909e" />
		<rom name="Iron Mike Tyson (Punch-Out!! sound mod)/extras/Table Audio/Iron Mike Tyson (Ali (Stern 1980) mod) v1.5.mp3" size="771516" crc="221c4991" md5="a910b29795f3dbb14ca4e0118900b2e5" sha1="5e6532005706c237bc8eacd6530bea919e98892b" />
		<rom name="Iron Mike Tyson (Punch-Out!! sound mod)/Music/punchout/Going the Distance.mp3" size="8655185" crc="5f65b123" md5="a81b74ece731aeee26a36d04293b1749" sha1="4812c77ff2464780cf2967ea310023daae1291ed" />
		<rom name="Iron Mike Tyson (Punch-Out!! sound mod)/Music/punchout/Jogging.mp3" size="3291805" crc="e2d7e632" md5="f123ee886d633d5c936b2bea443c8d39" sha1="4d678e62fad926d08be00d33e965a14a75b4f714" />
		<rom name="Iron Mike Tyson (Punch-Out!! sound mod)/Music/punchout/Main Theme.mp3" size="6218063" crc="59220ffd" md5="864f1dacc81e9a622badeb72b27accbb" sha1="d47516908dd827869df93cc14046251fd185a863" />
		<rom name="Iron Mike Tyson (Punch-Out!! sound mod)/Music/punchout/Minor Circuit.mp3" size="2945170" crc="d0756702" md5="dc401ef9fed57395d8fbec63feebddd7" sha1="527047b06d8a046c6c193606317d9f3939bbe53e" />
		<rom name="Iron Mike Tyson (Punch-Out!! sound mod)/Music/punchout/Mr. Sandman.mp3" size="4245803" crc="c2631448" md5="a9301b3d6f39d0a9e75df7e79d9611de" sha1="b79a2122d8c9c2fe741422d125565a3b8271d47f" />
		<rom name="Iron Mike Tyson (Punch-Out!! sound mod)/Music/punchout/Title Theme.mp3" size="10730163" crc="aa04b579" md5="6f51893cbb947552a2fdf38f34801230" sha1="76a46ba6393228034701c82c7be1764b6ddc0170" />
		<rom name="Iron Mike Tyson (Punch-Out!! sound mod)/Music/punchout/World Circuit.mp3" size="3659939" crc="9016dd3d" md5="dbd1f18f329f74cf8196306aeb4b7ad1" sha1="427a839e1df8c7d79a0bbcb56880e61e3a06bd76" />
		<rom name="Iron Mike Tyson (Punch-Out!! sound mod)/PUP/punchout/playlists.pup" size="157" crc="64bb77de" md5="18e9f2f80d587e14fd6aff774bdb93ad" sha1="d1df2a8e5b249f7d81a1bc9e29b19636bc426546" />
		<rom name="Iron Mike Tyson (Punch-Out!! sound mod)/PUP/punchout/screens.pup" size="104" crc="496c5c77" md5="ebeb592ff3f98876a047fc98c3603548" sha1="329a4bbe3f7c72ed3f73e84b682a5220b2437135" />
		<rom name="Iron Mike Tyson (Punch-Out!! sound mod)/PUP/punchout/triggers.pup" size="287" crc="dac57ed6" md5="2f86357312a58fcc6cdbd4a1ccf8cb18" sha1="375e3c11a5edcc206d7a5078cbad15e59ef22914" />
		<rom name="Iron Mike Tyson (Punch-Out!! sound mod)/PUP/punchout/Drain/tysonupperko.mp4" size="210441" crc="dc508a89" md5="7ed430f2f4f111288b4f5b040018ea4f" sha1="6d206d28dfd7fa416aeca922420e09b9aa55b824" />
		<rom name="Iron Mike Tyson (Punch-Out!! sound mod)/PUP/punchout/FullDMD/loop.mp4" size="4857198" crc="4f81e5f0" md5="027eef40d943d78580d4682180dda132" sha1="7775cf380713de1c03f147b791668651c6bbcaac" />
		<rom name="Iron Mike Tyson (Punch-Out!! sound mod)/PUP/punchout/Left/AranRyan.mp4" size="3380741" crc="31fc1c86" md5="4aafc9f566964fe36f4eba1c405a3bb0" sha1="c55b9c0593b452b44a0aaf42317d721e30308bbc" />
		<rom name="Iron Mike Tyson (Punch-Out!! sound mod)/PUP/punchout/Left/BearHugger.mp4" size="4879891" crc="398979dc" md5="670b2397ddca6eb16fab6750801f3532" sha1="b74ad5b2a5b25e2e86c3580e21aefa8d2aacc9d7" />
		<rom name="Iron Mike Tyson (Punch-Out!! sound mod)/PUP/punchout/Left/GlassJoe.mp4" size="2446966" crc="d1f90c26" md5="4a242fe8cb61ae94cac363004001d01d" sha1="8d01579373ce2bf121f8ab4823c02deba73f15d4" />
		<rom name="Iron Mike Tyson (Punch-Out!! sound mod)/PUP/punchout/Left/SuperMachoMan.mp4" size="4226989" crc="7862d1e3" md5="77f4ecdd17f86b6f0771002ae15502f5" sha1="438a40b20baeb4f0eb3937e171e59adc89b3278d" />
		<rom name="Iron Mike Tyson (Punch-Out!! sound mod)/PUP/punchout/Top/DiscoKid.mp4" size="1354417" crc="bc0c177c" md5="c3eda5e7c7c6c57d40e7d079b58b2513" sha1="3337c93ecb3f996e3be0da011f08ff21243f24a4" />
		<rom name="Iron Mike Tyson (Punch-Out!! sound mod)/PUP/punchout/Top/DonFlamenco1.mp4" size="3494329" crc="2059dd7f" md5="cba59b4599981ecf71b352e3e1262822" sha1="47ad3312aa3df81004edbac8511038769d7fff32" />
		<rom name="Iron Mike Tyson (Punch-Out!! sound mod)/PUP/punchout/Top/KingHippo.mp4" size="2810156" crc="210283dd" md5="44a1150e820d9d5b49cac9336296aec3" sha1="13bf9281b651098748c51abe4126d1f552d78aee" />
		<rom name="Iron Mike Tyson (Punch-Out!! sound mod)/PUP/punchout/Top/PistonHondo.mp4" size="4242767" crc="0992bf46" md5="410f93379ee24457c71a162febfc044e" sha1="951d6a49354a8e9c7fcefabfc6ff4f4b8ac6353d" />
		<rom name="Iron Mike Tyson (Punch-Out!! sound mod)/PUP/punchout/Top/VonKaiser.mp4" size="3011271" crc="7a2f9509" md5="495440d81901834ed1f1dae936074223" sha1="7c632fa195702f5d9eab1872c7380882c2834307" />
		<rom name="Iron Mike Tyson (Punch-Out!! sound mod)/PUP/punchout/Upper/BaldBull.mp4" size="5346400" crc="32bdacce" md5="e9875e665881d18e37d301a84e96a1fa" sha1="30ab570bc0b8f9d5a9acecc5b4b55720b9ace8bd" />
		<rom name="Iron Mike Tyson (Punch-Out!! sound mod)/PUP/punchout/Upper/DonFlamenco.mp4" size="2042460" crc="186c3501" md5="db93b5efca3a1894ccbf5b89a8b0ef37" sha1="00aadd52707db42a66b58e5d37b852c4c8404225" />
		<rom name="Iron Mike Tyson (Punch-Out!! sound mod)/PUP/punchout/Upper/DonkeyKong.mp4" size="4356534" crc="53ecf270" md5="defc5648a8494eb3abf61a027719c3f6" sha1="c2618f71c550d36dab42402c137d152e279e6d7f" />
		<rom name="Iron Mike Tyson (Punch-Out!! sound mod)/PUP/punchout/Upper/GreatTiger.mp4" size="5585528" crc="802c8813" md5="0ac3cdab07e2ea9fc4ee0e18be2c5920" sha1="edd338fcfc1dab736511d2ef216515dc149ce2a8" />
		<rom name="Iron Mike Tyson (Punch-Out!! sound mod)/PUP/punchout/Upper/kotyson.mp4" size="456661" crc="29733bd3" md5="4fa7a68a9e7396e2f35c275a5fecd904" sha1="6b9e015d2d2964e93475152dd3491903adc55476" />
		<rom name="Iron Mike Tyson (Punch-Out!! sound mod)/PUP/punchout/Upper/MrSandman.mp4" size="2036753" crc="c2221981" md5="dccafaa9c8b48163c2bb64bb7fd53b12" sha1="00f6f8c20d5ac984e572460dbcdc134542b7ae2a" />
		<rom name="Iron Mike Tyson (Punch-Out!! sound mod)/PUP/punchout/Upper/SodaPopinski.mp4" size="880466" crc="c68f3427" md5="3460b54ec17027c8631db533582327f7" sha1="aceaa724f3cfedfc8141bdd9855857eb2f5c62c7" />
		<rom name="Iron Mike Tyson (Punch-Out!! sound mod)/sounds/CrowdNoise.mp3" size="184108" crc="d4c458cf" md5="a80ae136da892a8ccd09a3418e3622de" sha1="fcce301b00b6a3fef04ed668427a1967fdde3f7f" />
		<rom name="Iron Mike Tyson (Punch-Out!! sound mod)/sounds/ding.mp3" size="51374" crc="4412632f" md5="10cb93158dd75bf38daff04724093418" sha1="f89bfca3a6912a739f477d69af03fe6e69541c4e" />
		<rom name="Iron Mike Tyson (Punch-Out!! sound mod)/sounds/NESPunch1.mp3" size="20027" crc="b84ecf0c" md5="52b989880bfc018dea959838bd9e1096" sha1="1da609412a4958d763441c8ceba73c8eb28fd821" />
		<rom name="Iron Mike Tyson (Punch-Out!! sound mod)/sounds/NESPunch2.mp3" size="12712" crc="2384801e" md5="f134c75ef15f9cad6a03278084d15fc9" sha1="d2b2b3ef934aaf639ca82ef4234aa25a0be768ed" />
		<rom name="Iron Mike Tyson (Punch-Out!! sound mod)/sounds/punch1a.mp3" size="59765" crc="e5098cb9" md5="652948920aaaa23c3f9f5045b47b2a4f" sha1="59bae3d7b658903500dfc4a8cead087ce8584b71" />
		<rom name="Iron Mike Tyson (Punch-Out!! sound mod)/sounds/punch2a.mp3" size="59765" crc="0bb83a00" md5="20651e6fb2867c99a92055b5df211934" sha1="0184655d0e1ae51d6361dcec23af0c1ff80484dd" />
		<rom name="Iron Mike Tyson (Punch-Out!! sound mod)/sounds/punch.mp3" size="5430" crc="0018b833" md5="aa0d8e2afbca08da1c6804dc9ee00a11" sha1="c648caa6cb1d43cc1fdce391b2cd6f444dac9fb6" />
		<rom name="Iron Mike Tyson (Punch-Out!! sound mod)/sounds/Punching.mp3" size="39912" crc="a7267499" md5="00d710cda9754cd6cd093bb3158fdf5a" sha1="a0eeb96b77b2c2e1fbe4ba1747c95f61c47317b3" />
		<rom name="Iron Mike Tyson (Punch-Out!! sound mod)/sounds/Star.mp3" size="57675" crc="794f62fb" md5="d85aab57171a16f52c1d549c480d1c0b" sha1="0a32207fe02bc7c26e9725243c896ef1d915e2d4" />
		<rom name="Iron Mike Tyson (Punch-Out!! sound mod)/sounds/starpunch.mp3" size="79618" crc="dbad8cc9" md5="0b8412ebb39668db6ea760d44a8172d2" sha1="d015f9f7bc238234de893e905b94a16c52e48f8d" />
		<rom name="Iron Mike Tyson (Punch-Out!! sound mod)/sounds/swing.mp3" size="11699" crc="618da175" md5="69c826905f7be9330310e65732514a4a" sha1="ad4da639cb5b2d0ee21ca626787e12f0d217c4e3" />
		<rom name="Iron Mike Tyson (Punch-Out!! sound mod)/sounds/upper.mp3" size="136042" crc="600e5126" md5="e86a3882f8d89faebfc6ed418bf187ce" sha1="60b99c2c198d5c30905eb2d1330189dca8477b44" />
	</machine>
	<machine name="Pizza Time (ScottyWic)(0.65)[VPX08][MOD Gfx v1.0.0 LoadedWeapon]">
		<description>Pizza Time (ScottyWic)(0.65)[VPX08][MOD Gfx v1.0.0 LoadedWeapon]</description>
		<rom name="Pizza LW.vpx" size="163336192" crc="56ccf669" md5="8c320f389ea3f046b0c6da45af4a4def" sha1="183c02fa1cac6f587c61b31c60aaf67b1674ef9d" />
		<rom name="Pizzatime (Original 2020) LW.ini" size="473" crc="afb727e0" md5="63c65b29d1cf990d1b228608b2e0aec1" sha1="5d8b69c9149f6e0402d71d70af80e9ea87dcac4b" />
	</machine>
	<machine name="Swamp Thing (2024)(Clairvius)(1.5.0)[VPX08][MOD 'Bayou Edition' v2.1.1 LTek][VR Ext2k]">
		<description>Swamp Thing (2024)(Clairvius)(1.5.0)[VPX08][MOD 'Bayou Edition' v2.1.1 LTek][VR Ext2k]</description>
		<rom name="media/Swamp Thing FullDMD.mp4" size="14350706" crc="b1ee99cf" md5="52ea24dc012771c756825066d40d68d6" sha1="3024b62ec9c3fee45bae09548e3b426a1d58ee8c" />
		<rom name="media/Swamp Thing_backglass.mp4" size="608872" crc="ff749078" md5="fa43f94709ea37dd4c5dd72e90d082f2" sha1="f0dae28ca97771ee429645556d79ea9709e00a58" />
		<rom name="media/Swamp Thing_FullDMD_video.mp4" size="20895487" crc="3d185f57" md5="4571cd8dfa8eedc6604c7f5d20dd6426" sha1="ce043b595d7c9a0c744e0f115094d49ab8ab7545" />
		<rom name="media/Swamp Thing_FullDMD_vPinStudio.mp4" size="14830732" crc="c336ad27" md5="044e59333fc03fa9a4fcf6b73da34001" sha1="9c42c8c79462998bd719f3b1a04be81ab382c988" />
		<rom name="media/Swamp Thing_music.mp3" size="5123534" crc="77b88a45" md5="5300e5cabaf2c6dd63fc09d96324ee68" sha1="bc069fe5555ea9bfc67e1c10218cb1f067ef558a" />
		<rom name="media/Swamp Thing_wheel.png" size="384954" crc="4f2332eb" md5="b884d511b5424b5f16f6f54925daa718" sha1="85dead19b526c474c17216913901b79978f3ceca" />
		<rom name="README.txt" size="7090" crc="e49c2e9b" md5="8b4fcf8336e260c17371887237a92ad1" sha1="834e9a4cc1f19d6696f7c8fc8877ff94ccbe9f2d" />
		<rom name="Swamp Thing 2.1.1 (LTek 2024)_Screenshot.jpg" size="1739319" crc="c87cd4ea" md5="1ae5459386c1d576247ee0a2cfd39f4a" sha1="72ae84b1dfe23fd3fc40956e9ee9ab7ad987f92d" />
		<rom name="Swamp Thing 2.1.1 Bayou Edition (LTek 2024).directb2s" size="18768895" crc="abf96e85" md5="97e1c0bb5435f94e94dcaddcd55b6035" sha1="98b6fdc0b36c0f08ab15e3a3cd28b618142a8869" />
		<rom name="Swamp Thing 2.1.1 Bayou Edition (LTek 2024).ini" size="696" crc="8b2cd1f8" md5="904c7ca31fa0a282aa13c8ea0a385178" sha1="562db7ba06814a4d7d000b519a5d2f31ef6676d0" />
		<rom name="Swamp Thing 2.1.1 Bayou Edition (LTek 2024).vpx" size="224358400" crc="8b9cdf85" md5="0d289f6956bc63412b6c8651178adb6d" sha1="29467dda860b4e7cec5b44d4fa196a7131c44f59" />
	</machine>
</datafile>