<?xml version="1.0" encoding="utf-8"?>
<!DOCTYPE datafile PUBLIC "-//Logiqx//DTD ROM Management Datafile//EN" "http://www.logiqx.com/Dats/datafile.dtd">
<datafile>
	<header>
		<name>Visual Pinball [VP9] Original Tables [WideScreen]</name>
		<description>Visual Pinball [VP9] Original Tables [WideScreen] (2024-11-07)</description>
		<version></version>
		<date>2024-11-07</date>
		<author></author>
	</header>
	<machine name="Addams Family, The (TV version) (Bob5453)(2011)[VP9][WideScreen Bob5453)">
		<description>Addams Family, The (TV version) (Bob5453)(2011)[VP9][WideScreen Bob5453)</description>
		<rom name="Addams Family, The (TV version) (2011) screenshot.jpg" size="623173" crc="4f224d28" md5="17fbbbe48561ddde7502bfb0bf7c15be" sha1="439435d5ec57f6e36af5f58bd115701cac33da5f" />
		<rom name="TAF TV 2011 WS.vpt" size="18038784" crc="f70ce9d5" md5="dfe42230ccf23e9f4ce5217f099a1a2d" sha1="ac37587460e06cc6ac637881055ec0ddcbd1ea60" />
	</machine>
	<machine name="Beat This (Bob5453, Wizards_Hat, Pinbotic)(1.051)[VP9][WideScreen]">
		<description>Beat This (Bob5453, Wizards_Hat, Pinbotic)(1.051)[VP9][WideScreen]</description>
		<rom name="Beat This (Bob5453, Wizards_Hat, Pinbotic)(1.04)[VP9][WideScreen].vpt" size="13658624" crc="c130967e" md5="b75a262cd808a976b14b0bf303427ee5" sha1="43e9828bfce37ca5a32044759bd54445c895efc7" />
		<rom name="Beat This (Bob5453, Wizards_Hat, Pinbotic)(1.05)[VP9][WideScreen].vpt" size="13659136" crc="d3730267" md5="6175d8490b9640be9e7b5bacf9651cb0" sha1="aa7b2aaaa7a8861bf7c780f00c8922a745dbbd0f" />
		<rom name="Beat This (Bob5453, Wizards_Hat, Pinbotic)(1.051)[VP9][WideScreen].vpt" size="13659136" crc="e2a08f91" md5="d5e3de8ce94554be02f2a3eab1eb6290" sha1="6e5c804ba0a3106d097dc17630ecf775863722fd" />
		<rom name="Beat This screenshot.jpg" size="404850" crc="8590b774" md5="93bfb774d121ac9436b8ae2881bd9ebd" sha1="5d7f876154fe539b69c8f1549a06512b65f72c6f" />
	</machine>
	<machine name="Beatles, The (Bob5453)(2011)[VP9][WideScreen Bob5453]">
		<description>Beatles, The (Bob5453)(2011)[VP9][WideScreen Bob5453]</description>
		<rom name="2011/Beatles, The (Bob5453)(2011)[VP9][WideScreen Bob5453]/Beatles, The (Bob5453)(2011)[VP91x][WideScreen Bob5453].vpt" size="32292864" crc="e0798062" md5="91cb10a7ff708912157c8f2fb261924d" sha1="9528d056fee618ee0c0b48ed57374f2aca8c0fc9" />
		<rom name="2011/Beatles, The (Bob5453)(2011)[VP9][WideScreen Bob5453]/Beatles, The (Bob5453)(2011a)[VP91x][WideScreen Bob5453].vpt" size="32292864" crc="91e6db6d" md5="d85b1175848123c5ad96ec5ec1e66e41" sha1="6baf21873378c14a5ddb4875a805bebdc65834d1" />
		<rom name="2011/Beatles, The (Bob5453)(2011)[VP9][WideScreen Bob5453]/Beatles, The (Bob5453)(WideScreen) screenshot.jpg" size="721157" crc="1c14e898" md5="fcb227a151938a26570b2acccb46e2a3" sha1="1616f120149750e99555b34c88764987683b850c" />
		<rom name="2011/Beatles, The (Bob5453)(2011)[VP9][WideScreen Bob5453]/Beatles, The (WS 2011) readme.txt" size="2364" crc="19246a91" md5="5d7c27151559c85f673a33a25565fbc5" sha1="92d97cfee50b6ac820b399665eb6373e18f5b77d" />
		<rom name="2011/Beatles, The (Bob5453)(2011)[VP9][WideScreen Bob5453]/Beatles, The (WS 2011a) readme.txt" size="2362" crc="2daefe9f" md5="26754cba6fccf20f550ca350e29a5db6" sha1="173107f6e97233ec0717d60d76b370cb9f53d67b" />
		<rom name="2011/Music/Beatles_BOJAY.mp3" size="487759" crc="45c370a1" md5="7e4c506ed2d8533fe39d6a5b770752cc" sha1="5035f30656b107ad3aae25a0ca73e1db38268f39" />
		<rom name="2011/Music/Beatles_CBML.mp3" size="409183" crc="8c5339cd" md5="56b4b1788b2f4877772f46f26e567cf6" sha1="4368eaabdba594366bbbe9ee10b4b2aacbc8bb18" />
		<rom name="2011/Music/Beatles_EDAW.mp3" size="505731" crc="0fcdc52f" md5="b9b6c21d1c3d2e3b04d8cde40c889387" sha1="73f765b1f1fdc75f5b730fe53c22ad54863f062e" />
		<rom name="2011/Music/Beatles_ISHST.mp3" size="496536" crc="8df77536" md5="90ddfee47c37775c425794b3b0b94e2e" sha1="3f629ffe4d7aff2eb51289133f064dbe12810449" />
		<rom name="2011/Music/Beatles_IWTHYH.mp3" size="461009" crc="c6526587" md5="f8fb1f7ff6c0370d7759ac817f8c60a2" sha1="43edb472018867f993196e244c80d5fb73d4dbae" />
		<rom name="2011/Music/Beatles_LAWR.mp3" size="688797" crc="38a84c5d" md5="daebde14b0ea2cb87de10c98dfab8cd9" sha1="ef58fe7344a344b61106944f84635e9681d7fcf3" />
		<rom name="2011/Music/Beatles_LD.mp3" size="480654" crc="99d48a55" md5="cfdb704f064c1f2e2d1d92af44240f37" sha1="4af524a3fd576656b201fb3ac8147d5c10d9cb43" />
		<rom name="2011/Music/Beatles_LMD.mp3" size="549199" crc="6e004af9" md5="c2735ed797c7a90d53ab8109bab67060" sha1="e213aceecd49ac0bd170dfddc3ebf8589bbd9ba8" />
		<rom name="2011/Music/Beatles_NM.mp3" size="498208" crc="05133d2e" md5="dd70f1dde947aa9ab435de654ed64bbf" sha1="bc2de8569a003344b389146073c13871edd2ff0a" />
		<rom name="2011/Music/Beatles_OG.mp3" size="392882" crc="74bbb14b" md5="2bc98f8ca2f4ef8c7961e90d025d256d" sha1="b5a22d34324fc721177618552e72ff8c2acef49d" />
		<rom name="2011/Music/Beatles_PPM.mp3" size="562156" crc="caf3992a" md5="0c4e6a8477a75fcf5d7dee3790509bac" sha1="44583ccb4a6fb533d0884c818a33fc7cb8e7538a" />
		<rom name="2011/Music/Beatles_SPLHCB.mp3" size="1021911" crc="97295d7f" md5="f905fc8fad8b0eafbf9e9065464f6238" sha1="7bcb94cd8e42d1b130ef924c1247c402a930ebf3" />
		<rom name="2011/Music/Beatles_TTR.mp3" size="613147" crc="c795ac56" md5="7fa4854a8bfb6bcea9b31cf25bd9973d" sha1="1f3dc46942bbb00330b8f7d72cb3a4802c4323bf" />
		<rom name="2011/Music/Beatles_TWST.mp3" size="528719" crc="977175b0" md5="66b1ce3797bb0d4fb9f4ef72edf9045b" sha1="ad3e86aba76c6f353dc6ef6711abce657dbd5025" />
		<rom name="2011/Music/Beatles_YS.mp3" size="345653" crc="6bb915a9" md5="93d2604c760cbba0671f8dbe7a620191" sha1="9f2b1e5197b4d5032390ef16d6072befcab26a18" />
	</machine>
	<machine name="Bob's BOP (Bob5453)(2011C)[VP90x][WideScreen Bob5453]">
		<description>Bob's BOP (Bob5453)(2011C)[VP90x][WideScreen Bob5453]</description>
		<rom name="Bob's BOP (Bob5453)(2011)[VP90x][WideScreen Bob5453]/Bob's BOP (2011) screenshot.jpg" size="660736" crc="0e08c0d5" md5="7702edc5b4f01efec001e6453093d28d" sha1="b409f69f2b08dac77b3346309de72110671eaccb" />
		<rom name="Bob's BOP (Bob5453)(2011)[VP90x][WideScreen Bob5453]/Bob's BOP (Bob5453)(2011)[VP90x][WideScreen Bob5453].vpt" size="16879616" crc="10d74188" md5="29c56e5696a6f1315b2ad0cec0740578" sha1="2044b49d80aa25586df6a352938c3ab89882ba85" />
		<rom name="Bob's BOP (Bob5453)(2011A)[VP90x][WideScreen Bob5453]/Bob's BOP (2011A) screenshot.jpg" size="670732" crc="5b83de8a" md5="30e2e920de0552957fa02bde86a77527" sha1="c63be6e4b8cb104d622219e07255f9c9594dcc1d" />
		<rom name="Bob's BOP (Bob5453)(2011A)[VP90x][WideScreen Bob5453]/Bob's BOP (Bob5453)(2011A)[VP90x][WideScreen Bob5453].vpt" size="16953344" crc="bb5b7bfa" md5="624eec8609d3d455611549935825858d" sha1="89d572cce4a883475aebb786e7f1446b50a55693" />
		<rom name="Bob's BOP (Bob5453)(2011B)[VP90x][WideScreen Bob5453]/Bob's BOP (2011B) screenshot.jpg" size="619026" crc="44d233ba" md5="32c9ce7398dbbc1825d6e5c6f84db6c9" sha1="9d497a57d31183e4ad1bd49d4c019d49c43e247e" />
		<rom name="Bob's BOP (Bob5453)(2011B)[VP90x][WideScreen Bob5453]/Bob's BOP (Bob5453)(2011B)[VP90x][WideScreen Bob5453].vpt" size="16986112" crc="2ab94a63" md5="3f92d14039f8361a4bbde01ff0dc1a6d" sha1="cf42fbfc4217e4b75801186fcff9a7cfa8016762" />
		<rom name="Bob's BOP (Bob5453)(2011C)[VP90x][WideScreen Bob5453]/Bob's BOP (2011C) screenshot.jpg" size="618517" crc="0c989752" md5="b40035cc20cd40854e1c3004eb93b53d" sha1="022e7d7615438dfc77fabe92e1c2a824e9d62e68" />
		<rom name="Bob's BOP (Bob5453)(2011C)[VP90x][WideScreen Bob5453]/Bob's BOP (Bob5453)(2011C)[VP90x][WideScreen Bob5453].vpt" size="16990208" crc="6087f1bf" md5="cd7945a271ddf4ab59761dc72e080b01" sha1="60beba4ac8dfb14b276ff856837c1984a3681a3a" />
	</machine>
	<machine name="Daffy Duck (Bob5453)(2011a)[VP9][WideScreen Bob5453]">
		<description>Daffy Duck (Bob5453)(2011a)[VP9][WideScreen Bob5453]</description>
		<rom name="Daffy Duck (2011) screenshot.jpg" size="694778" crc="fcf5c5bd" md5="2320627d22dea4efe0f1ee705f19b72f" sha1="7549cdbdc818f483b49a6bc37e95c7591eecae92" />
		<rom name="Daffy Duck (2011a) screenshot.jpg" size="610581" crc="40d14d96" md5="0f9d78303a439b24d3141376aa24cad0" sha1="567d3911077516728ba130e11bee7cbfce6e63bb" />
		<rom name="Daffy Duck (Bob5453)(2011)[VP9][WideScreen Bob5453].vpt" size="12320768" crc="962c298c" md5="64fa793f9853173940605892f9bdd193" sha1="885c96a0520c8523e2ab736727570c8684a02bb9" />
		<rom name="Daffy Duck (Bob5453)(2011a)[VP9][WideScreen Bob5453].vpt" size="12259328" crc="f170715f" md5="2f88775ff780102de11d667e97d0c2dc" sha1="da5f57e78dac3888f60118c2c3511144227e1ea6" />
	</machine>
	<machine name="Dragon (Bob5453)(2010)[VP9][WideScreen Bob5453]">
		<description>Dragon (Bob5453)(2010)[VP9][WideScreen Bob5453]</description>
		<rom name="2010/Dragon (Bob5453)(2010)[VP9][WideScreen Bob5453].vpt" size="7940608" crc="1315f3e2" md5="855f608ded3123e984159b7a2af3abad" sha1="5b7b968b5ff49eb2e5e13fb3223ca28cdbc6c588" />
		<rom name="2010/Dragon (WideScreen) screenshot.jpg" size="529384" crc="af73a734" md5="d1323aa0132816fa454cac77db84a732" sha1="63378c90298bdf9ac03291b3bf77ec2feea3facd" />
	</machine>
	<machine name="Ghostbusters (Bob5453)(2011)[VP9][WideScreen Bob5453]">
		<description>Ghostbusters (Bob5453)(2011)[VP9][WideScreen Bob5453]</description>
		<rom name="Ghostbusters (Bob5453)(2011)[VP9][WideScreen Bob5453].vpt" size="26357760" crc="bf5303fd" md5="de1ea16e4c50fc3ea62dfd5046907663" sha1="5dca715d827a4356930642484ebf10e18cda1c8f" />
		<rom name="Ghostbusters (Bob5453)(WideScreen) screenshot.jpg" size="692397" crc="bbc9b200" md5="b1693058e8a12443448c35d7dfbb630e" sha1="0dcaceef6a3e4b41963c2912be0250950708ef13" />
	</machine>
	<machine name="Gyruss, The (StevOz)(1.0.5)[VP9][WideScreen StevOz]">
		<description>Gyruss, The (StevOz)(1.0.5)[VP9][WideScreen StevOz]</description>
		<rom name="Gyruss, The (StevOz)(1.0)[VP9][WideScreen StevOz].jpg" size="268722" crc="f1f08211" md5="e2369b17dfff1c105ef41d1a4f74023e" sha1="33fe74630e570df0986218de39b8cbaad6f093dd" />
		<rom name="Gyruss, The (StevOz)(1.0)[VP9][WideScreen StevOz].vpt" size="5722112" crc="e4cbedf8" md5="416763136e7d5b3e5b0c5e357f973659" sha1="9ac91004b1ae6c6957ba94ca0c53f6ace9dcbac0" />
		<rom name="Gyruss, The (StevOz)(1.0.1)[VP9][WideScreen StevOz].vpt" size="5722112" crc="b507e529" md5="56e6a6cd254b457ac9f699c0576eff10" sha1="bdfa95af286a60b2a3044d10d49bcf3baae67115" />
		<rom name="Gyruss, The (StevOz)(1.0.2)[VP9][WideScreen StevOz].vpt" size="5722112" crc="b507e529" md5="56e6a6cd254b457ac9f699c0576eff10" sha1="bdfa95af286a60b2a3044d10d49bcf3baae67115" />
		<rom name="Gyruss, The (StevOz)(1.0.3)[VP9][WideScreen StevOz].vpt" size="5722112" crc="c1ee1e37" md5="6d5ce496a1399f11b9fe438d4effd543" sha1="4d445c38f820ca4d9358847df75323af6de084ed" />
		<rom name="Gyruss, The (StevOz)(1.0.5)[VP9][WideScreen StevOz].vpt" size="5722112" crc="57c7121a" md5="521dcd1295c6325dd190c13e94cb982e" sha1="16e9e52e5785b21500990f44df1e8d35795ae026" />
	</machine>
	<machine name="MAD Mag (Bob5453)(2011)[VP9][WideScreen Bob5453]">
		<description>MAD Mag (Bob5453)(2011)[VP9][WideScreen Bob5453]</description>
		<rom name="MAD Mag (2011) screenshot.jpg" size="637780" crc="a7f371f2" md5="5313bced1a9b91ed75fb7aa82c582bcb" sha1="463a19c5ca37ba597a054947f7e3d0dce34e3d7f" />
		<rom name="MAD Mag (Bob5453)(2011)[VP9][WideScreen Bob5453].vpt" size="11333632" crc="1350867d" md5="264462c29bfce32ed5f6a225c6216ab2" sha1="ba93b5950a2b1b05c140c068ad8dce97e84da049" />
	</machine>
	<machine name="Mars Attacks (Bob5453)(2012)[VP9][WideScreen Bob5453]">
		<description>Mars Attacks (Bob5453)(2012)[VP9][WideScreen Bob5453]</description>
		<rom name="2010/Mars Attacks (2010) screenshot.jpg" size="468825" crc="ce6bebbb" md5="9f07eeeec6468008f5311ea14bec2281" sha1="949a77db877b3e176e2ab193c53b1388347e080f" />
		<rom name="2010/Mars Attacks (Bob5453)(2010)[VP9][WideScreen Bob5453].vpt" size="16001536" crc="d1c4887f" md5="05c837fd7496bee2c6a8a3b02681485b" sha1="2593ede33718a0282feabb72a655d893876fe767" />
		<rom name="2011/Mars Attacks (2011a) screenshot.jpg" size="617996" crc="8ea454cc" md5="6aaf7fde0c5a61d4ffa8cea869225e05" sha1="2ada22042ce5d5d772f425937d4a360770ff9680" />
		<rom name="2011/Mars Attacks (Bob5453)(2011a)[VP9][WideScreen bob5453].vpt" size="15970304" crc="2d0d57e4" md5="4b93297d6909c878fa0e7158121b1146" sha1="d3ad5c21a0e4f8ec9ed81a8cbc473abc92111197" />
		<rom name="2012/Mars Attacks (2012) screenshot.jpg" size="400268" crc="e7cb7c45" md5="6800800c92946b489fe7fef7d1956092" sha1="e7c16026344a06c52588be5afa3e99cf1149cfd3" />
		<rom name="2012/Mars Attacks (Bob5453)(2012)[VP9][WideScreen Bob5453].vpt" size="18120704" crc="197920c4" md5="f301cc10f2f3fe60cd249ce761571dc0" sha1="f219fa5b2a143af2a5b1e7b289eda6561cc3de93" />
	</machine>
	<machine name="Rapid Vienna (starman7007, Bob5453)(2011)[VP9][WideScreen Bob5453]">
		<description>Rapid Vienna (starman7007, Bob5453)(2011)[VP9][WideScreen Bob5453]</description>
		<rom name="2010/Rapid Vienna (2010) readme.txt" size="15066" crc="f46b24a7" md5="695074259cbfb3f6a74b847a75f21288" sha1="58a1fc970ba1ca32bae77984d4b8f5095c429376" />
		<rom name="2010/Rapid Vienna (2010) screenshot.jpg" size="547258" crc="f05505b7" md5="2c6179bec9e557c841c2031a53a0f168" sha1="8d8fa0e0ca64caba5dbbb319387a28cd4f11123f" />
		<rom name="2010/Rapid Vienna (starman7007, Bob5453)(2010)[VP9][WideScreen Bob5453].vpt" size="6468096" crc="b8fcf49e" md5="b60b600562ef6ccffee9d398ab1a5e73" sha1="f1600e2b8134a803eb492445ebe8424ce54607db" />
		<rom name="2010/Rapid Vienna (starman7007, Bob5453)(2010a)[VP9][WideScreen Bob5453].vpt" size="6400000" crc="c6a19097" md5="a9bddbc93c8a63fa07fc6b0a2e0c1951" sha1="9353191af0b5f60bab86dfa515d996315ee65583" />
		<rom name="2011/Rapid Vienna (2011) screenshot.jpg" size="506523" crc="90b360a1" md5="5a0de5a405a71e4ba400de627eadec8e" sha1="892208d969b0b4335eebf278a9cbbaeaac6ec5bb" />
		<rom name="2011/Rapid Vienna (starman7007, Bob5453)(2011)[VP9][WideScreen Bob5453].vpt" size="43809280" crc="d4be45b7" md5="cfb3ea80bb7e29faf2d46c5ef7e1caad" sha1="da52184b791dfd246bef99e883cdd5d8a32195af" />
	</machine>
	<machine name="Supergirl (Bob5453)(2011)[VP9][WideScreen Bob5453]">
		<description>Supergirl (Bob5453)(2011)[VP9][WideScreen Bob5453]</description>
		<rom name="2010/Supergirl (2010WS) screenshot.jpg" size="485197" crc="7346f27f" md5="2f18137fb32d318f5d8035850c6cc53c" sha1="c7d7444877e445b7f2a9709fa972dbd3fcda9e7f" />
		<rom name="2010/Supergirl (Bob5453)(2010)[VP9][WideScreen Bob5453].vpt" size="6785024" crc="ae5f7a04" md5="fddc718bc03969eda0e37d2d23bc3597" sha1="ba309df3ddc9b76baad7de5a52bc34f655521822" />
		<rom name="2011/Supergirl (2011WS) screenshot.jpg" size="653503" crc="0bbe5236" md5="a20c450e04f1413c9bc4c5e4d3245f91" sha1="d9c018cefeaf89a700aa15e5fb801293b68a6016" />
		<rom name="2011/Supergirl (Bob5453)(2011)[VP9][WideScreen Bob5453].vpt" size="7421952" crc="79550eb1" md5="f3c4d74aedbeca84de1e2d3eb4aa8959" sha1="53cb609d9bbe040b863b5a5306498915552667a1" />
		<rom name="Music/supergirl-movie.mp3" size="2559710" crc="3117e291" md5="2acb2de3c16a24fc88cf3f91d5c0ea72" sha1="67ca6cc08c21d78fb29657b197abcceba9cf4514" />
	</machine>
	<machine name="SyncoBob (Muppets Edition) (Bob5453)(2011)[VP9][WideScreen Bob5453]">
		<description>SyncoBob (Muppets Edition) (Bob5453)(2011)[VP9][WideScreen Bob5453]</description>
		<rom name="SyncoBob (Muppets Edition) (2011) screenshot.jpg" size="512265" crc="a7223e4a" md5="25f87974ac472bfdc74ab99952f9bdfc" sha1="fb94c8c1c71a793da032fa6f232485f5b4e5e5f3" />
		<rom name="SyncoBob (Muppets Edition) (Bob5453)(2011)[VP9][WideScreen Bob5453].vpt" size="10776576" crc="8c83f57c" md5="2f7e8e155f94e85047aebebefaca639d" sha1="21639d7faa40f3fef92093d1d25b663aa5b0d332" />
	</machine>
	<machine name="Three Stooges, The (Bob5453)(2011a)[VP9][WideScreen Bob5453]">
		<description>Three Stooges, The (Bob5453)(2011a)[VP9][WideScreen Bob5453]</description>
		<rom name="2010/Three Stooges, The (2010a)(WideScreen) screenshot.jpg" size="449420" crc="5a323e04" md5="a2e2626c980f5094db8ad57e690aaea2" sha1="8a6a3aa089dfad7a900ef35528caa69f1ef8bdb1" />
		<rom name="2010/Three Stooges, The (Bob5453)(2010a)[VP9][WideScreen Bob5453].vpt" size="17409024" crc="efa0cc5f" md5="2a7f19c00084dc55b72b0875f66c33ab" sha1="8d403661d34310e15704cf8836fefad472c9cd49" />
		<rom name="2011/Three Stooges, The (Bob5453)(2011)[VP9][WideScreen Bob5453].vpt" size="18477056" crc="8955ed48" md5="389af85fc128799132cbf2cbe9fd9927" sha1="b8fa2d9ea2dc70eac76a04cd11493f0f7b4d4dbc" />
		<rom name="2011/Three Stooges, The (Bob5453)(2011a)[VP9][WideScreen Bob5453].vpt" size="18481152" crc="b508c295" md5="b75315201738fcb26418da802d8be2c1" sha1="c1188fee3d1fcf8ab0a0a16aceee2447d89c2ea5" />
		<rom name="2011/Three Stooges, The (WideScreen) screenshot.jpg" size="589905" crc="872de281" md5="da03c90d05d86a4c21c982d4d8a56198" sha1="aeb70f021ab82b7b1284a10aba15cafde6931bd5" />
	</machine>
</datafile>