<?xml version="1.0" encoding="utf-8"?>
<!DOCTYPE datafile PUBLIC "-//Logiqx//DTD ROM Management Datafile//EN" "http://www.logiqx.com/Dats/datafile.dtd">
<datafile>
	<header>
		<name>Visual Pinball [VP9] Recreated Tables</name>
		<description>Visual Pinball [VP9] Recreated Tables (2024-11-07)</description>
		<version></version>
		<date>2024-11-07</date>
		<author></author>
	</header>
	<machine name="3 Coins (Williams)(1962)(pbecker1946)(1.0)[VP9]">
		<description>3 Coins (Williams)(1962)(pbecker1946)(1.0)[VP9]</description>
		<rom name="3 Coins (Williams)(1962)(pbecker1946)(1.0)[VP9].vpt" size="29130752" crc="657a5299" md5="279ae384271b040c42f27004b260d17f" sha1="953e036ef80927c2cef2f80150f63e2d16818add" />
		<rom name="3 Coins Commentary.txt" size="4395" crc="2757d2f6" md5="4c4fb23f7d0a0d900a50b8da93c2957c" sha1="ab77c6fc496919da57b49f9b34c217a514099ca3" />
		<rom name="3 Coins flyer.jpg" size="1303591" crc="62ff092a" md5="237aa9aeb31b43f1b7094d5d3ba96485" sha1="d3b37b9112038dfb040f880ca9cbc0df6efd046f" />
		<rom name="3 Coins screenshot.jpg" size="1331884" crc="e9d7d86f" md5="38c009800d5f84417489cefab284eb1c" sha1="26d6fba8cd41c6bd3aa82c6ea2687fd2d7dd1bd7" />
	</machine>
	<machine name="2002 (Maresa)(1971)(eduguitar72)(1.0)[VP9]">
		<description>2002 (Maresa)(1971)(eduguitar72)(1.0)[VP9]</description>
		<rom name="2002 (Maresa 1971).vpt" size="4481024" crc="99e5082a" md5="9fa1952c6a2e57c6782863085ccbbda2" sha1="cfcc435bf2efd9a80f8f93aced26c340e493c6e2" />
		<rom name="2002-MARESA-1971-FLYER01.jpg" size="313191" crc="4d621d06" md5="e1f054abd5a584c1f439ea27898b7338" sha1="1aca7db368614da8a611466a48fe40119919485e" />
		<rom name="2002-MARESA-1971-FOTO10.jpg" size="340459" crc="4dcaf76f" md5="7da42db37f32180ba562f33b344f2124" sha1="c7e9af583819faf8194a2031b711f5084a588054" />
		<rom name="2002.jpg" size="242488" crc="1de6b6be" md5="987504931d3bb67ebc51702d8ce93830" sha1="23fdca3feedc630d7dd3121263abb780ab88e637" />
	</machine>
	<machine name="Ace High (Gottlieb)(1957)(Furio)(1.3)[VP9]maybe v1.0">
		<description>Ace High (Gottlieb)(1957)(Furio)(1.3)[VP9]maybe v1.0</description>
		<rom name="Ace High (Gottlieb)(1957)(Furio)(1.3)[VP9]  maybe v1.0.vpt" size="3621376" crc="102d54b0" md5="b120e08668e26aaaaa7a854e526195ce" sha1="fcc7d282dd7e9160492789915121b0eec480a679" />
		<rom name="Ace High rules.jpg" size="80176" crc="b83202c4" md5="4a8c401b2e0ce4c3b42c994c943e5af0" sha1="79a7bdb982b051044966e35ba314ebcc82445adb" />
		<rom name="Ace High screenshot.jpg" size="165815" crc="f4ce7799" md5="a4d614e4ec1e6c8c85455e0b3e5c249a" sha1="fa316ff03059ab4a6679ef5bcf0ca7862959057a" />
	</machine>
	<machine name="Air Aces (Bally)(1974)(2.0)[VP9x][B2S]">
		<description>Air Aces (Bally)(1974)(2.0)[VP9x][B2S]</description>
		<rom name="Air Aces (Bally 1974)_V2_vpt_2021/Air Aces (Bally 1974) backglass.png" size="2725630" crc="7e4963e3" md5="dd5bd13cb8ab21c9be4a3cefa000a4f9" sha1="b33777a74f2e01c7942ebacd22573c003ff1d292" />
		<rom name="Air Aces (Bally 1974)_V2_vpt_2021/Air Aces (Bally 1974)_V2_vpt_2021.directb2s" size="7307679" crc="950f5260" md5="75e9d59612ea361f1a405c8ed905e0a0" sha1="7db8500b0411fd2b516b4059d70ee9f47c8d9c12" />
		<rom name="Air Aces (Bally 1974)_V2_vpt_2021/Air Aces (Bally 1974)_V2_vpt_2021.vpt" size="11280384" crc="251bfee2" md5="3a65ce498c64c6fe8db5240eaf8317a9" sha1="8a2eef7c56bc435d1833fc99b1c5a0ed3a70f87b" />
		<rom name="Air Aces (Bally 1974)_V2_vpt_2021/AirAces.b2s" size="7120669" crc="1f72d03d" md5="647626eb689bb4bc9ff6cf8a25d20333" sha1="c2958747eb123c32dd5de660894b48290c912a38" />
		<rom name="Air Aces (Bally 1974)_V2_vpt_2021/cabinetLeft.jpg" size="100972" crc="43277d69" md5="c66baa17fb344ed186879c6b867a8606" sha1="4109c50675d421f29a310247994f0efd60eec8a2" />
		<rom name="Air Aces (Bally 1974)_V2_vpt_2021/DMD.jpg" size="75460" crc="62c99e43" md5="9b6c68a908c5bad19de49ce053b6e5ee" sha1="816034c6a0225073a0695df10f6a22b683cef744" />
	</machine>
	<machine name="Air Aces (Bally)(1975)(Ash, Lynwood, Dillman)(RC1)(06-09-12)[VP9]">
		<description>Air Aces (Bally)(1975)(Ash, Lynwood, Dillman)(RC1)(06-09-12)[VP9]</description>
		<rom name="Air Aces (Bally)(1975)(Ash, Lynwood, Dillman)(RC1)(06-07-12)[VP9].vpt" size="10891264" crc="889e8e54" md5="9e0e7054ca74382b7fdf02fad2260c4b" sha1="e1de0c448b137a00ce63245b244e4ba8b4c1deb7" />
		<rom name="Air Aces (Bally)(1975)(Ash, Lynwood, Dillman)(RC1)(06-09-12)[VP9].vpt" size="10911744" crc="92de4b1a" md5="70bb536d53e932c52545c8f4dbe92a9e" sha1="d9c5e7933df9320bb526c3c3143b75c26cc04f3e" />
		<rom name="Air Aces screenshot.jpg" size="1559358" crc="8ad39479" md5="5214ade68ff1729a2bef9ae12f032330" sha1="1ed2b2a3ec1724e840618e8c985dcdd5b30afc26" />
	</machine>
	<machine name="Auto Race (Gottlieb)(1956)(Furio)(1.5)[VP9]">
		<description>Auto Race (Gottlieb)(1956)(Furio)(1.5)[VP9]</description>
		<rom name="1.5/Auto Race (1.5) screenshot.jpg" size="119389" crc="b2dc0159" md5="fe2615f67af8986ff4c1731866478cdc" sha1="00f288f2e8c1970b2f178470ad7dfe7c043c93e6" />
		<rom name="1.5/Auto Race (Gottlieb)(1956)(Furio)(1.5)[VP9].vpt" size="2935808" crc="4f888e02" md5="8b869cdaffbd53019d4172db7465588f" sha1="9e0dd027a97e09a99712754b7b339c685173b234" />
	</machine>
	<machine name="Big Hit (Gottlieb)(1977)(Itchigo)(1.0)[VP9]">
		<description>Big Hit (Gottlieb)(1977)(Itchigo)(1.0)[VP9]</description>
		<rom name="Big Hit 4-3.vpt" size="17956864" crc="75be941b" md5="68beaef7296b5a5eba80b21c9e41166b" sha1="6329c55b496a21139b1e050ff77df0a4fb809b62" />
		<rom name="flyer.jpg" size="2025384" crc="ca13147e" md5="fea315c4084a9758e6822478ea21bdd0" sha1="ea78c98c3f090c9fcedc35e508426edaf78d101d" />
		<rom name="screenshot.jpg" size="563011" crc="17284bb1" md5="c59c936a1b641c2dea5f7e6a9addfe5d" sha1="b086bff2acdf74567e0de0a54ec8047ab1b3c28d" />
	</machine>
	<machine name="Black Fever (Playmatic)(1980)(Eala Dubh Sidhe, roccodimarco)(1.0)[VP9][FullScreen]">
		<description>Black Fever (Playmatic)(1980)(Eala Dubh Sidhe, roccodimarco)(1.0)[VP9][FullScreen]</description>
		<rom name="Black Fever (Playmatic 1980).vpt" size="118403072" crc="6c154150" md5="9fce84173fcb2eb538c83984b85010b9" sha1="7ca5c2f59adbbc021ae5963e37996120f8ce3eaa" />
		<rom name="black-fever.png" size="2301252" crc="a148d2a3" md5="b15100eb75a88748bdbea22f3f741318" sha1="2acc9b1760ba4f27d86925a8eeefd4e00ce24857" />
	</machine>
	<machine name="Can Can (Williams)(1955)(Romolo)(1.0)[VP9]">
		<description>Can Can (Williams)(1955)(Romolo)(1.0)[VP9]</description>
		<rom name="Can Can (Williams 1955).jpg" size="139791" crc="842bb9f5" md5="3d631f2ba8fe54154d3336db12bb70c0" sha1="499e43d2fe1bc02972bed5faa958307449812e3f" />
		<rom name="Can Can (Williams 1955).vpt" size="12951552" crc="165ebde6" md5="629c24daf1cfb9147ab2a7cd0d1bbd98" sha1="a2a62ae6f8d601b971c1c38f34f7276c1a5c2afe" />
	</machine>
	<machine name="Capt. Fantastic (Bally)(1976)(rosve)(1.0.3)[VP9]">
		<description>Capt. Fantastic (Bally)(1976)(rosve)(1.0.3)[VP9]</description>
		<rom name="Capt. Fantastic (1.0.3) screenshot.jpg" size="288409" crc="a427c2e1" md5="2e3c01ce1611496a16933637cd2ba53e" sha1="54b539f680f8b85d94da7ff81f926ca520da0379" />
		<rom name="Capt. Fantastic (Bally)(1976)(rosve)(1.0.3)[VP9].vpt" size="6094336" crc="f859ceb5" md5="c1518c6c97633ccffdf2a6c98b6c342b" sha1="e986ff45cadfb30557e8a1e5bc73e5c357235e08" />
	</machine>
	<machine name="Caravan (Williams)(1952)(Furio)(1.4)[VP9]">
		<description>Caravan (Williams)(1952)(Furio)(1.4)[VP9]</description>
		<rom name="Caravan (Williams 1952) 1.4.vpt" size="3797504" crc="68fc1b74" md5="e8cac0251e0c4dd5cda08bdb9b8a389e" sha1="a5bc7832b64ea7faffa6243dbebff392a07a68e8" />
		<rom name="Caravan screenshot.jpg" size="164258" crc="5e08fcda" md5="cd62e4271dfa27591717b5b0b7c4f899" sha1="d450b32965eb8955cf83770e1012477b897658eb" />
	</machine>
	<machine name="Colorama (J.H. Keeney)(1963)(Romolo)(1.0)[VP9]">
		<description>Colorama (J.H. Keeney)(1963)(Romolo)(1.0)[VP9]</description>
		<rom name="Colorama (J. H. Keeney and Co 1963).jpg" size="151094" crc="efd25983" md5="ac5d2cc66ec40c5ab96935ec3891b0e4" sha1="f1bb2bc0e0c55ecbc1e9bf652f5ff240a65b73f1" />
		<rom name="Colorama.vpt" size="6922240" crc="146fa252" md5="f649f5177b91457360d7b3a58ed4c740" sha1="d68ad1211597f8c6bf45498e27b25c804675944a" />
	</machine>
	<machine name="Dogs Race (Bigliardini Elettronici Milano, BEM)(197x)(Romolo)(1.0)[VP908]">
		<description>Dogs Race (Bigliardini Elettronici Milano, BEM)(197x)(Romolo)(1.0)[VP908]</description>
		<rom name="Dogs Race (BEM Italy 19xx).vpt" size="7524352" crc="b833a507" md5="9e55263b5e67f7788189ab3f67bc4dfa" sha1="0c8c35fdcb1432299d2e5e457ea5af4b8349378d" />
		<rom name="Dogs Race (BEM Italy) ss.jpg" size="303764" crc="d380406e" md5="f8f6d7d4186599c50448f8e76ba5e1b5" sha1="084ee7648fa4a83df1df73037f8da131ffd217ec" />
		<rom name="rules.txt" size="346" crc="97d1555a" md5="69095123c9505babbf696b22789acd41" sha1="f622bcbf1ebf017e6e135c3437d0cf3e156209bc" />
		<rom name="Table notes.txt" size="269" crc="0a9df2fc" md5="49433375a5e3ac110dce547d41448c99" sha1="7df5a0772821fdda83cee191f5722a9d2636b670" />
	</machine>
	<machine name="Dolphin (Chicago Coin)(1974)(Compufox)(1.0)[VP9]">
		<description>Dolphin (Chicago Coin)(1974)(Compufox)(1.0)[VP9]</description>
		<rom name="Dolphin (Chicago Coin)(1974)(Compufox)(1.0)[VP9].vpt" size="5284352" crc="9716cfbb" md5="056291d2fe7d4b644270124a4bdb0d10" sha1="1f025f8bc917430181001fb50cb0bb4f543a850b" />
		<rom name="Dolphin (Compufox) screenshot.jpg" size="158977" crc="644df990" md5="346d79e6fe47c53aa2baa2a8b894a8a6" sha1="210565efc30d3d7fb77dc9ab8350eb40483a4dfd" />
		<rom name="Dolphin flyer.jpg" size="1672731" crc="9d9f5936" md5="07f157cbf51b072af39b8450e14e22e5" sha1="0e49f4d2bb3852b6417a8f30b343708a7cb4a91d" />
	</machine>
	<machine name="Drop-A-Card (Gottlieb)(1971)(Bob5453)(2009)[VP9]">
		<description>Drop-A-Card (Gottlieb)(1971)(Bob5453)(2009)[VP9]</description>
		<rom name="DropACard_2009aVP9.vpt" size="6535680" crc="04cd4966" md5="632fbd90f592c48532a8ec55059b945d" sha1="2fc16b34cc30a8d90de455b9b19919bbe8d82baf" />
		<rom name="screenshot.jpg" size="340657" crc="aad60d25" md5="04084e1966694328653376683a04e735" sha1="bc77ce3e1726877969ed8e69e9dcb6b8c2567e15" />
	</machine>
	<machine name="Electric Road (Md, of Italy)(1967)(eduguitar72)(1.0)[VP9]">
		<description>Electric Road (Md, of Italy)(1967)(eduguitar72)(1.0)[VP9]</description>
		<rom name="Electric road (MD 1967).vpt" size="3219456" crc="0c25cf89" md5="23b9490c77b832cf586cb4d72381c5b5" sha1="6dd929874f82f80b90b2d4e465fc5ed5df8560f4" />
	</machine>
	<machine name="Faces (Segasa d.b.a. Sonic)(1976)(rosve)(1.0)[VP9]">
		<description>Faces (Segasa d.b.a. Sonic)(1976)(rosve)(1.0)[VP9]</description>
		<rom name="Faces (B&amp;W) flyer.jpg" size="349426" crc="53c97b1e" md5="4d96963d4368fd1702a83b85e227ff14" sha1="184cf6968a3ff465c1807663ea66521e6200bb81" />
		<rom name="Faces (Colour) flyer 1.jpg" size="1459237" crc="a27053cb" md5="34d539c710b17d4af5dd1a7138057007" sha1="f2faa5480253fb07d4316ee75fbe2c6ad54c7977" />
		<rom name="Faces (Colour) flyer 2.jpg" size="920108" crc="03814100" md5="870dc9fe3e0ec16a15a059e59b03f589" sha1="5961eb411753718638320699867b267f589b7417" />
		<rom name="Faces (Segasa d.b.a. Sonic)(1976)(rosve)(1.0)[VP9].vpt" size="5760000" crc="5dac3b12" md5="caf74f3e047d0eb41ccf3080e5e76a11" sha1="e1d1086fccc654b2aad40eeadf2d4622e9a628c7" />
		<rom name="Faces backglass.jpg" size="310702" crc="60e8077d" md5="60ccc016d9eff703d6a153dcb8bad06f" sha1="f2a3050676bfb2f246ef0c83276c5724c05e41e7" />
		<rom name="Faces screenshot.jpg" size="656553" crc="4f60fc1b" md5="4508d1c8bcf5be44d830ba41266e3921" sha1="276457083c54b8ddd30dc89f5642ff1f9c61101e" />
	</machine>
	<machine name="Falstaff (Gottlieb)(1957)(Duglis, Furio)(1.3 Deluxe)[VP9]">
		<description>Falstaff (Gottlieb)(1957)(Duglis, Furio)(1.3 Deluxe)[VP9]</description>
		<rom name="1.1/Falstaff (1.1) screenshot.jpg" size="129045" crc="8b5e708d" md5="13dcc79e3e58e0082a380a81a565b18f" sha1="169cfdc6beec8724c48a2c89d9115e3d05d41d86" />
		<rom name="1.1/Falstaff (Gottlieb)(1957)(Duglis, Furio)(1.1 Deluxe)[VP9].vpt" size="4092928" crc="0c46c8f9" md5="d9f1a337240df85b1bbb7c1e02b615a9" sha1="dba845a0889f0c523f76c77e05dbc46e155206b7" />
		<rom name="1.2/Falstaff (1.2) screenshot.jpg" size="191997" crc="b53bf0a6" md5="9f6a245f690858afef3dbce912c5f1b7" sha1="70e375d9c1998bafd59a04edad6ca56dd67adfab" />
		<rom name="1.2/Falstaff (Gottlieb)(1957)(Duglis, Furio)(1.2 Deluxe)[VP9].vpt" size="4096000" crc="4a394c62" md5="646cebeb6dd153ddf4ace9a8764db910" sha1="3a6757c60e1788435e86feb5aad23ddc5b396c91" />
		<rom name="1.3/Falstaff (1.3) screenshot.jpg" size="162197" crc="9bb5c8f2" md5="4bb9ff300dde2792f24074ac65b10e50" sha1="61478ecffea649e7378b03766d352587fc5798b7" />
		<rom name="1.3/Falstaff (Gottlieb)(1957)(Duglis, Furio)(1.3 Deluxe)[VP9].vpt" size="4095488" crc="75f1c5e6" md5="2e077b743314a55e62603860d667eca3" sha1="a5f64a6e9cd2f70e9cb55dd4f0860b0cd7c97e64" />
	</machine>
	<machine name="Fans (Maresa)(1969)(eduguitar72)(1.1)[VP9]">
		<description>Fans (Maresa)(1969)(eduguitar72)(1.1)[VP9]</description>
		<rom name="Fans (Maresa 1969) 1.0.vpt" size="5148672" crc="7bd2fa81" md5="456a95b26f2adad3857ed2964cefc3cf" sha1="618af65d3bd5fff36c76673a44bddfe0bf5f6cc0" />
		<rom name="Fans (Maresa 1969) 1.1.vpt" size="5148672" crc="14e57a96" md5="6acbd6af53906562ac8a86868ea9ff00" sha1="53150be2b13b767a901e4331a2abd6ca47b98d73" />
	</machine>
	<machine name="Flying Circus (Gottlieb)(1961)(Themer, Hugh Janus, Duglis)(1.0)[VP9]">
		<description>Flying Circus (Gottlieb)(1961)(Themer, Hugh Janus, Duglis)(1.0)[VP9]</description>
		<rom name="Flying Circus (Gottlieb 1961).vpt" size="2985984" crc="285699b5" md5="4e240ca0c6f0132bb7231caf8687e7de" sha1="4d9bac3743a6e37197ffec1aea852c2160bcc1c3" />
	</machine>
	<machine name="Flying Turns (Midway)(1964)(Rascal)(1.0)[VP9]">
		<description>Flying Turns (Midway)(1964)(Rascal)(1.0)[VP9]</description>
		<rom name="Flying Turns (Midway)(1964)(Rascal)(1.0)[VP9].vpt" size="92622848" crc="0d769e76" md5="e726d45a7b3e74fd4b11e361bf9ad02c" sha1="84b79fa5d1be6f8641cb82c1bd2de77c5ed86d4d" />
		<rom name="Flying Turns flyer.jpg" size="894083" crc="fb3988ea" md5="5740da6d167d553e1100aafec9d8da62" sha1="0cd8680228ff48a3373498003d66a41832c7ddbb" />
		<rom name="Flying Turns screenshot.jpg" size="957477" crc="85fb1146" md5="55e4b7fc1aa6c27a324d94a651614d30" sha1="d267a777a32e4beba0030771cc0541afab5f2567" />
	</machine>
	<machine name="Freak Out (Williams)(1968)(Leo Wanker, Humid)(2.0a)[VP9]">
		<description>Freak Out (Williams)(1968)(Leo Wanker, Humid)(2.0a)[VP9]</description>
		<rom name="1.0/Freak Out (1.0) screenshot.jpg" size="248214" crc="a7124cfa" md5="79f4c24221a56cff52625ae509515a3b" sha1="86dde02e3d669f3e53391403de9832fdf3a82215" />
		<rom name="1.0/Freak Out (Williams)(1968)(Leo Wanker, Humid)(1.0)[VP9].vpt" size="10735616" crc="073396e0" md5="ec141acbfd8d592063d25556bef540b7" sha1="9b1580f350ce45be8282d022276da6978b4eae5f" />
		<rom name="2.0/Freak Out (2.0) screenshot.jpg" size="251610" crc="9e81f690" md5="63540bd063449f294d0fd3d5875db2d4" sha1="6a810d9083c34c0e6ab78b4123e386b52c34c3ac" />
		<rom name="2.0/Freak Out (Williams)(1968)(Leo Wanker, Humid)(2.0)[VP9].vpt" size="11296768" crc="f4bb6998" md5="ec75c39c769c810e310bb0a2176b22e0" sha1="5b49be0f306845e04ff10a98e36f1b1079562376" />
		<rom name="2.0/Freak Out (Williams)(1968)(Leo Wanker, Humid)(2.0a)[VP9].vpt" size="11296768" crc="ef7eeb32" md5="07fb736223b8aaf128ddd6a877cd693f" sha1="9673079a6821af8350201368f866f538ce870ea6" />
		<rom name="Freak Out real table.jpg" size="426320" crc="13274fa4" md5="cffb976049a7c04198f00bbbe1269995" sha1="6a51588450d84860c1f1a3a3950f44faca73ced3" />
	</machine>
	<machine name="Galaxie (Gottlieb)(1971)(eduguitar72)(1.0)[VP9][Source Furio-Robair Dimension]">
		<description>Galaxie (Gottlieb)(1971)(eduguitar72)(1.0)[VP9][Source Furio-Robair Dimension]</description>
		<rom name="Galaxie (Gottlieb 1971).vpt" size="6062080" crc="b302f8c8" md5="b4352b50295c21421b4fc031f303267f" sha1="52d75e091a68fd9f48816f6fb89e3071c5a40178" />
		<rom name="screenshot.jpg" size="570548" crc="dbe00aed" md5="18d0f0d5c44e720652bc17050abaecd3" sha1="944331bf59111ebcc4eda29a6df71c332cdb51f2" />
	</machine>
	<machine name="Gladiator (Gottlieb)(1956)(Romolo)(1.0)[VP9]">
		<description>Gladiator (Gottlieb)(1956)(Romolo)(1.0)[VP9]</description>
		<rom name="Gladiator (Gottlieb 1956).jpg" size="142013" crc="cf08d402" md5="4a78d5a403349f4ec3939a2f3ba419dd" sha1="132848303765a3c0fbd49e7c0a917007af1d0847" />
		<rom name="Gladiator (Gottlieb 1956).vpt" size="5578752" crc="3de50556" md5="2fa8b5199f5126ba4bf278fb7a273ac7" sha1="ff4d9aadfb21bd360656250ace3aacdbed8ca43e" />
	</machine>
	<machine name="Grand Prix (Williams)(1976)(Ash, Itchigo)(1.0)[VP9]">
		<description>Grand Prix (Williams)(1976)(Ash, Itchigo)(1.0)[VP9]</description>
		<rom name="screenshot.jpg" size="201125" crc="b78e865f" md5="0e74f960cf37930a1cdc045d4e6e6ed8" sha1="822510c2c30c9acd231855ec72a009f4f3eacd82" />
		<rom name="VP9 Grand Prix Updated by Itchigo (Williams 1977).vpt" size="6467584" crc="8c07ea3b" md5="607ec99aa059348b787c7d0f3063eb96" sha1="0c938eee9fc29218b723091549b5313363b26cd4" />
	</machine>
	<machine name="Gusher (Williams)(1958)(pbecker1946)(1.0)[VP9]">
		<description>Gusher (Williams)(1958)(pbecker1946)(1.0)[VP9]</description>
		<rom name="Commentary.txt" size="4303" crc="8ddc3f88" md5="73549e8affb723848859c416be8a4cec" sha1="3d32f6f79544ba890177d7b95c3924e3cccdf511" />
		<rom name="Gusher (Williams)(1958)(pbecker1946)(1.0)[VP9].vpt" size="26316800" crc="346f5f56" md5="55f5469dc04feb6763eb20fc5c85873b" sha1="a535349552d96967f2a809d64fd8e11c8a4a237d" />
		<rom name="Gusher flyer 1.jpg" size="1123166" crc="1a7445b0" md5="ac98382881794ca415a5d668320cde60" sha1="55ca1bb757d9435f79938aaf270151122cad70a5" />
		<rom name="Gusher flyer 2.jpg" size="703078" crc="a31f7c0f" md5="d7518a75e90ceac4087b33462884a2da" sha1="ed5cd658819ab1249236d4f7802e2a836d3ea5df" />
		<rom name="Gusher screenshot.jpg" size="1487554" crc="81343602" md5="5e6931210202d2f71f7fe27876415fc9" sha1="856f2832582403a9bae320fb4ad01b2988a12db5" />
	</machine>
	<machine name="Harem (Playmatic)(1974)(eduguitar72)(1.0)[VP9]">
		<description>Harem (Playmatic)(1974)(eduguitar72)(1.0)[VP9]</description>
		<rom name="Harem (Playmatic 1974).vpt" size="7159808" crc="6237741a" md5="7490cc440d06d6256517dbc534dac012" sha1="fd303a8025b3ba32624310ba4d625424ca450faf" />
	</machine>
	<machine name="Hay-Ride (Bally)(1964)(Romolo)(1.0)[VP9]">
		<description>Hay-Ride (Bally)(1964)(Romolo)(1.0)[VP9]</description>
		<rom name="Hay-Ride (Bally 1964).jpg" size="152961" crc="c5d4174a" md5="90b69e1ab0a2c416e914d1fe2305c3ee" sha1="d4af115cca2410360b25ad548dfff0268122a3fd" />
		<rom name="Hay-Ride (Bally 1964).vpt" size="5636096" crc="6444f6e9" md5="9a70de425cc8cb16651283c104792dcd" sha1="b214a9bb1bd385f29ade2a970bdd16c0ccfb296f" />
	</machine>
	<machine name="Hit 'n Run (Gottlieb)(1952)(Furio)(1.52)[VP9]">
		<description>Hit 'n Run (Gottlieb)(1952)(Furio)(1.52)[VP9]</description>
		<rom name="1.4x/Hit 'n Run (1.4) screenshot.jpg" size="158610" crc="0339dd14" md5="1037b33240cb65422add578fa28df1ef" sha1="0cd9d8ba72cd59bf7cf20d21aa352180a9f5f3db" />
		<rom name="1.4x/Hit 'n Run (1.41) screenshot.jpg" size="190931" crc="d26568a2" md5="68cf4db00b7f9d3d9f1ed371b385e3a3" sha1="096ed35ed7727f85192dd1467647cd0e96e64dea" />
		<rom name="1.4x/Hit 'n Run (Gottlieb)(1952)(Furio)(1.4)[VP9].vpt" size="4029952" crc="6fb4e467" md5="e776ad341a0450dde863e01af668b1b8" sha1="96007a97dd663e7ff6cb52a34a4723875ea02038" />
		<rom name="1.4x/Hit 'n Run (Gottlieb)(1952)(Furio)(1.41)[VP9].vpt" size="4155392" crc="49289f42" md5="cf91c0a95fd7b36a055a38d16de7b013" sha1="6bd6158463578d4a9000610de3d4ae431ad0b2f4" />
		<rom name="1.5x/Hit 'n Run (1.5) screenshot.jpg" size="159438" crc="5eafaec2" md5="9fca01eff6e0eddb62b8b9c44080866b" sha1="5f861b5fbed30fcdadc9e48b0e5fac76648f5363" />
		<rom name="1.5x/Hit 'n Run (1.51) screenshot.jpg" size="152848" crc="ca938f02" md5="e228505451c48f65a46eda5de4c42607" sha1="68c1540aa79890708bc9516d316e62032629db8f" />
		<rom name="1.5x/Hit 'n Run (Gottlieb)(1952)(Furio)(1.5)[VP9].vpt" size="4155392" crc="a75e0340" md5="fd38029757e7f261c6f890f7b1f18174" sha1="b5b09d9fd52359edd54b4396384f4c72a6370da2" />
		<rom name="1.5x/Hit 'n Run (Gottlieb)(1952)(Furio)(1.51)[VP9].vpt" size="4155392" crc="d3419b67" md5="80d57efc713e36b4817f045e7148a722" sha1="3c116cdfb0d8e3afaf6fb846c4a3afa0c231ec54" />
		<rom name="1.5x/Hit 'n Run (Gottlieb)(1952)(Furio)(1.52)[VP9].vpt" size="4189696" crc="1b2a55d1" md5="654c05ee19ed66e385c68442e4fc4bc0" sha1="5abc750c8df6e05d553cc68c1e78a8a478ef468b" />
	</machine>
	<machine name="Hokus Pokus (Bally)(1976)(Bendigo, Bruno (RC4mod), Montmar (VP8Mod), Sabbat Moon)(1.0)[VP9]">
		<description>Hokus Pokus (Bally)(1976)(Bendigo, Bruno (RC4mod), Montmar (VP8Mod), Sabbat Moon)(1.0)[VP9]</description>
		<rom name="Hokus Pokus (Bally)(1976)(Bendigo, Bruno (RC4mod), Montmar (VP8Mod), Sabbat Moon)(1.0)[VP9].vpt" size="4335104" crc="72d6085f" md5="831cde4602ad8cbb4eee741b23e5ab5f" sha1="aaea31ac9ec91ca226e35fdfbdc10893a3e3ff96" />
	</machine>
	<machine name="Hot &amp; Cold (Inder)(1978)(eduguitar72)(1.0)[VP9]">
		<description>Hot &amp; Cold (Inder)(1978)(eduguitar72)(1.0)[VP9]</description>
		<rom name="Hot-Cold  (Inder 1978).vpt" size="3084288" crc="7307b835" md5="c7f43acd418c8573da7891fafc402c18" sha1="2d37863305a9b856b1c7956026f1055874b753c1" />
	</machine>
	<machine name="Hot &amp; Cold EM (Inder)(1976)(eduguitar72)(1.1)[VP9]">
		<description>Hot &amp; Cold EM (Inder)(1976)(eduguitar72)(1.1)[VP9]</description>
		<rom name="Hot and cool (Inder 1976).vpt" size="7421952" crc="4a2fd3fe" md5="89a584d07836de3b90154f550add984b" sha1="53bafc6803e35397495a6d3cfaf41b698a77a778" />
		<rom name="hot.jpg" size="285773" crc="6c966e75" md5="7f6d600c6075cdb03ba6925e38ef5bbe" sha1="01ea03fd06aca799129f6d5d2a27b4fb5bb40999" />
	</machine>
	<machine name="Impacto (Recreativos Franco)(1975)(Luvthatapex, lucasbuck, eduguitar72)(1.0)[VP9]">
		<description>Impacto (Recreativos Franco)(1975)(Luvthatapex, lucasbuck, eduguitar72)(1.0)[VP9]</description>
		<rom name="Impacto (Recreativos Franco 1975).vpt" size="6909952" crc="6ba4e766" md5="cf9b41a69910118ec8e85505f5ace499" sha1="dc9075e0b89ed0ad756a348541d08d01c3746bd3" />
		<rom name="impacto-fp3356.jpg" size="241986" crc="04e12305" md5="a815ee5dc71ce82e5b627ba5e4425865" sha1="29a34790ac0009e816a8142ea9d3bca2b867c215" />
		<rom name="Sin título.jpg" size="335397" crc="48c3d2bd" md5="eb0e232e1dd6b44c2361dea8f4c46e18" sha1="9cc57bbd24c56da98e5e0ef15329d737ee4f8d8c" />
	</machine>
	<machine name="Jacks Open (Gottlieb)(1977)(Pinuck)(1.0)[VP9]">
		<description>Jacks Open (Gottlieb)(1977)(Pinuck)(1.0)[VP9]</description>
		<rom name="Jacks Open (1.0) screenshot.jpg" size="196229" crc="26ec11c5" md5="7564e712eed4c65c1195967b3b141918" sha1="eb0082e781193b34f3e29a2d3eb9097a6033ad90" />
		<rom name="Jacks Open (Gottlieb)(1977)(Pinuck)(1.0)[VP9].vpt" size="19623936" crc="08d3f8b0" md5="5fd56952cc6075f0b29ccba845617c7d" sha1="08b89c3cc32846c603e1f81cbefa8a9f4d3e8057" />
		<rom name="Jacks Open flyer.jpg" size="1764005" crc="75fad6e1" md5="c353ff5059e2734c816f11e01d4c7f2d" sha1="1db7b0bfa3ecc6a5fc06c27d668ef07ed396f9b3" />
	</machine>
	<machine name="Jarama (Centro Matic S.A.)(1973)(eduguitar72)(1.2)[VP9]">
		<description>Jarama (Centro Matic S.A.)(1973)(eduguitar72)(1.2)[VP9]</description>
		<rom name="Jarama (Centromatric 1973) (1.2).vpt" size="2777088" crc="9fa0a97b" md5="e9694602a6a88874868c96d7419ad94b" sha1="3abcc3e09422d2b5a1f4089875152e5568bc18ab" />
		<rom name="Jarama (Centromatric 1973)(1.0).vpt" size="2875392" crc="f388d566" md5="2ba4173e6dc3a7df638a4cdbca4054e1" sha1="29a806e0293f557159180de05eedc1a0ee7986e2" />
		<rom name="Jarama (Centromatric 1973)(1.1).vpt" size="2760704" crc="505e6d37" md5="74ed23da666783393a965f2b43b7b009" sha1="92b7b7c77e16c30637581c54bef2d48a969bcd49" />
		<rom name="jarama-fp6427.jpg" size="1084504" crc="ca8b05cc" md5="af4ccbcf9c6af2f8eb022acdab69dcab" sha1="2a770da835417b38774d7708cd935443be499f13" />
		<rom name="jarama.jpg" size="321527" crc="fd12b461" md5="75f5f40a96e086a74f9963f61d580dd7" sha1="05e6a69c6c801fd07638b5ff53d06136ab21637d" />
	</machine>
	<machine name="Jumpin' Jack's (Williams)(1963)(Romolo)(1.00)[VP9]">
		<description>Jumpin' Jack's (Williams)(1963)(Romolo)(1.00)[VP9]</description>
		<rom name="Jumpin' Jack's (Williams 1963).jpg" size="166270" crc="585775bf" md5="fd33f3e625c5ac5f583543b8497c7eca" sha1="54c7caf1c8b4e2eef91dc0f83b4ca2f3b840ea74" />
		<rom name="Jumpin' Jack's (Williams 1963).vpt" size="4820992" crc="dbe37178" md5="55101901bf69b484e91b527188617bb3" sha1="66c89a97b0f1b630ef7b26e592fc292241f42186" />
	</machine>
	<machine name="Jumping Jack (Maresa)(1973)(eduguitar72)(1.0)[VP9]">
		<description>Jumping Jack (Maresa)(1973)(eduguitar72)(1.0)[VP9]</description>
		<rom name="Jumping Jack _Spanish_(Maresa 1973).vpt" size="9854976" crc="1d3c82e2" md5="e6cff9e5b7d991af13d984701289ae87" sha1="d6ef5b763ef061de10476b49521a5f4d8cc7fc45" />
	</machine>
	<machine name="King of Diamonds (Gottlieb)(1967)(pbecker1946)(1.0 PLB May 2013)[VP9]">
		<description>King of Diamonds (Gottlieb)(1967)(pbecker1946)(1.0 PLB May 2013)[VP9]</description>
		<rom name="King of Diamonds (Gottlieb)(1967)(pbecker1946)(1.0 PLB May 2013)[VP9].vpt" size="24846848" crc="e0b343b5" md5="5d1fd060de2f4e03d4752d8adbc35c43" sha1="34f4658d06242ed63f8dc03a486ad80b156d3be6" />
		<rom name="King of Diamonds Commentary.txt" size="4115" crc="12b1d364" md5="74c3c9c030b2aed318da2bf358d6ff4d" sha1="31b84a34509dadd9a9ed8fc653612cbdf2af9c28" />
		<rom name="King of Diamonds flyer.jpg" size="1857687" crc="2716102e" md5="d0777c8d3db2de357efc04c9ffb2d1d5" sha1="8b31d761ae4f2573b8d120359b8c13d44e31877a" />
		<rom name="King of Diamonds screenshot.jpg" size="978002" crc="9469e8ba" md5="b5d7e8af28093cd91e74fd442b15ab76" sha1="466346bffe096f276cb798d35833860bc49f03ce" />
	</machine>
	<machine name="Kings &amp; Queens (Gottlieb)(1965)(pbecker1946)(1.1 PLB June 2013)[VP9]">
		<description>Kings &amp; Queens (Gottlieb)(1965)(pbecker1946)(1.1 PLB June 2013)[VP9]</description>
		<rom name="pbecker1946/1.0/Kings &amp; Queens (1.0) screenshot.jpg" size="326834" crc="1045685d" md5="d87e3a7da6f65944c4f6148d88cc3460" sha1="58f992530c222a01694683e3d4819b938fd03c32" />
		<rom name="pbecker1946/1.0/Kings &amp; Queens (Gottlieb)(1965)(pbecker1946)(1.0 PLB April 2013)[VP9].vpt" size="22342656" crc="90057d45" md5="da752d310b6e3e085814d664dc62b7d1" sha1="cd3b74e94c1b4f2e3f9c3461439c3ea5db6e8fbe" />
		<rom name="pbecker1946/1.1/Kings &amp; Queens (1.1) screenshot.jpg" size="543426" crc="2dbb5bb3" md5="6a2967ca1117d04f4af3c2fc263f40e5" sha1="a7d14c4fb818ff44c2dda3d7d6649c6f230fc274" />
		<rom name="pbecker1946/1.1/Kings &amp; Queens (Gottlieb)(1965)(pbecker1946)(1.1 PLB June 2013)[VP9].vpt" size="23390720" crc="0d551550" md5="9d533ca768888abd322cabda5e57864c" sha1="5b6bcb827fc6114b9f15b63452428a7d8cbff837" />
		<rom name="pbecker1946/Kings &amp; Queens Commentary.txt" size="4961" crc="0fb25c85" md5="f720d455bb9e26bda90a0330222201b9" sha1="cd6d2427aa83f9e87d21d7cc24985c27285857b8" />
	</machine>
	<machine name="Knockout (Bally)(1975)(Ash, Bob5453)(2011)[VP9]">
		<description>Knockout (Bally)(1975)(Ash, Bob5453)(2011)[VP9]</description>
		<rom name="Knockout (Bally)(1985)(Ash, Bob5453)(2011)[VP9].vpt" size="9198592" crc="fef7b0be" md5="669f5f0d07d62d1ac498101f6e755dc4" sha1="ea97adfd27c676da2159eb1a9dd57be6f37ca240" />
		<rom name="Knockout screenshot.jpg" size="408720" crc="6754c359" md5="f9dc75a024134fbd976d8d6291ad3a3b" sha1="c78b0507403ae65346b86ae3bd60cdcc0021565c" />
	</machine>
	<machine name="Little Chief (Williams)(1975)(pbecker1946)(1.0)[VP9]">
		<description>Little Chief (Williams)(1975)(pbecker1946)(1.0)[VP9]</description>
		<rom name="Little Chief (Williams)(1975)(pbecker1946)(1.0)[VP9].vpt" size="20664320" crc="2b53d2ed" md5="28cb958ed9ec47ce8fa8892aca3bc24e" sha1="a9d41660d53694a9b4c1de3c4ab766981cef6256" />
		<rom name="Little Chief Commentary.txt" size="3643" crc="b49d3894" md5="3cce5968926618c44360ac02c75ad519" sha1="88513fccbc75f756e597129e27c008fff4e90bf0" />
		<rom name="Little Chief screenshot.jpg" size="508657" crc="0cecbf07" md5="065d610f0f5982d40e05a0149719cfee" sha1="9d2316194452ecb689b8ae72470054a7b1aff062" />
	</machine>
	<machine name="Magic Circle (Bally)(1965)(Romolo)(1.0)[VP9]">
		<description>Magic Circle (Bally)(1965)(Romolo)(1.0)[VP9]</description>
		<rom name="Magic Circle (Bally 1965).jpg" size="160132" crc="91a0a0cd" md5="7cab05c17f135e9ef683adc3ba247b19" sha1="d254018970a984bc625ff7cfddb437d26b87e617" />
		<rom name="Magic Circle (Bally 1965).vpt" size="6189056" crc="0fa632fd" md5="7b6ffdc301ff15e336ab79f0223e32d3" sha1="7f798463596fbc2f09c4c093dfde9a7c0eb7f685" />
	</machine>
	<machine name="Mystic Marvel (Gottlieb)(1954)(pbecker1946)(1.0)[VP9]">
		<description>Mystic Marvel (Gottlieb)(1954)(pbecker1946)(1.0)[VP9]</description>
		<rom name="Commentary.txt" size="4408" crc="d5b7ca79" md5="07c2b05cb33038e6249676056807c56f" sha1="ae2e61107318697807aa6c40ef8444ad71c8332e" />
		<rom name="Flyer.jpg" size="1381731" crc="fb8f2d02" md5="f9e2753faf29da3f8153e6e8b001b419" sha1="57202649143b3611d09b91a3cd67faf39337748a" />
		<rom name="Mystic9SS.jpg" size="1545635" crc="98bf5056" md5="e3597eb20849968c135acae48783f341" sha1="0952439e19e757aaf5edfbf0540ea3657d44a6e3" />
		<rom name="MysticMarvelVP9(PLB)V1.vpt" size="24317952" crc="2c5b640c" md5="a8d5d58acaa6e08fa61fa053fd4b91fd" sha1="26fb8c33fde19dbad65fb15669a81d02e2a3244e" />
	</machine>
	<machine name="North Star (Gottlieb)(1964)(Leon Spalding, Humid)(1.0)[VP9]">
		<description>North Star (Gottlieb)(1964)(Leon Spalding, Humid)(1.0)[VP9]</description>
		<rom name="North Star (Gottlieb)(1964)(Leon Spalding, Humid)(1.0)[VP9].vpt" size="3174400" crc="4e2af8c9" md5="d7c44cd75717d38f8c3dd0c34adcf3a1" sha1="6722bceabfe1dbd495c2904bc273a45c0b56e4cc" />
	</machine>
	<machine name="Pro Pool (Gottlieb)(1973)(druadic)(1.2)[VP909]">
		<description>Pro Pool (Gottlieb)(1973)(druadic)(1.2)[VP909]</description>
		<rom name="1.0/Pro Pool (1.0) extended rules.txt" size="7985" crc="67d666b4" md5="de08d4d13effbff47aef71976f771a6b" sha1="50a3671746e48a8028de408902316bbcf391b92c" />
		<rom name="1.0/Pro Pool (Gottlieb)(1973)(druadic)(1.0)[VP909].vpt" size="4854784" crc="2c2785e5" md5="72694dde9c1571951253c349e36bb9ef" sha1="074247c582794ed79064cef541c66869c5fa6282" />
		<rom name="1.2/Pro Pool (1.2) extended rules.txt" size="8542" crc="308bbb8f" md5="fbc929c8f7aa5114ef7c8552f65d9470" sha1="99152bb04b2555a7ceb27dd6003d2ff8859ca01f" />
		<rom name="1.2/Pro Pool (Gottlieb)(1973)(druadic)(1.2)[VP909].vpt" size="4632064" crc="57627047" md5="bf03f2bffe5d6da445edec408c4629df" sha1="471e96a13f7be6798d69303ff7ccb5535484e974" />
		<rom name="Pro Pool (druadic) screenshot.jpg" size="528656" crc="852966c8" md5="88081fad9ddd898f7e88506ae8d6d772" sha1="019c814b88450a7a27269f0071956530766cb53a" />
		<rom name="ProPool InstCard.jpg" size="121737" crc="3dc1ddb1" md5="26715ee35c8520751cc99709668234d7" sha1="e0b47e26d1a1913d508cb47ac7b677a45ece7b77" />
	</machine>
	<machine name="Puzzle (Iberomatic)(1972)(eduguitar72)(1.0)[VP9]">
		<description>Puzzle (Iberomatic)(1972)(eduguitar72)(1.0)[VP9]</description>
		<rom name="Puzzle (Iberomatic 1972).vpt" size="2781184" crc="e733eabb" md5="02086cb309731d6604f0496d926ec6fb" sha1="d3454c5a68202d25854321308ed9d2343f03f079" />
		<rom name="Puzzle-Iberomatic-1972-FLYER01.jpg" size="226794" crc="6cb382a3" md5="eeec43fc715a4938fc6ac47c80ec514b" sha1="b267ac3b8b8dba5663912bd9e78110968de73bfc" />
		<rom name="Puzzle-Iberomatic-1972-FOTO01.jpg" size="190899" crc="aaf975cd" md5="66f061561125f1f40e7f8849a76d146d" sha1="9af25c6f5e5559df19856e77a4ebfa82e3eab23b" />
		<rom name="puzzle.jpg" size="263900" crc="122ecd67" md5="48ef7856826a08b74fc90a93370a9b97" sha1="05ce692cee135e3ce75d87002de3e8b2cc783a90" />
	</machine>
	<machine name="Ro Go (Bally)(1974)(Ash, Humid)(1.0)[VP9]">
		<description>Ro Go (Bally)(1974)(Ash, Humid)(1.0)[VP9]</description>
		<rom name="Rogo (Bally)(1973)(Ash, Humid)(1.0)[VP9].vpt" size="12808192" crc="b96cf980" md5="d8511cf399d56e311123fc216cb38263" sha1="06909af7cf4d9a43a1eea66fe73fe7b9788ac5be" />
		<rom name="Rogo screenshot.jpg" size="271723" crc="5dcb1900" md5="bc6a2608b9020410988486d41c3885e0" sha1="009d31eeccff9783352242b24b02fdb6a95941ef" />
	</machine>
	<machine name="Robin Hood (Playmatic)(1974)(7he S4ge)(2.0)[VP9x][B2S]">
		<description>Robin Hood (Playmatic)(1974)(7he S4ge)(2.0)[VP9x][B2S]</description>
		<rom name="Robin Hood (Playmatic 1974)_V2_vpt_B2S/backglass.jpg" size="319724" crc="8217c5b9" md5="ac5f58934e9c5350dc2b49c415809856" sha1="0e57440b6d285e5b78fc5723af5d4a6b7e5d0cee" />
		<rom name="Robin Hood (Playmatic 1974)_V2_vpt_B2S/BackglassDMD.pub" size="92160" crc="d1dddb70" md5="e49d2eb9fe36fbc9c95dbf648e2f4a0b" sha1="091cc8c514e247b84c2e5454b1a0ddab91ed67ed" />
		<rom name="Robin Hood (Playmatic 1974)_V2_vpt_B2S/cabinetRight.jpg" size="90833" crc="0c947272" md5="71a582463e34660e4eb9b4c00085b35c" sha1="048086b20f99c0aac090e0c5f8b84fd071afc45f" />
		<rom name="Robin Hood (Playmatic 1974)_V2_vpt_B2S/DMD.png" size="36732" crc="67a1d854" md5="482ea85d26d191b068916269b29012f2" sha1="50178ba10dd0b5df7c4ad66a6904b24cf2d90ea5" />
		<rom name="Robin Hood (Playmatic 1974)_V2_vpt_B2S/Instruction Card.jpg" size="108331" crc="797212b9" md5="5f9c4b73c2ee17d5a5fc9fd021a8d420" sha1="e56f7ee54423aad2d63597cb6f943f9118c9e758" />
		<rom name="Robin Hood (Playmatic 1974)_V2_vpt_B2S/Robin Hood (Playmatic 1974)_V2_vpt_B2S.directb2s" size="3095241" crc="18ff9c66" md5="2c866f91dd91d7241b041e620e4323ea" sha1="b8ef331561493043ed4a575800387b861b2964aa" />
		<rom name="Robin Hood (Playmatic 1974)_V2_vpt_B2S/Robin Hood (Playmatic 1974)_V2_vpt_B2S.vpt" size="4046848" crc="e371789d" md5="c71773597d78dec5ca60e71f73f528a1" sha1="87b8864daad8b0f114a95b9b6dcaa2b8c9c5610a" />
		<rom name="Robin Hood (Playmatic 1974)_V2_vpt_B2S/RobinHood.b2s" size="3041118" crc="e38d4eb7" md5="3a19c231bcb5b899a25e3ac352f42196" sha1="851a32d08829fcba10471e14d81238576e4fa10c" />
		<rom name="Robin Hood (Playmatic 1974)_V2_vpt_B2S/robinhoodimage-0.jpg" size="207854" crc="c99cb55c" md5="894d3ed450cc5c2ea0aa1e9aa0b9036c" sha1="bbc04d98b8ca438e2aa0085e39cd28d86b7ba17b" />
	</machine>
	<machine name="Rose Winds (Playmatic 1967)(eduguitar72)(1.0)[VP9]">
		<description>Rose Winds (Playmatic 1967)(eduguitar72)(1.0)[VP9]</description>
		<rom name="Rose winds (Playmatic 1967).vpt" size="4579328" crc="4823ca45" md5="dcb88321f99023ed0e39713058726c69" sha1="cf94191dcb1286e4caf0858b9d3d8a4829c72990" />
	</machine>
	<machine name="Saturn (Nordamatic)(1977)(eduguitar72)(1.0)[VP9]">
		<description>Saturn (Nordamatic)(1977)(eduguitar72)(1.0)[VP9]</description>
		<rom name="Saturn (Nordamatic 1977).vpt" size="2945024" crc="43e0aa5c" md5="0b401ee2d9cf02e9faf23ee6bae86a87" sha1="3e64804aa03e48cfc94fce1f0d801611a07d98c7" />
	</machine>
	<machine name="Silver (Gottlieb)(1957)(pbecker1946)(1.0)[VP9]">
		<description>Silver (Gottlieb)(1957)(pbecker1946)(1.0)[VP9]</description>
		<rom name="Commentary.txt" size="3890" crc="2cda4fca" md5="514d61b7ee69238e0f0c1848eff33ff2" sha1="a86c1e60ebe627771d61726fa3f17a4dc513bafd" />
		<rom name="Flyer.jpg" size="210203" crc="1c475d97" md5="507730ebbb35bb59a4490df6f0b44644" sha1="2c819c6592c06c14c26d625027b411935f4f36f4" />
		<rom name="Silver9SS.jpg" size="965115" crc="1463a961" md5="c5af264c47ff2b4f899fb2daf1763eb0" sha1="b6b34872d607144438bf0dc72e532b2c04f9394e" />
		<rom name="SilverVP9(PLB)V1.vpt" size="31920128" crc="f6317d4b" md5="5a5ba9892fa1a6e679a47701d9c8a824" sha1="36477abfc96b8545a707f915907c796e1b58dcdc" />
	</machine>
	<machine name="Sky Kings (Bally)(1974)(druadic)(1.2)[VP9]">
		<description>Sky Kings (Bally)(1974)(druadic)(1.2)[VP9]</description>
		<rom name="1.1/Sky Kings (Bally)(1973)(druadic)(1.1)[VP9].vpt" size="5258240" crc="0606b37e" md5="e9cc73310a3f255f038d71948a84e521" sha1="04475f0dd891918c47204dc27c067249a70d2e14" />
		<rom name="1.1/Sky Kings basic info.jpg" size="752862" crc="8e862e84" md5="457c53f1cfc557df0d5c323c680b8a61" sha1="b269792937e7f7979a8b51bc1e6ebc6ea6aaff72" />
		<rom name="1.1/Sky Kings card.bmp" size="846614" crc="72cffbef" md5="387f94d6219a2a6132953c848b3e1f39" sha1="3df1fa8be74e59431d2495b6fef7e381ee7f8f8d" />
		<rom name="1.1/Sky Kings extended rules.txt" size="8065" crc="7a2796a6" md5="1a3b013864a6ae8a3bf723c875491501" sha1="0d67ed47f24249c1408fcc687acdd87db92abd09" />
		<rom name="1.1/Sky Kings rules.doc" size="33280" crc="9994727c" md5="c68684ae469e0f62e1e7a027c2515457" sha1="e5b4fc17b9bc78b1bfaa66b998683cd383d14260" />
		<rom name="1.2/Sky Kings (1.2) screenshot.jpg" size="523282" crc="38290555" md5="d728ff798ea30185ed089b2ca11a541a" sha1="a3a6a9d6ffb37bbba2d1fac3040a00925765d18f" />
		<rom name="1.2/Sky Kings (Bally)(1973)(druadic)(1.2)[VP9].vpt" size="4132352" crc="a47e3483" md5="5ebc2700d5ecac877b829eba38ad771e" sha1="f09217e034bbf5411017eb6f354a84306c5e5f68" />
	</machine>
	<machine name="Sky Rocket (Cedes)(1962)(eduguitar72)(1.0)[VP9]">
		<description>Sky Rocket (Cedes)(1962)(eduguitar72)(1.0)[VP9]</description>
		<rom name="Sky Rocket (Cedes 1962).vpt" size="4956160" crc="acb22b12" md5="c5ab35fea74b5f018ee48b691e2ffed4" sha1="6b309407a7129d74030c2e4a8e5839486f26ef92" />
		<rom name="sky-rocket-b12369.jpg" size="306182" crc="1b1d72a6" md5="88abfb6cafdfd0e35776a60105863fd5" sha1="2340b3cc4ae01950683ad0c4b81668fb84270c50" />
		<rom name="sky-rocket-mp22202.jpg" size="581225" crc="d658569d" md5="79fcf4456024ed4244f30cbed9d47433" sha1="d57ab3faf5d886be6e471a27b795812a9c753f49" />
		<rom name="sky.jpg" size="345497" crc="b69c8c54" md5="0144fbe8336c9d625ac3f81f3a96616b" sha1="50a7fb8a52083c1344729a02839ee40dd26f0cff" />
	</machine>
	<machine name="Solar Ride (Gottlieb)(1979)(Robair, Satch, OWJ, Lord_Hiryu)(1.0)[VP9]">
		<description>Solar Ride (Gottlieb)(1979)(Robair, Satch, OWJ, Lord_Hiryu)(1.0)[VP9]</description>
		<rom name="screenshot.jpg" size="267597" crc="9be8f6c7" md5="4a17fb5105c7ef11a2de257e7500fcc6" sha1="6e0446bbb84c88d0e5442cc2dfa0d9e225805b85" />
		<rom name="Solar Ride 4-3.vpt" size="7244288" crc="4923a7ab" md5="f31fc23469a0fc24dc24c277c4e9bd71" sha1="d871749cb36a537752a9d2eb7a33cb0b01584843" />
		<rom name="WilliamsPinball.ttf" size="23548" crc="02e83ad1" md5="a50ceaf415b07a0c9e467b03f2127a82" sha1="a3285aedc5d4d42e7bf6a06713562bc94a165f97" />
	</machine>
	<machine name="Star Battle (Century Consolidated Industries)(1978)">
		<description>Star Battle (Century Consolidated Industries)(1978)</description>
		<rom name="Star Battle (Century Consolidated Industries)(1978)(Destruk, TAB)(1.1)[VP9].vpt" size="3040256" crc="3dcfd8b1" md5="1594d4be277f71235a10ac565eb2f938" sha1="34164ff60a247f77685a96c69dc0d239012991a2" />
		<rom name="Star Battle flyer.jpg" size="586181" crc="0ea89d6c" md5="db2145796d29e5c057abed246cd33b7e" sha1="f8aa00b61c0da922c2664d7d100c60555e4b8fb9" />
		<rom name="Star Battle screenshot.jpg" size="755860" crc="8da9fa6b" md5="52573847462b4d89a68525c5fbafb1fe" sha1="0c07da86464ccfc06ab0b912de3db9638f0e4765" />
	</machine>
	<machine name="Strange World (Gottlieb)(1978)(JPSalas)(1.0)[VP9]">
		<description>Strange World (Gottlieb)(1978)(JPSalas)(1.0)[VP9]</description>
		<rom name="Strange World (Gottlieb)(1978)(JPSalas)(1.0)[VP9].vpt" size="12802560" crc="c6552f80" md5="e6a7af6f6b44b1bd9714d9361c795ad9" sha1="bdcbf36742b45fd20ec8bce6789668a272349206" />
		<rom name="Strange World (JPSalas) screenshot.jpg" size="595253" crc="c9e977cc" md5="b065e294373d67d814e80c24e854b7d5" sha1="5da8eda8ea8b5f767b0f9138a7f04b07decbff8b" />
		<rom name="Strange-World_JP_VP9.hta" size="3086" crc="f241a05e" md5="117398bd7df6b41c642b384372a1fa3b" sha1="3d22e2113bbcfb65d5bbfc6ba1fa508ddebefa97" />
	</machine>
	<machine name="Sunshine (Gottlieb)(1958)(Romolo)(1.0)[VP9]">
		<description>Sunshine (Gottlieb)(1958)(Romolo)(1.0)[VP9]</description>
		<rom name="Sunshine (Gottlieb 1958).jpg" size="158514" crc="15ebea3d" md5="1b4b3af3fb98497d73e035958541cb30" sha1="20aa34d41b666f7cceee21b0d55b1fa785f29982" />
		<rom name="Sunshine (Gottlieb 1958).vpt" size="7147520" crc="b5b06c8c" md5="ee7da1f08cfad879449858d8590170e3" sha1="68abc70f46da38bc3f5f9d603e82f9fdc3950906" />
	</machine>
	<machine name="T.K.O. (Gottlieb)(1979)(pbecker1946)(1.0)[VP90x]">
		<description>T.K.O. (Gottlieb)(1979)(pbecker1946)(1.0)[VP90x]</description>
		<rom name="Commentary.txt" size="4446" crc="c3bcc7be" md5="b8825640865484ed77d80927ec7a8f86" sha1="be145532bf1e07287e52e34b66016d256183f4ca" />
		<rom name="T.K.O. (Gottlieb)(1979)(pbecker1946)(1.0)[VP90x].vpt" size="20852736" crc="30a232cb" md5="bf93102b69a4ccb755cf99758ba3b3f7" sha1="a0386df4f703195ff60be27de0abdc1e0bd9a335" />
		<rom name="T.K.O. screenshot.jpg" size="1193138" crc="35378e59" md5="67f6a65b81a523c1bdf2c63ee1cc9c9b" sha1="700744bb400fff5bde321dda47e17041683c7cc8" />
	</machine>
	<machine name="Ten-Up (Gottlieb)(1973)(Furio, Brettski)(1.0)[VP9]">
		<description>Ten-Up (Gottlieb)(1973)(Furio, Brettski)(1.0)[VP9]</description>
		<rom name="35.jpg" size="215323" crc="acb0c25a" md5="57badef05a5dd274e5967d54e6fac189" sha1="b8320104acab047af4f46f2c4b3bcce4a3ba25d9" />
		<rom name="Ten-Up.Gottlieb.1973b.vpt" size="3031040" crc="075cd7e7" md5="1c660666114f5f71a9d8fb87f3e603b0" sha1="43c5548091cd969eb6bce35eb928ae3dc5b180cc" />
	</machine>
	<machine name="Tim-Buc-Tu (Williams)(1956)(Romolo)(1.0)[VP9]">
		<description>Tim-Buc-Tu (Williams)(1956)(Romolo)(1.0)[VP9]</description>
		<rom name="Tim-Buc-Tu (Williams 1956).jpg" size="167225" crc="e81b93c3" md5="7002b620c0406b14f2259cee6e4ecd4f" sha1="63a9d64337daf3131432cd6bb058c4f67859195b" />
		<rom name="Tim-Buc-Tu (Williams 1956).vpt" size="5525504" crc="98ad802f" md5="913947fabb9f813373dee9238d53ba33" sha1="ffdc2d0e492e86553c93d91fec34906fa9c8c055" />
	</machine>
	<machine name="Triple Strike (Williams)(1975)(Rawd)(1.4.3)[VP9]">
		<description>Triple Strike (Williams)(1975)(Rawd)(1.4.3)[VP9]</description>
		<rom name="1.4.3/Triple Strike (1.4.3) screenshot.jpg" size="1040253" crc="b82687d9" md5="9d9372b92d41cbd69ba9742f87168a17" sha1="d06b0399d31863f17aa5b0993b503d8c4eea76dd" />
		<rom name="1.4.3/Triple Strike (Williams)(1975)(Rawd)(1.4.3)[VP9].vpt" size="15667200" crc="a1ae2482" md5="2e0bcc4a5e09ebfb4e0a28746d1e7472" sha1="228f7a54f4100f754a57dd64bbe4702698cd0195" />
		<rom name="Triple Strike flyer.jpg" size="1969327" crc="4e76bfa7" md5="cf832cc81045a6bac805c02c4c8ff85f" sha1="9171b01f43c0a3596ede96edc1b3a05fbd08a07a" />
	</machine>
	<machine name="Turf Champ (Williams)(1958)(Romolo)(1.0)[VP9]">
		<description>Turf Champ (Williams)(1958)(Romolo)(1.0)[VP9]</description>
		<rom name="Turf Champ (Williams 1958).jpg" size="148514" crc="45aa3426" md5="645ad53f24e4f74c6c15f0cdbf2b510d" sha1="b5d9388a2f1b0806c50b95ef0785a1358717d4f4" />
		<rom name="Turf Champ (Williams 1958).vpt" size="8646656" crc="a79d1df4" md5="cc9965f432c7773dacfced31879def96" sha1="ef1134494ca7b295da271ee700aa336fc5ad8919" />
	</machine>
	<machine name="Up 7 1-2 (Bill Port)(197x)">
		<description>Up 7 1-2 (Bill Port)(197x)</description>
		<rom name="Up 7 1-2 (Bill Port)(197x)(xxxx)(xxxx)[VP9].vpt" size="3555328" crc="2ab9b450" md5="d4d56bccaadd30dcdcc83d45f2d180c5" sha1="8f1808c015b93cd9d96eb3112c25730f37480213" />
		<rom name="Up 7 1-2 screenshot.jpg" size="579332" crc="9f920f3f" md5="87c7244f68d32cff312ee7e6ba85fdd6" sha1="029c1946bb457aceeeffd88db209f5d10cdb6098" />
	</machine>
	<machine name="Up Away (1975)(Inder)(eduguitar72)(1.4)[VP9]">
		<description>Up Away (1975)(Inder)(eduguitar72)(1.4)[VP9]</description>
		<rom name="15f1.jpg" size="184764" crc="5e83c295" md5="70d5c2d057b493d62859701e0860ddba" sha1="573ba0c3a203a7cc9f71509f1f4ec8656ef5b574" />
		<rom name="action1969sept.png" size="1350864" crc="87aff9c9" md5="0217694c1cd71f21139b0990d9fd479f" sha1="a7dc1f03d37d34acf29f4dd6396265846fbc5f0e" />
		<rom name="Up away (1975 Inder Mod Extraball) 1.0.vpt" size="2617344" crc="2060358b" md5="1db6416ca35378f1218a4f5d99bf18ad" sha1="62ee7c3fc13d6825418b7b87156027f2d7b1ed63" />
		<rom name="Up away (1975 Inder Mod Extraball) 1.1.vpt" size="3035136" crc="52f3890b" md5="034e690126e66ebd5b97e1104ba268de" sha1="677318b285a48c3eb84535f2ee386ad305965bb7" />
		<rom name="Up away (1975 Inder Mod Extraball) 1.1newer.vpt" size="3035136" crc="69c88f65" md5="f61f28eb0d11a13edafc4c6994e21646" sha1="cb348c3bd58f31b705955e8088b6367cdc2c2602" />
		<rom name="Up away (1975 Inder Mod Extraball) 1.4.vpt" size="3035136" crc="7f5bdafb" md5="d10cce17d3e28f7e7130e151754772d8" sha1="8efbfb1410e84c62b051dda557edf33e2c6044b4" />
		<rom name="Up away (1975 Inder)1.0.vpt" size="2412544" crc="5c2253d5" md5="acc6943220f3585608830162e2a855d6" sha1="70a8b40cf249319354f8a7fb2fc7523d9568bb39" />
		<rom name="Up away (1975 Inder)1.3.vpt" size="2637824" crc="1674f9ba" md5="1f39f0b9ff7c513dd17372a07bb2a0a3" sha1="85c0d875ee93882720e73e202b8ece39aefd9dee" />
	</machine>
	<machine name="Wipe Out (Coffee Mat)(1976)(eduguitar72)(2.0)[VP9]">
		<description>Wipe Out (Coffee Mat)(1976)(eduguitar72)(2.0)[VP9]</description>
		<rom name="Wipe out 2.0 (Coffee Mat 1976).vpt" size="4546560" crc="13d30f3f" md5="c9280f3edaed9aaeaa36a50edb912d96" sha1="5c5ad882f930ca4d2e09a3f2bf8d0970b3c2566d" />
	</machine>
</datafile>