<?xml version="1.0" encoding="utf-8"?>
<!DOCTYPE datafile PUBLIC "-//Logiqx//DTD ROM Management Datafile//EN" "http://www.logiqx.com/Dats/datafile.dtd">
<datafile>
	<header>
		<name>Visual Pinball [VP99x] Recreated Tables [MODs, HACKs]</name>
		<description>Visual Pinball [VP99x] Recreated Tables [MODs, HACKs] (2024-11-07)</description>
		<version></version>
		<date>2024-11-07</date>
		<author></author>
	</header>
	<machine name="Big Brave (Maresa)(1974)(JPSalas)[VP99x][MOD Gfx DT v.1.1.3 RobertoMF]">
		<description>Big Brave (Maresa)(1974)(JPSalas)[VP99x][MOD Gfx DT v.1.1.3 RobertoMF]</description>
		<rom name="Big_Brave_113_DT_MOD.vpt" size="21057536" crc="29d0306f" md5="d3eed1ae2f376d7c869acd40c31111fe" sha1="257ff07be9449501c160e13ad5897b3425719f9d" />
		<rom name="bigbrave--custom-.png" size="1416518" crc="c67469ba" md5="8ef9a5ee8119093ec203f653a81c115d" sha1="0d7ce59e73d2560d52987a93165fe314a6745e60" />
	</machine>
	<machine name="Lucky Ace (Williams)(1974)(Leon Spalding,Dboyrecords)[VP992][MOD DT v1.0 User42]">
		<description>Lucky Ace (Williams)(1974)(Leon Spalding,Dboyrecords)[VP992][MOD DT v1.0 User42]</description>
		<rom name="Lucky Ace (Williams 1974)(VP9.9.2) U42mod v1.0 DT.vpt" size="12836864" crc="2bb2d17a" md5="450ecc156a5741249283f1b9726725d7" sha1="7bd8431957be3c8ddfeb0dbdaf24002a26bddba4" />
		<rom name="screendt.jpg" size="605199" crc="01cf3a3f" md5="c326f1114e46a70a837439908f359fb0" sha1="d48f024fb6a081c19376f0c2daec8b5b0b33dfc6" />
	</machine>
</datafile>