<?xml version="1.0" encoding="utf-8"?>
<!DOCTYPE datafile PUBLIC "-//Logiqx//DTD ROM Management Datafile//EN" "http://www.logiqx.com/Dats/datafile.dtd">
<datafile>
	<header>
		<name>Visual Pinball [VPX08] Recreated Tables [MODs, HACKs]</name>
		<description>Visual Pinball [VPX08] Recreated Tables [MODs, HACKs] (2024-11-07)</description>
		<version></version>
		<date>2024-11-07</date>
		<author></author>
	</header>
	<machine name="8 Ball (Williams)(1966)(Loserman76, Gnances, WRD1972)(1.0.0f)[VPX08][MOD Gfx v1.0 Teisen][MOD Sound v1.2.1 JCalhoun]">
		<description>8 Ball (Williams)(1966)(Loserman76, Gnances, WRD1972)(1.0.0f)[VPX08][MOD Gfx v1.0 Teisen][MOD Sound v1.2.1 JCalhoun]</description>
		<rom name="8 Ball (Williams 1966) 1.2.1.vpx" size="34586624" crc="60efd92e" md5="bdb107862b6338cdccdbca5f2481d2b0" sha1="de786c2c43912b45d48ab4eba6e1f12ba326e1c4" />
	</machine>
	<machine name="Airport (Gottlieb)(1969)(Loserman76, GNance)(1.0.0f)[VPX08][MOD Gfx v1.0 Teisen][MOD Sound v1.2 JCalhoun][MOD Gfx, Rules v1.2.2 AxeVerse]">
		<description>Airport (Gottlieb)(1969)(Loserman76, GNance)(1.0.0f)[VPX08][MOD Gfx v1.0 Teisen][MOD Sound v1.2 JCalhoun][MOD Gfx, Rules v1.2.2 AxeVerse]</description>
		<rom name="Airport (Gottlieb 1969) 1.2.2.ini" size="290" crc="ec1992cf" md5="4bc84d08b8362dfecb4cdc81b031bf76" sha1="bdf7ff5ebc91d45caf6f6dead834564c87342fc6" />
		<rom name="Airport (Gottlieb 1969) 1.2.2.vpx" size="43499520" crc="f12493f6" md5="b386dd7dabb7b0d477544bd09c5ef253" sha1="5d9b3b1f592b7925d35b48dda97bb06ac185073a" />
	</machine>
	<machine name="Airport (Gottlieb)(1969)(Loserman76, GNance)(1.0.0f)[VPX08][MOD Gfx v1.0 Teisen][MOD Sound v1.3.2 JCalhoun]">
		<description>Airport (Gottlieb)(1969)(Loserman76, GNance)(1.0.0f)[VPX08][MOD Gfx v1.0 Teisen][MOD Sound v1.3.2 JCalhoun]</description>
		<rom name="Airport (Gottlieb 1969) 1.3.2.ini" size="290" crc="ec1992cf" md5="4bc84d08b8362dfecb4cdc81b031bf76" sha1="bdf7ff5ebc91d45caf6f6dead834564c87342fc6" />
		<rom name="Airport (Gottlieb 1969) 1.3.2.vpx" size="69693440" crc="62993b93" md5="7a117b9043ceb287275813f620d0a5b0" sha1="5af8e5079a609dffcd5375999d8ee4cceba552fe" />
	</machine>
	<machine name="Bumper (Billport)(1977)(JPSalas, Akiles5000, Loserman76, Cliffy, hauntfreaks)(4.0.2)[VPX08][B&amp;W MOD v1.0.0 larouillas]">
		<description>Bumper (Billport)(1977)(JPSalas, Akiles5000, Loserman76, Cliffy, hauntfreaks)(4.0.2)[VPX08][B&amp;W MOD v1.0.0 larouillas]</description>
		<rom name="Bumper (Bill Port 1977) BW.directb2s" size="30436794" crc="2b9e60ed" md5="c1271cebd62d231f05ba93c2f410555c" sha1="6fc31501d1c5053aec4f3984bba98dbe6092c4f3" />
		<rom name="Bumper (Bill Port 1977) BW.ini" size="420" crc="d8bb971b" md5="7875a64ac270b5d14397e3160cef107f" sha1="76e5bc08b3f87c49b54e4796680d0a639e57ad08" />
		<rom name="Bumper (Bill Port 1977) BW.png" size="883012" crc="5c6dd45c" md5="885cb9f75ff7879f81d7dd761eb252db" sha1="4c591632b92e550a9f369185816121432230e34e" />
		<rom name="Bumper (Bill Port 1977) BW.vpx" size="36708352" crc="e5538d8b" md5="7c8d4fd614d0bff360b4c8663476b5e5" sha1="4e1af5766ff3413922e33191a2424a700bec4c96" />
	</machine>
	<machine name="Gridiron (Gottlieb)(1977)(Loserman76)(1.0a)[VPX08][NFL Team Selection MOD v2.0 endeemillr]">
		<description>Gridiron (Gottlieb)(1977)(Loserman76)(1.0a)[VPX08][NFL Team Selection MOD v2.0 endeemillr]</description>
		<rom name="Gridiron (Gottlieb 1977) NFL Mod 2.0.directb2s" size="52602391" crc="c92b16bf" md5="590d8db56b1b0486fca52d01dd508e35" sha1="9a1704b0aad948fd61959b74ed7cafd1d863a0ce" />
		<rom name="Gridiron (Gottlieb 1977) NFL Mod 2.0.vpx" size="52097024" crc="0a424775" md5="800327c7efbef6e4193da5869bd32d34" sha1="eddca840fd8f8e9d13a18e1a6b6ffff5a0343321" />
		<rom name="Gridiron (Gottlieb 1977) NFL Mod.png" size="308257" crc="28176cdc" md5="d7e54b854b086a35c168b0cb7180b4a3" sha1="554d834de7721adfe20fb7aa7aea5ee2c5dba1b2" />
	</machine>
	<machine name="Jet Spin (Gottlieb)(1977)(Loserman76, GNance)(1.0.0f)[VPX08][MOD Gfx v1.0 Teisen][MOD Sound v1.2.1 JCalhoun]">
		<description>Jet Spin (Gottlieb)(1977)(Loserman76, GNance)(1.0.0f)[VPX08][MOD Gfx v1.0 Teisen][MOD Sound v1.2.1 JCalhoun]</description>
		<rom name="Jet Spin (Gottlieb 1977) 1.2.1.vpx" size="49381376" crc="795db7d9" md5="2571e8d4a04d6ee97f8f4589136cf777" sha1="8d2290453ef9bbe7e789966eefffa9ebf41849ad" />
	</machine>
	<machine name="JP's Deadpool (Stern)(2018)(JPSalas)(5.1.2)[VPX08]">
		<description>JP's Deadpool (Stern)(2018)(JPSalas)(5.1.2)[VPX08]</description>
		<rom name="DP_Frame.png" size="326147" crc="f78aa04d" md5="c22df80bc173aa40aeab0cb5505d7d83" sha1="a80d78c3afda5058a486ab39aee31d0044def05d" />
		<rom name="JP's Deadpool 3 screen.directb2s" size="6880825" crc="a5a3a16b" md5="6b5f2844d4e4afdde9543517a25c555f" sha1="a28011b4edb1c262e5b08e57ee5766fa41a66edb" />
		<rom name="JP's Deadpool v5.1.2_VPX8.directb2s" size="7376806" crc="4710e891" md5="fb9dde49e6a1eab5a44282230c1220b1" sha1="7f7403fee77de404bf7a5109d6fbd29217f22dd6" />
		<rom name="JP's Deadpool v5.1.2_VPX8.vpx" size="54284288" crc="58e4c93e" md5="8b43d28156682f76a0ece087a83cf2bd" sha1="af30dad67707a76d72150dc761f652d7fb7bce54" />
		<rom name="JP's Deadpool.pdf" size="340859" crc="e93f0a47" md5="7874b9df49ead15fd4a4dd70b05c384f" sha1="abcc0c31dc3db1a01de74148f6268a79f98424cc" />
	</machine>
	<machine name="Jungle Princess (Gottlieb)(1977)(BorgDog, Starman, Hauntfreaks, sliderpoint)(1.1)[VPX08][MOD Gfx, Physics v2.0.1 FrankEnstein]">
		<description>Jungle Princess (Gottlieb)(1977)(BorgDog, Starman, Hauntfreaks, sliderpoint)(1.1)[VPX08][MOD Gfx, Physics v2.0.1 FrankEnstein]</description>
		<rom name="Jungle Princess (Gottlieb 1977) by Hauntfreaks.directb2s" size="40589382" crc="36d4dcba" md5="946a7ede91ed951865e0a5128261369c" sha1="7fd62e80770e2182d7808ab18f5ed04431b0e4cd" />
		<rom name="Jungle Princess (Gottlieb 1977) FrankEnstein 2.0.1.vpx" size="130048000" crc="2b4721e3" md5="35714fc50858417586daee8c7d2fa653" sha1="bd18c7f4a26278530664b2bd8409591dfc84692a" />
	</machine>
	<machine name="North Star (Gottlieb)(1964)(Loserman76, PBecker, Itchigo)(2.0.0f)[VPX08][MOD NFozzy, VR, Scorbit v1.0.3 RusstyT, Avago Team]">
		<description>North Star (Gottlieb)(1964)(Loserman76, PBecker, Itchigo)(2.0.0f)[VPX08][MOD NFozzy, VR, Scorbit v1.0.3 RusstyT, Avago Team]</description>
		<rom name="ScorbitFilesForTablesFolder/QRcodeB.png" size="18342" crc="896a86c2" md5="87aab78c71f71be20bed1c685c235bd5" sha1="aac6c8c5451368d1f0e830c121239b24ab511b56" />
		<rom name="ScorbitFilesForTablesFolder/QRcodeS.png" size="29127" crc="0adef939" md5="a9be70d35177fecaac521d89222c1bc9" sha1="23d9fee6d31b8b5883f5c2d2c47f6dbcf97c5390" />
		<rom name="ScorbitFilesForTablesFolder/QRView.exe" size="12800" crc="02477388" md5="d222cf998786b5724dd934ac16ae14c2" sha1="26d8b245b5cff7a0126a52b118b8c250e1b849b9" />
		<rom name="ScorbitFilesForTablesFolder/Scorbit.vbs.txt" size="27784" crc="ee4768a8" md5="128560d147aab11cd8f8cbbcba8b82cc" sha1="2ac78fc57b55d38fac47bcb925854eb362aaae4a" />
		<rom name="ScorbitFilesForTablesFolder/scorbit_detected_2.wav" size="1330778" crc="b6d62a20" md5="0b774cfb10fd057a7025267202e61420" sha1="a8f09772fc5ea790bd06ebd38a9e09ab29aeec4f" />
		<rom name="ScorbitFilesForTablesFolder/scorbit_detected_2b.wav" size="326654" crc="9a81adbd" md5="699af3ab49d58619a990c9b9fe1d3ab4" sha1="d7fdf48f180c141b05ba75a0faae83f28d564806" />
		<rom name="ScorbitFilesForTablesFolder/scorbit_login.wav" size="320488" crc="e746916d" md5="6209faa9e1185b03d173aab6af419524" sha1="562861259b79d2e2ad001486652c774c2bdebb5d" />
		<rom name="ScorbitFilesForTablesFolder/sQRCode.exe" size="13205486" crc="f8a91d6a" md5="a8fd8e2f34b26365f85afb6c883947f1" sha1="4a17aa74421b38026016d468c1324ad118c7790d" />
		<rom name="ScorbitFilesForTablesFolder/sToken.exe" size="16567204" crc="27adf523" md5="491eec42de042048095e26e78c90496b" sha1="7fba4a5b4232d656af577a73c7611f05294c5287" />
		<rom name="ScorbitFilesForTablesFolder/NORTHSTARQR/sToken.dat" size="54" crc="9bb21b67" md5="fa8955e087d8cdde91302bdc3077d8b2" sha1="e4e03eb4794eb6c6235d44ae7021f318c41c0564" />
		<rom name="North Star (Gottlieb 1964) by Hauntfreaks.directb2s" size="32324509" crc="9103350c" md5="90c21a1cd077fd820913663517966683" sha1="5bad87f88786cbb6df999e737d6804bf50c94536" />
		<rom name="NorthStar(Gottlieb1964)Avago-NFozzyHybrid-Scorbit1.03.vpx" size="149573632" crc="7de34b32" md5="4200f2413c488b116d3cbcf699fac2be" sha1="6873a2e5d96813d176895640ceb408f1544ff8b5" />
	</machine>
	<machine name="Pro Pool (Gottlieb)(1973)(Loserman76)(1.0)[VPX08][MOD VR Room v1.0 Rajo Joey][MOD Gfx v1.0.0 Teisen][MOD SSF, Fleep v1.3.2 JCalhoun]">
		<description>Pro Pool (Gottlieb)(1973)(Loserman76)(1.0)[VPX08][MOD VR Room v1.0 Rajo Joey][MOD Gfx v1.0.0 Teisen][MOD SSF, Fleep v1.3.2 JCalhoun]</description>
		<rom name="Pro Pool (Gottlieb 1973) 1.3.2.directb2s" size="18337188" crc="ab369604" md5="7e3d700040ae29dbe237a3a292a6c89c" sha1="dd48b3a2940d906d2006908222d1236c51a6791b" />
		<rom name="Pro Pool (Gottlieb 1973) 1.3.2.vpx" size="69971968" crc="88e5ec9e" md5="dad9bb5ded345d9754a23f42fcae2afe" sha1="15ac34ff20f5324a6fb1271cc8cc5a78e75b7019" />
	</machine>
	<machine name="Sheriff (Gottlieb)(1971)(Loserman76, GNance, Popotte)(1.0.0f)[VPX08][MOD Gfx v1.0 Teisen][MOD Sound, 4K v1.1.0 GauGau][MOD Sound v1.2 JCalhoun]">
		<description>Sheriff (Gottlieb)(1971)(Loserman76, GNance, Popotte)(1.0.0f)[VPX08][MOD Gfx v1.0 Teisen][MOD Sound, 4K v1.1.0 GauGau][MOD Sound v1.2 JCalhoun]</description>
		<rom name="Sheriff (Gottlieb 1971) 1.2.vpx" size="80842752" crc="89632bb7" md5="1c1fcc1373b27116907cb4822d52b41d" sha1="7dfabdb172e739d295c24cedf1665dd3acf6b043" />
	</machine>
	<machine name="Slick Chick (Gottlieb)(1963)(Loserman76, GNance)(1.0.0f)[VPX08][MOD Sound, Gfx v1.2.1 JCalhoun, Hauntfreaks, Cliffy]">
		<description>Slick Chick (Gottlieb)(1963)(Loserman76, GNance)(1.0.0f)[VPX08][MOD Sound, Gfx v1.2.1 JCalhoun, Hauntfreaks, Cliffy]</description>
		<rom name="Slick Chick-res-files/2K-Slick Chick (Gottlieb 1963) 1.2.res" size="988" crc="d5d395b6" md5="c239aa4d9d3b2e950f81c7642eff71f9" sha1="03694c117d50efdd17e28e3cbd3b849a410c4f52" />
		<rom name="Slick Chick-res-files/4K-Slick Chick (Gottlieb 1963) 1.2.res" size="988" crc="340a7086" md5="c2d5b114e16ac684ec090151b8f773bd" sha1="f0ae0abba9dc9bfcfb5c03e608a3946a988ce733" />
		<rom name="Slick Chick-res-files/HD-Slick Chick (Gottlieb 1963) 1.2.res" size="1011" crc="2d586d10" md5="41ad3a840036f12a048ebc78a10753f9" sha1="df93d81c08cd6213acb3cb7b98fcac638a5c861e" />
		<rom name="Slick Chick-res-files/readme.txt" size="326" crc="486a213a" md5="ac3581d73b0ec760632c2129ddb2bdb7" sha1="65369ff2322b89b01107fb562facb5d6b14eff1d" />
		<rom name="Slick Chick-res-files/UW-Slick Chick (Gottlieb 1963) 1.2.res" size="1055" crc="905644ab" md5="a5e82e95bc19080634f613ee7dd8ecdd" sha1="3bb4f656f246e7934507d7505f4e5c7c0339ae62" />
		<rom name="Slick Chick (Gottlieb 1963) 1.2.1.vpx" size="49471488" crc="62124605" md5="ba4a2bacbcc253e2d2a4d41febebe04d" sha1="eaa40b3fc320080fa278f8c26d1d7dac074e6eb4" />
		<rom name="Slick Chick (Gottlieb 1963).directb2s" size="33438623" crc="a0b9a21d" md5="2a726ae3b73357bfec7293bd70a5da98" sha1="abe3e83d165514093e720e755841d6e44a5b7c17" />
	</machine>
	<machine name="Space Mission (Williams)(1976)(Loserman76, Bord, PBecker, Itchigo)(1.0.0f)[VPX08][MOD Sound v1.1 JCalhoun]">
		<description>Space Mission (Williams)(1976)(Loserman76, Bord, PBecker, Itchigo)(1.0.0f)[VPX08][MOD Sound v1.1 JCalhoun]</description>
		<rom name="Space Mission (Williams 1976) 1.1.vpx" size="109285376" crc="65353142" md5="3b9aa6f55b95c04bdb53dbbb55941233" sha1="43cf6f4a3eafbf30f3dc1edcd14d710bc46a0d0d" />
		<rom name="Space Mission (Williams 1976).directb2s" size="32014550" crc="6859f075" md5="57ec4adbd84cdf0fb95041af6a81265a" sha1="8a036a3f5aa8c6ca0968f4725d39a10d6fc82fc9" />
	</machine>
</datafile>