<?xml version="1.0" encoding="utf-8"?>
<!DOCTYPE datafile PUBLIC "-//Logiqx//DTD ROM Management Datafile//EN" "http://www.logiqx.com/Dats/datafile.dtd">
<datafile>
	<header>
		<name>Visual Pinball [VP92x] Recreated Tables [Flipperless]</name>
		<description>Visual Pinball [VP92x] Recreated Tables [Flipperless] (2024-11-07)</description>
		<version></version>
		<date>2024-11-07</date>
		<author></author>
	</header>
	<machine name="Alle Neune (NSM)(1976)(STAT)(1.2)[VP920][Bowling Wall Machine]">
		<description>Alle Neune (NSM)(1976)(STAT)(1.2)[VP920][Bowling Wall Machine]</description>
		<rom name="Alle Neune (NSM)(1976)(STAT)(1.0)[VP920][Bowling Wall Machine].vpt" size="4665344" crc="f6c3763f" md5="4f8827acb99d1461ee327a9e10d46d85" sha1="e36541bd2b0a988787f4245f54833eed119c88c0" />
		<rom name="Alle Neune (NSM)(1976)(STAT)(1.1)[VP920][Bowling Wall Machine].vpt" size="7995392" crc="ddc2732d" md5="182a4ffe4393e019ae197eb54e8a4cee" sha1="5e73fd50bca43712a1dda581ae19644801c4858b" />
		<rom name="Alle Neune (NSM)(1976)(STAT)(1.2)[VP920][Bowling Wall Machine].vpt" size="7995392" crc="abe6e90c" md5="d69fe2fcd36f2cc538451d96b751b50c" sha1="80da6bf8ac98d931bf488d446495f6a956a0c904" />
		<rom name="Alle Neune screenshot.jpg" size="145772" crc="249f327a" md5="072e86ebda6dbeb0ffb27683692d6fc0" sha1="425c32ff5d45587e9807cd454147aa4c4c18712e" />
	</machine>
	<machine name="Beauty (Bally)(1952)(druadic)(1.0)[VP921r866+][Bingo machine]">
		<description>Beauty (Bally)(1952)(druadic)(1.0)[VP921r866+][Bingo machine]</description>
		<rom name="Beauty (Bally)(1952)(druadic)(1.0)[VP921r866+][Bingo machine].vpt" size="5971968" crc="1ac95b56" md5="bef5ef3cb266522ab320e6e53c5f1bd0" sha1="ac0eef4e97fc508a1a69f992a7ffd3a139f5d9a5" />
		<rom name="Beauty flyer.jpg" size="828594" crc="8fa67ed0" md5="28fe2330eccace0b2660917e237d1e70" sha1="250c6a23b23e8e26374c3d14e76ac760e7cb4dc5" />
		<rom name="Beauty RULES.txt" size="15761" crc="e5a0fbf6" md5="c793d1ba77983aaa6a5a5b358bbea740" sha1="b3b78c3e4cf53ce2e874941f058da5b3195fe169" />
		<rom name="Beauty screenshot.png" size="928294" crc="e284dd4e" md5="eb85f696b17c56e8272e4c22f17af59f" sha1="b04f6f54038887186811b22d5d91d1a3613531e4" />
	</machine>
	<machine name="Bright Lights (Bally)(1951)(druadic)(1.0)[VP921r866+][Bingo Machine]">
		<description>Bright Lights (Bally)(1951)(druadic)(1.0)[VP921r866+][Bingo Machine]</description>
		<rom name="Bright Lights (Bally)(1951)(druadic)(1.0)[VP921r866+][Bingo Machine].vpt" size="6463488" crc="7a81f3fa" md5="8f66fa4be9128d0dabb9b65547dbadbe" sha1="867463f2e2ab132fe9b864e5e6526f920cfd01e8" />
		<rom name="Bright Lights flyer.jpg" size="1064658" crc="980f4c3a" md5="0d34851e224ce2253c99510b4f4247c1" sha1="579ff2f77dd452cb23ae96439ec82b29e6971e41" />
		<rom name="Bright Lights screenshot.png" size="1519343" crc="6a6ca06c" md5="0610ce3a8ba778b3347d211fcf7d06cb" sha1="fe03fce368b7a626fb2c1d58e5de4aa82a512fa8" />
	</machine>
	<machine name="Broadway (Bally)(1951)(druadic)(1.3)[VP921r866+][Bingo machine]">
		<description>Broadway (Bally)(1951)(druadic)(1.3)[VP921r866+][Bingo machine]</description>
		<rom name="Broadway (Bally)(1951)(druadic)(1.3)[VP921r866+][Bingo machine].vpt" size="6103040" crc="d3fd9929" md5="b4fd29b6fdcca0159981510a0c5d7e9f" sha1="08fc5da74f20c9575bf2ced23b7386f35efb19fa" />
		<rom name="Broadway screenshot.png" size="1683783" crc="27276c67" md5="06db8495a33542348dcd54202a870d42" sha1="2c0237e2642a7e870665f4dc6614dd5694240a03" />
	</machine>
	<machine name="Carombolette (Unknown Manufacturer)(188x)(Romolo)(1.0)[VP92x][Others]">
		<description>Carombolette (Unknown Manufacturer)(188x)(Romolo)(1.0)[VP92x][Others]</description>
		<rom name="Carombolette (Unknown Manufacturer)(188x)(Romolo)(1.0)[VP92x][Others].vpt" size="3076096" crc="7858dcbf" md5="f2ec9c9494ab7ca7c094202484d6e952" sha1="e7c36898ecc77b9327ea47d98e317fbe13fd7f2a" />
		<rom name="Carombolette Notes.txt" size="184" crc="096d0cdb" md5="bf0df4858fad837940594740bfde1804" sha1="7226384a2ee808fe818b014dc107b2682fb32f60" />
		<rom name="Carombolette screenshot.jpg" size="93551" crc="3d39c310" md5="e77d5b2024d4258a00ea380dfc5aecbe" sha1="509b78546f9c3967b9dcae6a9f21d5af44d2f75d" />
	</machine>
	<machine name="Frolics (Bally)(1952)(druadic)(1.0)[VP921r866+][Bingo Machine]">
		<description>Frolics (Bally)(1952)(druadic)(1.0)[VP921r866+][Bingo Machine]</description>
		<rom name="Frolics (Bally)(1952)(druadic)(1.0)[VP921r866+][Bingo Machine].vpt" size="10067968" crc="e267ca1b" md5="a1718cc72592835755d44b63ddfc3605" sha1="65761d2ad03316d3b7b3b9e25097d30c6d91ac13" />
		<rom name="Frolics Ad.jpg" size="288527" crc="9bf3f280" md5="dd4549e83bc69da100845819d84aaca1" sha1="3dfce9f5ab713ec7305a94b5ce339254570da8b0" />
		<rom name="Frolics rules.txt" size="12181" crc="d45bea41" md5="07ba7f9f5cd9ecdecc5c19745241fe3f" sha1="5328647e91e35ff4d6e7a46d8d50891c0c1ad3c0" />
		<rom name="Frolics screesnhot.png" size="958281" crc="5f3092f8" md5="65cb9b24616741ffbcb8aebbba1db080" sha1="a0ab215a0f58dee64a22391b66a88ded55153119" />
	</machine>
	<machine name="Watch My Line (Gottlieb)(1951)(Furio)(1.21)[VP921][Flipperless]">
		<description>Watch My Line (Gottlieb)(1951)(Furio)(1.21)[VP921][Flipperless]</description>
		<rom name="1.0/screenshot.jpg" size="170540" crc="0b80e830" md5="cf6493f061abd49c43527f2cc7e9d0fe" sha1="0d093b6085a43b2b79df97964cf5d79e9c8c2e0d" />
		<rom name="1.0/Watch My Line deluxe VP921.vpt" size="3366912" crc="1dd11ef2" md5="171c0452457f2e95855443d1963c0eea" sha1="2617bc7c7d1f82965017b558a7798c85a668766d" />
		<rom name="1.1/screenshot.jpg" size="171603" crc="028937c2" md5="83c952d8beace4c9f48c2b062e7250b3" sha1="a3ce251f770d2500800d3f8c85c221d51ee8d8ef" />
		<rom name="1.1/Watch My Line deluxe VP921.vpt" size="3366912" crc="24e6cbfb" md5="175d1423331145b874d096d74b028e49" sha1="5f634f7fbeb24132afdc1df552918ea1e6aa1035" />
		<rom name="1.21/screenshot.jpg" size="170866" crc="36312e93" md5="886da7a33d8a0da73acd864ab2d110c2" sha1="f49ff9a3331013684484ee46db6135336f26227f" />
		<rom name="1.21/Watch My Line deluxe VP921.vpt" size="3293184" crc="76372ab8" md5="8b7b3387ef31f7a391a2740fa99ce3d2" sha1="c985a73fb0699e368e09f53f2a7ec1eee9ff5842" />
		<rom name="letter.jpg" size="217825" crc="9bc32cc8" md5="c49867e54238c3a9b92213e44d5bbf0d" sha1="9c88f4d8d881ef90d6e3fdcc989ecaaf175ba043" />
	</machine>
</datafile>