<?xml version="1.0" encoding="utf-8"?>
<!DOCTYPE datafile PUBLIC "-//Logiqx//DTD ROM Management Datafile//EN" "http://www.logiqx.com/Dats/datafile.dtd">
<datafile>
	<header>
		<name>Visual Pinball [VP92x] Original Tables</name>
		<description>Visual Pinball [VP92x] Original Tables (2024-11-07)</description>
		<version></version>
		<date>2024-11-07</date>
		<author></author>
	</header>
	<machine name="Addams Family, The (TV version) (Bob5453. Furio)(1.3)[VP921]">
		<description>Addams Family, The (TV version) (Bob5453. Furio)(1.3)[VP921]</description>
		<rom name="Addams Family, The (TV version) screenshot.jpg" size="155974" crc="243df182" md5="221e3c1d93636677f36d2d2b858696d2" sha1="fe10978e05e76544df4deddd6ec0749fc26ceb05" />
		<rom name="Addams Family, The TV version (Bob5453) (1.3).vpt" size="7983104" crc="3925d79d" md5="68ef66ae4473cb43e8d0d0fd4b21fcb3" sha1="9ec3457dc89833296029f31a1f356b404a88e74a" />
	</machine>
	<machine name="Adventure (Eala Dubh Sidhe, Furio)(1.0)[VP921]">
		<description>Adventure (Eala Dubh Sidhe, Furio)(1.0)[VP921]</description>
		<rom name="Adventure screenshot.jpg" size="234905" crc="fcc26cc8" md5="d9959e2f534d1019582f572531b52b7e" sha1="c61a66d27eb3d8f468919f0548d54d76437445ef" />
		<rom name="Adventure.vpt" size="7430144" crc="bfd2da19" md5="3fe44a568bd4997861dda2d9cdb81e76" sha1="94dcbc9da33b5a0312bbc9264e9a5d46ecee7d4a" />
	</machine>
	<machine name="AfterBurner (subzero1970, Roland Scholz, Scapino)(2.0)[VP921]">
		<description>AfterBurner (subzero1970, Roland Scholz, Scapino)(2.0)[VP921]</description>
		<rom name="Afterburner 2.0a1 readme.txt" size="2253" crc="487d86d3" md5="e88af1c80c9c7b1052a275a86b88c23f" sha1="516f909aaae5270cb579f0af08421061f3a84581" />
		<rom name="Afterburner 2.0a readme.txt" size="2246" crc="1a44ac0f" md5="a25d72f4ca078217f9291ca848f724ab" sha1="5cde25ba7de169b52870f6fad49cbba548c85c9c" />
		<rom name="afterburner-redline.mp3" size="1966496" crc="df984c3b" md5="c43b59f6fb94cfed4f4389cbb267b7e3" sha1="94c9cc34ebe5f0c261cc5688566c0b43bdc33326" />
		<rom name="afterburner.mp3" size="2599381" crc="2aa533d8" md5="982dce4133033cfaa2e64a98316b32d8" sha1="2ec40ccb3b7f6c9693b1fa98b60c839c9956f229" />
		<rom name="AfterBurnerV2_0 9.21.vpt" size="4177920" crc="6eb71670" md5="38deeaeec6cc7cb0986103299a8245e5" sha1="6c0e5976c7a2e9c574a4518b6584bc161ede3b0b" />
		<rom name="screenshot.jpg" size="210676" crc="49a59747" md5="4d90f9a183377e4e5f8efc7d5f2d17e7" sha1="35df3e82a1d0349f25ce9ed106000b03187450f4" />
	</machine>
	<machine name="Age of Chivalry (Dave Bernazzani, Furio)(1.0)[VP921]">
		<description>Age of Chivalry (Dave Bernazzani, Furio)(1.0)[VP921]</description>
		<rom name="Age of Chivalry screenshot.jpg" size="46254" crc="9d953a49" md5="ab7c037012d19e8feb0ad0dd94a2e39a" sha1="9dfbe7c3be3bcefcd98e96c4fa6a29276ddd5bdb" />
		<rom name="Age of Chivalry.vpt" size="2252800" crc="b7df0a36" md5="7326807f5820db6033fe95e9283150a8" sha1="87c64721ff78c230da6c51d1a135ef25279bb68e" />
	</machine>
	<machine name="Anna's Colours (sphere 2003, Furio)(2.1)[VP921]">
		<description>Anna's Colours (sphere 2003, Furio)(2.1)[VP921]</description>
		<rom name="Fonts/marion_h.ttf" size="49336" crc="b944361e" md5="8533bda2587dd02ba00d7c1ef6494595" sha1="26465e9d8eaa1c7e020973f24ec0cc47ac9df866" />
		<rom name="Fonts/ralph_h.ttf" size="49508" crc="e628fef0" md5="34c5b84a42d301e4132fb2d87b889874" sha1="4c2fc89f3bded5e919a85594c58ab7e949199546" />
		<rom name="Music/anna 1.mp3" size="1386916" crc="eb76afad" md5="ae964b55be2f2cea36301df3f99f4974" sha1="f81281c3212be162d96104dc2eda1a24947e4453" />
		<rom name="Music/Anna 6.mp3" size="1614181" crc="bdce516a" md5="a2e101c75a906ae8524587fa7cb41e4c" sha1="045e53440841ee6330cf1a33f9f8081f0da9cc7a" />
		<rom name="Anna's Colours screenshot.jpg" size="242461" crc="4bd166df" md5="47725833539a2ff4456fc2bf5022485c" sha1="4de0237bf898fe109c6e1390dea1d37d53568d7e" />
		<rom name="Anna_s Colours 9.21.vpt" size="3235840" crc="0299a2c9" md5="60d1b9c34b6b27367e999bb8f3c942c2" sha1="7edd248fb63d6960c3bc333aeb45bbfba1772867" />
		<rom name="Anna_s Colours  readme.txt" size="171" crc="7d002385" md5="eab8fbe5d8a09e618a7d65b85335e904" sha1="d69e8cc4f5d4f3a1b63fb3b7dd505ea3e0d3c754" />
	</machine>
	<machine name="Armonia (Furio)(2.0)[VP921]">
		<description>Armonia (Furio)(2.0)[VP921]</description>
		<rom name="2.0-Fix/55A.JPG" size="64738" crc="453f67ae" md5="0fcd26d7d42bf9d292200740c446b3c1" sha1="65f00224fd70b7840d955ea8bebca215107dbeee" />
		<rom name="2.0-Fix/Armonia NV P921.vpt" size="4591616" crc="6686e1eb" md5="fd0af38434efb04706ebc22a9ecfcc26" sha1="be9db4c30959fde02f9a959bcd106a710ea51540" />
		<rom name="2.0/200.jpg" size="99618" crc="8b83a649" md5="a66d32326a14923983605b9d8b7c5ee6" sha1="9e029a572e83eb900c55cc5e6cdc40e5a03072f4" />
		<rom name="2.0/Armonia  VP921 original.vpt" size="4575232" crc="7bdff675" md5="2f9cbffc8e2eebd47b6cdeb76d89ebd9" sha1="754d8bcfb5d54bd4043dbd199150304c10e3a198" />
	</machine>
	<machine name="Astronomer (Gridiron, Furio)(1.0)[VP921]">
		<description>Astronomer (Gridiron, Furio)(1.0)[VP921]</description>
		<rom name="Fonts/desdemon.ttf" size="54476" crc="69fc47f0" md5="7f91c468c9207bd7714bd29f46d9e28b" sha1="e8809e182499c8d49772c68f95247f3e8d54c8ae" />
		<rom name="Fonts/futabaB1.ttf" size="44808" crc="9d25bc5c" md5="492d79096599acd155ee13bd9857ba47" sha1="8c3965da7d73b6bdfffc1477cdd5cc14ef9bf59d" />
		<rom name="Astronomer (Craig Campbell aka Gridiron) (Final).vpt" size="10788864" crc="97443896" md5="47d1e246960160b16346bf28cf33f14b" sha1="c337129263194847706aa003e61e39c6046ade07" />
		<rom name="Astronomer screenshot.jpg" size="125491" crc="8109466f" md5="cd8dc9b801298bb70cd35eb3a64690e8" sha1="58e358ebce435e0b57e0cc81f4a65c736196fee6" />
	</machine>
	<machine name="Blake's Seven (Eala Dubh Sidhe, Furio)(1.0a)[VP921]">
		<description>Blake's Seven (Eala Dubh Sidhe, Furio)(1.0a)[VP921]</description>
		<rom name="Blakes Seven.vpt" size="3489792" crc="4f2accd6" md5="d3b4f2e3cdf8d0cccd854de5adf391e9" sha1="42a1f7f5725185d637e8c7dc8b4d9599025c0cf5" />
		<rom name="Blakes Seven_a.vpt" size="3489792" crc="4ee5b0a5" md5="1090b70456707c0df60b2a30293c0c58" sha1="9fcb8040fc2fad78eb1c2c40782343191b94ad42" />
		<rom name="screenshot.jpg" size="215714" crc="b1556bb1" md5="7540ff52da9015d0603d00e7a7671beb" sha1="3b40e44256ac0550d0491e979cf8104f2d1e0f89" />
	</machine>
	<machine name="Breakout (Heckman, Furio)(1.0)[VP921]">
		<description>Breakout (Heckman, Furio)(1.0)[VP921]</description>
		<rom name="Breakout 9.21.vpt" size="2363392" crc="c8ab3fe6" md5="20dfd11e376c87c55b87774ca4190e86" sha1="4130342b7a90e937a989a021353ae47c83630f67" />
		<rom name="Breakout screenshot.jpg" size="107522" crc="22e67cc1" md5="9f904075da4c5e5c2a0752fe003c3a96" sha1="814e083d06859ef4351dce61e35a8c0029980eaa" />
	</machine>
	<machine name="Bronco Buster (tiltjlp, Furio)(1.0)[VP921]">
		<description>Bronco Buster (tiltjlp, Furio)(1.0)[VP921]</description>
		<rom name="Bronco Buster screenshot.jpg" size="195500" crc="f9e1cd72" md5="9b676a7e19e44ca67341cbf02667f7c0" sha1="e65be7781f4711c01a5b8f756f6390798e4cd9da" />
		<rom name="BroncoBusterOriginalFlippered VP 9.21.vpt" size="6291456" crc="c4149fbc" md5="2bd41e987f39dcb5528a2ef380f8c66b" sha1="03b86bfd45888c2c08fe1a40d2ce8cf675e6263e" />
	</machine>
	<machine name="Bugs Bunny's Lair (Ingrid Jansen, Furio)(1.0)[VP921]">
		<description>Bugs Bunny's Lair (Ingrid Jansen, Furio)(1.0)[VP921]</description>
		<rom name="Bugs Bunny's Lair screenshot.jpg" size="173485" crc="12e55d8f" md5="5f500984f767fedc32daf9ac574fb0ea" sha1="3544d4683a46ab273b8bd322b6bbabe5db3bfed4" />
		<rom name="Bugs_Bunny_3.1  9.21.vpt" size="5062656" crc="3ea528bd" md5="0bfec5bc9f24153b454ab67d0b53cdc5" sha1="663a2dce598840f123fd8b6ade57818148095371" />
	</machine>
	<machine name="BuildYourHouse (Erwin, Furio)(1.3)[VP921]">
		<description>BuildYourHouse (Erwin, Furio)(1.3)[VP921]</description>
		<rom name="Fonts/bauhs93.ttf" size="49020" crc="2c8f1b2e" md5="191734283bbd6d5733e73020039923d4" sha1="a78fcfce2cbcb2f454ccca9b352eaa6bcea4b0d0" />
		<rom name="Fonts/trana___.ttf" size="58232" crc="a65607b4" md5="66dc9095c3f6fb48dbe4874d7304ca47" sha1="f89519a6452ebc2bcaf130fd136bcfcc59b28fa6" />
		<rom name="Music/casa.mp3" size="2534200" crc="b72900a8" md5="6877a1bf35daad1e6c0058bfe97bb9cd" sha1="bde7c97b23bce5a28517bb20d83c3b9d4e3074f8" />
		<rom name="Build Your House rules.txt" size="1916" crc="9d0ccb73" md5="4259f2f80e3e2384946d8e31a764c0dd" sha1="b39e96db9321e1e3ebdb7a113d3a5e870c177064" />
		<rom name="BuildYourHouse screenshot.jpg" size="172520" crc="04323648" md5="e5c6ae35ba45a9b4e5b2059bdc704dc3" sha1="7bebc9f3e594ee7efbc52da31edc6ae70a724022" />
		<rom name="BuildYourHouse-v1_13  9.21.vpt" size="1896448" crc="b0b294dd" md5="8de753a1e6aa41eccf334f45530c2e55" sha1="cd8b051d361b05eeccf962b9f4cb048c79e6a140" />
	</machine>
	<machine name="Card Sharks (Deluxe Edition) (Eala Dubh Sidhe, Furio)(1.0)[VP921]">
		<description>Card Sharks (Deluxe Edition) (Eala Dubh Sidhe, Furio)(1.0)[VP921]</description>
		<rom name="Card Sharks (Deluxe Edition) screenshot.jpg" size="225086" crc="5871bb61" md5="c06f2e4e998a9e445af4ba8ca6bac96d" sha1="111160d9177b659fdb1a26858ac4400dcb9c9972" />
		<rom name="Card Sharks (Deluxe Edition).vpt" size="9281536" crc="8424a718" md5="7b0c09806809082cf885af468b310b9e" sha1="5f6dc18c364b67e8244510dbbea8163f1874e7ad" />
	</machine>
	<machine name="Casino (Jay Phillips, Furio)(1.0)[VP921]">
		<description>Casino (Jay Phillips, Furio)(1.0)[VP921]</description>
		<rom name="Casino screenshot.jpg" size="124327" crc="a2d57065" md5="979f3513f43ebf43ebfc8786546c62d9" sha1="a5f4f2072932989c3258fe9e95479857f1892590" />
		<rom name="Casino.vpt" size="2224128" crc="95080a75" md5="4722e7f1522a289e5af605aeebb1d31f" sha1="dd63e4bb47df62087eeae0f170208ea8fcb5aa4b" />
	</machine>
	<machine name="Castle Falmeir (Faralos)(2k10)(1.0)[VP921]">
		<description>Castle Falmeir (Faralos)(2k10)(1.0)[VP921]</description>
		<rom name="11kk_q4z.jpg" size="136063" crc="7123209b" md5="2790c5ba2f4ae90cf02c2ae85579f41e" sha1="bb17f71ecbaa2542cc8cd2dba4be04ca3cdef542" />
		<rom name="Castle Falmeir 2k10.vpt" size="19457536" crc="fb029e02" md5="e3a2a307154dd287fd1dc8da5beeedb5" sha1="e62293103988a023b74df06ff0f11f423a175ee5" />
	</machine>
	<machine name="Christian Pinball (zzo38, Furio)(1.0)[VP921]">
		<description>Christian Pinball (zzo38, Furio)(1.0)[VP921]</description>
		<rom name="Christian_Pinball screenshot.jpg" size="42214" crc="7aeb1630" md5="b208fa8d85261c4bbb699d04c3c19d9c" sha1="a7ed6077ad7449e6188b35cf5a1e9f8fbd1644c1" />
		<rom name="Christian_Pinball VP 9.21.vpt" size="241664" crc="fcf33f23" md5="e19837df2600f01094223840c03d82a5" sha1="81df8bb8755a8c06fc7089ef62e85d2a47f98ccb" />
		<rom name="Christian_Pinball.vbs" size="7825" crc="e39e3bdd" md5="9bca7a4ae5503f4bd5b5821ae2059274" sha1="ffb17932d02295d47bae8d0b37360120f3a83efb" />
		<rom name="license.txt" size="568" crc="5368fb66" md5="01e2524c48bfec32616f2446f0c664c2" sha1="375aab9a4481b622c5a7288d33ddabeeace50f1a" />
	</machine>
	<machine name="Daffy Duck 2008 (Bob5453, Furio)(1.0)[VP921]">
		<description>Daffy Duck 2008 (Bob5453, Furio)(1.0)[VP921]</description>
		<rom name="Daffy Duck 2008 screenshot.jpg" size="208942" crc="40c61b3a" md5="f7f013436c586641672e52eb7e9966e0" sha1="2c0de82e017db8ae385f0204b14a14696737daaa" />
		<rom name="Daffy Duck 2008.vpt" size="10108928" crc="2236a373" md5="ab76c17b32f54a7fcc0b40ff9a7b06da" sha1="26c4d8fb905721b778d4f437919ec9b7883fd2c8" />
	</machine>
	<machine name="Darius (Eala Dubh Sidhe, Furio)(1.0)[VP921]">
		<description>Darius (Eala Dubh Sidhe, Furio)(1.0)[VP921]</description>
		<rom name="Fonts/termina2.ttf" size="31984" crc="e6811bd1" md5="c060511a5406475216dc43700e09a066" sha1="00fe31bcf40225aa0df495dfa1c099a032d644f2" />
		<rom name="Fonts/trana___.ttf" size="58232" crc="a65607b4" md5="66dc9095c3f6fb48dbe4874d7304ca47" sha1="f89519a6452ebc2bcaf130fd136bcfcc59b28fa6" />
		<rom name="Darius screenshot.jpg" size="221589" crc="d4a6b0de" md5="1976543cddd51475f119701b26c74c13" sha1="23e8c94fe0efd41c983bec68dda71c4adc4817cb" />
		<rom name="DariusV1.0 VP 9.21.vpt" size="8355840" crc="b3035804" md5="f91d5d9ee87861f3c174beabefdd92be" sha1="ed271d66e66339e41c7f0d553f2c2f1a97a629f6" />
	</machine>
	<machine name="E.T. The Extraterrestrial (RipleYYY, Joe Entropy, Furio)(1.0)[VP921]">
		<description>E.T. The Extraterrestrial (RipleYYY, Joe Entropy, Furio)(1.0)[VP921]</description>
		<rom name="E.T. screenshot.jpg" size="132240" crc="aab7502b" md5="5d73322bb204af4131146192567e0aec" sha1="aa831834172e350b3876e3b2c76729fe330867db" />
		<rom name="ET  9.21.vpt" size="2125824" crc="826fe618" md5="d866e402607aec2f9aa23873132b533c" sha1="922533b42fbd3f53f17c9450145198154e2b21bb" />
	</machine>
	<machine name="Fantastic Four (Bob5453, Furio)(1.0)[VP921]">
		<description>Fantastic Four (Bob5453, Furio)(1.0)[VP921]</description>
		<rom name="Fantastic Four 9.21.vpt" size="4874240" crc="18808771" md5="9f6f1fd81d2fa871e5042bbc7c6916bb" sha1="d791faefc55cfe0c46f40ba915546cd6cd210154" />
		<rom name="Fantastic Four screenshot.jpg" size="214137" crc="a0ce0e3d" md5="13db124548b958c4fab8be9ac5e3df1e" sha1="d3ca0a54631116a8ebb38e420b1127fe3877f6d8" />
	</machine>
	<machine name="Fight Night (Chris La Mantia, Furio)(2.2.2)[VP921]">
		<description>Fight Night (Chris La Mantia, Furio)(2.2.2)[VP921]</description>
		<rom name="21kk_s8L.jpg" size="210633" crc="ef325f4b" md5="8dcb940b3d8645c3a2333ad8d0073da4" sha1="c802fda49c38b23ce36c9bf6f84db0fca6505e7b" />
		<rom name="Fight Night 2.2.2.vpt" size="8618496" crc="65320d13" md5="b28079a7c05ba1538d94bb8b4c294243" sha1="50bf86e19008e164a6e890c253bc41927ab105c8" />
		<rom name="Fight Night Readme.txt" size="16010" crc="b7e1046a" md5="fd73d81fbb30794957ae17b9de2a44b0" sha1="b52215130c03e1e2affe3e04ba3e7a9be8458f60" />
		<rom name="Fight Night RevHistory.txt" size="16686" crc="920abf9b" md5="82322246a73244451b43c9bdf25fe840" sha1="624ba2db21f332b98b76a065a81709a5dcf796e7" />
		<rom name="modinfo.txt" size="1009" crc="aa869b0f" md5="15826860778beb3379c66b77b96fdf26" sha1="7ca8f8c81752e5eccb654f942e7bec60d7bb9a8a" />
		<rom name="williamsfontwide.TTF" size="19304" crc="c3c010f1" md5="b2501f86b4d05becd30952e117c53de5" sha1="3b0458ab8b8679b760b3e177f5ab4ebd98001b2c" />
	</machine>
	<machine name="Goonies, The (MikePin74, Furio)(1.0)[VP921]">
		<description>Goonies, The (MikePin74, Furio)(1.0)[VP921]</description>
		<rom name="Music/GoodEnough.mp3" size="671034" crc="7abeb5ee" md5="0415ba0fca5c38d06bd2e1640c37a7da" sha1="2d011966e088382a0da5f2de982e6222166369cb" />
		<rom name="Music/GoonAoDJ.mp3" size="700011" crc="73d9691c" md5="ab6e19cc0adcf849c43bfbb7ea8e4c1b" sha1="a33cff9dda7c24b2d81d39754ed1b821d6298441" />
		<rom name="Music/GoonBacement.mp3" size="549822" crc="b0c51b0b" md5="b8d3b8e2cb4299d63470cdd5da32f7b8" sha1="542338c187e9511bcf0075a03659c8d5ba03a640" />
		<rom name="Music/GoonIce.mp3" size="218218" crc="3aec7d6e" md5="d12deebdc538a00ae3c5d7d17bd8c9f7" sha1="dcce1ab38dd9b340218fb87cb1169e513ab5ed3a" />
		<rom name="Music/GoonSub.mp3" size="598780" crc="e7190b81" md5="5eefca03a31784b9e95739a4f3f8854c" sha1="baf6d0120ecc43523781d1ff35aca3d04bb65c1b" />
		<rom name="Music/GoonWarp.mp3" size="204022" crc="952e01db" md5="02ac8909d81173510806dddf83a2001d" sha1="45267bb57e02f6527927ea5eeecb3c7d97a5dfc7" />
		<rom name="goonies9.21.vpt" size="10174464" crc="58836ba1" md5="e13e13dbf3bdaf28d4d55a33989e3025" sha1="b65ec6887a7704ad0b1575a02240d61661bad9d1" />
		<rom name="Goonies, The screenshot.jpg" size="219146" crc="559fb3a4" md5="64b5e0f9a10eaeb257b04db127eeed0a" sha1="df6253c4ede917484cb9158b06d6de5a52327921" />
		<rom name="TextFxLong.vbs" size="5635" crc="c1f9702a" md5="6223268716b199d5c802d74d51b0a8cd" sha1="0d3192e33df0644209561a03a47a97d82fed0bf0" />
	</machine>
	<machine name="Gort Again (Tii, Furio)(1.0)[VP921]">
		<description>Gort Again (Tii, Furio)(1.0)[VP921]</description>
		<rom name="12kkk_hzu.jpg" size="142060" crc="14c7f40c" md5="4d7d196167fd6879255a428a24790a02" sha1="b29a5047aff31ed7e19d6ccc67f7dfd2edfb4356" />
		<rom name="GORTAGAIN.vpt" size="2625536" crc="5fbffdf4" md5="b12516e72984ac2024be44e2951a86fb" sha1="efd911d4ed047d79bb606061a18be8071474a074" />
	</machine>
	<machine name="Ike Godsey's Country Store (tiltjlp, Furio)(1.0)[VP921]">
		<description>Ike Godsey's Country Store (tiltjlp, Furio)(1.0)[VP921]</description>
		<rom name="25kk_wBU.jpg" size="167873" crc="f0727584" md5="768daf358ca215db998999f46c15328e" sha1="9a771a4df15b8239fa4d97aad84c103de119de48" />
		<rom name="Godsey's Country Store.vpt" size="2916352" crc="b457790e" md5="ebbf1ea775dc06d6bd3b7509d281bfd1" sha1="3600cdb14c90126823b6d152e545be8611a45127" />
	</machine>
	<machine name="Image (Furio)(1.01)[VP920]">
		<description>Image (Furio)(1.01)[VP920]</description>
		<rom name="comunicazione.txt" size="749" crc="e8b6ae86" md5="537adf6786eb4f305ad5c61b3a97fe69" sha1="7555037a7bdd25af19ae3a7e268252e919122c56" />
		<rom name="Image screenshot.jpg" size="204500" crc="1e0cdbc5" md5="b36099832e1e7fc1f8ae1ef5917992e6" sha1="506d815fcad2c505b33d316f22011c580dc4c0ed" />
		<rom name="Image VP920.vpt" size="7004160" crc="f3cb3f9c" md5="a935edf653ab26c16f45e976cab3fd95" sha1="00f4d4d9697883784987e07c7b8340086aa81180" />
	</machine>
	<machine name="Man That's One Big Pig (Tii, Furio)(1.0)[VP920]">
		<description>Man That's One Big Pig (Tii, Furio)(1.0)[VP920]</description>
		<rom name="Big Pig.vpt" size="1482752" crc="606c10b4" md5="1c64392e6658066cb30fe1e3b24c52e8" sha1="0df1a2623a7159473f680fff600dca09561f9104" />
		<rom name="screenshot.jpg" size="129389" crc="745a75a6" md5="8a75e06f3ef286798326cc06b8bde6f9" sha1="534f2841e0e69140e3341b68c576e4402afb424f" />
	</machine>
	<machine name="Mike Vegas - Casino (Michael Youngblood)(1.0)[VP921]">
		<description>Mike Vegas - Casino (Michael Youngblood)(1.0)[VP921]</description>
		<rom name="Music/Elvis Presley - Viva Las Vegas.mp3" size="2939186" crc="af142d58" md5="e29a7d8a9caa27d1245bb7bd930a43d8" sha1="cc65b74219ac6b88c8c32ce8cbd6f4d187db9930" />
		<rom name="Music/Frank Sinatra - Luck be a Lady.mp3" size="7241527" crc="e612e8f5" md5="6f00b3b6e87f3a19c9b20293cc556154" sha1="c623908fd2699e42319f88e2178f99c360930745" />
		<rom name="Music/Metal Elvis - Viva Las Vegas.mp3" size="3928298" crc="f0f7b2e6" md5="9ab6dce9adb01f1c4708e88917b22d4b" sha1="924ab7c8d91c8d54f362830ea53c54e46507cd02" />
		<rom name="Music/Mike Vegas Bonus Music.mp3" size="996521" crc="eab57fed" md5="c18d1ecc7a1c348c90470da18b661096" sha1="79406ceefdbc9af363bbb26dd24676f92e1511be" />
		<rom name="Music/Mike Vegas, Casino.txt" size="576" crc="732e8f15" md5="44894626fcf45928c07907236c6d1683" sha1="c7d6d0ea421c326988115002807cc8fb785b87db" />
		<rom name="Music/Theme from Vega$.mp3" size="3347523" crc="ffda615c" md5="c74ec5d9995fd95faf89263a32cb5c91" sha1="a8134439627d5f63ac48b398354aa40d48923694" />
		<rom name="Music/ZZ Top - Viva Las Vegas.mp3" size="4945231" crc="8728c454" md5="fcab9673efc871d979c400d64cc13879" sha1="be7db80959467ff13e7a0582b1c4e170ecabea58" />
		<rom name="Mike Vegas, Casino.JPG" size="205834" crc="f47cdeff" md5="97b39b529addfc405b57eaf39e489ed0" sha1="553eb3e305f28f8a73bebcd271c76428486ba96f" />
		<rom name="Mike Vegas, Casino.txt" size="1339" crc="1e9c190a" md5="f49ee2fa75dca4ce5d7c229204a092e3" sha1="9fb9eda934cc624f6fcfd297a0e99b47b8cec977" />
		<rom name="Mike Vegas, Casino.vpt" size="35237888" crc="586c9309" md5="4fab714ceb13384c6708e6eefcf73ede" sha1="6972314a845fccbb8f75ed52df16b3fa957af87b" />
	</machine>
	<machine name="Money $hot 3 (Michael Youngblood)(1.0)[VP921]">
		<description>Money $hot 3 (Michael Youngblood)(1.0)[VP921]</description>
		<rom name="Fonts/elephnt.ttf" size="51652" crc="9cdf8b4d" md5="fc2cdc9b17df077275e69b3103f6a30e" sha1="8d9daa4b2bb48bc77e8333f75fdb1bfe3e040ca7" />
		<rom name="Music/Are You Being Served.mp3" size="3522344" crc="458581d0" md5="1addcbafda017a815b6a444f296fb22d" sha1="3c1c864e9af7f85ca147ba5ab8bf3d6a0f0cf496" />
		<rom name="Music/Bachman Turner Overdrive - Taking Care of Business.mp3" size="5440807" crc="f580f7f1" md5="83c05f0cb042415884f04005944f8a53" sha1="abee563713446a2b303f8bcb28523c8e33b69e93" />
		<rom name="Music/Dire Straits - Money for Nothing.mp3" size="6054442" crc="5a167867" md5="84f9432626ee027617c4b91302e68ed6" sha1="2aabfa70a8ddcd8c8c8a7988933885544f9179e7" />
		<rom name="Music/Money $hot 3.txt" size="549" crc="cb8997d1" md5="8567f08b5cf35f17db4cedfc4ca69484" sha1="a60139cae117a92f4841d5679d11ceb4ce5ac607" />
		<rom name="Music/O'Jays - For the Love of Money.mp3" size="9512354" crc="4003d4d3" md5="1dd328920594648514044f789fdbcc57" sha1="8a9710675acebf1b1d142d9a1b21c314dbca7124" />
		<rom name="Music/Pink Floyd - Money.mp3" size="8167676" crc="5ab07b63" md5="661e6e517d10e6720a01b50578e88d8b" sha1="844dbbb75df781eee5b2356b43369dfa89d664a5" />
		<rom name="Money $hot 3 Text 2.txt" size="287" crc="1b27d32c" md5="742541d269ed454ef9e130a95afd59ec" sha1="97f4a454e87906c06297db80498691889c590b7b" />
		<rom name="Money $hot 3 Text.txt" size="685" crc="381d9bfd" md5="4ee0e086c1189f134a960f8276d00378" sha1="064a3b42bb4afdcabf7ec9f06a3af1ed5a7c6000" />
		<rom name="Money $hot 3.jpg" size="200987" crc="0b394299" md5="3d9a7d5d38295aa76cfb1748cd9d3551" sha1="8314d06b0933fd7213355059f624d25c4f367a65" />
		<rom name="Money $hot 3.vpt" size="35102720" crc="c5997ded" md5="156cc1b74bd3f175aa90253e4893428f" sha1="a22c5725c083668c1e7e38849c28c220d9687129" />
	</machine>
	<machine name="Mortal Kombat 4 (3dman)(3.3)[VP921]">
		<description>Mortal Kombat 4 (3dman)(3.3)[VP921]</description>
		<rom name="3.2/mortal kombat 4.jpg" size="41750" crc="0c9b2c17" md5="ff311b980b3b091980bd4bd2d818a787" sha1="aecaebdad0f03abfc7e0d700774b4e98da12efb4" />
		<rom name="3.2/MORTAL KOMBAT IV.vpt" size="5371392" crc="0a0a67a9" md5="99e75930a9eea8e08c475f246b7cc4f2" sha1="c1a6a1c18430800493486093aeb9d8b27a3b884e" />
		<rom name="3.3/mortal kombat 4 v2.jpg" size="42782" crc="463847d0" md5="a96a3db2d0e6bb2f723820b31ac35221" sha1="f2350df108183f73eb5c77b70719c2701dbbc1ad" />
		<rom name="3.3/MORTAL KOMBAT IV (2 version).vpt" size="12028416" crc="08202390" md5="6e2ee0b3bdd3c01c1568d67568dd6592" sha1="e9d34a4382f506db1dc7e4ad163cc70ded080303" />
	</machine>
	<machine name="Mortal Kombat II (3dman, Furio)(2010)[VP921]">
		<description>Mortal Kombat II (3dman, Furio)(2010)[VP921]</description>
		<rom name="mortal kombat II (3dman) (2010).vpt" size="10768384" crc="cecfe864" md5="41e82df3ba680a20bf80b90fbf48999d" sha1="fda48f90d80c48e872f45e580309098d8a7f7099" />
		<rom name="Mortal Kombat II screenshot.jpg" size="112189" crc="dc39de2b" md5="df6ea0b3f5d5185a59aaea2f1f3472eb" sha1="e6aff0701b7d96b7730ae878c201524f8f5c4f98" />
	</machine>
	<machine name="Mortal Kombat IV (3dman, Furio)(1.0)[VP921]">
		<description>Mortal Kombat IV (3dman, Furio)(1.0)[VP921]</description>
		<rom name="MORTAL KOMBAT IV.jpg" size="122273" crc="391e5f52" md5="4d541c0f9326c0c17568266082a7a240" sha1="072bb48b08f826c4618acf9b7eb0d186c656b8a6" />
		<rom name="MORTAL KOMBAT IV.vpt" size="5439488" crc="d53caece" md5="66466c7c424f17a6e00adf97302392d6" sha1="d92337743727b5cd9e7a04a84806e67462f88a9a" />
	</machine>
	<machine name="Phaeton (sphere 2001, Furio)(1.0)[VP921]">
		<description>Phaeton (sphere 2001, Furio)(1.0)[VP921]</description>
		<rom name="Fonts/tahoma.ttf" size="379588" crc="3d171762" md5="1cdc29147975497989783734e4669519" sha1="10b803b009911a3ff50357f165008fbb4c4dd8c4" />
		<rom name="Music/Phaeton III.mp3" size="2042984" crc="7d571ef0" md5="2f12fb36495326825ae33bd3515bf2a7" sha1="3d1101c958e8f04e0ca42063ba75f25a9e3ca33c" />
		<rom name="Phaeton (sphere 2001)  9.21.vpt" size="2957312" crc="9ace87ec" md5="5cdf0abebd753776211d3a0ba49a9262" sha1="1359a19d046c24be9ec2e14a1a02490da4c737cf" />
		<rom name="screenshot.jpg" size="124430" crc="a5847162" md5="f44f29a346b46d3e567cc0c8b6af8e87" sha1="7077a471b7caf85945fe111d243e6c1a133ae865" />
	</machine>
	<machine name="Pirate Gold DS (Chicago Coin)(1969)(DavidSSS, Furio)(1.0)[VP921]">
		<description>Pirate Gold DS (Chicago Coin)(1969)(DavidSSS, Furio)(1.0)[VP921]</description>
		<rom name="Pirate Gold DS 1.0.vpt" size="8830976" crc="1c8660c4" md5="f1131fe9c9365286ffe10b3fd416f53f" sha1="6831191d416c5754e82525d99b1591aea7741478" />
		<rom name="Pirate Gold DS screenshot.jpg" size="320450" crc="a22f46f0" md5="e0d64094484650d7e1cbbcc313a2d238" sha1="2e4cd77ee0ef1a358cfde0f400aaf051b5fc79af" />
	</machine>
	<machine name="Price is Right, The - Bonus Game (Michael Youngblood)(1.0)[VP921]">
		<description>Price is Right, The - Bonus Game (Michael Youngblood)(1.0)[VP921]</description>
		<rom name="Fonts/Anderson Supercar (v3.1).ttf" size="28376" crc="14a40ae4" md5="7f97f91905456c16db70600dbe5818dc" sha1="bbbb68f96d6fdffa5f8e709f048bcdb2f2fe74c6" />
		<rom name="Fonts/GothicNo13.ttf" size="21092" crc="a2f75c7d" md5="131f1d81ce5ba627e08743c0a1464e2d" sha1="c597bd0db1e3ccdc9ae5b4b5f2bac1875ef83659" />
		<rom name="Music/Price Bonus Game Cue 1.mp3" size="913500" crc="ca73156e" md5="b7014d5a9e25302d7c81f9aaff08a6d3" sha1="42ecc1d2f7718fdd8fbd6f6ef14e8b1ada3cb5d7" />
		<rom name="Music/Price Bonus Game Cue 2.mp3" size="2223720" crc="41231bce" md5="1aed134a5260862d833f0528c0852a09" sha1="5f71dac2d7990d9eb4e7a4d5ff2f070eb2ace63f" />
		<rom name="Music/Price Bonus Game Cue 3.mp3" size="2003436" crc="c6a9017e" md5="c36122ec93963e56b19942aa11ca8a85" sha1="d876ac67666b2a2fe55272b2d758e7045cdae27f" />
		<rom name="Music/Price Bonus Game Main.mp3" size="7750656" crc="a5f5dd5b" md5="442a2c043557d0738045e7d0c2aebfcf" sha1="26b8f45ae5d8dd22b3e4ea85f9f2b9142d343237" />
		<rom name="Music/Price Bonus Game Multiball Music.mp3" size="10097568" crc="90b16ba2" md5="01bef1d4896ca3ba26f78e179f4a98e5" sha1="2952db05ff6f5233dfdc2bb3cd65c5d2ef48ab9c" />
		<rom name="Music/Price IUFB Cue 1.mp3" size="1626552" crc="7c41965b" md5="a0467e9bf8e41605f40b3ab28c59c311" sha1="b276dba0d43c51fd6e142cb2ff0ba25c3d838ab7" />
		<rom name="Music/Price Second Bonus Cue.mp3" size="1876068" crc="354ecb40" md5="349378584f7cf3a207726586035f66f8" sha1="27e8701e6202a1a9fcfa1cb6b5af9748b5359b18" />
		<rom name="Music/Price Showcase Win.mp3" size="345233" crc="5e057bfc" md5="a191f3fab338e81f22baa737dcd36611" sha1="b363a6fac517ccdb1fe9e3cd747892b16d0efb14" />
		<rom name="Music/Price Walking on Down.mp3" size="6440436" crc="07ac4c85" md5="51fad7b1269ffe6073ae47733f2c95f6" sha1="0ab93619ebfcf9005ff0002137d326e091068184" />
		<rom name="Music/The Price is Right, Bonus Game.txt" size="555" crc="e21b8ced" md5="e2a36b191ac6fd5f816553a6860325f8" sha1="4f17522707acf65a120a0de08cbdd93e1bcf0c99" />
		<rom name="The Price is Right, Bonus Game .txt" size="247" crc="4713bbca" md5="00e5078b17fbc7e59f58a4b027812612" sha1="45c57c53b61246c8ee1d694bc36d37757a90d197" />
		<rom name="The Price is Right, Bonus Game.vpt" size="78778368" crc="cd138905" md5="fd2cdf40a75588605ce0fe90a3923110" sha1="6f1a0b7e7df6b3bb8be9771310218e12485b8e78" />
		<rom name="The Price is Right,Bonus game.jpg" size="383852" crc="be994001" md5="75c83556485b51a012879c63aa1ad68e" sha1="7413dd4aaa2c7ff180c2fb136dad4e1e6e7589d5" />
	</machine>
	<machine name="Price is Right, The - Dice Game (Michael Youngblood)(1.0)[VP921]">
		<description>Price is Right, The - Dice Game (Michael Youngblood)(1.0)[VP921]</description>
		<rom name="Music/2019 Chevy Trax LS.mp3" size="415450" crc="036baa77" md5="bf0201df85b39efb11ac3594a4a30088" sha1="0db382636d57dbae281b92906cb5a94ab2c6ca96" />
		<rom name="Music/The Price is Right 1993 Car Cue.mp3" size="4039574" crc="be1674e5" md5="9cc7f59fd25e10184ea6d7bb86ea6d14" sha1="8cdce01a71af03c5018b0ce92ea6673885c0ba18" />
		<rom name="Music/The Price is Right 1994 Bonus Rythm.mp3" size="3075624" crc="140a8737" md5="11e9b598234e69cb28b69e48463b8111" sha1="371f617321c4464b787b1ba17bf721cdca9d1dc1" />
		<rom name="Music/The Price is Right 1994 Come On Down Theme.mp3" size="2452165" crc="6835c50d" md5="4463dc13d0847ce47ed24896d6395afc" sha1="58b12ada3bd6741f6d11a6e30bed904714c7c5df" />
		<rom name="Music/The Price is Right 1994 Opening.mp3" size="805824" crc="3a1ab2bf" md5="4ecbd907c56a085933ad47628c2faacb" sha1="cedc073205c60caae319161a9247a02d11148710" />
		<rom name="Music/The Price is Right 1994 Start Multiball.mp3" size="2772322" crc="063a5dcb" md5="90d5a654222837c489fdc8cbca44ea50" sha1="fb49e1aa52decadc3c68f22523fd0256fb879910" />
		<rom name="Music/The Price is Right 1994 Theme.mp3" size="3284322" crc="8f776668" md5="80e7077cde2761aa361c6ffe9501b849" sha1="31ced4fbd5d8d9a4998abc3892b1bb9e1f398b2b" />
		<rom name="Music/The Price is Right Showcase Win and Theme.mp3" size="2659068" crc="a7ba4a2d" md5="123951b8b62f92ed9e590f12e649dd27" sha1="11d70f35d2b33ef533d33b556985b7247911c1c6" />
		<rom name="Music/The Price is Right, Dice Game.txt" size="567" crc="697bcea1" md5="b2a2b4a16ee54e721df74db53d979e57" sha1="41865b8ec748f3120f63e62c507086c0d7fd0c57" />
		<rom name="Dice.ttf" size="50856" crc="5edd6800" md5="1d456ae81e81f1f4e489a42c9375e1ac" sha1="46d11f9ec35454fe0a243d56084becbd247c51d6" />
		<rom name="DICEGAME.TTF" size="50032" crc="39caf81d" md5="c04b3b281ab2455bf0e8209063c69402" sha1="55496c3a61709cec507508b7a115527fe86a07c4" />
		<rom name="The Price is Right Dice Game 2020-03-20 11.31.37.png" size="1166825" crc="d69f9f69" md5="f6b8ad7d57dff2f69a144ecca7e987cd" sha1="6dc1742010d8965a901a0433a07ee470ecdad8b3" />
		<rom name="The Price is Right Dice Game Font.txt" size="483" crc="05be7e57" md5="d22d722b296579bf67711db86fb2e2a4" sha1="6fd5aa69b64b0106ba9e6dc3b75eb47c03075745" />
		<rom name="The Price is Right, Dice Game.vpt" size="69758976" crc="011009ff" md5="547991665075fe0e25cf720beda96045" sha1="7e930731e05db044954f7a7aa6a9c80a6474f777" />
	</machine>
	<machine name="Price is Right, The - Grand Game (Michael Youngblood)(1.0)[VP921]">
		<description>Price is Right, The - Grand Game (Michael Youngblood)(1.0)[VP921]</description>
		<rom name="Fonts/br______.ttf" size="34500" crc="3706164b" md5="50cbf53974d58b42f061e7c20b405421" sha1="702635db48fcb6d5b1e7591d5efd252ca25d68ad" />
		<rom name="Music/The Price is Right Cue 86.mp3" size="3875328" crc="6996c737" md5="89e767606295818f7aadea3a91e8c5f1" sha1="f1fa634d9daccc8ff484115bc10322525a003875" />
		<rom name="Music/The Price is Right Grand Game Theme.mp3" size="940644" crc="3edd87c5" md5="87a2250520a23041569af8b502d88699" sha1="62458ba64507ea04439879e62c1d0d45fca2e736" />
		<rom name="Music/The Price is Right Multiball Band.mp3" size="12662676" crc="7a6ff0d3" md5="fe7c5481aa572f8192b1554933880fe1" sha1="73a9d3ddc1e1d006844f71ed375337f475961ab5" />
		<rom name="Music/The Price is Right Promo Bump Cue.mp3" size="2019096" crc="2f291b60" md5="4cc251b4230c1007743ad744cea60c31" sha1="0d7dda48a264976fc6972022c2ff2f049b42f4f2" />
		<rom name="Music/The Price is Right Showcase Showdown Win Cue.mp3" size="3102768" crc="a70b15a7" md5="a173eb959d7cdce6280e5de5275dae34" sha1="7eb112f348e3322f811a74594dc026bce846a1fe" />
		<rom name="Music/The Price is Right Showcase Win and Theme.mp3" size="2659068" crc="a7ba4a2d" md5="123951b8b62f92ed9e590f12e649dd27" sha1="11d70f35d2b33ef533d33b556985b7247911c1c6" />
		<rom name="Music/The Price is Right Syndicated Come On Down 1994.mp3" size="5327532" crc="9dae94b0" md5="17b484e6f525802ccdb41d671db0c72f" sha1="dcd07cff9075a095b33e97c7a0294d33d4f2ddb2" />
		<rom name="Music/The Price is Right, Grand Game.txt" size="566" crc="bc60bb54" md5="967e05f1ccc6ec047102b4f6e27fd82c" sha1="326d742d55d1251f7ec887d764a0861d4124f279" />
		<rom name="The Price is Right, Grand Game.jpg" size="453044" crc="dc6e2d89" md5="f9c2d4b0dfdd86a3dc41d56f90f67093" sha1="7f928627496e02b667ae23ec8789f4cc68ed7a90" />
		<rom name="The Price is Right, Grand Game.txt" size="219" crc="18964ea7" md5="8876c756b49787a3adf9f95035ad22e0" sha1="9cf4ee13f7e17b0b883ae36ddbf24d9a52db41b0" />
		<rom name="The Price is Right, Grand Game.vpt" size="66707456" crc="0e70d8d6" md5="41bea367d1df07d13bdef805e70e6da2" sha1="29e3d00fa237f052e5b6e404c5e43365549c2d55" />
	</machine>
	<machine name="Price is Right, The - Lucky $even (Michael Youngblood)(1.0)[VP921]">
		<description>Price is Right, The - Lucky $even (Michael Youngblood)(1.0)[VP921]</description>
		<rom name="The Price is Right, Lucky $even/The Price is Right Car Cue 1972.mp3" size="7821648" crc="1e0fb661" md5="b817aeee8fa4afb1bcb3296725792c3b" sha1="e5cf27ced0dd3e2ef4c27031ca350d094c35ef59" />
		<rom name="The Price is Right, Lucky $even/The Price is Right Come on Down.mp3" size="8659980" crc="98cdea03" md5="52aeb69ec8289eb019dcc816b1f07670" sha1="ac56546dbb9fa35628e551bcd8dedf5795dbafa0" />
		<rom name="The Price is Right, Lucky $even/The Price is Right Extension of 1972.mp3" size="10395108" crc="7c56304e" md5="571e6b8f1a564063996644deddd17539" sha1="b6f4622360ad8ef3f421bf46d963f81ec59c13f0" />
		<rom name="The Price is Right, Lucky $even/The Price is Right Phone Home Game Cue.mp3" size="3631032" crc="07a84a8c" md5="efcacff542baa34fdc9c1cf7154d4d55" sha1="fb1de6ee1b58a3d0cc85614a80017e12217b2430" />
		<rom name="The Price is Right, Lucky $even/The Price is Right Promo Bump Cue.mp3" size="2019096" crc="2f291b60" md5="4cc251b4230c1007743ad744cea60c31" sha1="0d7dda48a264976fc6972022c2ff2f049b42f4f2" />
		<rom name="The Price is Right, Lucky $even/The Price is Right Showcase Showdown Win Cue.mp3" size="3102768" crc="a70b15a7" md5="a173eb959d7cdce6280e5de5275dae34" sha1="7eb112f348e3322f811a74594dc026bce846a1fe" />
		<rom name="The Price is Right, Lucky $even/The Price is Right Showcase Win and Theme.mp3" size="2659068" crc="a7ba4a2d" md5="123951b8b62f92ed9e590f12e649dd27" sha1="11d70f35d2b33ef533d33b556985b7247911c1c6" />
		<rom name="The Price is Right, Lucky $even/The Price is Right, Lucky $even.txt" size="576" crc="5b96d450" md5="8d6f5ffb80acf9f3bad2af4163f922dc" sha1="16ac5a7e7b0105e7341c4681d5921ff1dbd5c572" />
		<rom name="The Price is Right, Lucky $even.jpg" size="430294" crc="7ace03f5" md5="9099441b2aa2b91bc800dd3fd3ab6fcb" sha1="ad07671c33b8778c247c65d2969a6db248ffbffb" />
		<rom name="The Price is Right, Lucky $even.vpt" size="81403904" crc="3e0bc15e" md5="b15b2264a702aedb5665321424245c63" sha1="51c4ec5512583518fb5a8a1318527eec4c216929" />
	</machine>
	<machine name="Price is Right, The - Plinko (Michael Youngblood)(1.0)[VP921]">
		<description>Price is Right, The - Plinko (Michael Youngblood)(1.0)[VP921]</description>
		<rom name="Font/plinko2k.ttf" size="25192" crc="2d81483b" md5="4893675942a41eda9a4f55cb2f868594" sha1="5b276232062783e0ca692eb1ba2f663fb4cfb6b4" />
		<rom name="Music/Come on Down 2007.mp3" size="1859440" crc="cef4c571" md5="6e79ef4564907b3bb386f1ffa3b4ee06" sha1="78064a5963f7c9ea6af24c9ae1fc1704b8c6dcc7" />
		<rom name="Music/Price Bonus Music.mp3" size="789813" crc="8de2d2ff" md5="a1c86a8eb5dcd50a2a3815fbb0c5e6d4" sha1="66729a14ab493e5d02386e882f99212817a5472d" />
		<rom name="Music/Price Cats.mp3" size="2186996" crc="171f9aa5" md5="4ba2ebf1c1956f23b5b8c35e29e5f085" sha1="300c70cc1e1789bdd4c1177940b5e65752d4f4ea" />
		<rom name="Music/Price Multiball Music.mp3" size="2418480" crc="d5e27e8a" md5="d71d09d31033eecdde6e4dec0c5eb2a3" sha1="912a300d1a3434bb94cd945ff4b5260c1d7b8264" />
		<rom name="Music/The Price is Right 2007.mp3" size="2181019" crc="f7ffa408" md5="bdcb61a612496b67db9e8f32ea265ad2" sha1="b61e751ea3f023d78fcf90b137320b4a79a416d8" />
		<rom name="Music/The Price is Right, Plinko.txt" size="586" crc="dc489775" md5="3242d6c92e9bee5344b85294c5d2a419" sha1="7ca1b0016f246392b029a708d974770e761fea19" />
		<rom name="The Price is Right, Plinko Text.txt" size="855" crc="82723404" md5="9934e707197344ca7a85403acadc7294" sha1="ef00e32a25e6481f0811c60df9956dd136b8cdb1" />
		<rom name="The Price is Right, Plinko.jpg" size="190440" crc="8e888752" md5="2643b58b50bc0ad83b9414340235f3bd" sha1="2aeb934d76fe75d1535894919935de830d81dea4" />
		<rom name="The Price is Right, Plinko.txt" size="344" crc="e7ff9533" md5="201618c5bd39a8a5120c745ca2a581cc" sha1="09786c239d5ceb8875f2cd0bb386e7e3e79ebf01" />
		<rom name="The Price is Right, Plinko.vpt" size="44281856" crc="95dd0ffd" md5="b7fb43bbeccdee38038992805dcf8f7d" sha1="640a65de60650eefe0a5c551556b81dca10c7ae1" />
	</machine>
	<machine name="Price is Right, The - Secret X (Michael Youngblood)(1.0)[VP921]">
		<description>Price is Right, The - Secret X (Michael Youngblood)(1.0)[VP921]</description>
		<rom name="Fonts/RAVIE.ttf" size="74416" crc="6f99bb1c" md5="2aeca327ae0e8ba04bf305f13cb1d589" sha1="e349654cb9f294cf9678303e4ac34bfc3bba098c" />
		<rom name="Fonts/SECRX__.ttf" size="24876" crc="741f62a3" md5="601e69bb29568c799c8035628db17607" sha1="b388f8e4022d86dd7b11b3539f79877df10ce37b" />
		<rom name="Music/Price Secret X Prize Cue 1.mp3" size="2223720" crc="41231bce" md5="1aed134a5260862d833f0528c0852a09" sha1="5f71dac2d7990d9eb4e7a4d5ff2f070eb2ace63f" />
		<rom name="Music/Price Secret X Prize Cue 2.mp3" size="913500" crc="ca73156e" md5="b7014d5a9e25302d7c81f9aaff08a6d3" sha1="42ecc1d2f7718fdd8fbd6f6ef14e8b1ada3cb5d7" />
		<rom name="Music/The Price is Right Hawaii.mp3" size="3023424" crc="f2b315ff" md5="243e07e26b1afe9370de43a269fe1754" sha1="400ed4ff4869e96e18f459270e3c5c0372080ea7" />
		<rom name="Music/The Price is Right Promo Bump Cue.mp3" size="2019096" crc="2f291b60" md5="4cc251b4230c1007743ad744cea60c31" sha1="0d7dda48a264976fc6972022c2ff2f049b42f4f2" />
		<rom name="Music/The Price is Right Remix.mp3" size="10353348" crc="08104ee0" md5="55d8c2a17c7b2bfcfdef509df1c769a1" sha1="497901f0a56d16d6c380f898c1d4b3e008ac22e1" />
		<rom name="Music/The Price is Right Secret X Intro.mp3" size="4138416" crc="6ec99b9c" md5="e2aa7854e9c1518d4379e7c2fcff482f" sha1="44683caf8422b00015c4e4ca4bea0c981b99604a" />
		<rom name="Music/The Price is Right Secret X Theme.mp3" size="8790480" crc="cde81d6d" md5="c42cbbde30cb517c0d62d23cc7ad2c4d" sha1="867569b91786ca9275aa4ceee428a8bf45284709" />
		<rom name="Music/The Price is Right Showcase Showdown Win Cue.mp3" size="3102768" crc="a70b15a7" md5="a173eb959d7cdce6280e5de5275dae34" sha1="7eb112f348e3322f811a74594dc026bce846a1fe" />
		<rom name="Music/The Price is Right Showcase Win and Theme.mp3" size="2659068" crc="a7ba4a2d" md5="123951b8b62f92ed9e590f12e649dd27" sha1="11d70f35d2b33ef533d33b556985b7247911c1c6" />
		<rom name="Music/The Price is Right Walking.mp3" size="4963176" crc="3ae0c0f2" md5="c7aaae1f588ae688686c2d28563b5eb3" sha1="0300dfb98ed0aaba681eb49d8d114e08e9131a44" />
		<rom name="Music/The Price is Right, Secret X.txt" size="546" crc="9a07ee72" md5="6782fc55aebd3508a8ea5c51d362086e" sha1="eab239b282c3bda1bd6a7942ccf035d41632a4f0" />
		<rom name="The Price is Right, Secret X.jpg" size="438068" crc="e8c221d9" md5="52353f4497303fad0439b54b8031772c" sha1="bbc3701ef9cd9f42959c1a497aadaf16b31a6bb0" />
		<rom name="The Price is Right, Secret X.txt" size="241" crc="7ed3216e" md5="2d9f699db692401890541a6533fb6a04" sha1="c34b48ab9c4eb0601da551d4050759158746ed20" />
		<rom name="The Price is Right, Secret X.vpt" size="59105280" crc="06f4d0c4" md5="e6ba86deba5c89a061f43e60221a13b8" sha1="87dc44ecd4feaf688fcb23c806e5a53f885aea84" />
	</machine>
	<machine name="Price is Right, The - Showcase Showdown (Michael Youngblood)(1.1)[VP921]">
		<description>Price is Right, The - Showcase Showdown (Michael Youngblood)(1.1)[VP921]</description>
		<rom name="(1.0)[VP921]/The Price is Right, Showcase Showdown.vpt" size="35524608" crc="80fd3595" md5="ca354ec2beace087e2b5a5b4e024d772" sha1="3cffe505fc111977cada6398b74ba5eaddfe0332" />
		<rom name="(1.1)[VP921]/The Price is Right, Showcase Showdown.vpt" size="34000896" crc="ba47ebe9" md5="97ee9aeecea74e439b9b1f2060953850" sha1="37eecf8d7dcc5d834d45f8505795f13a054a2951" />
		<rom name="Music/Bonus Music.mp3" size="789813" crc="8de2d2ff" md5="a1c86a8eb5dcd50a2a3815fbb0c5e6d4" sha1="66729a14ab493e5d02386e882f99212817a5472d" />
		<rom name="Music/Consolation Prize Music.mp3" size="3810619" crc="46d606d1" md5="aa3f53635fae834270e2555f5f53f3f0" sha1="9950a42c7083dc7f04230707c2a166732668d12e" />
		<rom name="Music/Original Come on Down.mp3" size="906870" crc="9d60b3b7" md5="51e2c081be55c0e6ffe0c0a8191da03d" sha1="d20faec509bd62715ec0bb1bc33eb6d4fb5e581a" />
		<rom name="Music/Price Multiball.mp3" size="3692970" crc="7ab85082" md5="dae0afbd964a5c8ddd930c1c6fafe768" sha1="8c1e6cc747e2052a37cd6027c8dbd72bc1d9df5b" />
		<rom name="Music/Showcase Showdown.mp3" size="4943337" crc="6c72cd09" md5="b54f40ab6d877a05734fbab0f3a4f91a" sha1="936b2aa4a2f604fc572a60a0ab491c2efcb31b37" />
		<rom name="Music/The Price is Right 2007.mp3" size="2181019" crc="f7ffa408" md5="bdcb61a612496b67db9e8f32ea265ad2" sha1="b61e751ea3f023d78fcf90b137320b4a79a416d8" />
		<rom name="Music/The Price is Right, Showcase Showdown.txt" size="607" crc="19450de2" md5="c80c3d5156b5c71687071b253e844a34" sha1="9a704099a6b64a0d2886ff689d54c7bc14dd9f60" />
		<rom name="The Price is Right, Showcase Showdown.jpg" size="181004" crc="2fa2454c" md5="1866855cafd80f89d6b1f86d10a0089b" sha1="7ca68b9b19ff6238354d6e66ade8f636a4698910" />
		<rom name="The Price is Right, Showcase Showdown.txt" size="111" crc="ebfd11dd" md5="577d55078aa34c6ef824a41c943b57f4" sha1="946cb758aa20dfe36e12fada81db5671047b8682" />
	</machine>
	<machine name="Smooth Hot Ride 2 (Michael Youngblood)(1.0)[VP921]">
		<description>Smooth Hot Ride 2 (Michael Youngblood)(1.0)[VP921]</description>
		<rom name="bluehighway/bluebold.ttf" size="51728" crc="2756389e" md5="f9ca23acec2477d9835681c6f6760f39" sha1="1915e98c64689d13148894640bc0d5a509e8e298" />
		<rom name="bluehighway/bluecond.ttf" size="52456" crc="d04dc1a5" md5="b2510d83bf55d2d721a9904ffec723b4" sha1="10da3195cbf2790c6d7198f07ba1dce0ddfa82ba" />
		<rom name="bluehighway/bluehigh.ttf" size="52756" crc="837246e2" md5="3b7e7e678645357a77e3fe6c440e44ab" sha1="fca6805146d495f536df17e59c11b18d1c8a0673" />
		<rom name="bluehighway/READ_ME.TXT" size="4901" crc="b6e689b0" md5="315590ad167773fc65d68168142ef5c1" sha1="32686819a94b4277209fee9b36b89b2de18bf4e6" />
		<rom name="Music/Aretha Franklin - Freeway of Love (Full).mp3" size="8897323" crc="afca150e" md5="d3e5b4fe51455ed82c84bb5807887a04" sha1="57cf1571959898b61b53d2c811a8827d0e647cdd" />
		<rom name="Music/Barry White - Low Rider.mp3" size="5321653" crc="d1f51c78" md5="ee997c0c859fdecdd36a2d4005c69e0a" sha1="a671e72a43c25ae616ac50753b20f7928c745600" />
		<rom name="Music/C.W. McCall - Convoy.mp3" size="4729017" crc="c321ca42" md5="9317f817064ea3f79a77ff0eaf823e9a" sha1="384c4ea76acb35f038e0cf8d235259e95d2debd8" />
		<rom name="Music/Natalie Cole - Pink Cadilac (Funk Version).mp3" size="9631569" crc="dcfa2f38" md5="06dbfe94a4549d53179deb1698006a86" sha1="8d9775307932812f8c298365479064fbc2fc2a93" />
		<rom name="Music/rec0520-213818.mp3" size="39974" crc="f00360d2" md5="ce5e456c45c86a6ee923cd3d367f26fc" sha1="47d09724bc6b7a0d9da47c771c5d5cb2af312742" />
		<rom name="Music/Smooth Hot Ride 2.txt" size="564" crc="c9dced68" md5="1115ec3a5eff8017fa9d2854550447e2" sha1="f9b580074b452589dfa302da28b3dfa01a763162" />
		<rom name="Music/ZZ Top - La Grange (Full).mp3" size="5169751" crc="3264a126" md5="98a8e2fcad1a47fa65c95634dc06703f" sha1="abe53f92d99175c32ec369d39dc38c7c0b3a985d" />
		<rom name="screenshot.jpg" size="170780" crc="f61b615e" md5="b443f0f9dce38b141c69bb2dc820cf83" sha1="a454a2f73ec60c62197b90e12ed1092b4933b443" />
		<rom name="Smooth Hot Ride 2 Text 2.txt" size="313" crc="f5db0c03" md5="95c1c9550aed7d846e18bcb7d1cc780d" sha1="c00ac1bdb207082c5ad9444de501fcbd24bc9508" />
		<rom name="Smooth Hot Ride 2 Text.txt" size="942" crc="3e75bab3" md5="3e007b93b1f78e3180b30bf5ef94eb88" sha1="0f3c20d52c28bcec937fac0e3cfee739f79449a4" />
		<rom name="Smooth Hot Ride 2.vpt" size="29945856" crc="597ed615" md5="773f27188abdfbe1af4393271ec3c92e" sha1="c2e881ed44abbafe776c1d2e480f3b12a63023af" />
	</machine>
	<machine name="Three Stooges, The (Bob5453, Furio)(1.0)[VP921]">
		<description>Three Stooges, The (Bob5453, Furio)(1.0)[VP921]</description>
		<rom name="3-D Stooges, The screenshot.jpg" size="178521" crc="7d5138a9" md5="74a9ec6d37e4162d364dda036dbb1f54" sha1="12e75504a6d15634ad75187448469b47973a5498" />
		<rom name="3-D Stooges,VP 9.21.vpt" size="7503872" crc="7c85bf50" md5="87090dbfa66106150448c0e1147e3c68" sha1="6de625a02fedac3e3db8ca957cba7b7808e29e35" />
		<rom name="williamsfontwide.ttf" size="19304" crc="c3c010f1" md5="b2501f86b4d05becd30952e117c53de5" sha1="3b0458ab8b8679b760b3e177f5ab4ebd98001b2c" />
	</machine>
	<machine name="Vaqueros Latas (Linkmesh, Furio)(1.0)[VP921]">
		<description>Vaqueros Latas (Linkmesh, Furio)(1.0)[VP921]</description>
		<rom name="Vaqueros Latas screenshot.jpg" size="156976" crc="4afa3023" md5="4619f22f0110644ad8a999b00644e563" sha1="5f140e0f3bc9652692475b1fd823929bab0d7b71" />
		<rom name="vaqueros latas.vpt" size="4669952" crc="0156ec4e" md5="cc2911786dc99c5a480af257caf4979b" sha1="c3e94f385f4e6533da124f95444e34bf33935df3" />
	</machine>
	<machine name="Vaqueros Latas (Linkmesh, Furio, rafatato)(1.0)[VP921]">
		<description>Vaqueros Latas (Linkmesh, Furio, rafatato)(1.0)[VP921]</description>
		<rom name="vaqueros latas 9.21 by rafatato.jpg" size="156976" crc="4afa3023" md5="4619f22f0110644ad8a999b00644e563" sha1="5f140e0f3bc9652692475b1fd823929bab0d7b71" />
		<rom name="vaqueros latas 9.21 by rafatato.vpt" size="4894720" crc="d49af024" md5="0f6d0ad07af542d6113db18a8a23e0ea" sha1="30d16273e6627a6496ec7e0e45630de7f8286468" />
	</machine>
	<machine name="Wacky Races (Eala Dubh Sidhe, Furio)(1.1)[VP921]">
		<description>Wacky Races (Eala Dubh Sidhe, Furio)(1.1)[VP921]</description>
		<rom name="Fonts/impact.ttf" size="136048" crc="638a4ccc" md5="55672033552559c3a89d999b5badd8c0" sha1="807b5e24d402fcdac6f9e9d97be071285ad27958" />
		<rom name="Fonts/trana___.ttf" size="58232" crc="a65607b4" md5="66dc9095c3f6fb48dbe4874d7304ca47" sha1="f89519a6452ebc2bcaf130fd136bcfcc59b28fa6" />
		<rom name="Wacky Races screenshot.jpg" size="231445" crc="b318f3e4" md5="33944d5f758f0bd834b861c71ecbbc96" sha1="94d4c634c819a1fb4dac815d90081d2996613f9c" />
		<rom name="Wacky Races table notes.txt" size="3842" crc="4fb21740" md5="7f261ed35bf0c251860de9132c85fdaa" sha1="f786a6eaf8397cfa5b866b96b6e74736c4e538d9" />
		<rom name="Wacky Races V1.1 9.21.vpt" size="9400320" crc="7c56992d" md5="1297e5f09e6622e2e87da65593cd908e" sha1="d8be25b2443853d96c4a47a631dc13154a4ac7f5" />
	</machine>
	<machine name="Wyrd Sisters (Anthias, Furio)(1.0)[VP921]">
		<description>Wyrd Sisters (Anthias, Furio)(1.0)[VP921]</description>
		<rom name="screenshot.jpg" size="173062" crc="f96f5efd" md5="aecf70e0c91bcd2540a3b817ca9eca5f" sha1="6c4ae7faf322251ebf3f914e54abd120ffe1e503" />
		<rom name="Wyrd Sisters VP 9.21.vpt" size="3375104" crc="cee49e1c" md5="6dd49ab2da11607a149c5f554cd26b9d" sha1="b57c478fecdbd4542da900be4ace70ef5b3ce05d" />
	</machine>
	<machine name="Yellow Submarine (Spike, Furio)(1.0)[VP921]">
		<description>Yellow Submarine (Spike, Furio)(1.0)[VP921]</description>
		<rom name="screenshot.jpg" size="176811" crc="63c31fbb" md5="4f481e91a49a8417b02415762182e950" sha1="2f088d7d23539f07e48c1fbc54359fef397baddf" />
		<rom name="Yellow Submarine.vpt" size="3731456" crc="80c5958d" md5="b5242b7d88be9be06032e9b96a11edda" sha1="99a49ab451058af83cdccfcc9249a111d5d2f25e" />
	</machine>
	<machine name="Yu-Gi-Oh! - Duelist's Pinball (Neo, Furio)(1.6final)[VP921]">
		<description>Yu-Gi-Oh! - Duelist's Pinball (Neo, Furio)(1.6final)[VP921]</description>
		<rom name="Fonts/AMERUNCN.ttf" size="51160" crc="a0220635" md5="a3834d3cc8e7b63c74c97609e2babb4d" sha1="717018adbee3bd4df802c8bff77d3b1bf5fa2274" />
		<rom name="Fonts/HEMIHEAD.ttf" size="24440" crc="c87c69b8" md5="ed43a6aae7b02c27f4db3a11c6449c94" sha1="bf4b48a0993251bdf290dc2381a847f2f6a55661" />
		<rom name="Music/vpyugiexodia.mp3" size="1860861" crc="467a9fa2" md5="9c732171ced689c44bdec1a6d293887d" sha1="efa6b0478a17b85f53c24dee2207ab469f23d4d3" />
		<rom name="Music/vpyugigameend.mp3" size="1539451" crc="7338fb3b" md5="2df175925f12ae8b4d31764ef613db85" sha1="c455016bec7097293afc325d9d0c6b6af4c0a1d8" />
		<rom name="Music/vpyugimain.mp3" size="5366703" crc="e228b8a2" md5="7b694c835b3eb3a7134dc1d6728db78e" sha1="1805f4ed05ba7c99efe7635ae4f7d2bb0b4365ef" />
		<rom name="Music/vpyugimultiball2.mp3" size="1489087" crc="5e73c9ae" md5="be682558dd59e2ef53d2fe0f35cdfbae" sha1="e94ca3fbaf58ce3351676325196594d2ff7e79fb" />
		<rom name="Music/vpyugitheme.mp3" size="1687199" crc="e2db62d4" md5="5bf24df0a2b91f62a2eced417ab66389" sha1="14768389471e37c247722d686e1246894513e300" />
		<rom name="Yu-Gi-Oh 1.6  9.21.vpt" size="5611520" crc="9049c105" md5="11ebbfc97e13a7adf8fb7c78fe2e32e4" sha1="df7fa8d3940d5a65cd775aca25d9d5effa654594" />
		<rom name="Yu-Gi-Oh readme.txt" size="5092" crc="37f70d6b" md5="ac3dfdc7d01a97d9e8200fe28808f42f" sha1="2686a78b8f086b35c0e5c1e796611d8bbf57fab9" />
		<rom name="Yu-Gi-Oh Rulesheet.txt" size="7178" crc="125a1675" md5="b9cfb9d827315df0aa25e3d0561113df" sha1="dd96c56d189f186a13a8020bb282bfaf1f90ec51" />
		<rom name="Yu-Gi-Oh! screenshot.jpg" size="223039" crc="13f7f8a9" md5="e686fe41ca8e5ccc25b03f4f56f9af60" sha1="39b156df56d33576609a0b02e7c9b4f22c2acabe" />
	</machine>
</datafile>