<?xml version="1.0" encoding="utf-8"?>
<!DOCTYPE datafile PUBLIC "-//Logiqx//DTD ROM Management Datafile//EN" "http://www.logiqx.com/Dats/datafile.dtd">
<datafile>
	<header>
		<name>Visual Pinball [VP92x] PinMame Tables</name>
		<description>Visual Pinball [VP92x] PinMame Tables (2024-11-07)</description>
		<version></version>
		<date>2024-11-07</date>
		<author></author>
	</header>
	<machine name="Adventures of Rocky and Bullwinkle and Friends, The (Data East)(1993)(mfuegemann)(2.2)[VP921]">
		<description>Adventures of Rocky and Bullwinkle and Friends, The (Data East)(1993)(mfuegemann)(2.2)[VP921]</description>
		<rom name="RAB_2_2.vpt" size="15814656" crc="50f6b094" md5="59f1a5ba6b364abb3849f25b1338dc56" sha1="53131689b243b04a7e63bc35225e4888065a9a9f" />
		<rom name="rab_screen_2_desktop.jpg" size="575561" crc="ac38c9e6" md5="fa5d2809338f38fd23a20d4b35184e7a" sha1="6a3e9ac6a3a42ecc7da0a51c99680bc77e148c22" />
	</machine>
	<machine name="Attack from Mars (Williams)(1995)(JPSalas)(beta5)[VP921]">
		<description>Attack from Mars (Williams)(1995)(JPSalas)(beta5)[VP921]</description>
		<rom name="afm_vp921_beta5.jpg" size="861139" crc="2251ad03" md5="e53aa8db96c76e66be9dc5a4f59d091b" sha1="a108c9c7cce501e4865793b252a7db966a4de695" />
		<rom name="AFM_VP921_Beta5.vpt" size="29396992" crc="0846d1aa" md5="8d822fa1bb956f49ae8ddb99a9cf9a17" sha1="4d264152e91f7798eb781f6abb6df27200978d85" />
	</machine>
	<machine name="Austin Powers (Stern)(2001)(Javier1515)(1.3)[VP921][Desktop version coolball]">
		<description>Austin Powers (Stern)(2001)(Javier1515)(1.3)[VP921][Desktop version coolball]</description>
		<rom name="Austin Powers (Stern)(2001)(Javier15)(1.3)[VP921][Desktop version coolball].vpt" size="39067648" crc="a25a1969" md5="a23d6f563d31d6d603997c623f725203" sha1="2ff76fec1f937c20ef8288582487a1124b62ebee" />
		<rom name="Austin Powers screenshot.jpg" size="604930" crc="d3320f24" md5="b02758a432a3ed486413db8e974b5034" sha1="e1dbc257bdaac1e7486c7d81508784a043489af9" />
	</machine>
	<machine name="Barracora (Williams)(1981)(Gtxjoe)(1.0)[VP920][Desktop batch]">
		<description>Barracora (Williams)(1981)(Gtxjoe)(1.0)[VP920][Desktop batch]</description>
		<rom name="Barracora (Williams 1981) (VP9.2 DT 1.0).vpt" size="27525120" crc="85679f07" md5="c720b98d098ae907c06c639ad8fbba9a" sha1="a8ae2ed16c91d858efc3c215551d9990a03887fa" />
		<rom name="barracora-vp9-ws.jpg" size="769799" crc="5cba5e90" md5="da7ed97a70c74109582aa9365ec149fb" sha1="cdcf13d1bd6db37653e75a43c6695d27590a158f" />
	</machine>
	<machine name="Batman Forever (SEGA)(1995)(mfuegemann)(1.2)[VP921]">
		<description>Batman Forever (SEGA)(1995)(mfuegemann)(1.2)[VP921]</description>
		<rom name="BatmanF_Desktop_1_2.vpt" size="33505280" crc="81a7c50b" md5="525016c5b421f02292953415519efb02" sha1="791afef812427d9c56ca7d2815eebb068c594360" />
		<rom name="screenshot_desktop.jpg" size="506798" crc="12cba41c" md5="25f749eca9b66a70ebd7faa2f600409f" sha1="ac42e55ef1f6cd259573c92211a02b9dfca745e8" />
	</machine>
	<machine name="Black Knight 2000 (Williams)(1989)(melon)(1.0)[VP92x]">
		<description>Black Knight 2000 (Williams)(1989)(melon)(1.0)[VP92x]</description>
		<rom name="BK2K (melon) - VP92 - Ver1.0.vpt" size="27439104" crc="cef8545d" md5="18775e139541490d058fbd66ea35537b" sha1="458c41bbb20561a5340fa9b59982bbf571d053cf" />
		<rom name="bk2k.jpg" size="1290008" crc="0fd366a2" md5="55d4aa5b69cd76f17a136bfb485d9663" sha1="b24948f1d8e10364902831aed93a3d9cf5b4fe70" />
	</machine>
	<machine name="Bushido (Inder)(1993)(jesvic)(1.1)[VP921]">
		<description>Bushido (Inder)(1993)(jesvic)(1.1)[VP921]</description>
		<rom name="Bushido (Inder)(1993)(jesvic)(1.0)[VP921].vpt" size="23597056" crc="f3aefcaa" md5="9eb63b00af18485232aaca7622a27761" sha1="4053acd7846e1da392df97c7b19b5487f95f9131" />
		<rom name="Bushido (Inder)(1993)(jesvic)(1.1)[VP921].vpt" size="24219648" crc="af4f2817" md5="a0fa787582010f474e668f684e83541a" sha1="7e061abb326e35e402613a4edf10aca3a423feff" />
		<rom name="Bushido screenshot.jpg" size="433083" crc="4983d096" md5="ce9430d5028bbf8ea3c44417f3ed208d" sha1="062e389ef3822b204b4d7a5c8e0f2486766aec4a" />
	</machine>
	<machine name="Creature from the Black Lagoon (Bally)(1992)(melon)(1.0.1)[VP920]">
		<description>Creature from the Black Lagoon (Bally)(1992)(melon)(1.0.1)[VP920]</description>
		<rom name="Creature from the Black Lagoon (Bally)(1992)(melon)(1.0.1)[VP920].vpt" size="30474240" crc="b3e61100" md5="566079f61be680e3f8903c71761c9c48" sha1="11371f007cc4f0f3dce9fbf60d998c8c6bc8c913" />
		<rom name="Creature from the Black Lagoon screenshot.jpg" size="891823" crc="fd665fd2" md5="6f038926c90a99b868950f34012781f1" sha1="afed05c6bdf53d38545778ff369a0778dc201075" />
	</machine>
	<machine name="Dungeons &amp; Dragons (Bally)(1987)(mfuegemann)(1.3)[VP921][Desktop]">
		<description>Dungeons &amp; Dragons (Bally)(1987)(mfuegemann)(1.3)[VP921][Desktop]</description>
		<rom name="DuD_Desktop_1_3.vpt" size="23220224" crc="dbb0d2b7" md5="117f5e05fe76d06f423b25262fd0b183" sha1="ab1002881f4969665d669b71034653623e1a447a" />
		<rom name="screenshot_dt.jpg" size="450163" crc="f2fbf4d1" md5="30083706313c9cf42c3ddc8adf29443c" sha1="3766eba489ca3ca49a3fdc5284bee93177028542" />
	</machine>
	<machine name="Fish Tales (Williams)(1992)(melon)(2.0.1)[VP92x]">
		<description>Fish Tales (Williams)(1992)(melon)(2.0.1)[VP92x]</description>
		<rom name="Fish Tales 2.0.1 - melon -  VP92.vpt" size="40091648" crc="71bfe896" md5="b8f676933f55453c179e9adf0c02a17b" sha1="14c333b19b6412b77445feb23e8c237addc666d2" />
		<rom name="Fish Tales screenshot.jpg" size="1675096" crc="bd53b941" md5="8c8bcbfdd234ea9a487f30018f3cf33d" sha1="8abd8116aadd33f82daba1e930d3562a0487a6be" />
	</machine>
	<machine name="Getaway, The - High Speed II (Williams)(1992)(melon)(1.0.1)[VP92x]">
		<description>Getaway, The - High Speed II (Williams)(1992)(melon)(1.0.1)[VP92x]</description>
		<rom name="final.jpg" size="1737257" crc="856af68b" md5="24ac6aafd471adfc1f7cc8ea6881c2cd" sha1="819956a401be2785a72a027049c54041ec2a7920" />
		<rom name="Getaway 1.0.1 - melon - VP9.2.vpt" size="32071680" crc="615673d8" md5="3bcea1951628c99d5fc3b14741c53a6f" sha1="5f1e239d47090ae324d0f6a6d29c35a299203144" />
	</machine>
	<machine name="Grand Slam 4Player (Bally)(1984)(chinzman93)(1.0)[(VP92x]">
		<description>Grand Slam 4Player (Bally)(1984)(chinzman93)(1.0)[(VP92x]</description>
		<rom name="Grand Slam 4Player (Bally)(1984)(chinzman93)(1.0)(DT)(9.2+).vpt" size="13897728" crc="4f115c1f" md5="0719b815a81e7c43479e4f0ec60a85a6" sha1="de8fa97dd177d32db543514eba976f4a543972fb" />
		<rom name="grandslamdtscreenie.png" size="2716886" crc="bb941323" md5="73372ed33df20781d558cb8ad084d36b" sha1="32ded95c67b54e42109bbb9f95036db9f3215ddb" />
	</machine>
	<machine name="Monster Bash (Williams)(1998)(unclewilly, randr)(2.1)[VP921][Low Profile edition]">
		<description>Monster Bash (Williams)(1998)(unclewilly, randr)(2.1)[VP921][Low Profile edition]</description>
		<rom name="mblpdt.png" size="3661082" crc="7bf6e39e" md5="94be5a8d182d8d1722ee64222f6efa79" sha1="ae6d5c1f3b705dfda03319504ce42c5db3dfa5bf" />
		<rom name="Monster Bash(Williams) (1998) (uw randr) (2.1) (LP)  (DT).vpt" size="93450240" crc="5697a161" md5="b023ddf18a19cc7df27216f46c02a3b9" sha1="b82d0084e75661c8a63305e0a17de211698f5f19" />
	</machine>
	<machine name="Popeye Saves the Earth (Bally)(1994)(mfuegemann)(1.3a)[VP921]">
		<description>Popeye Saves the Earth (Bally)(1994)(mfuegemann)(1.3a)[VP921]</description>
		<rom name="Popeye saves the Earth (Bally)(1994)(mfuegemann)(1.2)[VP921]/Popeye_Desktop_1_2.vpt" size="11698176" crc="b07d07bc" md5="e6adffd1d40dece777803e4388e7857e" sha1="efaa56507a5c533ada5a5de0de6a6a9a7fc31815" />
		<rom name="Popeye saves the Earth (Bally)(1994)(mfuegemann)(1.3a)[VP921]/Popeye_Desktop_1_3a.vpt" size="12513280" crc="58f939f4" md5="05a86cc1d40543cc69f9f84485b17246" sha1="aba78aeaeebf8b393201684e899ea013bf5e5227" />
		<rom name="Popeye saves the Earth screenshot.jpg" size="452761" crc="ccfbdd19" md5="f7576d4afb364e392be5baa4cf484e51" sha1="b38dd8c267636a57d1807ac3ef033e89d22fa044" />
	</machine>
	<machine name="Spider-Man (Stern)(2007)(85vett)(1.01)[VP921][Desktop version coolball]">
		<description>Spider-Man (Stern)(2007)(85vett)(1.01)[VP921][Desktop version coolball]</description>
		<rom name="Spiderman (Stern)(2007)(85vett)(1.01)[VP921][Desktop lite vesrion coolball].vpt" size="37392384" crc="45176cff" md5="eaa64ec3ac43a966463091764f021448" sha1="79130932ebd46a0893aa3d98c5d050c293172e89" />
		<rom name="Spiderman (Stern)(2007)(85vett)(1.01)[VP921][Desktop version coolball].vpt" size="37462016" crc="ad42773d" md5="8608b94a1e61f5cec8b710d8bc89153e" sha1="626ed49bbdf43c0fa511822c6f064e90cf9c0dfc" />
		<rom name="Spiderman screenshot.jpg" size="620445" crc="3eaca5e2" md5="4b095dad2b9febbcc174a12714a26545" sha1="4dd61d48bf9aeb16267ad205c3f3dbc199758c57" />
	</machine>
	<machine name="Tales of the Arabian Nights (Williams)(1996)(JPSalas)(Beta2)[VP920]">
		<description>Tales of the Arabian Nights (Williams)(1996)(JPSalas)(Beta2)[VP920]</description>
		<rom name="Lightmaps-fuzzel/blueA.png" size="15518" crc="153a591d" md5="741fcc1ddcc0162e448a91c4609ae0b9" sha1="4fe5198712d24f6c4aabf10867c742a13c35770e" />
		<rom name="Lightmaps-fuzzel/blueB.png" size="14202" crc="3f67936b" md5="88d411bc3a04416e74a1034b51d85268" sha1="2dca5c263949db0ac231ab668220e8076635842d" />
		<rom name="Lightmaps-fuzzel/blueOn.png" size="16584" crc="fea13684" md5="7a978419e4a43d7ff4d9e638e0228368" sha1="39c23d82e40dc40e772fc09f0726f4283d309488" />
		<rom name="Lightmaps-fuzzel/greenA.png" size="15793" crc="00b91382" md5="f88d46a896d96f3103308c7876aac5e9" sha1="75a9b7289ed8563ea8386c2196e5249f4cd5e168" />
		<rom name="Lightmaps-fuzzel/greenB.png" size="14472" crc="527f3402" md5="bb31148d320c900f7e128b8f07f42144" sha1="78eecf10c2fe5b843b26347a9c959a15fba372fd" />
		<rom name="Lightmaps-fuzzel/greenOn.png" size="16786" crc="ab093deb" md5="f146d3c238e044883cc0f7cf2e1ce8fb" sha1="9dbd37b53cff795a466f0342933ae597b11ad5fa" />
		<rom name="Lightmaps-fuzzel/redA.png" size="15748" crc="c074d385" md5="7ec7911b774c9fe9993afcd93dac5771" sha1="865e4042a4b2ad55898adcf511ff88fbbba1cbbe" />
		<rom name="Lightmaps-fuzzel/redB.png" size="14424" crc="c4576bbd" md5="64281f95f389f11008ef93d17d43a16c" sha1="c697208e87d101e7797964e37bec5fb02a05073c" />
		<rom name="Lightmaps-fuzzel/redOn.png" size="16699" crc="588731fa" md5="dd032e619e7979dc9655a244d21ef251" sha1="5b3694d47a7da5dc9e8f96ad54f8fe609cfdda10" />
		<rom name="Lightmaps-fuzzel/yellowA.png" size="21972" crc="9b901df4" md5="b9b21f86332169c2be2039cba326ccf1" sha1="3173e5b337c5f16c6d9a28e84e9a4ffaccd3c3d9" />
		<rom name="Lightmaps-fuzzel/yellowB.png" size="20286" crc="fa3fce24" md5="7895cf32b76bad5cdc6fdbfae1be3a1a" sha1="44d12ce8770ac386980eaa752a2f16e3d3a2891d" />
		<rom name="Lightmaps-fuzzel/yellowOn.png" size="23892" crc="174697fd" md5="c8e0f83706b80fa6c2cc653f8f4f7412" sha1="24b97851d71843a3ae05d819d745b3f1295c21a4" />
		<rom name="TOTAN_VP920_Beta2.vpt" size="32542720" crc="61bb48af" md5="19c43014523e7e1808b28854aaf33e5d" sha1="1a8ea851e7a2bb38cb3493d05f8791145f9332a9" />
	</machine>
	<machine name="Tron (Stern)(2011)(85vett)(1.04)[VP921][Desktop version coolball]">
		<description>Tron (Stern)(2011)(85vett)(1.04)[VP921][Desktop version coolball]</description>
		<rom name="Tron (Stern)(2011)(85vett)(1.04)[VP921][Desktop version coolball].vpt" size="17506304" crc="e0832fca" md5="0717acb23bba3cdbe0135e0e936ffc16" sha1="3c9036dddf8302339ac0a27c8db97b8222441549" />
		<rom name="Tron screenshot.jpg" size="571548" crc="c9ff62f7" md5="9fa5e1c2d51783422aa9dcc770a69dcd" sha1="6347c61b900405967847ce432c3eec317efb3882" />
	</machine>
	<machine name="Twilight Zone (Bally)(1993)(melon, francisco666, rom)(1.0.1)[VP921]">
		<description>Twilight Zone (Bally)(1993)(melon, francisco666, rom)(1.0.1)[VP921]</description>
		<rom name="TZ 1.0.1 -melon- VP9.2.1.vpt" size="19279872" crc="09fde9fb" md5="afbd349f232e74e1c1c02f6a85062d7c" sha1="e99b0653b2a66a1f88190c2e66fa3aeca6158c76" />
		<rom name="tzfinal.jpg" size="827729" crc="9f73efa7" md5="96e549577feba77957dd58637909794f" sha1="2d8a4909f917022867c672de12726b3542c55881" />
	</machine>
	<machine name="X-Men (Francesco Pinball)(2nd Edition)[VP92x]">
		<description>X-Men (Francesco Pinball)(2nd Edition)[VP92x]</description>
		<rom name="vpfonts/8-PM____.TTF" size="134000" crc="d4ecdb83" md5="3f75821653e1a8efb00810891edd9739" sha1="e0188d8becc068c8f9ee3d76a42da878c9f5560c" />
		<rom name="vpfonts/AARDC___.TTF" size="48916" crc="0dfe2e9e" md5="c40732de3192e0f633ce2f007f4a9349" sha1="722a2639a085832592e33b716630135ac62f60e9" />
		<rom name="vpfonts/Abduction.ttf" size="45092" crc="85939e39" md5="e13dd9a1550dcce637f754344d1c8611" sha1="b5b84c1a67058524126db723f999a4646864066d" />
		<rom name="vpfonts/african.TTF" size="47596" crc="97a10b6c" md5="a19c1325b7b93513f1665d1f9ee8bc48" sha1="725a39f334fec0f4f175572e3635fa62196519a8" />
		<rom name="vpfonts/AGENCY.TTF" size="57280" crc="a3d97cd8" md5="f9b9a4fce362a3a9111c138859ccb422" sha1="f78d52507605ef41d7778299cf57019c2018a674" />
		<rom name="vpfonts/AGENCYB.TTF" size="59012" crc="ef78e62f" md5="f0d9cc320ea56aec6a4d5e2651115af0" sha1="ba572d9230f002f82c4154c3d8029015ef84f8b5" />
		<rom name="vpfonts/alger.TTF" size="69504" crc="42bdc576" md5="2766d060d5ae2a1c102065956618af36" sha1="0f297993751d7709e60a9de21445a0b12030cdba" />
		<rom name="vpfonts/ALIEESB_.TTF" size="17920" crc="baa3cc94" md5="3667c3af7fa1a4248bb5a9e44c153091" sha1="c131c67eee052c6ef93e0d6e425a5c652e2562d3" />
		<rom name="vpfonts/ALIEN5.TTF" size="23692" crc="e98e7615" md5="6423b3fed5cd4cb1066078ff08be5002" sha1="04d0ebc5ef8ac2b83991963134f84b193df6d011" />
		<rom name="vpfonts/AMERUNCN.TTF" size="51160" crc="a0220635" md5="a3834d3cc8e7b63c74c97609e2babb4d" sha1="717018adbee3bd4df802c8bff77d3b1bf5fa2274" />
		<rom name="vpfonts/AMPH.TTF" size="43044" crc="bf3aa4c1" md5="0af35a7f2800a425af4ca1fd0f9bde23" sha1="221e04d207f36789b788598d93a4ca19c6527211" />
		<rom name="vpfonts/AMUSAF__.TTF" size="22464" crc="60e47cb3" md5="f85352bcd62c022e35ff21e232111ee3" sha1="77305c113ab57b08dcde0c16963115b0b17f4b4d" />
		<rom name="vpfonts/ANASTAS.TTF" size="34724" crc="24d8338c" md5="b86006d7843ee0e0f354c03497a65215" sha1="9adf0c4c88e4cb816f99579bbb7a7e745fae690d" />
		<rom name="vpfonts/andyb.TTF" size="63396" crc="223ee157" md5="775c3814e9c1f228d495333e07580d59" sha1="b6a2486f54c72520a0a9f92e25db1f59853badf8" />
		<rom name="vpfonts/annifont.ttf" size="37552" crc="97cd3db4" md5="2c64bb417056f321f9d7e61190e703aa" sha1="b8c3aa7ce4fd927626cb8aa2fa4c985bbef81604" />
		<rom name="vpfonts/Another_.ttf" size="60536" crc="4e3f2290" md5="d7f3e56f3255cae11eeb2951357e2844" sha1="966fd7b0c89916ff682e16d343cf7f7c18aa1fee" />
		<rom name="vpfonts/ARGENTUM.TTF" size="17620" crc="2a36d8e5" md5="66b131047274b4644829866f1b057a9a" sha1="15bc7d038ea75546d29596e72b3d2ffd389b67a5" />
		<rom name="vpfonts/arial.ttf" size="311636" crc="7c959725" md5="6e7385fb7d6ceddf07b5a41e0bc2712d" sha1="49f0ee6148e6b674a60450d86faaddbb97d798f3" />
		<rom name="vpfonts/Arialn.ttf" size="123976" crc="1166b365" md5="f0a7ff15e2b7456fb1b2565755e20ae2" sha1="d9fdae64204fe10917aff30aa1244ad521a2ab91" />
		<rom name="vpfonts/ariblk.ttf" size="262176" crc="041709b9" md5="faae65b2a502111c22f8e48013008840" sha1="9f39ba1ddb6c05eaef227b31d1699e1200ea6712" />
		<rom name="vpfonts/ASTUTE.TTF" size="35216" crc="4f6f94e2" md5="c45e46d602c767d53446a32051781229" sha1="ea0a1b07b65f180c2d476222ff03c423a647a781" />
		<rom name="vpfonts/Atari raster.ttf" size="45644" crc="9a0cc2ac" md5="f29e77f43f9f0724d5faac08f7a1bbcb" sha1="a086711e7d014159a5caabcbeffbb4fbae22148a" />
		<rom name="vpfonts/aucoin eb.ttf" size="67464" crc="409369dd" md5="caa90b465607a4d1e3fabcc2ecf5ef8d" sha1="506db779e6f97e3105757fe785524fc2addbb660" />
		<rom name="vpfonts/augsburg.TTF" size="65208" crc="28c4366f" md5="e7fc42f49a5249beab44c9fe8735b476" sha1="2519a906ec5f1ff9aec9c7696e0a10dddc0764e7" />
		<rom name="vpfonts/avante.TTF" size="22668" crc="4d7fd42b" md5="a88e25fe8402ef8b0a2f6a92eea38922" sha1="ae7d342c2472cb74d903c55301be872b69b950ae" />
		<rom name="vpfonts/BALLSONT.TTF" size="101072" crc="4e33b384" md5="cf09c98cfea69fc76842ec3efefc48bc" sha1="817746994f3500c2d6f3801d8117f70f9043dbf9" />
		<rom name="vpfonts/Banff.ttf" size="38252" crc="3cab846b" md5="126522f663cf8db80950447f8ef3b5cd" sha1="f84be8652faacb7622a6cea2d9242e52e2752b53" />
		<rom name="vpfonts/BANGN___.TTF" size="60220" crc="baf533a6" md5="9f587d4beb89caf30e73a02316fffaf2" sha1="d3fff69986db95780f8f5abbae5a98b86953e72a" />
		<rom name="vpfonts/BARBW___.TTF" size="118916" crc="7b3404dd" md5="04c9f19f359de5a8f8f5745947fd0ae7" sha1="dfaa540ba255ec76aed83067ae298d24539eaa36" />
		<rom name="vpfonts/BATTLEST.TTF" size="28856" crc="f8aaf212" md5="8ff7a9ff59065ffbb2560e098047e805" sha1="97157579755a4b6486d12b0b643a59525bb2a936" />
		<rom name="vpfonts/BENGUIAB.TTF" size="49004" crc="1155d844" md5="4870bf90f6f563bc6dfb837b51ef801b" sha1="af05ac4eb35d3a856f42e575923c6f2e4100d407" />
		<rom name="vpfonts/BIMINI__.TTF" size="40484" crc="b34189b0" md5="66ba22f8801ef7bd70f847e8a384a7d0" sha1="c7dcd88c080b01cdc3c1eed417a2ee3a1e084b76" />
		<rom name="vpfonts/BINNERN.TTF" size="53492" crc="e92f6e48" md5="678fdb7097fa2a8eac8dc3ab58aa8906" sha1="170924c5d2f000ef7b58dfa54c24cd5d4a928eaa" />
		<rom name="vpfonts/Biometri.ttf" size="97216" crc="74fb601a" md5="eba37e256da1a3f7d2dad16a08f3bbfe" sha1="7e6ab125e0ae7d4c82be4ff8fb3dcc6543b39b5f" />
		<rom name="vpfonts/Blkchcry.ttf" size="56732" crc="42c627ed" md5="753833d2833e9f73b56cffae357cf95f" sha1="893a162d547fb7be51604699642d3f9bd9af6857" />
		<rom name="vpfonts/bloodcyr.ttf" size="120184" crc="5e88e259" md5="55b9d867bab0be9213426fa479a94b1b" sha1="75a5b37604c1769deaf240cef7d73e84c13025cf" />
		<rom name="vpfonts/Bloodfea.TTF" size="62168" crc="e1bc5993" md5="f6047d67d59fd392f87838fa7e6507c0" sha1="cfa1988faf454991f0601c88df3346379fac3df7" />
		<rom name="vpfonts/bloodrac.ttf" size="50120" crc="66893b8e" md5="1e07bf79529fb5078152838ad2c5a565" sha1="fb0f4410696b6a0aa6dd1c75544ccb0861bfcac4" />
		<rom name="vpfonts/BLOODY.TTF" size="45264" crc="da071b3b" md5="d1a746a818a459b74bed44bb69837495" sha1="38165945befb4bd99a04f9ef841a1dfde99e88ac" />
		<rom name="vpfonts/BNJdigital.ttf" size="2892" crc="9648b7b9" md5="5a3ec3d3c85f67d7fbf20635e2436d9c" sha1="f1c423264ea6b5bbd2d3b7bc91af4a5c0303deeb" />
		<rom name="vpfonts/Bones.ttf" size="76360" crc="f1310f81" md5="a7d83a4f1e2e2f99f7ae21f1aec30e58" sha1="de46d4e910cc9e404862ddfec8b0dfb5c9f5376b" />
		<rom name="vpfonts/BONZAI.TTF" size="23004" crc="8e2745ea" md5="f6fffebac6d2661dc083e4e47d9b4243" sha1="be72d14a4f6f68c6622ea4f5a12a09162b977932" />
		<rom name="vpfonts/bookosb.ttf" size="143368" crc="ce4356a2" md5="a2ad419cbc4f489bc5caa1ef90e0df53" sha1="4d5babff3e234439665c40f8b707fd52398cb9e7" />
		<rom name="vpfonts/BRADHITC.TTF" size="105296" crc="66d17504" md5="0252223e8c36008b595f5e379ad5e524" sha1="bc773a38f567c9ecec65485bc588065f2215a386" />
		<rom name="vpfonts/BRITANIC.TTF" size="35360" crc="b214926b" md5="8be4a2f403c2dc27187d892cca388e24" sha1="7cc410a9333fd41aa97143e16fcc8b701253a604" />
		<rom name="vpfonts/BROADWAY.TTF" size="71520" crc="e2e03ba1" md5="41aa628f4f2f8e6c9f1e1f239c075b81" sha1="799eba38ac6490eaf1b8a2565f48eaf624e8ea6e" />
		<rom name="vpfonts/CALIST.TTF" size="70828" crc="fb3f6ca4" md5="2568e173df3a278bff48d9926aa656f6" sha1="86d400039481710a6134ceaba7a3f9e9b44c9f86" />
		<rom name="vpfonts/CARDS.TTF" size="42064" crc="a3d1cbf2" md5="bcfa084f8632f268e6f54caae6dfbb7f" sha1="0b2d4f93aac3915f357ba4d37f3d8f8476c75f6d" />
		<rom name="vpfonts/Celticmd.TTF" size="127916" crc="432e0cda" md5="90fd385f9cabf817ed0504aa58d5b9a0" sha1="2a1f598ecf49eb786234cd8f57f9c30f2310a5f1" />
		<rom name="vpfonts/CHILLER.TTF" size="96452" crc="36e33837" md5="b1b2e2db2eef02d230247a474d1d66a6" sha1="4b53fa1bded6c26212e27041afabf457808ef316" />
		<rom name="vpfonts/CNTDWNN.TTF" size="64384" crc="14195ec5" md5="102077badcb3d3551f749d257eac746a" sha1="432c5452cc3ef27653329d4136d6b5f9265da9a2" />
		<rom name="vpfonts/COLLEGE.TTF" size="11336" crc="f56f5de4" md5="f9846a1309de5645385743a1ae8c61ad" sha1="735d351707752bccb18b0500ab8e3404a2383ea1" />
		<rom name="vpfonts/COLLEGEB.TTF" size="11476" crc="5be53654" md5="4d4fda0c044747ee3871f5842f76e000" sha1="f2bcbd8328968c3cd6ef63361d9fcdde33c25d41" />
		<rom name="vpfonts/COLLEGES.TTF" size="5960" crc="6a86ffbc" md5="0a667fe3fed65ed5096536abb69a591c" sha1="51a26d90673f4ae0553e51243c0bdf033aa0c39f" />
		<rom name="vpfonts/COMIC6.TTF" size="11868" crc="c4fb235e" md5="3bbef31d8c5fa5da181a4ae91017a4a9" sha1="3c49651b3a52167b3afd827516a169fc62761e9e" />
		<rom name="vpfonts/comic.ttf" size="126364" crc="ac81e7e6" md5="a50f9c96a76356e3d01013e0b042989f" sha1="d17fae7a6628e2bc4c31a2074b666a775eed9055" />
		<rom name="vpfonts/comicbd.ttf" size="111476" crc="8520cb41" md5="81d64ec3675c4adc14e9ad2c5c8103a7" sha1="5518f0bdebe7212d10492ab6f4fff9b0230c3cbe" />
		<rom name="vpfonts/COMPSTYL.TTF" size="41640" crc="963b556a" md5="64d930983e6ba65cfd2ec099ab7488f6" sha1="f4bbb29956843a0246e1be9bd28e3114fba14076" />
		<rom name="vpfonts/COMPUTER.TTF" size="39104" crc="a5d24216" md5="e0dacec61ffdd2bee694dc0928642f84" sha1="0bf87958eaa6daf3cf386cec98b09f4d46e8b228" />
		<rom name="vpfonts/COOLVETI.TTF" size="42204" crc="3f6a49e4" md5="c92a76c78cce1709863e6007a1e6e8e8" sha1="f17ee19d6c4dee1194c25215d3c5f34c8d6524b0" />
		<rom name="vpfonts/copper.TTF" size="31680" crc="77988818" md5="488a27d167416b90b3defc4ba12e3e16" sha1="6c33cccfe7d283b4b6ef7133b9b89a37d548012e" />
		<rom name="vpfonts/COPRGTB.TTF" size="61552" crc="b783d93f" md5="c277b2c27239a1c8de888444341d1c62" sha1="1a4a190d2e949d5e16f1349e775fc4764e32e821" />
		<rom name="vpfonts/COPRGTL.TTF" size="57224" crc="319b4d65" md5="13c596c0b79552874adcc23525de43b4" sha1="aae564f108aeb7410bd3a7551a40d0da9728c465" />
		<rom name="vpfonts/CORONET.TTF" size="84460" crc="afaa52e7" md5="faa174bfadcc755c9933d1df31d41cfe" sha1="fc662feaf23404483b4f87ce810835f83aaa2450" />
		<rom name="vpfonts/courbd.ttf" size="312920" crc="8a4c2bab" md5="53540286132e62b055ed9d953c1acc15" sha1="7d50aa03b66b633e3c1f7e08de0f58f6eef6a0f7" />
		<rom name="vpfonts/CREEPY__.TTF" size="69376" crc="e3bc7e89" md5="0d7ce96ecd8ecc2642e1302f3a63f6b8" sha1="07f3578648f7c84ad3047376ae64a3077bf49920" />
		<rom name="vpfonts/cry.ttf" size="24132" crc="5fe05ac5" md5="6dc18381d104ac45599a04c4a684b28a" sha1="dd396b21b72519716a58c7d8818bfd1035dd6b97" />
		<rom name="vpfonts/Cupertnn.TTF" size="43752" crc="d8173fcd" md5="23d3447af31d643392366c18bebf7838" sha1="a99ff0d15e956800d929c5ca918d9df7167ec751" />
		<rom name="vpfonts/DDDRNDSQ.TTF" size="33024" crc="53a1d679" md5="5da632f5a5bc6a5dd34abccf2f031de0" sha1="844cc1ef367b9e78087d878c9401a5b383d0e03f" />
		<rom name="vpfonts/DEADJIM.TTF" size="8076" crc="fd131073" md5="349d1e95b71926e25463ff87985cf79a" sha1="0fb49970295b4ac642701908c80d9dba75afbaca" />
		<rom name="vpfonts/Denslow.ttf" size="67704" crc="64316158" md5="029a136250017faa86634bbd18a43054" sha1="cf358218e55dcfb46bb3a53970995ef465740a81" />
		<rom name="vpfonts/desdemon.TTF" size="54476" crc="69fc47f0" md5="7f91c468c9207bd7714bd29f46d9e28b" sha1="e8809e182499c8d49772c68f95247f3e8d54c8ae" />
		<rom name="vpfonts/DIENASTY.TTF" size="39532" crc="abc01ab1" md5="5ea29d471972e56ec7b73b390f3af7f0" sha1="4545647247007fa9935947b21bb49397fdd1ecc8" />
		<rom name="vpfonts/DIGIFACE.TTF" size="34860" crc="7bbef353" md5="5a680984516580719b624ddeb84de5f4" sha1="02d184d8a6db1e0ac6a77273090d14a097aa012f" />
		<rom name="vpfonts/Digir___.ttf" size="37736" crc="7cd2c10e" md5="1c8da74ab3536f3974b2c1f58e1be9af" sha1="dd58a9176b945cd8bb3f27b9e092e50d8a1f0383" />
		<rom name="vpfonts/Digireu_.TTF" size="31136" crc="b4aefc58" md5="4e827477bed45d7f8c9299008153bb11" sha1="7746fcecdfaadf8518fee4dfb8c460d387b4723b" />
		<rom name="vpfonts/Digirtu_.ttf" size="27492" crc="56545158" md5="aa6d6a4705c8670a71ae21ec08744af5" sha1="08f84389d8f6c59682afd0393449a3fca995b4f2" />
		<rom name="vpfonts/DIGIRU__.TTF" size="31376" crc="35f17b31" md5="a7e5c807368c4358797ff7d684d3a265" sha1="a508d43667048b31cc438c0569ce087523e9918f" />
		<rom name="vpfonts/DISTGORG.TTF" size="31848" crc="66182eb6" md5="052829b30de3f1e117dcec88483bed89" sha1="156618482ea618c6cee2b90633424b3cec3afcbb" />
		<rom name="vpfonts/DMDFONT.FON" size="5952" crc="970a8af1" md5="90ba389c54bf86f5652bda070d8379e2" sha1="c8c23d7695e3f379863c7630ed5a92c41379bb4c" />
		<rom name="vpfonts/doom.ttf" size="29368" crc="44088fbc" md5="d398da6faddf8911ef608f1e8ee6ed37" sha1="b51b465ea398a52f096faa980b6306f7c434d5ca" />
		<rom name="vpfonts/dotcom.TTF" size="17224" crc="27dcb551" md5="2ab0496111566dfc84ba8675767d4c96" sha1="deb56ae4e9d36103b9c36148e32563fde79bfdfd" />
		<rom name="vpfonts/DOTMAT.TTF" size="30212" crc="bcabdddf" md5="e780dc7bf8f4afff3f867b1640daeebb" sha1="0897c516850a1fbeb74b24b5683eb591f7fb9eda" />
		<rom name="vpfonts/dungeon.ttf" size="67904" crc="0118d622" md5="2153e089fa4643da0f31b5c1f8cdc5a8" sha1="cab59d237e6da2ef70960925f8daa0835eabe529" />
		<rom name="vpfonts/EARTH.TTF" size="22776" crc="b27518dd" md5="d06dcb01659a62736a37c145b59b5197" sha1="b1b201771f092781f685cabd2d55b65b1fb68097" />
		<rom name="vpfonts/Eclipse.ttf" size="15816" crc="3da584b9" md5="ffc2af5a25f0eace10db51617f2e3f09" sha1="8d69baad9acc311ff97f3dec0fd6f74f5549e3ad" />
		<rom name="vpfonts/EDUNDOT.TTF" size="84628" crc="2167df41" md5="e068d61714569f160ad99f0461c0ad7b" sha1="c7ca77fd5e453100c0940c42d4b15e7895e2118b" />
		<rom name="vpfonts/EMBOSST1.TTF" size="44780" crc="512103aa" md5="8c0c9d0380da3c0e6adf633abc776ddf" sha1="016c90f74dccdf8a4648ff2b781f1ee03025f037" />
		<rom name="vpfonts/Eras000.ttf" size="32580" crc="2ecbbb53" md5="ee84c1ff63e990ec2f5399a52618a09f" sha1="26fd69d155e133fb70fb12a948a2aca0dfd1cdf0" />
		<rom name="vpfonts/EXCEL.TTF" size="11436" crc="459a4f80" md5="69ac5637946128584b6dbcccd629f525" sha1="0f06c1ab35b92ecbb8df3975687ec4cdeba84360" />
		<rom name="vpfonts/F1.FON" size="28896" crc="2454d50c" md5="5ff960f00f6df3d4dba35893eef7721a" sha1="d3e7d0e3e2de7585029fae63cfd3a2004582ae77" />
		<rom name="vpfonts/Fadeb___.ttf" size="53876" crc="e056e6aa" md5="2d98e6a056c8e85151ddea9ec443a76f" sha1="b62c07dd89c8eda79ff93cc834093de74a3da9f9" />
		<rom name="vpfonts/fcbswfte.ttf" size="33908" crc="8ad2e2e1" md5="14b06966f20d547f4d09e0540ddc5bab" sha1="d6462d53e0b2a34eac7563f1d6d9bbcd5945d566" />
		<rom name="vpfonts/Figaro.ttf" size="37888" crc="26290578" md5="14ea7d043ed2e5fc530d2ca73fd56f5a" sha1="92ef6fd134602d7a1c35dd896274f6486c85de18" />
		<rom name="vpfonts/FinalNew.ttf" size="19812" crc="07879de9" md5="e51fb96ce7dced66c4c8ee5048316f7a" sha1="86fe891b82a490b91da23148043a8777866bb50f" />
		<rom name="vpfonts/FMOF.TTF" size="53640" crc="c2ce5a82" md5="a8d6f0e45109837ba0b840849fa159a0" sha1="e84785c806cd5b8c6d876ecf23e5162b64403e0b" />
		<rom name="vpfonts/FONTS___.TTF" size="43156" crc="fb7a253c" md5="e6d009ab2ea3b918df8787768b96293a" sha1="1a06e69889c164de71675ddede2a7442a1328fa2" />
		<rom name="vpfonts/FONTT___.TTF" size="62452" crc="3a68a8e6" md5="aefdb81c3eafbb34a3b291227b408cd2" sha1="be3cec97de12c3ca249362c7fb694aaa6142610e" />
		<rom name="vpfonts/FutabaB1.ttf" size="44808" crc="9d25bc5c" md5="492d79096599acd155ee13bd9857ba47" sha1="8c3965da7d73b6bdfffc1477cdd5cc14ef9bf59d" />
		<rom name="vpfonts/FUTRFW.TTF" size="39052" crc="4f52572c" md5="0d4430ecda415769e1e7989ab0182344" sha1="22a841cdef347ca654b0621ddaca629cc2a14c9a" />
		<rom name="vpfonts/futuran.TTF" size="37688" crc="61dbcea5" md5="f9f02ed05aa86534c3842d44cb20d6c4" sha1="1bcd70a20cff464c22ac4c9519fb9f72dd9be22a" />
		<rom name="vpfonts/GARA.TTF" size="196588" crc="da8a5c69" md5="2bf40ab72ea4897a3fd9b6e48b233a19" sha1="7f9de5f971ba244ba9e8ef2dfe8115081507f294" />
		<rom name="vpfonts/georgia.ttf" size="142964" crc="2e09794a" md5="f4b306eed95aa7d274840533be635532" sha1="5d69d55862471d18f1c22132a44f05291134cbf4" />
		<rom name="vpfonts/GLIMSTIC.TTF" size="75592" crc="56de84cb" md5="f76f5039c397f966febd79e32a7cae31" sha1="fe8850137f2021d2b13dff1201571158d0df7090" />
		<rom name="vpfonts/GoLong.ttf" size="6848" crc="056e4a65" md5="6a11ad5d20dd03075e163af15e6e8286" sha1="e81783fa3539807fea04be004305becdf21f2f71" />
		<rom name="vpfonts/GOODFISB.TTF" size="51112" crc="b5fdd69d" md5="465e0a597aacbf4aae15a2589fda954f" sha1="862e6694a555f560e969bafc33215d0e07e5abdb" />
		<rom name="vpfonts/GOODFISH.TTF" size="55856" crc="15fcb648" md5="6c32ea7a7a00811fadbcf82f93f289bc" sha1="d368b4a08cff7a482e841d3cfb49b2659f54c7ad" />
		<rom name="vpfonts/GOTHIC.TTF" size="61280" crc="f54af41b" md5="8917856b57da55472606a59f43b41588" sha1="035669a8e8a5b486c3300eb9ea7a6672bb7ac331" />
		<rom name="vpfonts/GOTTLIEB.TTF" size="2508" crc="65115886" md5="62b06e1b2029dabfcbec85a9e312bca5" sha1="76f6eede4bd05a0d2418640e3a6224b6ac1aaab9" />
		<rom name="vpfonts/goudysto.TTF" size="48356" crc="09484b4c" md5="cb1a9d8c8e33d221e26a0d8247856c5e" sha1="bcb1dade9b17af311bbabe45b56720168bba386c" />
		<rom name="vpfonts/GSTBINRM.TTF" size="29080" crc="19ab563c" md5="7fd03c34aacbb6dc751dfa07539fd981" sha1="011fccb77f92562f7bf26949f1123fd08b03095a" />
		<rom name="vpfonts/hallown.TTF" size="57948" crc="8d6a7d06" md5="4f95308a3e3ca267fc5b52cdb201de02" sha1="7cfbd90d1bf63d9baa864b5ec3e313d3bf1e7408" />
		<rom name="vpfonts/HandelGoth.ttf" size="33536" crc="2005c69d" md5="6e73e2aaa6671253deb7c28bc179d89b" sha1="6d28dda33f42ce9601a990c5cf072e1d690170a1" />
		<rom name="vpfonts/Happy.ttf" size="28452" crc="44ee9137" md5="cd7b89069ff59db7c9e6ac94114f478f" sha1="cd8628b2ca337d1f8e34c01903fe3c86b25c38fc" />
		<rom name="vpfonts/HARLOW.TTF" size="71624" crc="0062c60c" md5="32a3fdeb9206c063324bc5bfe41b6832" sha1="667a07b23eda8c3d6fc3ffc1b7082cdfbb4b9407" />
		<rom name="vpfonts/HARRYP__.TTF" size="27432" crc="dec4d00e" md5="181ef9a7aee45c119e68f294e8426a3a" sha1="ed60497634abc65c23c4a22f83950865893757de" />
		<rom name="vpfonts/HEMIHEAD.TTF" size="24440" crc="c87c69b8" md5="ed43a6aae7b02c27f4db3a11c6449c94" sha1="bf4b48a0993251bdf290dc2381a847f2f6a55661" />
		<rom name="vpfonts/Highlander.ttf" size="17828" crc="84ebded6" md5="a0f29ffff1acd895bb8dd7f81d852f36" sha1="86cd2188b1d616c6a063c821d6392cd76d1a117c" />
		<rom name="vpfonts/HIGHSPEE.TTF" size="66760" crc="5fb98dbd" md5="5f652ebcea0b79b0360e4c64ad5d6c95" sha1="e55bbea4a02920e6d426faf8fb61b4eff2cd3fd2" />
		<rom name="vpfonts/HONDAN.TTF" size="32608" crc="57f15917" md5="85469fcbe931e8a73501de47576e5ec8" sha1="f70cbbb50bf93e6fbfd6ab01e48f6ae193be6c8a" />
		<rom name="vpfonts/hotdog.TTF" size="21084" crc="aa9cbbb6" md5="722289c6ef0c75f70a05fd7f514cee6d" sha1="e32f6bd2c64dda829ae1acae44737c78765fa7fa" />
		<rom name="vpfonts/IMPACT.TTF" size="136048" crc="638a4ccc" md5="55672033552559c3a89d999b5badd8c0" sha1="807b5e24d402fcdac6f9e9d97be071285ad27958" />
		<rom name="vpfonts/IMPRESS.TTF" size="92392" crc="11cef541" md5="601c2357cd67502c2ed3b0ee2cb959be" sha1="37b719c3844fc541a62ca1cb27a8f0687576d769" />
		<rom name="vpfonts/Itckrist.ttf" size="54132" crc="43c6891f" md5="5d0684caf9aff9baee3a21c0d05c664d" sha1="61e64c4e8975403f7d4a073dc8ddfb602acab0b5" />
		<rom name="vpfonts/JOYSTIX.TTF" size="47060" crc="697c3446" md5="45c6126a088ec964c786071280ee67c4" sha1="d2e9bbfe5e51253482acedf06e0d387b755cead3" />
		<rom name="vpfonts/jpfont.ttf" size="56440" crc="b91e001d" md5="712f3284d2c9800cdcd489e46b98dae4" sha1="c2756c222734e781a6326aae8c85dd1dedf5e9a3" />
		<rom name="vpfonts/Kitchenpolice.TTF" size="30524" crc="2ea0fae5" md5="ba46b70464b3b247d80fc7f560dc1ab0" sha1="2b708949cb0cbde646d55d603ee417e68b7ffce1" />
		<rom name="vpfonts/La Bamba LET.ttf" size="39265" crc="e60c6e8e" md5="8666001912c7b3b7ad4d5326ab121b6f" sha1="6e22d73b18e5c4f8b6b651fbff7e8eab14c2f051" />
		<rom name="vpfonts/LASER4.TTF" size="13856" crc="8e26c202" md5="ae8052a5df63286a7abe53b8d944b080" sha1="bcb1c679b862c62dc436b8e60b6453c906be777c" />
		<rom name="vpfonts/LCDGRID.TTF" size="29008" crc="7fbdda34" md5="326143c1ef6e7dc2957f4293cc58ac2e" sha1="3ce3b17ddcc07756f851ff08ec9f2c73c8106d81" />
		<rom name="vpfonts/LED.ttf" size="32368" crc="8bb9cccf" md5="941981e889de59e543f3fa469822a352" sha1="5de776ed3038467bc45ed06040dc30fa9b3b4e8c" />
		<rom name="vpfonts/LIBEL.TTF" size="53500" crc="700f4a6d" md5="07ac1b4c6f743ac79438d4144ead1f4e" sha1="6f9920523215f816b3460d91e1c0511323503452" />
		<rom name="vpfonts/LOKICOLA.TTF" size="57104" crc="a1076a7f" md5="2ebdcbc9946219e929e10c06d273a14d" sha1="1c71a2bc3036008775d6173153cff7a71d4bb98f" />
		<rom name="vpfonts/LSANSUNI.TTF" size="304932" crc="796df05a" md5="26c724b3b181aad246aa1321eaa9ea21" sha1="8aae6e177d3dbf683732d23f8fc2f6383c5c1dae" />
		<rom name="vpfonts/MATISSE.TTF" size="55240" crc="fad6749a" md5="ecf665ef7aa7551d8e7603ad8d56c26e" sha1="87f8e8e9164e2a16481ef792a1f21bdcbaae857a" />
		<rom name="vpfonts/Merscrb.ttf" size="36668" crc="67596e13" md5="bb583949722f0d2725083f5ec13ae51a" sha1="a8606dc8ef6240820bed906d605fdd78f5fdd750" />
		<rom name="vpfonts/metro_b.ttf" size="76420" crc="3f6728e0" md5="3cc0f1b0d99fafed96eba0abda5a2783" sha1="e513e51102ce3e7c5cb6b6ff0e255f6a4bb196e3" />
		<rom name="vpfonts/MK3.TTF" size="37616" crc="c0e2cfd9" md5="958ed4dd2c165ac7422bb70dc3ab3e71" sha1="abdc3fd4bf4fe28bf45b8081012cd9d8109abc9f" />
		<rom name="vpfonts/mlsgi.TTF" size="51324" crc="b4497671" md5="7ba38c29d3a2ee5c5494ce85ac34058c" sha1="a4fec9a6137eb59ff7fa51f105a1e9fd5aba8b32" />
		<rom name="vpfonts/mlsgo.TTF" size="64694" crc="0e5fa439" md5="20f7b9ef4d32ec57186e7a60bf5e5521" sha1="26348bae9d28884846135eb203bc30be119f84ac" />
		<rom name="vpfonts/mlsjh.TTF" size="48104" crc="ceaaf4ad" md5="3e32df3c7b216ec0524c90592744186b" sha1="dbc56840f62690b7d23e99367b99ab6e4bb8e8fe" />
		<rom name="vpfonts/MO.TTF" size="69500" crc="0144344d" md5="e127ebd29429bfc7b8fb5cf1b1626f26" sha1="22139d5ea27e5efed4a48e751b6c9482e6a56de2" />
		<rom name="vpfonts/MORPHEUS.TTF" size="68044" crc="597d6049" md5="f54b3fda53fbffc530a3b9a70d271990" sha1="c874b05abaea08ec4829a08668fc9fc7b892feca" />
		<rom name="vpfonts/MS Sans Serif.fon" size="64656" crc="32ec85e8" md5="1b42ba7845a2e4aaa7ca60ad2a5d9789" sha1="c278252d15c47c16ee1742095e20610018a2b53b" />
		<rom name="vpfonts/MTCORSVA.TTF" size="157360" crc="95d57791" md5="b98f57ac686fc135914a844ec0ce8d49" sha1="77ddc3e97898d7363ba296925181ac5430c38cb1" />
		<rom name="vpfonts/News Gothic BT.TTF" size="37264" crc="0a9a0e84" md5="0eac4a194bd7e73bcb4853577000db71" sha1="b982889bf83308b9b0cd2f575974931e5f2d2e7b" />
		<rom name="vpfonts/Old Trek.ttf" size="27796" crc="2d5c93a1" md5="49b5a5fa1160b9ed90ad07bb68ed7fad" sha1="91311503e4beb3376e0220af7f113b40a929c0f6" />
		<rom name="vpfonts/OLDENG.TTF" size="68632" crc="612b0cb8" md5="51e06c6c7b1bc20fe7523eed523117af" sha1="35b6f13163ef452f7d1cc9a96fb0d83ca2a5f4a5" />
		<rom name="vpfonts/OldTown.TTF" size="20076" crc="bebc01e6" md5="14be17ce1310c0f1929fa72399ecb7c8" sha1="40bac43e5a4946d055f7840103e8102a17706e3a" />
		<rom name="vpfonts/ORBITBN.TTF" size="49644" crc="0c100899" md5="baf011b3f51317bacdcafb37564db950" sha1="993650346aaa9e42d39fb8a3068376a7c7563f18" />
		<rom name="vpfonts/Orient.ttf" size="8840" crc="1bc04e28" md5="ca0cb8a525af232eee15f1c5facd4fd1" sha1="0a7970613f23869999b17bc4fd6bb88825e8c0cb" />
		<rom name="vpfonts/PARISR__.TTF" size="49824" crc="2f732538" md5="f738b413c61a3abf3e560dd531b2afaa" sha1="3cc339c3025ff6c01b2262a7ab12a42a3dd04692" />
		<rom name="vpfonts/Patriot.ttf" size="45656" crc="d1c25915" md5="907a040185012b3b5477ab63a2d6f628" sha1="81ab001c06f00804f4750ad18477e64d011746ea" />
		<rom name="vpfonts/personal.ttf" size="26740" crc="2313d2d5" md5="96bad917094b89f2faf714e7b44e383b" sha1="983a452903604d6b42321a8815dd44306a4f23ea" />
		<rom name="vpfonts/phorfeit.ttf" size="18772" crc="bea426ac" md5="917ae8e3ecb46354a84a2afe75c5c2ee" sha1="5b7313d123c136dbb62ad81ad3147ae00389ac02" />
		<rom name="vpfonts/Pinball.ttf" size="23548" crc="02e83ad1" md5="a50ceaf415b07a0c9e467b03f2127a82" sha1="a3285aedc5d4d42e7bf6a06713562bc94a165f97" />
		<rom name="vpfonts/PinballFull.ttf" size="14956" crc="2e57d33e" md5="4c45684d4ce1cbdbfc87bc107dcb1dde" sha1="31b88286de6728e73cc0c94045c61c6f7e24d91f" />
		<rom name="vpfonts/PLACCOND.TTF" size="35328" crc="799470fc" md5="7b323b28e211471e522afb033f9abe1c" sha1="5aa558d46ae45b7dc5dfef7fcdae86412fb39b21" />
		<rom name="vpfonts/POMPC.TTF" size="41228" crc="7b10e39d" md5="0fec7b5dab2ce3703fa320b2f78fdabf" sha1="ad125e45bb4fb898767d866728220e560be46d6c" />
		<rom name="vpfonts/potterfuseletter.TTF" size="27276" crc="8acb89c0" md5="e73f052d6bbc1096460c732f2ed73845" sha1="1fe58acf3ead90431175d7d48caf75fb49df30b3" />
		<rom name="vpfonts/PumpDemi.ttf" size="31808" crc="8374e456" md5="992862b92aabbb2b28df3298fc106c5f" sha1="0bedcae720339174e887b638a0de2edf3e7bf338" />
		<rom name="vpfonts/PunchLabel.TTF" size="29868" crc="e53de39a" md5="586299b123b46ba6a27b7c186b9a3399" sha1="a55b154fd1dbddcfd460bc96408ae5e7cc63b2ee" />
		<rom name="vpfonts/PYXID.TTF" size="58140" crc="1b1582e0" md5="403bd8961bbe03699569784188e81fe4" sha1="a494f9cfafc716d350e5d225460b212017f56848" />
		<rom name="vpfonts/quartz.TTF" size="57860" crc="2915b2ed" md5="55f96a010646b90457e9bc03d43e2b67" sha1="74d93c590b5de2e4ee03fd3d3cc8ea64439131cc" />
		<rom name="vpfonts/Radio.ttf" size="14552" crc="0bf7fdc3" md5="a96b9fb39d462fbeb57bbc109033f86e" sha1="6d1975773c0eb63eae099d5a7012ae54ce3dcd6d" />
		<rom name="vpfonts/ransom.TTF" size="71996" crc="20234f63" md5="e3d314cb0ca9960a6c8ce55da63ed435" sha1="bedf94e8e079e890e7b31cc63112f5ec62410659" />
		<rom name="vpfonts/Rf7.fon" size="58832" crc="581dd136" md5="c9c4012a4dd1c373f853cabbcdff8c6d" sha1="7c030e403e4c0998593755766696ba92843aa5a1" />
		<rom name="vpfonts/ROCKFONT.TTF" size="60488" crc="f3d41959" md5="d5c6dabda4fd0c2973e45e30a01fcab0" sha1="657bad9ec0463313389f3851d0b5702fd5b62534" />
		<rom name="vpfonts/romantic.ttf" size="56236" crc="bd4b2a36" md5="d77e80136373bc1c5b2b68f23d7abb5a" sha1="c6d215eacbb41a4c1ba6ec77abc8048757307580" />
		<rom name="vpfonts/ROOSTHEA.TTF" size="19416" crc="6da32960" md5="8ffa7dd3afb9767697955a398fc997f0" sha1="0b7cdcb3931190925b7f680fbd9b5fa6265e26e7" />
		<rom name="vpfonts/sandoval.ttf" size="40712" crc="dab4cede" md5="7ff955de41cdfa448690ed94bcf94d2a" sha1="501f885f9a7fb0104b000dd7f47a12cae9e1bb65" />
		<rom name="vpfonts/scifie.ttf" size="33356" crc="d9b3cb23" md5="b19cbee800dac7a126da1b16969f0d8f" sha1="85ba9b92185560ce6a0ad66e1e8c85e04bea31fb" />
		<rom name="vpfonts/scifieo.ttf" size="48928" crc="85e76468" md5="9664773786e1e1592185414f52938140" sha1="641e7c371c451ea9111006f69a6b031fac3d9993" />
		<rom name="vpfonts/SF CHROM.TTF" size="39252" crc="98415ad1" md5="0d26ded91450fe62cd940525ef0be145" sha1="1e5515e4d3935d43bbb3cbe8a2323eb4ee65875d" />
		<rom name="vpfonts/SF Comic Script.ttf" size="42888" crc="b70537fb" md5="6051b41cc5c495d20fba952b9799b09e" sha1="e9298aafcb66485eff59c992f6fb37d365d5caea" />
		<rom name="vpfonts/SFATAR~1.TTF" size="22400" crc="6eb3f4d1" md5="c493fede9be21fb89eb0f9075bc4829c" sha1="cabda089e35db2a1b14a6ecd9f5801ab1fe3b373" />
		<rom name="vpfonts/Silicon.TTF" size="57292" crc="eb3f67f9" md5="7825b770ca1507a5d34ab7ba9ff97c35" sha1="5627d8d5e6a0c245c93ea341fb6053a0913f2326" />
		<rom name="vpfonts/smalle.fon" size="26112" crc="b796879f" md5="abc2dda06ac9d95b210a3a805d724391" sha1="f696b1221ce83c5b9a01ffc53a4a07e10fa31226" />
		<rom name="vpfonts/SNAP.TTF" size="33616" crc="86c3f2d0" md5="d0725db773b460ed3a456370c80f875d" sha1="b19a0377792d280ee39e029110d274902ecf6773" />
		<rom name="vpfonts/SOUVNRL.TTF" size="54420" crc="abdd6379" md5="11b94b67c7402dceba89abf889c66a7a" sha1="2b91334febf08accb084d88d6a59bdd1921422f1" />
		<rom name="vpfonts/SPACE AG.TTF" size="26736" crc="ea1d9ed0" md5="ce43c6569134811c6828717671d38916" sha1="e12400246111da1a1b62ad9efdf8846b8e35a910" />
		<rom name="vpfonts/SQUEALER.TTF" size="9216" crc="945d0401" md5="9e93a5ecbb80e006c91fa76d20dcf8e8" sha1="de07079e3f2088218fec0c7825500972dad56d38" />
		<rom name="vpfonts/STAC222N.TTF" size="126680" crc="4f51ffd7" md5="596561750fdbadca0e5809256ee03be0" sha1="50db63d55ff40ec9a0b2a409a8948d589ffbdcfd" />
		<rom name="vpfonts/STAGECOA.TTF" size="36044" crc="e19af1d8" md5="2998838342c43d687b762610a031006e" sha1="5f4ade99f115186085fd1088b1acbd0a38ef34f3" />
		<rom name="vpfonts/Starjedi.TTF" size="25656" crc="fcaba86d" md5="af7c07faaff0d16720c25db7990579e2" sha1="795839dd1b9630949c56f447529140608bb894b7" />
		<rom name="vpfonts/stonehen.TTF" size="41116" crc="5c95e648" md5="27b376bde158d71e22b0019a746a8cae" sha1="7d98c811e5a07dcc2af9508ebec017412ed252bf" />
		<rom name="vpfonts/Sumdumgo.TTF" size="31276" crc="5bf52601" md5="df171e11537d60631ca6de7c2c5c528a" sha1="2a2076137087926856d8311b7288adc54c08de5e" />
		<rom name="vpfonts/SWATRG__.TTF" size="32164" crc="8177a3b1" md5="94e33f36470650aedcd04eb2f61946aa" sha1="feb08026ae1dd9537866dcb55f0005b9a08b2225" />
		<rom name="vpfonts/SYMBOL.TTF" size="69464" crc="d54e4e47" md5="52a49b64c8be90d99fbc2ceb3c770648" sha1="89ea47e3c86a2f6728af51770923ff3cd351b19f" />
		<rom name="vpfonts/TAHOMA.TTF" size="249012" crc="2bfa7b82" md5="07ebf1d971eb077b6749098c702b9fe7" sha1="5108be91dd80d9b42ecf3b9b48587a82c0dbe0f8" />
		<rom name="vpfonts/TAHOMABD.TTF" size="243684" crc="249edace" md5="f793779a938d146e45851f90db29e3e2" sha1="68d37782a8391dcf62e1301dbd1d1c127615409e" />
		<rom name="vpfonts/Taito Brasil FIXED.ttf" size="32644" crc="de29be59" md5="873d5368f1794dcf3a8fa3344cb1dd07" sha1="c81d9eee957625fcd02e687473377870ee06a020" />
		<rom name="vpfonts/TANGLEWO.TTF" size="57040" crc="c9ff1e23" md5="bbb5f0614d73d85cfe8d23f32bc47e56" sha1="19a72937b3b1770e8b77a43326ee5a7d060ce91e" />
		<rom name="vpfonts/TEKTON.PFB" size="24253" crc="1565b82b" md5="45c01085d83f36a464476f5fc2e65259" sha1="da2c4e68e1fe13301e91dc773d6fad698d563c4d" />
		<rom name="vpfonts/TEKTON.PFM" size="1754" crc="df6fdc21" md5="4c996428371c808a2f75a860a82f46a7" sha1="fd26f5c1bbae1c3d54610b30bbae2b2c8f070b55" />
		<rom name="vpfonts/termina2.ttf" size="31984" crc="e6811bd1" md5="c060511a5406475216dc43700e09a066" sha1="00fe31bcf40225aa0df495dfa1c099a032d644f2" />
		<rom name="vpfonts/THEAA.TTF" size="50120" crc="3fe219e0" md5="7460cb03f778f012bfe9616b6a587575" sha1="d90e2550bf2f9535652897db2cef990ed80cad13" />
		<rom name="vpfonts/times.ttf" size="349636" crc="7062a65e" md5="29034d5f147b8eb811a8e0a5ccf98bd7" sha1="2251d3ac8a3132db411aa1cb8661bc2a9cd0e946" />
		<rom name="vpfonts/timesbd.ttf" size="334944" crc="6ffc29d6" md5="c49cfe1c7e6b37dbce154687aec3f35c" sha1="be20d12107bad44f5db954537e1e0b841430fbdf" />
		<rom name="vpfonts/TO______.TTF" size="57748" crc="583a7e1d" md5="71b3a7dba00a560448999dc9aa8ca00e" sha1="6872d44fbb1617d6098612b1bc469f5fc2acac89" />
		<rom name="vpfonts/TOT1.FON" size="27360" crc="e5687190" md5="37ca6911eb026d2d9d134d2cf8c51a01" sha1="773ad2c6dffa40293972fce9bc1d62750fc0096c" />
		<rom name="vpfonts/TRANA___.TTF" size="58232" crc="a65607b4" md5="66dc9095c3f6fb48dbe4874d7304ca47" sha1="f89519a6452ebc2bcaf130fd136bcfcc59b28fa6" />
		<rom name="vpfonts/UNICORN.TTF" size="47868" crc="8fd736c4" md5="d48b68e875e2ac23e7ec58b4b95b6e7a" sha1="37dec9aa577c5ce4ba7e299a7ea7b51276d8fa3a" />
		<rom name="vpfonts/Vectorb.ttf" size="29784" crc="87806f09" md5="a75df1070f5fc3b905a759bda2303449" sha1="3f6ceba45707361c3c93412ebbef7f75069f38a2" />
		<rom name="vpfonts/VERDANAZ.TTF" size="153324" crc="de97c0a8" md5="f7310c29df0070530c48a47f2dca9014" sha1="09aff891c626fe7d3b878f40a6376073b90d4fde" />
		<rom name="vpfonts/Victorian.TTF" size="51446" crc="d1d1737c" md5="dd290d0bc07e711660491fb4713b79c0" sha1="1cbd17bb3d98b6c6839bda631f193d564e4556c0" />
		<rom name="vpfonts/vikingn.ttf" size="52552" crc="23ddd959" md5="63fcaee854aebdfac2a7feabee0e81f7" sha1="c7bbc9d3596a83b83bba52e051867a4405f26617" />
		<rom name="vpfonts/VISITOR.TTF" size="12084" crc="4b093090" md5="6f41fbcfef715b703fb03814c3383008" sha1="477181badc1e3aac22a3c2899c18977c2419e42b" />
		<rom name="vpfonts/Vixarasc.ttf" size="18124" crc="880547fc" md5="55ef1c91fd5be35e66da8e6cad0bdfd3" sha1="4fd5451c4614233d55577586813952f93d7a5275" />
		<rom name="vpfonts/WESTM.TTF" size="50312" crc="7ab2df32" md5="787588e6c611222861fa21b3ff9c12e4" sha1="8afe1419235c5a35a8c1b7f865e6f22a09929426" />
		<rom name="vpfonts/williamsfontwide.ttf" size="19304" crc="c3c010f1" md5="b2501f86b4d05becd30952e117c53de5" sha1="3b0458ab8b8679b760b3e177f5ab4ebd98001b2c" />
		<rom name="vpfonts/WINGDING.TTF" size="81000" crc="0613a062" md5="e991cc888d4fb544fe0a88d065ab6efc" sha1="071b3cfc58598fcf558d2d0b4acecb61f9fd433c" />
		<rom name="vpfonts/WINGDNG2.TTF" size="59696" crc="1de4aa42" md5="cc20de18a53d14be3a3598f03cec292b" sha1="c9a5e2377430acbb660b10600e1b854615e2bb13" />
		<rom name="vpfonts/WINGDNG3.TTF" size="29236" crc="950d7130" md5="c749f65c05c531bf369669b6e9f79eac" sha1="6669122f9627a637704cf012a8cc18705d2e0a8a" />
		<rom name="INSTALL AND PLAY INSTRUCTION.txt" size="691" crc="014c6966" md5="8877af92d002f79cb83fe8cd485f2146" sha1="7c4e600a2738bd43b6e26cbdfe37f1d93cf6fa66" />
		<rom name="XMEN.png" size="1576046" crc="5520fe52" md5="8deaccdfe8922a05ec9528400d913830" sha1="ea602f7314d9671376bf1c771c97289d633fce87" />
		<rom name="XMEN.vpt" size="36102144" crc="d45c3b05" md5="c54971cb7a97fa2a1983fb03978ecbc0" sha1="5b69bfdddfcae834d7eeb274c13bd501fa5cdedc" />
	</machine>
	<machine name="X-Men (Stern)(2012)(85vet)(1.02)[VP921][Desktop version coolball]">
		<description>X-Men (Stern)(2012)(85vet)(1.02)[VP921][Desktop version coolball]</description>
		<rom name="X-Men (Stern)(2012)(85vet)(1.02)[VP921][Desktop version coolball].vpt" size="23412736" crc="0aa43bb2" md5="310204cc086a1f693c8321a80b14a440" sha1="aaad213526a27d5a26833d7a9ec4ce6eac262bde" />
		<rom name="X-Men screenshot.jpg" size="643655" crc="f8c2f29e" md5="15ce0bb2b3de9ff3be6295068d588a75" sha1="1215e9ad7356bc4f7e304d26837d92e7f715f883" />
	</machine>
</datafile>