<?xml version="1.0" encoding="utf-8"?>
<!DOCTYPE datafile PUBLIC "-//Logiqx//DTD ROM Management Datafile//EN" "http://www.logiqx.com/Dats/datafile.dtd">
<datafile>
	<header>
		<name>Visual Pinball [VP9] PinMame Tables [FullScreen spanned]</name>
		<description>Visual Pinball [VP9] PinMame Tables [FullScreen spanned] (2024-11-07)</description>
		<version></version>
		<date>2024-11-07</date>
		<author></author>
	</header>
	<machine name="301-Bullseye (Grand Products Incorporated)(1986)(TAB, Eala Dubh Sidhe, Gaston)(1.0)[VP9][16-9 Destruk]">
		<description>301-Bullseye (Grand Products Incorporated)(1986)(TAB, Eala Dubh Sidhe, Gaston)(1.0)[VP9][16-9 Destruk]</description>
		<rom name="16-9 301 Bullseye.vpt" size="5412864" crc="8422266b" md5="9ba313aff42b3578a8b93e5db816fe36" sha1="a0e4898c525db950a6e888bd76537e5f8802d225" />
		<rom name="301-Bullseye screenshot.jpg" size="1284941" crc="57ae5b09" md5="431ee5a8d06d3745c86d087d1bdc970a" sha1="324c1ff667094adbf72a858384d6b26f5c2bae06" />
	</machine>
	<machine name="Agents 777 (GamePlan)(1984)(Eala Dubh Sidhe)(1.0)[VP9][16-9 Destruk]">
		<description>Agents 777 (GamePlan)(1984)(Eala Dubh Sidhe)(1.0)[VP9][16-9 Destruk]</description>
		<rom name="16-9 Agents 777.vpt" size="4058112" crc="b70ed276" md5="17ea5ecfffe6868b02f4731376353bdb" sha1="ec898c62c7deee68a2a1f5ad1052ad96695f4bb0" />
		<rom name="Agents 777 screenshot.jpg" size="1251921" crc="f5175280" md5="5e2a1d8b44cb056629f12811272efaaa" sha1="2959fe3cabdc3e07d9b538989e3a8fac823907ab" />
	</machine>
	<machine name="Airborne (Capcom)(1996)(Destruk, Kristian, TAB)(1.0)[VP9][16-9 Destruk]">
		<description>Airborne (Capcom)(1996)(Destruk, Kristian, TAB)(1.0)[VP9][16-9 Destruk]</description>
		<rom name="16-9 Airborne.vpt" size="3682816" crc="37e726ea" md5="1ac9bf76cee0db1570cb2f5473d5651f" sha1="fbfc46db6b4807c2286e4e0ef2eca2c5709646f5" />
		<rom name="Airborne screenshot.jpg" size="1467268" crc="e73e7f8a" md5="02b6377b09fd0760d8d5202f26ee085f" sha1="3905c61a7553a332d97d039ef94991e3e1b5330d" />
	</machine>
	<machine name="Airborne Avenger (Atari)(1977)(John Sheperd. Destruk)(1.5)[VP9][16-9 Destruk]">
		<description>Airborne Avenger (Atari)(1977)(John Sheperd. Destruk)(1.5)[VP9][16-9 Destruk]</description>
		<rom name="16-9 Airborne Avenger.vpt" size="4278784" crc="eb25cfeb" md5="71fd111aa5db81bcf69333102ab3a164" sha1="6b7025a90677f66b5b59dd000d9b248ef444eb4c" />
		<rom name="Airborne Avenger screenshot.jpg" size="1117022" crc="6a8afb70" md5="d9f7bc1d4db4bd09d142a7596dcb436a" sha1="1e7b958b277757510ab5e1ba1f938c3097ec43a4" />
	</machine>
	<machine name="Alien Star (Gottlieb)(1984)(Destruk, Kristian, LuvThatApex)(1.0)[VP9][16-9 Destruk]">
		<description>Alien Star (Gottlieb)(1984)(Destruk, Kristian, LuvThatApex)(1.0)[VP9][16-9 Destruk]</description>
		<rom name="16-9 Alien Star.vpt" size="7176704" crc="6aa747c0" md5="2f95565e67b6e859792f9bd2d514b7a4" sha1="db0e8fe05f876fc6077e4ee88ac687ca4f2c6510" />
		<rom name="Alien Star screenshot.jpg" size="1422963" crc="9c048eff" md5="b694e0cc49557f24cafaad559e43569e" sha1="1f96d11f641b80f54cd627c2bbaee4dd04f80bc0" />
	</machine>
	<machine name="Amazon Hunt (Gottlieb)(1983)(Destruk, LuvThatApex)(1.0)[VP9][16-9 Destruk]">
		<description>Amazon Hunt (Gottlieb)(1983)(Destruk, LuvThatApex)(1.0)[VP9][16-9 Destruk]</description>
		<rom name="16-9 Amazon Hunt.vpt" size="2627584" crc="40c0f865" md5="aa1e277d222ef10334625b48160b4696" sha1="0417f2f33afbd9fd6a6f876f12843b719b6c0685" />
		<rom name="Amazon Hunt screenshot.jpg" size="1404137" crc="82045a8c" md5="1e4aeb59e7bbeac5a63f1bb84774eadb" sha1="21e2173883136c2aa4f6eb3270464b2011c01a60" />
	</machine>
	<machine name="America 1492 (Juegos Populares)(1986)(Destruk, TAB, Gaston)(1.1)[VP9][16-9 Destruk]">
		<description>America 1492 (Juegos Populares)(1986)(Destruk, TAB, Gaston)(1.1)[VP9][16-9 Destruk]</description>
		<rom name="16-9 America 1492.vpt" size="2269696" crc="a48485b2" md5="69aa59d34bb668aa64019ac65fb22112" sha1="cfa83287d64651a483367ee4346ee0c3851b6870" />
		<rom name="America 1492 screenshot.jpg" size="1318438" crc="93ae938b" md5="6fdbc1ea0be70bf0b3af040a90786ee8" sha1="3d5bf32224cec23ae39d0e4add0a461bf05ca43d" />
	</machine>
	<machine name="Atarians, The (Atari)(1976)(Ash, Destruk)(1.3)[VP9][16-9 Destruk]">
		<description>Atarians, The (Atari)(1976)(Ash, Destruk)(1.3)[VP9][16-9 Destruk]</description>
		<rom name="16-9 Atarians.vpt" size="2369024" crc="a6ca440a" md5="e72a3c77039148b094688020d38bc0c0" sha1="5ce2ab7bdb97e3f7d7880dfa14a0522f62c66d08" />
		<rom name="Atarians screenshot.jpg" size="1318181" crc="2dc10f98" md5="a9a91dd9739f1368a9bcbb8ed8f2e6bd" sha1="0d8734929c8b8adf0a08422c42b079bd95d4ae9f" />
	</machine>
	<machine name="Austin Powers (Stern)(2001)(Destruk, TAB)(1.02)[VP9][16-9 Destruk]">
		<description>Austin Powers (Stern)(2001)(Destruk, TAB)(1.02)[VP9][16-9 Destruk]</description>
		<rom name="16-9 Austin Powers.vpt" size="6278656" crc="1840c6e2" md5="e47daf303868d9c9ef5e26da7f1478d0" sha1="b8bae832e1627eaea8a9ac4fd09e5195a31ae049" />
		<rom name="Austin Powers screenshot.jpg" size="1590956" crc="7f46af78" md5="d70a85ed72e377b4c242e781ff99a324" sha1="94e80ecf9ae0c6ba18a632a1ff0bd8e4a824dfac" />
	</machine>
	<machine name="Back to the Future (Data East)(1990)(AJ, Anonimous, Sellenoff, Destruk, Jive, Skalar)(1.31)[VP9][16-9 Destruk]">
		<description>Back to the Future (Data East)(1990)(AJ, Anonimous, Sellenoff, Destruk, Jive, Skalar)(1.31)[VP9][16-9 Destruk]</description>
		<rom name="16-9 Back to the Future.vpt" size="16243200" crc="4669d674" md5="74693bb40a95c09273a7a3b4450d4293" sha1="57ac19e5dfa65d96acc542e2092a068d6d83676f" />
		<rom name="Back to the Future screenshot.jpg" size="1521942" crc="894346f6" md5="fc390bfff32c12056958788e1f60d0d7" sha1="c88c03a1c63e0bf7280810cdf61bed99d020aaf2" />
	</machine>
	<machine name="Banzai Run (Williams)(1988)(Lio, Freylis, Destruk, Jim Hernandez)(1.0)[VP9][16-9 Destruk]">
		<description>Banzai Run (Williams)(1988)(Lio, Freylis, Destruk, Jim Hernandez)(1.0)[VP9][16-9 Destruk]</description>
		<rom name="16-9 Banzai Run.vpt" size="9117696" crc="a55f9258" md5="08211629abec76d67e4b45544bb289da" sha1="b890c92a6f66fe73079506259ae4f1c8840ec5a5" />
		<rom name="Banzai Run screenshot.jpg" size="1692037" crc="87f58b78" md5="92d39c9e4e80ea7e6e09ba1168feb082" sha1="fd3a27c2528fd379713da45123242f4d4a7f5569" />
	</machine>
	<machine name="Barracora (Williams)(1981)(DesAngel, Destruk)(1.2.0)[VP9][16-9 Destruk]">
		<description>Barracora (Williams)(1981)(DesAngel, Destruk)(1.2.0)[VP9][16-9 Destruk]</description>
		<rom name="16-9 Barracora.vpt" size="6818816" crc="25c89903" md5="07538e854fabf827665ab1e54da6137f" sha1="832b42cb74db9529f207bca9dc0f432f03939819" />
		<rom name="barracora.jpg" size="1397960" crc="64752e13" md5="2be329633bf30083d0b4858a1ef3fb64" sha1="750fba7dfbda6656ed25a32196a26ee3527ada81" />
	</machine>
	<machine name="Beat the Clock (Bally)(1985)(Apocalypse, Aussie34, Destruk)(1.0)[VP9][16-9 Destruk]">
		<description>Beat the Clock (Bally)(1985)(Apocalypse, Aussie34, Destruk)(1.0)[VP9][16-9 Destruk]</description>
		<rom name="16-9 Beat The Clock.vpt" size="4377088" crc="458ab2cc" md5="1ab81932ee47ce2ab9c2b6f9bee7bf8f" sha1="8f161644531b2bbf90226cbe104effc861dc4b3f" />
		<rom name="Beat the Clock screenshot.jpg" size="1283094" crc="51baa641" md5="5b32ab8249a9bb64cdc633e5e8bef3e0" sha1="25caae2aaa7e3cfa22071a3dae10405e30126a16" />
	</machine>
	<machine name="Big Game (Stern)(1980)(JPSalas)(1.0)[VP9][16-9 Destruk]">
		<description>Big Game (Stern)(1980)(JPSalas)(1.0)[VP9][16-9 Destruk]</description>
		<rom name="16-9 Big Game.vpt" size="2950656" crc="1fea1954" md5="7245f69486f73b3b005b26cbcca3b205" sha1="16d99001157a21f4a1c09f8f2f5e37555b4ae432" />
		<rom name="Big Game screenshot.jpg" size="1567575" crc="2a07366c" md5="c8f954e89758f2c862f9e560e0d25261" sha1="01cd9ffca4a3c437253cd9146280f3f8d38be916" />
	</machine>
	<machine name="Big Guns (Williams)(1987)(Destruk, Moonchild)(1.0)[VP9][16-9 Destruk]">
		<description>Big Guns (Williams)(1987)(Destruk, Moonchild)(1.0)[VP9][16-9 Destruk]</description>
		<rom name="16-9 Big Guns.vpt" size="6771200" crc="a3839616" md5="73b1587f101906bf0053be5fc8abf94c" sha1="e0ed10a46ec7fe299a9d402feb22257c5ffced47" />
		<rom name="Big Guns screenshot.jpg" size="1877697" crc="785d4bc4" md5="efa9e02aa33a328efbc780634feb2b7d" sha1="f27ba23e6232c682815496b72016f62009ca2b1c" />
	</machine>
	<machine name="Black Belt (Bally)(1986)(Destruk, TAB)(1.0)[VP9][16-9 Destruk]">
		<description>Black Belt (Bally)(1986)(Destruk, TAB)(1.0)[VP9][16-9 Destruk]</description>
		<rom name="16-9 Black Belt.vpt" size="3632640" crc="0987ed61" md5="ab8f6885d24748d6165947004d5ac554" sha1="c64fee2d1b96809f3b70848122b9077c8b629648" />
		<rom name="Black Belt screenshot.jpg" size="1276750" crc="3aca31dd" md5="884594d4e6dd6760af24f5a4ee196c5c" sha1="0a79dbfd544c18f6ceae82e6a7c4344ba9675822" />
	</machine>
	<machine name="Black Hole (Gottlieb)(1981)(Patatrox)(1.0)[VP9][16-9 Destruk]">
		<description>Black Hole (Gottlieb)(1981)(Patatrox)(1.0)[VP9][16-9 Destruk]</description>
		<rom name="16-9 Black Hole.vpt" size="7580672" crc="48b72ea6" md5="5177ef092e4082eccd15a9d242f64f5e" sha1="407972b007e8f739a8fb89f1a22486af9b96be10" />
		<rom name="Black Hole screenshot.jpg" size="1210726" crc="ae41f23e" md5="0c31cf4d8b588bb24b6b2be6bbffef55" sha1="553320316ff02b218eeaae1137cade7e4f3a8e99" />
	</machine>
	<machine name="Black Jack (Bally)(1976)(Leon Spalding, Destruk)(1.0)[VP9][16-9 Destruk]">
		<description>Black Jack (Bally)(1976)(Leon Spalding, Destruk)(1.0)[VP9][16-9 Destruk]</description>
		<rom name="16-9 Black Jack.vpt" size="2500608" crc="0ffdc04f" md5="998d893f718d135982885226d33f1502" sha1="3e8d12c239bd844fd8e95ce0bb8738c7be7ac405" />
		<rom name="Black Jack screenshot.jpg" size="1423127" crc="e82a5f3f" md5="5594378d1e949b906cde6629c4b41a10" sha1="db1a4ec0e90a8d2ec4bf3bac06cce8a4e3010d82" />
	</machine>
	<machine name="Black Knight (Williams)(1980)(Destruk, TAB)(1.0)[VP9][16-9 Destruk]">
		<description>Black Knight (Williams)(1980)(Destruk, TAB)(1.0)[VP9][16-9 Destruk]</description>
		<rom name="16-9 Black Knight.vpt" size="4367360" crc="6a7cc83d" md5="4c06699505400ba35ef90f8aa0bed63b" sha1="482ef2e5f0be4b90edf48fdeeee3a945ab27ecd4" />
		<rom name="Black Knight screenshot.jpg" size="1366874" crc="c80ef767" md5="812ed15532e0b0dbca943ec1cb1d455c" sha1="b8ec85ee22a28b61869b04b11933fc6b2990bb5c" />
	</machine>
	<machine name="Black Rose (Bally)(1992)(Aswin Bowmeester, Destruk, Kristian, Warlock)(1.0)[VP9][16-9 Destruk]">
		<description>Black Rose (Bally)(1992)(Aswin Bowmeester, Destruk, Kristian, Warlock)(1.0)[VP9][16-9 Destruk]</description>
		<rom name="16-9 Black Rose.vpt" size="11004928" crc="48a74d79" md5="7ecd3e5c4f49b1d00104065d9545714b" sha1="e588cc11491036862d25b992a73dd3e9260dddb8" />
		<rom name="Black Rose screenshot.jpg" size="1521952" crc="0982fdaa" md5="8611a92fa6a3646b57a4df67241df639" sha1="54570df05a5da1838c4139f51c1adc2a29da07e3" />
	</machine>
	<machine name="Black Sheep Squadron (Astro Games)(1979)(Eala Dubh Sidhe, Destruk)(2.0)[VP9][16-9 Destruk]">
		<description>Black Sheep Squadron (Astro Games)(1979)(Eala Dubh Sidhe, Destruk)(2.0)[VP9][16-9 Destruk]</description>
		<rom name="16-9 Black Sheep Squadron.vpt" size="4768256" crc="9ba65b2d" md5="5b48f81eb10965888b24b69f015f6528" sha1="0bf29151a5d149e24edcd25d03f2ecb25a946da8" />
		<rom name="Black Sheep Squadron screenshot.jpg" size="1244018" crc="34aded54" md5="0c901b324a253b8a81a37b85db924e18" sha1="acbada41310f5ac020bbdf3192851c4a13f75f40" />
	</machine>
	<machine name="Black Velvet (GamePlan)(1978)(Destruk, Skalar)(3.0)[VP9][16-9 Destruk]">
		<description>Black Velvet (GamePlan)(1978)(Destruk, Skalar)(3.0)[VP9][16-9 Destruk]</description>
		<rom name="16-9 Black Velvet.vpt" size="1795072" crc="3ab550df" md5="ad60970528e1956ca37d99760dc68740" sha1="99e7413b2cda916a9133c47adfbefa050f617607" />
		<rom name="Black Velvet screenshot.jpg" size="468774" crc="67468e06" md5="e864dc2e4791aa00773914bbd11cee94" sha1="c632e14d8e9fc48873df4c397ad9ea93c557693e" />
	</machine>
	<machine name="Bone Busters (Gottlieb)(1989)(TAB, Destruk)(1.0.0)[VP9][16-9 Destruk]">
		<description>Bone Busters (Gottlieb)(1989)(TAB, Destruk)(1.0.0)[VP9][16-9 Destruk]</description>
		<rom name="16-9 Bone Busters.vpt" size="6596096" crc="5c71bdd2" md5="23d965fe7414139d55b7d7c22d393863" sha1="5401252253778749959e44a50fe6822d23854e07" />
		<rom name="screenshot.jpg" size="1459358" crc="c335cc1b" md5="58f3427d61e0f1c7358388f291a8b688" sha1="58da3ecf027c00409d6e1669c23edeccf95d51c1" />
	</machine>
	<machine name="Breakshot (Capcom)(1996)(Apocalypse, Destruk, Gottlieb)(1.0)[VP9][16-9 Destruk]">
		<description>Breakshot (Capcom)(1996)(Apocalypse, Destruk, Gottlieb)(1.0)[VP9][16-9 Destruk]</description>
		<rom name="16-9 Breakshot.vpt" size="5390336" crc="66db0905" md5="e86a7434869c1b2616725fb66e534d27" sha1="97a8ed48133b305c25c74208b9585d021016b6c7" />
		<rom name="Breakshot screenshot.jpg" size="1420057" crc="a6076fc2" md5="78de39d93d14d90feeaf8d984d0e6ec6" sha1="38cd9ea96f6412afdebf1e939665d93782f605a3" />
		<rom name="BREAKSHOT.vbs" size="4567" crc="83f0eea4" md5="ac60f9c7a17cabc6903f53f806de0db8" sha1="10216d509619404c35b06192b646d39837e9798f" />
	</machine>
	<machine name="Bushido (Inder)(1993)(Destruk, TAB)(1.0)[VP9][16-9 Destruk]">
		<description>Bushido (Inder)(1993)(Destruk, TAB)(1.0)[VP9][16-9 Destruk]</description>
		<rom name="16-9 Bushido.vpt" size="6759424" crc="b836d6c4" md5="dd33260b7092b7b3299fa44f5ec5b8de" sha1="f33fccd530d7d7f3994efcacbfd597ac2339d531" />
		<rom name="Bushido screenshot.jpg" size="1476177" crc="debe98a8" md5="a61a65456ffa899171dc55b9a4deed29" sha1="57f640f679a0bbdd69be87bf3cccea4ba30ac548" />
	</machine>
	<machine name="Camel Lights (GamePlan)(1978)(Destruk, TAB)(1.0)[VP9][16-9 Destruk]">
		<description>Camel Lights (GamePlan)(1978)(Destruk, TAB)(1.0)[VP9][16-9 Destruk]</description>
		<rom name="16-9 Camel Lights.vpt" size="2483200" crc="3eea13f7" md5="47a9bacd8606c3ee1ba3b9fe65819054" sha1="4b24e9e8444a824c19d036796d9d98959b4ee14f" />
		<rom name="Camel Lights screenshot.jpg" size="491099" crc="98455116" md5="4802322403897f4f51bf07d246591c43" sha1="a6b8d67dcccfd79f74f63ebd68271bdf64705361" />
	</machine>
	<machine name="Captain Hook (GamePlan)(1985)(Destruk, Eala Dubh Sidhe)(1.0)[VP9][16-9 Destruk]">
		<description>Captain Hook (GamePlan)(1985)(Destruk, Eala Dubh Sidhe)(1.0)[VP9][16-9 Destruk]</description>
		<rom name="16-9 Captain Hook.vpt" size="6985728" crc="ac7fd560" md5="637136d2816cbd39112d67fc5a0c37b5" sha1="bc52b52a1d74901512740a0faaabb477aacf122a" />
		<rom name="Captain Hook screenshot.jpg" size="1337938" crc="89570c4f" md5="8317c524b91e512b2b22d61f0acca7f1" sha1="31d2a2653067e67f90f22d84c4eec56e79b1a233" />
	</machine>
	<machine name="Car Hop (Gottlieb)(1991)(Joep)(1.0)[VP9][16-9 Destruk]">
		<description>Car Hop (Gottlieb)(1991)(Joep)(1.0)[VP9][16-9 Destruk]</description>
		<rom name="16-9 Car Hop.vpt" size="7933952" crc="c6acc88e" md5="4cdc44e3502728a6253194e4ea639af8" sha1="de851070de080b56413f7b30b1d6f71e8c4b66cf" />
		<rom name="Car Hop screenshot.jpg" size="1561273" crc="d15c5247" md5="5998a0ec61b3b2cdc0b6a4eef163d06a" sha1="18b145e271ffb361d208fb35569cd05dcce84977" />
	</machine>
	<machine name="Caribbean Cruise (Gottlieb)(1989)(Destruk, Apocalypse, Zaphod, Gaston)(1.0)[VP9][16-9 Destruk]">
		<description>Caribbean Cruise (Gottlieb)(1989)(Destruk, Apocalypse, Zaphod, Gaston)(1.0)[VP9][16-9 Destruk]</description>
		<rom name="16-9 Caribbean Cruise.vpt" size="1820672" crc="4c2d5d6d" md5="74fb96e0e73494e8acb7da4303c9f484" sha1="703d6cc9d5549fd06bee926ccb4e72c7ef6fff6d" />
		<rom name="Caribbean Cruise screenshot.jpg" size="460526" crc="3ab0dcc2" md5="eb6058d5182ee033089e6ce7bb6fc0ab" sha1="c1b25cf5ce4a5382c21fef298b8e8f4ab4b7f7d7" />
	</machine>
	<machine name="Checkpoint (Data East)(1991)(Destruk, TAB)(1.0)[VP9][16-9 Destruk]">
		<description>Checkpoint (Data East)(1991)(Destruk, TAB)(1.0)[VP9][16-9 Destruk]</description>
		<rom name="16-9 Checkpoint.vpt" size="6799360" crc="c29f7fa2" md5="a86bb1dbd54350e4280a9c2d78f3918f" sha1="432d29f2f2d620ed49b3585479270b1b44312e79" />
		<rom name="Checkpoint screenshot.jpg" size="1652646" crc="9376d043" md5="df62a431e74db81e61e8e8b32808e224" sha1="387a05a1e1a2a5b9efdc60b6ae3443581362b824" />
	</machine>
	<machine name="Cheetah (Stern)(1980)(Destruk, Inkochnito, Lander, Satch)(1.0)[VP9][16-9 Destruk]">
		<description>Cheetah (Stern)(1980)(Destruk, Inkochnito, Lander, Satch)(1.0)[VP9][16-9 Destruk]</description>
		<rom name="16-9 Cheetah.vpt" size="6080512" crc="28551e14" md5="1fe1c98cdba41f32bc473a64e136e2cd" sha1="d631de1d7545a3aa611e499fc593f8004ebec176" />
		<rom name="Cheetah screenshot.jpg" size="1580796" crc="d9462a8c" md5="0794edd26368de5ab374c09cdc4e41c9" sha1="3d4cd52b7392ddac517ee199bd2b795316380fbe" />
	</machine>
	<machine name="Chuck-A-Luck (GamePlan)(1978)(Destruk, TAB, Skalar)(1.0)[VP9][16-9 Destruk]">
		<description>Chuck-A-Luck (GamePlan)(1978)(Destruk, TAB, Skalar)(1.0)[VP9][16-9 Destruk]</description>
		<rom name="16-9 Chuck-A-Luck.vpt" size="2548224" crc="767c3dd3" md5="97a4bc2f7d8a3ee7518da6d9812dc547" sha1="527bd6f3340900e9c6c37d6054a24f94a0d03104" />
		<rom name="Chuck-A-Luck screenshot.jpg" size="508802" crc="0ad09a4d" md5="0b71f41db6952b770d768d46c8b8018e" sha1="024fdcde6d1a3d954a4a60a52d8efcd9ef565fd2" />
	</machine>
	<machine name="Circa 1933 (Fascination)(1979)(Destruk, TAB, Gaston)(1.0)[VP9][16-9 Destruk]">
		<description>Circa 1933 (Fascination)(1979)(Destruk, TAB, Gaston)(1.0)[VP9][16-9 Destruk]</description>
		<rom name="16-9 Circa 1933.vpt" size="5191680" crc="83ecd06f" md5="21d8654293d4fa6fafc2cf453c445d73" sha1="0650b5cfac2fa9af02e93c6ea37728d2c81e2fc8" />
		<rom name="Circa 1933 screenshot.jpg" size="451519" crc="da0d33aa" md5="acec05e3386700815222ad2ae26989c5" sha1="822646f17678b4bb75157f5825b3fc65da81b079" />
	</machine>
	<machine name="City Slicker (Bally)(1987)(Destruk, TAB)(1.0)[VP9][16-9 Destruk]">
		<description>City Slicker (Bally)(1987)(Destruk, TAB)(1.0)[VP9][16-9 Destruk]</description>
		<rom name="16-9 City Slicker.vpt" size="1839616" crc="fd98506b" md5="dff321ba8779ba278372c925265068f2" sha1="96deecf5651f50bf042b862177ebbc13f5bcd002" />
		<rom name="City Slicker screenshot.jpg" size="1275094" crc="fe20b9ad" md5="de8d2eb8681513b134fb435a88494867" sha1="63dbd7f6607b8a8fe44dbe13e857f6b323deb033" />
	</machine>
	<machine name="Cleopatra (Gottlieb)(1977)(Destrruk, TAB)(1.0)[VP9][16-9 Destruk]">
		<description>Cleopatra (Gottlieb)(1977)(Destrruk, TAB)(1.0)[VP9][16-9 Destruk]</description>
		<rom name="16-9 Cleopatra.vpt" size="3789824" crc="ee8c33bd" md5="c0c17f24e52e544db16a61466ff85b23" sha1="77c0305ec5e38f8db111b6dbb330abed3d0e7592" />
		<rom name="Cleopatra screenshot.jpg" size="1326289" crc="2af07b9c" md5="ffd9b1f0f874b0153eaf5784f4d359af" sha1="c26b4b8c73378694c170609b2db73632f7d8179d" />
	</machine>
	<machine name="Congo (Williams)(1995)(Destruk, MungoJ)(1.0)[VP9][16-9 Destruk]">
		<description>Congo (Williams)(1995)(Destruk, MungoJ)(1.0)[VP9][16-9 Destruk]</description>
		<rom name="16-9 Congo.vpt" size="14230528" crc="641edad8" md5="c13eca177ca6270361b5d2b5bd258f3c" sha1="a3baaf5c15482ef5b002ea52d9131451c3dad2a8" />
		<rom name="Congo screenshot.jpg" size="1588972" crc="94943809" md5="504e49787ef5d39f0c1f278d6571fecb" sha1="df716d07e1da2e8742cc3131e5485b5174f8e801" />
	</machine>
	<machine name="Cosmic (Taito do Brazil)(1980)(Dox, Maloti, Destruk)(1.0)[VP9][16-9 Destruk]">
		<description>Cosmic (Taito do Brazil)(1980)(Dox, Maloti, Destruk)(1.0)[VP9][16-9 Destruk]</description>
		<rom name="16-9 Cosmic.vpt" size="37479424" crc="d75ffe50" md5="82e904a6f33486180d8da15eaae9851d" sha1="a85bb2a52117e48150da82414fd3359fd0a07663" />
		<rom name="Cosmic screenshot.jpg" size="1678441" crc="01d8ebb4" md5="f73126acc29a8e69ab06dbd20b108d57" sha1="452d686774cd87f8228789f750d692f11ccde21c" />
	</machine>
	<machine name="Counterforce (Gottlieb)(1980)(LuvThatApex, Moonchild)(1.0)[VP9][16-9 Destruk]">
		<description>Counterforce (Gottlieb)(1980)(LuvThatApex, Moonchild)(1.0)[VP9][16-9 Destruk]</description>
		<rom name="16-9 Counterforce.vpt" size="7638016" crc="b901d658" md5="886dbd642c905ca7e943b3903f564cf2" sha1="05401906d15ee26eb766ef3ef751db3d34380c8f" />
		<rom name="Counterforce screenshot.jpg" size="1662519" crc="26e0eb77" md5="e116bd588df5a846bdd8c7087aeeea55" sha1="81280709701413c48a4cbf7667a31ef38ed740bf" />
	</machine>
	<machine name="Cybernaut (Bally)(1985)(Apocalypse, Destruk, Kristian, Skalar, TAB)(2.3)[VP9][16-9 Destruk 1.0]">
		<description>Cybernaut (Bally)(1985)(Apocalypse, Destruk, Kristian, Skalar, TAB)(2.3)[VP9][16-9 Destruk 1.0]</description>
		<rom name="16-9 Cybernaut.vpt" size="4679168" crc="2a3347b6" md5="a70486e2c8a55877f9a69a40034b5188" sha1="3642c76527a743a0842ff8eafac0a372239856e0" />
		<rom name="Cybernaut screenshot.jpg" size="1392621" crc="4839f9e9" md5="300c681cd6f1f0d61f6ded0fabd009b4" sha1="43f617265c2d661c6114ac57e124cb4a880d3fc5" />
	</machine>
	<machine name="Cyclopes (GamePlan)(1985)(Eala Dubh Sidhe, Destruk)(1.0)[VP9][16-9 Destruk]">
		<description>Cyclopes (GamePlan)(1985)(Eala Dubh Sidhe, Destruk)(1.0)[VP9][16-9 Destruk]</description>
		<rom name="16-9 Cyclopes.vpt" size="5056000" crc="a2242eaf" md5="2e78d2b5111517e854ce045c8b8d88c7" sha1="81c04e5e62e197c2d480650626b0559bce38686d" />
		<rom name="Cyclopes screenshot.jpg" size="1443931" crc="b970dd67" md5="accbc911f427b78fd677342501dbd962" sha1="77341878d2c9761f7d2c424f0c805303be034f50" />
	</machine>
	<machine name="Dale Jr (Stern)(2007)(TAB, Destruk)(2.2)[VP9][16-9 pakitt1]">
		<description>Dale Jr (Stern)(2007)(TAB, Destruk)(2.2)[VP9][16-9 pakitt1]</description>
		<rom name="16-9 Dale Jr.vpt" size="4617728" crc="39d3a52e" md5="8fdcd1777c0aba77db0241c64c1fe7dd" sha1="226381ec6edb21760d2a9d031b536d829e657b40" />
		<rom name="Dale Jr (Stern)(2007)(TAB, Destruk)(2.2)[VP9][16-9 pakitt1].vpt" size="4617728" crc="a5e12c11" md5="0715bded3e00f09a2437dad50f2d7bd1" sha1="05a6be57f9b49843731f0d5cfb77b2ef81af0768" />
		<rom name="Dale Jr screenshot.jpg" size="1457949" crc="6dcaa0c0" md5="3736880d4fe458a7d7a1553232c6295c" sha1="4bb41cba725769d23575e2929985eb4b65499c7d" />
	</machine>
	<machine name="Devil's Dare (Gottlieb)(1982)(PataTrox)(0.31)[16-9 Destruk]">
		<description>Devil's Dare (Gottlieb)(1982)(PataTrox)(0.31)[16-9 Destruk]</description>
		<rom name="16-9 Devil's Dare.vpt" size="4274688" crc="986f06a9" md5="96c101302f36a01d142fa7073f360289" sha1="766cc1bbbb69b0dd30d1ed7317b7aaa606c00467" />
		<rom name="Devil's Dare screenshot.jpg" size="1414884" crc="fe1c4b8b" md5="c93bec1439a779c3a1a47f31f1f40885" sha1="e6064f5d1222d945d0bc22a4f7339df6b13d6ab5" />
	</machine>
	<machine name="Diamond Lady (Gottlieb)(1988)(Destruk, TAB)(1.0)[VP9][16-9 Destruk]">
		<description>Diamond Lady (Gottlieb)(1988)(Destruk, TAB)(1.0)[VP9][16-9 Destruk]</description>
		<rom name="16-9 Diamond Lady.vpt" size="4915200" crc="3062a70b" md5="8060be75875710d4012db95753a25e0a" sha1="60d4d9f6619bf35e5b7241ee1876188faa12628f" />
		<rom name="Diamond Lady screenshot.jpg" size="1378340" crc="81dee4c6" md5="25c6c331cd314bb0418acc89fa7e52dd" sha1="b61fb447e6be7bea2fc86581a47cf876ed82088e" />
	</machine>
	<machine name="Dinosaur Eggs (Alvin G. &amp; Co.)(1993)(Destruk, TAB)(1.0)[VP9][16-9 Destruk]">
		<description>Dinosaur Eggs (Alvin G. &amp; Co.)(1993)(Destruk, TAB)(1.0)[VP9][16-9 Destruk]</description>
		<rom name="16-9 Dinosaur Eggs.vpt" size="4782080" crc="c303c9ce" md5="8755c1348605c6dabc1e17df796ecb1e" sha1="218ac34d52ccec39366b8709008b01ce90bd2335" />
		<rom name="Dinosaur Eggs screenshot.jpg" size="1013533" crc="a8b971b1" md5="0a13094da099ee9a9fcd0b18ccf5d4bd" sha1="adc78050294eef19a09391f79b80e5ab1bfb814e" />
	</machine>
	<machine name="Eight Ball (Bally)(1977)(Furio, Hakyoku Seiken, Destruk)(1.0)[VP921]">
		<description>Eight Ball (Bally)(1977)(Furio, Hakyoku Seiken, Destruk)(1.0)[VP921]</description>
		<rom name="130.jpg" size="184122" crc="16e0436a" md5="f569a52dd88a4e7b842bdce43ea77a1b" sha1="e0cc8d0fbf05fb156a6486a88f18a99a13c07ce5" />
		<rom name="Eight Ball Remix v1.0.vpt" size="13434880" crc="f097c97f" md5="25591dea63e4dd0344495bf1fa0afe97" sha1="5c57b60f9026efa131bc2b694d01c8d41adec2d7" />
	</machine>
	<machine name="Eight Ball (Bally)(1977)(Hakyoku Seiken, Destruk)(1.0)[VP9][16-9 Destruk]">
		<description>Eight Ball (Bally)(1977)(Hakyoku Seiken, Destruk)(1.0)[VP9][16-9 Destruk]</description>
		<rom name="16-9 Eight Ball.vpt" size="9056768" crc="6cced746" md5="f3ca399699468eedbab385d993f8c6ec" sha1="6bd82773b58e7d6da1aa3f9b50c59287568afb57" />
		<rom name="Eight Ball screenshot.jpg" size="1385498" crc="97008b89" md5="b1fdd0aed97658a32dc73720978aeaf3" sha1="8cad9812f60754d17c8e34da934b4dda7e0c4fd6" />
	</machine>
	<machine name="Eight Ball Champ (Bally)(1985)(Scapino)(4.1)[VP9][16-9 Destruk]">
		<description>Eight Ball Champ (Bally)(1985)(Scapino)(4.1)[VP9][16-9 Destruk]</description>
		<rom name="16-9 Eight Ball Champ.vpt" size="6682624" crc="b2fc9062" md5="1b8dcd961ebeccc7fc30e7f5a2f9be09" sha1="841d1e9679503b1dd21c0acf620b35e5416affbe" />
		<rom name="Eight Ball Champ screenshot.jpg" size="1462456" crc="e82b8190" md5="97e3398940c8bc40b6e4753ef89dd3d2" sha1="1c47e336b33641751a3a0afa47164e0fefc1e02f" />
	</machine>
	<machine name="Eight Ball Deluxe (Bally)(1981)(DesAngel)(1.0)[VP9][16-9 Destruk]">
		<description>Eight Ball Deluxe (Bally)(1981)(DesAngel)(1.0)[VP9][16-9 Destruk]</description>
		<rom name="16-9 Eight Ball Deluxe.vpt" size="13965312" crc="f6c49276" md5="002c531210e4b5f9c8c85b3ccb6c9db4" sha1="34949ce04c46c1de8e551051fc1426085e8e9ad3" />
		<rom name="Eight Ball Deluxe screenshot.jpg" size="1497952" crc="f3e6be94" md5="dfe69183428e440256b6c38ea9e7b200" sha1="96de8e54e541d36d0c0b1102a639a78cf91f41c2" />
	</machine>
	<machine name="Elvis (Stern)(2004)(JPSalas)(1.0)[VP9][16-9 Destruk]">
		<description>Elvis (Stern)(2004)(JPSalas)(1.0)[VP9][16-9 Destruk]</description>
		<rom name="16-9 Elvis.vpt" size="7965184" crc="ae428cb7" md5="a589d844589dd3c8e2ae085c66479666" sha1="08103c39b2b8ae47b2ed236f9fbe5e5dc2c8bbd3" />
		<rom name="Elvis screenshot.jpg" size="1685611" crc="25581b85" md5="992a4c88e1aedd21d3901d7773d01a63" sha1="99bfb6a49983304ad2bdf24afb4352e325933713" />
	</machine>
	<machine name="Excalibur (Gottlieb)(1988)(Destruk, Jive)(1.0)[VP9][16-9 Destruk]">
		<description>Excalibur (Gottlieb)(1988)(Destruk, Jive)(1.0)[VP9][16-9 Destruk]</description>
		<rom name="16-9 Excalibur.vpt" size="2054144" crc="35b21656" md5="208af5fecc81dcc1b31f3ef2c8c9a950" sha1="c9ed51c35e5906325a56ead3a5736fabb6022c17" />
		<rom name="Excalibur screenshot.jpg" size="1506268" crc="2bf98a9b" md5="e929aeb8db097438e8dbdb9deb024df9" sha1="9a76e540004f4fd7975a661b0fa36a9ce6bf961d" />
	</machine>
	<machine name="Family Fun (GamePlan)(1979)(Destruk, Skalar, JBL_FUN, Inkochnito)(2.1)[VP9][16-9 Destruk]">
		<description>Family Fun (GamePlan)(1979)(Destruk, Skalar, JBL_FUN, Inkochnito)(2.1)[VP9][16-9 Destruk]</description>
		<rom name="16-9 Family Fun.vpt" size="1485824" crc="0aedf90c" md5="0b6d9516140a7b770071ea2e92e8e902" sha1="732d862f9c51a3da8e240a49c0220d2dd6c4ed60" />
		<rom name="Family Fun screenshot.jpg" size="464083" crc="520cc718" md5="04862e4dba31135f2dd06aaf9f8a3f63" sha1="3227cbcf5912d7a9c2c579ec2851e85d9cc82d75" />
	</machine>
	<machine name="Fathom (Bally)(1981)(Scapino)(4.1)[VP9][16-9 Destruk]">
		<description>Fathom (Bally)(1981)(Scapino)(4.1)[VP9][16-9 Destruk]</description>
		<rom name="16-9 Fathom.vpt" size="10931200" crc="844b0029" md5="a77c97a68807476e285c1d61cfb995ea" sha1="a316417d232937c0380683e564d35aea5b77e029" />
		<rom name="Fathom screenshot.jpg" size="1881652" crc="1402f246" md5="ab5919390d129fe49661cba83511e272" sha1="e4030d3411fea8cdde7a0389ee1dbcdd61a61c05" />
	</machine>
	<machine name="Fireball Classic (Bally)(1985)(DesAngel)(1.0)[VP9][16-9 Destruk]">
		<description>Fireball Classic (Bally)(1985)(DesAngel)(1.0)[VP9][16-9 Destruk]</description>
		<rom name="16-9 Fireball Classic.vpt" size="10489856" crc="4b1de7fc" md5="271722f42e285344864f37c1bb0a5f91" sha1="36d6329190846a0f70bd262b53737aeb7d2d609b" />
		<rom name="Fireball Classic screenshot.jpg" size="1285567" crc="a623de2d" md5="2d4dc0d7782701dfa30cddcb927f7610" sha1="e298a20b6141e1dc9588bfafb4450e07517a0c07" />
	</machine>
	<machine name="Fireball II (Bally)(1981)(Destruk, Satch)(1.0)[VP9][16-9 Destruk]">
		<description>Fireball II (Bally)(1981)(Destruk, Satch)(1.0)[VP9][16-9 Destruk]</description>
		<rom name="16-9 Fireball II.vpt" size="2277888" crc="e2bd5233" md5="fe7182988a2a0c4f1d5cd792d4ab21d9" sha1="9b51b00a63d6949aa6542dfa22d3c89478f2f902" />
		<rom name="Fireball II screenshot.jpg" size="1223658" crc="b1efc34f" md5="5e83aac12640b7d9daa82116c4a809b1" sha1="df5d03bdd82a040a11340d7ab3377084eaa013c5" />
	</machine>
	<machine name="Flame of Athens (Allied Leisure Industries)(1978)(Destruk, TAB, Gaston)(1.0)[VP9][16-9 Destruk]">
		<description>Flame of Athens (Allied Leisure Industries)(1978)(Destruk, TAB, Gaston)(1.0)[VP9][16-9 Destruk]</description>
		<rom name="16-9 Flame Of Athens.vpt" size="3592704" crc="f1d48023" md5="21bbbf8b3a77976576d17622ee32cd75" sha1="43363472a4eccafe95e76f623a4f308f82f0b99b" />
		<rom name="Flame of Athens screenshot.jpg" size="512769" crc="3ab21f0b" md5="c0e3150d59a3e234790db5e516a5a711" sha1="30bbce0dc4661301bdcccfad8f230bbea551fbf3" />
	</machine>
	<machine name="Flash Gordon (Bally)(1981)(Scapino)(3.1c)[VP9][16-9 Scapino]">
		<description>Flash Gordon (Bally)(1981)(Scapino)(3.1c)[VP9][16-9 Scapino]</description>
		<rom name="FlashGordonScapinoV3_1C_16x9.vpt" size="15568896" crc="13688b24" md5="949d499a657c8b77d196076f3e29633c" sha1="628e2fa465aa143c41f8d37d8268713f035bdadb" />
		<rom name="FlashGordonScapinoV3_1C_16x9Screenshot.jpg" size="493859" crc="ea33ced2" md5="a80d995b54f2d8c259b93e80f9582ded" sha1="2ed301f51bc9b63c1cded99ee02d545a96e9e798" />
		<rom name="FlashGordonV3_1_Readme.txt" size="2296" crc="7a2afd8f" md5="cd3eb56bf78b794e4f582f6beff939a5" sha1="c655567085cef9313f1c9fb62226ddfe7c2017c5" />
	</machine>
	<machine name="Flipper Football (Capcom)(1996)(Joep)(1.0)[VP9][16-9 Destruk]">
		<description>Flipper Football (Capcom)(1996)(Joep)(1.0)[VP9][16-9 Destruk]</description>
		<rom name="16-9 Flipper Football.vpt" size="7898624" crc="76f0b268" md5="3f3af09e99423e58f0a10711325289c5" sha1="1ab873840a565b532a32f68e4186fc9de1fd748f" />
		<rom name="Flipper Football screenshot.jpg" size="1434252" crc="36eb995a" md5="00dc59514752a7534209b671989fd492" sha1="af5b5e5a6e5fe2dc899be5aaf3cb6d0082ba0790" />
	</machine>
	<machine name="Foxy Lady (GamePlan)(1978)(Skalar, Destruk)(3.0)[VP9][16-9 Destruk]">
		<description>Foxy Lady (GamePlan)(1978)(Skalar, Destruk)(3.0)[VP9][16-9 Destruk]</description>
		<rom name="16-9 Foxy Lady.vpt" size="1789952" crc="b86b3871" md5="a2acdc3c41235265152d316f8adca6d3" sha1="37ce4259243655805f1154789991f6ac64887f9e" />
		<rom name="Foxy Lady screenshot.jpg" size="468809" crc="fe492ac7" md5="f533310c29e9eb914d702703e5d1d344" sha1="e2e8426ad80216135ec2f446c887d43716e16bd9" />
	</machine>
	<machine name="Frankenstein (SEGA)(1995)(Destruk, Scapino, TAB)(1.0)[VP9][16-9 Destruk]">
		<description>Frankenstein (SEGA)(1995)(Destruk, Scapino, TAB)(1.0)[VP9][16-9 Destruk]</description>
		<rom name="16-9 Frankenstein.vpt" size="6090240" crc="704e60c6" md5="d6c24a93a37a842d89cc2a62123435b8" sha1="c11ed8561bbf2780bedad31094c44e971466f9c2" />
		<rom name="Frankenstein screenshot.jpg" size="1640653" crc="025096b0" md5="6b0d9b64e9837962935e2e793210e28a" sha1="b86517d2e47e1d6a79b82b4af87f3e869111d17d" />
	</machine>
	<machine name="Gladiators (Gottlieb)(1993)(Joep)(1.0)[VP9][16-9 Destruk]">
		<description>Gladiators (Gottlieb)(1993)(Joep)(1.0)[VP9][16-9 Destruk]</description>
		<rom name="16-9 Gladiators.vpt" size="3385856" crc="d385aa58" md5="22ffe3517dea8df6bc22f1d45f5e2851" sha1="7113becc20cda0e779da4c435a2ea0d4253d418a" />
		<rom name="Gladiators screenshot.jpg" size="1705519" crc="7fd805ae" md5="5f965772d26c0675953d6420ef40ba87" sha1="35608287457cd248cadcd1111e8df1290aeae75f" />
	</machine>
	<machine name="Godzilla (SEGA)(1998)(Lander)(1.0)[VP9][16-9 Destruk]">
		<description>Godzilla (SEGA)(1998)(Lander)(1.0)[VP9][16-9 Destruk]</description>
		<rom name="16-9 Godzilla.vpt" size="5553152" crc="b5bf7082" md5="2b35883b10b9926fd56138fed8630e3b" sha1="66ad6a2d1079fe0f1cba445de6d20bc086efcc1f" />
		<rom name="Godzilla screenshot.jpg" size="1639396" crc="c1a7a20e" md5="d5ed13328b4a9251baba90768281be63" sha1="d3415264a71323e27e4ecc6c909f78714d0c881b" />
	</machine>
	<machine name="Golden Cue Tournament Edition (SEGA)(1998)(Destruk, TAB)(1.0)[VP9][16-9 Destruk]">
		<description>Golden Cue Tournament Edition (SEGA)(1998)(Destruk, TAB)(1.0)[VP9][16-9 Destruk]</description>
		<rom name="16-9 Golden Cue.vpt" size="6294528" crc="86be7f6f" md5="479c4d2fde095c93cdbcbab571789f3d" sha1="0483bb27eb58dbebd231a07071cd921f985143d9" />
		<rom name="Golden Cue Tournament Edition screenshot.jpg" size="1484966" crc="d9727de7" md5="eda0893a123941fc38ca1a1d29406c8d" sha1="d0b3b62cabced3a47621d9348f02441a44c7dc6a" />
	</machine>
	<machine name="Grand Prix (Stern)(2005)(Destruk, TAB)(1.0)[VP9][16-9 Destruk]">
		<description>Grand Prix (Stern)(2005)(Destruk, TAB)(1.0)[VP9][16-9 Destruk]</description>
		<rom name="16-9 Grand Prix.vpt" size="5145600" crc="73cd696d" md5="e175f8d4994197ad04ea64e85c25a58b" sha1="127ad94bce31de29fb0bcdd8c654327ada9152f1" />
		<rom name="Grand Prix screenshot.jpg" size="1584631" crc="39370b2e" md5="e230afe92270d2b654464e312e1b80a3" sha1="2d7119997f1328b042a3fe2924191bd2fe77c86a" />
	</machine>
	<machine name="Guns N' Roses (Data East)(1994)(Apocalypse, Sellenoff, PeBo)(1.2)[VP9][16-9 Destruk]">
		<description>Guns N' Roses (Data East)(1994)(Apocalypse, Sellenoff, PeBo)(1.2)[VP9][16-9 Destruk]</description>
		<rom name="16-9 Guns N' Roses.vpt" size="8241664" crc="7c5bcf31" md5="c5e70ea4e2b4c94b15250dd7a6292f5c" sha1="57df1098740510790e4a2d52135fb13cc5682984" />
		<rom name="Guns 'n Roses screenshot.jpg" size="1616491" crc="7441a354" md5="bb2399e8d0000b285d509991beb7351f" sha1="93f78ec9385234f35a1b084bbca9e9d2e5501acc" />
	</machine>
	<machine name="Hardbody (Bally)(1987)(Destruk)(1.0)[VP9][16-9 Destruk]">
		<description>Hardbody (Bally)(1987)(Destruk)(1.0)[VP9][16-9 Destruk]</description>
		<rom name="16-9 Hard Body.vpt" size="1851392" crc="c84d41bd" md5="926ab9d207bbab495e83f549500b1be9" sha1="d64dc039da88c9fdabf145c58626d4556f88819e" />
		<rom name="Hard Body screenshot.jpg" size="1318720" crc="e1d41842" md5="e07c4e143767fae3d78c616215482666" sha1="d715f521a0591e929771bcbffb631c9c6521466f" />
	</machine>
	<machine name="Hawkman (Taito do Brasil)(1983)(Maloti, Dox, Nico193, Destruk)(1.0)[VP9][16-9 Destruk]">
		<description>Hawkman (Taito do Brasil)(1983)(Maloti, Dox, Nico193, Destruk)(1.0)[VP9][16-9 Destruk]</description>
		<rom name="16-9 Hawkman.vpt" size="55964672" crc="6082d0ff" md5="47d58aa3b6bf0a60ee9b24d963490f3c" sha1="f9bd034548c73f0280e3ca579062f90114592ddb" />
		<rom name="Hawkman screenshot.jpg" size="1663000" crc="752c981f" md5="abf151bc91f81fa710873eacb8a7f3bb" sha1="272561bb31ba92af97ab304463c595fb8624060c" />
	</machine>
	<machine name="Hercules (Atari)(1979)(Eala Dubh Sidhe, Gaston, Destruk)(1.1a)[VP9][16-9 Destruk 1.0]">
		<description>Hercules (Atari)(1979)(Eala Dubh Sidhe, Gaston, Destruk)(1.1a)[VP9][16-9 Destruk 1.0]</description>
		<rom name="16-9 Hercules.vpt" size="2674176" crc="e824c106" md5="b73e0348d00acd84ea233a5f9f6eef84" sha1="1509974d8e15729bed485d84dfbe0d5270f74b46" />
		<rom name="Hercules screenshot.jpg" size="1217551" crc="c82e6c06" md5="54f3ecda7ce57b1df402de8ccfdc0ca8" sha1="334a9573a52b211c6795c9a1d32d92c3a1c5c2eb" />
	</machine>
	<machine name="Hollywood Heat (Gottlieb)(1986)(Gerhard Schindler)(1.0)[VP9][16-9 Destruk]">
		<description>Hollywood Heat (Gottlieb)(1986)(Gerhard Schindler)(1.0)[VP9][16-9 Destruk]</description>
		<rom name="16-9 Hollywood Heat.vpt" size="2610688" crc="02a2103d" md5="87ea2cfe5c854a1402abd65acda2346c" sha1="bd83c2b1d4ded1f14c5fa88ae43f34df7771b493" />
		<rom name="Hollywood Heat screenshot.jpg" size="1312765" crc="398a3739" md5="edf9944f8933d3867ad45f05afb22eba" sha1="85d2b32a2971981ac57712c5693a0d59790e0c42" />
	</machine>
	<machine name="Hoops (Gottlieb)(1991)(Destruk, TAB)(2006-01-22)[VP9][16-9 Destruk 1.0]">
		<description>Hoops (Gottlieb)(1991)(Destruk, TAB)(2006-01-22)[VP9][16-9 Destruk 1.0]</description>
		<rom name="16-9 Hoops.vpt" size="6583808" crc="236d04b3" md5="862cfe68b453d3b54897f8cf81ff8919" sha1="c9fbb659cdf206d5be1a2d9d58eb2b6f1c83dccb" />
		<rom name="Hoops screenshot.jpg" size="1350123" crc="a535a848" md5="83982d7bcdacbc90850465b4e39c55dc" sha1="bc982bd20e23e6836b23c51a4b31a7baf2c7f289" />
	</machine>
	<machine name="Hot Tip (Williams)(1977)(TAB, Destruk)(1.0)[VP9][16-9 Destruk]">
		<description>Hot Tip (Williams)(1977)(TAB, Destruk)(1.0)[VP9][16-9 Destruk]</description>
		<rom name="16-9 Hot Tip.vpt" size="4602880" crc="33864e43" md5="dd607ec52846e967e6a5a94acfd78bab" sha1="b98da5c11a1f6e0916decbe45823d02739974267" />
		<rom name="Hot Tip screenshot.jpg" size="1187678" crc="fe6da97d" md5="15aea663c6c6a06ec06bc269eeb93305" sha1="7bd9cae10cc93e8c3f80899720dd71698ee8cec1" />
	</machine>
	<machine name="Hyperball (Williams)(1981)(Destruk, Gaston, TAB)(1.0)[VP9][16-9 Destruk]">
		<description>Hyperball (Williams)(1981)(Destruk, Gaston, TAB)(1.0)[VP9][16-9 Destruk]</description>
		<rom name="16-9 Hyperball.vpt" size="4486144" crc="0d86a131" md5="262bc92f0a21da5f7e900e3f2c57dcc8" sha1="90bf9585dc2cbb3d087c96a55a79bb0b949144ad" />
		<rom name="Hyperball screenshot.jpg" size="1335718" crc="7362ca5e" md5="8a78c88f7e52839ee7832e6956ec60b8" sha1="9cf916f3fa5c01b32c21bf20728d8a42ae409a3b" />
	</machine>
	<machine name="Indiana Jones - The Pinball Adventure (Williams)(1993)(Destruk)(1.0)[VP9][16-9 Destruk]">
		<description>Indiana Jones - The Pinball Adventure (Williams)(1993)(Destruk)(1.0)[VP9][16-9 Destruk]</description>
		<rom name="16-9 Indiana Jones.vpt" size="26101760" crc="52ca192b" md5="359183603e253baa1f9b388a988bc869" sha1="f736605b5714b5eeccdf003c52a23f323bebc691" />
		<rom name="Indiana Jones - The Pinball Adventure screenshot.jpg" size="1854745" crc="4c312c9d" md5="27f04545f7cc9b172a083a81a482a85c" sha1="0bfa710c976364d38c5ddc4d39579ef9c2f4b8e9" />
	</machine>
	<machine name="Iron Maiden (Stern)(1982)(Destruk, Inkochnito, Kristian, Skalar)(1.0)[VP9][16-9 Destruk]">
		<description>Iron Maiden (Stern)(1982)(Destruk, Inkochnito, Kristian, Skalar)(1.0)[VP9][16-9 Destruk]</description>
		<rom name="16-9 Iron Maiden.vpt" size="9134592" crc="b81416c0" md5="e81254a9fac3cfc092ff0a2457fff5ab" sha1="2e170724f111661763cbd428b97ed5d656369bd9" />
		<rom name="Iron Maiden screenshot.jpg" size="1391330" crc="fc959302" md5="0f3afe2f69745db806b0250575785c7b" sha1="8764b05b388b2c7df32894d098041ee549882d7f" />
	</machine>
	<machine name="Jack-Bot (Williams)(1995)(BubleHead)(1.0)[VP9][16-9 Destruk]">
		<description>Jack-Bot (Williams)(1995)(BubleHead)(1.0)[VP9][16-9 Destruk]</description>
		<rom name="16-9 Jackbot.vpt" size="5523968" crc="ba95d029" md5="a843b69d326b367054852e52324d3dcf" sha1="63a36b72648b4758bfed7941e6c0a248eb4eab99" />
		<rom name="Jack Bot screenshot.jpg" size="1553161" crc="a82f280e" md5="d135c3583798884e82233725be636612" sha1="166ebb9022d0d0c6ea4bd0d56af8bb5738e0c408" />
	</machine>
	<machine name="Joker Poker (Gottlieb)(1978)(Destruk, TAB)(1.0)[VP9][16-9 Destruk]">
		<description>Joker Poker (Gottlieb)(1978)(Destruk, TAB)(1.0)[VP9][16-9 Destruk]</description>
		<rom name="16-9 Joker Poker.vpt" size="7325184" crc="2fd398b5" md5="f5f4d556fba03f52f0f39baad75ccaaf" sha1="03711b1e26c0c959a16f08f38bdce367bc1a77fc" />
		<rom name="Joker Poker screenshot.jpg" size="1345399" crc="7935cb34" md5="8feade221022f964304a0a1b2a1df499" sha1="ba58ea353f870040d8597376e73075e20b49fd2c" />
	</machine>
	<machine name="Lady Luck (Bally)(1986)(Destruk)(1.0)[VP9][16-9 Destruk]">
		<description>Lady Luck (Bally)(1986)(Destruk)(1.0)[VP9][16-9 Destruk]</description>
		<rom name="16-9 Lady Luck.vpt" size="2582016" crc="56252410" md5="d771d18862faff0d4291015f907aad03" sha1="3a61047f1db78f56fe10a8afc839ade927628af8" />
		<rom name="Lady Luck screenshot.jpg" size="1208563" crc="6d13b91b" md5="37b05b9db0a9972ef8c0566f37aed6d7" sha1="9be75798e8d9b29dc8fc1f15222bb005b1d0de9b" />
	</machine>
	<machine name="Lectronamo (Stern)(1978)(Destruk, Inkochnito, Nedo, Skalar, TAB)(1.0)[VP9][16-9 Destruk]">
		<description>Lectronamo (Stern)(1978)(Destruk, Inkochnito, Nedo, Skalar, TAB)(1.0)[VP9][16-9 Destruk]</description>
		<rom name="16-9 Lectronamo.vpt" size="6934016" crc="596e2de8" md5="9315ceef34c27b9d99bf2bf590f5d031" sha1="557935a02a39315a088cced89f06ceb6cf074405" />
		<rom name="Lectronamo screenshot.jpg" size="1354035" crc="9c991478" md5="92ea7d10a887fbe5197aa399b521a764" sha1="543c663f6225aa1a015605654d26d076ac3cb196" />
	</machine>
	<machine name="Lethal Weapon 3 (Data East)(1992)(Joep)(1.0)[VP9][16-9 Destruk]">
		<description>Lethal Weapon 3 (Data East)(1992)(Joep)(1.0)[VP9][16-9 Destruk]</description>
		<rom name="16-9 Lethal Weapon 3.vpt" size="7723520" crc="78f35fa0" md5="dfd5a7841224a218ecdea8681a720c94" sha1="0bd12e69822ead016f730c47f44c1a82eb928d42" />
		<rom name="Lethal Weapon 3 screenshot.jpg" size="1497070" crc="d3f01582" md5="47b7703f40c1b2c176851b08b1633a78" sha1="aef9dfe4a923a09b2c685d6bafcc3a7103858c49" />
	</machine>
	<machine name="Lords of the Rings, The (Stern)(2003)(Destruk, UncleReamus)(1.0)[VP9][16-9 Destruk]">
		<description>Lords of the Rings, The (Stern)(2003)(Destruk, UncleReamus)(1.0)[VP9][16-9 Destruk]</description>
		<rom name="16-9 Lord of the Rings Decals Emulated Sound.vpt" size="7662080" crc="0ea629da" md5="52a683e908b6a782de4a50f4c53d225b" sha1="c397095be6eee6e117c7657f0f46ae9f7ca36706" />
		<rom name="Lords of the Rings, The screenshot.jpg" size="1530986" crc="746d10bd" md5="fe3ea6baec10ce9196bbcd623ab6b58f" sha1="d9bc9c1f3f8400ffea98f1cdc128beeab7afe1b7" />
	</machine>
	<machine name="Lost in Space (SEGA)(1998)(Destruk, TAB)(1.0)[VP9][16-9 Destruk]">
		<description>Lost in Space (SEGA)(1998)(Destruk, TAB)(1.0)[VP9][16-9 Destruk]</description>
		<rom name="16-9 Lost In Space.vpt" size="2596352" crc="6160e2f8" md5="37703d26b1e8a1efebf68b693c1a7536" sha1="a637677a6afafe05d529a79f2c94ff033b159ba9" />
		<rom name="Lost in Space screenshot.jpg" size="1419363" crc="774a0952" md5="edeb8f0af472af4a5f37393e6cc24333" sha1="72cf25979c4bd6b9c25d5e60045ebf28304de768" />
	</machine>
	<machine name="Lucky Seven (Williams)(1978)(TAB, Destruk)(1.0)[VP9][16-9 Destruk]">
		<description>Lucky Seven (Williams)(1978)(TAB, Destruk)(1.0)[VP9][16-9 Destruk]</description>
		<rom name="16-9 Lucky Seven.vpt" size="10044416" crc="51bfe8d1" md5="23c4bb2ddbcb20a23e3b748461bee6a7" sha1="82b306516021403962efeda1d26dcbb8acccaf71" />
		<rom name="Lucky Seven screenshot.jpg" size="1264410" crc="10e9461c" md5="6af9d316c3fee0a69a6494893d188e18" sha1="d4ff208f903472869ee9bd82b28549beb09a5865" />
	</machine>
	<machine name="Mata Hari (Bally)(1978)(Scapino)(1.0c)[VP9][16-9 Scapino]">
		<description>Mata Hari (Bally)(1978)(Scapino)(1.0c)[VP9][16-9 Scapino]</description>
		<rom name="Mata Hari (Bally)(1978)(Scapino)(1.0c)[VP9][16-9 Scapino].vpt" size="10866176" crc="e4ce957a" md5="0fe760d2b16976c88e66bb0bba7df716" sha1="995d5fef2ac55ce4a3c3943a5f775e6237723344" />
		<rom name="Mata Hari ReadMe.txt" size="826" crc="753cb5a8" md5="d2d8f11befa0796469caad6808e61bee" sha1="a115e4c306f6a090e074cbae51c1534cbd6ff268" />
		<rom name="Mata Hari screenshot.jpg" size="431610" crc="2d000e0a" md5="8dfdcba1d36612f45e54a1c078b8c050" sha1="a93e322469006d72005c7925f5ab91ce4573c3b5" />
	</machine>
	<machine name="Middle Earth (Atari)(1978)(Ash, Destruk)(1.0)[VP9][16-9 Destruk]">
		<description>Middle Earth (Atari)(1978)(Ash, Destruk)(1.0)[VP9][16-9 Destruk]</description>
		<rom name="16-9 Middle Earth.vpt" size="2429952" crc="3962624a" md5="62d2114951f351296d63565d5ae03d6c" sha1="f647b172aae606d1f9e431e0374f6ecef20ab410" />
		<rom name="Middle Earth screenshot.jpg" size="1375119" crc="e9e94945" md5="b28f4a3391b5e12c3c444194a1bdb51a" sha1="38af5c8fb063f6af2e6253b797df4328f515fe2e" />
	</machine>
	<machine name="Monte Carlo (Gottlieb)(1987)(Destruk, Lander)(1.0)[VP9][16-9 Destruk]">
		<description>Monte Carlo (Gottlieb)(1987)(Destruk, Lander)(1.0)[VP9][16-9 Destruk]</description>
		<rom name="16-9 Monte Carlo.vpt" size="4849664" crc="1b8d386f" md5="e27dab3650fc5d8ca408faaeaf3974df" sha1="1f2cf25993504bf3851d0118224117f6f4df71f3" />
		<rom name="Monte Carlo screenshot.jpg" size="1402435" crc="299961e0" md5="8725750114ca44adc067ba83d6a92283" sha1="3c46fee5473e767e91666bd8bd1a20e9a1543662" />
	</machine>
	<machine name="Motor Show (Mr. Game)(1989)(TAB, Destruk)(1.0)[VP9][16-9 Destruk]">
		<description>Motor Show (Mr. Game)(1989)(TAB, Destruk)(1.0)[VP9][16-9 Destruk]</description>
		<rom name="16-9 Motor Show.vpt" size="3714560" crc="b8ebc4a5" md5="288537ea37f6a09b98e0dea1c626df95" sha1="862ee55460f1440eabe57e4cd2aa60a32ce63516" />
		<rom name="Motor Show screenshot.jpg" size="1466849" crc="f49c2bab" md5="b220e9c38fb74813ff6f246f7e179561" sha1="b5eb299568aefde3f74dd9e47012399a399fe153" />
	</machine>
	<machine name="Motordome (Bally)(1986)(Destruk, TAB)(1.0)[VP9][16-9 Destruk]">
		<description>Motordome (Bally)(1986)(Destruk, TAB)(1.0)[VP9][16-9 Destruk]</description>
		<rom name="16-9 Motordome.vpt" size="4669440" crc="a50fb88a" md5="b35a5f3cb9916dc6d922bf679c051f35" sha1="62ff77817a7153fdc06dba325abb82e05277e3f4" />
		<rom name="Motordome screenshot.jpg" size="1491722" crc="ed31a863" md5="6b5f00325d1e4a924ca0ef4512350f12" sha1="a40ae2bff7d4675a2c6a2bf7722f6edc99c33079" />
	</machine>
	<machine name="NASCAR (Stern)(2005)(TAB, Destruk)(1.0)[VP9][16-9 Destruk]">
		<description>NASCAR (Stern)(2005)(TAB, Destruk)(1.0)[VP9][16-9 Destruk]</description>
		<rom name="16-9 Nascar.vpt" size="5654016" crc="a5ccb1a7" md5="5a8fed246b83b6e6bfd7ece565f1d447" sha1="20a265dd1c976b7d29565c6ec97eb47c7b407c85" />
		<rom name="Nascar screenshot.jpg" size="1650204" crc="d127f5a1" md5="41e18d4beff9841962b8cc8774cf82f5" sha1="f87d134b1168bbb28a5aad02eabee6d50ae442da" />
	</machine>
	<machine name="NFL (Stern)(2001)(Joep, Destruk, TAB)(1.0)[VP9][16-9 Destruk]">
		<description>NFL (Stern)(2001)(Joep, Destruk, TAB)(1.0)[VP9][16-9 Destruk]</description>
		<rom name="16-9 NFL.vpt" size="4147712" crc="9e2cfeea" md5="97691ad0f75213a339c5a1483d585aca" sha1="8682cb2fa401ffb5fae98e471867ab79a31ab68e" />
		<rom name="NFL screenshot.jpg" size="1477022" crc="a3edb4ea" md5="b9390c49e0a4bf2fa9ce843fe021c383" sha1="51399bd1228b4197210f8bac0ad4de43152e64cc" />
	</machine>
	<machine name="Night Moves (Gottlieb)(1989)(TAB, Destruk)(1.2)[VP9][16-9 Destruk]">
		<description>Night Moves (Gottlieb)(1989)(TAB, Destruk)(1.2)[VP9][16-9 Destruk]</description>
		<rom name="16-9 Night Moves.vpt" size="2502144" crc="e8766417" md5="42c91193f186869dc8db890058d7a724" sha1="2c1274ae998bd4c909bbc5aa6cbfaa22cc0ac29f" />
		<rom name="Night Moves screenshot.jpg" size="601500" crc="7ed590f2" md5="0a880e7bc7b52b2e6d7ee992823bd584" sha1="317dcb7491c0e24ba12a4528432fb5ff7791b0bc" />
	</machine>
	<machine name="No Fear - Dangerous Sports (Williams)(1995)(Kid Charlemagne)(1.0)[VP9][16-9 Destruk]">
		<description>No Fear - Dangerous Sports (Williams)(1995)(Kid Charlemagne)(1.0)[VP9][16-9 Destruk]</description>
		<rom name="16-9 No Fear.vpt" size="4945920" crc="37cc02cf" md5="45a3bf9e619936ed9e315f4fb21600a1" sha1="56666d9e936dc797abd25071627a27316375eeda" />
		<rom name="No Fear screenshot.jpg" size="1644735" crc="b706bd25" md5="d02b46639ccf553fdad3d5d4376630e9" sha1="87fcc40b1b09e75cc7a264ae00c84e89b396eb01" />
	</machine>
	<machine name="No Good Gofers! (Williams)(1997)(TAB, Destruk, Kristian, Shiva)(3.2)[VP9][16-9 Destruk]">
		<description>No Good Gofers! (Williams)(1997)(TAB, Destruk, Kristian, Shiva)(3.2)[VP9][16-9 Destruk]</description>
		<rom name="16-9 No Good Gofers.vpt" size="6000640" crc="21778e94" md5="d12a96965d099ca582343ed5bc39e1c8" sha1="cced8666d52d2f78d40f2562f4c8cc7e9048baae" />
		<rom name="No Good Gofers! screenshot.jpg" size="1697702" crc="01f3773a" md5="f002c26ee8b6e15f51d81ce651a6a3ed" sha1="fbf52c5e32134242e24cd02ea1cbf7aa9b5a4bb6" />
	</machine>
	<machine name="Party Animal (Bally)(1987)(Destruk, TAB)(1.0)[VP9][16-9 Destruk]">
		<description>Party Animal (Bally)(1987)(Destruk, TAB)(1.0)[VP9][16-9 Destruk]</description>
		<rom name="16-9 Party Animal.vpt" size="9770496" crc="dff68dc5" md5="100c9d53ec24f807460bd9bd36e316dc" sha1="8cf0f62bc0116c6ad3e894ceb43bcb05e5277e7a" />
		<rom name="Party Animal screenshot.jpg" size="1443455" crc="645c77af" md5="e3174c7d38daaad6a7c36481e5b2bb86" sha1="d73b38db1581198cc1eab82bbb301350b4641017" />
	</machine>
	<machine name="Police Force (Williams)(1989)(JPSalas)(1.0)[VP9][16-9 Destruk]">
		<description>Police Force (Williams)(1989)(JPSalas)(1.0)[VP9][16-9 Destruk]</description>
		<rom name="16-9 Police Force.vpt" size="12716032" crc="11998492" md5="8921f33a688ff420e4eec4613a50fde5" sha1="128e474d47c142b2cdd5d50b3c10fc3b7a7c6455" />
		<rom name="Police Force screenshot.jpg" size="1586638" crc="3c7c7869" md5="637f50c590ca1956af166487acf5a2e9" sha1="0fab912316fe8484415191144fd5ebc098e711c2" />
	</machine>
	<machine name="Punchy the Clown (Alvin G. &amp; Co.)(1993)(Destruk, TAB)(1.0)[VP9][16-9 Destruk]">
		<description>Punchy the Clown (Alvin G. &amp; Co.)(1993)(Destruk, TAB)(1.0)[VP9][16-9 Destruk]</description>
		<rom name="16-9 Punchy The Clown.vpt" size="4247040" crc="81f9343d" md5="52fcdf618a977f986db11bf31a5820da" sha1="428c7bc4a68440f3a42f627670752596bdd7119e" />
		<rom name="Punchy the Clown screenshot.jpg" size="1619370" crc="7e095a5b" md5="48de647633074a1b0d3128764fd8c815" sha1="8c9ea00e5a85e91339651681024b6c6d35bed660" />
	</machine>
	<machine name="Q-Bert's Quest (Gottlieb)(1983)(TAB, Destruk)(1.0)[VP9][16-9 Destruk]">
		<description>Q-Bert's Quest (Gottlieb)(1983)(TAB, Destruk)(1.0)[VP9][16-9 Destruk]</description>
		<rom name="16-9 Q-Bert's Quest.vpt" size="5442048" crc="0f50f2d3" md5="e3079612296288dc41e0c83cc1c9973d" sha1="c315f053f862d15705ab489576687bda9b7a59e1" />
		<rom name="QBert's Quest screenshot.jpg" size="1253579" crc="a784c0d4" md5="22e5b21f113aef2a169086998c515968" sha1="5a50f2f5f6e3e3391a48f32f43340215d0ee5769" />
	</machine>
	<machine name="Radical! (Bally)(1990)(Destruk, Lio)(1.01)[VP9][16-9 Destruk]">
		<description>Radical! (Bally)(1990)(Destruk, Lio)(1.01)[VP9][16-9 Destruk]</description>
		<rom name="16-9 Radical.vpt" size="6184960" crc="906193a2" md5="4c5ae7f7d897975884db95d90bb2fb11" sha1="7674c9e52197eb99daf53dbd4bf93036adfc06cf" />
		<rom name="Radical! screenshot.jpg" size="1627406" crc="26072585" md5="abfb49963def024025e01b74220ec161" sha1="5bdfda8eee48703be1343097f0b590461f60da85" />
	</machine>
	<machine name="Rally (Taito do Brasil)(1980)(PeBo, Apocalypse, Destruk, Bezeen)(1.0)[VP9][16-9 Destruk]">
		<description>Rally (Taito do Brasil)(1980)(PeBo, Apocalypse, Destruk, Bezeen)(1.0)[VP9][16-9 Destruk]</description>
		<rom name="16-9 Rally.vpt" size="37974016" crc="ce98929f" md5="61c7e459fd5e56d3157652e16361df57" sha1="3474a0b41ec23dcfc41d22f2f11f51a565954068" />
		<rom name="Rally screenshot.jpg" size="1494135" crc="cd00e7e2" md5="d6609eac0bec8c45f49afb50ae84c2fe" sha1="3d4e8a316cb7912181f3c1f8680554484bf2726f" />
	</machine>
	<machine name="Raven (Gottlieb)(1986)(Destruk, TAB, Moonchild)(1.0)[VP9][16-9 Destruk]">
		<description>Raven (Gottlieb)(1986)(Destruk, TAB, Moonchild)(1.0)[VP9][16-9 Destruk]</description>
		<rom name="16-9 Raven.vpt" size="4468736" crc="4357cc21" md5="888b1013169480aa761791884a929140" sha1="25979717e28e3e0a4a64ab0f257a1ddd96b2ddab" />
		<rom name="Raven screenshot.jpg" size="1390089" crc="2a1d9a59" md5="13ba89e0a8df4bec453baf9715332b37" sha1="5b6c3fac80d907adebd5824edd0d9b48cb02a411" />
	</machine>
	<machine name="Real (GamePlan)(1978)(Destruk, TAB, Skalar)(1.0)[VP9][16-9 Destruk]">
		<description>Real (GamePlan)(1978)(Destruk, TAB, Skalar)(1.0)[VP9][16-9 Destruk]</description>
		<rom name="16-9 Real.vpt" size="2527744" crc="7316234e" md5="6905ad8249d00b1da6996b6fd04a1a59" sha1="c898960bf38be917d88eaf25cd0fe22f2f50b494" />
		<rom name="Real screenshot.jpg" size="501573" crc="30cef094" md5="27c4926278ceaa2c953299b105738938" sha1="fa008df5cd48a26d024bfb2d4e164d19bc448544" />
	</machine>
	<machine name="Ripley's Believe It or Not! (Stern)(2004)(JPSalas)(1.0)[VP9][16-9 Destruk]">
		<description>Ripley's Believe It or Not! (Stern)(2004)(JPSalas)(1.0)[VP9][16-9 Destruk]</description>
		<rom name="16-9 Ripley's Believe it or Not.vpt" size="7403520" crc="19016c11" md5="3461d6e72b9b4e20d3b0bf1ee2e676b0" sha1="b92c6c66eef63ca71cc0bca83e1542fb90c2a98c" />
		<rom name="Ripley's Believe It or Not! screenshot.jpg" size="1723978" crc="275e85c4" md5="322ff04fc8349bc7baaf583524df5cb0" sha1="6aa3e6fab05edc46cb5e0d8b7a01467f651ad874" />
	</machine>
	<machine name="Road Kings (Williams)(1986)(Destruk, TAB)(1.0)[VP9][16-9 Destruk]">
		<description>Road Kings (Williams)(1986)(Destruk, TAB)(1.0)[VP9][16-9 Destruk]</description>
		<rom name="16-9 Road Kings.vpt" size="14993920" crc="c2befb7d" md5="6aef467579a2055d48ba9ec70b60397a" sha1="3374a88515df3b2568c362bdfad553c2db927256" />
		<rom name="Road Kings screenshot.jpg" size="1334796" crc="e69326b5" md5="69020d81abe81f23abf2459ea82f064d" sha1="9cba5aa4cc7a94c0ccf3f9d478c2dff703af2e97" />
	</machine>
	<machine name="Road Runner (Atari)(1979)(Destruk, TAB)(1.0)[VP9][16-9 Destruk]">
		<description>Road Runner (Atari)(1979)(Destruk, TAB)(1.0)[VP9][16-9 Destruk]</description>
		<rom name="16-9 Road Runner.vpt" size="2981888" crc="c055acaa" md5="74b0346badefe33d5f9e6cddfc77389e" sha1="2ac02b0f3bda0df8463661f32f042e187397fb58" />
		<rom name="Roadrunner screenshot.jpg" size="1468257" crc="9533f713" md5="49e38311f7a3b932e1485268819c12ff" sha1="00b4939760427ef594c96df679a0df4b5a9e13b5" />
	</machine>
	<machine name="RoboCop (Data East)(1989)(JPSalas)(1.0)[VP9][16-9 Destruk]">
		<description>RoboCop (Data East)(1989)(JPSalas)(1.0)[VP9][16-9 Destruk]</description>
		<rom name="16-9 Robocop.vpt" size="14747648" crc="1d0c77e5" md5="8617a8ed1d8d43b43f0c4a3ca1c3f194" sha1="605c34dc128f18840f4dc42acc22c0699290a6ff" />
		<rom name="Robocop screenshot.jpg" size="1641132" crc="e19e819b" md5="6087503978ee90ca8b61583781ec7179" sha1="08ab7b4ebfe0cc1358ebe1564d80907b21fb0c18" />
	</machine>
	<machine name="Rock On (Allied Leisure Industries)(1975)(TAB, Destruk, Gaston)(1.0)[VP9][16-9 Destruk]">
		<description>Rock On (Allied Leisure Industries)(1975)(TAB, Destruk, Gaston)(1.0)[VP9][16-9 Destruk]</description>
		<rom name="16-9 Rock On.vpt" size="6643200" crc="9242a4b0" md5="1fc5b75ca2caa3c1dc8a7b1d1e92f17e" sha1="e2c0e0f802c8cab99bcf8449e8501566e8d5dcf0" />
		<rom name="Rock On screenshot.jpg" size="1309103" crc="aab427fa" md5="17171e811185368266c3c1aa9adc3d12" sha1="07f699fa285d5a01cf4f61b0b3f724911b6a054e" />
	</machine>
	<machine name="Rollergames (Williams)(1990)(cyBORG, MrHide)(1.0)[VP9][16-9 Destruk]">
		<description>Rollergames (Williams)(1990)(cyBORG, MrHide)(1.0)[VP9][16-9 Destruk]</description>
		<rom name="16-9 Rollergames.vpt" size="6943744" crc="031fb23f" md5="849b7bd18afdec0aaf860816534e3b33" sha1="7200ce70d27e8390d3c81b10ced2e05eea1bcdd8" />
		<rom name="Rollergames screenshot.jpg" size="1600862" crc="f600b044" md5="18e593dac04df3e4276db1002c453e6e" sha1="4bfbd6022664f49d8a635e9105d603f8d0999ad2" />
	</machine>
	<machine name="Rotation VIII (Bally)(1978)(Gaston, Destruk, Apocalypse, Skalar)(1.0)[VP9][16-9 Destruk]">
		<description>Rotation VIII (Bally)(1978)(Gaston, Destruk, Apocalypse, Skalar)(1.0)[VP9][16-9 Destruk]</description>
		<rom name="16-9 Rotation VIII.vpt" size="1960960" crc="43033469" md5="ccaefc8c72b55559512136fcd1bbd113" sha1="3fc07f71d8e9563e7641cdebb4f3315748b666f7" />
		<rom name="Rotation VIII screenshot.jpg" size="531573" crc="ad67b716" md5="e81869ea898f0468c4151a96a1f6291c" sha1="c42d66809d4aed8bbb4aab3a0618925a321f70ce" />
		<rom name="rotation.nv" size="302" crc="d4ea4f81" md5="bb2a5ec9ef8fd59dc0b5283ff258e40b" sha1="e30d607ea424576401452bfd031f733e7c659dc9" />
	</machine>
	<machine name="Royal Flush Deluxe (Gottlieb)(1983)(Hugh, Destruk, Ash)(1.0)[VP9][16-9 Destruk]">
		<description>Royal Flush Deluxe (Gottlieb)(1983)(Hugh, Destruk, Ash)(1.0)[VP9][16-9 Destruk]</description>
		<rom name="16-9 Royal Flush Deluxe.vpt" size="7018496" crc="c8f6ce5f" md5="f3aff6398c0e14e72840141f78d0093c" sha1="8aeabeffa65a0b1379a3a718f8162c3aecfc793a" />
		<rom name="Royal Flush Deluxe screenshot.jpg" size="1255878" crc="06e41261" md5="5f4c7c2c1f11f96e384f7730ef901bad" sha1="7e4f9a69a83967788a97a97e6abe24fd85c25d9f" />
	</machine>
	<machine name="Shadow, The (Bally)(1994)(Pinball Ken)(1.0)[VP9][16-9 Destruk]">
		<description>Shadow, The (Bally)(1994)(Pinball Ken)(1.0)[VP9][16-9 Destruk]</description>
		<rom name="16-9 Shadow.vpt" size="3747328" crc="ca0d4668" md5="4b259a5d958fcf898aef9540f906905d" sha1="680809e5a6764157f9d52842b1c37a1b9bb7df13" />
		<rom name="Shadow, The screenshot.jpg" size="1480760" crc="1231ea48" md5="2329257af52b2e6079bec426542ecd8e" sha1="92d72da32632d5fdbbe262ec91d1524bfdace534" />
	</machine>
	<machine name="Six Million Dollar Man, The (Bally)(1978)(Robair, Satch, Destruk)(1.0)[VP9][16-9 Destruk]">
		<description>Six Million Dollar Man, The (Bally)(1978)(Robair, Satch, Destruk)(1.0)[VP9][16-9 Destruk]</description>
		<rom name="16-9 Six Million Dollar Man.vpt" size="4269568" crc="67489840" md5="95c8085814ec897469edb2d0e71fcf10" sha1="946af7ad0f5f4be17abedb146b43dacdbb074673" />
		<rom name="Six Million Dollar Man, The screenshot.jpg" size="1468642" crc="6d6077df" md5="d2ab111863b1df7e9efb3ec6dd7deb83" sha1="eee377f07682ece1fcfd10753cccd9e928cb8f6b" />
	</machine>
	<machine name="Sopranos, The (Stern)(2005)(wtiger)(1.0)[VP9][16-9 Destruk]">
		<description>Sopranos, The (Stern)(2005)(wtiger)(1.0)[VP9][16-9 Destruk]</description>
		<rom name="16-9 Sopranos.vpt" size="5529088" crc="81ef39b3" md5="4979f6790518e90c825fcf415359525e" sha1="3539f1fa83ec9d1aa668ae625c8ccc2dca1333fe" />
		<rom name="Sopranos, The screenshot.jpg" size="1532999" crc="22b258c3" md5="ba2c58de8069748c3d404bff6e2bb81f" sha1="eb8f5e1bfd15ca3c36620b94c786add24a43a5e4" />
	</machine>
	<machine name="Space City (Zaccaria)(1979)(Destruk, LuvThatApex)(1.0)[VP9][16-9 Destruk]">
		<description>Space City (Zaccaria)(1979)(Destruk, LuvThatApex)(1.0)[VP9][16-9 Destruk]</description>
		<rom name="16-9 Space City.vpt" size="12896768" crc="b1c1ecf5" md5="d43e145f5281de9fbd321e491caea05c" sha1="9f8c6fe5dce37d693c6ab2748ac53d44809c0e8b" />
		<rom name="Space City screenshot.jpg" size="1523017" crc="11531e9a" md5="2937acd0679cb8976552d10b93f3aed2" sha1="b3e1bf5deb50a89bdf544e922ab5952a86195687" />
	</machine>
	<machine name="Space Riders (Atari)(1978)(Eala Dubh Sidhe, Destruk)(1.0)[VP9][16-9 Destruk]">
		<description>Space Riders (Atari)(1978)(Eala Dubh Sidhe, Destruk)(1.0)[VP9][16-9 Destruk]</description>
		<rom name="16-9 Space Riders.vpt" size="4707840" crc="0e768d4c" md5="90b9d74456f7a0a0d7a2fc03617576f4" sha1="8f7b79357c3dc7d3ff0175c27e33e210965cdbc4" />
		<rom name="Space Riders screenshot.jpg" size="1427446" crc="e57b828e" md5="374f28ee3c4c1d97f40542afd1659f3d" sha1="a2e5375987d3d134c9da6554fa74e5c579140039" />
	</machine>
	<machine name="Spy Hunter (Bally)(1984)(Cyborg, Destruk)(1.0)[VP9][16-9 Destruk]">
		<description>Spy Hunter (Bally)(1984)(Cyborg, Destruk)(1.0)[VP9][16-9 Destruk]</description>
		<rom name="16-9 Spy Hunter.vpt" size="4276224" crc="0cfe6817" md5="3fa16b56f7fc962c6be91fb69bcd7ffa" sha1="fc2d951181894ede35ecaa421ed103fd0d08ac1e" />
		<rom name="Spy Hunter screenshot.jpg" size="1387168" crc="cc639edd" md5="def2b9923692cceb1552fc09672519de" sha1="c2f31c98ff03add45fd963f05f3a9a30ba8ee9ce" />
	</machine>
	<machine name="Star Shooter (Allied Leisure Industries)(1979)(TAB, Destruk, Gaston)(1.0)[VP9][16-9 Destruk]">
		<description>Star Shooter (Allied Leisure Industries)(1979)(TAB, Destruk, Gaston)(1.0)[VP9][16-9 Destruk]</description>
		<rom name="16-9 Star Shooter.vpt" size="6559232" crc="aaca16e6" md5="684d2d05bc4c2b465ea47c2fca173f24" sha1="ca6ab377d7036fccaceb0816bfdfa5761b2cdd84" />
		<rom name="Star Shooter screenshot.jpg" size="563193" crc="c62741d5" md5="fa91480965cbbe68f0e3de93db1b56f6" sha1="238513a4ae22f425e78e2bfffc259f22ed8a5ec1" />
	</machine>
	<machine name="Star Trek - The Next Generation (Williams)(1993)(BlueTex, Destruk, Sellenoff)(1.0)[VP9][16-9 Destruk]">
		<description>Star Trek - The Next Generation (Williams)(1993)(BlueTex, Destruk, Sellenoff)(1.0)[VP9][16-9 Destruk]</description>
		<rom name="16-9 Star Trek The Next Generation.vpt" size="6887424" crc="95e4689c" md5="9385d723837f996e0091ce3e9ed1e601" sha1="cf5736d8e58fe798c4d70016fb46e80794dc796d" />
		<rom name="Star Trek - The Next Generation screenshot.jpg" size="1608589" crc="10feb910" md5="c7eb290b9013ca5fbfc845bb93a3ff80" sha1="92be379a1d8f1bd5c28e4359c5f7336e5c6ece2e" />
	</machine>
	<machine name="Star Trip (GamePlan)(1979)(Destruk, TAB, Skalar)(1.0)[VP9][16-9 Destruk]">
		<description>Star Trip (GamePlan)(1979)(Destruk, TAB, Skalar)(1.0)[VP9][16-9 Destruk]</description>
		<rom name="16-9 Star Trip.vpt" size="1900032" crc="4121b3f9" md5="f3d458a05dd4c5cdeb8639cf5b8ceb34" sha1="86e66805f3d3b2c57cc377478a068fe0ea3c74b1" />
		<rom name="Star Trip screenshot.jpg" size="528602" crc="2277f175" md5="fb22bb81c79e195f783c8e35b15fc8ef" sha1="fd8f702dd1788614addc4690dccb739358c8aaf7" />
	</machine>
	<machine name="Starship Troopers (SEGA)(1997)(Destruk, TAB)(1.0)[VP9][16-9 Destruk]">
		<description>Starship Troopers (SEGA)(1997)(Destruk, TAB)(1.0)[VP9][16-9 Destruk]</description>
		<rom name="16-9 Starship Troopers.vpt" size="7487488" crc="a44e3818" md5="ee229eb3e7d91c4f9dd79bfe31ae3901" sha1="a28d3ee04cbbf47058dfcf39b4ebc7edcdf9a7dd" />
		<rom name="Starship Troopers screenshot.jpg" size="1613054" crc="da6bf0ea" md5="36a336c6fdac6e02871ad809dc52f56d" sha1="ec5857491576fc048b44cf5f528a40cce2ff49d1" />
	</machine>
	<machine name="Striker Xtreme (Stern)(2000)(Joep, Destruk, TAB)(1.0)[VP9][16-9 Destruk]">
		<description>Striker Xtreme (Stern)(2000)(Joep, Destruk, TAB)(1.0)[VP9][16-9 Destruk]</description>
		<rom name="16-9 Striker Xtreme.vpt" size="3730432" crc="9c2e6271" md5="287c65753b12c4cadc046ff25a07694a" sha1="54456e5e96265c2c5718365875d9c4bd7cdcbdfc" />
		<rom name="Striker Xtreme screenshot.jpg" size="1668547" crc="429a5c68" md5="9fb63e11657ee67f4e8afd09e76669de" sha1="03dc19d21c07e812bb1ee55e772fd84f9ed77de6" />
	</machine>
	<machine name="Superman (Atari)(1979)(Eala Dubh Sidhe)(1.0)[VP9][16-9 Destruk]">
		<description>Superman (Atari)(1979)(Eala Dubh Sidhe)(1.0)[VP9][16-9 Destruk]</description>
		<rom name="16-9 Superman.vpt" size="3771392" crc="637bb209" md5="13cbe0ab4324059e6c2f8297b6c8958c" sha1="f7e9b6954c3f7d4d13efcbfec5bf7ddbbfcf5641" />
		<rom name="Superman screenshot.jpg" size="1178847" crc="5ea216ca" md5="3b5d6bf58f350c7add451d003e5c73e4" sha1="c03c3cece96d5e24e41a8b716c75ca82bfd20754" />
	</machine>
	<machine name="Surf 'n Safari (Gottlieb)(1991)(Destruk, TAB)(1.0)[VP9][16-9 Destruk]">
		<description>Surf 'n Safari (Gottlieb)(1991)(Destruk, TAB)(1.0)[VP9][16-9 Destruk]</description>
		<rom name="16-9 Surf 'N Safari.vpt" size="5032448" crc="160db499" md5="4c31756bfb15da665f6f73f8c46b65b6" sha1="f98b206bd70d51d0f3c1b768b5c445382af58290" />
		<rom name="Surf 'n Safari screenshot.jpg" size="1476766" crc="6c85606b" md5="b0d1d372c6ff409d6096441139686908" sha1="8d366848acaf80423b50cf8976dfd408a460c02b" />
	</machine>
	<machine name="Tag-Team Pinball (Gottlieb)(1985)(Destruk, Lander)(1.0)[VP9][16-9 Destruk]">
		<description>Tag-Team Pinball (Gottlieb)(1985)(Destruk, Lander)(1.0)[VP9][16-9 Destruk]</description>
		<rom name="16-9 Tag Team.vpt" size="3700736" crc="0520fee3" md5="27bc3d30e589ad39c0ff8d16d5ff66d0" sha1="6d0d98381247422c5c09df04433f4d8b352f13d0" />
		<rom name="Tag Team Pinball screenshot.jpg" size="1465034" crc="34406ead" md5="79999abf0fa69418d72bf4ac8500659a" sha1="9cc8599719084cb0d6dbaa4c56b70b0780a6d44c" />
	</machine>
	<machine name="Take Five (Allied Leisure Industries)(1978)(TAB, Destruk, Gaston)(1.0)[VP9][16-9 Destruk]">
		<description>Take Five (Allied Leisure Industries)(1978)(TAB, Destruk, Gaston)(1.0)[VP9][16-9 Destruk]</description>
		<rom name="16-9 Take Five.vpt" size="4579328" crc="f3da24ee" md5="c970e8907c96c16374a065aca6bfe0c7" sha1="8c8bf322411fc5db98a16f984eec4a35a05b323a" />
		<rom name="Take Five screenshot.jpg" size="549250" crc="88c2e0bd" md5="5702d018ddf9bb6ae11569eb32966950" sha1="e664f1fa5472479feace66ede2c557bb6574176c" />
	</machine>
	<machine name="Tales from the Crypt (Data East)(1993)(JPSalas)(1.0)[VP9][16-9 Vanblaricom0]">
		<description>Tales from the Crypt (Data East)(1993)(JPSalas)(1.0)[VP9][16-9 Vanblaricom0]</description>
		<rom name="Tales from the Crypt 16-9.vpt" size="10003968" crc="329c58b0" md5="a70885f53d9655e9b4b7119bac9a3672" sha1="db5c7a8e1296d2a6af6feda1899437dd55e4b0a6" />
		<rom name="Tales from the Crypt screenshot.jpg" size="448025" crc="c6b080f9" md5="a6bcd58651cef83abc3e69a99cda277e" sha1="66e9328ddb31e42bdefa42611c32af23d9f8a839" />
		<rom name="TFTC_JP_VP9.hta" size="3333" crc="eaf25265" md5="945ea7fcc1b1bfdd4f9e19917e5b5231" sha1="0c66074f6f5a93f726660bc4b4d396f724135248" />
	</machine>
	<machine name="Tales from the Crypt (Data East)(1993)(Lander)(1.0)[VP9][16-9 Destruk]">
		<description>Tales from the Crypt (Data East)(1993)(Lander)(1.0)[VP9][16-9 Destruk]</description>
		<rom name="16-9 Tales From the Crypt.vpt" size="7645696" crc="b4b22086" md5="4a4b13113d68cac8c31f03c9002b74fb" sha1="7f08de8b251cdd5eff8afdd58302ae982ac74921" />
		<rom name="Tales from the Crypt screenshot.jpg" size="1816305" crc="646fefc4" md5="aab4a4d2b15e68b0a71c9a4a310b6baf" sha1="dbe4c3880f18f0bfefeb78a2a6718d9e40813238" />
	</machine>
	<machine name="The Who's Tommy Pinball Wizard (Data East)(1994)(Kristian, El Condor, Mr White, Destruk)(3.3)[VP9][16-9 SunWizard 1.2.9]">
		<description>The Who's Tommy Pinball Wizard (Data East)(1994)(Kristian, El Condor, Mr White, Destruk)(3.3)[VP9][16-9 SunWizard 1.2.9]</description>
		<rom name="16_9_Tommy_1.2_Sun9.vpt" size="1983488" crc="18cf02f4" md5="e89fcc9c9f9a5e9ef2a8f57edc4d75df" sha1="d18f7f7f9f0d376a9f74a0c315a0ab85b6bcefbe" />
		<rom name="Who's Tommy Pinball Wizard, The screenshot.jpg" size="212715" crc="4ca42717" md5="c35d55f1b7b654ac71ce85a0eceb392e" sha1="a584964b3dc1e0aebb605d546a0e2691c840115b" />
	</machine>
	<machine name="Theatre of Magic (Bally)(1995)(Fuseball)(1.0)[VP9][16-9 Destruk]">
		<description>Theatre of Magic (Bally)(1995)(Fuseball)(1.0)[VP9][16-9 Destruk]</description>
		<rom name="16-9 Theatre of Magic.vpt" size="9862144" crc="b9a4f549" md5="7b1519ac0ca51e22718284c643a28f7a" sha1="84f817bc8bc4a6ec3841feb86f1bfdd7a054345e" />
		<rom name="Theatre of Magic screenshot.jpg" size="1594923" crc="b00ec832" md5="3e477c13503f4403eb63d56c0e3ed6a0" sha1="9e12bd341e191222ebd730409e2f57c3d9518893" />
	</machine>
	<machine name="Thunderbolt (Allied Leisure)(1977)(Destruk, TAB)(1.0)[VP9][16-9 Destruk]">
		<description>Thunderbolt (Allied Leisure)(1977)(Destruk, TAB)(1.0)[VP9][16-9 Destruk]</description>
		<rom name="16-9 Thunderbolt.vpt" size="5035520" crc="ee5101dd" md5="a871c709e521e1e49939871fa8df31b1" sha1="682b97ab64af6b80dcf7bfe1ad8416a538af3abf" />
		<rom name="Thunderbolt screenshot.jpg" size="1244373" crc="b16ccf47" md5="b27dfaefe8d9a4a2bb9ee7fe447cacc0" sha1="e045a7116040364f21d7d5d5f4e9905033656869" />
	</machine>
	<machine name="Ticket Tac Toe (Williams)(1996)(DesAngel)(1.0)[VP9][16-9 Destruk]">
		<description>Ticket Tac Toe (Williams)(1996)(DesAngel)(1.0)[VP9][16-9 Destruk]</description>
		<rom name="16-9 Ticket Tac Toe.vpt" size="7254528" crc="8b2f6ec4" md5="d143d37c5d9ebed35c6c3d8c77560590" sha1="b9a1c80d1cce9922eb5028079ba5e54209cc7710" />
		<rom name="Ticket Tac Toe screenshot.jpg" size="1355828" crc="6b1dfa1a" md5="214fdc5a9391166bb902ba62c79338e6" sha1="738a44d61e9125bff95f9a70fa54cb62ec69a1d0" />
	</machine>
	<machine name="Time 2000 (Atari)(1977)(Eala Dubh Sidhe, Destruk)(1.0)[VP9][16-9 Destruk]">
		<description>Time 2000 (Atari)(1977)(Eala Dubh Sidhe, Destruk)(1.0)[VP9][16-9 Destruk]</description>
		<rom name="16-9 Time 2000.vpt" size="6914048" crc="9d92318c" md5="c87676a9e8f284f1b069b06f8355c204" sha1="bc878fc22415875706ee75e570eec4fadf4a3506" />
		<rom name="Airborne.vbs" size="4266" crc="db2473b4" md5="7d1c8b366c14eb70c27064f24665cadb" sha1="abf4948bce32e5fd1440c960ecce5a29f0e7fedf" />
		<rom name="Time 2000 screenshot.jpg" size="1298675" crc="b72fb550" md5="bad56bae5ea42c3ffa18accc2f40507d" sha1="98df796b35ed82f9b89e68093693ef740835c378" />
	</machine>
	<machine name="Time Fantasy (Williams)(1983)(DesAngel)(1.0)[VP9][16-9 Destruk]">
		<description>Time Fantasy (Williams)(1983)(DesAngel)(1.0)[VP9][16-9 Destruk]</description>
		<rom name="16-9 Time Fantasy.vpt" size="4900864" crc="11c5ff75" md5="4fd5438abec63c8f0d298ec87a9c12cc" sha1="c975c466c29b1585df40155b333a7e05822a9d09" />
		<rom name="Time Fantasy screenshot.jpg" size="1466689" crc="cb6e9543" md5="acd4079d2d34de2db5d9e3ef5cdd94a0" sha1="1a23058953c83977dbd4cd45e2ec679caab0a63a" />
	</machine>
	<machine name="Time Machine (Data East)(1988)(JPSalas)(1.0)[VP9][16-9 Destruk]">
		<description>Time Machine (Data East)(1988)(JPSalas)(1.0)[VP9][16-9 Destruk]</description>
		<rom name="16-9 Time Machine.vpt" size="6390784" crc="abc3486e" md5="ca561c746e63201577f78b2e80c7b38d" sha1="7b0f4a09545ecfc941c526e5a552fe18fca93387" />
		<rom name="Time Machine screenshot.jpg" size="1636241" crc="40d989f8" md5="7133a43f73a84e69bdcf8e933b8a9932" sha1="77959e389bdb99a016fc580086382f6ed08ef4fd" />
	</machine>
	<machine name="Torpedo Alley (Data East)(1988)(Destruk, TAB)(1.0)[VP9][16-9 Destruk]">
		<description>Torpedo Alley (Data East)(1988)(Destruk, TAB)(1.0)[VP9][16-9 Destruk]</description>
		<rom name="16-9 Torpedo Alley.vpt" size="7448064" crc="c5b7ee18" md5="4b429b2e90239f897e53a8f5fdc5dcb9" sha1="f7c1e0303423d75fe326effdbdf9417324529d3c" />
		<rom name="Torpedo Alley screenshot.jpg" size="1501838" crc="2107eec0" md5="2042f748a435e16ccfc4ac8ecefa77f3" sha1="3d5b72ebab2991dbe50312816c5d4a119fb57380" />
	</machine>
	<machine name="Transporter the Rescue (Bally)(1989)(Destruk, Lio, Nicky Special)(1.0)[VP9][16-9 Destruk]">
		<description>Transporter the Rescue (Bally)(1989)(Destruk, Lio, Nicky Special)(1.0)[VP9][16-9 Destruk]</description>
		<rom name="16-9 Transporter.vpt" size="5124608" crc="f420cb11" md5="081ecd5c61aa29200979c57dc1184020" sha1="f100ecb753f234f5cf4a2420cbdcbcaea8225e38" />
		<rom name="Transporter The Rescue screenshot.jpg" size="1480847" crc="80076dad" md5="2ac403b411ae43fe53be300ed3a2773a" sha1="6795e511f9828c718283468ce09a18fc483571fb" />
	</machine>
	<machine name="Trident (Stern)(1979)(Destruk, Skalar)(1.0)[VP9][16-9 Destruk]">
		<description>Trident (Stern)(1979)(Destruk, Skalar)(1.0)[VP9][16-9 Destruk]</description>
		<rom name="16-9 Trident.vpt" size="7803392" crc="12c72f54" md5="6641c3642006e177f6a8170aad6b1012" sha1="ce51f6583f84547a4d79c78a2b0b6b09663c74cf" />
		<rom name="Trident screenshot.jpg" size="1389100" crc="d68c975b" md5="c2aa43712fe5d8311466e9cac85e8a45" sha1="ca733c2c982ffa273069843d894383d5d5228401" />
	</machine>
	<machine name="Triple Play (Gottlieb)(1985)(Destruk, TAB)(1.0)[VP9][16-9 Destruk]">
		<description>Triple Play (Gottlieb)(1985)(Destruk, TAB)(1.0)[VP9][16-9 Destruk]</description>
		<rom name="16-9 Triple Play.vpt" size="8857088" crc="5abf470b" md5="baba991e9e4ec67a0eef09873ee62d84" sha1="da9b59a65006da2ac72cfb8f15f73530ac31a1b7" />
		<rom name="Triple Play screenshot.jpg" size="1280122" crc="3453a49c" md5="7edbdc2ceb67723449f0385238a30e2d" sha1="b4caed078907cc835309e328fd8688f0510c3a61" />
	</machine>
	<machine name="Truck Stop (Bally)(1988)(Destruk, TAB)(1.0)[VP9][16-9 Destruk]">
		<description>Truck Stop (Bally)(1988)(Destruk, TAB)(1.0)[VP9][16-9 Destruk]</description>
		<rom name="16-9 Truck Stop.vpt" size="5132288" crc="32ff145d" md5="b92e580b90526f9669450898f82ce04c" sha1="9ba8a3b922a408f548ae20c8d69b15366cad83a2" />
		<rom name="Truck Stop screenshot.jpg" size="1452117" crc="18d94757" md5="24caa3c479d337fe109645bf92295de7" sha1="f52726971fb178cbc345d1805b918f7efef3ba2a" />
	</machine>
	<machine name="Twister (SEGA)(1996)(Destruk, TAB)(2.0)[VP9][16-9 Destruk]">
		<description>Twister (SEGA)(1996)(Destruk, TAB)(2.0)[VP9][16-9 Destruk]</description>
		<rom name="16-9 Twister.vpt" size="3580928" crc="fcd1d572" md5="641ca18da9f381d0a00672fb690ab291" sha1="88f39d9e1cec4e9d3dfb9f1126dc40fa96dc8a41" />
		<rom name="Twister screenshot.jpg" size="1618210" crc="a39b0161" md5="71b398ebfcf3a07b609737667caf24a2" sha1="903a05549d62fdb958babdc97e5346f1b7e9c46b" />
	</machine>
	<machine name="TX-Sector (Gottlieb)(1988)(Destruk, TAB, MNPG, Galacticgames)(2.6)[VP9][16-9 Destruk]">
		<description>TX-Sector (Gottlieb)(1988)(Destruk, TAB, MNPG, Galacticgames)(2.6)[VP9][16-9 Destruk]</description>
		<rom name="16-9 TX-Sector.vpt" size="4695552" crc="982de38b" md5="aa226a4c99f631a5382e0b8bdaddc41b" sha1="0ce25649c4589ba248bdbbaf0b95d44143b6c9be" />
		<rom name="TX-Sector screenshot.jpg" size="1335472" crc="4ac8c658" md5="f5083f45c0c79cf7767651c1a3446505" sha1="fac145f15f77f1bb82c1cd0f4c73a377c2c7ab93" />
	</machine>
	<machine name="Vegas (GamePlan)(1979)(Destruk, Lander, Joep, Apocalypse, Inkochnito)(1.0)[VP9][16-9 Destruk]">
		<description>Vegas (GamePlan)(1979)(Destruk, Lander, Joep, Apocalypse, Inkochnito)(1.0)[VP9][16-9 Destruk]</description>
		<rom name="16-9 Vegas - GamePlan.vpt" size="2038784" crc="44b02680" md5="3af0a676718ba09f287a9fcdca0892e9" sha1="0d61c939c6dbda18fd27c349db8273939abfaba6" />
		<rom name="Vegas screenshot.jpg" size="498670" crc="0b0db3df" md5="9507a31483273fce3b9c1e5b10f66a7a" sha1="5159c805998bc1a09b9055f936f2b3910304fe93" />
	</machine>
	<machine name="Victory (Gottlieb)(1987)(MNPG)(1.0)[VP9][16-9 Destruk]">
		<description>Victory (Gottlieb)(1987)(MNPG)(1.0)[VP9][16-9 Destruk]</description>
		<rom name="16-9 Victory.vpt" size="5306880" crc="a5154dce" md5="400f7d2f1afe54079d74a3c6ed47df26" sha1="100ebfa0b1edea063e92ea74eb413329b5d91562" />
		<rom name="Victory screenshot.jpg" size="1721600" crc="eaad9693" md5="351e7e895fdae5e7290170d0ca43c2a4" sha1="cd20a60a7e6d456851cb82adb90171426775c6ca" />
	</machine>
	<machine name="VIPER Night Drivin' (SEGA)(1998)(WTiger, TAB, Destruk)(1.0)[VP9][16-9 Destruk]">
		<description>VIPER Night Drivin' (SEGA)(1998)(WTiger, TAB, Destruk)(1.0)[VP9][16-9 Destruk]</description>
		<rom name="16-9 Viper Night Drivin'.vpt" size="9082368" crc="51a34ef0" md5="81c20d047ddfe882a247361067a899cb" sha1="d1f33b7fc27aa90b4abad9032bce239f9e586805" />
		<rom name="VIPER Night Drivin' screenshot.jpg" size="1496184" crc="7b7f169a" md5="e39c81598e613ade91f1f2aa4fec97d6" sha1="fdd5374e03969c7687915712708aa0978b335ed7" />
	</machine>
	<machine name="Who Dunnit (Bally)(1995)(Joxer, Kid Charlemagne)(1.0)[VP9][16-9 Destruk]">
		<description>Who Dunnit (Bally)(1995)(Joxer, Kid Charlemagne)(1.0)[VP9][16-9 Destruk]</description>
		<rom name="16-9 Who Dunnit.vpt" size="4715520" crc="41dca98f" md5="a34c04d0ca2cfcb59546c272d9044a71" sha1="83d62480eebbcec575901d8d769468e16149f1ea" />
		<rom name="Who Dunnit screenshot.jpg" size="1556069" crc="c8bbc339" md5="72e11da8e2df595517788288ebe3a98b" sha1="c1b8736cf60497f1952dd36941de42fe9167d783" />
	</machine>
	<machine name="Wipe Out (Gottlieb)(1993)(Destruk, TAB, Cameron)(1.01)[VP9][16-9 Destruk]">
		<description>Wipe Out (Gottlieb)(1993)(Destruk, TAB, Cameron)(1.01)[VP9][16-9 Destruk]</description>
		<rom name="16-9 Wipe Out.vpt" size="6870528" crc="2b7eb57e" md5="ef4d514063bbc7b677fd1c5ddffdfe9e" sha1="147f6d208b23c506b961cfea13141602eeae2f1c" />
		<rom name="Wipe Out screenshot.jpg" size="1449683" crc="de441157" md5="66acf3a44219c02a6247bb150dca5dd3" sha1="b88d0bdaa07fd49bfa9b2d2f807c268e7a5357fe" />
	</machine>
	<machine name="World Cup '90 (Mr. Game)(1989)(Destruk, TAB)(1.0)[VP9][16-9 Destruk]">
		<description>World Cup '90 (Mr. Game)(1989)(Destruk, TAB)(1.0)[VP9][16-9 Destruk]</description>
		<rom name="16-9 World Cup 90.vpt" size="2494976" crc="caecff73" md5="7b1cf31b5eba88da7d5ad372639ede50" sha1="4bad555313d72807dc19275a738699dbfd496e3f" />
		<rom name="World Cup '90 screenshot.jpg" size="1196309" crc="50f170e4" md5="1c2fbc1dc78c1cdfaf6fcd9785d6e6a8" sha1="8e53b4a544935fcb15aa381fb06c95f3972cf04e" />
	</machine>
	<machine name="World Cup Soccer (Bally)(1994)(VPMX)(1.0)[VP9][16-9 Destruk]">
		<description>World Cup Soccer (Bally)(1994)(VPMX)(1.0)[VP9][16-9 Destruk]</description>
		<rom name="16-9 World Cup Soccer 94.vpt" size="8380416" crc="7ea13260" md5="993f9fd0d6c41b9be7e0923fe29f3a3f" sha1="f8e3ee5d77f7f0ceee5225c943852c0efc7e01f2" />
		<rom name="World Cup Soccer screenshot.jpg" size="1693464" crc="5e5bc1c2" md5="d102d0670276694753dd94e3653afbb9" sha1="d79c8437480190f8bada4dd629805e0b8c8af0e3" />
	</machine>
	<machine name="WWF Royal Rumble (Data East)(1994)(Rothmans)(1.0)[VP9][16-9 Destruk]">
		<description>WWF Royal Rumble (Data East)(1994)(Rothmans)(1.0)[VP9][16-9 Destruk]</description>
		<rom name="16-9 WWF Royal Rumble.vpt" size="5740544" crc="792cb430" md5="a870706e1490d7cf34d127030481628d" sha1="4c0867f3d473e08478222065061c941bc4372a1f" />
		<rom name="WWF Royal Rumble screenshot.jpg" size="1543864" crc="ca7b08ce" md5="8011609fd009fbfa84d8e1bd4c5554e3" sha1="ed6f6a54a61342d1e5890ea9508dc0c2f4d86757" />
	</machine>
	<machine name="Xenon (Bally)(1980)(Scapino)(1.0)[VP9][16-9 Destruk]">
		<description>Xenon (Bally)(1980)(Scapino)(1.0)[VP9][16-9 Destruk]</description>
		<rom name="16-9 Xenon.vpt" size="9441280" crc="898d83d0" md5="58c108c98c6155a45149505cde85fa9b" sha1="407dfd9b3834b86ceaf0b24ba0a9ae4b3a15391f" />
		<rom name="Xenon screenshot.jpg" size="1751738" crc="664c9151" md5="4b7ac43bf71897ac43ed16d58749ca61" sha1="e9b579ef0438120529f4932841881a5de8e87f02" />
	</machine>
</datafile>