<?xml version="1.0" encoding="utf-8"?>
<!DOCTYPE datafile PUBLIC "-//Logiqx//DTD ROM Management Datafile//EN" "http://www.logiqx.com/Dats/datafile.dtd">
<datafile>
	<header>
		<name>Visual Pinball [VPX0-VPX06] Original Tables [FullScreen]</name>
		<description>Visual Pinball [VPX0-VPX06] Original Tables [FullScreen] (2024-11-07)</description>
		<version></version>
		<date>2024-11-07</date>
		<author></author>
	</header>
	<machine name="Atari Centipede Pinball (Mitchell (aka Dunard Garaus))(1.2.7)[VPX06][For Cabinet]">
		<description>Atari Centipede Pinball (Mitchell (aka Dunard Garaus))(1.2.7)[VPX06][For Cabinet]</description>
		<rom name="Atari Centipede Pinball Info's.png" size="19352" crc="c712bcf2" md5="43c566b0125c9c3d6a9d86e7b40a08b0" sha1="42e3f26ea329ef829b658567244967caa55348d6" />
		<rom name="Atari Centipede Pinball v1.2.7 (For Cabinet).vpt" size="4030464" crc="0d99cbb8" md5="4d8c828b676595de09bf9a4d28b2a1c7" sha1="cd495d2530163aae103db8d974b5c5482edc7728" />
		<rom name="screenshot--25-.png" size="1583554" crc="b16913b4" md5="f5b0d2ddf7b6ba8f597e10a0cb8fbed7" sha1="b44896d2f3f4d3c0ab46d6822e6f0bfa2cf25c68" />
	</machine>
	<machine name="Atari Centipede Pinball (Mitchell (aka Dunard Garaus))(1.2.7)[VPX06][For Cabinet][Smaller with bars]">
		<description>Atari Centipede Pinball (Mitchell (aka Dunard Garaus))(1.2.7)[VPX06][For Cabinet][Smaller with bars]</description>
		<rom name="Atari Centipede Pinball Info's.png" size="19352" crc="c712bcf2" md5="43c566b0125c9c3d6a9d86e7b40a08b0" sha1="42e3f26ea329ef829b658567244967caa55348d6" />
		<rom name="Atari Centipede Pinball v1.2.7 (For Cabinet) (Smaller with bars).vpt" size="4198400" crc="0c64f42b" md5="faed4b2ce7f38479ec77d1bd48afe243" sha1="d52691e274efad486fe7505c80469dd949535d2e" />
		<rom name="screenshot--26-.png" size="892390" crc="505d3a38" md5="31e83ec7d7477d939940fbd8103a7240" sha1="e010e4e4c4ce6ea669518bf6e908adde32224779" />
	</machine>
	<machine name="Cuphead Pro Perdition Edition (D. Goblett &amp; Co 2020)(Onevox, Loserman76, Scottacus, bord)(1.0)[VPX06]">
		<description>Cuphead Pro Perdition Edition (D. Goblett &amp; Co 2020)(Onevox, Loserman76, Scottacus, bord)(1.0)[VPX06]</description>
		<rom name="Cuphead Pro (D. Goblett 2019).directb2s" size="11940725" crc="18a110b1" md5="936687b744ff6e2374f31f1804bd2605" sha1="04e08d1601859803ffe343be84f62ce9466407ee" />
		<rom name="Cuphead Pro (D. Goblett &amp; Co 2020).directb2s" size="10601993" crc="a1782cdc" md5="109c5d78aa33f75da4b83c83f27dbfbc" sha1="23d2ae7ffdd76a2251e7a1743384368a23f8b7dd" />
		<rom name="Cuphead Pro (D. Goblett &amp; Co 2020).vpx" size="67694592" crc="7855a358" md5="987d3b076b1ed7883f6284c5c0a747ff" sha1="7d0af90980f516b696c1f96b018bfaaafca5fa97" />
		<rom name="Cuphead Pro Wheel Logo.png" size="141255" crc="f393f0b9" md5="5bfab57ca4657db2302ca209398b4b3b" sha1="10c671f37da24abb2aef08f510ea3e4335f53d39" />
		<rom name="Cuphead Pro Wheel Shadow.png" size="154164" crc="0cdeb912" md5="571ebac0f31ae4bff4f735bbd495a6b4" sha1="9a413e432cc09bb0e82656eb520a7b3ba99ddc0b" />
		<rom name="screenshot.png" size="1326192" crc="8c30ab84" md5="59af69e890ac81c62740e5e413dd9505" sha1="20361f1165e54b3ce8a817aac8e8a1c98daef82e" />
	</machine>
	<machine name="Def Leppard (Aaron James, Destruk, GoldChicco)(1.3)[VPX06][UltraDMD]">
		<description>Def Leppard (Aaron James, Destruk, GoldChicco)(1.3)[VPX06][UltraDMD]</description>
		<rom name="defleppard.UltraDMD/albumschamp.png" size="2356" crc="4d23d0e9" md5="893f3e69549e0c2e89390de13ad7e2b4" sha1="7c7b0411088db481072335922d5db4564e6d33b6" />
		<rom name="defleppard.UltraDMD/bandchamp.png" size="1866" crc="c5a5663c" md5="5804a9e77c6e7fffe73a1898a89fce79" sha1="e52ae12d9372ba286e2ab5a0b6460399bc8e55f6" />
		<rom name="defleppard.UltraDMD/blank.png" size="213" crc="c1250fc8" md5="42a596f99568ed6bb75d11329fde8d0a" sha1="c04f942d6659016eea33e2ccb3b9b4af560c80c6" />
		<rom name="defleppard.UltraDMD/bumperschamp.png" size="2449" crc="27eaf13d" md5="b3e4225dbc56759c0e8e8e35add94d5f" sha1="5ddaefce599da92e1af837aab417b6a91cd2d913" />
		<rom name="defleppard.UltraDMD/chooseasong.png" size="2384" crc="c9ab3224" md5="33998bf28b368f679c9aabd6efc33681" sha1="820dd68667cfae1fcdc15702963a6567f5f0aae9" />
		<rom name="defleppard.UltraDMD/combochamp.png" size="2795" crc="43e1fa08" md5="dfba128ea100d9be2c80ed87beed4617" sha1="41adaee5b04ac62e7571f74711e042cdcfc093b9" />
		<rom name="defleppard.UltraDMD/comboschamp.png" size="2333" crc="4f291e07" md5="80c93800dbc95f065dd70cc7b80184ad" sha1="9340601a4540fed838af5fcb13f0af0a28ea5e9a" />
		<rom name="defleppard.UltraDMD/followchamp.png" size="2428" crc="4b513084" md5="84dc74dfa9297dcb028117ec07868b8b" sha1="66e446679ba9d4d8f43cab9e891c52fbe931e541" />
		<rom name="defleppard.UltraDMD/frenzychamp.png" size="2187" crc="1c0bcd35" md5="0f8da377cd212e7908466568fbd5dec7" sha1="0960a44fb922a6d04ce2daee54446cd0a731ae01" />
		<rom name="defleppard.UltraDMD/highscore.png" size="1683" crc="8d63c0e5" md5="ee976356f62b35d54dff42c3f171f014" sha1="7a4d6526cf7a49dec332130d4c0de111183d4234" />
		<rom name="defleppard.UltraDMD/logo.png" size="4872" crc="3d88400c" md5="c4a208839ba77900255f183de63676bc" sha1="ba23b07d27c71d06a57223ebd8f88f1875e3c0c1" />
		<rom name="defleppard.UltraDMD/loopschamp.png" size="2265" crc="3833c8de" md5="8b78df68120ce2698886a0f7e8392421" sha1="e60dc236b1bd1db38929e3f2a2b2e58e37443010" />
		<rom name="defleppard.UltraDMD/match.png" size="1213" crc="dde74cf5" md5="bb5b55c79b6e090f811984564ff6d6cb" sha1="4830eccb1fe0683f982c2f615ebad8d35c585a61" />
		<rom name="defleppard.UltraDMD/minischamp.png" size="1957" crc="56e3dda6" md5="78e5237d79254775f4cc86d94c0d613c" sha1="cc256d930e7aadfad4ba2489dc89c9aef1b3d7e1" />
		<rom name="defleppard.UltraDMD/orbitschamp.png" size="2115" crc="723898e8" md5="8ff67d65d441df7e8ec1c595dca47a88" sha1="29164f34ad3653819f3044bca6fb0ccf9db6ee52" />
		<rom name="defleppard.UltraDMD/rampschamp.png" size="2202" crc="9b7b6bfc" md5="44cc2ec5c23d9eeb784274a818f56d0c" sha1="1c207e73b3eda34bfa41283c2d76f913dd3b0196" />
		<rom name="defleppard.UltraDMD/randomaward.png" size="2518" crc="9c179d16" md5="5ce6e8e3734350f62b50ea2a70858e69" sha1="d2109c1abc946a0adb029323b1779c383268eb51" />
		<rom name="defleppard.UltraDMD/spinnerchamp.png" size="2367" crc="4dde70d0" md5="cd2516968c5bce9b68a7cea16d77a103" sha1="ce2d44fcbeef85d6488155ae6e60e8c3228ab01d" />
		<rom name="defleppard.UltraDMD/standupschamp.png" size="2311" crc="6dc8c7ce" md5="52a8ffcd82a177f4269eb2abdd7c2376" sha1="22d1abd9e757532f0fa02aca4080ebb0809ba871" />
		<rom name="defleppard.UltraDMD/worldtour.png" size="2178" crc="a74b9cb1" md5="f816cd6d21c1e82e67e171672fb55910" sha1="30ec1fde98a3548c441122092222efc63aab7142" />
		<rom name="Music/Animal.mp3" size="3903352" crc="abe63b10" md5="df72c077bdc358c841b858afc1d5c4e3" sha1="09b2f292dcf435062ea0e53391c31791f9d0d6b9" />
		<rom name="Music/Armageddon It.mp3" size="5158066" crc="acc72b47" md5="82de11e3eb5d9967b2b46019a6007a13" sha1="073dbb1d695577405aafcf89a7398d34882215d6" />
		<rom name="Music/Foolin.mp3" size="4384841" crc="260ba67d" md5="2cf8b62da540ac84df76cb07af2dae97" sha1="41ced3a8ee13274d7a93ba79900b3f27a0681bc7" />
		<rom name="Music/Gods of War (Aaron James Edit).mp3" size="5540498" crc="363e7a78" md5="8f3442d4010b68a523510653bbaa77ed" sha1="dfc234b6f8483a60f8b23d207d76d3b5c8083fba" />
		<rom name="Music/Have You Ever Needed Someone So Bad.mp3" size="5110418" crc="17486d74" md5="db95fb4550090b1784123e33951185c9" sha1="0e85dcce10698e93e405508633570257f9ee2e27" />
		<rom name="Music/High 'n' Dry (Saturday Night).mp3" size="3334092" crc="360c5eb6" md5="c2b42cc06d466a785d87b954358fcdde" sha1="81fd00d677f736860ab7869d4287319d8de32800" />
		<rom name="Music/Hysteria.mp3" size="5681351" crc="49766473" md5="58b6fbfbf301ca92bc1f3266cf026e84" sha1="0822f4d877e241bbcc576ef993c17653de193b83" />
		<rom name="Music/Let's Get Rocked.mp3" size="4736763" crc="2f81c3c7" md5="45355a69ee6a2c1815c4a720d73a089e" sha1="e6459579221afaa16b244885a8988e7d5ffd7dae" />
		<rom name="Music/Love Bites (Mirrorball Live).mp3" size="7172211" crc="1d21a332" md5="54e8720e600d7006188e1127f7c1aefa" sha1="22032845fa23cf7b58105925ba8ea0db427145a2" />
		<rom name="Music/Paper Sun.mp3" size="5237060" crc="d36041bb" md5="c5c7255637761c0272f36aeafd23418e" sha1="b26e1f53a286de01bc5e25f339eb309a837be782" />
		<rom name="Music/Photograph.mp3" size="3979003" crc="024c4880" md5="1601869ce5e0eb846a2b2cff8f39263b" sha1="d96c46e5f6c3a3f75f7e23801c6bfcd68bfef611" />
		<rom name="Music/Pour Some Sugar On Me.mp3" size="4679085" crc="b4c44cb2" md5="1170ceef71501826fb3f7f0d2a9e34bf" sha1="de07f410bae6109b8d84379a2c5e1a361e4fe736" />
		<rom name="Music/Promises.mp3" size="3838569" crc="046c3918" md5="23fb7de3dfc38ee5d84b16691a80c136" sha1="05f8db1691af19d280d24c3e6461638789536c01" />
		<rom name="Music/Rock of Ages.mp3" size="3973569" crc="a53400ee" md5="3de6a15717a842c350e6f7c372c2a910" sha1="53acf5312dd47ef199aeda68d0d81c023c3e0eee" />
		<rom name="Music/Rocket.mp3" size="6355519" crc="855c35b6" md5="0e716ddfd564640739f84caea12a37cb" sha1="6794e43c41882b894ece05ed5e11202e76cd1b11" />
		<rom name="Music/Slang.mp3" size="2544567" crc="3ed121d9" md5="b7eb58589a83fffc531970bd7fbfc2e2" sha1="4284b3351c72750a113e20b4ffc53576f5ea8cb5" />
		<rom name="Music/Stand Up (Kick Love Into Motion).mp3" size="4377318" crc="380e7410" md5="2323f8e1d3deeda481825ec12429c63e" sha1="a01af45a0b5b52e5550bd311bc16d7a2b513845d" />
		<rom name="Music/Work It Out.mp3" size="4626422" crc="6f8a70f6" md5="9091da54e580a81e05684626f786103d" sha1="474171e3f97d38ee5a427ef09ba6b877732fc4dc" />
		<rom name="Def Leppard 1.1.vbs" size="509304" crc="1e4fbd12" md5="62c799f3de74eda7b225baeda12cdbdd" sha1="a550b7dba3ff267893382513bef4a3ce04e4986a" />
		<rom name="Def Leppard 1.3.directb2s" size="10003242" crc="64b852ea" md5="d1bb91c31f1603a63f1944eee9c1d698" sha1="e12f60c8496aa0d1b26af43286506705815a7fc3" />
		<rom name="Def Leppard 1.3.vpx" size="202350592" crc="8842e758" md5="21ab3222757e5d6764b0f73ede7b2c28" sha1="e24b41337b3d26ddccc5d3586b3f5c6b10a6698e" />
		<rom name="Def-Leppard.jpg" size="367417" crc="6fbd8c39" md5="a2f8e90fcf8843fae0cad8a3db512b44" sha1="2f36f0e42509855c152d1bca7c4a6423b817a7cf" />
	</machine>
	<machine name="Golden Birds (BorgDog)(1.01)[VPX][FullScreen + dB2S BorgDog][Source Table Golden Arrow BorgDog]">
		<description>Golden Birds (BorgDog)(1.01)[VPX][FullScreen + dB2S BorgDog][Source Table Golden Arrow BorgDog]</description>
		<rom name="Golden Birds screenshot.png" size="1119548" crc="448a6178" md5="2b5bc2582b0787ddda63e6439a1fabb4" sha1="b5f4e38b691317f2687780e0d395bf2f035f80b8" />
		<rom name="Golden Birds.directb2s" size="3072451" crc="05de32f4" md5="dcf54b8245e3cc0943adab8eabb664cc" sha1="a4a0ca20d99b36e2fcb7bd72252290e86409aa31" />
		<rom name="Golden Birds.png" size="89498" crc="b6803bca" md5="9b0a65035a8d8ce31bc79f791042d8c4" sha1="db748a747804f06772ed036c4698f9388d2eb460" />
		<rom name="Golden Birds.vpx" size="21520384" crc="f9c259c8" md5="ba4a3165329a66b3d58e862e9f41c068" sha1="74a132c2a8657c003aa2a1fa85d0216110628e10" />
	</machine>
	<machine name="Goldorak (rom, Javier)(1.01.1)[VPX04][FullScreen]">
		<description>Goldorak (rom, Javier)(1.01.1)[VPX04][FullScreen]</description>
		<rom name="Goldorak.UltraDMD/BallRelease.gif" size="19766" crc="d5a758d7" md5="c77e74e48fc28f1556ee6975b8a16c5e" sha1="6a90b20ecb3c372a0c2f4e1c6bbd3799e4ffa947" />
		<rom name="Goldorak.UltraDMD/black.jpg" size="566" crc="cb190c86" md5="89fd030875eb1de465dad11ce50a5589" sha1="d2ebf689bc1b0f33ed4286e6420963563c91ef9b" />
		<rom name="Goldorak.UltraDMD/Bomba.gif" size="34860" crc="e7bc2d8f" md5="929f1f9302c8f2b8087f0457d65f21bf" sha1="35e8729404639d0c9d5c3517a00feb62f96becec" />
		<rom name="Goldorak.UltraDMD/Bumper1.jpg" size="1840" crc="bf224c67" md5="f88b16927c9f92a024a51ede330c4971" sha1="8a3f03d2360fc91e1f227e8f749f35b704995dbb" />
		<rom name="Goldorak.UltraDMD/Bumper2.jpg" size="1626" crc="930094e4" md5="615cfbe027b02a87eb8b3dff6b0d11cc" sha1="4e5f0c9e2abdcef2cc697921f706b6c39b27373b" />
		<rom name="Goldorak.UltraDMD/Bumper3.jpg" size="1912" crc="ad9d2392" md5="bb26ccfe32af3f9ac948eee966e72940" sha1="190f05e20025170225907479d0e9fb63fbe67d6d" />
		<rom name="Goldorak.UltraDMD/ComboMultiball.wmv" size="399560" crc="6156e44c" md5="3afc82b1514fd14a50d44f18be86f175" sha1="fccfc5a9ed23c5da0a49c90d72de5b38588dcef0" />
		<rom name="Goldorak.UltraDMD/DMD2.jpg" size="1816" crc="5479633b" md5="1c3674fcaa55e332753ea6fa0f993cb5" sha1="54393d29694423bf3cec570337ed9048ad8ba097" />
		<rom name="Goldorak.UltraDMD/DMD meta.gif" size="64343" crc="442e62e8" md5="f5661c41cb877c194e54c28aba685893" sha1="16f376b0cef1c1a2d281d7eacba3b5c5a83ee93b" />
		<rom name="Goldorak.UltraDMD/DMD.jpg" size="4877" crc="48efa076" md5="ded520a22b8b4c431e93fc9707d80324" sha1="711236dfe57af3279bfe1d9f5438ef243a5969fe" />
		<rom name="Goldorak.UltraDMD/DMDJackpot.gif" size="46716" crc="29c2cfe4" md5="be31df4aacf8fe4fbe34fb62006062af" sha1="2fdd717cb1093ada8e8dc8ac4210b3c673ba0249" />
		<rom name="Goldorak.UltraDMD/DMDJackpotG.gif" size="134886" crc="3193d1da" md5="a83b4b222ee2d6b3bf305053f6d2035a" sha1="081e91de7bfb5f76b1c101b8b162605585c4a14d" />
		<rom name="Goldorak.UltraDMD/DMDJackpotM.gif" size="76620" crc="04aa2b2e" md5="28a95103b347fc93e23436ee7fa49eb0" sha1="4e9d141faf668985f7213bbb7780eb0dd9dcf4b1" />
		<rom name="Goldorak.UltraDMD/Enter.png" size="1074" crc="dd25590e" md5="61e51e9e05be16778a38291a2927d4a6" sha1="65139aee962da4412f9b89a29a725bbefee1f113" />
		<rom name="Goldorak.UltraDMD/girugiru.gif" size="48223" crc="2dc37ede" md5="578d833dba1f0bd4445278639fb49c5f" sha1="45bfc873fc09f8be9fe0c69551aed4053cdcf213" />
		<rom name="Goldorak.UltraDMD/grendizerrayoespacial.wmv" size="202522" crc="032884cf" md5="c8dd3e23d3a4384bffc5a67b8da4000d" sha1="948e719942f1703fba494707e595842e6319df4b" />
		<rom name="Goldorak.UltraDMD/HighScores.gif" size="77497" crc="0da3f872" md5="e91dd87b4ba127fbe2534f27cc4f4e0b" sha1="441199439bffb5b6142f43c376a4fafe1817b58f" />
		<rom name="Goldorak.UltraDMD/IntroCompleta2.wmv" size="2082736" crc="462a8de2" md5="a9f3256b4a0cd5c8d8e8c5c134f0ebca" sha1="cdad9388686022e7cb6b0f0f87fb5c976fc1b129" />
		<rom name="Goldorak.UltraDMD/IntroCompleta3.wmv" size="2432044" crc="d10f9228" md5="5d6159c104c44d5b04d9912e6b25c6db" sha1="49762d2c4fa358a6cec697c652f455376b9ac27e" />
		<rom name="Goldorak.UltraDMD/Multiball.wmv" size="220432" crc="7f8d9835" md5="beaee6587f20548c0984838caba13e80" sha1="586d0bc5cd2c29f854fd54a89223343419290ca5" />
		<rom name="Goldorak.UltraDMD/PlungerLane.gif" size="322280" crc="148d03d5" md5="f4dea66d85f008cfa9fe6d135ec7cad0" sha1="933c76406f0c00b86b487829560e7f674f91f5a1" />
		<rom name="Goldorak.UltraDMD/SpinSaucer.wmv" size="211498" crc="89413e56" md5="4f85b8511e48add51e672e8316c69b70" sha1="4637f0b8f546fb90cabcfa2f874d9ae7e268a8c0" />
		<rom name="Goldorak.UltraDMD/Thumbs.db" size="12800" crc="749184b3" md5="bd83ae63ff1da7ac8440ad716d77e23b" sha1="1607f3b74f3f7716c3f3afc5ce13c2a02cb9a3d6" />
		<rom name="Goldorak.UltraDMD/Transform.gif" size="31825" crc="02bcd61f" md5="8f26f2f009d2b15f91f779bfcec0e3b9" sha1="7b537c3bec3e3b4e961e3b268ff9178a928fa3eb" />
		<rom name="Goldorak.UltraDMD/Transform.wmv" size="59382" crc="ca0939a8" md5="8f5ecbd5fbec9c11b0a82d3c8f0d610d" sha1="be8a7029bb9b5764863ce530e01f0637278a1e49" />
		<rom name="Goldorak screenshot.png" size="2123139" crc="519dff15" md5="25cef490a50a8f022a256b1a1fe0388a" sha1="fb0cc7c8870b06b2d5e1eb4aec6767a6087fd9ff" />
		<rom name="Goldorak_1.01.1.directb2s" size="17902071" crc="76a86cc2" md5="15522512c902a344bf6c8bc01546f11b" sha1="52577bf22d86f34f91f8b4c8062d4e350dbc8bfa" />
		<rom name="Goldorak_1.01.1.vpx" size="100327424" crc="ae3e4e60" md5="0632909de94fb1d626f83def82baf433" sha1="99bd35ba8cb1364a5a3daf6b9139ccf844079084" />
	</machine>
	<machine name="Linkin Park (2020)(Aaron James, Destruk VP9, Goldchicco)(1.0)[VPX06]">
		<description>Linkin Park (2020)(Aaron James, Destruk VP9, Goldchicco)(1.0)[VPX06]</description>
		<rom name="Linkin Park Music/a place for my head.mp3" size="2953749" crc="b25796a5" md5="1f47560346c8c266256a08efc615192d" sha1="105be5276540230b79acb63bac9ec10c592282ad" />
		<rom name="Linkin Park Music/by myself.mp3" size="3036923" crc="0eaf76e1" md5="488b4f0bc604b39a098c828832f5ad77" sha1="667c616b1e67fec58a8bca30832cf80717a3d412" />
		<rom name="Linkin Park Music/crawling.mp3" size="3344123" crc="7a3305d1" md5="151c108cdbf3ff4e0c939a6ddd24e877" sha1="5dbfb824515cafaf54eb10bb5407d102fae803d4" />
		<rom name="Linkin Park Music/don't stay.mp3" size="3008084" crc="6b3b34c1" md5="cdfdeb4dbd75355250a20e593ff9835f" sha1="2785dfc90327b840d5ec9bbbeba1a0ab02db58f1" />
		<rom name="Linkin Park Music/faint.mp3" size="2594722" crc="b824a23c" md5="8c18b775bc999d57a38bad6b40580f6b" sha1="d6744cfa71d7173396ec8b980da33f28b8b56f22" />
		<rom name="Linkin Park Music/figure 09.mp3" size="3161057" crc="dd619e81" md5="0c316d766b21a8f9d1498fff0444e965" sha1="9b6862e6e3ddf5816ab9caf06d6f4001808b554c" />
		<rom name="Linkin Park Music/forgotten.mp3" size="3111738" crc="e7cdc285" md5="3e11f8e21d7db76d774886b07a3dfa7b" sha1="71576958d662b34e0a9064d821b6274041d68301" />
		<rom name="Linkin Park Music/frgt-10.mp3" size="3398876" crc="c4e0f9fe" md5="243f557c0ff4f9bc15f6c204b83dbe0c" sha1="c993b72b9806352a05d0bad2bc1169362f45d780" />
		<rom name="Linkin Park Music/from the inside.mp3" size="2809135" crc="64fbd04c" md5="48fce76ef29ec813de109496e7bc9bee" sha1="66a4cd40cfba022a7d57420030ae7f374b688b12" />
		<rom name="Linkin Park Music/hI Vltg3.mp3" size="3372544" crc="edf09c18" md5="484bd39ba5de2007c469526f95409caa" sha1="7cc8002077108f7bc120d3c3c74300d7aed92111" />
		<rom name="Linkin Park Music/hit the floor.mp3" size="2628577" crc="4c17b9e2" md5="c93d7ab06a97cf44b83ca4f331fa396f" sha1="6b297cc782d0324871be02fbfea27220b5e54165" />
		<rom name="Linkin Park Music/in the end.mp3" size="3460734" crc="bceb9b46" md5="d1a94f6747f16878be4e950934b85c33" sha1="d491af0ae6d376fe2408415194b8a5bb03738ea5" />
		<rom name="Linkin Park Music/lying from you.mp3" size="2802030" crc="72f3395d" md5="459dbf2372a6544a9fb95dca8cf672ab" sha1="39d26487afb12e19ff0be348c51d1c106e387576" />
		<rom name="Linkin Park Music/numb-encore.mp3" size="3286027" crc="c4df65cc" md5="1c97996eec61d0ff0c51569afe7dc875" sha1="e1ba452f726f750881d000d2e4be42f39996d9b3" />
		<rom name="Linkin Park Music/one step closer.mp3" size="2490650" crc="7f457fbe" md5="3215a81eb771233d61f0590f6de7c194" sha1="e89878b19643a59dfa7075f9a572ebacf4f85d6b" />
		<rom name="Linkin Park Music/papercut.mp3" size="2955421" crc="eda1c4d3" md5="fac2e7f7b3e681753cf677bbd8820bd4" sha1="0ff49ad46523365de858426927aeb1b5e9fb824b" />
		<rom name="Linkin Park Music/pushing me away.mp3" size="3067016" crc="a08307a7" md5="cd1f2b5d3c7b42871c088561ae313713" sha1="0c45a5281fa9b2a56745d519ddc5d5a55d3efd3e" />
		<rom name="Linkin Park Music/somewhere i belong.mp3" size="3423953" crc="2111bc9f" md5="3c575ef524f76931f211d12c8d1a9c6f" sha1="8dd626e93e82ee85267b126a084465392b2acebb" />
		<rom name="Linkin Park 1.0.directb2s" size="9688594" crc="2950a9c6" md5="cac18cc202dbd3cc28d89fd3cc60c0b4" sha1="fe035b7337b8dca74fb9c4f91b511579f32a6ddb" />
		<rom name="Linkin Park 1.0.vpx" size="195960832" crc="727edccb" md5="092413872d7688ff259c58cb41c5db83" sha1="1e7dd374db7d5f03dd0d445366df2e3ae039cc7f" />
		<rom name="Linkin Park.png" size="113394" crc="036da867" md5="4e6b059b0d8cbb4d0f9615170915c84b" sha1="955e113a8d2c6bffd0075c111e4cce2af65956dc" />
		<rom name="linkin-park.jpg" size="652494" crc="a2fec49a" md5="8aacceb172af694768e3f8d165ab8388" sha1="b7ba0c12e70b44c69f3d833c11a95c0df23d737a" />
	</machine>
	<machine name="Metal Slug (Pinwizkid)(1.02)[VPX04][FullScreen]">
		<description>Metal Slug (Pinwizkid)(1.02)[VPX04][FullScreen]</description>
		<rom name="Metal Slug (Pinwizkid)(1.00)[VPX04][FullScreen]/FPVPX.vbs" size="622" crc="0cb22cb4" md5="220283763bbb755aeb2388354316bda5" sha1="8f1c222c02e6b6247e087667e5aad06bcf77cfd9" />
		<rom name="Metal Slug (Pinwizkid)(1.00)[VPX04][FullScreen]/Metal Slug_1.00.vpx" size="127320064" crc="c4157981" md5="84408eaaa3952bd2ddab2659d4b61030" sha1="5b9e2690960a135c47011ca88366de36a5b6bbb3" />
		<rom name="Metal Slug (Pinwizkid)(1.02)[VPX04][FullScreen]/FPVPX.vbs" size="622" crc="0cb22cb4" md5="220283763bbb755aeb2388354316bda5" sha1="8f1c222c02e6b6247e087667e5aad06bcf77cfd9" />
		<rom name="Metal Slug (Pinwizkid)(1.02)[VPX04][FullScreen]/Metal Slug_1.02.directb2s" size="16995201" crc="d7928c86" md5="96d1089818bb675fda22a394b0c0d335" sha1="5558465bd79ef276ffb52f1369f8096c665c4afe" />
		<rom name="Metal Slug (Pinwizkid)(1.02)[VPX04][FullScreen]/Metal Slug_1.02.vpx" size="127320064" crc="002e163e" md5="80cc612e5295d142aa9d70a52d7a76cb" sha1="5ff1837d6991fb61051ae78b655a15f74d02e463" />
		<rom name="Metal Slug.UltraDMD/Eri.jpg" size="2259" crc="ced300aa" md5="ff0163ed1a794e180c8242940b122be4" sha1="14858ae82ec8d853c6ecff5146a215ca5a072c6f" />
		<rom name="Metal Slug.UltraDMD/Explosion.gif" size="17149" crc="c5dd608f" md5="f575dba0ed1886e815b1284dec2acc19" sha1="78a5936a9b41777d9022cce4a96210151739d97f" />
		<rom name="Metal Slug.UltraDMD/FinalMision.wmv" size="211470" crc="b3998c99" md5="bf39c5154a58fa9492884189a5330b7c" sha1="0173cce7ab21a87dbbfe1ab20469dc4f57a43cae" />
		<rom name="Metal Slug.UltraDMD/Fio.jpg" size="1944" crc="87d08a01" md5="719606a85d822ba3061887edf7e266ee" sha1="aa94c1a914efa1e73da795bfbad69eb460fbdd94" />
		<rom name="Metal Slug.UltraDMD/IntroMS.wmv" size="560736" crc="62443bcf" md5="90a8d17b89c1def48ca0a09751a6be50" sha1="8a687fdca501b0728bd70b81ac0760b1b5821f99" />
		<rom name="Metal Slug.UltraDMD/marco.jpg" size="2792" crc="92e54d44" md5="ec01623def65993dc109c0374d9e3b4c" sha1="aef402c36ce2b38232a32236da4e95f419e03110" />
		<rom name="Metal Slug.UltraDMD/metalslug.jpg" size="3448" crc="ec52073a" md5="cc764e12a4e432f988d98433c849c556" sha1="e2deeca023e77441e50d00f7532eae28f23327bc" />
		<rom name="Metal Slug.UltraDMD/Mision1Start.wmv" size="139886" crc="d282a3de" md5="12763ba9685d1fb283f18afa136e526f" sha1="0ef7d678ae111455e9be58ad8cda2c217a0aba75" />
		<rom name="Metal Slug.UltraDMD/Mision2Start.wmv" size="148834" crc="4b37ea57" md5="b04dbc0e51419f18a4d99d40c137fc47" sha1="de58f84cb6a022cf28b0346bca001607b49f2b17" />
		<rom name="Metal Slug.UltraDMD/Mision3Start.wmv" size="130938" crc="77d012b1" md5="a51f1410ea84a67c8b3e46b4b530df48" sha1="536190e1f05bca7a80fa6a8850df2c81eceab9b6" />
		<rom name="Metal Slug.UltraDMD/Mision4Start.wmv" size="202536" crc="87dc6a75" md5="83b684dd341354e240ff6e460e5b2227" sha1="8ad42c1b9da7474a35a206fa6f3bd286363e82bb" />
		<rom name="Metal Slug.UltraDMD/scoreboard-background.jpg" size="4939" crc="ea8161eb" md5="840cd02003e9267afc38fd520aa0e348" sha1="12d4e19353ac28626e49d500cc8c7a5838eae35a" />
		<rom name="Metal Slug.UltraDMD/Tarma.jpg" size="2760" crc="abab3ea0" md5="b2c6e70c31f2cf1c303e296efa9dd1c6" sha1="9e5d3c424dbc42319c272c7b56a33533dd8903bd" />
		<rom name="Metal Slug screenshot.jpg" size="368410" crc="81a0e215" md5="2dbe95d77b998fb0dea8894534a94ec0" sha1="84b40ad39877577d5ecc57724c2fb2a87b6ae8f9" />
	</machine>
	<machine name="Mr. Bubble (spookyMoulder)(0.90)[VPX05][Fullscreen jogrady7]">
		<description>Mr. Bubble (spookyMoulder)(0.90)[VPX05][Fullscreen jogrady7]</description>
		<rom name="Mr Bubble (C-Freefall 1981)-All.png" size="2433960" crc="566ca889" md5="60dc6733f3743b242195b522e8b28866" sha1="d39e1f4923b2255d8e9e55862fb85071c242d383" />
		<rom name="Mr Bubble (C-Freefall 1981)-Backglass.png" size="3094283" crc="78a5b9d7" md5="f5a360d3f01613f6c8788a1d58a5ffb5" sha1="4f8792fb8adb2e9426cacb9a03220af8d99be2b8" />
		<rom name="Mr Bubble (C-Freefall 1981)-Table.png" size="8409237" crc="3231ecff" md5="c580ff9a27c83c7b0a9e7930387c9987" sha1="31855f4d915eb67598dc891017ddb89f4b3929e5" />
		<rom name="Mr Bubble (C-Freefall 1981)-Wheel.png" size="61036" crc="bbdba478" md5="627bc06bc435543a2b753857e55e1ff4" sha1="e8d1469b6aa8dc43889be08b34fa5aab2b06bbf4" />
		<rom name="Mr Bubble (C-Freefall 1981).directb2s" size="7035781" crc="9099354e" md5="5274984e5dd0d148d8b4c2ca180dcc82" sha1="bee63d819d8048765f3cffa3baa6df57db6f7761" />
		<rom name="Mr Bubble (C-Freefall 1981).mp4" size="2373772" crc="bf7b7856" md5="2ea251b128a6a4444506bb45121a91ff" sha1="64475e922f3d17707396705a717a841ceb06a008" />
		<rom name="Mr Bubble (C-Freefall 1981).vpx" size="26763264" crc="122401fe" md5="30276753362b206d68d102c9463c7f52" sha1="a47f51db1d9860f9a644e7e54f6e4ca099188835" />
	</machine>
	<machine name="Smurfette (JPSalas)(1.1.0)[VPX][FullScreen + dB2S BorgDog v1.1][DOF arngrim]">
		<description>Smurfette (JPSalas)(1.1.0)[VPX][FullScreen + dB2S BorgDog v1.1][DOF arngrim]</description>
		<rom name="Smurfette screenshot.png" size="488718" crc="36036909" md5="af96c9cb99f92172882e622595bfb849" sha1="05f2fe8e0b0ce7f6ae2095f5a848fac72dbf1201" />
		<rom name="Smurfette_1.1.0b2sDOF.directb2s" size="5862063" crc="23fee942" md5="48cda887229346e165e7309aca327e4a" sha1="9d09defadef5be8860cd81df6574719ef0f72e89" />
		<rom name="Smurfette_1.1.0b2sDOF.vpx" size="10670080" crc="bc98b7ad" md5="474470e5851fe1f51bac48544b186ce9" sha1="598ece51bbf99d324674c7907b24a0d830dc1004" />
	</machine>
	<machine name="Van Halen (eyes0fblue (VP9), GoldChicco)(1.2)[VPX06]">
		<description>Van Halen (eyes0fblue (VP9), GoldChicco)(1.2)[VPX06]</description>
		<rom name="Van Halen Music/(Oh) Pretty Woman.mp3" size="2803742" crc="5ca40e8e" md5="9907d7102d35f226389fa7c714e707e7" sha1="a46ce51f5800799c7dd2857f4e3dc1da329232db" />
		<rom name="Van Halen Music/Beautiful Girls.mp3" size="3789289" crc="63805d75" md5="166973d430f6b907424ec7e514235a71" sha1="7731aecf5275af5d23eea61359d63fd7d0fd66f4" />
		<rom name="Van Halen Music/Cabo Wabo.mp3" size="6784603" crc="d39be94b" md5="2afb6ebd2277d298ec14686e6e37b8b3" sha1="cc7a026c8452b38b6979257156e1dff636180a21" />
		<rom name="Van Halen Music/Dance the Night Away.mp3" size="3035502" crc="5ed2eb8e" md5="9c8384b6ff31a4278d69ec3d84573ca3" sha1="fc82d19ec1f346bc9367d331e92bd12dc867eb90" />
		<rom name="Van Halen Music/Dancing In The Street.mp3" size="3603142" crc="2beffcb9" md5="9c14a149efa574b0ab38ef4dfb47cc04" sha1="fe81fb7090f51621a4d67379ea7eef467f859444" />
		<rom name="Van Halen Music/Dreams.mp3" size="4706133" crc="1be42e2e" md5="b8eb5437e7896e03ad838bfb0079e667" sha1="bc4176cc1a53c55aee9057aea537a4fec6946112" />
		<rom name="Van Halen Music/Everybody Wants Some!!.mp3" size="4941694" crc="592ae90e" md5="75dfee2e68c235d65584620f1a391856" sha1="c8ec0f73e51aa536755f51da2563b11f2469f47d" />
		<rom name="Van Halen Music/Finish What Ya Started.mp3" size="4240903" crc="c1d7abc0" md5="fb01ded2e8d7a1a3ca4d140857f2aea3" sha1="2a77e1e725c722c86ecae3736b7fad50a15e5973" />
		<rom name="Van Halen Music/Hot for Teacher.mp3" size="4556926" crc="cc8654cb" md5="165b19a9335e989f898e39651e4f9d7c" sha1="f76ec1c7c70da976f24604fe49d0a434f47e2e0d" />
		<rom name="Van Halen Music/Ice Cream Man.mp3" size="3199749" crc="53c438c1" md5="ed53e4020e58c5cbd38b36956809c927" sha1="6e3b0706295356dd128b5601ead4d0d4fa016a6b" />
		<rom name="Van Halen Music/It's Love.mp3" size="5437939" crc="3ec67636" md5="8204f2c03ec6eb1284dc8a0c65270ce9" sha1="37d0632455406be2bf73c53bbf009029632c8ac6" />
		<rom name="Van Halen Music/Jamie's Cryin'.mp3" size="3369875" crc="60577132" md5="8b9757030563ffd019af6ee088129988" sha1="f17de2aaec8fc7a49c659974d821a944b3dd6330" />
		<rom name="Van Halen Music/Jump.mp3" size="3898218" crc="94a90ba4" md5="f55510a9ba4cf79719a24e739a82987e" sha1="66d3525a59a450323533115b295314f98955c52e" />
		<rom name="Van Halen Music/Panama.mp3" size="3376617" crc="06c3b1c4" md5="accb4518a059aaf63a86cc8864fe52ac" sha1="989e7fff55c189849e96858730cdb6e1355cf2c6" />
		<rom name="Van Halen Music/Poundcake.mp3" size="5137210" crc="ba604da6" md5="a8e8b3c01fb8acbf58c86a70788fac7d" sha1="7cb1ee7fc32678cbd069aee3c148c1719af3473d" />
		<rom name="Van Halen Music/Right Now.mp3" size="5145572" crc="536e4dfc" md5="0e8eccd9541fbd0bbe2cf73ccb4c8c20" sha1="cf96a5743a3bd85d55c9edf660a02c8621334170" />
		<rom name="Van Halen Music/Runnin' With The Devil.mp3" size="3472898" crc="ede42bed" md5="31f549919305531da0c4c7921418c3b0" sha1="f4aa343cc68228a50c8da3b33c0bd48bedb78cdc" />
		<rom name="Van Halen Music/You Really Got Me.mp3" size="2527889" crc="ff338350" md5="92e0253d34e6743c8d556154d73b7c8c" sha1="19db38a1fb4bc4b40acd5bb6d6af93e70077eb31" />
		<rom name="vh.UltraDMD/albumschamp.png" size="2710" crc="cf7e886f" md5="993bb7a84f74e781aba0eada8defecd3" sha1="e86d2f3c83dd8a6b781d818104ee44c1aab29689" />
		<rom name="vh.UltraDMD/bandchamp.png" size="2362" crc="a52979f6" md5="3526f5ecdd767c68cee78173150bbd12" sha1="69edef09db02159d090b4475e3e627cf306bb7a3" />
		<rom name="vh.UltraDMD/blank.png" size="213" crc="c1250fc8" md5="42a596f99568ed6bb75d11329fde8d0a" sha1="c04f942d6659016eea33e2ccb3b9b4af560c80c6" />
		<rom name="vh.UltraDMD/bumperschamp.png" size="2805" crc="c7bddc54" md5="368cabb7384ba3865e214706057969da" sha1="0d37cbced6a93c2552734b42081a63dc71d4f6b7" />
		<rom name="vh.UltraDMD/chooseasong.png" size="2575" crc="54b76a9a" md5="4ff96b753222ac44b204fc8bbbbd599a" sha1="ce889553f1d65197f79cd417cc8d97c279e581bf" />
		<rom name="vh.UltraDMD/combochamp.png" size="2850" crc="155b3591" md5="218bb462c8c9639e4fac0a9a0d7690ba" sha1="eb98b0aa6ad975e13a2f12fae8cf8a32470b06fe" />
		<rom name="vh.UltraDMD/comboschamp.png" size="2489" crc="9f22ed42" md5="eb558dba4db880c70773ef712900b20c" sha1="60e6a5f6bb5fd27504021501e64b6d6c7cb05776" />
		<rom name="vh.UltraDMD/followchamp.png" size="2437" crc="96b16f35" md5="fae8376fb6ac714106cdd42f366a44cb" sha1="32167ec3c7074b42878fb9a89aee28bb273f0e22" />
		<rom name="vh.UltraDMD/frenzychamp.png" size="2601" crc="376c8bbf" md5="94f7da6496fa735a7d6a49a7f560cac3" sha1="a4f5e48fc7cefddb8e85e220c36e998bd06ca0ff" />
		<rom name="vh.UltraDMD/highscore.png" size="2225" crc="b3e2fae4" md5="8a73b8b10e01f52f21349a2325a83190" sha1="4466132a8e750f188f5ddf0ab9621dca3f901f44" />
		<rom name="vh.UltraDMD/logo1.png" size="3189" crc="7012f1c6" md5="76ad3d0d4a51bbc6ef490cfb4180df55" sha1="776177d55bb98003d2ffdbde11051a8cc964f95c" />
		<rom name="vh.UltraDMD/logo2.png" size="1859" crc="37119e75" md5="d4acd38bbdb5c20c4c0f1adb928373ad" sha1="9f1164baac568095791dd28a70de0ca4320e289a" />
		<rom name="vh.UltraDMD/logo.png" size="3189" crc="7012f1c6" md5="76ad3d0d4a51bbc6ef490cfb4180df55" sha1="776177d55bb98003d2ffdbde11051a8cc964f95c" />
		<rom name="vh.UltraDMD/loopschamp.png" size="2276" crc="e42287df" md5="948ff76cf338c058806594c6b692ac52" sha1="58283374ca3d420c1fc1f1223d2244edda84627d" />
		<rom name="vh.UltraDMD/match.png" size="1389" crc="f1fda5d1" md5="973f76b85c277056520756d64db8e6bc" sha1="679d5d27d0e9b7f58cfa0e21e073d309420a5287" />
		<rom name="vh.UltraDMD/minischamp.png" size="2234" crc="3c9ca7bf" md5="9c163339892dbcfc2231fbef75f09e94" sha1="ef7397c67e037aab1a26b360fbecc5b06d6074aa" />
		<rom name="vh.UltraDMD/orbitschamp.png" size="2593" crc="a778fddb" md5="cc0096834c026df68654672fa1f9b3bc" sha1="f94ae8ce537ae9950bf2d1219f95bb760573e2ce" />
		<rom name="vh.UltraDMD/rampschamp.png" size="2480" crc="a8d32452" md5="72245212ddebf8fa284497bd103ec7ca" sha1="791085fc11714aaeea0b546b71f3cd1973381c1d" />
		<rom name="vh.UltraDMD/randomaward.png" size="2699" crc="94258312" md5="c1d09289e132fac0a2d8c5504802c008" sha1="8b5521e4bcd6ca58f7ac6fc79ec7d126d5330194" />
		<rom name="vh.UltraDMD/spinnerchamp.png" size="2981" crc="fb9a9bf0" md5="26a89c8a009ec4e8fb2db91d23814c2c" sha1="65081e53e91c03fef2aa8277a5d38b203e0597a2" />
		<rom name="vh.UltraDMD/standupschamp.png" size="2537" crc="faefd4d8" md5="7eb0e748051e4248c5d3754ef52763e8" sha1="361a55421aed5aff39c8e0cf71a228dc42b51a03" />
		<rom name="vh.UltraDMD/worldtour.png" size="2095" crc="be656b9b" md5="b8a717eec4973091a394797bb45b5925" sha1="e661153a53662816760c217eb35b80b2ed7f1b5f" />
		<rom name="Van Halen 1.1.vpx" size="112533504" crc="d2125f24" md5="b093f02ac0ef2136d0ff0169e2e70487" sha1="f6facb6cc708dba75bd88da53251ee68c5c4a0f2" />
		<rom name="Van Halen 1.2.directb2s" size="4186252" crc="a0dec466" md5="bef95e4db6674d4e5b630c6808f53988" sha1="dc5f6491a55573d642f1157333719898f63db260" />
		<rom name="Van Halen 1.2.vpx" size="112525312" crc="d3f9642f" md5="873582637a8ef13e758a98b524b60aff" sha1="f18f6014af818fecfe7589f61cccb4b5b4cbfb92" />
		<rom name="Van-Halen.jpg" size="283453" crc="f5fb19f9" md5="ef1dced5f1258ed93e6b4ea34f2d20c0" sha1="37b3810eb34c947db084248fae962ad31f1cb14d" />
	</machine>
</datafile>