<?xml version="1.0" encoding="utf-8"?>
<!DOCTYPE datafile PUBLIC "-//Logiqx//DTD ROM Management Datafile//EN" "http://www.logiqx.com/Dats/datafile.dtd">
<datafile>
	<header>
		<name>Visual Pinball [VP91x] Original Tables [MODs, HACKs]</name>
		<description>Visual Pinball [VP91x] Original Tables [MODs, HACKs] (2024-11-07)</description>
		<version></version>
		<date>2024-11-07</date>
		<author></author>
	</header>
	<machine name="Def Leppard (The Pinball World Tour) (Destruk, JPSalas, Aaron James)[VP912][MOD Desktop WS 2.0 Open6l]">
		<description>Def Leppard (The Pinball World Tour) (Destruk, JPSalas, Aaron James)[VP912][MOD Desktop WS 2.0 Open6l]</description>
		<rom name="Music/Animal.mp3" size="3903352" crc="abe63b10" md5="df72c077bdc358c841b858afc1d5c4e3" sha1="09b2f292dcf435062ea0e53391c31791f9d0d6b9" />
		<rom name="Music/Armageddon It.mp3" size="5158066" crc="acc72b47" md5="82de11e3eb5d9967b2b46019a6007a13" sha1="073dbb1d695577405aafcf89a7398d34882215d6" />
		<rom name="Music/Foolin.mp3" size="4384841" crc="260ba67d" md5="2cf8b62da540ac84df76cb07af2dae97" sha1="41ced3a8ee13274d7a93ba79900b3f27a0681bc7" />
		<rom name="Music/Gods of War (Aaron James Edit).mp3" size="5540498" crc="363e7a78" md5="8f3442d4010b68a523510653bbaa77ed" sha1="dfc234b6f8483a60f8b23d207d76d3b5c8083fba" />
		<rom name="Music/Have You Ever Needed Someone So Bad.mp3" size="5110418" crc="17486d74" md5="db95fb4550090b1784123e33951185c9" sha1="0e85dcce10698e93e405508633570257f9ee2e27" />
		<rom name="Music/High 'n' Dry (Saturday Night).mp3" size="3334092" crc="360c5eb6" md5="c2b42cc06d466a785d87b954358fcdde" sha1="81fd00d677f736860ab7869d4287319d8de32800" />
		<rom name="Music/Hysteria.mp3" size="5681351" crc="49766473" md5="58b6fbfbf301ca92bc1f3266cf026e84" sha1="0822f4d877e241bbcc576ef993c17653de193b83" />
		<rom name="Music/Let's Get Rocked.mp3" size="4736763" crc="2f81c3c7" md5="45355a69ee6a2c1815c4a720d73a089e" sha1="e6459579221afaa16b244885a8988e7d5ffd7dae" />
		<rom name="Music/Love Bites (Mirrorball Live).mp3" size="7172211" crc="1d21a332" md5="54e8720e600d7006188e1127f7c1aefa" sha1="22032845fa23cf7b58105925ba8ea0db427145a2" />
		<rom name="Music/Paper Sun.mp3" size="5237060" crc="d36041bb" md5="c5c7255637761c0272f36aeafd23418e" sha1="b26e1f53a286de01bc5e25f339eb309a837be782" />
		<rom name="Music/Photograph.mp3" size="3979003" crc="024c4880" md5="1601869ce5e0eb846a2b2cff8f39263b" sha1="d96c46e5f6c3a3f75f7e23801c6bfcd68bfef611" />
		<rom name="Music/Pour Some Sugar On Me.mp3" size="4679085" crc="b4c44cb2" md5="1170ceef71501826fb3f7f0d2a9e34bf" sha1="de07f410bae6109b8d84379a2c5e1a361e4fe736" />
		<rom name="Music/Promises.mp3" size="3838569" crc="046c3918" md5="23fb7de3dfc38ee5d84b16691a80c136" sha1="05f8db1691af19d280d24c3e6461638789536c01" />
		<rom name="Music/Rock of Ages.mp3" size="3973569" crc="a53400ee" md5="3de6a15717a842c350e6f7c372c2a910" sha1="53acf5312dd47ef199aeda68d0d81c023c3e0eee" />
		<rom name="Music/Rocket.mp3" size="6355519" crc="855c35b6" md5="0e716ddfd564640739f84caea12a37cb" sha1="6794e43c41882b894ece05ed5e11202e76cd1b11" />
		<rom name="Music/Slang.mp3" size="2544567" crc="3ed121d9" md5="b7eb58589a83fffc531970bd7fbfc2e2" sha1="4284b3351c72750a113e20b4ffc53576f5ea8cb5" />
		<rom name="Music/Stand Up (Kick Love Into Motion).mp3" size="4377318" crc="380e7410" md5="2323f8e1d3deeda481825ec12429c63e" sha1="a01af45a0b5b52e5550bd311bc16d7a2b513845d" />
		<rom name="Music/Work It Out.mp3" size="4626422" crc="6f8a70f6" md5="9091da54e580a81e05684626f786103d" sha1="474171e3f97d38ee5a427ef09ba6b877732fc4dc" />
		<rom name="Def Leppard WS.vpt" size="45727744" crc="c7b78079" md5="29c83b0cac5b7ec19c5a7a19aaad48df" sha1="7997d7d70aef99d7369bb75536e28f1419efac12" />
		<rom name="deflep.png" size="2803958" crc="64f321e5" md5="49371b550c90bf0747ec33084b7fbd35" sha1="89f0724047f261b83ff871b7a96fd66f50a15b16" />
	</machine>
	<machine name="Spider-Man (JPSalas)(1.1.1)[VP91x][FullScreen JPSalas][B2S Rosve][MOD DOF v1.0 Sir Cheddar]">
		<description>Spider-Man (JPSalas)(1.1.1)[VP91x][FullScreen JPSalas][B2S Rosve][MOD DOF v1.0 Sir Cheddar]</description>
		<rom name="dsfiles_img.jpg" size="937924" crc="3bbf7f96" md5="5ce66a1e6b561e40aa63761381dece5f" sha1="d1e7ed92cf92974851bf7baad0dc52fc323643c8" />
		<rom name="JP_SpiderMan - 2011 - JPSalas - v1.1.1 DOF FS B2S - VP9.1x.vpt" size="26955776" crc="b6efe7f8" md5="6aeafd66ba14b84b936136966dead52c" sha1="39175892ac28710c613b155ee1707c98777bbbca" />
		<rom name="JP_SpiderMan_FS_B2S.exe" size="3326464" crc="f453e8db" md5="cac94fa0499a41519aebb2b0e97c5150" sha1="df144925c889fd3d765bb3b6d7a17caadf016041" />
		<rom name="m0jpsspidermanvp2011.png" size="907463" crc="3f12bbcf" md5="e3852286291a2d0e59f5b5d627c131ab" sha1="ff5dc252e30df3b2304ef55c4da0e3f2c65e5815" />
	</machine>
	<machine name="Spider-Man (JPSalas)(1.1.1)[VP91x][FullScreen JPSalas][B2S Rosve][MOD LEDWiz support gStAv]">
		<description>Spider-Man (JPSalas)(1.1.1)[VP91x][FullScreen JPSalas][B2S Rosve][MOD LEDWiz support gStAv]</description>
		<rom name="b2s.vbs" size="7527" crc="61185a8d" md5="5ddacb102a1b7f0504cda365bc45efcb" sha1="8a355a7b9ec0334e73a36e6bb783f8876d8be533" />
		<rom name="How to install JP_SpiderMan_FS_B2S.txt" size="1320" crc="0554e1ed" md5="c184b42bdfbbbdf947aa191e25cbfba8" sha1="19c31c3490e8d3da84fceda852d9b22b1a75f150" />
		<rom name="How to setup LedWiz support.txt" size="1743" crc="e6fa1db7" md5="3e4df98e907a6f2270eb7518341651d8" sha1="6cf84c36fb8db24ba6394f5fdbb6341ec4c6476c" />
		<rom name="JP_SpiderMan_FS_LW_B2S.exe" size="2099200" crc="327e4281" md5="a40f31580b6d6039d9bee0f694fba28b" sha1="33e4913454b887d61335bc111d8509bbf4c930b2" />
		<rom name="JP_SpiderMan_FS_LW_B2S.vpt" size="26820608" crc="c02cf17d" md5="bc1db6809395404e1092735213eca42c" sha1="74667621d7712f55a6d8da2a175e80ba692ec84a" />
		<rom name="LedWizToolBox.vbs" size="16155" crc="76c38bc8" md5="e1859c17f23b3d85ca775d3af3f27e48" sha1="192a47cf276e4516055b8138d74d8b28f0584b59" />
		<rom name="ScreenRes.txt" size="30" crc="f5a4e70f" md5="2ccb190dae1181c0c4fd4d774e580c71" sha1="9153ac846962cacf7c7547989bd7df148a1db3a2" />
		<rom name="Spider-Man_Reglas_de_juego_ESP.pdf" size="560733" crc="890ae5d6" md5="8614b22ebad1a02826b61cabe05835dd" sha1="9f67ad142fb1fcdda5c5bde308f8ae036e4adf2a" />
		<rom name="Spider-Man_Rules_ENU.pdf" size="557246" crc="36ffab03" md5="e5b11f2173721cd21e7b59efb4571813" sha1="c2a96ee9cfa6ea44207459fb16474c80c013f8ca" />
	</machine>
	<machine name="Yellow Submarine (JPSalas, Maceman)[VP91x][MOD Gfx v1.1 Bob5453 and Djtroyboy][WideScreen]">
		<description>Yellow Submarine (JPSalas, Maceman)[VP91x][MOD Gfx v1.1 Bob5453 and Djtroyboy][WideScreen]</description>
		<rom name="Music/B_AHardDaysNight.mp3" size="1050502" crc="f7c1d53b" md5="3eec2d9ef10f8377b9185e51cff1a2fd" sha1="cd83bc7ad3f08e8b0bec4a3a3741cd78b5054ab3" />
		<rom name="Music/B_AllMyLoving.mp3" size="396605" crc="7b7c77a9" md5="8896bc7faf94ea1831e262cca70b2fcc" sha1="15f393cfaa4ef43651010dc9b3056dcecf603cb0" />
		<rom name="Music/B_AllYouNeedIsLove.mp3" size="645290" crc="4a72b48c" md5="fc7a2798d76597d1a947cb6f52f96b72" sha1="bcc1b095e446d12c33fbe3f0295b897283fc0f70" />
		<rom name="Music/B_BalladOfJohnAndOko.mp3" size="487965" crc="ba6a17aa" md5="32da3bc747dbba5d0b32f901d5f6bfec" sha1="ecc57d036062b8e7e47b19750a9c55252552b45f" />
		<rom name="Music/B_Birthday.mp3" size="501513" crc="067c0e4c" md5="01e7909e5adb9baf0581f25617f5793e" sha1="1e41c6d0238a92058f049afb107750f6971345b2" />
		<rom name="Music/B_CantBuyMeLove.mp3" size="412037" crc="82646971" md5="c46efefafabd09893ec208b4ff01586a" sha1="83fd3de1ed9370eed394b32cbeca70b6b3a9216d" />
		<rom name="Music/B_DayTripper.mp3" size="597193" crc="b7a54a8a" md5="dc566a28b9311da99872de8cd3c83d64" sha1="2702927327360af54c6d811449f878637bfcbd18" />
		<rom name="Music/B_DoYouWantToKnowASecret.mp3" size="458045" crc="bcb5dec2" md5="7310bb73dc3bb544ff8956f97c78db34" sha1="6daf6dc3be80c59551d0f4e7cfa1d802054a7ef6" />
		<rom name="Music/B_DriveMyCar.mp3" size="572148" crc="3a9f06e9" md5="91cb0a3572c2f091d7ccd315fdba2c3f" sha1="d703727cec3e46f3d514efbce8c829a493cf9b13" />
		<rom name="Music/B_EightDaysAWeek.mp3" size="524918" crc="55b28021" md5="92cc95a4c1cb06c9fd254db1136a6afc" sha1="20737696c73ded06bb26b6dec9950189eb453285" />
		<rom name="Music/B_EleanorRigby.mp3" size="617255" crc="d27ac87f" md5="eed5b44f47a1ce8059b6de20f10f1c91" sha1="69e0ed748604a4704ac09d6f3cc22bafb7cce28d" />
		<rom name="Music/B_GetBack.mp3" size="638989" crc="1a6e6e26" md5="a9afe0b810b1e8c8c4be561ed1cada1c" sha1="e40e7b36524f26b46a7cca5ffcfb7d84cad4c883" />
		<rom name="Music/B_GettingBetter.mp3" size="635698" crc="077d9639" md5="81b3c6da2cc6cd0b4b38e0b429c700d2" sha1="fa7bfed43cfe24c6cbb1e0df45135d9ebf5b12c9" />
		<rom name="Music/B_GoodDaySunshine.mp3" size="459299" crc="8a78cc38" md5="6faf8311d4b566f4a6de04b5150075c1" sha1="34c00377be19033da4f35e4eefe1414c1c798527" />
		<rom name="Music/B_HelloGoodbye.mp3" size="615197" crc="d6e0653e" md5="6d12bb05c6a3e0c2365d594d5495673d" sha1="04407dc528a3c13182cdc88148e3cf74a50b95b7" />
		<rom name="Music/B_Help.mp3" size="642751" crc="2cc96969" md5="34e4cf20c6b7ae78c6c27802ab5907b8" sha1="fd9fa22017bf484611190b23dbc964a9f7971ffb" />
		<rom name="Music/B_HereComesTheSun.mp3" size="644037" crc="1c53f259" md5="8cf691ba24bb4fa11f5b9ed2b43b1a07" sha1="ac9113ad3191759c0757629fc1fb82f30ca2699d" />
		<rom name="Music/B_IFeelFine.mp3" size="620181" crc="2416da0a" md5="067618f7d67e6bd1a644b844bbed761c" sha1="844c14f5c69018766b684224ef26cf0da6cd3362" />
		<rom name="Music/B_InMyLife.mp3" size="671172" crc="94b500cf" md5="eb1dd7396fd41dd3a798298216b00b5d" sha1="3c22fce8ab05acda353165100fa751e45434ea86" />
		<rom name="Music/B_ISawHerStandingThere.mp3" size="501481" crc="63ee9d7b" md5="c4bdfe5964020bc3d7dbae2a31781ad2" sha1="966dce39cd62172f2ca00ab9a4da79dcb2660092" />
		<rom name="Music/B_IShouldHaveKnownBetter.mp3" size="654872" crc="808f3705" md5="c6df5cfd41de851f54b62d829b6cb389" sha1="1ada62b9eb8c0ca16d2dc87ce1b0d7e76cafe8d3" />
		<rom name="Music/B_IWanttoHoldYourHand.mp3" size="459685" crc="461e7ee1" md5="8a4f90ec1c84f4b57021386b2041bd64" sha1="d7150a16567791da29342d98466970f8dfb3bad2" />
		<rom name="Music/B_LadyMadonna.mp3" size="709206" crc="2d9d9002" md5="38617f8ed319692b3b6cdd0d88c5fb55" sha1="f2c4dacd10fbd1bdab324e3aad56af30cda4dec2" />
		<rom name="Music/B_LongAndWindingRoad.mp3" size="688971" crc="e8da84e7" md5="1b08dbbdc3a6f6fbab08bcee0ffd9b6b" sha1="86386e777cbea4298a8b6cf98d883dc3679055db" />
		<rom name="Music/B_LoveMeDo.mp3" size="552890" crc="ec8e0fea" md5="8cbfd5874a23cacf49ab822b02979f5d" sha1="1fe388ab79764336bb69bd202a9e418a5fce7153" />
		<rom name="Music/B_LucyInTheSkyWithDiamonds.mp3" size="591792" crc="e91a8503" md5="7e54970ad79a3e29ac6c1c751b0f1fca" sha1="72aa50c30b459e83214768eb7b96251153f68d4a" />
		<rom name="Music/B_NoWhereMan.mp3" size="498414" crc="00c5f936" md5="7772db741d010b6d724b2f2305f5f481" sha1="570d8b160dc39b9ad3043b677b1efefb537f866a" />
		<rom name="Music/B_OblaDIOblaDa.mp3" size="568386" crc="cbf9eccb" md5="8f296d18b40d08290fa73e7e3260a2fe" sha1="8a8c4fbd5b08eb9a5733a6c80feb6eafdac84b4a" />
		<rom name="Music/B_OctopussGarden.mp3" size="695832" crc="7af95f0b" md5="94c9eecb11bbc6bc2287ac4a3599382a" sha1="6ab75898c08a4d3fd58b21b49631fcfb7d389d69" />
		<rom name="Music/B_PaperbackWriter.mp3" size="499005" crc="21894e1d" md5="cfc7a2f8f9da4df62535d0518a55e41c" sha1="2da8365e5ff731877dda906b2d3e5b771f23205f" />
		<rom name="Music/B_PennyLane.mp3" size="694996" crc="af021441" md5="3e4ef8dcfb5c35f5a4ce1ed710c48495" sha1="e5493ca522f1f241cf1cb15b196bde2357b56a49" />
		<rom name="Music/B_PleasePleaseMe.mp3" size="564174" crc="ab9a8c1d" md5="a6ecf210db52196277e85982d80756d1" sha1="33dbe8d11e8f97e3ea66ddb7fefd2f1ba2e344c9" />
		<rom name="Music/B_Revolution.mp3" size="560445" crc="96ec4bc0" md5="614d65a06ddb88f3f00bfc5ad050d7cf" sha1="50b71848a9d983ed8a66fa75dca06c3f80677b85" />
		<rom name="Music/B_RockAndRollMusic.mp3" size="627286" crc="d3930e9d" md5="a251543e32b113e362c5e5a978e57fdd" sha1="afe3291d667b31b480e9921189c154608811826b" />
		<rom name="Music/B_RollOverBeethoven.mp3" size="563338" crc="01bada5e" md5="b73a68c51c77181b77e27caefce49d6c" sha1="564d83096c4b6edb08c3e3d1641f93cbff8f7216" />
		<rom name="Music/B_SgtPepper.mp3" size="1021911" crc="97295d7f" md5="f905fc8fad8b0eafbf9e9065464f6238" sha1="7bcb94cd8e42d1b130ef924c1247c402a930ebf3" />
		<rom name="Music/B_SheLovesYou.mp3" size="616419" crc="fbe86215" md5="adcd5eb7405656b2bb6ffc64292aff7c" sha1="c75988860f5309b7302800a13abe239945799e17" />
		<rom name="Music/B_SheSaidSheSaid.mp3" size="458849" crc="4205700d" md5="7cd02a91c9b7cee1e1bb9f45fbe9ea82" sha1="c417edc77aae38c50f164ad9f87280f1cc9213a0" />
		<rom name="Music/B_Taxman.mp3" size="416688" crc="cfffe791" md5="bb0057d6ab2de64a6047e8787d6c1380" sha1="de1f07eee541a98389d28de34d2d1cb8eb052575" />
		<rom name="Music/B_ThingsWeSaidToday.mp3" size="528925" crc="7619248e" md5="3960451d866a3fed8127a0cf9122b828" sha1="f9563d8e51e346e85e73f1e160b9f0ac5ae0b811" />
		<rom name="Music/B_TicketToRide.mp3" size="614362" crc="7ace461e" md5="648702960b060ea84fe6ec9fb2329041" sha1="ef26e8a05c0b759de32266c9f82b5cf8f4aa97d8" />
		<rom name="Music/B_TwistAndShout.mp3" size="594685" crc="7dbe50ed" md5="1351d97198285aefc8b6a12beda8999c" sha1="5123584dca432af8470136365e382fdc0e7cf114" />
		<rom name="Music/B_WeCanWorkItOut.mp3" size="585490" crc="fd14c414" md5="410090ce6164e335fd2c58378bf05d02" sha1="8f5e466ce003c5613ca5a803f3f15587492ecacc" />
		<rom name="Music/B_WhatYoureDoing.mp3" size="501063" crc="4109ed6a" md5="8533a4a46f0461f8988c7ea45d241697" sha1="10e244e01800b4d18649e3448907adcc52e66071" />
		<rom name="Music/B_WhenIm64.mp3" size="613076" crc="3772b68f" md5="237da4212bf7db5a8f3865a4dc7f3dde" sha1="c7f85e9992e3401f368df48130e0a497777e4333" />
		<rom name="Music/B_WithALittleHelpFromMyFriends.mp3" size="557487" crc="d9f722c2" md5="15276814d058cdb3c61c32467653c332" sha1="099b2db83964b65b3f0c257c803bf9327ccf1b2f" />
		<rom name="Music/B_WordsOfLove.mp3" size="575041" crc="79065bf9" md5="4863e2d1df65d1bebee935c6b8facbf8" sha1="791d5a264009e30a615d02c6cc2aa04de0181bfd" />
		<rom name="Music/B_YellowSubmarine.mp3" size="709291" crc="41264ff2" md5="947e4789780db138f4245dd4807e52b5" sha1="502e4815d9d1fbde6b64e03a1b941fbdf0c19966" />
		<rom name="Music/B_Yesterday.mp3" size="551218" crc="a685c27d" md5="3178e3f04ca3062155748af664f665ad" sha1="c7a75a7770f1ccf7b4924649fe2e7e910a0ff7ea" />
		<rom name="Music/B_YoureGonnaLoseThatGirl.mp3" size="491032" crc="09342d55" md5="e57cb0cdb743734a7aaed4784457d275" sha1="5729e0d121ce0b77526087df6c50927b15735e7f" />
		<rom name="Music/Beatles_Help.mp3" size="1344128" crc="59c5fa47" md5="d8bf18313ac511f3bd6815dad760d8dc" sha1="33e3a00289140a9de280c7024007775bad8ca3d0" />
		<rom name="Music/Beatles_HeyJude.mp3" size="1261184" crc="438a0075" md5="d8d7720c46e7a4ff0db0ee9b3499825d" sha1="f81b94063745b7d589cfc64f53ce2e5465c36237" />
		<rom name="Music/Beatles_LetItBe.mp3" size="1069184" crc="130da518" md5="0a65422e44b285c115e4208b08702a2a" sha1="cb1662abc0c3a07cdc9f5b796fb5bbb61d010034" />
		<rom name="Music/Beatles_NW.mp3" size="454272" crc="44c18a20" md5="64c4643fd5f5b88dc9d163471f423925" sha1="fda949876a77f6576bb1ea7997317b12bbcc7e97" />
		<rom name="Music/Beatles_Something.mp3" size="776320" crc="b0fc2676" md5="3ac70ae9806957f6ec35da970acd7536" sha1="2fdda1aa06d97e3c1a6f81ae0e0f36c5e6a04a72" />
		<rom name="Music/Beatles_Yesterday.mp3" size="2013824" crc="0576257f" md5="afa56250eb9a7dba8d539e27eb7bf614" sha1="96d12b240fe0b148206168c084754033b781929c" />
		<rom name="screenshot.jpg" size="1098229" crc="8029fd37" md5="dc9642310311878ea8d994499f7c6809" sha1="9c44d037b779ac55ad391818b2703901f34c6668" />
		<rom name="Yellow Submarine WS.vpt" size="51478528" crc="3cddc0a4" md5="2cce00813aa2e856fc9ea0fd5829ca39" sha1="d85d477d8034feb7fa1fc98e0ac3a81c67a9ecbc" />
	</machine>
</datafile>