<?xml version="1.0" encoding="utf-8"?>
<!DOCTYPE datafile PUBLIC "-//Logiqx//DTD ROM Management Datafile//EN" "http://www.logiqx.com/Dats/datafile.dtd">
<datafile>
	<header>
		<name>Visual Pinball [PhysMod5] Tables [FullScreen+WideScreen]</name>
		<description>Visual Pinball [PhysMod5] Tables [FullScreen+WideScreen] (2024-11-07)</description>
		<version></version>
		<date>2024-11-07</date>
		<author></author>
	</header>
	<machine name="24 (Stern)(2009)(Freneticamnesic)(1.20)[PhysMod5][FullScreen Freneticamnesic]">
		<description>24 (Stern)(2009)(Freneticamnesic)(1.20)[PhysMod5][FullScreen Freneticamnesic]</description>
		<rom name="24 (Stern)(2009)(Freneticamnesic)(1.13)[PhysMod5][FullScreen Freneticamnesic].vpt" size="127197184" crc="cba6d44b" md5="ac250b74b9ed2b245e4c347fe93d9abf" sha1="2853f1a74cbda5ecb36bab553eeeb2dcdcf13ab5" />
		<rom name="24 (Stern)(2009)(Freneticamnesic)(1.20)[PhysMod5][FullScreen Freneticamnesic].vpt" size="127201280" crc="53039a15" md5="df1ed9c082bb9b14a8153a76fafb86ce" sha1="3f7259a3df3c98fdaa0cb9102a404b63df34729d" />
		<rom name="24 screenshot.jpg" size="702811" crc="891e86b2" md5="4e27543414ec8462ae3a878f7302ee99" sha1="f7d711147e5f4cbacc6071636846524c80974519" />
	</machine>
	<machine name="AC-DC (Stern)(2012)(Javier1515)(1.0)[PhysMod5][Helen version][FullScreen Javier1515]">
		<description>AC-DC (Stern)(2012)(Javier1515)(1.0)[PhysMod5][Helen version][FullScreen Javier1515]</description>
		<rom name="AC-DC (Stern)(2012)(Javier1515)(1.0)[PhysMod5][Helen version][FullScreen Javier1515].vpt" size="84746240" crc="36c25338" md5="e83bf23fd806264e14c10a06c24061c5" sha1="44f11ae42309b5312306c9dfd3964499ce2392d0" />
		<rom name="AC-DC screenshot.png" size="2842057" crc="9c9b6a00" md5="5361ce37d63d3ed8804897b6d9cb11af" sha1="4af3f1fa4704ed44ad675e957517466ab62205bf" />
	</machine>
	<machine name="Adventures of Rocky and Bullwinkle and Friends, The (Data East)(1993)(Javier1515)(1.3b)[PhysMod5][HR + FullScreen Javier1515]">
		<description>Adventures of Rocky and Bullwinkle and Friends, The (Data East)(1993)(Javier1515)(1.3b)[PhysMod5][HR + FullScreen Javier1515]</description>
		<rom name="Adventures of Rocky &amp; Bullwinkle and Friends (Data East)(1993)(Javier1515)(1.3b)[PhysMod5][HR + FullScreen Javier1515].vpt" size="43012096" crc="af21a6c6" md5="ed26a40e8454f395fb908eeb02bda577" sha1="d5691dd192981e8dc72b28b9852a59d1cc451205" />
		<rom name="Adventures of Rocky &amp; Bullwinkle and Friends screenshot.png" size="2848591" crc="38a84d7c" md5="f6b9ae8930744168c7873c1f30f1e0b5" sha1="d428adc4480eb32d9d0b8652b3f2c878c6998920" />
	</machine>
	<machine name="Austin Powers (Stern)(2001)(Javier1515)(1.0)[PhysMod5][FullScreen Javier1515]">
		<description>Austin Powers (Stern)(2001)(Javier1515)(1.0)[PhysMod5][FullScreen Javier1515]</description>
		<rom name="Austin Powers (Stern)(2001)(Javier1515)(1.0)[PhysMod5][FullScreen Javier1515].vpt" size="46804992" crc="07fe4a10" md5="13a70092d7dcc2afeabf688ea14dd732" sha1="5ed958dede066e052ea783eb55b144dce3d39629" />
		<rom name="Austin Powers screenshot.png" size="3055746" crc="6a33d4d8" md5="abc08b8e3451372352c0bc56f0d1cce8" sha1="34c76458f694c3309f8fd27e2afa5f29c3766811" />
	</machine>
	<machine name="Batman Dark Knight (Stern)(2008)(85vett)(2.0)[PhysMod5][FullScreen 85vett]">
		<description>Batman Dark Knight (Stern)(2008)(85vett)(2.0)[PhysMod5][FullScreen 85vett]</description>
		<rom name="Batman Dark Knight FS (physmod5) version 2.vpt" size="39432192" crc="3778d25d" md5="ee06dc9dedb8a0efc7ff3d5346fb95d4" sha1="bb2b09712000a94d439144b3e92439553a02ee61" />
		<rom name="Batman Dark Knight FS (physmod5).vpt" size="39432192" crc="9ab1c95c" md5="f33300422938dcfb70de649e28de78ec" sha1="1866d5f85f7d1ded074b5af4b3b16ca4ed7aa841" />
		<rom name="Batman Dark Knight screenshot.jpg" size="678829" crc="f68b6fe7" md5="6d987ecc6dd9dafa07ce77c09a75e09d" sha1="76e4a6eb2327159da3badf0dbc06bc0488b99577" />
	</machine>
	<machine name="Big Buck Hunter Pro (Stern)(2010)(85vett)(2.0)(PhysMod5)[FullScreen 85vett]">
		<description>Big Buck Hunter Pro (Stern)(2010)(85vett)(2.0)(PhysMod5)[FullScreen 85vett]</description>
		<rom name="Big Buck Hunter Pro (Stern)(2010)(85vett)(1.0)(PhysMod5)[FullScreen 85vett].vpt" size="57651200" crc="66748353" md5="a7fb71588f3d1400ac76ad2227dc4eb3" sha1="e7684416446d3e76c78e2dd84079890c5a0eb501" />
		<rom name="Big Buck Hunter Pro (Stern)(2010)(85vett)(2.0)(PhysMod5)[FullScreen 85vett].vpt" size="58376192" crc="74f1651e" md5="81ff15b0ece39c8ed475a524f7c4840e" sha1="4c2fe9affa3e4ea661925e80b25d590a83ac622f" />
		<rom name="Big Buck Hunter Pro screenshot.jpg" size="685674" crc="6b1e7d31" md5="f6ffdba796df088ed93692afadc87517" sha1="f5294a248fcd0da126e5ddbaf6f5c4a62a344773" />
	</machine>
	<machine name="Corvette (Bally)(1994)(85vett)(2.0)[PhysMod5][FullScreen 85vett]">
		<description>Corvette (Bally)(1994)(85vett)(2.0)[PhysMod5][FullScreen 85vett]</description>
		<rom name="Corvette (Bally)(1994)(85vett)(2.0)[PhysMod5][FullScreen 85vett].vpt" size="29421568" crc="e59f4ccf" md5="6deec80a1228d5360c562c0c2c9b18f6" sha1="28d28fb08d04a59543d403fa8a660b9ed8f5a17d" />
		<rom name="Corvette screenshot.jpg" size="702429" crc="526496c3" md5="3fd8fe6768a12324069ad99d16ab876c" sha1="31cd9ea51ca3504272ec0aa95eb046ef60a12422" />
	</machine>
	<machine name="CSI (Stern)(2008)(Javier1515)(1.0)[PhysMod5][FullScreen Javier1515]">
		<description>CSI (Stern)(2008)(Javier1515)(1.0)[PhysMod5][FullScreen Javier1515]</description>
		<rom name="CSI (Stern)(2008)(Javier1515)(1.0)[PhysMod5][FullScreen Javier1515].vpt" size="55455744" crc="b741e634" md5="3e651e0c2e77a6f08e57f29193f5eb61" sha1="234e60c1b10113ccb145c14145f2a432a39d775e" />
		<rom name="CSI screenshot.jpg" size="572995" crc="a070de76" md5="097e49ae1c1a14f1d36497ffdee83dcb" sha1="ed73ffe06000f17744e0059f072bb1d9452a32ef" />
	</machine>
	<machine name="Eight Ball Deluxe (Bally)(1981)(85vett)(1.0)[PhysMod5][FullScreen 85vett]">
		<description>Eight Ball Deluxe (Bally)(1981)(85vett)(1.0)[PhysMod5][FullScreen 85vett]</description>
		<rom name="Eight Ball Deluxe (Bally)(1981)(85vett)(1.0)[PhysMod5][FullScreen 85vett].vpt" size="15925248" crc="5140cf21" md5="d1ba81eeccd6587ea2ac7b691777af3f" sha1="be887d70109c88c4335cb33be8a041527f572230" />
		<rom name="Eight Ball Deluxe screenshot.jpg" size="768407" crc="d7e3a0d6" md5="35b88a447ee463e3caf06f8ad6ca1763" sha1="25249b024eb0ee31bf8e4b87f7760f9fb701f053" />
	</machine>
	<machine name="Harley Davidson (SEGA)(1999)(Edizzle)(1.1)[PhysMod5][FullScren Edizzle]">
		<description>Harley Davidson (SEGA)(1999)(Edizzle)(1.1)[PhysMod5][FullScren Edizzle]</description>
		<rom name="Harley Davidson (Sega) (1999)(Edizzle)(V1.1)(FS)(PM5).vpt" size="53673984" crc="254ff61c" md5="276d8961ba4b0517c617c31400fc4dcd" sha1="2757469dc4618103f1c2eefbd6f422b0bdc6d7db" />
		<rom name="Harley Davidson screenshot.jpg" size="538159" crc="9f68e71d" md5="779b8b79874c2060b4b224045c08e9f6" sha1="eb19576bf7c840057b0bc25bb5a20bc88e022823" />
	</machine>
	<machine name="Hook (Data East)(1992)(Javier1515)(1.0)[PM5][FullScreen 3d Model Edition Javier1515]">
		<description>Hook (Data East)(1992)(Javier1515)(1.0)[PM5][FullScreen 3d Model Edition Javier1515]</description>
		<rom name="Hook (Data East 1992) FS_PM5_3D Models Edition 1.0 Javier1515.jpg" size="558354" crc="1bb38709" md5="7162d904576db1a01163a7d22f9cd3fa" sha1="67402ed35fbbc063e1af1a52f981d7c8a55d5878" />
		<rom name="Hook (Data East 1992) FS_PysMod_1.0.vpt" size="106151936" crc="7827c2e7" md5="10534bac56a74819e84ee3ee685c98a1" sha1="a25d2a2e3cd1ff78825f7185a8b3b45f0d524866" />
	</machine>
	<machine name="Indiana Jones (Stern)(2008)(freneticamnesic)(1.0a)[PhysMod5][FullScreen freneticamnesic]">
		<description>Indiana Jones (Stern)(2008)(freneticamnesic)(1.0a)[PhysMod5][FullScreen freneticamnesic]</description>
		<rom name="VPinMAME_SAM_UNITY_PINDMD_UNIFIED.2.06/VPinMAME.dll" size="1499648" crc="bc5ff013" md5="62a67ea0ed915e01c16f81b1c419b6b1" sha1="8462d3227f5846838b72663532c51b846f30b8a8" />
		<rom name="Indiana Jones (Stern)(2008)(freneticamnesic)(1.0)[PhysMod5][FullScreen freneticamnesic].vpt" size="73859072" crc="97b5716c" md5="bd71c1b551d4d394286815ceb67b0dc3" sha1="e71c7cbb39b2f7ff24013af4ef0965b6f0aa28d8" />
		<rom name="Indiana Jones (Stern)(2008)(freneticamnesic)(1.0a)[PhysMod5][FullScreen freneticamnesic].vpt" size="73859072" crc="9a9eaaf9" md5="fa249da88b403f8eb9bdcf18aeece3f1" sha1="32f6c5721d587df17d0c4d43f44af98bb3309dd4" />
		<rom name="Indiana Jones screenshot.jpg" size="1100195" crc="4959b26f" md5="1f52aefda44fbdd7ab7befc6f9f2831b" sha1="305cf31171435191d1e18547b34e2d3fc18f0e13" />
	</machine>
	<machine name="James Cameron's Avatar (Stern)(2010)(85vett)(1.01)[PhysMod5][FullScreen 85vett]">
		<description>James Cameron's Avatar (Stern)(2010)(85vett)(1.01)[PhysMod5][FullScreen 85vett]</description>
		<rom name="Avatar (Stern)(2010)(85vett)(1.01)[PhysMod5][FullScreen 85vett].vpt" size="36790272" crc="28bf28af" md5="e5063b288dc982b45f169c7597f56ffb" sha1="1776ce451b147af34aad4d4ff113856add8247f1" />
		<rom name="Avatar screenshot.png" size="4224607" crc="7e55c815" md5="d886fc67af80cab11e0f964454f5a222" sha1="7dfd3b0edcc972c26d048faf1c8e9ca4762acfdc" />
	</machine>
	<machine name="Jurassic Park (Data East)(1993)(Javier1515, unclewilly, LoadedWeapon, Dark)(1.1)[FS][PM5]">
		<description>Jurassic Park (Data East)(1993)(Javier1515, unclewilly, LoadedWeapon, Dark)(1.1)[FS][PM5]</description>
		<rom name="Jurassic Park (Data East 1993)  UW_LW_Dark-Javier_PM5_1.2.vpt" size="139157504" crc="2a7e2b8d" md5="a3caca04e7762ce698077f35994932c3" sha1="8fdc29923ca7203f66fe913582adc4eba29b84b3" />
	</machine>
	<machine name="Last Action Hero (Data East)(1994)(Javier1515)(1.2)[PhysMod5][FullScreen Javier1515]">
		<description>Last Action Hero (Data East)(1994)(Javier1515)(1.2)[PhysMod5][FullScreen Javier1515]</description>
		<rom name="Last Action Hero (Data East)(1994)(Javier1515)(1.2)[PhysMod5][FullScreen Javier1515].vpt" size="59428864" crc="050c9d27" md5="3dcaf8c0f2fb443fac8e573ba392ba39" sha1="2b96e64d3cc310f3a1ac99b4ac29c0626bd631bd" />
		<rom name="Last Action Hero screenshot.png" size="2932472" crc="345aaa88" md5="8307d9e30f48da76d4e5aa4dd2dce5e9" sha1="9a5db8580fca0570419f02f7bc5dca8e2e2872db" />
	</machine>
	<machine name="Machine, The - Bride of Pin Bot (Williams)(1991)(uw jf dark)(2.01)[PhysMod5][FullScreen uw jf dark]">
		<description>Machine, The - Bride of Pin Bot (Williams)(1991)(uw jf dark)(2.01)[PhysMod5][FullScreen uw jf dark]</description>
		<rom name="Machine, The - Bride of Pin Bot (Williams)(1991)(uw jf dark)(2.01)[PhysMod5][FullScreen uw jf dark].vpt" size="37249024" crc="29f7733d" md5="1af2f3ad6b887f1f6b6fbddd6c93349a" sha1="0a489dc1ff2cc1ba0f614aee9f41e4fbe6c6a007" />
	</machine>
	<machine name="Metallica Pro (Stern)(2013)(85vett)(1.0)[PhysMod5][FullScreen 85vett]">
		<description>Metallica Pro (Stern)(2013)(85vett)(1.0)[PhysMod5][FullScreen 85vett]</description>
		<rom name="Metallica Pro FS PM5 1.0 85vett.vpt" size="33783808" crc="7fc3cc9b" md5="b109b2b4f7f42137c1d86edf13d8b78c" sha1="3fede3aa717ae5f5be7db4af383d476df46c4378" />
		<rom name="Metallica Pro screenshot.jpg" size="81350" crc="90b162f6" md5="595a9f188a00d0c4302ca2d5583be52d" sha1="9bf6f44cc896e4ff297d4edb88e4f63def577d4a" />
	</machine>
	<machine name="Mystery Castle (Alvin G)(1993)(gtxjoe)(1.1)[PM5][FullScreen]">
		<description>Mystery Castle (Alvin G)(1993)(gtxjoe)(1.1)[PM5][FullScreen]</description>
		<rom name="Mystery Castle (Alvin G 1993) (gtxjoe PM5) 1.1 FS.png" size="3225687" crc="0aabfa0e" md5="0410fca5b23db5910a43af38fe74b091" sha1="fd007950bcd7e528cb923f977476cb84f2bfe97b" />
		<rom name="Mystery Castle (Alvin G 1993) (gtxjoe PM5 1.1).vpt" size="34451456" crc="b8fa0a89" md5="ce9a6a84a9a092c6c1ccc902c3fcf398" sha1="0dceec4a674d5ec4b90e2e0b378f36d4dfcae561" />
		<rom name="Mystery Castle (Alvin G 1993) BG.jpg" size="269560" crc="afc0aa70" md5="f907d9d3d4c756fcc8e02ef4bb257f8b" sha1="5d156f5b0940b725245be68216e9709a39578c2a" />
		<rom name="Mystery Castle (Alvin G 1993) playfield.png" size="4399022" crc="9509f4c6" md5="e128bc5d50baf2fc830c964354d0c1d8" sha1="dae631c656e22f000537e0035d6ea706ebeeb13d" />
		<rom name="Mystery Castle Logo.png" size="342620" crc="11cac71f" md5="e386c172483900d9c4368199671266f6" sha1="a1ca0d6520bd99f6ce8ac7677c71ce822ea82930" />
	</machine>
	<machine name="Playboy (Bally)(1978)(ICPjuggla, gtxjoe)(1.1)[PhysMod5][FullScreen]">
		<description>Playboy (Bally)(1978)(ICPjuggla, gtxjoe)(1.1)[PhysMod5][FullScreen]</description>
		<rom name="Playboy (Bally)(1978)(ICPjuggla, gtxjoe)(1.1)[PhysMod5][FullScreen].vpt" size="35155968" crc="22b0c89b" md5="8fb982b507556dd7379fa58af4e70257" sha1="af6a58348627809e0ff326b30d2a3739a5636326" />
		<rom name="Playboy screenshot.png" size="2062672" crc="a31dc403" md5="1cdc494f98131cafe50dde4aa34ed549" sha1="f16c9b0b9ecd80ad6430a5560253edb1c772a1a7" />
	</machine>
	<machine name="Playboy (Bally)(1978)(ICPjuggla, gtxjoe)(1.1)[PM5][WideScreen]">
		<description>Playboy (Bally)(1978)(ICPjuggla, gtxjoe)(1.1)[PM5][WideScreen]</description>
		<rom name="Playboy(Bally 1978)WSphysmod5-1.1.vpt" size="36630528" crc="34a895cf" md5="bafe1b7a4b575e1573dc1ccb6ea05adc" sha1="04b256284936482af66a6486f343ef06eaebca7f" />
		<rom name="playboyws.png" size="2201257" crc="652cf21f" md5="0df083773bfc00380f29314a20f58bc4" sha1="30e99a927e9c695cc9fd5bc1506bc47d249a4d1c" />
	</machine>
	<machine name="Rambo (Premier)(1986)(ICPjuggla, gtxjoe, zany, dark, vampirolatino2)(1.2)[PhysMod5]">
		<description>Rambo (Premier)(1986)(ICPjuggla, gtxjoe, zany, dark, vampirolatino2)(1.2)[PhysMod5]</description>
		<rom name="Rambo (Premier)(1986)(ICPjuggla, gtxjoe, zany, dark, vampirolatino2)(1.2)[PhysMod5][FullScreen + dB2s ICPjuggla]/Rambo (Premier 1986) FS PM5 1.2.directB2S" size="11548674" crc="9f187ad1" md5="98af1fec91ae2d989db2086014e577d3" sha1="6f8e18a6efd0b959dc670a8c225dee0daa934113" />
		<rom name="Rambo (Premier)(1986)(ICPjuggla, gtxjoe, zany, dark, vampirolatino2)(1.2)[PhysMod5][FullScreen + dB2s ICPjuggla]/Rambo (Premier 1986) FS PM5 1.2.vpt" size="54231040" crc="fb47ceb6" md5="c048074285dbd15fad8ab0f27da1429c" sha1="6e07880b9a18d1ac2e0591d8bc35b3012c1b00b9" />
		<rom name="Rambo (Premier)(1986)(ICPjuggla, gtxjoe, zany, dark, vampirolatino2)(1.2)[PhysMod5][WideScreen ICPjuggla]/Rambo (Premier 1986) WS PM5 1.2.vpt" size="55930880" crc="21d670ea" md5="6f686e495aaabfaff792f7d728503ca3" sha1="81621f4b161d022a7913b9885cba93bd64892859" />
		<rom name="ravena/drom1.snd" size="8192" crc="a04bf7d0" md5="a2949c6847c2167351e3d425892b1595" sha1="5be5d445b199e7dc9d42e7ee5e9b31c18dec3881" />
		<rom name="ravena/prom1.cpu" size="8192" crc="51629598" md5="8b35f17efc57958eb8eb0b14a16a1774" sha1="a5408fad2baec43633f407665f006fae74f3d9aa" />
		<rom name="ravena/prom2a.cpu" size="2048" crc="a693785e" md5="6b9920a351953b2a5c585b9dd0104f0f" sha1="7c8878f1c3c5205b3ae46a78c881bbd2b722838d" />
		<rom name="ravena/yrom1.snd" size="8192" crc="ee5f868b" md5="eb62faa0ee5b89d2805de1e1f5529534" sha1="23ef4112b94109ad4d4a6b9bb5215acec20e5e55" />
		<rom name="Rambo (Premier 1986).png" size="29499" crc="4f408fa2" md5="6dbcbcc748c7a7e6ffd402623226a039" sha1="12f8cee7073fce2d9c582691363fdb7b0e0c4bd3" />
		<rom name="Raven (FullScreen) screenshot.png" size="2692265" crc="fff01ea9" md5="208e69f9ff88dd1e895cf53b064019b4" sha1="ed25207e205072ba80f6e690ebd794a0153043f4" />
		<rom name="Raven (WideScreen) screenshot.png" size="2389167" crc="902d947b" md5="bd4a974554cb31b473fb8b85a3aaf9cc" sha1="9d48dbfc88369d0ebe9f33b7bbe4b9dbab071a13" />
	</machine>
	<machine name="Raven (Premier)(1986)(ICPjuggla, gtxjoe, zany, dark)(1.1)[PhysMod5][FullScreen ICPjuggla]">
		<description>Raven (Premier)(1986)(ICPjuggla, gtxjoe, zany, dark)(1.1)[PhysMod5][FullScreen ICPjuggla]</description>
		<rom name="Raven (Premier 1986) FS PM5 1.0.vpt" size="54083584" crc="4ca82de2" md5="5526717a5be6e8188ac76fa33d97b2ef" sha1="f9db07dd0dfcfd8aeeac15c6d03682bb1e2bef0f" />
		<rom name="Raven (Premier 1986) FS PM5 1.1.vpt" size="53825536" crc="644c400c" md5="57c4a4ce77dfcc4d3a10ea7cc248e9df" sha1="8218915a160598197cbef30dc260fabc0250b53f" />
		<rom name="Raven (Premier 1986) screenshot.png" size="2638686" crc="52b86b2d" md5="800137c23e89acf446798b1c5f997edd" sha1="f2dd905f6e46951408a0979f138cd189d70003a0" />
	</machine>
	<machine name="Raven (Premier)(1986)(ICPjuggla, gtxjoe, zany, dark)(1.1)[PhysMod5][WideScreen ICPjuggla]">
		<description>Raven (Premier)(1986)(ICPjuggla, gtxjoe, zany, dark)(1.1)[PhysMod5][WideScreen ICPjuggla]</description>
		<rom name="Raven (Premier 1986) WS PM5 1.0.vpt" size="54882304" crc="d63a13ea" md5="24adafe523b0512cac8d1747f1317345" sha1="11dce1ccacf478eb8014196ced7c983d5eda1f41" />
		<rom name="Raven (Premier 1986) WS PM5 1.1.vpt" size="54624256" crc="9314f14c" md5="31fc7cfcd09f6df96246fe5872467264" sha1="e67ddda3ba179f573a8035faf4c23db642694a8a" />
		<rom name="Raven screenshot.png" size="2348240" crc="dd3b5b24" md5="b6bfc1a7cda7f6f4b6ac83a3f8be6300" sha1="f74f868a6edd33c72f9ce054c2ba3842d045577f" />
	</machine>
	<machine name="Simpsons, The (Data East)(1990)(Javier1515)(1.0)[PhysMod5][FullScreen Javier1515]">
		<description>Simpsons, The (Data East)(1990)(Javier1515)(1.0)[PhysMod5][FullScreen Javier1515]</description>
		<rom name="SIMPSONS THE_FS_ vp_physmod5_1.0.vpt" size="48287744" crc="e74b3462" md5="ca8c6dec888caddb27671a692680d29e" sha1="1af079f6c32270d2577e1acd5afbf10810616977" />
		<rom name="Simpsons, The screenshot.png" size="2815200" crc="678b11f5" md5="6f63c8d15874cc18438cddb36f7fca81" sha1="ee46f2e95c0ba0b287db31d2949691fdb4714323" />
	</machine>
	<machine name="Space Jam (SEGA)(1996)(Edizzle)(1.1)[PhysMod5][FullScreen Edizzle]">
		<description>Space Jam (SEGA)(1996)(Edizzle)(1.1)[PhysMod5][FullScreen Edizzle]</description>
		<rom name="screenshot.jpg" size="585916" crc="3f73a0d5" md5="9a47e0a602fd71733f918dfec899b97c" sha1="96eea2faafe9aa5ff38713d7f6d8877b536cf4c5" />
		<rom name="Space Jam(Sega 1996) (Edizzle)(FS)(PM5)(V1.1).vpt" size="43380736" crc="6a552ea8" md5="0676c92f00fa0f112c38731763fbf2e2" sha1="79c5ba3efdd2b2699452ae596410da75717714cd" />
		<rom name="Space Jam(Sega 1996) Edizzle.vpt" size="41902080" crc="9a5a1dbc" md5="2c9f454643752fffd4958c8e9e6ef3ab" sha1="ea369af1c4ac64a07581aca81c4af1ffbab89657" />
	</machine>
	<machine name="Super Mario Bros. Mushroom World (Gottlieb)(1992)(Edizzle)(1.3)[PM5][FullScreen Edizzle]">
		<description>Super Mario Bros. Mushroom World (Gottlieb)(1992)(Edizzle)(1.3)[PM5][FullScreen Edizzle]</description>
		<rom name="Super Mario Brothers Mushroom World (Gottlieb)(1992)(Edizzle)(1.3)[PM5][FullScreen Edizzle].vpt" size="33566720" crc="2c1aaee0" md5="b0924a45516035c31674ec4f48a2510f" sha1="ccaa43a686da42a5a6f50e264b85be7a2c8ae97c" />
		<rom name="Super Mario Brothers Mushroom World screenshot.jpg" size="375997" crc="334c9f4b" md5="0be9cf85c4b53cb297c6a412f2232b2b" sha1="a56c915abc9867ed829f94a98d045ac6a63d1221" />
	</machine>
	<machine name="Teenage Mutant Ninja Turtles (Data East)(1991)(Edizzle)(1.0)[PM5][FullScreen Edizzle]">
		<description>Teenage Mutant Ninja Turtles (Data East)(1991)(Edizzle)(1.0)[PM5][FullScreen Edizzle]</description>
		<rom name="Teenage Mutant Ninja Turtles (Data East)(1991)(Edizzle)(1.0)[PM5][FullScreen Edizzle].vpt" size="32702464" crc="d8bc8d0b" md5="3f5d0d65f99224d3897ecde9c7bd2e24" sha1="363e30bfdfefdd44c44ef1e0a49f5596ffae2020" />
		<rom name="Teenage Mutant Ninja Turtles screenshot.jpg" size="399468" crc="78511aa2" md5="2d0a4a057efd01ebaffa04e880d490e3" sha1="602c5ab9dff75b74184a7006a7ef70066fb0027a" />
	</machine>
	<machine name="Totem (Gottlieb)(1979)(evintal)(1.2)[PhysMod5][FullScreen MOD evintal]">
		<description>Totem (Gottlieb)(1979)(evintal)(1.2)[PhysMod5][FullScreen MOD evintal]</description>
		<rom name="Totem (Gottlieb)(1979)(evintal)(1.1)[PhysMod5][FullScreen MOD evintal].vpt" size="36880384" crc="f4a9e917" md5="01bd80e9ca7438afd4346e90cace89c6" sha1="3919800ac7df18181ef3c50026b8344369f5782e" />
		<rom name="Totem (Gottlieb)(1979)(evintal)(1.2)[PhysMod5][FullScreen MOD evintal].vpt" size="36937728" crc="72ac7bf9" md5="ba203ccd17302b48ccb59e07a6cba469" sha1="c2a4c3300a8e1fb98f9b316dc2f2c70bf0eb8d5f" />
		<rom name="Totem screenshot.jpg" size="843413" crc="87af17d9" md5="7866f1b8f58b2a4a75cc7e63eec4309c" sha1="d4690685982bd6575d8309739246bba94595f35e" />
	</machine>
	<machine name="TRON Legacy (Stern)(2011)(85vett)(1.0)[PhysMod5][FullScreen 85vett]">
		<description>TRON Legacy (Stern)(2011)(85vett)(1.0)[PhysMod5][FullScreen 85vett]</description>
		<rom name="TRON Legacy (Stern)(2011)(85vett)(1.0)[PhysMod5][FullScreen 85vett].vpt" size="22188032" crc="b3bd5356" md5="91f0d5ccb180a0608b83111794ca6b9f" sha1="5b2d74570947b2337c43c02d2606d4b637a3e542" />
	</machine>
	<machine name="World Poker Tour (Stern)(2006)(freneticamnesic)(1.1)[PhysMod5][FullScreen freneticamnesic]">
		<description>World Poker Tour (Stern)(2006)(freneticamnesic)(1.1)[PhysMod5][FullScreen freneticamnesic]</description>
		<rom name="dB2S/World Poker Tour (Stern 2006).directB2S" size="9050666" crc="535e2899" md5="ab88c292286436b23eea2734d72b6179" sha1="e00a69047e8a7b954c4486fcfddf6cc20f5e4da6" />
		<rom name="dB2S/World Poker Tour (Wildman) v1.0 screenshot.png" size="3343435" crc="9f124ab6" md5="5820e2536fc9fa58185b336f56037a2c" sha1="d2a8d777966138caf22132ee38e0b2cda0a46146" />
		<rom name="World Poker Tour (Stern)(2006)(freneticamnesic)(1.1)[PhysMod5][FullScreen freneticamnesic].vpt" size="49029120" crc="5c839b42" md5="495364f31a3de74c78c1834d82dc4c09" sha1="ec0d1f6fa319b1d7777186d9e374a70bab93f4f2" />
		<rom name="World Poker Tour screenshot.jpg" size="2025042" crc="68f7f427" md5="28a64604ef064edc3b2a1f4523cc7c96" sha1="47d0049a78cdd96a372f4ffd26e8ade28df586a5" />
	</machine>
	<machine name="X-Men (Stern)(2012)(85vett)(1.0)[PhysMod5][FullScreen 85vett]">
		<description>X-Men (Stern)(2012)(85vett)(1.0)[PhysMod5][FullScreen 85vett]</description>
		<rom name="X-Men screenshot.png" size="4942657" crc="02df93df" md5="3d418c171f0751d3ff4c4a56a2652d4c" sha1="2528231fa9b4c97008066ce49dba50b5e172a191" />
		<rom name="XMen FS  (physmod5).vpt" size="25464832" crc="c655fc15" md5="cbad2cdc00485a4b0b9e58cc4ce57aed" sha1="cceba52d5ab7bb48fa7dbadb3521bacecd1474f5" />
	</machine>
</datafile>