<?xml version="1.0" encoding="utf-8"?>
<!DOCTYPE datafile PUBLIC "-//Logiqx//DTD ROM Management Datafile//EN" "http://www.logiqx.com/Dats/datafile.dtd">
<datafile>
	<header>
		<name>Visual Pinball [VP92x] PinMame Tables [Hybrid View]</name>
		<description>Visual Pinball [VP92x] PinMame Tables [Hybrid View] (2024-11-07)</description>
		<version></version>
		<date>2024-11-07</date>
		<author></author>
	</header>
	<machine name="Black Knight 2000 (Williams)(1989)(melon, Rascal)(1.0)[VP920][HV]">
		<description>Black Knight 2000 (Williams)(1989)(melon, Rascal)(1.0)[VP920][HV]</description>
		<rom name="Black Knight 2000 (1989) (Williams) (Melon) (Rascal) (1.0) (Hv) vp920.png" size="3063066" crc="30e2c369" md5="6b948962f21b98a1fdf5a675e9e2057b" sha1="b8e3c6ba999ce243214ff11a3336497112270c28" />
		<rom name="Black Knight 2000 (1989) (Williams) (Melon) (Rascal) (1.0) (Hv) vp920.vpt" size="29937664" crc="2236cc8a" md5="e54e93fc55db07dae4b8e8f1810c3e38" sha1="210328ae801fa03f925d48724bb5a64cf41d1144" />
	</machine>
	<machine name="Dungeons &amp; Dragons (Bally)(1987)(mfuegemann, Rascal)(1.0)[VP921][HV]">
		<description>Dungeons &amp; Dragons (Bally)(1987)(mfuegemann, Rascal)(1.0)[VP921][HV]</description>
		<rom name="Dungeons &amp; Dragons (1987) (Bally) (mfuegemann) (Rascal) (1.0) (HV) VP921.png" size="2968950" crc="351e7fe8" md5="f7071174438e2447ae5c55cbfb9a46a7" sha1="ed45acb6e94ddd5a4aa44c60a748b78ef045dd6a" />
		<rom name="Dungeons &amp; Dragons (1987) (Bally) (mfuegemann) (Rascal) (1.0) (HV) VP921.vpt" size="35934208" crc="77ba4627" md5="72007d534b0b59bab2c1f560052949c9" sha1="26049910a19e6eb2b3cb61a2303d2e11ca46abf5" />
	</machine>
	<machine name="Getaway, The - High Speed II (Williams)(1992)(Melon, Rascal)(1.0)[VP920][HV]">
		<description>Getaway, The - High Speed II (Williams)(1992)(Melon, Rascal)(1.0)[VP920][HV]</description>
		<rom name="The Getaway High Speed II (1992) (Williams) (Melon) (Rascal) (1.0) (HV) vp920.png" size="2546319" crc="8205874f" md5="ff5e11d3d1565883510339805bfa07c9" sha1="a2fe4c53c39079271a2fee95902e95c584209bc8" />
		<rom name="The Getaway High Speed II (1992) (Williams) (Melon) (Rascal) (1.0) (HV) vp920.vpt" size="35233792" crc="67ed9f78" md5="d3eb754446d3193f3c473d45947ee742" sha1="59063988adcd49dac6e20dc43d29f31d489c16ba" />
	</machine>
	<machine name="Monster Bash (Williams)(1998)(unclewilly, Rascal)(1.0)[VP921][HV]">
		<description>Monster Bash (Williams)(1998)(unclewilly, Rascal)(1.0)[VP921][HV]</description>
		<rom name="Monster Bash (1998) (Williams) (unclewilly) (Rascal) (1.0) (HV) [VP921].vpt" size="106045440" crc="12cbace0" md5="1bec0a3c4fbe4c4130a6627c98828ac6" sha1="f4ddfe7fcae8bf95637922bc6f2aba05a63ce3a4" />
		<rom name="Monster Bash (1998) (Williams) (unclewilly) (Rascal) (1.0) (HV).png" size="2780966" crc="884016d2" md5="076006039a7127dcfefa7da32da220e6" sha1="aaec905e5ab24da1145b7c03a3a4d434c1330d7a" />
	</machine>
	<machine name="Theatre of Magic (Bally)(1995)(Uw Jp, Rascal)(1.0)[VP920][HV]">
		<description>Theatre of Magic (Bally)(1995)(Uw Jp, Rascal)(1.0)[VP920][HV]</description>
		<rom name="Theatre Of Magic (1995) (Bally) (Uw Jp) (Rascal) (1.0) (Hv) vp920.png" size="2840890" crc="97ff4e29" md5="9fe89d6cbcfd2afe24490e8bc09f00fc" sha1="cf994d7d0c0706e711fa846b6c9e6fde4ebb26b2" />
		<rom name="Theatre Of Magic (1995) (Bally) (Uw Jp) (Rascal) (1.0) (Hv) vp920.vpt" size="28614656" crc="e0dc85d8" md5="5090ca91c6b6510a93b76a76e6bffab3" sha1="8c545fdb7b423fc77609735f75dac46a8b0934dd" />
	</machine>
	<machine name="X-Men (Stern)(2012)(85vett, Rascal)(1.0)[VP920][HV]">
		<description>X-Men (Stern)(2012)(85vett, Rascal)(1.0)[VP920][HV]</description>
		<rom name="X-Men (2012) (Stern) (85vett) (Rascal) (1.0) (HV) vp920.png" size="2852390" crc="d97f8e61" md5="3f9e5e2c7d1898a40cf567ade0980533" sha1="dd50c928eb66e6762b5e02bf5f671fda864c7925" />
		<rom name="X-Men (2012) (Stern) (85vett) (Rascal) (1.0) (HV) vp920.vpt" size="23166976" crc="77732e88" md5="15b5fb5ef47bb7d74d83948c076fd1c5" sha1="bbe005268b9180d12a4f974380afbc3294a5aaa4" />
	</machine>
</datafile>