<?xml version="1.0" encoding="utf-8"?>
<!DOCTYPE datafile PUBLIC "-//Logiqx//DTD ROM Management Datafile//EN" "http://www.logiqx.com/Dats/datafile.dtd">
<datafile>
	<header>
		<name>Visual Pinball [VPX0-VPX06] PinMame Tables [FullScreen]</name>
		<description>Visual Pinball [VPX0-VPX06] PinMame Tables [FullScreen] (2024-11-07)</description>
		<version></version>
		<date>2024-11-07</date>
		<author></author>
	</header>
	<machine name="Aaron Spelling (Data East)(1992)(balater)(1.02)[VPX06]">
		<description>Aaron Spelling (Data East)(1992)(balater)(1.02)[VPX06]</description>
		<rom name="Aaron Spinlling (Data East 1992) v1.02.vpx" size="47243264" crc="8a278dc8" md5="8d8ea7f28bb8ae04423d8b49f2d3cd97" sha1="4432501cc329bb811d43db01c3db8ece447bad96" />
		<rom name="aaron-spinlling--data-east-1992--v100.png" size="3609230" crc="415a5154" md5="d3a5f4116c6c8ff40730ea951fdc7e3e" sha1="bffc7d2663d6d6c94dfff9bfa7e54245832f32ff" />
	</machine>
	<machine name="Attack from Mars (Bally)(1995)(JPSalas, Cyberpez)[VPX][FullScreen 1.0 Dozer]">
		<description>Attack from Mars (Bally)(1995)(JPSalas, Cyberpez)[VPX][FullScreen 1.0 Dozer]</description>
		<rom name="VP10_Attack_From_Mars_Dozer_RTM.png" size="5813555" crc="deabccf8" md5="bf150e4c71c4e726b4d94ab4f6babec8" sha1="fd44c8d1624bbdf9a56ccb814755dcd3623e3a2f" />
		<rom name="VP10_Attack_From_Mars_Dozer_RTM.vpx" size="116314112" crc="1e92ccc4" md5="023707da7abe49b229a13f65bb23271c" sha1="810b8c5923f08a3a4c4e4ebee0e09dd1caaa0499" />
	</machine>
	<machine name="Breakshot (Capcom)(1996)(Krobar74)(Beta9)[VPX05][FullScreen Krobar74]">
		<description>Breakshot (Capcom)(1996)(Krobar74)(Beta9)[VPX05][FullScreen Krobar74]</description>
		<rom name="Breakshot (Capcom 1996)1.0.vpx" size="119169024" crc="97217166" md5="0aa52a2a002867f38632408000006b33" sha1="28611d0edf03e72a99635729a597cd3360a1e683" />
		<rom name="screenshot.png" size="2824448" crc="2dd4b247" md5="b85246504e2da47add2de366f6fa33b1" sha1="12cfbb45ea06ad154d996e78ac0855b634595c74" />
	</machine>
	<machine name="Circus Voltaire (Bally)(1997)(JPSalas)[VPX][FullScreen Dozer316 v2.0_REDUX_FINAL]">
		<description>Circus Voltaire (Bally)(1997)(JPSalas)[VPX][FullScreen Dozer316 v2.0_REDUX_FINAL]</description>
		<rom name="CV_2.0_REDUX_FINAL.rar 2.0.jpg" size="553348" crc="e502f4ec" md5="3f4954dd4715461d4e921ca5ca8033ce" sha1="3af90e7d43aaf12e8643bda0bad15db6a541c66f" />
		<rom name="CV_2.0_REDUX_FINAL.rar 2.0.txt" size="1379" crc="43c98e5b" md5="d4b4ba04b249c25206cb04cf76cf0740" sha1="1e20cf156537efe4b46f55bc5c3e1a331938f112" />
		<rom name="CV_2.0_REDUX_FINAL.vpx" size="84074496" crc="70c79026" md5="3c1bab2c5fdba525ab77711c48b765e0" sha1="aef34ffe31de716ccf2941af36b7285ee19f38d6" />
	</machine>
	<machine name="City Slicker (Bally)(1987)(Mistermixer, Bord)(1.0)[VPX06][FS Mistermixer]">
		<description>City Slicker (Bally)(1987)(Mistermixer, Bord)(1.0)[VPX06][FS Mistermixer]</description>
		<rom name="cityslck/u2.128" size="16384" crc="94bcf162" md5="900cdb5e02452460ac3799c83950a2bc" sha1="1d83592ad2441fc5e4c6fd3ab2373614dfe78b34" />
		<rom name="cityslck/u3.128" size="16384" crc="97cb2bca" md5="90b0219126cf115dd2ddbbd76b4fdd64" sha1="0cbd49bbce2ce26c720d8a52bd4d1256f0ac61b3" />
		<rom name="cityslck/u7_snd.512" size="65536" crc="6941d68a" md5="11655c90cf434e2e98c148b8cf67f86f" sha1="28de4327f328d16ec4cab59642c185777535efb2" />
		<rom name="City Slicker Cabinet.directb2s" size="23074613" crc="bbdb054f" md5="7552e8e28cb69a858eb3b1b2b7c75f25" sha1="f6a7b5061af794cdff0804d856650886c297d257" />
		<rom name="City Slicker Cabinet.vpx" size="137752576" crc="c8a14a8a" md5="b7e0be232cf26550d31004552bce9f37" sha1="7c84d4c4a90a3e86487206004da278da929dc056" />
		<rom name="City Slicker VPX  read me.txt" size="2088" crc="12b7a750" md5="a9e86c0833cd8d56ceaca56c2960b9f4" sha1="86e110e04486ff55b849a5344ca976bae54a2e55" />
		<rom name="cityslck.nv" size="2094" crc="5f640486" md5="0b1fce123ced5dfe27534d936d38b930" sha1="1feb4fd60eaed017c27207ee80abad4dc367861d" />
		<rom name="CS-Cabinet.png" size="3449018" crc="63a33ea2" md5="d3cf326ea45dcfa3d793e6121b949716" sha1="64c73e832ade2dd2cfc4e1a8fcf777ce4013e828" />
	</machine>
	<machine name="Close Encounters of the Third Kind (Gottlieb)(1979)(pinuck, Serpiko (VP9), wiesshund)(1.0.2)[VPX06][Fullscreen]">
		<description>Close Encounters of the Third Kind (Gottlieb)(1979)(pinuck, Serpiko (VP9), wiesshund)(1.0.2)[VPX06][Fullscreen]</description>
		<rom name="Close Encounters of the Third Kind [FS].vpx" size="38973440" crc="7fb02524" md5="dfc58aeb345ff7f98e309d1a1563a6f4" sha1="8549e688efd28b78089c7fa0c7ec9ebf5194bb6b" />
		<rom name="Close Encounters of the Third Kind.directb2s" size="11366293" crc="dfb8a270" md5="5dca4a15fdb1027d31953b56963b7ba6" sha1="72e89aa4e24a2eb735ee54d629cfbb1663ad1474" />
		<rom name="Close Encounters of the Third Kind.pov" size="1778" crc="00c18c8b" md5="57fac3baabd31b4d5833b54dbf94798f" sha1="6277bfbb026c232e883a41ed31078d6c129ca863" />
		<rom name="new-fs-ss.png" size="1676649" crc="0133fddc" md5="8107938783250d3f730feb4f3afb3c62" sha1="8913e99fbc268bbf32cf2c952dda78d00660ea10" />
	</machine>
	<machine name="Comet (Williams)(1985)(bord)(1.2a)[VPX06]">
		<description>Comet (Williams)(1985)(bord)(1.2a)[VPX06]</description>
		<rom name="Comet (Williams 1985).vpx" size="98340864" crc="2c8dd595" md5="1f7404a922cde5865a283481ab82903c" sha1="bfcab60c22ebc6c83a1c47c93404141fb406b16b" />
		<rom name="CometFS.jpg" size="338528" crc="8242dcd7" md5="d540d33ff5dc9c62ea903617cbb9cf58" sha1="4abf2801d71f0f669e18bd0de5f9e8558fd62798" />
	</machine>
	<machine name="Counterforce (Gottlieb)(1980)(balater)(1.00)[VPX06][FullScreen]">
		<description>Counterforce (Gottlieb)(1980)(balater)(1.00)[VPX06][FullScreen]</description>
		<rom name="counterforce (Gottlieb 1980) V1.00.vpx" size="58613760" crc="feb1e4b0" md5="ec943b014f206c1d7b5ee249e7e59b0a" sha1="1b8c384c211d12feeec35530766772152eb338c2" />
		<rom name="counterforce--gottlieb-1980--v100.png" size="3885132" crc="208a52e7" md5="3a3dd3258e82c701d82bf710351408c6" sha1="a834906475934b578ed36d999ae4da59d449fd86" />
	</machine>
	<machine name="Cyclone (Williams)(1988)(Sliderpoint)(1.0)[VPX04]">
		<description>Cyclone (Williams)(1988)(Sliderpoint)(1.0)[VPX04]</description>
		<rom name="Cyclone (Williams 1988).directB2S" size="13198058" crc="06c1ab47" md5="e3c81541674466ca5d9499d34ce29f33" sha1="5bd77d16c23da2510844fd5fb37c0d3595648a7f" />
		<rom name="Cyclone (Williams 1988).vpx" size="40677376" crc="3888ce76" md5="445be0a542c2264db290a3754fe29ddd" sha1="ab3e8fe03b955a24bd59dda28b96ed75ec8eb9a2" />
		<rom name="Cyclone landscape POV.xml" size="1095" crc="7fd4a4c0" md5="3f795d5df76525f0dd2b652a573f2e7c" sha1="16249fb38bc5c5d9ac8e529d918f236a764c8acb" />
		<rom name="CycloneFS-1038x1845.png" size="2895287" crc="56c9afa1" md5="eba135a6d4b39922d6c19ad285d28485" sha1="e470497366e5eac954c8bc601052ad4a7484c7ca" />
	</machine>
	<machine name="Eight Ball (Bally)(1977)(roccodimarco)(1.1)[VPX04][FullScreen]">
		<description>Eight Ball (Bally)(1977)(roccodimarco)(1.1)[VPX04][FullScreen]</description>
		<rom name="Eight Ball  new plastics (Bally 1977).vpx" size="22024192" crc="20ab7fd5" md5="629723af38b3d9e8881e0a60ff74ac12" sha1="044e801a09d8ba092859ad23e5c1b38d9e1b278e" />
		<rom name="fullscreen.png" size="1706910" crc="75494b31" md5="df492ff85852312ae6398800c5bbdf04" sha1="bfd3d90a630afe26ec9b9612782d88a0b608bf7a" />
	</machine>
	<machine name="Family Guy (Stern)(2007)(ninuzzu)(1.1.1)[VPX04][FullScreen]">
		<description>Family Guy (Stern)(2007)(ninuzzu)(1.1.1)[VPX04][FullScreen]</description>
		<rom name="Family Guy (Stern 2007)1.1.1.vpx" size="40579072" crc="02b4e5d2" md5="cd8ebec0d771007eb532746d4a0e4aa7" sha1="c897197432d42777809d9be41e28aaf14f28faff" />
		<rom name="screenshot.png" size="1664496" crc="2590b8cc" md5="d5efea372a7fb6d1ebf14fd9ae64d96e" sha1="5a0a652e0d52e68b118d3b4b3490d0cfb506cbc7" />
	</machine>
	<machine name="Flintstones, The (Williams)(1994)(gk5)(1.25)[VPX06][FS+dB2S][DOF arngrim]">
		<description>Flintstones, The (Williams)(1994)(gk5)(1.25)[VPX06][FS+dB2S][DOF arngrim]</description>
		<rom name="Backglasses/The Flintstones (Williams 1994) CARTOON.directb2s" size="45551673" crc="14acf29d" md5="dfe18ff12e8c5bb6ec784860671356b2" sha1="51f07642bbf4fe6c93f56d48f0b0c3d58357b2aa" />
		<rom name="Backglasses/The Flintstones (Williams 1994).directb2s" size="46740243" crc="378964d6" md5="45c5c5f229ceb983b90eac0fb45b5f14" sha1="1af52be18016f88261ed96450e08d608869a92cc" />
		<rom name="fs_pin2dmd_1.0_vpin/fs_lx5/pin2dmd.pal" size="18606" crc="724c9e05" md5="7f0ac7fae00862ddaca63cd984addc8b" sha1="f59d9c43f3657b116ddf4f0ac205520056b68b0c" />
		<rom name="fs_pin2dmd_1.0_vpin/fs_lx5/pin2dmd.vni" size="8933249" crc="2a5c95fb" md5="ab8178f63ab66b327f012083db68d29c" sha1="52b7dd6cea56d7b3d20472af8458336e396b3f3b" />
		<rom name="The Flintstones (Williams 1994) v1.25.vpx" size="197754880" crc="4f80899f" md5="91ce79670100c9456c8b64334c3ca612" sha1="338ed84fd7eab6e47aa4e8b2d3769402b8ad00f9" />
		<rom name="The-Flintstones-Williams-1994-v1.0-1-1038x1845.png" size="3714968" crc="26c4f09f" md5="e535d035d16f63548b7f470cf86202e4" sha1="4efd32c57c73ea22fa72882b92199636bcc641f9" />
	</machine>
	<machine name="Games, The (Gottlieb)(1984)(balater)(1.03)[VPX06][FullScreen]">
		<description>Games, The (Gottlieb)(1984)(balater)(1.03)[VPX06][FullScreen]</description>
		<rom name="The Games (Gottlieb 1984) V1.00.directb2s" size="4086570" crc="723541a4" md5="d7ef24e3ec1210a938d6617d596b378b" sha1="58701b8a87931454e5635eb220745eac9d4f6ce6" />
		<rom name="The Games (Gottlieb 1984) V1.01.vpx" size="29204480" crc="0a806467" md5="924069374072134ac52f9fcf0d3ddcd6" sha1="973a9f7b4dac5629ddf856d72ffe324544b8dce5" />
		<rom name="The Games (Gottlieb 1984) V1.02.vpx" size="29204480" crc="6f6fca10" md5="f3854267394bbc241fcdd867ef3928bb" sha1="02e502f1bde8852ef19a08fae2d6c94113a29ccb" />
		<rom name="The Games (Gottlieb 1984) V1.03.vpx" size="29179904" crc="596ad8f8" md5="cfb8d870d32395ba5796522c2ba862d7" sha1="f96b1e7cffcfe24d0c4588da949eedb8e3ca4e25" />
		<rom name="The Games (Gottlieb 1984) w.png" size="124735" crc="ec6e46e4" md5="26fffc50f976871c4837d404ce315f86" sha1="d320a85292ed07bf0754645e0222b39d51c3f3c9" />
		<rom name="the-games--gottlieb-1984--bg.jpg" size="691963" crc="226788ab" md5="87d49a9adc18a84450582cbc32caeec4" sha1="0ca0dae65670dc94eed5995a06e30437059f8086" />
		<rom name="the-games--gottlieb-1984--pf.jpg" size="1429183" crc="a817726d" md5="59e111563ec55b8c548882505acc3fdc" sha1="876181b27ef7ee21e23d0bca58d89e7327d3d6f2" />
	</machine>
	<machine name="High Roller Casino (Stern)(2001)(DJRobX, Dids666, Bord)(1.1)[VPX06]">
		<description>High Roller Casino (Stern)(2001)(DJRobX, Dids666, Bord)(1.1)[VPX06]</description>
		<rom name="High Roller Casino (Stern 2001) 1.1.vpx" size="79806464" crc="4e9290ed" md5="4142c15bad9dc165d8d7c0c648c36fe9" sha1="3d45baf28c9e193b27fa2dd2dc1fb4ad23e499d1" />
		<rom name="hrcss.jpg" size="2040966" crc="79052509" md5="24951f21ba1b98ef231cdb472bd41fcb" sha1="0401caab2beba5c041cc7821568c86f52ae0ee5b" />
	</machine>
	<machine name="Miss World (Geiger)(1982)(Tom)(1.2)[VPX06][FullScreen]">
		<description>Miss World (Geiger)(1982)(Tom)(1.2)[VPX06][FullScreen]</description>
		<rom name="Miss World (Geiger 1982).vpx" size="34783232" crc="976d7427" md5="d70a9d7d2455cf603dda75202b18d5ef" sha1="5455a034241b7a3720c2992c087131a5b2c9d8b7" />
		<rom name="Untitled-3-571x1024-1038x1862.png" size="2514508" crc="32be8242" md5="766eb451fc14a20f94685c8c11d2a655" sha1="c2307adc5dcece1b986ff59912b3920d62494e2c" />
	</machine>
	<machine name="Mousin' Around (Bally)(1989)(Herweh)(1.1)[VPX05][FullScreen]">
		<description>Mousin' Around (Bally)(1989)(Herweh)(1.1)[VPX05][FullScreen]</description>
		<rom name="Mousin' Around! (Bally 1989).vpx" size="62210048" crc="1c7e1ad0" md5="b914bac4ab0a196c2e8b5adae9bbbe8e" sha1="343db2c2f188eced2dd8182165928552237ef97c" />
		<rom name="MousinAround_4K_FS_FinalS-1-1038x1845.png" size="3213763" crc="0cd6e10b" md5="68763a7e3755544b1e28a296946e94f0" sha1="fa5309b1928802a7292eff73a13490e628464c54" />
	</machine>
	<machine name="Mundial 90 (Inder)(1990)(Goldchicco, 32assassin, pachecas (VP9)(1.2)[VPX06]">
		<description>Mundial 90 (Inder)(1990)(Goldchicco, 32assassin, pachecas (VP9)(1.2)[VPX06]</description>
		<rom name="Mundial 90 (Inder 1990) 1.2.vpx" size="64319488" crc="8af57d6a" md5="899521f079cb0c79a42ef76be0d610cc" sha1="3f7217dd8c5aab320fbe4b0c3950481563f24439" />
		<rom name="Mundial-90-Inder-1990.jpg" size="347771" crc="ffa87ba3" md5="6e0b21e0e4a9e4c34514aa527c601370" sha1="8c64957a116cc513179c2e0da024c65a706fd4c4" />
	</machine>
	<machine name="Robo-War (Gottlieb)(1988)(balater)(1.00)[VPX06][FullScreen]">
		<description>Robo-War (Gottlieb)(1988)(balater)(1.00)[VPX06][FullScreen]</description>
		<rom name="robo war (Gottlieb 1988) v1.00.png" size="3055687" crc="b3d6452a" md5="684f6f4e9b2687b2af5117209ec13c24" sha1="b1e4d8cd4125163ca78d3ceb567fa542e69954f5" />
		<rom name="robo war (Gottlieb 1988) v1.00.vpx" size="19718144" crc="f8d6146e" md5="eef896e8bd071c83036415e6ce7e0809" sha1="8841c96e7d5ef9c3d7f3810a114eef18008c4d91" />
	</machine>
	<machine name="Star Gazer (Stern)(1980)(allknowing2012)(1.1)[VPX][FullScreen]">
		<description>Star Gazer (Stern)(1980)(allknowing2012)(1.1)[VPX][FullScreen]</description>
		<rom name="image.jpg" size="203908" crc="24192e3f" md5="db11e7a4dad019284549611fe3e8cd1e" sha1="3cb78d80333dd7a3e76b4becf7490bc088259963" />
		<rom name="Star Gazer(Stern 1980) v1.1.vpx" size="31322112" crc="a9fb3ad9" md5="e30b96442d424cfb4b96f099f6480324" sha1="a1192c4944c583df69e7431eb82224ff4f841322" />
	</machine>
	<machine name="Stellar Airship (Geiger)(1979)(Tom)(1.0)[VPX06][FullScreen][conversion kit for Bally's Eight Ball]">
		<description>Stellar Airship (Geiger)(1979)(Tom)(1.0)[VPX06][FullScreen][conversion kit for Bally's Eight Ball]</description>
		<rom name="stellair-6.png" size="2843124" crc="ca45df03" md5="fe4576b9cbf87c4813274e197b007329" sha1="b531a59e46e11e997677aff17d000ef83a2c3ce5" />
		<rom name="Stellar Airship (Geiger 1979).vpx" size="19308544" crc="071bd9d1" md5="2072ce5988801e11227dff781162bec2" sha1="b4cbb1a02495c36e5dc716b511bad15be8e0bcac" />
	</machine>
	<machine name="Striker Extreme (Stern)(2000)(Kalavera)(1.1)[VPX05][FullScreen]">
		<description>Striker Extreme (Stern)(2000)(Kalavera)(1.1)[VPX05][FullScreen]</description>
		<rom name="screenshot.jpg" size="496820" crc="8234fab2" md5="7a39d419e0430b8f749f407a7ce298ba" sha1="7c0be75f961109fb0b75f1e5e760147cdac01dc6" />
		<rom name="Striker Xtreme (Stern 2000).vpx" size="43753472" crc="d8639614" md5="3e6c9dca65bc0aa02b4d1bb148c8b252" sha1="488b3ba830d59322e7f4decb935e9314b7a023d1" />
	</machine>
	<machine name="Tag-Team Pinball (Premiere)(1985)(roccodimarco)(2.1)[VPX05][FullScreen]">
		<description>Tag-Team Pinball (Premiere)(1985)(roccodimarco)(2.1)[VPX05][FullScreen]</description>
		<rom name="screenshot.png" size="2098942" crc="755a84b4" md5="54c8ce46081e53ec036f4af1ae7e377c" sha1="0223bd9f1966b965e03743382abac6c8ddf87a60" />
		<rom name="tag team 2.1.vpx" size="33767424" crc="7957029b" md5="35facaed5039ad2eab554242fde9c186" sha1="5e3778a0958f9ff7a650cdce19aba59fbf6e4197" />
	</machine>
	<machine name="Tee'd Off (Gottlieb)(1993)(rothbauerw)(1.2.5)[VPX04][FullScreen+db2S]">
		<description>Tee'd Off (Gottlieb)(1993)(rothbauerw)(1.2.5)[VPX04][FullScreen+db2S]</description>
		<rom name="Tee'd Off (Gottlieb)(1993)(rothbauerw)(2.0)[db2S]/Tee'd Off (db2S) screenshot.png" size="1515349" crc="00060b06" md5="538c5c65fcc24ca5c2ac8da3563fe3f3" sha1="3866391b1ebab4826e46161eedaac48c00646c85" />
		<rom name="Tee'd Off (Gottlieb)(1993)(rothbauerw)(2.0)[db2S]/Tee'd Off (Gottlieb 1993).directb2s" size="64489743" crc="67df9310" md5="88012b7c3f13b3c1b58fc37d09877873" sha1="9a3c1c56200f15227acf92f99e88c08e7c4813ee" />
		<rom name="screenshot.jpg" size="417162" crc="e0e59e72" md5="cced7901a2b405e84e056c2b678e0932" sha1="29928ea75fe1d4219c3a18c4dcbad34e99cb703a" />
		<rom name="Tee'd Off (Gottlieb 1993).vpx" size="101142528" crc="b7d3419c" md5="a2b8db44d1d167daa82210d5e4f45cb4" sha1="bd1dd8320000bf0da1f10a812c72d6d2e1589fc8" />
	</machine>
	<machine name="Touchdown (Gottlieb)(1984)(Balater)(1.20)[VPX06][FullScreen]">
		<description>Touchdown (Gottlieb)(1984)(Balater)(1.20)[VPX06][FullScreen]</description>
		<rom name="Touchdown (Gottlieb 1984) V1.20.directb2s" size="15477136" crc="1411031d" md5="8102ed98b5c39a3a58d0f4e3c70a08da" sha1="3015c27af00a4d11b8b9874cbff14b3daaa0c9d3" />
		<rom name="Touchdown (Gottlieb 1984) V1.20.vpx" size="35041280" crc="8b2af7a8" md5="4d1c31322cefc1e3346f52b9d601928d" sha1="2141782f3b354bccccad9aad64da7c6c73150360" />
		<rom name="touchdown--gottlieb-1984--v100.png" size="2827538" crc="1bf3becd" md5="cffae04a320f4b6fe0863a2a9362e88d" sha1="9133a27bd0d0c3d8dfbb1773f1a4c2797e627a08" />
	</machine>
	<machine name="TX-Sector (Gottlieb)(1988)(32assassin)(1.1)[VPX06][FullScreen]">
		<description>TX-Sector (Gottlieb)(1988)(32assassin)(1.1)[VPX06][FullScreen]</description>
		<rom name="TX-Sector (Gottlieb 1988)32as.vpx" size="38629376" crc="ce08620f" md5="c127599a82733681b1e038ff395749f7" sha1="ad202519e964627ded2e1cf43e85df57382ace64" />
	</machine>
	<machine name="TX-Sector (Gottlieb)(1988)(balater)(1.31)[VPX06][FullScreen+dB2S][DOF]">
		<description>TX-Sector (Gottlieb)(1988)(balater)(1.31)[VPX06][FullScreen+dB2S][DOF]</description>
		<rom name="tx-sector (Gottlieb 1988) v1.00.directb2s" size="10994707" crc="f27de32c" md5="0aa619392b3b5874a8ff0cbb758ea1bf" sha1="87241ba0a8c094fb39115b59029abba1c54c96ce" />
		<rom name="tx-sector (Gottlieb 1988) v1.30.vpx" size="36204544" crc="224098ad" md5="16fe3ddcaa3bee660e04e4c7b3b8e9f9" sha1="5544b497cd9e591e953d94283bcbd52002c9e503" />
		<rom name="tx-sector--gottlieb-1988 v100.png" size="2887143" crc="d451cda6" md5="f62a62033e4935236a0d0e907a6913c7" sha1="86950e365980cb7619325c1b489af48810b78b5e" />
	</machine>
	<machine name="TX-Sector (Gottlieb)(1988)(Dozer)(1.0)[VPX][FullScreen]">
		<description>TX-Sector (Gottlieb)(1988)(Dozer)(1.0)[VPX][FullScreen]</description>
		<rom name="tx_vp10.png" size="6264597" crc="f89f5ae4" md5="a301ed1694103171938d22ed77b310bc" sha1="37411081d400febbb8eff226c24d85a1006cdef9" />
		<rom name="VP10_TX_SECTOR_Dozer_RTM.vpx" size="43094016" crc="44bd4d47" md5="416282df2f191fc18f1fddbe3507b341" sha1="22b13f415e3f8aa2f0af1b47fd39b62902b2422b" />
	</machine>
	<machine name="Victory (Gottlieb)(1987)(Sindbad, Schlabber34)(2.0)[VPX05][FullScreen]">
		<description>Victory (Gottlieb)(1987)(Sindbad, Schlabber34)(2.0)[VPX05][FullScreen]</description>
		<rom name="screenshot.png" size="2548944" crc="9182203d" md5="eefaa6666a1818045a0cd3bb47e93c25" sha1="303a86f2c8cddeca68aca5c03633a36ec5e3ce33" />
		<rom name="Victory (Gottlieb 1987) 2.0.vpx" size="78262272" crc="a472b776" md5="3828b826254e88be41d5fa3a7a72c356" sha1="0315f13f6dd707c4d9a39e20886b70c0f9f8ffd9" />
	</machine>
	<machine name="World Poker Tour (Stern)(2006)(freneticamnesic)(062018a)[VPX01]">
		<description>World Poker Tour (Stern)(2006)(freneticamnesic)(062018a)[VPX01]</description>
		<rom name="screenshot.png" size="1229090" crc="52487cd0" md5="9761d0901f3a8be97959e64b355bc4f8" sha1="ce3963bb5e65671e8d733708c415e74306e4907d" />
		<rom name="wpt 062018a.vpx" size="83984384" crc="5a7ef049" md5="2cb61132d0df802745ef60b0314ff6f9" sha1="2330ceeaa95470c6cb3febeb60bc9a475dc28640" />
	</machine>
</datafile>