<?xml version="1.0" encoding="utf-8"?>
<!DOCTYPE datafile PUBLIC "-//Logiqx//DTD ROM Management Datafile//EN" "http://www.logiqx.com/Dats/datafile.dtd">
<datafile>
	<header>
		<name>Visual Pinball [VP8] Recreated Tables</name>
		<description>Visual Pinball [VP8] Recreated Tables (2024-11-07)</description>
		<version></version>
		<date>2024-11-07</date>
		<author></author>
	</header>
	<machine name="3 Coins (Williams)(1962)(pbecker1946)(1.0)[VP8]">
		<description>3 Coins (Williams)(1962)(pbecker1946)(1.0)[VP8]</description>
		<rom name="3 Coins Commentary.txt" size="4395" crc="2757d2f6" md5="4c4fb23f7d0a0d900a50b8da93c2957c" sha1="ab77c6fc496919da57b49f9b34c217a514099ca3" />
		<rom name="3 Coins flyer.jpg" size="1303591" crc="62ff092a" md5="237aa9aeb31b43f1b7094d5d3ba96485" sha1="d3b37b9112038dfb040f880ca9cbc0df6efd046f" />
		<rom name="3 Coins screenshot.jpg" size="1422488" crc="2d4d7790" md5="41599698c0e31c29c2add889d55cc719" sha1="baf82fb66d2f11db81163036db0f898dc19dae65" />
		<rom name="3Coins(PLB)V1.vpt" size="28961280" crc="3fb8d621" md5="ab085342ac5908b15bc56e6f13c0a5e0" sha1="6128ea369e585f7dc4af9b8025ca23f993fcb681" />
	</machine>
	<machine name="4 Square (Gottlieb)(1971)(pbecker1946)(1.0)[VP8]">
		<description>4 Square (Gottlieb)(1971)(pbecker1946)(1.0)[VP8]</description>
		<rom name="4-square-flyer.jpg" size="366068" crc="2914f286" md5="f54b414a1ba1118f4173ab0ffdb55928" sha1="a802e8a58a495e8cff2bc651e54a9c6596d5481c" />
		<rom name="4Square(PLB)V1.vpt" size="20178432" crc="a6011461" md5="44c383a60531a7196c4bc3d9f8636c77" sha1="9556898e4a9cc9a7192a95b2fc5561212f7fa450" />
		<rom name="4SquareSS.jpg" size="1379012" crc="a8f4f639" md5="69ecf363d0e33aef143af870a82f03a1" sha1="0acbeff66dd0e43baf55475a83e50593d9c4614b" />
		<rom name="4squaress_09Y.jpg" size="1379012" crc="a8f4f639" md5="69ecf363d0e33aef143af870a82f03a1" sha1="0acbeff66dd0e43baf55475a83e50593d9c4614b" />
		<rom name="arrowheadss_Zlb.jpg" size="1361358" crc="bec68fb5" md5="e3f0d62b35326f97a857cbda7bcdaf61" sha1="fd92f6b121e554c30f5a8ecfcb47bd96b35e0805" />
		<rom name="Commentary.txt" size="3536" crc="4fd887dc" md5="8bd9d0f620bb1a88de52c2c434dcdcda" sha1="f3b760704709dceac4aedbcd5688bd2f7e45971a" />
	</machine>
	<machine name="100 Yards, The (EM Marchant)(1952)(Patrick, tiltjlp)(1.0)[VP8]">
		<description>100 Yards, The (EM Marchant)(1952)(Patrick, tiltjlp)(1.0)[VP8]</description>
		<rom name="screenshot.jpg" size="168804" crc="db68b036" md5="6136363ab05da08bf60b4dea8d71bb47" sha1="4f47f3f9194c88f121632c10fc12374870418bc6" />
		<rom name="the100yards.vpt" size="1500672" crc="5295e4ae" md5="56858f7b5edfb69dcb494f4ec86448da" sha1="32d07930ad8e7215c57efec4474288b8de0d8a5a" />
	</machine>
	<machine name="2001 (Gottlieb)(1971)(pbecker1946)(1.0)[VP8]">
		<description>2001 (Gottlieb)(1971)(pbecker1946)(1.0)[VP8]</description>
		<rom name="2001 screenshot.jpg" size="1187703" crc="a5624b84" md5="054a28586aeab090fc94efad51c0affc" sha1="27efc2d2f4e0f3e6c82e455564aec3056ad2cff7" />
		<rom name="2001(PLB)V1.vpt" size="30515712" crc="ea4c5026" md5="959cd67c71c401bf730fdea130e3b6c6" sha1="fc6cb5c159f03747992e949a879a56927f055a25" />
		<rom name="Commentary.txt" size="3363" crc="6f5a894f" md5="8bc2ba7c231202d9e3c869b430dba288" sha1="22b12ca20063d5f379b612330f53a02139c5b045" />
		<rom name="Flyer.jpg" size="1576992" crc="e1ac03ff" md5="238f31b8ef33120b771401fc1a42d597" sha1="2338186acd4c24e12d236ab223b56429d5467199" />
	</machine>
	<machine name="Ace High (Gottlieb)(1957)(Furio)(1.3)[VP8]">
		<description>Ace High (Gottlieb)(1957)(Furio)(1.3)[VP8]</description>
		<rom name="Ace High (Gottlieb 1957) 1.3.vpt" size="3606016" crc="4e457134" md5="23eeaf824e47ab29a512b13b9fbec2a6" sha1="b40905dea53e098ac3c8f9aba6f96f025144d432" />
		<rom name="Ace high Flyer.jpg" size="360023" crc="a16355a6" md5="8ed7ad7269c63037555726179a089c19" sha1="b6de10cc102391131299a2ee98cf6552645f16e2" />
		<rom name="Ace High screenshot.jpg" size="131035" crc="15ad3af5" md5="ac4e555605df00300cc351ab31cafcbc" sha1="31ae3172e6e0662a7e9a0e86199a63182088e058" />
		<rom name="rules.jpg" size="80176" crc="b83202c4" md5="4a8c401b2e0ce4c3b42c994c943e5af0" sha1="79a7bdb982b051044966e35ba314ebcc82445adb" />
	</machine>
	<machine name="Ace High (Gottlieb)(1957)(pbecker1946)(2.0)[VP8]">
		<description>Ace High (Gottlieb)(1957)(pbecker1946)(2.0)[VP8]</description>
		<rom name="AceHigh(PLB)V1.vpt" size="23048704" crc="15029174" md5="df6d8cd48b51a5ca767885e0e7db913a" sha1="7364742ac40cce2e6ae69df48b4c20b4d40a90cb" />
		<rom name="AceHigh(PLB)V2.vpt" size="20807680" crc="6549f589" md5="f2e798b0d9d92f52cdaddac1080ad8a5" sha1="5a885cf1153d7193a9e0bf526b14b7c0e0344093" />
		<rom name="AceHighFlyer.jpg" size="818718" crc="3df5d78e" md5="396ee4ff7f7aef4f017dee2248fbfd4d" sha1="df3b15270f194fabec89038133866c82acdf06fc" />
		<rom name="AceHighSS.jpg" size="1475327" crc="0d806588" md5="5387791dc5dd40ef704cbea7b75b60d6" sha1="97ea5aa63889bf311cb5a4d561d0eaab763e21da" />
		<rom name="Commentary.txt" size="4468" crc="21bea2ad" md5="d3a7e863770492337973da5d8c6424fe" sha1="b272d6751ae1396c5e8fe35ae4df5da27b10c55c" />
	</machine>
	<machine name="American Pinball (Tomy)(1991)(elo_rey)(1.0)[VP8]">
		<description>American Pinball (Tomy)(1991)(elo_rey)(1.0)[VP8]</description>
		<rom name="American Pinball by elo_rey10.vpt" size="6684160" crc="df33fe06" md5="7dfb861db3f18e5d9f134e5242dd8825" sha1="f2dcf0595da919d12025070cd2fc03c5e2b9df50" />
		<rom name="AmericanPinballVPT.jpg" size="422590" crc="fd9adb9d" md5="8382b34df46bf9fac7851ec14ce2358b" sha1="ce5593dda8b9a01afe1460c58c84f6e0271889ed" />
	</machine>
	<machine name="Arrow Head (Williams)(1957)(pbecker1946)(1.0)[VP8]">
		<description>Arrow Head (Williams)(1957)(pbecker1946)(1.0)[VP8]</description>
		<rom name="ArrowHead(PLB)V1.vpt" size="22019584" crc="9141c5ac" md5="6d1d623df14a975615fa74bd64ec2132" sha1="67e405194cbe987d5f98c616e50f43192e753885" />
		<rom name="ArrowHeadSS.jpg" size="1361358" crc="bec68fb5" md5="e3f0d62b35326f97a857cbda7bcdaf61" sha1="fd92f6b121e554c30f5a8ecfcb47bd96b35e0805" />
		<rom name="Commentary.txt" size="3884" crc="d9a79cb5" md5="7614c54bc9012b744e94c4a306cb0d43" sha1="1e5e7e5c4b3f878c95f01333e150184b2293c683" />
		<rom name="george_petty06_alt_a.jpg" size="38988" crc="4a23a6a1" md5="a0f71e7def081e96204bb32b00563702" sha1="73136e3bc380e73f0d1060affeaeba6d98c4347f" />
	</machine>
	<machine name="Atlantis (Gottlieb)(1975)(pbecker1946)(1.0)[VP8]">
		<description>Atlantis (Gottlieb)(1975)(pbecker1946)(1.0)[VP8]</description>
		<rom name="Atlantis(PLB)V1.vpt" size="20447744" crc="3a58bdea" md5="de06cceb9fe19ff128b44501c79c1536" sha1="c05c1b013cd127fd1d44d08b66978b3495c13877" />
		<rom name="Commentary.txt" size="4271" crc="3e25f609" md5="979d3b0ecc9aa8041ca4d41ae5514fa7" sha1="fe292eb39ff6ca0cad1f2cd5d14a6ea1614d44e1" />
		<rom name="Flyer.jpg" size="491215" crc="cbb730ee" md5="c1b770a951ffcd2622f1bfffa0f37684" sha1="da0d5057e9ccf7919966488622af28e5fc01025c" />
		<rom name="screenshot.jpg" size="1379787" crc="37d63168" md5="37296aa0f1e531a88f81dce86363a55c" sha1="cdc1d84ef70f4f9c4cd50532e84038ba5f124b86" />
	</machine>
	<machine name="Auto Race (Gottlieb)(1956)(Furio)(2.3)[VP8]">
		<description>Auto Race (Gottlieb)(1956)(Furio)(2.3)[VP8]</description>
		<rom name="Auto Race (Gottlieb 1956) 2.3.vpt" size="4272128" crc="a0c6e008" md5="12de68b30dcd1f682ed5e631dd0aa244" sha1="23990516aeff2337fc23b8a897ba2765af3cf810" />
		<rom name="screenshot.jpg" size="147768" crc="6c904113" md5="a1e55dbf1b31baff4d21a3cac8442386" sha1="4247b2eb09fbd63a33603acc4b008ebe24a65b55" />
	</machine>
	<machine name="Bank Shot (Gottlieb)(1976)(pbecker1946)(1.0)[VP8]">
		<description>Bank Shot (Gottlieb)(1976)(pbecker1946)(1.0)[VP8]</description>
		<rom name="BankShot(PLB)V1.vpt" size="18616832" crc="8a27b636" md5="6d715dac07c4ace99b5876717d6b86f1" sha1="31a756ce0da493f91ca4cf3077a60e7ee711d686" />
		<rom name="BankShotSS.jpg" size="1250387" crc="8b196b40" md5="45d56f5c5dbd439f6a5d6aa7110ad01e" sha1="b87aab9d0acb1e5195165fccb4f61458603906eb" />
		<rom name="Commentary.txt" size="4925" crc="f6a99168" md5="b938d089410e4e2e898a551af6b1e70f" sha1="2118175e15c714284694b916da17dab9caa3f64c" />
		<rom name="Flyer.jpg" size="276893" crc="91adebf7" md5="ae9d36ca20846a6cc2c2347dc9ce6463" sha1="4c28dd0d3dd9c75332a16981c5b573c9c439bda3" />
		<rom name="original-roger-sharpe-1976.png" size="326417" crc="4600e2ca" md5="3a3f4add24a321c133eb625cc6119fb1" sha1="b0c9407ed6858656cad58cd812be0b1d1f7be2a6" />
	</machine>
	<machine name="Big Casino (Gottlieb)(1961)(pbecker1946)(1.0)[VP8]">
		<description>Big Casino (Gottlieb)(1961)(pbecker1946)(1.0)[VP8]</description>
		<rom name="BigCasino(PLB)V1.vpt" size="21849600" crc="e99ccdf0" md5="83b7812c442c82dd22aee3066c754f91" sha1="4121c5a32343f360a857d40298e9abd8af9107cb" />
		<rom name="BigCasinoSS.jpg" size="854507" crc="913d96b5" md5="08e10c7b8ac1e05ca6a52f52db250af0" sha1="48da2fc162ddb46ca1b1a65c6efe4cb267d4b2fc" />
		<rom name="Commentary.txt" size="3972" crc="338e8e5f" md5="d6cf26a6ac5a3aa04edceeebd85dcce5" sha1="c72c077b85bc70642ef941f6861ee41496e0cc4a" />
	</machine>
	<machine name="Big Top (Gottlieb)(1964)(Duglis, JPSalas)(2.0)[VP8]">
		<description>Big Top (Gottlieb)(1964)(Duglis, JPSalas)(2.0)[VP8]</description>
		<rom name="Big_Top_Duglis_JP_v2.0.vpt" size="9558016" crc="fb065193" md5="99514ef757920615d400cedb4235ae94" sha1="b9f92598c2f0ce77d2a20656d95ec3cdfb4cea0a" />
		<rom name="Big_Top_flyer.jpg" size="252769" crc="540552b9" md5="018d1d84fbe11db1e4b4668cf5bd266d" sha1="a355abcf94fe3fe1725e0ea13df187b74f9b6cd2" />
		<rom name="screenshot.jpg" size="253484" crc="d5aee065" md5="9364a7c63bf4ea1c1fae993e6525a65b" sha1="4fbfb87e3de9867d6d33234d808c479bb8ab900e" />
	</machine>
	<machine name="Big Valley (Bally)(1970)(pbecker1946)(1.0)[VP8]">
		<description>Big Valley (Bally)(1970)(pbecker1946)(1.0)[VP8]</description>
		<rom name="BigValley(PLB)V1.vpt" size="20530688" crc="02694c30" md5="98423aed9a0118db08554e0dbdb7cf18" sha1="c1d14b8ba4ad7ea58dcb9343b336b457250785d3" />
		<rom name="BigValleySS.jpg" size="1064232" crc="b9b827a6" md5="c43db109fd9121999a8a46d8cb90da89" sha1="618f85d3d6b42fd23a3efb1f77b75a251c908451" />
		<rom name="Commentary.txt" size="5417" crc="56d0c11d" md5="ee57464b07fa7a5218f8863e642b10bf" sha1="cc55097c00aee472fdbdd99edb9a45e698ed736b" />
		<rom name="Flyer.jpg" size="219799" crc="8ac49e5e" md5="f1befd3ff0455523d69c849bdf5e557a" sha1="e1a1f462aa84f241a3cd676c3dae8ab988f564b9" />
	</machine>
	<machine name="Blast Off (Williams)(1967)(Emkaah)(1.1)[VP8]">
		<description>Blast Off (Williams)(1967)(Emkaah)(1.1)[VP8]</description>
		<rom name="Blast Off flyer.jpg" size="1553454" crc="42b4c140" md5="181cb33fb7471974d18b04382e2f258e" sha1="57f7077f01f1825fec7944afd69ff1c2c81758ec" />
		<rom name="Blast Off screenshot.jpg" size="74856" crc="2e6f65e7" md5="3c3e555650a8b30905ab3ac46d708117" sha1="5b09964039c01de414b234ee315aba08067ebdc0" />
		<rom name="BlastOff(1967)v11.vpt" size="2389504" crc="7dadf937" md5="4071fa8d67f2e15dc243c30a2d97b54e" sha1="8ec59b5ec6d315f8dbcfb4b038fd01ad2601ca8f" />
	</machine>
	<machine name="Bowling Champ (Gottlieb)(1949)(pbecker1946)(1.0)[VP8]">
		<description>Bowling Champ (Gottlieb)(1949)(pbecker1946)(1.0)[VP8]</description>
		<rom name="BowlingChamp(PLB)V1.vpt" size="25827840" crc="8871ccc3" md5="2478aa5df8ee5ce429fe40027a3e28a7" sha1="2548d13531c127c31b6288edf099db4eef305874" />
		<rom name="BowlingChampSS.jpg" size="1296992" crc="ec2a19fb" md5="a08f8dbe118ceec616a81c5af3de6461" sha1="34ceaf6caa56f3ddc6029dbd86802d0225e05c62" />
		<rom name="Commentary.txt" size="4168" crc="8f9c48df" md5="0502768ec806139b467018b8a01f4475" sha1="2a1fde90de1d7262fbb3062a47e12934f06d4536" />
		<rom name="Flyer.jpg" size="323003" crc="a93c9f1e" md5="e8172c10644060ff6d03c1d21188fc38" sha1="151c95d3cca46b7e232e9e77e9924724c66eaf10" />
	</machine>
	<machine name="Bronco (Chicago Coin)(1963)(pbecker1946)(1.0)[VP8]">
		<description>Bronco (Chicago Coin)(1963)(pbecker1946)(1.0)[VP8]</description>
		<rom name="Bronco63(PLB)V1.vpt" size="23033344" crc="12b477df" md5="9a2e2078adb0bdb888edbea61e0bfb34" sha1="5db80c6bd7c794d7485cfe864e4526e1a9427930" />
		<rom name="BroncoSS.jpg" size="864992" crc="a25c8613" md5="204aac3137ddf1817b2c52ae44937be2" sha1="0b9571237c366876cd9d834f14444f05dbb93c51" />
		<rom name="Commentary.txt" size="3734" crc="f5db1c66" md5="eea5980751941d90d44558d2991e55ef" sha1="4c1d7bae271a3bb134231888b933ec42f5e45fb4" />
		<rom name="Flyer.jpg" size="1853247" crc="59c590c2" md5="944b608322ca9f46434e877d9242dadd" sha1="561d873865136a83291f9f09b7495f72c0f3d73f" />
	</machine>
	<machine name="Buccaneer (Gottlieb)(1948)(pbecker1946)(1.0)[VP8]">
		<description>Buccaneer (Gottlieb)(1948)(pbecker1946)(1.0)[VP8]</description>
		<rom name="Buccaneer48(PLB)V1.vpt" size="29982208" crc="3d2cbe17" md5="a3f6bc58569cde190780560048dec44b" sha1="0d5bf5b436a7bc1e4d906ba46ce2cc9fcdf3b875" />
		<rom name="Buccaneer48SS.jpg" size="1381469" crc="fdb2ae0f" md5="38b707f504dbf15431fb3fde43f0b82b" sha1="aeff4f1c18a418c9ef265d81aeee3eb76e863480" />
		<rom name="Commentary.txt" size="4105" crc="99af95b2" md5="60ea6bd3b96951cb08ef7db28e739146" sha1="ee53a477ce54b9931885d73734edc5398a5299cb" />
		<rom name="flyer.jpg" size="339082" crc="0c848772" md5="9a59aeffca36ed6deb09ea81c737aa3d" sha1="809a504340b6cb2f962aaa7b019e675b9d5fdcbb" />
	</machine>
	<machine name="Buckaroo (Gottlieb)(1965)(pbecker1946)(1.0)[VP8]">
		<description>Buckaroo (Gottlieb)(1965)(pbecker1946)(1.0)[VP8]</description>
		<rom name="Buckaroo(PLB)V1.vpt" size="31620608" crc="ae206050" md5="1ff6b4694d99d95d30f4db37dc78f72f" sha1="0572f90afe2d34b5b74e5d863b8d81df91a824e2" />
		<rom name="Buckss.jpg" size="953749" crc="5c8e6d71" md5="6af90ac2d414f9a6bd2aa92f61ea8605" sha1="1b9c174a6fb106be098d89aa64a9daa133e29266" />
		<rom name="Commentary.txt" size="3317" crc="5b57ee85" md5="fcb5520accda367369a93a7f73923d15" sha1="575280de4165b9185a11525f9476ad4b190ae8f1" />
	</machine>
	<machine name="Buffalo Bill (Gottlieb)(1950)(Romolo)(1.0)[VP811]">
		<description>Buffalo Bill (Gottlieb)(1950)(Romolo)(1.0)[VP811]</description>
		<rom name="Buffalo Bill (Gottlieb 1950)VP811.vpt" size="3078144" crc="d31785a1" md5="00016369372ab30c58857d747b463ecf" sha1="51b7b71ac7594f9b7e7d40b2ffcbdc0cb66c6f18" />
		<rom name="screenshot.jpg" size="123241" crc="a042632f" md5="32c4eebfa1748ecb5258fa619ccf3fca" sha1="bfffecc2df8d6c2d9c677cb2956a31d1f0a7a8c5" />
	</machine>
	<machine name="Casino (Williams)(1958)(pbecker1946)(1.0)[VP8]">
		<description>Casino (Williams)(1958)(pbecker1946)(1.0)[VP8]</description>
		<rom name="Casino58(PLB)V1.vpt" size="23124480" crc="45a8c9b9" md5="cf5571678db9aa8b913d02ad3041fd08" sha1="2e1ce76a0ecfd5f217d8d404983e1a87006e02a8" />
		<rom name="Casino58SS.jpg" size="1239052" crc="889cf2e5" md5="a8b8719c8435687bfbff62325826783c" sha1="90acc00115433b312a2c3487777534264cca1dd1" />
		<rom name="Commentary.txt" size="3795" crc="0671e1ee" md5="998af9046afdb7cb501ba183451ebfe7" sha1="5d203283283f865620ec8144ab3e4a1319851c98" />
		<rom name="flyer 1.jpg" size="836422" crc="0c673246" md5="9f2f458f6d0dc94ac3cf473a6baa247e" sha1="6a0d02a73f1c2667b057622ccf41dcad5e52cec2" />
		<rom name="flyer 2.jpg" size="141416" crc="e3e5958c" md5="a3885d81515376c02dc8ad385478e5eb" sha1="9e356a085453583edaa04b12d583bc4eb5ae02b1" />
	</machine>
	<machine name="Continental Cafe (Gottlieb)(1957)(pbecker)(1.0)[VP8]">
		<description>Continental Cafe (Gottlieb)(1957)(pbecker)(1.0)[VP8]</description>
		<rom name="Commentary.txt" size="3721" crc="5b7014de" md5="70a14177a1cfca89f85e0d38915929ba" sha1="c5bdabdabed5f6e4bf9fb7f97defade4fbca26e6" />
		<rom name="ContinentalCafe(PLB)V1.vpt" size="27459584" crc="53b46480" md5="c22e1230832fa44693725c768a3d7d98" sha1="b1402eb02fd2de8b213ae1e56f45142d09cac252" />
		<rom name="ContinentalCafeSS.jpg" size="722329" crc="a81cd3a7" md5="39bdcdbc305c779d17b3800375e31742" sha1="5fe7db327c48d189d4c1208f09628ecabc555aa1" />
		<rom name="Flyer.jpg" size="1601446" crc="98dc6f9e" md5="b3c6e514ab4ba0f4b660447abc734bd9" sha1="d2405653b130540ffbcd5a9058b39fe616dda326" />
	</machine>
	<machine name="Corral (Gottlieb)(1961)(Duglis, Robair)(1.0)[VP8]">
		<description>Corral (Gottlieb)(1961)(Duglis, Robair)(1.0)[VP8]</description>
		<rom name="63_5er.jpg" size="229752" crc="914b141c" md5="e7784b7e04e2940cff257a8f00c1f5e2" sha1="8927a1ad9e60ca71deb32f92ac90c80b98a37e78" />
		<rom name="Corral (Gottlieb 1961).vpt" size="1589760" crc="e55be60e" md5="c91feb13cc79e34c9208600a7623946f" sha1="e3b0306d295ce99dab9b6f289fa472e8d52812eb" />
		<rom name="FONTS___.TTF" size="43156" crc="fb7a253c" md5="e6d009ab2ea3b918df8787768b96293a" sha1="1a06e69889c164de71675ddede2a7442a1328fa2" />
	</machine>
	<machine name="Cow Poke (Gottlieb)(1965)(Fernando)(020309)[VP8]">
		<description>Cow Poke (Gottlieb)(1965)(Fernando)(020309)[VP8]</description>
		<rom name="annifont.ttf" size="37552" crc="97cd3db4" md5="2c64bb417056f321f9d7e61190e703aa" sha1="b8c3aa7ce4fd927626cb8aa2fa4c985bbef81604" />
		<rom name="COWPOKE Gottlieb 65 - Fernando 020309.jpg" size="396218" crc="1a0f5411" md5="7c0f83432efb8fb15768ecbcf5889c08" sha1="25979e6e4e180458e46aecc58ab14ddfd56f0ebf" />
		<rom name="COWPOKE Gottlieb 65 - Fernando 020309.vpt" size="5394944" crc="b9c25253" md5="d06dc2750d4b5ff9f0cc14122a35159d" sha1="4456668f6ddbb66655d1c8039d4d56699107191a" />
		<rom name="gottlieb score.ttf" size="2508" crc="65115886" md5="62b06e1b2029dabfcbec85a9e312bca5" sha1="76f6eede4bd05a0d2418640e3a6224b6ac1aaab9" />
	</machine>
	<machine name="Cross Country (Bally)(1963)(pbecker1946)(1.0)[VP8]">
		<description>Cross Country (Bally)(1963)(pbecker1946)(1.0)[VP8]</description>
		<rom name="Commentary.txt" size="3697" crc="86fb22e6" md5="331216d2858c0669e13b096b24103ce4" sha1="b957b170601036cf15eb92544f234b93f02a8b62" />
		<rom name="CrossCountry(PLB)V1.vpt" size="24513024" crc="bedfd6be" md5="3b70797542598fe904bb76c16f2e90d4" sha1="2ce009183cd2cfea04e236989f12ee4d4bb7bfdb" />
		<rom name="CrossCountrySS.jpg" size="1275847" crc="538eaf25" md5="c2ee5f1e533b88213568606cd9c6d1d6" sha1="c15f5e638f2a23a559b6d0c5a7fe8233b4e137c5" />
		<rom name="Flyer.jpg" size="293107" crc="f22342cd" md5="9ce5b6b27786c1df1c2bdc102c79991f" sha1="540f762aff4ee2bf2cd10ee7373c6d868d9354c0" />
	</machine>
	<machine name="Cross Town (Gottlieb)(1966)(pbecker1946)(1.0)[VP8]">
		<description>Cross Town (Gottlieb)(1966)(pbecker1946)(1.0)[VP8]</description>
		<rom name="Commentary.txt" size="4125" crc="118cf1a0" md5="5205803a210a1d4c31d11e5c1094c7de" sha1="daf8a46861dbcb5330ad49f33ff7661059ff62cf" />
		<rom name="CrossTown(PLB)V1.vpt" size="30255104" crc="26e3e13f" md5="293d14349c7a2e6e4db84f0702019aaa" sha1="c6dbe0cd7272bf02b5863c693855139836aa0bd3" />
		<rom name="CTownss.jpg" size="977737" crc="60b168f2" md5="7bd600680d4554f45a371a4f50a98ae3" sha1="b75540e6ae6d5bc61386cdc5f35764636c305ddf" />
		<rom name="Flyer.jpg" size="484449" crc="b97d0bcc" md5="2b86ada45f6c7c14e96bd4bea438c338" sha1="2d9e891f7c0e508db23d194dc705f2bc6bc2e104" />
	</machine>
	<machine name="Cyclone (Gottlieb)(1951)(pbecker1946)(1.0)[VP8]">
		<description>Cyclone (Gottlieb)(1951)(pbecker1946)(1.0)[VP8]</description>
		<rom name="Commentary.txt" size="3891" crc="c4840d6d" md5="2d7198a05e67314a462e98f917560357" sha1="42e56a13c5097e5b4be16eaa59064070340b6061" />
		<rom name="Cyclone51(PLB)V1.vpt" size="23514624" crc="88d1dec8" md5="dbdce916bad7ddab6f302e18b476a5dd" sha1="83e4de98b26bd1fc927df0845eaca674b38eaade" />
		<rom name="Cyclone51SS.jpg" size="1250006" crc="dd261ef2" md5="509ae5758af3a22b51aad73fb4cf960e" sha1="828918938a819e046e9bb8912e9dcab7397889e6" />
		<rom name="Flyer.jpg" size="2193276" crc="5dab78b7" md5="069dce9142447e287bfe01f76c205deb" sha1="356717e253eb9854572042590d4ed9cb9761ef45" />
	</machine>
	<machine name="Cyclopes (GamePlan)(1985)(Eala Dubh Sidhe)(RC1)[VP8]">
		<description>Cyclopes (GamePlan)(1985)(Eala Dubh Sidhe)(RC1)[VP8]</description>
		<rom name="Fonts/african.ttf" size="47596" crc="97a10b6c" md5="a19c1325b7b93513f1665d1f9ee8bc48" sha1="725a39f334fec0f4f175572e3635fa62196519a8" />
		<rom name="Fonts/impact.ttf" size="136048" crc="638a4ccc" md5="55672033552559c3a89d999b5badd8c0" sha1="807b5e24d402fcdac6f9e9d97be071285ad27958" />
		<rom name="Fonts/trana___.ttf" size="58232" crc="a65607b4" md5="66dc9095c3f6fb48dbe4874d7304ca47" sha1="f89519a6452ebc2bcaf130fd136bcfcc59b28fa6" />
		<rom name="Cyclopes (GamePlan 1985).vpt" size="7562240" crc="5d56be1b" md5="9ce2784618634caa3d9851cf89cf17ef" sha1="7085f61b08aba182324504f5291bf88c5d2f9e52" />
		<rom name="Cyclopes (table notes).txt" size="2936" crc="8e33de09" md5="2394da15d4e1530403d36ef161166c29" sha1="d5af9a8c18c30c6aba1184f202d477e7a4fee976" />
	</machine>
	<machine name="De-Icer (Williams)(1949)(pbecker1946)(1.0)[VP8]">
		<description>De-Icer (Williams)(1949)(pbecker1946)(1.0)[VP8]</description>
		<rom name="Commentary.txt" size="4396" crc="6a57e5ce" md5="e9d137d38716d156c9a332d61398cab6" sha1="6e68d4a46e0cfb0061ddba2e94d32271422a7f4b" />
		<rom name="De-IcerSS.jpg" size="1270721" crc="b55e438d" md5="c26b52cdcdf24e3abc47ca0cb9cabaea" sha1="52f13ad1825ac03b49953ae68a0969a9208a0fdf" />
		<rom name="DeIcer Playfield Design Drawing.jpg" size="275948" crc="f1f99dfd" md5="c3010aec548e2d92703b5365de60cb67" sha1="c1bee576f04d23c847b41e20000db0b9fc7834b3" />
		<rom name="DeIcer(PLB)V1.vpt" size="22743040" crc="f61d8639" md5="701a181a3074a43cf1bf917470fb0f09" sha1="d9086ce8146fe3a44b6f0d31b3ff3a443ed8566d" />
		<rom name="Flyer.jpg" size="488309" crc="14855fb1" md5="068f330acb7b79cede48cfb3cc0e963c" sha1="b8a6c23d69d731acb29d3924c10849073c2d856e" />
	</machine>
	<machine name="Derby Day (Gottlieb)(1956)(pbecker1946)(1.0)[VP8]">
		<description>Derby Day (Gottlieb)(1956)(pbecker1946)(1.0)[VP8]</description>
		<rom name="Commentary.txt" size="4566" crc="362dcff6" md5="c9d46796d350cd9a5c3d38399b0c40af" sha1="0e917008bfbea01470809cc0e5258b52d4311304" />
		<rom name="Derby Day screenshot.jpg" size="1478698" crc="57cabcea" md5="3267deae41a9b136f9bac73cccf8ab07" sha1="b94f445e62ab697240cc266a3c9f69e1159edc7e" />
		<rom name="derby_day-1956-flyer.jpg" size="3740104" crc="619078d1" md5="5371c47db178484de319c5063560662a" sha1="3b422b1ba4bc5071754dd7ec9781cdefdf907458" />
		<rom name="DerbyDay(PLB)V1.vpt" size="21663232" crc="5bbfb4ca" md5="f96f828a6c8a0c61ce0783104e0c43cd" sha1="7516f147ac334aa579e892a2dca96bc98c01d302" />
	</machine>
	<machine name="Diamond Lill (Gottlieb)(1954)(pbecker1946)(1.0)[VP8]">
		<description>Diamond Lill (Gottlieb)(1954)(pbecker1946)(1.0)[VP8]</description>
		<rom name="Commentary.txt" size="3723" crc="538ca637" md5="8a23df0ba60577795e86e02a8779066f" sha1="4dcdd4422afe28ff7e8769ea7ff6b4e964346380" />
		<rom name="DiamondLill(PLB)V1.vpt" size="28365824" crc="bae79cc1" md5="02b719b1ecec5b691d378a0507c8832f" sha1="9dd4265ba5c7accb433016896241c546c7e8410a" />
		<rom name="DiamondLillSS.jpg" size="1487173" crc="b82276db" md5="e69f6698b4f94e067a45c4812d403442" sha1="135bc8dc8a9dc1e0ae232eb0d41277e62ca15e2a" />
		<rom name="Elvis Playing Diamond Lill.jpg" size="37395" crc="83d4f42f" md5="8889e8eddabe2844ef6f40ef27c07149" sha1="10d576f46ef7c3123e1771e53343400604072682" />
		<rom name="Flyer.jpg" size="496701" crc="bd300f4a" md5="8e3af6004082f0fa3a2c89a3578b95cd" sha1="94c03a17e805c06d34e6d9e1dea26cc3e54ba3c0" />
	</machine>
	<machine name="Dimension (Gottlieb)(1971)(Robair, Furio)(1.3)[VP8]">
		<description>Dimension (Gottlieb)(1971)(Robair, Furio)(1.3)[VP8]</description>
		<rom name="32_Sbx.jpg" size="171019" crc="f74635c4" md5="5a8bba974f3478a975dd761546e8151f" sha1="2da51cbb8edad677901c696414037837ddf69b3e" />
		<rom name="Dimension (Gottlieb 1971) 1.3.vpt" size="2715648" crc="333ec58a" md5="6a641572446bde568059e16cb3b15ed9" sha1="8b965ba5ae1fb882076156661b0da6d1d056bd84" />
	</machine>
	<machine name="Double Action (Gottlieb)(1958)(pbecker1946)(1.0)[VP8]">
		<description>Double Action (Gottlieb)(1958)(pbecker1946)(1.0)[VP8]</description>
		<rom name="Commentary.txt" size="4348" crc="9b9d0b8e" md5="4d20ec964b5a9e858567093b367b413f" sha1="f475e3fc83abe86edb51579ae0fe14476544c730" />
		<rom name="DoubleAction(PLB)V1.vpt" size="24025600" crc="3689bdaf" md5="760e4a3df1ff849fc03fbe184fec48df" sha1="6b6efe6c9addee9d4e2e5f7bd893c38e4dea35fc" />
		<rom name="DoubleActionSS.jpg" size="1232847" crc="29801c56" md5="dec82a5f5b45ce86e41db59b21316eaf" sha1="e2f21aa9b1db151bc3520d1a6772f59e1b9091d0" />
		<rom name="Flyer.jpg" size="1022319" crc="57baa995" md5="9cce31c717a91a8333b50a2cad5500be" sha1="2afd86dbb74a9d86def8b2209abe7b513450e29d" />
	</machine>
	<machine name="Double Barrel (Williams)(1961)(pbecker1946)(1.0)[VP8]">
		<description>Double Barrel (Williams)(1961)(pbecker1946)(1.0)[VP8]</description>
		<rom name="Commentary.txt" size="4427" crc="c90ddacd" md5="d7aebc83c5c23c7e34ac9a056058242b" sha1="17b7acf4a39c3f48fe3395d2b886d677888de12d" />
		<rom name="DoubleBarrel(PLB)V1.vpt" size="23990272" crc="f42f3449" md5="e76c32edc2b7299bcf99506dea291876" sha1="4de94c22aaa7ca073b83f6513aafb8e2cd137817" />
		<rom name="DoubleBarrelSS.jpg" size="1431876" crc="6c21f697" md5="b2153dc78f5ec8c03f3aa45dc049d827" sha1="a37b435b2cb330cae9d132dcbc7f0dcee5ad2a8c" />
		<rom name="flyer.jpg" size="1358270" crc="497f3882" md5="39e6a37a02598fbabfa736e393c4c216" sha1="9e4e906f2c6db69d3df6c3cf025074c0866293f9" />
	</machine>
	<machine name="El Dorado (Gottlieb)(1975)(Patch)(3.06)[VP8]">
		<description>El Dorado (Gottlieb)(1975)(Patch)(3.06)[VP8]</description>
		<rom name="El Dorado3.06.vpt" size="5734400" crc="ad8a4c7d" md5="3554fcca14054c3af02651c2bdadfa16" sha1="6c0e101887ca9dda0939cafc4807db2a86138410" />
		<rom name="El Dorado3.06earlier.vpt" size="5545984" crc="ee40e7a2" md5="b3b4f0239f05821f2dbbcf64698be034" sha1="009329316625d311dd14f5ab458398d68087d393" />
		<rom name="eldorado_E6c.jpg" size="288942" crc="c3137010" md5="d1da5532ab68e8e0565243f5f5474f75" sha1="7af846f7624eda0a421e1c838e24d046ae0085ab" />
		<rom name="flyer.jpg" size="1845128" crc="7e3479fa" md5="d456906e64dfeb651f90275a7d737760" sha1="547ee98b2be0932db9ba2bdca78cb190feeac5ff" />
	</machine>
	<machine name="F1 Grand Prix (Nuova Bell Games)(1987)(Eala Dubh Sidhe)(RC1)[VP8]">
		<description>F1 Grand Prix (Nuova Bell Games)(1987)(Eala Dubh Sidhe)(RC1)[VP8]</description>
		<rom name="Eras000.ttf" size="32580" crc="2ecbbb53" md5="ee84c1ff63e990ec2f5399a52618a09f" sha1="26fd69d155e133fb70fb12a948a2aca0dfd1cdf0" />
		<rom name="ERASBD.ttf" size="51432" crc="b9317677" md5="2e8d0e1501575e1b7f1992c19ef9a8cd" sha1="43ca141e68b2dc0967fc1f751e298f0c7e58f4d1" />
		<rom name="F1 Grand Prix (Bell Games 1987).vpt" size="12787712" crc="a3ae1332" md5="0cfb9fe8c9da6f2580639bd0f1322388" sha1="61f0155eae8516af855a885265ccc4e1bad123ba" />
		<rom name="F1 Grand Prix table notes.txt" size="2085" crc="77bdf19e" md5="d2c3c6a1fdd2132e56083887f7605c6b" sha1="d38275b066528407930c91653e95b94caadb7d12" />
		<rom name="screenshot.jpg" size="482016" crc="79c035a5" md5="9462afe7491875cf1d781b4dd6be52ed" sha1="b50f20c5b46cc669dc11410b559ac250d32b49b5" />
		<rom name="TRANA___.ttf" size="58232" crc="a65607b4" md5="66dc9095c3f6fb48dbe4874d7304ca47" sha1="f89519a6452ebc2bcaf130fd136bcfcc59b28fa6" />
	</machine>
	<machine name="Falstaff (Gottlieb)(1957)(Duglis, Furio)(1.3 Deluxe)[VP8]">
		<description>Falstaff (Gottlieb)(1957)(Duglis, Furio)(1.3 Deluxe)[VP8]</description>
		<rom name="Fonts/fonts___.ttf" size="43156" crc="fb7a253c" md5="e6d009ab2ea3b918df8787768b96293a" sha1="1a06e69889c164de71675ddede2a7442a1328fa2" />
		<rom name="Fonts/gottlieb.ttf" size="2508" crc="65115886" md5="62b06e1b2029dabfcbec85a9e312bca5" sha1="76f6eede4bd05a0d2418640e3a6224b6ac1aaab9" />
		<rom name="Fonts/victorian.ttf" size="51446" crc="d1d1737c" md5="dd290d0bc07e711660491fb4713b79c0" sha1="1cbd17bb3d98b6c6839bda631f193d564e4556c0" />
		<rom name="Falstaff deluxe (Gottlieb 1957) 1.3.vpt" size="4095488" crc="75f1c5e6" md5="2e077b743314a55e62603860d667eca3" sha1="a5f64a6e9cd2f70e9cb55dd4f0860b0cd7c97e64" />
		<rom name="Permesso Duglis.doc" size="23552" crc="03e4a512" md5="fde97534eff1f46373af9463a5eaf3bb" sha1="dc3b67e69aacbabeb580398dfdbea0a1079d2aa3" />
		<rom name="Risposta Duglis.doc" size="24064" crc="56396104" md5="78a7140686c946c84093fee14a7f11e5" sha1="64e3e133472347f79ac05323de7215617d23a106" />
		<rom name="screenshot.jpg" size="129045" crc="8b5e708d" md5="13dcc79e3e58e0082a380a81a565b18f" sha1="169cfdc6beec8724c48a2c89d9115e3d05d41d86" />
	</machine>
	<machine name="Flipper Clown (Gottlieb)(1962)(DesAngel, Duglis, Furio)(1.1 Deluxe)[VP8]">
		<description>Flipper Clown (Gottlieb)(1962)(DesAngel, Duglis, Furio)(1.1 Deluxe)[VP8]</description>
		<rom name="Fonts/fonts___.ttf" size="43156" crc="fb7a253c" md5="e6d009ab2ea3b918df8787768b96293a" sha1="1a06e69889c164de71675ddede2a7442a1328fa2" />
		<rom name="Fonts/gottlieb.ttf" size="2508" crc="65115886" md5="62b06e1b2029dabfcbec85a9e312bca5" sha1="76f6eede4bd05a0d2418640e3a6224b6ac1aaab9" />
		<rom name="Flipper Clown deluxe (1962 Gottlieb) 1.1.vpt" size="4713472" crc="33ade682" md5="ccc0ea02d3b7e29b32bdabfcf404c47e" sha1="dc6ac1eabf719ab62a93e31b441498e501b194af" />
		<rom name="screenshot.jpg" size="185991" crc="4e74a29d" md5="2db81cde720b59c134048ab51959a94b" sha1="e34d24e23a1af9b0f1f28ab5fcb93f885b3ccf2d" />
	</machine>
	<machine name="Flipper Fair (Gottlieb)(1961)(3.2 Deluxe)[VP8]">
		<description>Flipper Fair (Gottlieb)(1961)(3.2 Deluxe)[VP8]</description>
		<rom name="27_liY.jpg" size="179875" crc="0a1eaef4" md5="3690851401a97099fae71aebbaea359d" sha1="4f094d21688a90e746e645be1d564e9c1a21826c" />
		<rom name="Flipper Fair deluxe (Gottlieb 1961) 3.2.vpt" size="3127296" crc="a1ef45da" md5="bd16ad1846179423e6ade8f8975c593d" sha1="d8a1a83c19d4758c1f69d3b96c8ff80a4f527f9b" />
	</machine>
	<machine name="Foto Finish (Gottlieb)(1961)(pbecker1946)(1.0)[VP8]">
		<description>Foto Finish (Gottlieb)(1961)(pbecker1946)(1.0)[VP8]</description>
		<rom name="Commentary.txt" size="4034" crc="8ace0f15" md5="40259548a73b5d7cdbd02abae0d11898" sha1="03c1f856b56210142f13dda1378e2c44ddc1f1cc" />
		<rom name="Flyer.jpg" size="2022279" crc="45ee6c4a" md5="174b66cb362cd0b5536ffe75efab6738" sha1="80f828f5500156f752cce13880e7a22193a665a8" />
		<rom name="FotoFinish(PLB)V1.vpt" size="20631552" crc="22c3e4a1" md5="90685c1e6004797da104ec41bb097bee" sha1="ecab204a86d2645043a9c5115a6945188aaaf7bb" />
		<rom name="FotoFinishSS.jpg" size="1395786" crc="c69ff569" md5="ae285ddc5960244abc1b1610f8f98bc5" sha1="a848aeb2611e259da716e99d19e84b8117ff3bf7" />
	</machine>
	<machine name="Fun Land (Gottlieb)(1968)(pbecker1946)(1.0)[VP8]">
		<description>Fun Land (Gottlieb)(1968)(pbecker1946)(1.0)[VP8]</description>
		<rom name="Commentary.txt" size="4179" crc="f368f3d7" md5="09d20966caa6851667a2b90e894f94b5" sha1="e99d00682ba43de2feab00e6c112318fcc62634d" />
		<rom name="Flandss.jpg" size="923258" crc="dfbc280a" md5="40f7b4f9f9995a62758d4dd6fa74a18a" sha1="733c7e2f4dccdb634dfbdb2a37986441f975bfd3" />
		<rom name="Flyer.jpg" size="395987" crc="bacae77a" md5="bd22e4f91231b0a925a7cb52282500a9" sha1="0f37701cf2dd40c4ece6822dc378d3ae2707ef6c" />
		<rom name="FunLand(PLB)V1.vpt" size="24443392" crc="be420294" md5="900fa244f9a8b76785ec8f54b81cbf24" sha1="9aeedd638de369961a21fa553f736ebc75baa1be" />
	</machine>
	<machine name="Fun Park (Gottlieb)(1968)(Duglis, JPSalas)(2.01)[VP8]">
		<description>Fun Park (Gottlieb)(1968)(Duglis, JPSalas)(2.01)[VP8]</description>
		<rom name="Fun Park (Gottlieb-1968) v2.01.vpt" size="5734400" crc="ef3a485c" md5="5d84fed8f56c8a83ea35b11b3e1bd72b" sha1="a60ec8c26ae8fb94def567daaf84de649cd10b0f" />
		<rom name="Fun Park-rules.txt" size="2910" crc="8e362ac4" md5="40084a967701d3da6e48cebac969a3fc" sha1="014f223e5985b7d6a0efa42b27cfc0d72d07b258" />
		<rom name="funpark-flyer.jpg" size="70739" crc="98ea51f3" md5="c211f2f38faf92362510e220defc7056" sha1="72680e07c328c8bad842f938161ccf39f45340d1" />
	</machine>
	<machine name="Gigi (Gottlieb)(1963)(Victor, Fernando)(1.0)[VP8]">
		<description>Gigi (Gottlieb)(1963)(Victor, Fernando)(1.0)[VP8]</description>
		<rom name="annifont.ttf" size="37552" crc="97cd3db4" md5="2c64bb417056f321f9d7e61190e703aa" sha1="b8c3aa7ce4fd927626cb8aa2fa4c985bbef81604" />
		<rom name="GIGI_Gottlieb_63_ Vic_Fer_180209_VP8.jpg" size="436626" crc="254031a8" md5="989bbd949d2bb34bf7bed26b02684853" sha1="31a84c00deff41e374f0ff22ccfeae423ade5b48" />
		<rom name="GIGI_Gottlieb_63_ Vic_Fer_180209_VP8.vpt" size="11450368" crc="bffaeeb7" md5="c7fd6b17c9f75738be5619e58a167e5d" sha1="8c05ef9045ac82820072aa52ae47ce1264e8ced8" />
		<rom name="gottlieb score.ttf" size="2508" crc="65115886" md5="62b06e1b2029dabfcbec85a9e312bca5" sha1="76f6eede4bd05a0d2418640e3a6224b6ac1aaab9" />
	</machine>
	<machine name="Gold Star (Gottlieb)(1954)(pbecker1946)(1.0)[VP8]">
		<description>Gold Star (Gottlieb)(1954)(pbecker1946)(1.0)[VP8]</description>
		<rom name="Commentary.txt" size="5248" crc="f69c918c" md5="7a14e6718ea38647623aeffc3e7acdbb" sha1="f96c4f662be9576dde4b7615a965dcab2fb0ecbc" />
		<rom name="Flyer.jpg" size="372808" crc="670d5197" md5="e7e297c92687b2c88853b0fe1a2f93e2" sha1="131986a628d2e49b315361cb8064692502590da1" />
		<rom name="Gold Star screenshot.jpg" size="1130508" crc="ffc8fbb3" md5="497f3eb933dfe088774e71e3c65372a3" sha1="104a2064fb500422626530210d4d6adf4f6501fe" />
		<rom name="Gold Star(PLB)V1.vpt" size="20351488" crc="acd6965c" md5="012fb3e56bb7be8b8190675f5f7bddb3" sha1="4d8b2c20af3ac6b53dcc502820726625f79bc616" />
	</machine>
	<machine name="Grand Tour (Bally)(1964)(Pbecker1946)(1.0)[VP8]">
		<description>Grand Tour (Bally)(1964)(Pbecker1946)(1.0)[VP8]</description>
		<rom name="Commentary.txt" size="5387" crc="d73c4790" md5="e0274f8adea8388cbad08f35fe6de553" sha1="a779468692e9abf78373e81030c3482f7d61f502" />
		<rom name="Flyer.jpg" size="243592" crc="dc9604f5" md5="185ac59a09170b35a0eb32076ead3a18" sha1="c58426b9f2e593999d46690ead5386a2d3e8fcd9" />
		<rom name="GrandTour(PLB)V1.vpt" size="22916608" crc="0c231b73" md5="3f85b72aaf659b55199a4b8ee58facc3" sha1="3c6793c92760ef48b886dee00747ef7184a2439f" />
		<rom name="GrandTourSS.jpg" size="1403116" crc="469ebe9d" md5="b73b6e32600cca6f60b82f2a15eb1728" sha1="407e7a7c03b566216c021cda1cdd8bb18ce689e1" />
	</machine>
	<machine name="Gusher (Williams)(1958)(pbecker1946)(1.0)[VP8]">
		<description>Gusher (Williams)(1958)(pbecker1946)(1.0)[VP8]</description>
		<rom name="Commentary.txt" size="4303" crc="8ddc3f88" md5="73549e8affb723848859c416be8a4cec" sha1="3d32f6f79544ba890177d7b95c3924e3cccdf511" />
		<rom name="Flyer.jpg" size="877018" crc="d19636b7" md5="5aa24261bb57f725bf422362d1148e12" sha1="4bfe33109ffc91f36cc670bd8c04af73891c8b6a" />
		<rom name="Gusher(PLB)V1.vpt" size="25457664" crc="cf22fe55" md5="d768189fa868adecb87cf92efe5f6372" sha1="e64b29be32440c308ca1622bbb8dd917e1d685e5" />
		<rom name="GusherSS.jpg" size="1487554" crc="81343602" md5="5e6931210202d2f71f7fe27876415fc9" sha1="856f2832582403a9bae320fb4ad01b2988a12db5" />
	</machine>
	<machine name="Gypsy Queen (Gottlieb)(1955)(Robair, Furio)(2.92 Deluxe)[VP8]">
		<description>Gypsy Queen (Gottlieb)(1955)(Robair, Furio)(2.92 Deluxe)[VP8]</description>
		<rom name="flyer.jpg" size="1282480" crc="75b75f19" md5="2dbfb0cf49a484a605c7b988fad5d6ad" sha1="d0a5e60755e568e359ebb8852f60932283f0c3ec" />
		<rom name="Gypsy Queen deluxe (Gottlieb 1955) 2.92.vpt" size="3106304" crc="7b3a8a96" md5="179a1a5929ce87bfef1ee669a754121b" sha1="40ade67ef6901c4780bcc994a8f425fdb62646e1" />
		<rom name="lcard.jpg" size="6858" crc="2d582f0d" md5="1d399759125cc34148d66fb997abc4c8" sha1="edbcf67daad249657280e6cbd02baf9126e5912a" />
		<rom name="rcard.jpg" size="10137" crc="f6f031fd" md5="36146790cecee04992adc4b06e8699c8" sha1="2dc63932ed3ef90930b1c4ba7bc81aa53aa9fd92" />
		<rom name="screenshot.jpg" size="193715" crc="33f5b4ec" md5="6d5961e3e038f1f17687b8d4852db7c5" sha1="51e8a2f6cf8a8d69d70e66d070b777a46346ef86" />
	</machine>
	<machine name="Happy Days (Gottlieb)(1952)(pbecker1946)(1.0)[VP8]">
		<description>Happy Days (Gottlieb)(1952)(pbecker1946)(1.0)[VP8]</description>
		<rom name="Commentary.txt" size="3906" crc="9233ce16" md5="8cd3385b4e5dd3d8b21b5ec653ab293c" sha1="fbc404ff24ca964fd00880e3cf5fec830f0b3c15" />
		<rom name="Flyer.jpg" size="189095" crc="8406d143" md5="1e57b0901db0205c4e11fff4eec1abab" sha1="d8e9e52fa430cc98cd65e03cac94e67e34a1ed36" />
		<rom name="HappyDays(PLB)V1.vpt" size="35462656" crc="2130dc66" md5="2af30cf2902e83d0e530993f0e3922f9" sha1="31385f5a9bbc1517a5718660372fba52e1a717ea" />
		<rom name="HappyDaysSS.jpg" size="1343313" crc="d791ab91" md5="c987bf3cfa91b3b969f0bf4f3c876f27" sha1="e4e268223642191cb1c016ef642b9679a51783b7" />
	</machine>
	<machine name="Hi-Lo (Gottlieb)(1969)(Furio, Robair)(4.0)[VP8]">
		<description>Hi-Lo (Gottlieb)(1969)(Furio, Robair)(4.0)[VP8]</description>
		<rom name="Hi-Lo (Gottlieb 1969) 4.0.vpt" size="2594304" crc="573280a2" md5="c13b370891206235407990c9538a06f1" sha1="9db7120f8080c34fe9e3c6d60cfc2469fd5b0488" />
		<rom name="screenshot.jpg" size="189938" crc="7cd5d5d5" md5="5a1555a6635d0910b45d844268f3d265" sha1="decc6487ee8e62f0d544cfb1ae2f240fc1083375" />
	</machine>
	<machine name="Hokus Pokus (Bally)(1976)(Bruno)(2.0)[VP8][Source Bendigo Template]">
		<description>Hokus Pokus (Bally)(1976)(Bruno)(2.0)[VP8][Source Bendigo Template]</description>
		<rom name="annifont.ttf" size="37552" crc="97cd3db4" md5="2c64bb417056f321f9d7e61190e703aa" sha1="b8c3aa7ce4fd927626cb8aa2fa4c985bbef81604" />
		<rom name="fonts___.ttf" size="43156" crc="fb7a253c" md5="e6d009ab2ea3b918df8787768b96293a" sha1="1a06e69889c164de71675ddede2a7442a1328fa2" />
		<rom name="Hokus Pokus-Bally-1975-v2.0.0-4VP8.jpg" size="188905" crc="d199560e" md5="a98314f112b57be5bd3a705be296ef60" sha1="c93031cc795388edf65b3cf017a63b41aa5d5c28" />
		<rom name="Hokus Pokus-Bally-1975-v2.0.0-4VP8.vpt" size="4253184" crc="6a65d6e8" md5="bfd81f06b91730af77e53cc263beb224" sha1="0031b872b2a06028c2d79c797cf9e59b9571724e" />
	</machine>
	<machine name="Jalopy (Williams)(1951)(Duglis)(1.1)[VP8]">
		<description>Jalopy (Williams)(1951)(Duglis)(1.1)[VP8]</description>
		<rom name="1281f1.jpg" size="194332" crc="49ba4c3e" md5="8c70d6b2df5b39ef6f90a6cd8f9ecf48" sha1="cea9c75e1ee8447c377f941c7588ad83c59d6a8e" />
		<rom name="1281f2.jpg" size="164475" crc="a297fb42" md5="fbccc6f975fe26245e2869575a6796ed" sha1="fa23cbaa3fc79971f9572cfc433ae4e1678be8c3" />
		<rom name="1280853665249118823.jpg" size="768305" crc="b286187f" md5="68879f2662140762471df04931ed39c5" sha1="6dd96be3816ed9d784711981101ddd101ad9b5e5" />
		<rom name="image-3.jpg" size="95429" crc="e1396995" md5="aab2b91aa747b2bf4108e3fbfaa30928" sha1="c9b7f40363e8e901781df8d4f7a7ee99fe155e94" />
		<rom name="image-4.jpg" size="57436" crc="b9a7f481" md5="d30d6af7945ef2bc3286f333936e7be2" sha1="7becd93f233df6c89f871b9c6a66d7cf5937b874" />
		<rom name="JALOPY (Williams 1951).vpt" size="19800064" crc="1bb52dd8" md5="1d1bc58a6ffbadeb52a394c65c8f7abf" sha1="57eb406694be86548180d09540d3e2f7b4b00843" />
		<rom name="Jalopy-rules.txt" size="5034" crc="cef916fc" md5="288a92d4e0c0cb36e0f1bf0284654011" sha1="e7adfa65b07df3afca9b7eb12b845b692fbd5a77" />
		<rom name="screenshot.jpg" size="461156" crc="4b561538" md5="797c8997ff5e482a5d2344139d99660d" sha1="996c111a80a9ac3c73ae1688e0857b7c28774c0f" />
	</machine>
	<machine name="Joker (Gottlieb)(1950)(pbecker1946)(1.0)[VP8]">
		<description>Joker (Gottlieb)(1950)(pbecker1946)(1.0)[VP8]</description>
		<rom name="Joker50(PLB)V1.vpt" size="17408000" crc="85f54e56" md5="4adf962c327fc106ececda87370511a4" sha1="a8777789271ecb68a7c66ed2a4f45f329423ca2a" />
		<rom name="JokerSS.jpg" size="1183437" crc="55fa48ed" md5="f8f9e04648ce15a3f843e0f287cf8e77" sha1="2f4a35ca17a5ce92ef1734b2b826690102883440" />
	</machine>
	<machine name="K.C. Jones (Gottlieb)(1949)(pbecker1946)(1.0)[VP8]">
		<description>K.C. Jones (Gottlieb)(1949)(pbecker1946)(1.0)[VP8]</description>
		<rom name="Commentary.txt" size="4562" crc="14863c63" md5="64a50d0a2e0dce4f3612c2bafca4c053" sha1="1a6ad467c78405e45bda7fc62bcfec3875da659f" />
		<rom name="Flyer.jpg" size="342735" crc="56265832" md5="ce9d9e02035b03a606a010fb2741a1c0" sha1="1bd2d6dc0dca44fa3645a4aadc8868e32c342366" />
		<rom name="KCJones(PLB)V1.vpt" size="27905024" crc="6201f2b7" md5="e0d85127482029947b3b05806b944a2e" sha1="44c2826efdce9f46359d7c4b6e1fb3a64270504c" />
		<rom name="KCJonesSS.jpg" size="1330169" crc="32af91cd" md5="227dbceb14409b2a775ffbcb2c865e4e" sha1="065cff61a96f95912759d3f83b3581bf37e34223" />
		<rom name="only known casey jones in train photo.jpg" size="316622" crc="f58f556f" md5="4517e7ad200dc27042b657579aa0eef2" sha1="551285a3e29d3964e36ee2f76bb85f7c71777f8e" />
	</machine>
	<machine name="Kewpie Doll (Gottlieb)(1960)(pbecker1946)(1.0)[VP8]">
		<description>Kewpie Doll (Gottlieb)(1960)(pbecker1946)(1.0)[VP8]</description>
		<rom name="Commentary.txt" size="4859" crc="92eea29f" md5="a0a5d0f30010bd7430ce7577dcebe5bd" sha1="b7bc60d93975d00763f28e094b1331d3d69fb2b7" />
		<rom name="Flyer.jpg" size="741691" crc="86a2f39b" md5="712caf1d3b5a3ec7dbb39239563c8757" sha1="8a13b4e47a954b3c3f8a0d42624877cfad66fb8c" />
		<rom name="KewpieDoll(PLB)V1.vpt" size="25300992" crc="cd75b83b" md5="93b027b1b896276a3561421b407ac898" sha1="99a09960cbb7991d22344a1b3c90a0e55f08d3a1" />
		<rom name="KewpieDollSS.jpg" size="1337390" crc="c21832c3" md5="50cde0ee8426e139239fcd03a70c23ed" sha1="a8a311bfeecd2d1b6127dccb7a7b3cf06069974f" />
	</machine>
	<machine name="King Pin (Williams)(1962)(pbecker1946)(1.0)[VP8]">
		<description>King Pin (Williams)(1962)(pbecker1946)(1.0)[VP8]</description>
		<rom name="Commentary.txt" size="4135" crc="5462735a" md5="e2f128089c0c6795cd7c944d890b9816" sha1="2b2a7c1b7787e7811193bd054d8291877a1844fc" />
		<rom name="Flyer.jpg" size="1308942" crc="4957c1b1" md5="8715a574c8f32c0a2ea952bfecb650f8" sha1="fe4b32e71a191632bd48e272ff06c003dcf0c9cb" />
		<rom name="KingPin62(PLB)V1.vpt" size="20579840" crc="585a0a42" md5="c07e538e716c426eb431f1c3b17daa07" sha1="607c1d42c86b0088c761c712ffa9ccfcf511200e" />
		<rom name="KingPinSS.jpg" size="1234200" crc="960ed84e" md5="7d36999679e9482d553d902681416e42" sha1="a02f4c08f65fb1cf7d03d31e7c026ea15e9075fe" />
	</machine>
	<machine name="Kings (Williams)(1957)(Duglis, Furio)(1.2 Deluxe)[VP8]">
		<description>Kings (Williams)(1957)(Duglis, Furio)(1.2 Deluxe)[VP8]</description>
		<rom name="Approvazione Duglis.txt" size="42" crc="c5888884" md5="48442e2d8438343cc1531b0898cff8b5" sha1="a90ac16068141e59b9a2239cc99542cfa1232db1" />
		<rom name="flyer.jpg" size="1024522" crc="bd85dd35" md5="ceb91e0e9728cc7e92a87cc2746c7250" sha1="624de7f35a3ddf4c4fbaf5e6a1c136fcc317208e" />
		<rom name="Kings deluxe (Williams 1957) 1.2.vpt" size="4701184" crc="d3b999f7" md5="e75411a5be9c93c4f1c58db4b692a25c" sha1="7d50875713d2f1f028be186595a1d4dc7a757e65" />
		<rom name="screenshot.jpg" size="201086" crc="98e6cf77" md5="de1964ae7958bb63b3e996a76dcb4482" sha1="fc1d15f82a6267fb655c398e564e75a04230781d" />
	</machine>
	<machine name="Lady Luck (Recel)(1976)(Eala Dubh Sidhe)(RC1)[VP8]">
		<description>Lady Luck (Recel)(1976)(Eala Dubh Sidhe)(RC1)[VP8]</description>
		<rom name="GOTHIC.ttf" size="61280" crc="f54af41b" md5="8917856b57da55472606a59f43b41588" sha1="035669a8e8a5b486c3300eb9ea7a6672bb7ac331" />
		<rom name="GOTTLIEB.ttf" size="2508" crc="65115886" md5="62b06e1b2029dabfcbec85a9e312bca5" sha1="76f6eede4bd05a0d2418640e3a6224b6ac1aaab9" />
		<rom name="IMPACT.ttf" size="136048" crc="638a4ccc" md5="55672033552559c3a89d999b5badd8c0" sha1="807b5e24d402fcdac6f9e9d97be071285ad27958" />
		<rom name="Lady Luck (Petaco 1976).vpt" size="3231232" crc="96d62c7e" md5="cd7d4b45489923da4e70fca3d6fbd560" sha1="463cebba5853c26a93efefcb35021116ea75dec5" />
		<rom name="Lady Luck table notes.txt" size="1404" crc="b0b02325" md5="89e46c93baefbfc30457d603432bf872" sha1="40c3d6553d13e5dc478e5b355bcc0b4aa80be79c" />
		<rom name="screenshot.jpg" size="505531" crc="2984ef77" md5="3ed157e9a31c43e55b0ce5cb0135aa4f" sha1="9168fa86cf17e6c7248ce19e4cc0743177cf5c12" />
	</machine>
	<machine name="Lancers (Gottlieb)(1961)(Fernando)(2.0)[VP8]">
		<description>Lancers (Gottlieb)(1961)(Fernando)(2.0)[VP8]</description>
		<rom name="Lancers - Gottlieb 1961 (Fernando) V2.vpt" size="6896640" crc="c69eab1f" md5="64657343c20d55bb752ff1e0d9493a6b" sha1="c6af7cdcf1f9eb2bc9d16792b09132c365a6f57e" />
		<rom name="Lancers - Gottlieb 1961 (Fernando).jpg" size="623310" crc="a7269ca9" md5="9656c087d481d618638af588c348be7f" sha1="8ae35882e5a0b8fd08471ddadefa190624e42615" />
	</machine>
	<machine name="Liberty Belle (Gottlieb)(1962)(Patrick)(2.0 bugfix)[VP8]">
		<description>Liberty Belle (Gottlieb)(1962)(Patrick)(2.0 bugfix)[VP8]</description>
		<rom name="Libertybelle1962.vpt" size="1980928" crc="b35051e6" md5="ca822b82af973d9291a0ef9b54694f45" sha1="d191f193f8ac71aa39c50ae92507c00e41d6b7b8" />
		<rom name="screenshot.jpg" size="88810" crc="10b7d13b" md5="c40cb2ba69e3fbaad50d999af50ea094" sha1="ccb252c987869004cab49a09dd79db7c78189c9d" />
	</machine>
	<machine name="Lightning Ball (Gottlieb)(1959)(pbecker1946)(1.0)[VP8]">
		<description>Lightning Ball (Gottlieb)(1959)(pbecker1946)(1.0)[VP8]</description>
		<rom name="Commentary.txt" size="5099" crc="1f16dccd" md5="bf8ad1f7a134264eb60589a938e4ecf3" sha1="bda006781c393d633f809028cd0fb6f56945de8b" />
		<rom name="Flyer.jpg" size="268501" crc="fd02549c" md5="273a7f092698b8637b8bb1a9393af7d9" sha1="03be6c1b67e8eb6ff987f0c6afa9a0e74bf56524" />
		<rom name="LBallss.jpg" size="872171" crc="c519f41d" md5="fe29c187a98612be1811274b544be596" sha1="3e72e19ea1b8f9926dd367c35d16bea4b9f0f45a" />
		<rom name="LightningBall(PLB)V1.vpt" size="32096768" crc="86c6f57e" md5="486e5800f92beac22867720dfa416def" sha1="aadc9b303e61e0921cc14ce160068d7aa3452f62" />
	</machine>
	<machine name="Little Chief (Williams)(1975)(pbecker1946)(1.0)[VP8]">
		<description>Little Chief (Williams)(1975)(pbecker1946)(1.0)[VP8]</description>
		<rom name="Commentary.txt" size="3643" crc="b49d3894" md5="3cce5968926618c44360ac02c75ad519" sha1="88513fccbc75f756e597129e27c008fff4e90bf0" />
		<rom name="Flyer.jpg" size="155298" crc="2c4e6137" md5="0174717145d5eb4b8ec824ac7327ba56" sha1="a25fc3270003fef797f09616aa2b9264409bd450" />
		<rom name="LChiefss.jpg" size="508657" crc="0cecbf07" md5="065d610f0f5982d40e05a0149719cfee" sha1="9d2316194452ecb689b8ae72470054a7b1aff062" />
		<rom name="LittleChief(PLB)V1.vpt" size="20234752" crc="bf8a3c3c" md5="560045a971afe3996d99514aa1f2112f" sha1="b8bd7247c32246f2d1d46c9811a1284129b2b0e7" />
	</machine>
	<machine name="Little Joe (Bally)(1972)(pbecker1946)(1.0([VP8]">
		<description>Little Joe (Bally)(1972)(pbecker1946)(1.0([VP8]</description>
		<rom name="Commentary.txt" size="3773" crc="189456d9" md5="aebc7ca1fcb355dad96e031331b965e5" sha1="096efa5017ca48e1e8b68860cec62715f5f11fcc" />
		<rom name="flyer.jpg" size="1520515" crc="047b8159" md5="bf7e5d2e32f344b1783488f9b21f83fa" sha1="213dcfa3d187315fb8ba32b6ebbaa8c4b74c59e6" />
		<rom name="LittleJoe(PLB)V1.vpt" size="16589312" crc="86bd3640" md5="2ca4c37565c325a150b9734c28f78ebb" sha1="81d455279a90cfb7ada0c8c5f26eb71884cb0a32" />
		<rom name="LittleJoeSS.jpg" size="1120774" crc="d7f6bea8" md5="28bfe8fc737524525e4d3ec57009a486" sha1="8631a9db8775a4cba4f34f77a0e983ba86328bdb" />
	</machine>
	<machine name="Magic (Stern)(1979)(Eala Dubh Sidhe)(1.0)[VP8]">
		<description>Magic (Stern)(1979)(Eala Dubh Sidhe)(1.0)[VP8]</description>
		<rom name="Magic table notes.txt" size="1983" crc="cac24aaa" md5="c063244ee55ccd9b3652e7028cec8f6d" sha1="0c6f36264c32c6c9591290bc9b20dfe5170b4edd" />
		<rom name="Magic.vpt" size="6001152" crc="292a38d0" md5="1ffec4e1e443576dfb445fba29bbdebf" sha1="62b0e639f29db75e31ae7091ee0ed98f2563bcf7" />
		<rom name="screenshot.jpg" size="866077" crc="bc0c002e" md5="2aa4915a0f159fafbb439880ce31c30c" sha1="d0fdf8ce9d74ad31dc296bf696c08135edf70b61" />
	</machine>
	<machine name="Magic City (Williams)(1967)(pbecker1946)(2.0a)[VP8]">
		<description>Magic City (Williams)(1967)(pbecker1946)(2.0a)[VP8]</description>
		<rom name="18_hmY.jpg" size="230919" crc="bc1da301" md5="572e98c826568205ad61735fcb7db619" sha1="546e4ecc29a88668caaf8056961d661604be500b" />
		<rom name="Magic City (Williams 1967) V2a.vpt" size="7287808" crc="1f4153d9" md5="7d69e9fc048ef1b4a49c6f84282dc981" sha1="9372020aeecab48349fcaa3de4d8f4e244e14225" />
	</machine>
	<machine name="Magic Clock (Williams)(1960)(pbecker1946)(1.0)[VP8]">
		<description>Magic Clock (Williams)(1960)(pbecker1946)(1.0)[VP8]</description>
		<rom name="Commentary.txt" size="4416" crc="94757dd0" md5="d7dd51f66894a12f51055a8ce7d5d6c6" sha1="cdc24df40faebfc04edcf585dcdf68c0312ba0b8" />
		<rom name="Flyer.jpg" size="268775" crc="d6fe8b03" md5="852dcad15109fed232a71495495c5a8e" sha1="8dc23c9185b99c34c2ad8e370274e5824cabcdb3" />
		<rom name="Magic Clock screenshot.jpg" size="1318044" crc="66f3c949" md5="bad35610620f0d9924d551d10da8ac5b" sha1="37f258cb805e2bd9062c8a7f1f424841ae9577e3" />
		<rom name="MagicClock60(PLB)V1.vpt" size="21705728" crc="7faaa302" md5="a1eb067583ee74eb007cc70ea118711f" sha1="1e612245005fc75a2cc9942573a65f5643ba7467" />
	</machine>
	<machine name="Masquerade (Gottlieb)(1966)(pbecker1946)(1.0)[VP8]">
		<description>Masquerade (Gottlieb)(1966)(pbecker1946)(1.0)[VP8]</description>
		<rom name="Commentary.txt" size="4782" crc="7df58b55" md5="607cf9362376d0d3364983d06e243c5e" sha1="54ba72bf51e55f221713b50de9742767d6a6691e" />
		<rom name="Flyer.jpg" size="310498" crc="a6a0adda" md5="c906b976706465888e56371a7262578a" sha1="dc47e87b588a7890f8884607e45084cde7c7b27f" />
		<rom name="Masqss1.jpg" size="947019" crc="c1211b91" md5="28a51c8e9e2bce5291292a96973a2535" sha1="2a7d033eef50409e4cf46e3792f3ad3fe111bf2e" />
		<rom name="Masquerade(PLB)V1.vpt" size="22767616" crc="b41092ea" md5="a283e2eb600e1dc91dde674a7d429432" sha1="dbba0e4d8199a0fd34b58dc32a1a6e4f18baf33f" />
	</machine>
	<machine name="Mermaid (Gottlieb)(1951)(pbecker1946)(1.0)[VP8]">
		<description>Mermaid (Gottlieb)(1951)(pbecker1946)(1.0)[VP8]</description>
		<rom name="Commentary.txt" size="3959" crc="d5d8f54a" md5="8c9d49646c5c79c3790507483f24ccef" sha1="f4a629d5fda095b6628a064fed319f36890ba504" />
		<rom name="Flyer.jpg" size="369250" crc="cb06f5c3" md5="b8c2ccbda1e5e6432c7829f8a90aa468" sha1="98fe72007abc4312536d5cb4d9a76e32cef01cab" />
		<rom name="MerMaid(PLB)V1.vpt" size="27371008" crc="b58368ce" md5="abf685fa0fc8b8ceb9c6cca39c5001da" sha1="fa8b52adf7e6d0a58936e2bd024a5ba93759b4dc" />
		<rom name="MermaidSS.jpg" size="1607939" crc="5b7bb73f" md5="e72ba643c4d8a3d5e832ddc9e22a4ee2" sha1="5220616e8e26c82682ea08ab8da2b85fedb2132c" />
	</machine>
	<machine name="Moulin Rouge (Gottlieb)(1965)(pbecker1946)(1.0)[VP8]">
		<description>Moulin Rouge (Gottlieb)(1965)(pbecker1946)(1.0)[VP8]</description>
		<rom name="Commentary.txt" size="4010" crc="d68dfddb" md5="28d02b708b0a1d9e6d6c0abe7768fb75" sha1="1577555743a58a699eda4cc2f511919e194812ea" />
		<rom name="Flyer.jpg" size="1789212" crc="5b81c255" md5="00bfaf256c6b3db6b45b8adc8f08bce9" sha1="1d9772c07437475702aae44914ca32c269ee8120" />
		<rom name="MoulinRouge(PLB)V1.vpt" size="23135744" crc="56749899" md5="36caf1a7a191c768e9e77ace17e2184f" sha1="b50ed870dca0b6c31020194f61e14f91c32746e1" />
		<rom name="MoulinRougeSS.jpg" size="1307735" crc="7e7b2042" md5="5512acd38d57f40ca34cc28181b2aea7" sha1="401d13b89176dcae67e3543d010d817a48845c03" />
	</machine>
	<machine name="Mystic Marvel (Gottlieb)(1954)(pbecker1946)(1.0)[VP8]">
		<description>Mystic Marvel (Gottlieb)(1954)(pbecker1946)(1.0)[VP8]</description>
		<rom name="Commentary.txt" size="4408" crc="d5b7ca79" md5="07c2b05cb33038e6249676056807c56f" sha1="ae2e61107318697807aa6c40ef8444ad71c8332e" />
		<rom name="Flyer.jpg" size="1381731" crc="fb8f2d02" md5="f9e2753faf29da3f8153e6e8b001b419" sha1="57202649143b3611d09b91a3cd67faf39337748a" />
		<rom name="MysticMarvel(PLB)V1.vpt" size="24139264" crc="ccbda75b" md5="8dee63cef9fe6768ef14b9386be66a48" sha1="811720a13a0c73990b7a4aa40683a1e39d594136" />
		<rom name="MysticSS.jpg" size="1521114" crc="b6f2de0d" md5="2e5efcef58bc6d7e37d98a7e12cfe781" sha1="32e44c85a8e5a8540b12e10157363f9c2617f375" />
	</machine>
	<machine name="New World (Playmatic)(1976)(Eala Dubh Sidhe)(RC1)[VP8]">
		<description>New World (Playmatic)(1976)(Eala Dubh Sidhe)(RC1)[VP8]</description>
		<rom name="BEAU__CZ.ttf" size="42292" crc="4183dc01" md5="b89491092357bdfb4b65e36d7ec62bd8" sha1="5c6992c25ac6cb74c12e2ee2ef9b5414081a5dc1" />
		<rom name="flyer.jpg" size="1043938" crc="fcdac52b" md5="9c839d49d05c0983c72514c788049513" sha1="fede35eff45bb797c8dff4c52bee94c4098a3c04" />
		<rom name="GOTHIC.ttf" size="61280" crc="f54af41b" md5="8917856b57da55472606a59f43b41588" sha1="035669a8e8a5b486c3300eb9ea7a6672bb7ac331" />
		<rom name="New World (Playmatic 1976).vpt" size="7264256" crc="f89bce51" md5="b5662bc0ed462682952e9be951568431" sha1="e5bea020328c1a007459c063b04214a12e1621d4" />
		<rom name="New World table notes.txt" size="1804" crc="8f5f7d5c" md5="cecd25d0da03ecee9311f41f6c057796" sha1="128d2b3e1fa9bd7fb1eeb07df6b1c21b6793c722" />
		<rom name="screenshot.jpg" size="504939" crc="c9f39fa0" md5="cf87503015eab49353644caec044e589" sha1="4b7389d8b150611be9ae0dc0b0e5c80814466194" />
	</machine>
	<machine name="Niagara (Gottlieb)(1951)(Furio)(2.1)[VP8]">
		<description>Niagara (Gottlieb)(1951)(Furio)(2.1)[VP8]</description>
		<rom name="Niagara (Gottlieb 1951) 2.1.vpt" size="5195776" crc="e568c20d" md5="8c279510ff51ce3b31ae11b4807ee206" sha1="a2f61215437d8fb3a37aa757fbc8a9b6abf61b68" />
		<rom name="screenshot.jpg" size="176055" crc="48d38bf4" md5="4d7e3586e414c3a8186f78af9e1042e1" sha1="44969310fdd0f764cf1ef55ba1b48ebd3145e0be" />
	</machine>
	<machine name="North Star (Gottlieb)(1964)(pbecker1946)(1.0)[VP8]">
		<description>North Star (Gottlieb)(1964)(pbecker1946)(1.0)[VP8]</description>
		<rom name="Commentary.txt" size="3745" crc="ef36f447" md5="6667d981f606edae26ecab178dc31a8b" sha1="2d8eea8e5c71254645419affe68a02da43c4f076" />
		<rom name="NorthStar(PLB)V1.vpt" size="26058752" crc="c08e30b1" md5="8301b1312604cf422eb19a00389a4ca7" sha1="7680f3c1046782a228906c38b6fff03ba25065db" />
		<rom name="nstarss_C21.jpg" size="1020566" crc="99fb700b" md5="2a88e38957d6890e95fd5149c527cb7f" sha1="ccc77422601bde4d75c4fb91e786a68f6604e67b" />
	</machine>
	<machine name="Palisades (Williams)(1953)(pbecker1946)(1.0)[VP8]">
		<description>Palisades (Williams)(1953)(pbecker1946)(1.0)[VP8]</description>
		<rom name="Commentary.txt" size="4615" crc="483789ca" md5="cae3735c199a31b0370b12df39a3adaf" sha1="50519098a3d941b9614fbbe92471d45d8008b6e6" />
		<rom name="Flyer.jpg" size="232790" crc="284a4535" md5="052574c460d2fa4bc05fea0f3a1385c4" sha1="b072d77709c7b0bf670bf23738bbf7bd825b5ee4" />
		<rom name="Palisades(PLB)V1.vpt" size="18131456" crc="13c60ae8" md5="54f8f41798c48db81bcc2522d0d6fdac" sha1="c8a1ffa8f31079c88721c9d1a7a8482923f9c50e" />
		<rom name="PalisadesSS.jpg" size="1349079" crc="ba72122b" md5="cab732c1fbc60a4e39459c3d7ebd37ea" sha1="de0b607e6b62cb232b01ffbaad6032f428e81dc0" />
	</machine>
	<machine name="Paradise (Gottlieb)(1965)(Bendigo, Furio)(1.0)[VP8]">
		<description>Paradise (Gottlieb)(1965)(Bendigo, Furio)(1.0)[VP8]</description>
		<rom name="Paradise.vpt" size="2404352" crc="bf13d00e" md5="42e8ef46121f8345d0d8d99ca47687c8" sha1="2263004069640e552a8d8d9b03e288a1f1b5b1b0" />
		<rom name="screenshot.jpg" size="237832" crc="34db8697" md5="905821b6046402a508ae702ce8adb219" sha1="9ff5f858b43270e877368053bc8cdde88413c389" />
	</machine>
	<machine name="Peter Pan (Williams)(1955)(pbecker1946)(1.0)[VP8]">
		<description>Peter Pan (Williams)(1955)(pbecker1946)(1.0)[VP8]</description>
		<rom name="Commentary.txt" size="3783" crc="e237b853" md5="27de41ba0e4c12125de972f4e135a1d6" sha1="4da968f446e22461157bc2e97ac7b0e66dd92393" />
		<rom name="Flyer.jpg" size="400892" crc="57771e71" md5="944f5ef23dffdb6e5371db9a402a380d" sha1="717dcbd64908745276133931d654c11ea97b5fe3" />
		<rom name="PeterPan(PLB)V1.vpt" size="25471488" crc="ca891d30" md5="844b022b0df9af60ee849dc1f4b7a399" sha1="853e1ac0718f9f10e42bde2ee9a3b2467b3c3f7b" />
		<rom name="PeterPanSS.jpg" size="1354708" crc="a2450c13" md5="c22b6eb0864cebde1218e51e7917a1e8" sha1="b90e9a8077f25aff8827b37f0cdddce06a937db4" />
	</machine>
	<machine name="Pioneer (Gottlieb)(1976)(AndyPandy)(1.0)[VP8]">
		<description>Pioneer (Gottlieb)(1976)(AndyPandy)(1.0)[VP8]</description>
		<rom name="Pioneer.vpt" size="30338560" crc="52753dfa" md5="f4dfc091cdf772187b889497cac3c034" sha1="03ffc2b9553eaa3cb8d98d8d7c73ade0fdf3c203" />
		<rom name="pioneer_ME9.jpg" size="1055388" crc="fb1b4f9b" md5="0e7c8fdc365e1e82a3983bc64ee3b190" sha1="4f624a1e335795e5aff1c244a083fc8a73a49a30" />
	</machine>
	<machine name="Preview (Gottlieb)(1962)(pbecker1946)(1.0)[VP8]">
		<description>Preview (Gottlieb)(1962)(pbecker1946)(1.0)[VP8]</description>
		<rom name="Commentary.txt" size="3646" crc="d7b5dd0e" md5="f7d701eec7693dba58bfeea67d89075a" sha1="1760b60bf21bd97a21007a0a77de83ce0e5e9abf" />
		<rom name="Flyer.jpg" size="211642" crc="cc8d84a3" md5="f1835211907b6b419d0da6ab07b9fec3" sha1="82139e598a2446499e7d5a8a1a8418ccbadb5427" />
		<rom name="Preview(PLB)V1.vpt" size="21631488" crc="b3435020" md5="449f9ffbb4c17d925e24cbb2c9c7cfbe" sha1="eb7902fb8a0f9fb2bd4feddc03401622eacd2b8f" />
		<rom name="PreviewSS.jpg" size="1427631" crc="52d5ff13" md5="3edc05f35aea8277f87ceba187ce84dc" sha1="94b53a1a355cd6d9d10cc21dec3593792c352c74" />
	</machine>
	<machine name="Quartette (Gottlieb)(1952)(Furio)(2.1)[VP8]">
		<description>Quartette (Gottlieb)(1952)(Furio)(2.1)[VP8]</description>
		<rom name="Quartette (Gottlieb 1952) 2.0.vpt" size="4783104" crc="4293fb50" md5="2e7f0ced4089dba4a94ad36dc3e937e1" sha1="5639b29af60ff6a8bee6f2054bd72169780547d6" />
		<rom name="Quartette (Gottlieb 1952) 2.1.vpt" size="5079040" crc="96e4de31" md5="762d697d737ebf606a9152123bd4c3a1" sha1="7c1d059f7d1f847e8132cc456b6b0e053eaca8ec" />
		<rom name="Quartette flyer.jpg" size="431679" crc="2d026e69" md5="cb624d3e4e0aa8ad06b115c38a24843a" sha1="1c86a36b4069ef07c8ddaf8964999da5278094f3" />
		<rom name="screenshot.jpg" size="197965" crc="9f28b3df" md5="570e9df61b7641beeb04be7d5445158a" sha1="803d7ed93db6a2cf17b0ece3fd8bc2be2bbff749" />
		<rom name="Ss.jpg" size="136924" crc="c4fbc740" md5="2de89213614e668c43b028ad845665aa" sha1="d46311efb7ad4635e97255b76f0fbe891486f515" />
	</machine>
	<machine name="Queen of Hearts (Gottlieb)(1952)(pbecker1946)(1.0)[VP8]">
		<description>Queen of Hearts (Gottlieb)(1952)(pbecker1946)(1.0)[VP8]</description>
		<rom name="Commentary.txt" size="4107" crc="ec39bf1c" md5="26f1ea071daac3fd76606cea00ab9b31" sha1="9cd327e6d59392d61176ecb8159b26b59ba57397" />
		<rom name="Flyer.jpg" size="274247" crc="8c4c51e9" md5="706506feabf7268c640fcbc985b510ba" sha1="b7d2969508a63084cc30fb02348193b38708082b" />
		<rom name="QueenOfHearts(PLB)V1.vpt" size="31059456" crc="2b6e07ec" md5="65147c73c6501452c74ea7fe6a607744" sha1="559d3dbad8477105fe87ee0889259eb990f528d9" />
		<rom name="QueenOfHeartsSS.jpg" size="1464582" crc="ceeb1a39" md5="fbfc5346087cf35f114a9f203b38a5d7" sha1="f4c6fb22e07e32144acd282286b70d7cc51e46c9" />
	</machine>
	<machine name="Race-Way (Midway)(1963)(Romolo)(1.0)[VP811]">
		<description>Race-Way (Midway)(1963)(Romolo)(1.0)[VP811]</description>
		<rom name="Race-Way (1963 Midway) VP 811.jpg" size="137345" crc="a918dbc1" md5="c86d80c9a6757a8cc8b0a1cb96fd8bcc" sha1="b97a8be09c2555319becbc785a6a8491664a6d5c" />
		<rom name="Race-Way (1963 Midway) VP 811.vpt" size="4816896" crc="5c607859" md5="ec9547a8c0490c80e2e87d4e759f02e0" sha1="cd23a8f55083b9bc169f33ccf90fb64b61e09b88" />
	</machine>
	<machine name="Rainbow (Gottlieb)(1956)(pbecker1946)(1.0)[VP8]">
		<description>Rainbow (Gottlieb)(1956)(pbecker1946)(1.0)[VP8]</description>
		<rom name="Commentary.txt" size="3604" crc="763ac97a" md5="ef181efbfaaa7bb1c76ca27cb66f5f1d" sha1="68c97d6c5a450ac2b11e9d4f61abb2510cd6ec26" />
		<rom name="Flyer.jpg" size="269424" crc="fa0ed4d4" md5="d9bae9fd6a159558f2fca103c6a1fa81" sha1="c5608b72069b6fa9c525725e16f6f85fa35d2cfb" />
		<rom name="Rainbow(PLB)V1.vpt" size="22496768" crc="a842c6e3" md5="e201a26e5b23b0ee88edde25561cf801" sha1="8c584e4980957d513fa0b63a1b83bdcb271059c6" />
		<rom name="RainbowSS.jpg" size="1386342" crc="fc5a9877" md5="f591789f3c8d627dff9c81b3cc3f7450" sha1="ac115a59e1c06858876989475e61d91b5b3a7dd0" />
	</machine>
	<machine name="Reno (Williams)(1957)(pbecker1946)(1.0)[VP8]">
		<description>Reno (Williams)(1957)(pbecker1946)(1.0)[VP8]</description>
		<rom name="Commentary.txt" size="4887" crc="19f0a99d" md5="433c757ce40b519c40058e7e9e6f36e4" sha1="95343443615a8e35d2a521d9ed9ff55cbeeb707e" />
		<rom name="Flyer.jpg" size="858066" crc="d85c08dc" md5="a1ad27245884ca52afc22bd1f2544406" sha1="1e5bc4b1abfa99d291982950b9941644a4c3b1a0" />
		<rom name="Reno(PLB)V1.vpt" size="26377216" crc="943fa4ac" md5="381306221672f65863fb3341790f83ee" sha1="7dedc3219dd7e75070f22d265807032633ed0de6" />
		<rom name="RenoSS.jpg" size="1191273" crc="210c828c" md5="ebf24bdc1c07ec82ebcc6d1fa9c9b8b1" sha1="5aa0775dfa9f9ec5aad9362bfe8e334d94b86b02" />
	</machine>
	<machine name="Reserve (Williams)(1961)(Pbecker1946)(1.0)[VP8]">
		<description>Reserve (Williams)(1961)(Pbecker1946)(1.0)[VP8]</description>
		<rom name="Commentary.txt" size="5250" crc="fd4858f1" md5="f5ce68473182c12279077fac9d5bcc3c" sha1="fa03594570c9cf72e6f002750b6418db42773435" />
		<rom name="Flyer.jpg" size="1594522" crc="82c13f50" md5="d7bb20605f7fddabd860e97ee9c0c378" sha1="5c71a5bd77a02cf9095786376a7c3aeca8c943f7" />
		<rom name="Reserve(PLB)V1.vpt" size="27644928" crc="66c70580" md5="05d70fd794e0ad91b132f2bec67d5777" sha1="eba54a8ae52c358831e3895af974dfd9ec289108" />
		<rom name="ReserveSS.jpg" size="1350594" crc="05c21408" md5="621f406e4a7e0132461242bab4aa0215" sha1="e4ff0608533f7e0fca8f6dccffe37c17ae3515d4" />
	</machine>
	<machine name="Rocket (Williams)(1959)(pbecker1946)(1.0)[VP8]">
		<description>Rocket (Williams)(1959)(pbecker1946)(1.0)[VP8]</description>
		<rom name="Commentary.txt" size="3521" crc="b002f8e2" md5="10cae7d2c7f1f1ae5d98756f2f960417" sha1="761afc01e53ae0cc4aa8d5f3455f59bc13feeeb3" />
		<rom name="Flyer.jpg" size="3312662" crc="970acca0" md5="fa7a4859c2a4e5840d0ad7a47eb6e229" sha1="664318a86f22e857a2a2734e4d97cc1f8e5ffa95" />
		<rom name="Rocket59(PLB)V1.vpt" size="21519360" crc="a69c6ec3" md5="276c339b6c144d3076a143b3f439a812" sha1="ef621c030f9f76bce3f8026e2f9ad83f50b3bf2e" />
		<rom name="Rocket59SS.jpg" size="1388494" crc="bfa0a65f" md5="2191ddb23f6bcd0dd3bd9fe6292715be" sha1="54eddd448026ce62340edf3695b5b08a5fcc76db" />
	</machine>
	<machine name="Rocket Ship (Gottlieb)(1958)pbecker1946)(1.0)[VP8]">
		<description>Rocket Ship (Gottlieb)(1958)pbecker1946)(1.0)[VP8]</description>
		<rom name="Commentary.txt" size="3978" crc="4d5b8fe8" md5="03e2c117a46c01a487055b0e294a31bc" sha1="e1be746971a3f17b25d1b20f1953660993024927" />
		<rom name="Flyer.jpg" size="1475627" crc="a516f53c" md5="fd7af569b55d71846a225e7a3a3d8c2b" sha1="816b52f990e150ed8c006a0d06f6c5a99a7d87b7" />
		<rom name="RocketShip58(PLB)V1.vpt" size="21003264" crc="ce240bac" md5="048932f5afcc4cbb44d0cd6ae9a1b322" sha1="135affd13fab39a86c953a6c31607ad4172efb00" />
		<rom name="RocketShipSS.jpg" size="1441945" crc="2d688508" md5="1cc3ab949baf0bdb4c24a5409e50ab3d" sha1="ba256e85906fcb3959af1d7d57c882d1d6ce6d00" />
	</machine>
	<machine name="Rockettes (Gottlieb)(1950)(pbecker1946)(1.0)[VP8]">
		<description>Rockettes (Gottlieb)(1950)(pbecker1946)(1.0)[VP8]</description>
		<rom name="Commentary.txt" size="3729" crc="ff3dd06b" md5="8c737b6541bb850f0c91a7c7fa9cf61e" sha1="3405783178f80bf360467dc1519180e9aff23efd" />
		<rom name="Flyer.jpg" size="1907643" crc="cddafad0" md5="3919de986814d67e2ec2ca93a2ba2374" sha1="ab72423e7f0aef75bcfb0688a3d63554bfe3a712" />
		<rom name="Rockettes(PLB)V1.vpt" size="18322432" crc="94aac912" md5="b415c89c897c6b67d163f7ee3dc1ed5d" sha1="eb3ad58f1c0bf53407f0bed3b8c930222a4c36cb" />
		<rom name="RockettesSS.jpg" size="1331829" crc="fd6437f6" md5="79c13caadf3bd0ecb67cdb7ef188c875" sha1="e7ae162475a0f9f145c054eecfb67bff0ffa0b4b" />
	</machine>
	<machine name="Royal Flush (Gottlieb)(1957)(Furio)(1.2)[VP8]">
		<description>Royal Flush (Gottlieb)(1957)(Furio)(1.2)[VP8]</description>
		<rom name="2034f1.jpg" size="471263" crc="00f0283a" md5="55207af38d378f8ad7628dc812309a88" sha1="4c252effd9fcaa7784eb224b897c6e2679614c8a" />
		<rom name="Royal Flush (Gottlieb 1957) 1.2.vpt" size="3921408" crc="6a10724e" md5="2ffecd2056928e30160838cffe18dff8" sha1="edfe0584e4814661b95f083d9e1bc98f9a52e633" />
		<rom name="Ss.jpg" size="134626" crc="dabe8e82" md5="a728f25630a7608a83878b67b6bc5fb5" sha1="f5dbc04c6eb05b238b802e75c38c5581e2c1ed85" />
	</machine>
	<machine name="San Francisco (Williams)(1964)(pbecker1946)(1.0)[VP8]">
		<description>San Francisco (Williams)(1964)(pbecker1946)(1.0)[VP8]</description>
		<rom name="SanFrancisco(PLB)V1.vpt" size="22514688" crc="2a0f4d91" md5="e7674319275c247edd0507684bed441f" sha1="daca5037b698a81b190f1f49bdeaacd30ced364d" />
		<rom name="SanFranciscoSS.jpg" size="1337375" crc="3a25903e" md5="3b09bc3ecc24b6b666f5c93031042459" sha1="79720054e607f69e8c0966355d1dda3ac20eeb8f" />
	</machine>
	<machine name="Sea Wolf (Williams)(1959)(pbecker1946)(1.0)[VP8]">
		<description>Sea Wolf (Williams)(1959)(pbecker1946)(1.0)[VP8]</description>
		<rom name="Commentary.txt" size="4568" crc="449e58ec" md5="7493b4699b60b11794cded45d7c1a496" sha1="f0fbd4ee97616fe8f2c5c54e2cc3c10650676213" />
		<rom name="Seawolf Flyer.jpg" size="311069" crc="144bf343" md5="a90108bd9f8baf5a354ac39613a3c91b" sha1="b3ee360817276fa23fed09bcac7f42c0054365c1" />
		<rom name="SeaWolf(PLB)V1.vpt" size="29871616" crc="7a66bb73" md5="a67094300a7e4c90d54da96ce5f195dc" sha1="7373a4037aab6d3781e6973bb5456d75131b7c9e" />
		<rom name="SeaWolfss.jpg" size="703342" crc="0a63f81d" md5="860fbc0be57ab6f1b49c09084d7fb68f" sha1="00ce37405ee10467a13e8fb0b00509bc04124952" />
	</machine>
	<machine name="Shamrock (Inder)(1977)(Shamrock)(1.2)[VP8]">
		<description>Shamrock (Inder)(1977)(Shamrock)(1.2)[VP8]</description>
		<rom name="flyer 1.jpg" size="1040408" crc="4156c0e3" md5="bda7768153c367626d677135a7690d14" sha1="cd94668210711181a1dbdb0bddb6b0c8edfc429a" />
		<rom name="flyer 2.jpg" size="1077239" crc="64c61d52" md5="a8e3639e0a3de85ae08f852884f917d0" sha1="c7a807446b823397341f61e6a240e5d9bd2da748" />
		<rom name="screenshot.jpg" size="191011" crc="8af32170" md5="d1e6121d0a057950b4446992e8ef3e9e" sha1="bea1340dc114efb6a5c4ebe1bfebce7a60dcca0f" />
		<rom name="shamrock_2.vpt" size="4770304" crc="87842cdd" md5="b806a9a6b52c5895308c6ddaf7053402" sha1="3e39395749890e085481cae754e2a3e5f4ed5f4f" />
	</machine>
	<machine name="Sharpshooter (Gottlieb)(1949)(pbecker1946)(1.0)[VP8]">
		<description>Sharpshooter (Gottlieb)(1949)(pbecker1946)(1.0)[VP8]</description>
		<rom name="Commentary.txt" size="4668" crc="4befee92" md5="6b22babec9854d847e4c7f1893e1b1fe" sha1="b0d0e11b261c01f2ee63c3e99c36805f7ca6d4da" />
		<rom name="SharpShooter49(PLB)V1.vpt" size="25354240" crc="f95db09d" md5="f2f0eb00a2e5ff1c44b6f69f134a8ccd" sha1="0ed4f6d429d72f5f0d885fa85acf286fdaed93d4" />
		<rom name="sharpshooter-1949-f-1.jpg" size="1505715" crc="8c3e199f" md5="79f0ea321b4c2b26e29b01def365cc36" sha1="8bdc0fcd31becb4e712752f750965b074d50e681" />
		<rom name="SharpShooterSS.jpg" size="1363026" crc="ad4763f8" md5="83a862dcc667ebef1dfe304e628eed12" sha1="8e63b720a8bc55e94d88458f1b2e8c50df599646" />
	</machine>
	<machine name="Ship-Mates (Gottlieb)(1964)(Furio)(1.81 Deluxe)[VP8]">
		<description>Ship-Mates (Gottlieb)(1964)(Furio)(1.81 Deluxe)[VP8]</description>
		<rom name="Ship-Mates deluxe (Gottlieb 1964) 1.8.vpt" size="4062208" crc="df8fb523" md5="79ea81873e10ef6a556269ffc94a39f2" sha1="908155ba6ae138fe81eb9a958bb0decfd4773da8" />
		<rom name="Ship-Mates deluxe (Gottlieb 1964) 1.81.vpt" size="4063232" crc="cd18956c" md5="af2e7933fd4540d71580d6eba5fd7b1d" sha1="4ca5e678532736e2d4ba199f7cfc0416f6863ad3" />
		<rom name="Ship-Mates flyer.jpg" size="422611" crc="bf945abb" md5="4b14115f5608aa77640b6f25320d7ee4" sha1="1b8680174ea39fa674dabdf5e0f9b3e299ffec0a" />
		<rom name="Ss.jpg" size="124037" crc="43d1c743" md5="fd9b28d96be03cd9e97f994bd524e5e3" sha1="ff9932a7b1fd419cffdf0398b7a4e8d0a3bd735f" />
	</machine>
	<machine name="Show Boat (Genco)(1957)(Furio)(1.3)[VP8]">
		<description>Show Boat (Genco)(1957)(Furio)(1.3)[VP8]</description>
		<rom name="flyer.jpg" size="132833" crc="7ab2b751" md5="2f1c7850a922ecbf9bb7b124bcc94d99" sha1="5c758ebcf407cb4c819fff919f6bc53985514c38" />
		<rom name="Show Boat (Genco 1957) 1.3.vpt" size="4057600" crc="cfe84437" md5="f73a4705060fcad7015accc855281092" sha1="4d4767038017b8834ffbc97e509fcf875fee4eee" />
		<rom name="Ss.jpg" size="127888" crc="dc0c9e81" md5="c3e3d206ac24165707395c797016563f" sha1="af7714c1981ce089384e292e3590d07f4e7b7468" />
	</machine>
	<machine name="Silver (Gottlieb)(1957)(Furio)(1.1)[VP8]">
		<description>Silver (Gottlieb)(1957)(Furio)(1.1)[VP8]</description>
		<rom name="screenshot.jpg" size="130014" crc="43cda5aa" md5="634f562f7f7e71fc5a43d84f9e4c40a5" sha1="7716962483f0d9bb028faab6b1a18b6effb2a669" />
		<rom name="Silver (Gottlieb 1957) 1.1.vpt" size="3562496" crc="7230f997" md5="c38159d34a7c41a3c40cd66b74375729" sha1="6a27959677f814d40ab19b2dba8630813895c3dc" />
	</machine>
	<machine name="Silver (Gottlieb)(1957)(pbecker1946)(1.0)[VP8]">
		<description>Silver (Gottlieb)(1957)(pbecker1946)(1.0)[VP8]</description>
		<rom name="Commentary.txt" size="3890" crc="2cda4fca" md5="514d61b7ee69238e0f0c1848eff33ff2" sha1="a86c1e60ebe627771d61726fa3f17a4dc513bafd" />
		<rom name="Flyer.jpg" size="210203" crc="1c475d97" md5="507730ebbb35bb59a4490df6f0b44644" sha1="2c819c6592c06c14c26d625027b411935f4f36f4" />
		<rom name="Silver(PLB)V1.vpt" size="31646208" crc="8cb2199a" md5="56aa9ed07d93030b61c46fa0adf695aa" sha1="5ed9e4fb7a224b77ad1a387345f08805164e370f" />
		<rom name="SilverSS.jpg" size="971911" crc="e5a119e9" md5="0aab30433d869cf50fc9c28e76563ce6" sha1="e726adbcdf38293ee01c25cdd092e11e1f45fbd9" />
	</machine>
	<machine name="Sky-Line (Gottlieb)(1965)(pbecker1946)(1.1)[VP8]">
		<description>Sky-Line (Gottlieb)(1965)(pbecker1946)(1.1)[VP8]</description>
		<rom name="Commentary.txt" size="3527" crc="44b2b028" md5="4dadba4353e41bbc7edfc0476744254b" sha1="9f33720f3af08598958493e934a98f76bf7504c6" />
		<rom name="Sky-Line(PLB)V1.vpt" size="23345664" crc="33f50521" md5="127d91dc5100e7391e6d1c69be6f0d39" sha1="e1ad6daac7c545b29f8863d0148944331f4f4edb" />
		<rom name="SKYLss.jpg" size="951707" crc="42b776fc" md5="0e6bf6444707a7c0638f7e4ef708aa51" sha1="31750ea92ac3e95c837e3bfaf7ad6a933f2048f2" />
	</machine>
	<machine name="Skyway (Williams)(1954)(pbecker1946)(1.0)[VP8]">
		<description>Skyway (Williams)(1954)(pbecker1946)(1.0)[VP8]</description>
		<rom name="Commentary.txt" size="5597" crc="4adac536" md5="3ef85641afe9b3ff2b5edee1b8d33a08" sha1="7587037083ede46b7bc1bcbbd46eac482eee4cea" />
		<rom name="Flyer.jpg" size="1100123" crc="f3b119c1" md5="2cbf0f330a7b11b3e65a284df1f0e522" sha1="34ace9c95cdab2371d0d41cd3d542202b441ee40" />
		<rom name="SkyWay(PLB)V1.vpt" size="25549824" crc="80c1d3c4" md5="69f51273130bd795e161fbed07591235" sha1="38953c25ab7ea88b6eb6644e1976a1d7a9dc1ad6" />
		<rom name="SkyWayss.jpg" size="866192" crc="57fe5e83" md5="eb0148052df5767ac369f595b162fa1d" sha1="c4d14c381faab091b7366fce23fc22f273807df1" />
	</machine>
	<machine name="Smarty (Williams)(1968)(Emkaah)(2.1)[VP8]">
		<description>Smarty (Williams)(1968)(Emkaah)(2.1)[VP8]</description>
		<rom name="flyer.jpg" size="1024819" crc="d3905c8c" md5="3a92604323c713a4055d901f602d3fdf" sha1="c5d45f21416d2f73c26df2eccf02bc637f1522df" />
		<rom name="screenshot.jpg" size="80492" crc="45ac0e60" md5="722ffad8787e394b3aae4fd146b8a76e" sha1="4f9c8b6ab234c03aac45697cb1cdf2166ab8d41d" />
		<rom name="Smarty(1968)v21.vpt" size="3529216" crc="9649796f" md5="9f1a55c6723d80310223f8a52759cd56" sha1="7de843e29a4021d210cc7a26ce653eb99fad4958" />
	</machine>
	<machine name="Soccer (Williams)(1964)(pbecker1946)(1.0)[VP8]">
		<description>Soccer (Williams)(1964)(pbecker1946)(1.0)[VP8]</description>
		<rom name="Commentary.txt" size="3639" crc="ed2e8601" md5="bc0d3309dc40ae97baa0c346616e7ba2" sha1="32c25e6305cd058ec519e313b83be34e89df3fb3" />
		<rom name="Flyer.jpg" size="184709" crc="77c9f76b" md5="89edfbd3e9c8b3baf68b61dcaefdfafd" sha1="aee08871638d111c8100c26bd3bf49a3b8375358" />
		<rom name="Soccer(PLB)V1.vpt" size="24093696" crc="828b91e6" md5="2dff5ddded2be6374a29a14632951efb" sha1="0ae1e40a9191cbbe246f216616b97ca5fb552f83" />
		<rom name="SoccerSS.jpg" size="1264933" crc="479e811d" md5="c73b8b3f9a4c48d75120fe8510a616d8" sha1="043b6226e22030ef88eed43948c9686888808fff" />
	</machine>
	<machine name="Soccer Kings (Zaccaria)(1982)(Eala Dubh Sidhe)(RC1)[VP8]">
		<description>Soccer Kings (Zaccaria)(1982)(Eala Dubh Sidhe)(RC1)[VP8]</description>
		<rom name="BIMINI__.ttf" size="40484" crc="b34189b0" md5="66ba22f8801ef7bd70f847e8a384a7d0" sha1="c7dcd88c080b01cdc3c1eed417a2ee3a1e084b76" />
		<rom name="COOLVETI.ttf" size="42204" crc="3f6a49e4" md5="c92a76c78cce1709863e6007a1e6e8e8" sha1="f17ee19d6c4dee1194c25215d3c5f34c8d6524b0" />
		<rom name="Cupertnn.ttf" size="43752" crc="d8173fcd" md5="23d3447af31d643392366c18bebf7838" sha1="a99ff0d15e956800d929c5ca918d9df7167ec751" />
		<rom name="PLACCOND.ttf" size="35328" crc="799470fc" md5="7b323b28e211471e522afb033f9abe1c" sha1="5aa558d46ae45b7dc5dfef7fcdae86412fb39b21" />
		<rom name="screenshot.jpg" size="243441" crc="e22bbbb0" md5="4019ac4aa33918a40122a37fb19cce2d" sha1="70262cb9a66412e6a6b6e1f2678066216cf545ec" />
		<rom name="Soccer Kings (Zaccaria 1982).vpt" size="6731264" crc="2432353f" md5="d81a193240c985ffbe3bfda1c12c4b97" sha1="127000c4ba6a65ce367affe94a42e4acf57e1282" />
		<rom name="Soccer Kings notes.txt" size="3337" crc="8056390c" md5="31c4abe2794ebcba6c3ecc30217650ab" sha1="c64082f9798fd7eec21a6223b03d57e25eb69721" />
		<rom name="TRANA___.ttf" size="58232" crc="a65607b4" md5="66dc9095c3f6fb48dbe4874d7304ca47" sha1="f89519a6452ebc2bcaf130fd136bcfcc59b28fa6" />
	</machine>
	<machine name="Space Mission (Williams)(1976)(pbecker1946)(1.0)[VP8]">
		<description>Space Mission (Williams)(1976)(pbecker1946)(1.0)[VP8]</description>
		<rom name="Commentary.txt" size="3659" crc="267f8010" md5="731ea8ec31e1f7b7115a1da8158c0182" sha1="811ef9e467ad0c301cf8623955eea52cb65055fd" />
		<rom name="Flyer.jpg" size="648483" crc="027f997a" md5="b2e84d3b2b771277716fa99f4a9ef36e" sha1="bff5b81e67d65d2dc380f69486c3745d799a44cc" />
		<rom name="McCall Painting.jpg" size="167997" crc="9febe38e" md5="3cec5f01f19b6a8d84a8098ceb6b0a35" sha1="1624009f42bf440978a2671714f5234a8dc22e06" />
		<rom name="SpaceMission(PLB)V1.vpt" size="21900800" crc="3898a2e4" md5="63435e95a6ec4d7212c9f9585d3e129a" sha1="e51cc1fc44f4226acdfe371d36de083887b013cd" />
		<rom name="SpaceMissionSS.jpg" size="982008" crc="3dbe401a" md5="8313775935a196e03c4ad3c63f36f11d" sha1="c4f4953eaebaffa7c620a5102f4ea115a4e89a8c" />
	</machine>
	<machine name="Space Ship (Williams)(1961)(pbecker1946)(1.0)[VP8]">
		<description>Space Ship (Williams)(1961)(pbecker1946)(1.0)[VP8]</description>
		<rom name="Commentary.txt" size="3486" crc="837aef1d" md5="337abcdd032453d8acd562309f423e75" sha1="69487a32222973a0ef5648f9cf3a667e6bfd87f8" />
		<rom name="space_ship-1961-f-1.jpg" size="1563230" crc="34b04359" md5="9921db3051708c15c2c66822ee3063ec" sha1="a0b8293081c9321594b9535cec31680ebdf7c3a2" />
		<rom name="SpaceShip(PLB)V1.vpt" size="22189568" crc="b7718ed3" md5="0081a96231133d5bbdc4355c3142f0eb" sha1="131ed174e1e5cd7a157362dcb70d451783b50fb9" />
		<rom name="SpaceShipSS.jpg" size="1449418" crc="d603ccbe" md5="eface60097400c7fd9cbe1ca2e0e4471" sha1="3e7c7c5b43a45e22affe8ccb37fa9c200a8894ab" />
	</machine>
	<machine name="SpeedWay (Williams)(1948)(pbecker1946)(1.0)[VP8]">
		<description>SpeedWay (Williams)(1948)(pbecker1946)(1.0)[VP8]</description>
		<rom name="Commentary.txt" size="4114" crc="75b6ccae" md5="b81f83a360dd87e8e179b0cf58ac0d9a" sha1="f9ee3c4d9b41ecdcd278542df2da549332e43f6c" />
		<rom name="Flyer.jpg" size="83476" crc="ceedad0c" md5="01bfaff4e0e32bf790bfc132383b738b" sha1="93c6d55b265efbce40cc0807108be1fd1447601d" />
		<rom name="Speedway48(PLB)V1.vpt" size="24759808" crc="453a0986" md5="c28242ca904bf179a16e85e4558e73c5" sha1="76c2941b9e51e92999a9da2ceb0a1d7adeb0a697" />
		<rom name="SpeedWay48SS.jpg" size="1227741" crc="540ee0e7" md5="6cef02f49d95b4cda1c3dd9eee5d09bf" sha1="949e9c240bb4b52fabb806c8ca9481e1ce876c4b" />
	</machine>
	<machine name="Spitfire (Williams)(1954)(Marc Bouchard)(1.0)[VP8]">
		<description>Spitfire (Williams)(1954)(Marc Bouchard)(1.0)[VP8]</description>
		<rom name="spitfire.jpg" size="349336" crc="30dca0b4" md5="26368f3ddac3a5007df95e3f2067ef0c" sha1="7b24fe2ba34da33796e8303a2cf0e04fea7c4268" />
		<rom name="spitfire.vpt" size="3189760" crc="458eeac6" md5="ef1bf9259ae690d82c83a530a2901390" sha1="05808a7c65864b2eec58478dcc8a0249009f1954" />
		<rom name="spitfireflyer.jpg" size="803042" crc="376421b6" md5="a08f0b6e2963646359df659f22b8043f" sha1="645f32b4af247b895b3490e98ce59cb7b73cd120" />
	</machine>
	<machine name="Spitfire (Williams)(1954)(pbecker1946)(1.0)[VP8]">
		<description>Spitfire (Williams)(1954)(pbecker1946)(1.0)[VP8]</description>
		<rom name="Commentary.txt" size="3989" crc="581ddfef" md5="69436354fc78f0cfca165e90273d169f" sha1="a1a8c11798370b5d5c91a541186202b7684a2c3a" />
		<rom name="Flyer.jpg" size="186917" crc="78c878fe" md5="daffad9af4c709df2c15abd2227fd07a" sha1="f0d8b69c82754bce8c4f10d517ee2262db5ad539" />
		<rom name="SpitFire(PLB)V1.vpt" size="26031104" crc="07667de9" md5="91098a4eee96cf2faa04f44cf02e5b37" sha1="4df818971f10de2ef06db580714264f43adcfa93" />
		<rom name="SpitfireSS.jpg" size="1330080" crc="63c86dc0" md5="039265e01362c64e9f632103d2f78be1" sha1="aaf27a0c6c8658495999af40c01ed6cc5c7526a5" />
	</machine>
	<machine name="Spot Bowler (Gottlieb)(1950)(Pbecker1946)(1.0)[VP8]">
		<description>Spot Bowler (Gottlieb)(1950)(Pbecker1946)(1.0)[VP8]</description>
		<rom name="Commentary.txt" size="4721" crc="f4e1e71a" md5="f93dc8bff4d172d157dfc4c1e9c747cb" sha1="483df5551b3c06187cd584552b9638217576eea0" />
		<rom name="Flyer.jpg" size="260330" crc="5b079c45" md5="6c68bfacf77d8cbc434ebc57037bde60" sha1="49e1fe24b5f888c639cc1ecffded57b18bda4531" />
		<rom name="SpotBowler(PLB)V1.vpt" size="29371392" crc="04550570" md5="e864341840eb838143d40bbdd05784ba" sha1="d88fb1492c7a642a830c99ebb84966592fcf8575" />
		<rom name="SpotBowlerSS.jpg" size="1306598" crc="5387f793" md5="d28921498a470c2b1df3b513c42039eb" sha1="d9390ae9f8fb42a31bb80e64f0b7812868e1773f" />
	</machine>
	<machine name="Strato-Flite (Williams)(1974)(pbecker1946)(1.0)[VP8]">
		<description>Strato-Flite (Williams)(1974)(pbecker1946)(1.0)[VP8]</description>
		<rom name="Commentary.txt" size="4376" crc="ca6b3f8c" md5="3b8fa862150a8a08a28c204deada09ae" sha1="40e002a3f15abb59b489951f3298788e5a761c45" />
		<rom name="Flyer.jpg" size="528159" crc="b7d90b3e" md5="57109e366d56a97268aa0d2642073316" sha1="28dee3d4196dae78eae067d15043fef432df8eec" />
		<rom name="StratoFlite(PLB)V1.vpt" size="20045824" crc="35a2606d" md5="cbcbba9632733b8f08eaad3851c79dd3" sha1="b38c9ccf17be7aee9f0274caae32de58230e3326" />
		<rom name="Stratoss.jpg" size="1215250" crc="80e5cd5e" md5="3592aa75938d563404451eabb8ed6cab" sha1="0fc7105aad55cca659ca64cd21174bc88d2e3552" />
	</machine>
	<machine name="Struggle Buggies (Williams)(1953)(Duglis)(1.0)[VP8]">
		<description>Struggle Buggies (Williams)(1953)(Duglis)(1.0)[VP8]</description>
		<rom name="Struggle Buggies (Williams 1953).vpt" size="1595904" crc="a7cc4640" md5="7423896452b2424180ad24430189ea25" sha1="a8acd43e02a1d40f55971f543194369c7b59a517" />
		<rom name="struggle-buggies-rules.txt" size="2148" crc="9aebe641" md5="c860b2a54b73e9d71f84a51076367cde" sha1="a2e0afa16ef58685acb56312e00ec478a1c0b51b" />
		<rom name="strugglebuggies-flyer.jpg" size="110383" crc="aced491f" md5="ac4671e83162717a02751d16c0dcdd0d" sha1="04084f3643128b50eb1c75cb3269852aa4a688c0" />
	</machine>
	<machine name="Struggle Buggies (Williams)(1953)(Duglis, Furio)(1.11 Deluxe)[VP8]">
		<description>Struggle Buggies (Williams)(1953)(Duglis, Furio)(1.11 Deluxe)[VP8]</description>
		<rom name="screenshot.jpg" size="197798" crc="21d01fc9" md5="ce8fe499658ad129383743c78f5ea058" sha1="b4d165ed44e02cabb916664e510e3019322b402a" />
		<rom name="Struggle Buggies deluxe (Williams 1953) 1.11.vpt" size="2958848" crc="44ff802b" md5="f443825732a8cca6b414b73874a3805f" sha1="49b49e953dea4cf9430b228f88645e41b0c37874" />
		<rom name="struggle buggies-flyer.jpg" size="110383" crc="aced491f" md5="ac4671e83162717a02751d16c0dcdd0d" sha1="04084f3643128b50eb1c75cb3269852aa4a688c0" />
	</machine>
	<machine name="Student Prince (Williams)(1968)(pbecker1946)(1.0)[VP8]">
		<description>Student Prince (Williams)(1968)(pbecker1946)(1.0)[VP8]</description>
		<rom name="Commentary.txt" size="3293" crc="67fcf1e0" md5="4b33697fa5c2dcdb07e9c38476950bc2" sha1="0d82550ff5f15d70d8da5db315981ccf0319f109" />
		<rom name="Flyer.jpg" size="471026" crc="327caf30" md5="4c349aae2f0146a11e8b2a7ae9a8b1ac" sha1="29d37077d957065ea334ebfbef0bd764bfe0cf6b" />
		<rom name="StudentPrince(PLB)V1.vpt" size="19597824" crc="a89e7e3c" md5="d1e229fe549b3d67b4dd387fe4c95bd2" sha1="6ddd4840f354fada03a45c7638742dc98ea04546" />
		<rom name="StudentPrinceSS.jpg" size="1071375" crc="8e7282b0" md5="fa774be4c3d9c7f3317136bec60654bc" sha1="e9f791f116eb45dae5f7aa4c8a78c65006cef3d8" />
	</machine>
	<machine name="Sunny (Williams)(1947)(Pbecker1946)(1.0)[VP8]">
		<description>Sunny (Williams)(1947)(Pbecker1946)(1.0)[VP8]</description>
		<rom name="Commentary.txt" size="5944" crc="b777c08e" md5="7e5f0204ac5f5655f3de16ef4007b375" sha1="180ae11c5cfbb7172dd1894858051b55ac14cedf" />
		<rom name="Flyer.jpg" size="81558" crc="32a96b8e" md5="5582c46fc4921d9b18e65edb5b50e0ec" sha1="c44b4ecae868925f3eee555a4436fb6381513803" />
		<rom name="Sunny47(PLB)V1.vpt" size="24967168" crc="5e77c883" md5="cb45ec214deaf4c365a0868ad7d5233c" sha1="b59b797ed249bfdf3bc539d010869617056d0d19" />
		<rom name="Sunny Drawing.jpg" size="475345" crc="1c57b6a8" md5="158db20c957b45a20a030be40a99aeda" sha1="4ec97da664cf4426ae03509e4104266c88806772" />
		<rom name="SunnySS.jpg" size="1299519" crc="c2989baf" md5="f030ffee814be24150664c94be9dfb5f" sha1="32808681204edd038cf7bb0ecfd9b4ccd11ba764" />
	</machine>
	<machine name="Sweet Hearts (Gottlieb)(1963)(pbecker1946)(1.0)[VP8]">
		<description>Sweet Hearts (Gottlieb)(1963)(pbecker1946)(1.0)[VP8]</description>
		<rom name="Commentary.txt" size="3409" crc="c6f10d04" md5="bda2fcef3924b6ac72f0bdf404753883" sha1="a8ae43a2ee047d244fc328bef40e4fd43f188ec2" />
		<rom name="Flyer.jpg" size="234133" crc="a674314d" md5="9d95a0ca56cde020f067bdb62ccf58f9" sha1="2c86a16e7dad467ab42090e3e92aac5ee4c9d38c" />
		<rom name="SweetHearts(PLB)V1.vpt" size="20036608" crc="d922085a" md5="1389c59aaa136281afc3866b60998c19" sha1="a2fdb3d0c355dc56067bfb3efb190d470dbd5fe2" />
		<rom name="SweetHeartsSS.jpg" size="1516923" crc="f92a4f76" md5="5d90a593ce328f6599fe1eb4fe40cf94" sha1="caf040e1c97c360894b2372120696994f5b604f4" />
	</machine>
	<machine name="Swing Along (Gottlieb)(1963)(Bruno)(1.0)[VP8]">
		<description>Swing Along (Gottlieb)(1963)(Bruno)(1.0)[VP8]</description>
		<rom name="flyer.jpg" size="1589290" crc="f1d18bb0" md5="3542cc038841e5ddae93978e8a48715f" sha1="6b77b5a1ee6a0a8799e7856b6f5b5734ac0effbf" />
		<rom name="Swing Along-Gottlieb-1963-vp8-R1.0.0.jpg" size="561125" crc="1c5eaee3" md5="ade357c9ef607d2db37106da1027b55c" sha1="691fc4824ff4c2c872eb542d93f7502994ca78b9" />
		<rom name="SWING ALONG-GOTTLIEB-1963-VP8-R1.00.vpt" size="6004736" crc="3f3ba86a" md5="9a264931136e0804db5a5ac27a8b9acc" sha1="7171baabc311385e842dcd8673683739edbed382" />
	</machine>
	<machine name="T.K.O. (Gottlieb)(1979)(pbecker1946)(1.0)[VP8]">
		<description>T.K.O. (Gottlieb)(1979)(pbecker1946)(1.0)[VP8]</description>
		<rom name="Commentary.txt" size="4446" crc="c3bcc7be" md5="b8825640865484ed77d80927ec7a8f86" sha1="be145532bf1e07287e52e34b66016d256183f4ca" />
		<rom name="TKO(PLB)V1.vpt" size="21683712" crc="da8d0941" md5="da06c2b4aa12aed598896075162d3859" sha1="b7cca559e2e00e948b9e756c4b611e6658b798a8" />
		<rom name="TKOSS.jpg" size="1189550" crc="87ba3f54" md5="598aae521ffe90b30edc95374162ea3f" sha1="2c1dfdc97ba2075d97e65bd8757045a05fbb3617" />
	</machine>
	<machine name="Teacher's Pet (Williams)(1965)(pbecker1946)(1.0)[VP8]">
		<description>Teacher's Pet (Williams)(1965)(pbecker1946)(1.0)[VP8]</description>
		<rom name="Commentary.txt" size="4604" crc="efd0a08f" md5="dfc3c0e3367315e382a54be2a7a362f2" sha1="01f152a4856a997b5ca38612ef888fd6f404b5cf" />
		<rom name="Flyer.jpg" size="277549" crc="955afbcd" md5="911bca29e41776671ac6f07a3ccb1492" sha1="8a4adbe92f6b27f56910ecc40f911d5d3fbc06d8" />
		<rom name="TeachersPet(PLB)V1.vpt" size="19918848" crc="4337094f" md5="b01845f309d405842e1ac11f07a238bc" sha1="275ec7618d8ddbbb21b790232468ac4ad1f35e18" />
		<rom name="TeachersPetSS.jpg" size="1186267" crc="1c2f9527" md5="4005d8b8a42d6d7f2b59d744cb55f8d9" sha1="2f436be589d4c2d9c66cd668229b105895b2c17e" />
	</machine>
	<machine name="Telecard (Gottlieb)(1949)(pbecker1946)(1.0)[VP8]">
		<description>Telecard (Gottlieb)(1949)(pbecker1946)(1.0)[VP8]</description>
		<rom name="Commentary.txt" size="4693" crc="4b8c4a6c" md5="8e134eb9fc9ea6b17cd795ce26361ca8" sha1="9267f4733cd1c5d5f956f2601c6eca7683570b6e" />
		<rom name="Flyer.jpg" size="815536" crc="1546b2d6" md5="d7558170bb7c6b8c9bd686bd32eec1d5" sha1="02e4804d3357173ca8314fad64c7a976671e876f" />
		<rom name="TeleCard(PLB)V1.vpt" size="30455808" crc="5477fef9" md5="85b245a3b69e3a073719026610d0315f" sha1="a228988bbee2870b176b2088ee8705be9adb3b42" />
		<rom name="TeleSS.jpg" size="1409437" crc="7b362472" md5="190bc56a7eb0e8ec7b92a29aaf3fda3d" sha1="ae397150f8a6e1aadf163b0f43ad739991ffd5f7" />
	</machine>
	<machine name="Ten Spot (Williams)(1961)[pbecker1946)(1.0)[VP8]">
		<description>Ten Spot (Williams)(1961)[pbecker1946)(1.0)[VP8]</description>
		<rom name="Commentary.txt" size="4150" crc="d03296fb" md5="48756e3f4b5042f4614cd0f805987bb0" sha1="c43585f6209305d68de38f884121a51d58e36dc2" />
		<rom name="Flyer1.jpg" size="130204" crc="13f44e99" md5="260a4eb0a3894e22c0c4bc703a4b3d10" sha1="d58fdf7a58f9bb63e6bb9e600a2c7e163c2e28c7" />
		<rom name="TenSpot(PLB)V1.vpt" size="26697216" crc="3127d68c" md5="7148f6179293de433149ff36c2ac43f6" sha1="670fe4d3452b0451c10c8b2a72b81d87cb638b0c" />
		<rom name="TenSpotSS.jpg" size="1392627" crc="1f33017d" md5="10be8632b6ba69231e8ed92c9750c9e8" sha1="2b0b9787e6c75a92999e77f8ae6748629b1306a7" />
	</machine>
	<machine name="The Pinball Circus (Midway)(1994)(wtiger)(0.3)[VP8]">
		<description>The Pinball Circus (Midway)(1994)(wtiger)(0.3)[VP8]</description>
		<rom name="The Pinball Circus03.vpt" size="1763840" crc="1c8736cb" md5="73ef925e6e7dccfc2c61c7a544aceb41" sha1="884e970626e5897ad189421e8f2cf89aa8c03b22" />
	</machine>
	<machine name="Three Deuces (Williams)(1955)(pbecker1946)(1.0)[VP8]">
		<description>Three Deuces (Williams)(1955)(pbecker1946)(1.0)[VP8]</description>
		<rom name="Commentary.txt" size="3821" crc="bf23244f" md5="a68b24883f206e02fe2a44e31fbe6581" sha1="e78febbb926780cbbc3a5a403692799c9ae7a5ef" />
		<rom name="Flyer.jpg" size="693748" crc="42ead1a2" md5="a2f93dd9fb5fe890747a08b1db7638f9" sha1="ed1405dfe743362ee9a3751ecdb9eae107f0621d" />
		<rom name="ThreeDeuces(PLB)V1.vpt" size="20801536" crc="78f0d24e" md5="3842e9566f1aca23148b1015d81dfe8a" sha1="53f4bd84ec51159c028de2bcf675fbda55f8c868" />
		<rom name="ThreeDeucesSS.jpg" size="905662" crc="4e307963" md5="5204f5c1de420d42120641889402aabd" sha1="46d0f845505384df7d9b13875c6835e035b5959e" />
	</machine>
	<machine name="Thunderbird (Williams)(1954)(pbecker1946)(1.0)[VP8]">
		<description>Thunderbird (Williams)(1954)(pbecker1946)(1.0)[VP8]</description>
		<rom name="Commentary.txt" size="4338" crc="f58fb2f9" md5="0c346bfd7b73f5628a70337f5152ff5a" sha1="42478d94aec92a607130b003807408fcd70130c7" />
		<rom name="Flyer.jpg" size="152473" crc="571e1165" md5="1391be8f10bffaaf36dd7b875812adf7" sha1="9091d76232cf6b7831fef1f4ab3d08feae9e4dc1" />
		<rom name="TBirdss.jpg" size="950752" crc="ff695f0e" md5="faecce92c2d1c545afe4f84493297e7e" sha1="a0c3cd5a0952f9a79b8d6d22db705f12b6cb8653" />
		<rom name="ThunderBird(PLB)V1.vpt" size="24116224" crc="b177e59e" md5="4705feb59e5e82bc2eff5c50991eaaa4" sha1="3607700919715cfee7ab4a5f8017be54110cb3a8" />
	</machine>
	<machine name="Trade Winds (Williams)(1962)(pbecker1946)(1.0)[VP8]">
		<description>Trade Winds (Williams)(1962)(pbecker1946)(1.0)[VP8]</description>
		<rom name="Commentary.txt" size="3751" crc="a87e5535" md5="0608c8c1ee85f2f8380523edc61c15c1" sha1="44b111d15848602a9e28a0cce50495467dca6330" />
		<rom name="Flyer1.jpg" size="299814" crc="38e146b3" md5="8efebd102439f7926d0a23696694f2a4" sha1="63bd067778fce1c7358a9efd60d0cc356f012490" />
		<rom name="TradeWinds(PLB)V1.vpt" size="17945600" crc="4fc1f4c1" md5="afe8cd887d2489f62eb96de4bf7534ef" sha1="46f956a1f16528d3ba42a404135eb20f6bc4f378" />
		<rom name="TradeWindsSS.jpg" size="848467" crc="054b1c61" md5="0ea0151e2e9875c7dd78b67e7d248fd4" sha1="2315a73fbc84326d1cc3a1161a7ccf6dbc05e2b8" />
	</machine>
	<machine name="Tri-Score (Genco)(1951)(Pbecker1946)(1.0)[VP8]">
		<description>Tri-Score (Genco)(1951)(Pbecker1946)(1.0)[VP8]</description>
		<rom name="Commentary.txt" size="5063" crc="c4944c42" md5="ba00068e91d3f25528ab71f861141c46" sha1="d0143e9da98c587607bffc3d704efe9f1f7ee7d5" />
		<rom name="Flyer.jpg" size="323493" crc="a545e15a" md5="7549ff41422d939944f929a6f198b28b" sha1="7ce92b3abd6897ed14c9c6c7669fce2645139b46" />
		<rom name="TriScore(PLB)V1.vpt" size="18237440" crc="b0dad5bc" md5="ef77d37e897a0b41e48e246a3794e89c" sha1="c597d7d32143a40c7700a12fff5a971a5298635b" />
		<rom name="TriScoreSS.jpg" size="1066236" crc="0588afb8" md5="2cdd15a44541012716f1879bc1ba0d87" sha1="95f6c1bb584f16c6139e22bd033039f931e39f2e" />
	</machine>
	<machine name="Triple Action (Williams)(1973)(Ale)(1.0)[VP8]">
		<description>Triple Action (Williams)(1973)(Ale)(1.0)[VP8]</description>
		<rom name="screenshot.jpg" size="43448" crc="31f91b55" md5="e3e78ee16879c70931996fc35a553d5d" sha1="86fee38511b596d8b63346cb43c8dc29204dfc65" />
		<rom name="TrippleAction_ale_1.vpt" size="2287616" crc="11f6e305" md5="6a6ab966c30c92f1609bfc911c99265c" sha1="7e05232f89eef2a8f56fc07c44eeba25bcdedc2f" />
	</machine>
	<machine name="Twin Bill (Gottlieb)(1955)(pbecker1946)(1.0)[VP8]">
		<description>Twin Bill (Gottlieb)(1955)(pbecker1946)(1.0)[VP8]</description>
		<rom name="Commentary.txt" size="4102" crc="9148ee81" md5="37ed6e7579488847ac2736515aed41e3" sha1="d933a979a0a1c3f42e6671623f41b2a4f5560bb5" />
		<rom name="Flyer1.jpg" size="448826" crc="99a7b27d" md5="cd3a5e83676fd3b5721683a6dfba990e" sha1="82d8a78f67d3f21f19f123fd6ce0dcadc86e55d6" />
		<rom name="TwinBill(PLB)V1.vpt" size="25268736" crc="155659f9" md5="b92ee4900503b7391485fb2b97455b99" sha1="ac55b957df8d2b376447f33c4c14bd4358734d76" />
		<rom name="TwinBillSS.jpg" size="913310" crc="6bd5bf81" md5="1afd1646ea6d4e4c53e65662a21fe19a" sha1="d1df4d782e39cecb621d04862b3c78d7d93c93c1" />
	</machine>
	<machine name="Universe (Gottlieb)(1959)(pbecker1946)(1.0)[VP8]">
		<description>Universe (Gottlieb)(1959)(pbecker1946)(1.0)[VP8]</description>
		<rom name="Commentary.txt" size="5497" crc="7dbae24b" md5="587f780e69dccf7abc69f5a886714ffa" sha1="f3940b63730c0b0d0e08e11d4ac35e9c4128abb7" />
		<rom name="Flyer.jpg" size="226242" crc="be6240a3" md5="70c6016eb7d8ef6d01485c370c4c4ec9" sha1="9d1e6e104880416e553ac855c4a326da10c5ae7e" />
		<rom name="Universe(PLB)V1.vpt" size="32588288" crc="0e0c1816" md5="e90c5f9fe676cd7e3ef383cbe09e44ae" sha1="a414249c47b33498ef2370440a87a1acee3725c5" />
		<rom name="Univss.jpg" size="1029354" crc="b1191eb1" md5="fbfbc7165747891d94bae4d3f8535a2b" sha1="036f5deb62d2b8f4f83fec2415febce2c6444712" />
	</machine>
	<machine name="Vampire (Bally)(1971)(CompuFox)(1.0)[VP8]">
		<description>Vampire (Bally)(1971)(CompuFox)(1.0)[VP8]</description>
		<rom name="Vampire_1.0.vpt" size="5073408" crc="9d48ea71" md5="a1cd9cac0ef693c2e5e7d97abea4a679" sha1="af9889c37a76972538fb1d0925802ebaf2954138" />
		<rom name="Vampire_SS.JPG" size="199554" crc="12a7674a" md5="96fc9eda048caf774dc6a1feb648a7d2" sha1="8d6f6560a29db863c47c5b3449cb95a77e3c556c" />
	</machine>
	<machine name="Volley (Gottlieb)(1976)(Davidsss)(1.51)[VP8]">
		<description>Volley (Gottlieb)(1976)(Davidsss)(1.51)[VP8]</description>
		<rom name="amusaf__.ttf" size="22464" crc="60e47cb3" md5="f85352bcd62c022e35ff21e232111ee3" sha1="77305c113ab57b08dcde0c16963115b0b17f4b4d" />
		<rom name="Gottlieb Volley release notes1.5.pdf" size="121412" crc="d96156cc" md5="65797b81765202d77ea8573e9b9be49e" sha1="edc01f60fd0b2b6d3cd45454f31b8578c1e17fb6" />
		<rom name="scriptbl.ttf" size="55500" crc="33015757" md5="e825587941cbb3fd56b4cd2b1172387a" sha1="5c466909eaa448884f1c81b0dfac59cb32ea9b27" />
		<rom name="Volley - backglass by Popotte.jpg" size="188987" crc="26753069" md5="368b08d134eb841d38f0dd6dcc669389" sha1="8896f4220398961191e622356eb34d5766987490" />
		<rom name="Volley - flyer.jpg" size="461202" crc="f2068824" md5="c388ef38b9d42cd7cbd7048f407f23ca" sha1="c1268720ea5d5da1a3b25529a622fe64ed2f18cb" />
		<rom name="Volley DS1.5 (Gottlieb 1976).vpt" size="5815296" crc="8ec2e8ed" md5="f48aab1a9b22b9f777cc3d9b5f3d3a2c" sha1="d1f963105c5e00050184f3f562ac2c66fe98d432" />
		<rom name="volley flyer.jpg" size="461202" crc="f2068824" md5="c388ef38b9d42cd7cbd7048f407f23ca" sha1="c1268720ea5d5da1a3b25529a622fe64ed2f18cb" />
		<rom name="Volley Screenshot1.5.jpg" size="149774" crc="4d21cdee" md5="8dabf12ddfc5b69f2ad3d33e9d914a2a" sha1="03bdfa9c3faf568e8a0fa8db3caa0bdef614d990" />
		<rom name="volley_screenshot.jpg" size="147856" crc="aa036b60" md5="2d0b1e23c7304ada75f44a973979fa0b" sha1="66c3ac9dd204c4159bddc02a1a18a4f694db96fe" />
	</machine>
	<machine name="War (Fascination)(1978)(TAB, Destruk)(1.0)[VP8]">
		<description>War (Fascination)(1978)(TAB, Destruk)(1.0)[VP8]</description>
		<rom name="flyer.jpg" size="643661" crc="3ec95eef" md5="9c2422a575f36d8c994ec1af00ced439" sha1="66a413d76275a316612c77e75abb2f2286231836" />
		<rom name="screenshot.jpg" size="142118" crc="2fb54ce6" md5="ae30ace8b471da679f3ae254f9832e26" sha1="324082c523fc00fac148d780069cd2f2f80f21d3" />
		<rom name="War.vpt" size="1919488" crc="f74c7bed" md5="e2bc22897f2533eb16821a15481e75b1" sha1="ef617acb09cd2825ff957681be941f0a40bd9bbf" />
	</machine>
	<machine name="Whirl-Wind (Gottlieb)(1958)(pbecker1946)(1.0)[VP8]">
		<description>Whirl-Wind (Gottlieb)(1958)(pbecker1946)(1.0)[VP8]</description>
		<rom name="WhirlWind57(PLB)V1.vpt" size="20256768" crc="615a4653" md5="58145de6f2d5bce71788e31c4273a6f6" sha1="a7aac8211450761ba245a64256b9d334125a4269" />
		<rom name="WhirlWind57SS.jpg" size="1402933" crc="ee29c89d" md5="cec6a23a4126c4da63dde9ef623bb153" sha1="db2cd7554e7c7938d1cd42a42d05f85daf4a7be8" />
	</machine>
	<machine name="Wild Card (Williams)(1977)(pbecker1946)(1.0)[VP8]">
		<description>Wild Card (Williams)(1977)(pbecker1946)(1.0)[VP8]</description>
		<rom name="Commentary.txt" size="3748" crc="701f5844" md5="5a70cc0962bfc9e02fa6fdf8e11adb9b" sha1="5c1b2959cb575ac80655365a8aa5e7d2f4bbecb9" />
		<rom name="Flyer.jpg" size="688801" crc="390e08a5" md5="54c71fc9f363c31ffc1e698d7334089a" sha1="5d063726fc049007354f4613f4767ba4a071d6ff" />
		<rom name="WildCard(PLB)V1.vpt" size="21750784" crc="cb79fcc7" md5="ebc26e6c3c29ae6a3c11f1414b44b784" sha1="0f48d321f93f0ace70caf0e9d731274867e25879" />
		<rom name="WildCardSS.jpg" size="1441289" crc="7216f8c4" md5="365cc82c7768ca1847c03aaf6304a4fe" sha1="e0fe20ef60bdf5354285387bb02a9bee786d4724" />
	</machine>
	<machine name="Wonderland (Williams)(1955)(pbecker1946)(1.0)[VP8]">
		<description>Wonderland (Williams)(1955)(pbecker1946)(1.0)[VP8]</description>
		<rom name="Commentary.txt" size="3840" crc="8c47f9b2" md5="a9391116899c983db47ae17bd0e1b6bd" sha1="47710a5ea635fd0bfd76b3cd8ed4e0442f61b7ad" />
		<rom name="Flyer.jpg" size="223410" crc="d2c12e18" md5="a7963f10d36f194b56d07b108b3b88f2" sha1="0498e3dd0be030a431855bd25e2b14af2f142920" />
		<rom name="WonderLand(PLB)V1.vpt" size="17506816" crc="825dad11" md5="ff95f357f44a6f49cdb686615ce00ee5" sha1="3dace1eee72ebe8949bb3da075d4ec34e56f57d3" />
		<rom name="WonderlandSS.jpg" size="1531569" crc="fce9e802" md5="c256879ca73ca1ae426b95b6eede5029" sha1="835a63800e1a8034a7ecc6589946f4fbcc976258" />
	</machine>
</datafile>