<?xml version="1.0" encoding="utf-8"?>
<!DOCTYPE datafile PUBLIC "-//Logiqx//DTD ROM Management Datafile//EN" "http://www.logiqx.com/Dats/datafile.dtd">
<datafile>
	<header>
		<name>Visual Pinball [VPX0-VPX06] Recreated Tables [FullScreen]</name>
		<description>Visual Pinball [VPX0-VPX06] Recreated Tables [FullScreen] (2024-11-07)</description>
		<version></version>
		<date>2024-11-07</date>
		<author></author>
	</header>
	<machine name="Aladdin's Castle (Bally)(1976)(DOZER-MJR)(1.01)[VPX04][FullScreen]">
		<description>Aladdin's Castle (Bally)(1976)(DOZER-MJR)(1.01)[VPX04][FullScreen]</description>
		<rom name="Aladdin's Castle (Bally)(1976)(DOZER-MJR)(1.00)[VPX04][FullScreen]/Aladdin's Castle (Bally 1976) - DOZER - MJR.vpx" size="38858752" crc="a30f0af5" md5="d234bbf3d64bf2d7094b52101d8cd886" sha1="13e4e8fd2b70c1c5e618063ea216c4df6e6428a5" />
		<rom name="Aladdin's Castle (Bally)(1976)(DOZER-MJR)(1.01)[VPX04][FullScreen]/Aladdin's Castle (Bally 1976) - DOZER - MJR_1.01.vpx" size="38858752" crc="1d60ee0f" md5="3bb6615fb7449d47fc47910e0dacb701" sha1="bb0c3d3ce7e697e0998a084ef0d91c90481b58ff" />
		<rom name="Aladdin's Castle (Bally 1976) - DOZER - MJR.directb2s" size="6168252" crc="aaae1a2a" md5="5af3863dfe043e78e793632e91f425d3" sha1="161030c03720d0282b4ba384c91fc53a20ef0810" />
		<rom name="Aladdin's Castle screenshot.png" size="2557058" crc="353550ee" md5="e3fb304725e62ed235565b7e3d99c4f0" sha1="b3a013e9d9c3ba5202e44178aaaba807a102b60f" />
	</machine>
	<machine name="Central Park (Gottlieb)(1966)(tgx, Rosve (VP9))(1.0)[VPX06][FullScreen]">
		<description>Central Park (Gottlieb)(1966)(tgx, Rosve (VP9))(1.0)[VPX06][FullScreen]</description>
		<rom name="centralpark_fs.png" size="3700817" crc="7210e960" md5="467a93025b9a8b0cdd0be1252015089f" sha1="5ce191d3f81e7f513a67d4b8769dea6234c91240" />
		<rom name="CentralPark_FS.vpx" size="10727424" crc="be99e908" md5="356981813d59552b3c07f3bf5133fee9" sha1="b10264d810f2ce56f6e9eb1ece15ea212243203a" />
	</machine>
	<machine name="Champ (Bally)(1973)(-=Kees=-)(1.0)[VPX06][FS v1.0 jogrady7]">
		<description>Champ (Bally)(1973)(-=Kees=-)(1.0)[VPX06][FS v1.0 jogrady7]</description>
		<rom name="Backglass Image/Champ (Bally 1973).png" size="3790910" crc="218cf5fa" md5="8943bf1ae113265a468ace75179fba5b" sha1="1dfb97a6add2cc9957cee96d6192fcf8781ebcd2" />
		<rom name="Instruction Card/Champ (Bally 1973).png" size="3519581" crc="68e7abe8" md5="1d587dfb414dd5028f691be8ac7f4325" sha1="bcdebeade76a81c0753f95ba6db7fc49b2048451" />
		<rom name="Table and B2S/Champ (Bally 1973).directb2s" size="13595829" crc="71365c89" md5="4141afc5a1dfc9d6de6d20779ac143bb" sha1="2f5d1c24d6105054a3e9ef749c27428d0dab466d" />
		<rom name="Table and B2S/Champ (Bally 1973).vpx" size="13873152" crc="03d58d13" md5="70ac8df569223a4d067b550a68108c35" sha1="02a31922bdb3e7e8644e9215f5a0f6f1faf8097d" />
		<rom name="Table Image/Champ (Bally 1973).png" size="7073400" crc="c99a622f" md5="2fa2ff72ca71e87ddd2962860872ca91" sha1="f022324048e291ea142705dc1f8ff4c38c4b3b9d" />
		<rom name="Wheel Image/Champ (Bally 1973).png" size="26398" crc="701ebca6" md5="f4816ac12ade96b7a802b7419284b4da" sha1="16ee6f5fe7135fc93de81b2e69e9ba74a0c9606a" />
	</machine>
	<machine name="Criterium 75 (Recel s.a.)(1975)(editoy)(1.2)[VPX05][FullScreen]">
		<description>Criterium 75 (Recel s.a.)(1975)(editoy)(1.2)[VPX05][FullScreen]</description>
		<rom name="(1.0)[VPX05][FullScreen]/Criterium 75 (Recel 1975).vpx" size="16773120" crc="e466e112" md5="615a22658de9733a9acaba08ad3e08dc" sha1="141f08ed43d62f686f878215fe057529ae29f824" />
		<rom name="1.1)[VPX05][FullScreen]/Criterium 75 (Recel 1975).vpx" size="16773120" crc="c2b13300" md5="42a8ef31f89cfab7946f93ef6653db78" sha1="f97d9fc6cece5af91fdacc1a0ff51992d7d8ef11" />
		<rom name="1.2)[VPX05][FullScreen]/Criterium 75 (Recel 1975).vpx" size="20910080" crc="58c5928b" md5="876e46c11d99076a176cca8cde471b10" sha1="10ff3e2c7dd6ec445389978cffd931b101e77d15" />
		<rom name="common/Criterium 75 (Recel 1975).directb2s" size="17309072" crc="ec1819d3" md5="a6936651de0751ad4030c723ff383e63" sha1="033fa4221530350a7b65e5769eacb952ace3ca24" />
		<rom name="common/media/Backglass Images/Criterium 75 (Recel 1975).png" size="2422417" crc="c6894d12" md5="3c0aee5459f9cef2a75060501c34e4a8" sha1="36312cfb4c46bacc077456b9ca9dbe3d584adf71" />
		<rom name="common/media/Flyer Images/Front/Criterium 75 (Recel 1975).jpg" size="71923" crc="4c7152c9" md5="6271cd9ee1bf057aa993b96e47debbdd" sha1="e56452b418485dcb96f663b1979004ba1f6ccf9f" />
		<rom name="common/media/Instruction Cards/Criterium 75 (Recel 1975).swf" size="34026" crc="b7e0de80" md5="63b9bb39f988686ad6f6e9fec0e659ea" sha1="dc1dc8b6490f1d3445fc702a28ac19d8df888669" />
		<rom name="common/media/Table Images/Criterium 75 (Recel 1975).png" size="1881018" crc="2ee2952f" md5="8e249b0e5d4bfbe8f4b56c7e02abf618" sha1="803903924b81aa1e74d3ec54194d5c9bd11fa56e" />
		<rom name="common/media/Wheel Images/Criterium 75 (Recel 1975).png" size="181213" crc="5afb79b1" md5="a1ba4d74565995ffc619fa1d9c5c9384" sha1="06b52fb185da02b35df247e8c02e3e071552e849" />
	</machine>
	<machine name="Impacto (Recreativos Franco)(1975)(luvthatapex, lucasbuck, tgx)(1.0.1)[VPX06][FullScreen]">
		<description>Impacto (Recreativos Franco)(1975)(luvthatapex, lucasbuck, tgx)(1.0.1)[VPX06][FullScreen]</description>
		<rom name="impacto2021.png" size="4191058" crc="f2ec03cf" md5="59adbe51a6a16b0fb5b44c6d8268c18d" sha1="388ee0afafaeb20b5079a66af2303f0cbb3a2681" />
		<rom name="Impacto (Recreativos Franco 1975)v1.0.1.vpx" size="15986688" crc="aca1baf0" md5="f3d12ac4fde32dc24d24ca5b9e4ffe58" sha1="d8df1137400a72a9fd25785fa082047447673cd7" />
	</machine>
	<machine name="Iron Maiden Legacy of the Beast (Stern)(2018)(Granit)(1.0)[VPX06][FullScreen]">
		<description>Iron Maiden Legacy of the Beast (Stern)(2018)(Granit)(1.0)[VPX06][FullScreen]</description>
		<rom name="0.99/eddy.jpg" size="1938101" crc="09125975" md5="d63fab9e9b6531d890e61a5ca40617a5" sha1="79f50299e9d598311ff74fd469a0b913f9024a0f" />
		<rom name="0.99/iron3.vpx" size="121536512" crc="785db883" md5="dfc2f1d17d56b30f200787c6d4b3b418" sha1="60c9b51e140fa949d3743dee914d746fdf5a8ec9" />
		<rom name="1.0/music/solo1.ogg" size="16010693" crc="259f553c" md5="827d51356a44d9e444a29a58a322341b" sha1="1be94d724622cfe61aca0fbe55fdfee09d7ef5ee" />
		<rom name="1.0/music/solo2.ogg" size="11185633" crc="9deee8b2" md5="fb23fafff17e614b1ea991ac3dfeb2b2" sha1="5dbcddd1b6c9dff45bcb83f721f8c07448879317" />
		<rom name="1.0/music/solo3.ogg" size="8037547" crc="9eed0bcd" md5="de6ea3baa76f50d78cb68949b3c10742" sha1="a15ab104cc9c175ed47b2571782bdb9f92e76f08" />
		<rom name="1.0/6.jpg" size="1900385" crc="d5784542" md5="0b9b4c4d6b15665d66a7c1d6861082e9" sha1="7fa20cf1560b830c04cbbc2e43ae82e54bb2c8c5" />
		<rom name="1.0/iron maiden 1.vpx" size="134807552" crc="d2fe686d" md5="07f484a3b5faa1e73352e4e87878a847" sha1="1840880066d69eef2aaa11faacac394af901fa78" />
	</machine>
	<machine name="Jacks Open (Gottlieb)(1977)(Pinuck)(1.0)[VPX01][FS Sliderponit]">
		<description>Jacks Open (Gottlieb)(1977)(Pinuck)(1.0)[VPX01][FS Sliderponit]</description>
		<rom name="390_24_06_16_11_25_15_0.jpg" size="244151" crc="66e7acdc" md5="17b993f6c7427cc9e062b641cf4b5ccf" sha1="2cae00f415b555fcf130cbfb18815d3f089a767f" />
		<rom name="Jacks Open (Gottlieb 1977).vpx" size="29573120" crc="5e201a71" md5="308d0f3932f475e1407268263ab04fa5" sha1="734693278be7e58454c9bd65e20868a8e3b4e4ad" />
		<rom name="Jacks_Open_FS_B2S.exe" size="2563584" crc="67d10078" md5="28ecb502fccd72dcae6053ee9c35bd1e" sha1="056f9a1515680d14fb6a3ff7471ce9d091cb1776" />
	</machine>
	<machine name="Joker Poker EM (Gottlieb)(1978)(BorgDog)(1.11)[VPX][FullScreen + dB2S BorgDog][DOF arngrim]">
		<description>Joker Poker EM (Gottlieb)(1978)(BorgDog)(1.11)[VPX][FullScreen + dB2S BorgDog][DOF arngrim]</description>
		<rom name="Joker Poker EM (Gottlieb 1978).directb2s" size="15495163" crc="6af3aef5" md5="16ef88707c09fe61350afb39a33ba24f" sha1="aab4bd5e1796c27a4e7be10e62abff0f0be3b3d8" />
		<rom name="Joker Poker EM (Gottlieb 1978).vpx" size="23719936" crc="09d29017" md5="84ba970e93acaf35c809e8aec2f6c693" sha1="1af514be797f93e41838ad5791fa49a6e1ecec61" />
	</machine>
	<machine name="Post Time (Williams)(1969)(Wim Kuijpers)(3.10.6.1)[VPX06][FullScreen]">
		<description>Post Time (Williams)(1969)(Wim Kuijpers)(3.10.6.1)[VPX06][FullScreen]</description>
		<rom name="posttime BG Wim Kuijpers 3.10.6.1/post-time-backglass.png" size="671961" crc="b0e918b8" md5="16c2c1404c5b887203f9c9ed39363ef0" sha1="227d93280f5702cc0141d504548f4ae6951b3637" />
		<rom name="posttime BG Wim Kuijpers 3.10.6.1/posttime.directb2s" size="1958791" crc="fc248a0a" md5="eb7239542b53f19bc6e6b1b97456d154" sha1="49d7727123e4cb462f6ad73d149fa6fbc5054b63" />
		<rom name="post-time-playfield.png" size="3605530" crc="d345727e" md5="d7a81319979c922d2fe6dc3c965c9954" sha1="41976fd192c63e52669d7360a83cfee535d7c495" />
		<rom name="posttime.vpx" size="33841152" crc="2eb8aef9" md5="6f36fdccad284ea471f40d9f199e8e4b" sha1="66cb1a48e00c29e9781e2c6dd463a104cc5e2985" />
	</machine>
	<machine name="Shooting Star (Daval)(1934)(Druadic)(1.1)[VPX06][Flipperless][Fullscreen v1.2 jogrady7]">
		<description>Shooting Star (Daval)(1934)(Druadic)(1.1)[VPX06][Flipperless][Fullscreen v1.2 jogrady7]</description>
		<rom name="Shooting Star Jr. V1.2 VPX.directb2s" size="329755" crc="3124b6d8" md5="90741ddd1cf7c71c8331404186407c58" sha1="95de927b287c15e267570c5c9173561749160701" />
		<rom name="Shooting Star Jr. V1.2 VPX.vpx" size="9994240" crc="db591f39" md5="3cda57656b615594cc077d724cc9d873" sha1="bae3ad6d0867e1c15f28d812f78667a4826afc94" />
		<rom name="Shooting Star RULES.txt" size="2053" crc="992c60eb" md5="04276bbaa682eb844145ebe7417ec2c9" sha1="0654ab5df67eac9945619ce9de9c492deadab560" />
		<rom name="ShootingStarBackglass.png" size="399250" crc="ea126678" md5="334ef323ff67c88939df7b22bcbe68fb" sha1="80b7387782ae6de5c24baf371de3b8db7853fd48" />
		<rom name="ShootingStarDesktop.jpg" size="453023" crc="d6f928a2" md5="caa61ff810c4557229e038f7be1a95c8" sha1="464145c128ec02515dfa47e84fff9eecea3157b0" />
		<rom name="ShootingStarTable.png" size="4983632" crc="3a1bb864" md5="8f240546c1a36d02acb75a956d98c492" sha1="ed145fee9f1809444eaf042fae6946817d59d744" />
		<rom name="ShootingStarWheel.png" size="190481" crc="3e947a9d" md5="2527b6ceb91f6292af9e4e53b9a7adac" sha1="65a7b96140dbe06229b38061d34f03a28ee4f116" />
	</machine>
</datafile>