<?xml version="1.0" encoding="utf-8"?>
<!DOCTYPE datafile PUBLIC "-//Logiqx//DTD ROM Management Datafile//EN" "http://www.logiqx.com/Dats/datafile.dtd">
<datafile>
	<header>
		<name>Visual Pinball [VP92x] Recreated Tables [FullScreen]</name>
		<description>Visual Pinball [VP92x] Recreated Tables [FullScreen] (2024-11-07)</description>
		<version></version>
		<date>2024-11-07</date>
		<author></author>
	</header>
	<machine name="Buccaneer (Gottlieb)(1948)(pbecker1946)(1.0)[VP990][FullScreen + dB2S Itchigo]">
		<description>Buccaneer (Gottlieb)(1948)(pbecker1946)(1.0)[VP990][FullScreen + dB2S Itchigo]</description>
		<rom name="Buccaneer Commentary.txt" size="4105" crc="99af95b2" md5="60ea6bd3b96951cb08ef7db28e739146" sha1="ee53a477ce54b9931885d73734edc5398a5299cb" />
		<rom name="Buccaneer.directb2s" size="5297581" crc="777e0a28" md5="18ca56140b067a9bd3e07a8efa56da1c" sha1="d8eee0eb3e0ba7003defb42ab29975170b7d3cbd" />
		<rom name="Buccaneer.vpt" size="27869184" crc="3429c468" md5="31267929e66fca15a2bac4bd51889d66" sha1="05c9863d8b19e150131f55bbe67b46b56b2a2099" />
	</machine>
	<machine name="Flying Turns (Midway)(1964)(Rascal, Itchigo)(2.0)[VP920][FullScreen + dB2S Itchigo]">
		<description>Flying Turns (Midway)(1964)(Rascal, Itchigo)(2.0)[VP920][FullScreen + dB2S Itchigo]</description>
		<rom name="Flying Turns.directb2s" size="3762766" crc="84f71cd7" md5="89f57a8a1310b97f9e20fe845be0b146" sha1="11db3f2845261f2368fc7b0fe38b646e70eb43be" />
		<rom name="Flying Turns.vpt" size="92667904" crc="5f04e163" md5="b9340c89261256bb3670892b5368a328" sha1="f00ad7c27c4d7b0c2d23bce32e1a7fc4c4a60e3c" />
		<rom name="screenshot.jpg" size="202674" crc="666028c7" md5="541407c1bee8f316b749ac4895c5ceaa" sha1="7010d59e4f0c6107d35f97de789f0fc80dad063c" />
	</machine>
	<machine name="Hearts and Spades (Gottlieb)(1969)(Fratazzo)(1.01)[VP921][FullScreen + dB2s Fratazzo]">
		<description>Hearts and Spades (Gottlieb)(1969)(Fratazzo)(1.01)[VP921][FullScreen + dB2s Fratazzo]</description>
		<rom name="Hearts and Spades (Gottlieb)(1969)(Fratazzo)[VP921][FullScreen + dB2s Fratazzo]/hearts_and_spades.directb2s" size="6028433" crc="373faa84" md5="75076132891d1e40c28c536fcdc2983f" sha1="eaae18dd00a00fef435cd89ca55901a4d8cf91ce" />
		<rom name="Hearts and Spades (Gottlieb)(1969)(Fratazzo)[VP921][FullScreen + dB2s Fratazzo]/Hearts_and_Spades_FS_DB2S_LX100.vpt" size="16719872" crc="60b4c25e" md5="566ea2c4cba90e74cf34cc065600e65f" sha1="c3a1e0695fff64d723abdd5ba69bcb201a5a956a" />
		<rom name="Hearts and Spades (Gottlieb)(1969)(Fratazzo)[VP921][FullScreen + dB2s Fratazzo]/Hearts_and_Spades_FS_DB2S_LX100a.vpt" size="16719872" crc="26660d09" md5="5817e55200fd1a882b1a61647a69bcb0" sha1="08ca4a99c35836c03454f589641f56f0021a9c55" />
		<rom name="Hearts and Spades (Gottlieb)(1969)(Fratazzo)[VP921][FullScreen + dB2s Fratazzo]/Hearts_and_Spades_FS_DB2S_LX101.vpt" size="16891904" crc="5e4e08d6" md5="7be9c92a8720105f0bc2a88bee49ee6f" sha1="09c15fead122a3254759ee334c449ca4784f9052" />
		<rom name="Heart and Spades flyer.jpg" size="1009331" crc="65f28e13" md5="69003df99a20919fc5b2822a25fe434d" sha1="efb1450c0ec81c427343af205f25dad4751ede9c" />
		<rom name="Hearts and Spades screenshot.jpg" size="71260" crc="6f90b54d" md5="e1cea35b52b493b2017d0c0c1beda231" sha1="60135edc4e3ff106fa97077ca314deba2fd29470" />
	</machine>
	<machine name="Hot Line (Williams)(1966)(pbecker1946)(1.0)[VP921][FullScreen + dB2S Itchigo]">
		<description>Hot Line (Williams)(1966)(pbecker1946)(1.0)[VP921][FullScreen + dB2S Itchigo]</description>
		<rom name="Hot Line.directb2s" size="2543704" crc="5de0229b" md5="9b1bf81c38409ddcb17c5dbed1611b38" sha1="6fadd9e5b1dbffcac5b1259cdb637658b194ef9b" />
		<rom name="Hot Line.vpt" size="21995520" crc="f64811bf" md5="a1cd6e4dd37583bf35960293cf674771" sha1="9da268f5a681b458756a87411b8b8d2f62e4301c" />
		<rom name="screenshot.jpg" size="510291" crc="c158b62a" md5="e91d9290756085dec1636de942233385" sha1="fae1084e1331f57b66c92eacf81741d2f6a830fb" />
	</machine>
	<machine name="Target Alpha (Gottlieb)(1976)(Loserman76)(2.1SS)[VP921][FullScreen]">
		<description>Target Alpha (Gottlieb)(1976)(Loserman76)(2.1SS)[VP921][FullScreen]</description>
		<rom name="Target Alpha (Gottlieb) (1976) (Loserman!) v2.1-fs.directb2s" size="2136575" crc="0704e863" md5="c70cf2356fc77895cb29cfd1c05f3438" sha1="0c1eabe78c46d88820acb004a6e97ae48fb4ef99" />
		<rom name="Target Alpha (Gottlieb) (1976) (Loserman!) v2.1-FS.vpt" size="23408640" crc="35f79269" md5="ae506d1c859d94e88c472253500383b9" sha1="e6d962fffd847344fc0dc003af44f12721231b15" />
		<rom name="TargetAlpha-Readme.txt" size="2094" crc="d558a0c3" md5="063de2370b543469695a05b1d507a0e7" sha1="455b215ccb7ef36bb0915f1225fac669c89d92a0" />
	</machine>
</datafile>