<?xml version="1.0" encoding="utf-8"?>
<!DOCTYPE datafile PUBLIC "-//Logiqx//DTD ROM Management Datafile//EN" "http://www.logiqx.com/Dats/datafile.dtd">
<datafile>
	<header>
		<name>Visual Pinball [PhysMod5] Tables [MODs, HACKs]</name>
		<description>Visual Pinball [PhysMod5] Tables [MODs, HACKs] (2024-11-07)</description>
		<version></version>
		<date>2024-11-07</date>
		<author></author>
	</header>
	<machine name="Back to the Future (Data East)(1990)(JPSalas)[PhysMod5][FullScreen Night MOD LoadedWeapon v1.1a]">
		<description>Back to the Future (Data East)(1990)(JPSalas)[PhysMod5][FullScreen Night MOD LoadedWeapon v1.1a]</description>
		<rom name="Back to the Future (Data East)(1990)(JPSalas)[PhysMod5][FullScreen Night MOD LoadedWeapon v1.0].vpt" size="27369472" crc="45268fa4" md5="c1247a21f7574bc614f307c71d43ce08" sha1="48d7306102aeb3952af9bee4c6d2c788827b9af5" />
		<rom name="Back to the Future (Data East)(1990)(JPSalas)[PhysMod5][FullScreen Night MOD LoadedWeapon v1.1].vpt" size="27369472" crc="17183de0" md5="1df4a8f1a94186ee853b29c428a64ce0" sha1="3c78e34ac1d2ce6ce50f2a49e645a09718ec4292" />
		<rom name="Back to the Future (Data East)(1990)(JPSalas)[PhysMod5][FullScreen Night MOD LoadedWeapon v1.1a].vpt" size="27369472" crc="5a0fe529" md5="46e7c99e45ac40ceafc0efbdb9eb80c8" sha1="3eb606d1220f985c353c2b8a75693b7f3cdbb841" />
		<rom name="Back to the Future screenshot.png" size="3868426" crc="9afbd8e4" md5="75141ace1a58c3edc8944f648c4e3729" sha1="d5fa368ea48eeff83b18124133eb884b6c1a8e7c" />
	</machine>
	<machine name="Bobby Orr's Power Play (Bally)(1978)(TAB)[PhysMod5][FullScreen Night MOD v1.0 Les73gtx]">
		<description>Bobby Orr's Power Play (Bally)(1978)(TAB)[PhysMod5][FullScreen Night MOD v1.0 Les73gtx]</description>
		<rom name="Songs/Good_ol_hockey_game.mp3" size="1147471" crc="f292c7e6" md5="1c7803c63172fc3939f3a27ba15ab6ab" sha1="b6bd61e30f0a0924fecbbd6f971fb2a45867c6f3" />
		<rom name="Songs/Hey Hockey Song.mp3" size="1739719" crc="4cb72430" md5="94ba85fa5253930932644c74c5efee6a" sha1="a39f3fb6acbc486fd039a8cf63d61e4bbc1a6c3f" />
		<rom name="Songs/Ole_hockey.mp3" size="1088120" crc="c5ab421e" md5="b5ca03b5f2bf29501f91510ed9567a2b" sha1="b461f098a6a504bde16451ac5930c463b4dca50b" />
		<rom name="Power Play (Bally)(1978)(TAB)[PhysMod5][FullScreen Night MOD v1.0 Les73gtx].vpt" size="20480000" crc="b455168b" md5="178d93b26cad9e6b51d964acc1daf402" sha1="e2a6e6c8ce2abe83cdab6f05842fbded45b23c16" />
		<rom name="Power Play BG Img.png" size="1592507" crc="9256b8e3" md5="29a32b3e6750e3ed5d38d800c458ca4f" sha1="97c4a688e847c8f97a77364e0873d9c7eec4e15d" />
		<rom name="Power Play screenshot.png" size="2932393" crc="c6291a57" md5="d6611429738dc810ffacdb1c052f8321" sha1="033da521a5313c302b8603e7b991f5b52257f30c" />
		<rom name="Power Play Table Img.png" size="2562259" crc="d81a7113" md5="bb7aaf08048365a8f3121747c2c283b7" sha1="393bc1d7018ff64fe72c216fdcd3849ccdfc8c01" />
		<rom name="Power Play Wheel.png" size="989845" crc="a9655dc1" md5="141c0dff704659474fc310f861a822cd" sha1="cb0db4530a88ad0193a004d13bc352ba100200d1" />
		<rom name="Power PlayDMD Img 3scn.png" size="10450" crc="c25d4ee1" md5="82f420824e09428f2248b26d46067d95" sha1="c23610e9091d4eb9aed54faa86637b05f4ef3375" />
	</machine>
	<machine name="Comet (Williams)(1985)(UncleWilly)[PhysMod5]FullScreen Night MOD LoadedWeapon v1.0]">
		<description>Comet (Williams)(1985)(UncleWilly)[PhysMod5]FullScreen Night MOD LoadedWeapon v1.0]</description>
		<rom name="Comet (Williams)(1985)(UncleWilly)[PhysMod5]FullScreen Night MOD LoadedWeapon v1.0].vpt" size="20824064" crc="5b044205" md5="e4ffb9c95f5db852fe66cd979e790c7c" sha1="e3179ff8382e1c7662bd4d1f2b41220f9e8fed58" />
		<rom name="Comet screenshot.png" size="2892491" crc="b1df290f" md5="8a615813336535a9217c0bb68039c660" sha1="cfdf5a53a3838ed24be6e7375d6df18fe91d55ee" />
	</machine>
	<machine name="Flash Gordon (Bally)(1981)(Sindbad, Batch)[PM5][MOD DT Sound MOD v1.0 Xenonph]">
		<description>Flash Gordon (Bally)(1981)(Sindbad, Batch)[PM5][MOD DT Sound MOD v1.0 Xenonph]</description>
		<rom name="Flash Gordon DT (Bally 1981) DT PM5 Sound MOD v1.0.vpt" size="120119296" crc="0a1370c0" md5="5dd990fed442bdaf4cde9747a4ab3c45" sha1="b0f07f2d5f2a0e9a7c43cf4b3388020bd8538b22" />
		<rom name="flash-gordon-dt--bally-1981--dt-pm5-sound-mod-v10.png" size="2180946" crc="3bc449fe" md5="1b75ea49a0699ebbcc0a9908f5ec18a0" sha1="2814df543785bb825b3d63727c28918ad30694ae" />
	</machine>
	<machine name="Flintstones, The (Williams)(1994)(JPSalas)[PhysMod5][FullScreen Night MOD LoadedWeapon v1.4]">
		<description>Flintstones, The (Williams)(1994)(JPSalas)[PhysMod5][FullScreen Night MOD LoadedWeapon v1.4]</description>
		<rom name="Flintstones, The (Williams)(1994)(JPSalas)[PhysMod5][FullScreen Night MOD LoadedWeapon v1.2].vpt" size="26103808" crc="a6fdcbe7" md5="581957a1f64738c95ca70d7d3bc33af3" sha1="e593079cdebbf23d4c5a7aa39b0f5fca7a81f1bc" />
		<rom name="Flintstones, The (Williams)(1994)(JPSalas)[PhysMod5][FullScreen Night MOD LoadedWeapon v1.4].vpt" size="26103808" crc="d56485c1" md5="17b94d17566ce6d3b8927ab9fa553bbf" sha1="9bb485d3d716d297319860874da6d97a4057ab62" />
		<rom name="Flintstones, The screenshot.png" size="3686629" crc="c9542256" md5="f76826f4a38ed816ee723d64827a922a" sha1="c8112b54deb2709a7c1ed2c19479c2fafabb68c6" />
	</machine>
	<machine name="Hook (Data East)(1992)(Javier1515)(1.0)[PM5][FS 3D Model Edition Javier1515][MOD Desktop v1.0 Batch]">
		<description>Hook (Data East)(1992)(Javier1515)(1.0)[PM5][FS 3D Model Edition Javier1515][MOD Desktop v1.0 Batch]</description>
		<rom name="Hook PM5 Javier1515 DT Batch_MOD 1.0.vpt" size="111910912" crc="41e8bc4f" md5="a971084dc46d395764a4e9a68fb4a879" sha1="e4a0d26fcd40bf2e459985ca7d328b645db58203" />
		<rom name="hook-pm5-javier1515-dt-batch_mod-10.jpg" size="962220" crc="f72d03f6" md5="3f32f12fd9169752e3b420ecb53147a9" sha1="a8839821c0cbe3d085b146350811e5feab744081" />
	</machine>
	<machine name="Hook (Data East)(1992)(Javier1515)(1.0)[PM5][MOD DT Gfx v1.0 Batch]">
		<description>Hook (Data East)(1992)(Javier1515)(1.0)[PM5][MOD DT Gfx v1.0 Batch]</description>
		<rom name="Hook PM5 Javier1515 DT Batch_MOD 1.0.vpt" size="111910912" crc="41e8bc4f" md5="a971084dc46d395764a4e9a68fb4a879" sha1="e4a0d26fcd40bf2e459985ca7d328b645db58203" />
	</machine>
	<machine name="Hook (Data East)(1992)(Javier1515)(1.0)[PM5][MOD DT v1.0 Sandro]">
		<description>Hook (Data East)(1992)(Javier1515)(1.0)[PM5][MOD DT v1.0 Sandro]</description>
		<rom name="Hook (Data East 1992) DESKTOP_PysMod_1.0.vpt" size="107831296" crc="e2a88b43" md5="3b8f53ef62c7749364bde5660ab83a9e" sha1="230d6dae9a17a48c92b1a58cd63156561a49f542" />
		<rom name="hook--data-east-1992--desktop_pysmod_1.jpg" size="376562" crc="3df69ca0" md5="5687c691e048101a570122f81072e49e" sha1="34d411c1d17c763db1be48b89a0dd40365a8b984" />
		<rom name="hook-pm5-javier1515-dt-batch_mod-10.jpg" size="962220" crc="f72d03f6" md5="3f32f12fd9169752e3b420ecb53147a9" sha1="a8839821c0cbe3d085b146350811e5feab744081" />
	</machine>
	<machine name="Jurassic Park (Data East)(1993)(Javier1515, unclewilly, LoadedWeapon, Dark)(1.1)[PM5][MOD Desktop v1.0 Batch]">
		<description>Jurassic Park (Data East)(1993)(Javier1515, unclewilly, LoadedWeapon, Dark)(1.1)[PM5][MOD Desktop v1.0 Batch]</description>
		<rom name="Jurassic Park PM5 UW LW Dark Javier DT Batch_MOD 1.0.vpt" size="137928704" crc="d88560aa" md5="c896f147dc1fefd4a06f7cff292ff80f" sha1="8cbafd38cc97685efea8310c31b6eb3d5352d922" />
		<rom name="jurassic-park-pm5.jpg" size="810868" crc="5979aa55" md5="9527d8af16433ccdd909ef9ad67967c6" sha1="9a3f62b74d02ea1672ff2905258660498afca88a" />
	</machine>
	<machine name="Maverick (Data East)(1994)(Edizzle)(V2)[PM5][MOD Desktop v1.0 krusso222]">
		<description>Maverick (Data East)(1994)(Edizzle)(V2)[PM5][MOD Desktop v1.0 krusso222]</description>
		<rom name="Maverick (Sega)(1994)(Edizzle)(V2)(FS)(PM5).vpt" size="51073024" crc="dab656d5" md5="59a1e0684bef2901efa5374a3ae52919" sha1="f17f9f918239267b03249a9dae778a4be048bc85" />
	</machine>
	<machine name="Metallica Pro (Stern)(2013)(85vett)(1.0)[PhysMod5][FullScreen 85vett][MOD Don Robby]">
		<description>Metallica Pro (Stern)(2013)(85vett)(1.0)[PhysMod5][FullScreen 85vett][MOD Don Robby]</description>
		<rom name="Metallica DT 1.0 PM5 Experimental - PhysicsMo mod DonRobby.png" size="3859692" crc="5b96088a" md5="dda0a8f2a604363104c234ad8ef1a56c" sha1="fbb3a96965956d114a51f3aef79d1b93e7326076" />
		<rom name="Metallica Pro FS PM5 1.0 85vett MOD.vpt" size="36290560" crc="ee862f1e" md5="0f467dc7a86196e0632d24ca4c195017" sha1="cb156083923d4cc6098cdce40fedc476a375c455" />
	</machine>
	<machine name="Mr. &amp; Mrs. Pac-Man (Bally)(1982)(Shockman)(1.0)[PhysMod5]">
		<description>Mr. &amp; Mrs. Pac-Man (Bally)(1982)(Shockman)(1.0)[PhysMod5]</description>
		<rom name="mmpac.jpg" size="854411" crc="58d7c819" md5="c27495e7bb8a02979f25735d1eb5aa4c" sha1="bb348217876cf6de19fa9db3a63eb6139f955d85" />
		<rom name="Mr &amp; Mrs PAC-MAN DX9_phy5.vpt" size="12861440" crc="5c70db0b" md5="7ae21519e53d0872c769f75df98a5b7f" sha1="d5cc84a45089a9f8b96802f0d731f41edaac8ff7" />
	</machine>
	<machine name="Mustang Pro (Stern)(2014)(85vett)(1.0)[PM5][FullScreen 85vett][MOD by gtxjoe v1.0]">
		<description>Mustang Pro (Stern)(2014)(85vett)(1.0)[PM5][FullScreen 85vett][MOD by gtxjoe v1.0]</description>
		<rom name="WIP/Mustang Pro (Stern)(2014)(85vett)(1.0WIP)[PhysMod5][FullScreen 85vett].vpt" size="32210944" crc="0204d082" md5="8f8e36061c4912d2f3b7d2eccba27c63" sha1="35f8358bddd0cdc1482e0ef427ee51877e4b49d3" />
		<rom name="WIP/Mustang Pro screenshot.jpg" size="674475" crc="34dcc512" md5="94e7ff2da214b752b0aa2bcd5f887f49" sha1="0d4b19b5021e05048e174c7b9df84c2eb38342ab" />
		<rom name="must.png" size="3399157" crc="b5fe811f" md5="291320be677f276df12aa7e08f4007a3" sha1="a4413c40f822696b09cb9733f09579e27bc0736a" />
		<rom name="Mustang Pro_85vett_mod_gtxjoe_1.0.vpt" size="32862208" crc="5ccd2127" md5="06daf3f960696da15ba74451b809cc21" sha1="09869de0abd6aa280c9449232d38583b36f0b811" />
	</machine>
	<machine name="Tales from the Crypt (Data East)(1993)(JPSalas)[PhysMod5][FullScreen Night MOD LoadedWeapon v1.0]">
		<description>Tales from the Crypt (Data East)(1993)(JPSalas)[PhysMod5][FullScreen Night MOD LoadedWeapon v1.0]</description>
		<rom name="Tales From The Crypt (Data East)(1993)(JPSalas)[PhysMod5][FullScreen Night MOD LoadedWeapon v1.0].vpt" size="35266560" crc="c61aae36" md5="f27e39eefbdcee323bb6f622078cc85c" sha1="3dd489d06aadb467337849cc73855984d5288476" />
		<rom name="Tales From The Crypt screenshot.png" size="3521231" crc="42dfd73f" md5="a8e82ebce60d65ed44a1dd0e3c3a25ca" sha1="bd0c2e84a478aac64419303ffceb3459cb2ea39e" />
	</machine>
	<machine name="Walking Dead, The (Stern)(2014)(gtxjoe)(1.0)[PM5][FullScreen][MOD prison zombie tank update v1.0 TomTower]">
		<description>Walking Dead, The (Stern)(2014)(gtxjoe)(1.0)[PM5][FullScreen][MOD prison zombie tank update v1.0 TomTower]</description>
		<rom name="TWD Physmod5 (GtxJoe) TTmod.vpt" size="84078592" crc="0fc9ff66" md5="53c02edc96b35fa924b5e2e17bcaf941" sha1="a5a4843fe63c0d5e690b7196a8cba85c0f29fee9" />
		<rom name="TWD-TT-prev-1-600x337-1038x584.jpg" size="204333" crc="eb3f2ebd" md5="0ef4b4850048d2a07c4804dabf8ea096" sha1="2cc69f6420e1a9325f74716b4b5897d3e37c6b6f" />
	</machine>
</datafile>