<?xml version="1.0" encoding="utf-8"?>
<!DOCTYPE datafile PUBLIC "-//Logiqx//DTD ROM Management Datafile//EN" "http://www.logiqx.com/Dats/datafile.dtd">
<datafile>
	<header>
		<name>Visual Pinball [VPX0-VPX06] Original Tables [Flipperless]</name>
		<description>Visual Pinball [VPX0-VPX06] Original Tables [Flipperless] (2024-11-07)</description>
		<version></version>
		<date>2024-11-07</date>
		<author></author>
	</header>
	<machine name="Gaston Pinball Machine, The (2020)(aen)(1.0)[VPX][Flipperless]">
		<description>Gaston Pinball Machine, The (2020)(aen)(1.0)[VPX][Flipperless]</description>
		<rom name="Gaston.directB2S" size="31088911" crc="34a8b03f" md5="a6c9a6cc2a0058a26d77bf1e16fea05e" sha1="3994cf66b9c16b5dbc49097332d51ba1479b9ee4" />
		<rom name="Gaston.vpx" size="14651392" crc="c10d3559" md5="6dc4b380867546b9b15b5de0626beafe" sha1="c6fa5f76a3aba6b01a1cba4501529fa34ba35d78" />
		<rom name="pinball1.jpg" size="7572442" crc="07af96a2" md5="2d4315b139b060b2644e2c0cae332222" sha1="5c4dc5220d7135343a70b253106cd9180856aed9" />
		<rom name="pinball1.txt" size="4844" crc="b13ce895" md5="eaf8ba8030c4682dcb670c79e6cc7710" sha1="36c903f23d7b4a3f0526da4b9a0865ff8479f655" />
		<rom name="pinball2-verso.jpg" size="8255677" crc="650198dc" md5="420d9c2407faf0b30f061258b469ee61" sha1="faf544a92a218b63ef86d0559eb26c55c593eb4b" />
		<rom name="Pinball2.txt" size="33957" crc="74b3e1aa" md5="ea6c6cdc3bec4a41e0668b39b2d51379" sha1="46723bd31f5ce393664211df9f40a51b7d76ac7e" />
		<rom name="pinball3.jpg" size="1658200" crc="ef12f9c6" md5="0f70ca71fc9a2e4a5a270663c3a83827" sha1="18aaf73a85df6f49893aab72b940d0ded850cf77" />
		<rom name="Pinball3.txt" size="6394" crc="a4c838aa" md5="494da5061f5bf4ab326d559f5c4310f8" sha1="dc495317801701a5554db0fec8726b4b2fe1dfc1" />
		<rom name="pinball4.jpg" size="1766791" crc="54e57565" md5="a3b5c7f541f0c73d515808c0ed7fbd6b" sha1="ad9ec1f66124d578a164deb5ac356cf184684a95" />
		<rom name="Table-1.jpg" size="86696" crc="595f4703" md5="fa278662f7b17f078e13e2bae9a1b747" sha1="d75ee01b668c5612d817f2ffab00bf8cc8bdb1f8" />
	</machine>
	<machine name="Talking Word Clock (Rascal)(1.0)[VPX06][Other]">
		<description>Talking Word Clock (Rascal)(1.0)[VPX06][Other]</description>
		<rom name="talking word clock.vpx" size="147165184" crc="6cc37f58" md5="4e1eee45cbbea3e864d879cdcbe3cc25" sha1="38bd7cafb8dbd5ca2db20724335a0e52db98c92b" />
	</machine>
	<machine name="VPX Foosball 2019 (Rascal)(1.0)[VPX06][DT+FS][Game]">
		<description>VPX Foosball 2019 (Rascal)(1.0)[VPX06][DT+FS][Game]</description>
		<rom name="foosball-2019.png" size="992719" crc="bbfafe09" md5="f93d4c55f6dc391ebaf4254c768576f6" sha1="db886a7d45d12a5c4984f941978740aa66e93ec4" />
		<rom name="foosballssdt.jpg" size="480414" crc="735a4b9d" md5="30efd2cac80bd5799a9b87a8e1b44df3" sha1="8750eb7ea90c991411e5ca96c68c7b5d3ec669b4" />
		<rom name="foosballssfs.jpg" size="432534" crc="1be0d652" md5="beecf6f1bd76b1f0310baad50594e155" sha1="ec4989f145f18d559eb6655af76f084bcb68c2ee" />
		<rom name="Instructions to install.txt" size="768" crc="ffa024a6" md5="661f93e1b689b6c753ae3ff4c263dadf" sha1="c5d3d31c5423df901b757e71740ae756a5b430c3" />
		<rom name="setup.exe" size="607232" crc="4cd14850" md5="e4d0705ae78f2c12fe7b58e22d6cac3b" sha1="af12ae8dbd71ebeda86c10a684309841c4b9b976" />
		<rom name="vpmjinput.vbs" size="5898" crc="f6aab4c0" md5="31f35c5c57bf3754f958200a320cb90b" sha1="221e03776c10059bd764f304a934c24a29bd46bc" />
		<rom name="VPMouseJoystickInputSetup.msi" size="695808" crc="a5eeb9bc" md5="1063c02dd1f417ded89b031aa5e269e8" sha1="32423485b569a5af9ad474cfa20bfd360dc9da27" />
		<rom name="VPX Foosball 2019.directb2s" size="2240630" crc="83f5cdc1" md5="aa2757121f7f925273b7a0e1449869aa" sha1="069ab0b07d194f860b86a2df5e9d740db890f6ec" />
		<rom name="VPX Foosball 2019.vpx" size="42881024" crc="7bace329" md5="5990af2c9fd0d16e224e9dc435ccb837" sha1="45bf27d8155622982690f2cf3777cec14f0bc1bb" />
		<rom name="vpxfoosball2019logo.png" size="1723121" crc="95ecff76" md5="edf7665795a156289f4f3e58db2689d8" sha1="f45c3e6d84894b9b4ad81cdd5bf9bf3e2445a6f8" />
	</machine>
	<machine name="ZEN (Druadic)(1.0)[VPX06][Other]">
		<description>ZEN (Druadic)(1.0)[VPX06][Other]</description>
		<rom name="Music/Cathedral.mp3" size="4938604" crc="c2f3aa50" md5="61c050d0d302e840f07c29a1be712b1b" sha1="02e4a9d01a5f9d89c07ab5979fad9dc6af8163db" />
		<rom name="Music/Open Ways.mp3" size="4411976" crc="a90817d6" md5="6970c7e9674a3152308021f682401abd" sha1="e247667fa0d42f68fb2069f2edbfc605bb5dc77b" />
		<rom name="Music/Return To Me.mp3" size="4377703" crc="e09dc394" md5="ee5276be4b510a04571d96452065cd4d" sha1="49846d3c40cac2815c9b8e069758a6fdcc27d877" />
		<rom name="Music/We Rest.mp3" size="4229328" crc="654f7508" md5="77f3a0bbc0983860a71b81f6534ce93c" sha1="87010979de4dcfc498cd05978b7357ba80be9578" />
		<rom name="Hello.txt" size="3819" crc="15d9d3cf" md5="fb70cbb25ee692289fc0c40059bbf231" sha1="434c9f436fade615bd315d07645084b8238f681a" />
		<rom name="ZEN VPX.vpt" size="1732608" crc="fcdee0d2" md5="7fc4944cbe5c4be1ab4eb17a3bfaec55" sha1="4ddc6eb4d6533b6b6e960d6dcf079f6949ba790b" />
		<rom name="Zen_creation.txt" size="5788" crc="60b390de" md5="1d93989c052c4b45893378a147368b07" sha1="b930dd76fa52335e11ab86cd828b9fa355b78d34" />
		<rom name="Zen_info.txt" size="1907" crc="ac9e9942" md5="ef8f6a8bfb0cbacbe3e8c36b095d1922" sha1="b7634ca4e1dce973e55f88dd9ebb3da91ff6d83c" />
		<rom name="Zen_play.txt" size="4112" crc="96db40c6" md5="3c1e44b2a5d3cd2e9fe4364f5905d15f" sha1="6d25c174bd7027916693258d20fd340db80dc00c" />
		<rom name="ZenVPXScreenie.jpg" size="354616" crc="784a4962" md5="7176e389715db52c8b713134c3acf2ac" sha1="f093c9bc9a874dcf089f4739c9544e3b622afb92" />
	</machine>
</datafile>