<?xml version="1.0" encoding="utf-8"?>
<!DOCTYPE datafile PUBLIC "-//Logiqx//DTD ROM Management Datafile//EN" "http://www.logiqx.com/Dats/datafile.dtd">
<datafile>
	<header>
		<name>Visual Pinball [VP9] Original Tables [FullScreen]</name>
		<description>Visual Pinball [VP9] Original Tables [FullScreen] (2024-11-07)</description>
		<version></version>
		<date>2024-11-07</date>
		<author></author>
	</header>
	<machine name="Addams Family, The (TV version) (Bob5453)(2010)[VP9][FullScreen Bob5453]">
		<description>Addams Family, The (TV version) (Bob5453)(2010)[VP9][FullScreen Bob5453]</description>
		<rom name="Addams Family, The (TV version) (2010) screenshot.jpg" size="415378" crc="6cd1acc1" md5="dfd68321201db2ce4a89b9bd674fcac8" sha1="1d615e8d2162b41bb9904e7d727db8a078f6fd1c" />
		<rom name="Addams Family, The (TV version) (Bob5453)(2010)[VP9][FullScreen Bob5453].vpt" size="17605120" crc="994b0ce7" md5="d08b521fa06afac4ebfcf807eb3107e8" sha1="15a378fc29852ac06f4485e8a4b1b7cf1856eb9a" />
	</machine>
	<machine name="Beatles, The (Bob5453)(2011)[VP9][FullScreen Bob5453][B2S Bob5453]">
		<description>Beatles, The (Bob5453)(2011)[VP9][FullScreen Bob5453][B2S Bob5453]</description>
		<rom name="2011/Beatles, The (Bob5453)(2011)[VP9][FullScreen Bob5453][B2S Bob5453]/b2s.vbs" size="6795" crc="79e56d18" md5="317dae398559429c240f4d36faa893ce" sha1="7cd86b0772576c5e6fbe43e408eb4917ec8257cd" />
		<rom name="2011/Beatles, The (Bob5453)(2011)[VP9][FullScreen Bob5453][B2S Bob5453]/Beatles2011FS_B2S.exe" size="4589056" crc="d2f9e68d" md5="9407f695a44fa237e63a4e9f6b402dea" sha1="48a7b687aae2f66051b4e2b53a35899af93df8fa" />
		<rom name="2011/Beatles, The (Bob5453)(2011)[VP9][FullScreen Bob5453][B2S Bob5453]/Beatles2011FS_B2S.vpt" size="32374784" crc="3b1faecc" md5="cd7f5037938a49456af6b0072e1600fe" sha1="8d06e2488f76955a5e3e6ecb9fe96131d54bea12" />
		<rom name="2011/Beatles, The (Bob5453)(2011)[VP9][FullScreen Bob5453][B2S Bob5453]/Beatles, The (Bob5453)(FullScreen) screenshot.jpg" size="1334600" crc="fda8af7c" md5="07ebd362656df35c778e8e8c96c2f983" sha1="f0bc348e685f6738b26a1a5b16b3ab656e5e04e3" />
		<rom name="2011/Beatles, The (Bob5453)(2011)[VP9][FullScreen Bob5453][B2S Bob5453]/How to install NewB2SBeta Backglass.txt" size="1381" crc="013943af" md5="d74aa44c9e035ab178237c1dedd86cce" sha1="a846adb3adce0ead451f28cf703bf5eb15300ca8" />
		<rom name="2011/Beatles, The (Bob5453)(2011)[VP9][FullScreen Bob5453][B2S Bob5453]/ScreenRes.txt" size="25" crc="fb49e8f1" md5="4b76f2b3afcc49559ff27a74732c2e18" sha1="790e6faa9b64ad6dd1252de819a3a33917b7f74e" />
		<rom name="2011/Music/Beatles_BOJAY.mp3" size="487759" crc="45c370a1" md5="7e4c506ed2d8533fe39d6a5b770752cc" sha1="5035f30656b107ad3aae25a0ca73e1db38268f39" />
		<rom name="2011/Music/Beatles_CBML.mp3" size="409183" crc="8c5339cd" md5="56b4b1788b2f4877772f46f26e567cf6" sha1="4368eaabdba594366bbbe9ee10b4b2aacbc8bb18" />
		<rom name="2011/Music/Beatles_EDAW.mp3" size="505731" crc="0fcdc52f" md5="b9b6c21d1c3d2e3b04d8cde40c889387" sha1="73f765b1f1fdc75f5b730fe53c22ad54863f062e" />
		<rom name="2011/Music/Beatles_ISHST.mp3" size="496536" crc="8df77536" md5="90ddfee47c37775c425794b3b0b94e2e" sha1="3f629ffe4d7aff2eb51289133f064dbe12810449" />
		<rom name="2011/Music/Beatles_IWTHYH.mp3" size="461009" crc="c6526587" md5="f8fb1f7ff6c0370d7759ac817f8c60a2" sha1="43edb472018867f993196e244c80d5fb73d4dbae" />
		<rom name="2011/Music/Beatles_LAWR.mp3" size="688797" crc="38a84c5d" md5="daebde14b0ea2cb87de10c98dfab8cd9" sha1="ef58fe7344a344b61106944f84635e9681d7fcf3" />
		<rom name="2011/Music/Beatles_LD.mp3" size="480654" crc="99d48a55" md5="cfdb704f064c1f2e2d1d92af44240f37" sha1="4af524a3fd576656b201fb3ac8147d5c10d9cb43" />
		<rom name="2011/Music/Beatles_LMD.mp3" size="549199" crc="6e004af9" md5="c2735ed797c7a90d53ab8109bab67060" sha1="e213aceecd49ac0bd170dfddc3ebf8589bbd9ba8" />
		<rom name="2011/Music/Beatles_NM.mp3" size="498208" crc="05133d2e" md5="dd70f1dde947aa9ab435de654ed64bbf" sha1="bc2de8569a003344b389146073c13871edd2ff0a" />
		<rom name="2011/Music/Beatles_OG.mp3" size="392882" crc="74bbb14b" md5="2bc98f8ca2f4ef8c7961e90d025d256d" sha1="b5a22d34324fc721177618552e72ff8c2acef49d" />
		<rom name="2011/Music/Beatles_PPM.mp3" size="562156" crc="caf3992a" md5="0c4e6a8477a75fcf5d7dee3790509bac" sha1="44583ccb4a6fb533d0884c818a33fc7cb8e7538a" />
		<rom name="2011/Music/Beatles_SPLHCB.mp3" size="1021911" crc="97295d7f" md5="f905fc8fad8b0eafbf9e9065464f6238" sha1="7bcb94cd8e42d1b130ef924c1247c402a930ebf3" />
		<rom name="2011/Music/Beatles_TTR.mp3" size="613147" crc="c795ac56" md5="7fa4854a8bfb6bcea9b31cf25bd9973d" sha1="1f3dc46942bbb00330b8f7d72cb3a4802c4323bf" />
		<rom name="2011/Music/Beatles_TWST.mp3" size="528719" crc="977175b0" md5="66b1ce3797bb0d4fb9f4ef72edf9045b" sha1="ad3e86aba76c6f353dc6ef6711abce657dbd5025" />
		<rom name="2011/Music/Beatles_YS.mp3" size="345653" crc="6bb915a9" md5="93d2604c760cbba0671f8dbe7a620191" sha1="9f2b1e5197b4d5032390ef16d6072befcab26a18" />
	</machine>
	<machine name="Daffy Duck (Bob5453)(2011)[VP9][FullScreen Bob5453]">
		<description>Daffy Duck (Bob5453)(2011)[VP9][FullScreen Bob5453]</description>
		<rom name="2011/Daffy Duck (2011) screenshot.jpg" size="466348" crc="cefb4592" md5="bb11bb54d1581191529022ec9a0399c9" sha1="94441053157c3a35bcb3a0ab0e75e25d920b07e8" />
		<rom name="2011/Daffy Duck (Bob5453)(2011)[VP9][FullScreen Bob5453].vpt" size="9956864" crc="7c808292" md5="02460cf3c975eb595ed8a150f557f999" sha1="2d13490d3be26a718fdbf980bfae3e069b554af2" />
	</machine>
	<machine name="Dragon (Bob5453)(2011)[VP9][FullScreen Bob5453]">
		<description>Dragon (Bob5453)(2011)[VP9][FullScreen Bob5453]</description>
		<rom name="2010/Dragon (Bob5453)(2010)[VP9][FullScreen Sabbat Moon v1.00].vpt" size="7162368" crc="18e189f0" md5="3a86ec4961cab82d306a3fa837585723" sha1="399f8cc4207c094370ce323433ff470954f1dcb1" />
		<rom name="2010/Dragon (Bob5453)(2010)[VP9][FullScreen Sabbat Moon v1.01].vpt" size="7163392" crc="1e2890b1" md5="25eaf94f618bab64b9bc22893f82eccd" sha1="f669f81f73b19a2f43d3c3b8419a2c789233a222" />
		<rom name="2010/Dragon (Bob5453)(2010)[VP9][FullScreen Sabbat Moon v1.02].vpt" size="7590400" crc="62b6547b" md5="708869381f28e2d32a969bc75c35a986" sha1="234ed04a585433f293fe9e93a80dc6554a2f1fe2" />
		<rom name="2010/Dragon (FullScreen) screenshot.png" size="2055369" crc="f425839b" md5="498594564cb95df0d6b1e25d60f3ec98" sha1="5e3a807aa38fd2f2c345d34dc23a54ccdeca6d7f" />
		<rom name="2011/Dragon (Bob5453)(2011)[VP9][FullScreen Bob5453].vpt" size="7780864" crc="45f49ef2" md5="d383c52b6e78139f4777cfe7426144ba" sha1="52ca0a423891a33a42e6afbf71e36354897d2cc4" />
		<rom name="2011/Dragon (FullScreen) screenshot.jpg" size="530114" crc="9d72b67f" md5="2c6f5d1e18a3aeb369b4b77cc1f21765" sha1="41dfd4291dc4f9d7c7d197e932895655663dd26b" />
	</machine>
	<machine name="Forbidden Planet (Tii)(1.0)[VP9][FullScreen Tii]">
		<description>Forbidden Planet (Tii)(1.0)[VP9][FullScreen Tii]</description>
		<rom name="DIENASTY.ttf" size="39532" crc="abc01ab1" md5="5ea29d471972e56ec7b73b390f3af7f0" sha1="4545647247007fa9935947b21bb49397fdd1ecc8" />
		<rom name="Forbidden Planet (Tii)(1.0)[VP9][FullScreen Tii].vpt" size="4292096" crc="fd627989" md5="9904c7577f6808c0d5f899b47ed9820d" sha1="031c0823589320bd4cf10058039841f23003ad49" />
		<rom name="Forbidden Planet (VP9) screenshot.jpg" size="718389" crc="53a1e1b8" md5="0a0e6e12150a27bfd58ba074c9516179" sha1="7aa27821abaab4415e2f5a3d39b78fb3edb36293" />
	</machine>
	<machine name="Ghostbusters (Bob5453)(2011)[VP9][FullScreen Bob5453][B2S Bob5453]">
		<description>Ghostbusters (Bob5453)(2011)[VP9][FullScreen Bob5453][B2S Bob5453]</description>
		<rom name="Ghostbusters (Bob5453)(2011)[VP9][FullScreen Bob5453][B2S Bob5453]/b2s.vbs" size="6795" crc="79e56d18" md5="317dae398559429c240f4d36faa893ce" sha1="7cd86b0772576c5e6fbe43e408eb4917ec8257cd" />
		<rom name="Ghostbusters (Bob5453)(2011)[VP9][FullScreen Bob5453][B2S Bob5453]/Ghostbusters2011FS_B2S.exe" size="1900032" crc="82504d29" md5="473c8c7d77a84e02b69e21cd9d0a6768" sha1="d9151a95a3ce36108f164cfc4561abe0cac6fb02" />
		<rom name="Ghostbusters (Bob5453)(2011)[VP9][FullScreen Bob5453][B2S Bob5453]/Ghostbusters2011FS_B2S.vpt" size="26361856" crc="0243ddc3" md5="7ff5416f7db1e090b5d6584d3f976923" sha1="932e5ed8b8d08e0668ba97ffffe6afa6df7b31fe" />
		<rom name="Ghostbusters (Bob5453)(2011)[VP9][FullScreen Bob5453][B2S Bob5453]/How to install a Backglass (example).txt" size="1259" crc="ebf61cce" md5="96c5b37aeb6abb20fdbe954c6fa68f8d" sha1="f45e3acb260471579b9e545e03397dd58491f7ca" />
		<rom name="Ghostbusters (Bob5453)(2011)[VP9][FullScreen Bob5453][B2S Bob5453]/ScreenRes.txt" size="25" crc="fb49e8f1" md5="4b76f2b3afcc49559ff27a74732c2e18" sha1="790e6faa9b64ad6dd1252de819a3a33917b7f74e" />
		<rom name="Ghostbusters (Bob5453)(FullScreen) screenshot.jpg" size="672368" crc="e13c6276" md5="46ea99d8a9501cf212b5c63675c65684" sha1="2f0cb3011a7a267df12527c9daec1fe9c4ae606c" />
	</machine>
	<machine name="Harry Potter and the Silverball Dream (Neo)(1.0.1)[VP908][FullScreen Neo]">
		<description>Harry Potter and the Silverball Dream (Neo)(1.0.1)[VP908][FullScreen Neo]</description>
		<rom name="Game Music/HarryMain.mp3" size="3101466" crc="89056546" md5="e08a36cf98eddfc76f7f5381d7dc86ba" sha1="7516fc20ea99172613862c9d1910336e95b54297" />
		<rom name="Game Music/vpharryballstart.mp3" size="1132669" crc="803ae1e3" md5="7a1048ba5203e9c8e4d079ec449cf310" sha1="5519c9c159af8b0bf2afc06deb4eb1b465a85ec1" />
		<rom name="Game Music/vpharryendgame.mp3" size="1633384" crc="20712616" md5="7b30c152b2d9927c2588731f9410e637" sha1="81543aed148957d9d4affe17fcee47efe2e5e984" />
		<rom name="Game Music/vpharryendgamehiscore.mp3" size="2082273" crc="de6a9fcc" md5="7d055c85f7e790b7e89826ada3132745" sha1="82929570c51c6031c71266e56c3ef2d602c4cb9e" />
		<rom name="Game Music/vpharryflyinglesson.mp3" size="2177567" crc="4fe55285" md5="5efd59b46a355a783c4982cad01d88be" sha1="8588c6741ee5c4b3c2bcb4926aa7c4b52286aca2" />
		<rom name="Game Music/vpharryhousemultiball.mp3" size="4262348" crc="a97e5c02" md5="0803797337f59067f9a737b15922306f" sha1="034b66bd94dba6c1e88c8436042a6d0e64a2e872" />
		<rom name="Game Music/vpharrypotionmode.mp3" size="1921776" crc="a03c29a3" md5="65d3aec8494eb5c1021965289e6fedbe" sha1="d668afc2cf8e7c8585e03fb494f26a932fc09222" />
		<rom name="Game Music/vpharryquidditch.mp3" size="3005127" crc="ef036a49" md5="cff34ab9bf8ab43f1d5dc8cb1d020dab" sha1="bbec9c6f1a7cf35fd7555d3caf7acd2361af651d" />
		<rom name="Game Music/vpharrystartup.mp3" size="2634815" crc="c6517cb1" md5="7434df1293c6803b854774e60acf5a0d" sha1="feb9f5b9fda95b065eeb596f0a0d644496c9ff75" />
		<rom name="Harry Potter and the Silverball Dream (1.01 FS) screenshot.jpg" size="420926" crc="2968f9c3" md5="5b32e07258cf42724f04b6374a75fb39" sha1="1eb79a9414c448ffbc913f802b8b5cbd93c5672b" />
		<rom name="Harry Potter and the Silverball Dream (Neo)(1.0.1)[VP908][FullScreen Neo].vpt" size="20965888" crc="08691697" md5="a37c0b9941e6e06f59b8dce2387e2e90" sha1="be4555e30ce75d5c5678bd6e04203dcb1ed0dc2f" />
		<rom name="readme.txt" size="3412" crc="573ee9dc" md5="05da01957b301814f1507fe8dfa5b62d" sha1="c2979fd78ea7dcd938f15111742143d233f203d7" />
	</machine>
	<machine name="He's Dead Jim (Tii)(1.0)[VP909][FullScreen Tii]">
		<description>He's Dead Jim (Tii)(1.0)[VP909][FullScreen Tii]</description>
		<rom name="Fonts/alieesb.ttf" size="17920" crc="baa3cc94" md5="3667c3af7fa1a4248bb5a9e44c153091" sha1="c131c67eee052c6ef93e0d6e425a5c652e2562d3" />
		<rom name="Fonts/deadjim.ttf" size="8076" crc="fd131073" md5="349d1e95b71926e25463ff87985cf79a" sha1="0fb49970295b4ac642701908c80d9dba75afbaca" />
		<rom name="He's Dead Jim (Tii)(1.0)[VP909][FullScreen Tii].vpt" size="3311104" crc="55cd7d47" md5="a70d0d881c6edd667323bca094cd19c4" sha1="3ea9220bde1c38e6dbacc53441ddc24443685984" />
		<rom name="He's Dead Jim screenshot.jpg" size="781407" crc="7d6740d0" md5="985d3b459ef2b07dd856a0ea16381c5f" sha1="0d44ac87e42311f6f31067998fe80bb3c492b208" />
	</machine>
	<machine name="Iron Maiden - The Pin Factor (roccodimarco)(1.1)[VP9][FullScreen]">
		<description>Iron Maiden - The Pin Factor (roccodimarco)(1.1)[VP9][FullScreen]</description>
		<rom name="(1.0)[VP9][FullScreen]/Iron Maiden The Pin Factor 1.0.txt" size="3183" crc="b0e46f81" md5="add202ef85575b3804f7497f9550ccee" sha1="f794c3979372de56afb863d482430431dd6ba1d0" />
		<rom name="(1.0)[VP9][FullScreen]/Iron Maiden The Pin Factor.vpt" size="98398208" crc="99a58072" md5="722997d3f31cf68b54560672c9e6af31" sha1="1f0b748ea5850c7c1bf0348c0d10f7d876035405" />
		<rom name="(1.1)[VP9][FullScreen]/Iron Maiden The Pin Factor 1.1.txt" size="3339" crc="ab18de1f" md5="d54ea7274578c33fd3d25624b3d23d49" sha1="2e71f61bee1144b309a9ad0823146a45c37656c9" />
		<rom name="(1.1)[VP9][FullScreen]/Iron Maiden The Pin Factor.directb2s" size="8407480" crc="ed99ab0f" md5="001aabb17972db7fce5e0f0849c7740c" sha1="46833a500bd26bdf365657a3ca0dc54b2cbac323" />
		<rom name="(1.1)[VP9][FullScreen]/Iron Maiden The Pin Factor.vpt" size="102371328" crc="72b3dc9b" md5="9b663909b515b014bfedb56450420de5" sha1="3fbee5cc1939cbbfa2c111239a1c6b9671d49ea3" />
		<rom name="(1.1)[VP9][FullScreen]/music/gameover.mp3" size="220122" crc="5d619700" md5="80e6a464d84cda4e4dcd22f67a755908" sha1="c1a5b634da88eeb531f4c552b39ca0acee5595fb" />
		<rom name="(1.1)[VP9][FullScreen]/music/track1.mp3" size="4001190" crc="f41cf4b8" md5="44227abd4022b81c1297608072b354de" sha1="144b7ff6d70fe60b7a42955afddd0087bd1343f7" />
		<rom name="(1.1)[VP9][FullScreen]/music/track2.mp3" size="3981963" crc="4333a43e" md5="1644851086dca01b84d9211b11b35e3d" sha1="08aa0df1af10963d92f93b0f1a9543ed125ff28a" />
		<rom name="(1.1)[VP9][FullScreen]/music/track3.mp3" size="4007877" crc="2c0b05ce" md5="d8825f18f123ce09f351ff1562be5096" sha1="be33ff84f757e9106035869a999ba150fcd3a5cd" />
		<rom name="(1.1)[VP9][FullScreen]/music/track4.mp3" size="3957722" crc="d0633a90" md5="3bbdabab990bfa8e5ac2c098bf5c81a5" sha1="306c7fd88fb8664e78ce3a2de650fe1b842c03fc" />
		<rom name="(1.1)[VP9][FullScreen]/music/track5.mp3" size="3930136" crc="506e6c6a" md5="ea4cc44cdd3eb2462dd253e08cdb023b" sha1="f1262839a18bb657afafd299750f8d81a503551e" />
		<rom name="(1.1)[VP9][FullScreen]/music/track6.mp3" size="9773415" crc="83e16b61" md5="a357e43722f1f7d995a58e237f34a46e" sha1="fa44a2f44a1c1341f5777eac59966ce904f06b54" />
		<rom name="(1.1)[VP9][FullScreen]/music/track7.mp3" size="10146443" crc="20219719" md5="7419c6e4d8629c9e98a0a981e2ef866a" sha1="5d8e2e655c9e90ae1153875d109a6e077750c5d0" />
		<rom name="(1.1)[VP9][FullScreen]/music/track8.mp3" size="9909252" crc="3683fa17" md5="9e1105c1b96ad76bb988ba5af3983948" sha1="3e95b9d07dbba4a709f2be635d31da3dc98739ec" />
		<rom name="(1.1)[VP9][FullScreen]/music/track9.mp3" size="10142264" crc="6be3555d" md5="efb7cd67551e36684ce3f235f7528a36" sha1="ecd7c628ce016486588e8a9b26e46b41a3d22580" />
		<rom name="(1.1)[VP9][FullScreen]/music/track10.mp3" size="10006427" crc="4d0e807b" md5="10d1989acf61e8fafa25317da5b58dd4" sha1="ea95875ada6347b130a07f48e0d72848f158ce65" />
		<rom name="(1.1)[VP9][FullScreen]/music/track11.mp3" size="8751985" crc="a51a9f4b" md5="1a23b3abf0fdcd80e705b1f150bf2e23" sha1="efda617a02b5cdc65f90caae136972d3e31c5ed5" />
		<rom name="(1.1)[VP9][FullScreen]/music/track22.mp3" size="8881974" crc="ab13ac34" md5="9f18f0628222ec92e79c5264551ccc38" sha1="a568c000e2979f2147c2eb472fab3af7e8b93483" />
		<rom name="(1.1)[VP9][FullScreen]/music/track33.mp3" size="7268735" crc="9786554d" md5="f04520b6e4f7eec8b06077f178153686" sha1="17633533b84d1e6dcb980edee6ec0095b0cb851a" />
		<rom name="(1.1)[VP9][FullScreen]/music/trackintro.mp3" size="6599015" crc="e82d2703" md5="278bb657be734a0ee049190840250931" sha1="df5c90f44598c0054f8a3ed8d0d0fefaac46f250" />
		<rom name="Iron Maiden The Pin Factor.png" size="2895197" crc="4d9bef14" md5="dd8305848715dc2eddbdd8418216359a" sha1="38bef00d2d3ee9fd60a472cd3a2fa1f695029b4e" />
		<rom name="pf.png" size="1620847" crc="0f755b0a" md5="bd6172204a99d6905998a6cc2330f112" sha1="f0a23ef319b1e2fa3046802f19fd127b5def94c0" />
		<rom name="pin2.png" size="81771" crc="2b852611" md5="96e58281b5fd02f5fb30096457785235" sha1="610f916ef8b2916c028f43751dfcf7e314ccb393" />
	</machine>
	<machine name="Left 4 Dead (GamingLord, TheGuyOverThere)(2.5)[VP9][FullScreen]">
		<description>Left 4 Dead (GamingLord, TheGuyOverThere)(2.5)[VP9][FullScreen]</description>
		<rom name="2.3/Left 4 Dead (2.3)(FullScreen) screenshot.jpg" size="651350" crc="0d611b75" md5="761e4f037b3d483717103d3a49c47176" sha1="dd87afa4886ddd8cc334f5561e46de54e5ff0a17" />
		<rom name="2.3/Left 4 Dead (GamingLord, TheGuyOverThere)(2.3)[VP9][FullScreen].vpt" size="17154048" crc="f2537b90" md5="96bdddbf2c1765b50705333fc2bda46d" sha1="b286305f39bb16f9c5a198a637eea943fad1438e" />
		<rom name="2.4/Left 4 Dead (GamingLord, TheGuyOverThere)(2.4)[VP9][FullScreen].vpt" size="17292800" crc="ebd5a006" md5="d7c5c299135b1d16d571ffb24952d13d" sha1="435594798393ce8a0115df5a92e78189c908864e" />
		<rom name="2.5/Left 4 Dead (2.5)(FullScreen) screenshot.jpg" size="672739" crc="c23aed2e" md5="44644fdf51cd0b5b3f362dc6927edda1" sha1="6b14767a250e635cac030badce46973eb69f7a3c" />
		<rom name="2.5/Left 4 Dead (GamingLord, TheGuyOverThere)(2.5)[VP9][FullScreen].vpt" size="17292800" crc="babd11b8" md5="78f005d14b5cc37b096b7b1be6f60a6c" sha1="5a5cb10899a4c35c9bc85b9effa0fa774504166c" />
		<rom name="Fonts/ballsont.ttf" size="101072" crc="4e33b384" md5="cf09c98cfea69fc76842ec3efefc48bc" sha1="817746994f3500c2d6f3801d8117f70f9043dbf9" />
		<rom name="Fonts/futurot.ttf" size="14000" crc="3203e7eb" md5="8f8c89cd0d15b028da826d799834bed0" sha1="2e11eaff7b86c507f85067474847a0a07f82a3f8" />
		<rom name="Music/Instructions.txt" size="83" crc="5ad391f6" md5="14cabf4072769d1186227091538b1a60" sha1="a651a45c0c0de7eb0ba610926157628ee37b4cdd" />
		<rom name="Music/L4Dbeforegame.mp3" size="1285667" crc="c4f8ff46" md5="63026fa300e6aa9cd1b2ae43e4d8567c" sha1="8cc941b761c1715acb344dd5f48c53faadf7a695" />
		<rom name="Music/L4DBoomer.mp3" size="362396" crc="571c24e8" md5="b2dd9d77feedc61fde7e0512702305c5" sha1="f1c259eb02d8d11ac24c2f159c322a913b467bb6" />
		<rom name="Music/L4DDodgeHunter.mp3" size="1012868" crc="17950fc9" md5="5ff02d21ba4d0faff3d57ff8d1044f4e" sha1="afef1103bb4c1a6b1bac41e7ae79bad4b649820d" />
		<rom name="Music/L4DMainTheme.mp3" size="984029" crc="c5bd3b87" md5="6e066420d325dbd84bd9dffe16fad62a" sha1="7ebbfbdab6e9fcfd8aead58f7d209757f6d7a782" />
		<rom name="Music/L4DRescue.mp3" size="731582" crc="218547d5" md5="cf328048cfd4756ca880b2312af9039b" sha1="acd3547674484e735635db8472767561986088d5" />
		<rom name="Music/L4Dtankattack.mp3" size="1258210" crc="00a3768c" md5="699bbb9e36d10ca9d02da6ec0e9e1d4f" sha1="d53b808d29e26b2ed1798ba9de254271967540d5" />
		<rom name="Left 4 Dead Credits.txt" size="1045" crc="addf3fda" md5="a069604d6e8ea27205063ba7541061b7" sha1="270c85f0354566b61e98b9e936a4328b4706efa9" />
		<rom name="Left 4 Dead readme.txt" size="423" crc="13cd04b5" md5="3ec446089d75650765be72b7aae5466b" sha1="77a4c59821b37a63c26cf9837485156fe505c412" />
	</machine>
	<machine name="Mars Attacks (Bob5453)(2010)[VP9][FullScreen Bob5453]">
		<description>Mars Attacks (Bob5453)(2010)[VP9][FullScreen Bob5453]</description>
		<rom name="Mars Attacks (2010 Backbox) screenshot.jpg" size="536248" crc="5792d2c7" md5="b9e62319836f1c23370cb302e3e88a60" sha1="51cc79b1e30bed4bdd7c922a607ec28eff8c6cea" />
		<rom name="Mars Attacks (2010) screenshot.jpg" size="598933" crc="d7ca3ce1" md5="3f411c67a4c79d994f1e053b6816e0c6" sha1="78d257a60b6838d69c2b44cc3e1a267bed46e49e" />
		<rom name="Mars Attacks (Bob5453)(2010)[VP9][FullScreen Bob5453 Backbox not for Bluto].vpt" size="17282560" crc="25443031" md5="d6ab2455ff50c317a93bbd79e3f6dd3b" sha1="8e2390a8d9981dfdee97d55940cc2c6fa072fd1b" />
		<rom name="Mars Attacks (Bob5453)(2010)[VP9][FullScreen Bob5453].vpt" size="16022528" crc="4e95d4af" md5="1be3229e0c8379384535002c75b17fe9" sha1="35b8dd5d2e02aea673b30a48236ba05ce1ae1017" />
	</machine>
	<machine name="Miss Adventure (coxbrian)(1.01)[VP9][FullScreen coxbrian]">
		<description>Miss Adventure (coxbrian)(1.01)[VP9][FullScreen coxbrian]</description>
		<rom name="Miss Adventure (coxbrian)(1.01)[VP9][FullScreen coxbrian].vpt" size="9117696" crc="35bbcd9a" md5="0f558d21922b8ff85e437094470de876" sha1="6861db51b9120b343540c33971aa980637899ae6" />
		<rom name="Miss Adventure screenshot.png" size="247261" crc="99e058d7" md5="10cb6872d13fb851393c867b4bd03de7" sha1="120068bffb92aa2eba72d61db027baf593583403" />
	</machine>
	<machine name="Nova 2010 (starman7007)(1.0)[VP9][FullScreen starman7007]">
		<description>Nova 2010 (starman7007)(1.0)[VP9][FullScreen starman7007]</description>
		<rom name="2010/Music/NovaAllDone.mp3" size="322038" crc="82a3f8bb" md5="4a4c2d1e783de586065a395d58005a15" sha1="f2f3589e5ad98af528b9eb653602e5875d77d3d4" />
		<rom name="2010/Music/NovaConnect.mp3" size="93414" crc="58b50a34" md5="28da85fba47a707b9a81e6117ff09a62" sha1="fd62b6a63e1f4abe40199d8ac0b7ee369789fe9a" />
		<rom name="2010/Music/NovaHHM.mp3" size="333322" crc="cd148431" md5="87a919391e1161b328d7eb61477292e5" sha1="fccf73333e6d8105ee8ae8b2923f3270800ebcee" />
		<rom name="2010/Music/NovaIntro.mp3" size="560483" crc="28452541" md5="5e796b847e3abee97c682263589ed961" sha1="a8a7980a9e6e02ac35c21517bc9b30307df5ee14" />
		<rom name="2010/Music/NovaMagnetic.mp3" size="493819" crc="8eb29833" md5="e74f16ce3a7776529e279773de68cfec" sha1="0102d55ec635f22b7ae6f2e15fed0e007a502f3f" />
		<rom name="2010/Music/NovaNorm.mp3" size="898194" crc="bd0098eb" md5="30cad2ba2b18a174076aa9f71ac9b12b" sha1="118c6901eaa60e420749fec8b67f0dcbef527b7e" />
		<rom name="2010/Music/NovaNova.mp3" size="621923" crc="7225e193" md5="621b7206e155c3d4c7d6e396e68c6f66" sha1="88a2042a98cab167e9402c0c02f967df1ec3e65b" />
		<rom name="2010/Music/NovaRep.mp3" size="294243" crc="3fe58b46" md5="10493c32cc4b96a717f8fa136ca6fae1" sha1="a66e4c84e0625c249ce49e0fb863fef7369edef3" />
		<rom name="2010/Music/NovaShake.mp3" size="242625" crc="9dd1aaea" md5="47b9c19a0631d4ae31dd662474df6f0d" sha1="150be71d39e774540fa7f7c345f00d97e2165e3b" />
		<rom name="2010/Music/NovaStorm.mp3" size="282958" crc="8930b092" md5="78f8c2e96e4c042c19eab1a5ff95a796" sha1="dda92b994621e8bd8be8ee66ca39fae0db405bbd" />
		<rom name="2010/Music/NovaUYY.mp3" size="734459" crc="a8400379" md5="4874cc28ba93860558aee68b5c48ac89" sha1="5ce54baebbae2e744f3ca865b69fd1e8872ae901" />
		<rom name="2010/Music/NovaYGSYTAE_part_I.mp3" size="164676" crc="553c4bfa" md5="840a7647fcf5b5ba31aa30eeea10c55a" sha1="20896ca548f550c61262ddb401c75a41c150e416" />
		<rom name="2010/Music/NovaYGSYTAE_part_II.mp3" size="154018" crc="f56de284" md5="960777c0eb9e3e095b5206418f481c70" sha1="3d9a9efc45ed0d03bb24b4bc974e317aa49ba7e9" />
		<rom name="2010/Nova 2010 (starman7007)(1.0)[VP9][FullScreen starman7007].vpt" size="16162816" crc="7482f675" md5="1bebb38cde9338cc79e0971738933263" sha1="4af90a4a15ef34351980c26a7af5f215569e4f14" />
		<rom name="2010/Nova 2010 flyer 1.jpg" size="356284" crc="6ddbdd26" md5="6fe4a5c556014ff3cd4fcd21c952ffb2" sha1="af9f8719b61e1f3d27b324ef48db9ac49a080a5a" />
		<rom name="2010/Nova 2010 flyer 2.jpg" size="307124" crc="7ea6efcc" md5="64146c87fb3d4adaaa81c18825e55976" sha1="39ce74e481089cce80e862e761d7ef5399a71e2e" />
		<rom name="2010/Nova 2010 screenshot.png" size="964248" crc="104b2479" md5="f7c13d87f6d165219043b101d8631643" sha1="ea539c37ca1eed83ea3580e52cccd2ad8b19d42a" />
		<rom name="2010/Nova 2010 Useful Notes.txt" size="2877" crc="ecdd6ec4" md5="d3bd0929536bea9a77cabaf85154f824" sha1="fea18f829fb86efa00b8197da99491bade1dd657" />
	</machine>
	<machine name="Rapid Vienna (starman7007, Bob5453)(2011)[VP9][FullScreen Bob5453]">
		<description>Rapid Vienna (starman7007, Bob5453)(2011)[VP9][FullScreen Bob5453]</description>
		<rom name="2010/Rapid Vienna (2010) readme.txt" size="14742" crc="d1268458" md5="0d67054e4eace002ffd2e3fd264610ff" sha1="f3c3d13a152c39c4e14a99cb72ff55e9c33c137b" />
		<rom name="2010/Rapid Vienna (2010) screenshot.jpg" size="516272" crc="d0e75623" md5="5aa62155bb7596ea02abef7203c0ac8e" sha1="2d1b35e0180a763f48bd99a772ded72ba964eadd" />
		<rom name="2010/Rapid Vienna (2010a) readme.txt" size="15077" crc="57928aeb" md5="734a9087ecf2fb22f1cbfe96ba34314d" sha1="b770d6ca6c3064d59b7516eed5c3e2ec35a8ad47" />
		<rom name="2010/Rapid Vienna (starman7007, Bob5453)(2010)[VP9][FullScreen Bob5453].vpt" size="5789696" crc="04b52103" md5="11bbc811488d05ed5f833931b08e1672" sha1="513a51acae7cb33646a4d95798ad307a8e313287" />
		<rom name="2010/Rapid Vienna (starman7007, Bob5453)(2010a)[VP9][FullScreen Bob5453].vpt" size="5904384" crc="c01d2965" md5="6e0ff9d734c1f1e94c2546a39d393a6d" sha1="3a82b2f082b1d1e9fec784ec524a4e2b425874fa" />
		<rom name="2011/Rapid Vienna (2011) screenshot.jpg" size="465344" crc="c3ce3f7d" md5="97f989b3ba3354c7420eb1156fa8cc0a" sha1="a5f3c09ba6475842b6b1bc73924db9cb39f8a48a" />
		<rom name="2011/Rapid Vienna (starman7007, Bob5453)(2011)[VP9][FullScreen Bob5453].vpt" size="44397056" crc="c2bc8810" md5="3d498c908272e077abc8440f278d3885" sha1="c43eedf7e0353873014dc2eeee9d031fa3b7f3fe" />
	</machine>
	<machine name="Rat Fink (2015)(hauntfreaks)(1.4)[VP9][Source Table Star Trek JPSalas][Fullscreen]">
		<description>Rat Fink (2015)(hauntfreaks)(1.4)[VP9][Source Table Star Trek JPSalas][Fullscreen]</description>
		<rom name="music/fink1.mp3" size="5659901" crc="d9c61c54" md5="5fad266c78b2498ce0564c9e551c0930" sha1="bdbe3933538341057e6c0bcd9bfcad3392cc3450" />
		<rom name="music/fink2.mp3" size="2272342" crc="995fd588" md5="1b10ce1454e3e6fd61ebf1edc494fcb1" sha1="fd656ee52e8bd207923a3975a2ab995d37eb2c12" />
		<rom name="music/fink3.mp3" size="4004365" crc="9fc44464" md5="38d3c1026743505f6ca9732d8fbdc8a4" sha1="48e2e2991a6387c7afebc55ca5a1dc44b74579f0" />
		<rom name="Rat Fink (hauntfreaks 2015).directb2s" size="28018579" crc="06efcb30" md5="3193846e70d4c4def3ddbc787a9c9495" sha1="81edeef731baa8113e65d873ae56c45c26853f75" />
		<rom name="rat_fink_(2015)_1.4giFS.vpt" size="52523008" crc="916f9d4b" md5="ad64ca969b23e68c4c22832dd3dd0dea" sha1="021c9896ab90aabd550658a7976267fe776cf768" />
	</machine>
	<machine name="Space 1999 (rosve)(1.03)[VP9][FullScreen rosve][B2S rosve]">
		<description>Space 1999 (rosve)(1.03)[VP9][FullScreen rosve][B2S rosve]</description>
		<rom name="Space 1999 (rosve)(1.0)[VP9][FullScreen rosve][B2S rosve]/b2s.vbs" size="6795" crc="79e56d18" md5="317dae398559429c240f4d36faa893ce" sha1="7cd86b0772576c5e6fbe43e408eb4917ec8257cd" />
		<rom name="Space 1999 (rosve)(1.0)[VP9][FullScreen rosve][B2S rosve]/How to install Space1999_FS_B2S.txt" size="1281" crc="2e9a9bc5" md5="79e71b16dba4a46d762ecd7ab8e489d0" sha1="cd8b1c17e52728f47d230352e80be63aea8be31d" />
		<rom name="Space 1999 (rosve)(1.0)[VP9][FullScreen rosve][B2S rosve]/ScreenRes.txt" size="24" crc="e8d6f8b5" md5="49d1c3b5c0e5d03e41c6ac3cb941f40c" sha1="fda978f62ed0710c05d06df0e105608a4c1a6594" />
		<rom name="Space 1999 (rosve)(1.0)[VP9][FullScreen rosve][B2S rosve]/Space1999_FS_B2S.exe" size="13856768" crc="48cf3855" md5="29a0d2d711414a7c34a706fcde564653" sha1="842f71e195b5a5fc92b2bc8fba1b9d70e75eda8f" />
		<rom name="Space 1999 (rosve)(1.0)[VP9][FullScreen rosve][B2S rosve]/Space1999_FS_B2S.png" size="2835619" crc="bb32262a" md5="00ed899c70e697be06fa7aae2483ede9" sha1="579842c5b397f618f21fb3a689dcb92657856ece" />
		<rom name="Space 1999 (rosve)(1.0)[VP9][FullScreen rosve][B2S rosve]/Space1999_FS_B2S.vpt" size="27009024" crc="d97450d6" md5="24c2807cc1463cb46c68bc9c4e62a183" sha1="5b9b6fc1cb02291b43718352257ca4ba1a7051ce" />
		<rom name="Space 1999 (rosve)(1.01)[VP9][FullScreen rosve][B2S rosve]/b2s.vbs" size="6795" crc="79e56d18" md5="317dae398559429c240f4d36faa893ce" sha1="7cd86b0772576c5e6fbe43e408eb4917ec8257cd" />
		<rom name="Space 1999 (rosve)(1.01)[VP9][FullScreen rosve][B2S rosve]/How to install Space1999_FS_B2S.txt" size="1281" crc="2e9a9bc5" md5="79e71b16dba4a46d762ecd7ab8e489d0" sha1="cd8b1c17e52728f47d230352e80be63aea8be31d" />
		<rom name="Space 1999 (rosve)(1.01)[VP9][FullScreen rosve][B2S rosve]/ScreenRes.txt" size="23" crc="b7466635" md5="36c20cafe143011ec8c08e4bd95eb909" sha1="321ebcccd63c0b19d435a85bd8eb2f04e6460369" />
		<rom name="Space 1999 (rosve)(1.01)[VP9][FullScreen rosve][B2S rosve]/Space1999_FS_B2S.exe" size="14919680" crc="95b23620" md5="c8ddc5399af14a496356c689277096ab" sha1="306e7934a4e5562b5b9b5835bccf4aa8bbb74f36" />
		<rom name="Space 1999 (rosve)(1.01)[VP9][FullScreen rosve][B2S rosve]/Space1999_FS_B2S.png" size="2835619" crc="bb32262a" md5="00ed899c70e697be06fa7aae2483ede9" sha1="579842c5b397f618f21fb3a689dcb92657856ece" />
		<rom name="Space 1999 (rosve)(1.01)[VP9][FullScreen rosve][B2S rosve]/Space1999_FS_B2S.vpt" size="27009024" crc="b7b5e7ca" md5="1ed27e7f695fd66e16575400fcec6202" sha1="536ad29c4120c584c2e73a8ebfb4b1343f94a7d5" />
		<rom name="Space 1999 (rosve)(1.02)[VP9][FullScreen rosve][B2S rosve]/b2s.vbs" size="6795" crc="79e56d18" md5="317dae398559429c240f4d36faa893ce" sha1="7cd86b0772576c5e6fbe43e408eb4917ec8257cd" />
		<rom name="Space 1999 (rosve)(1.02)[VP9][FullScreen rosve][B2S rosve]/How to install Space1999_FS_B2S.txt" size="1281" crc="2e9a9bc5" md5="79e71b16dba4a46d762ecd7ab8e489d0" sha1="cd8b1c17e52728f47d230352e80be63aea8be31d" />
		<rom name="Space 1999 (rosve)(1.02)[VP9][FullScreen rosve][B2S rosve]/ScreenRes.txt" size="23" crc="b7466635" md5="36c20cafe143011ec8c08e4bd95eb909" sha1="321ebcccd63c0b19d435a85bd8eb2f04e6460369" />
		<rom name="Space 1999 (rosve)(1.02)[VP9][FullScreen rosve][B2S rosve]/Space1999_FS_B2S.exe" size="14919680" crc="95b23620" md5="c8ddc5399af14a496356c689277096ab" sha1="306e7934a4e5562b5b9b5835bccf4aa8bbb74f36" />
		<rom name="Space 1999 (rosve)(1.02)[VP9][FullScreen rosve][B2S rosve]/Space1999_FS_B2S.png" size="2835619" crc="bb32262a" md5="00ed899c70e697be06fa7aae2483ede9" sha1="579842c5b397f618f21fb3a689dcb92657856ece" />
		<rom name="Space 1999 (rosve)(1.02)[VP9][FullScreen rosve][B2S rosve]/Space1999_FS_B2S.vpt" size="27009024" crc="152abc85" md5="65abadb4e272619f97947ef84824718a" sha1="cf7d3f155ddd4af0ee3bff2d7d63b56b7568eca9" />
		<rom name="Space 1999 (rosve)(1.03)[VP9][FullScreen rosve][B2S rosve]/b2s.vbs" size="6795" crc="79e56d18" md5="317dae398559429c240f4d36faa893ce" sha1="7cd86b0772576c5e6fbe43e408eb4917ec8257cd" />
		<rom name="Space 1999 (rosve)(1.03)[VP9][FullScreen rosve][B2S rosve]/How to install Space1999_FS_B2S.txt" size="1281" crc="2e9a9bc5" md5="79e71b16dba4a46d762ecd7ab8e489d0" sha1="cd8b1c17e52728f47d230352e80be63aea8be31d" />
		<rom name="Space 1999 (rosve)(1.03)[VP9][FullScreen rosve][B2S rosve]/ScreenRes.txt" size="23" crc="b7466635" md5="36c20cafe143011ec8c08e4bd95eb909" sha1="321ebcccd63c0b19d435a85bd8eb2f04e6460369" />
		<rom name="Space 1999 (rosve)(1.03)[VP9][FullScreen rosve][B2S rosve]/Space1999_FS_B2S.exe" size="14920192" crc="61fef6fc" md5="aa00fa4c75e9088f2bfbfebc2fa47340" sha1="0e274151f468c1e4ced61273c97e8fe2010ed329" />
		<rom name="Space 1999 (rosve)(1.03)[VP9][FullScreen rosve][B2S rosve]/Space1999_FS_B2S.png" size="2835619" crc="bb32262a" md5="00ed899c70e697be06fa7aae2483ede9" sha1="579842c5b397f618f21fb3a689dcb92657856ece" />
		<rom name="Space 1999 (rosve)(1.03)[VP9][FullScreen rosve][B2S rosve]/Space1999_FS_B2S.vpt" size="27009024" crc="83407736" md5="639016d7a35fd954f597f7e3d2da7951" sha1="38f39c4838746624ca85d7f0a60d201764a0fef7" />
		<rom name="Space 1999 (rosve)(FS) screenshot.jpg" size="1595590" crc="a38efd28" md5="e3ba49f5cc4728b73af17a7593752296" sha1="4cacb083c050bf3cb7e9ef17c377109b85f25e5d" />
	</machine>
	<machine name="Spider-Man (Bob5453)(2010a)[VP9][FullScreen Bob5453]">
		<description>Spider-Man (Bob5453)(2010a)[VP9][FullScreen Bob5453]</description>
		<rom name="Fonts/digiread.ttf" size="31144" crc="651591e7" md5="2f2b9f073de482ec7d55728981b5ee66" sha1="106908d15d70e7f32489d627dbc0da5386da8aa5" />
		<rom name="Music/FlyingCondor.mp3" size="5261411" crc="0a2da7cb" md5="15f3420fac3ff46f29120db97e316d44" sha1="7e10235ca3987aedd850499e08f77c23b3bef487" />
		<rom name="Music/Spiderman01234.mp3" size="1869794" crc="34dac64f" md5="62ec89444b43027134322794dc89a2a7" sha1="2ccfaeb7c15b7ea13977901286436f7f1a87bd60" />
		<rom name="Music/SpidermanNewer.mp3" size="2633168" crc="d45a1131" md5="75127ce6f7c10f880569b4c25d9d73e8" sha1="48c9d8d0015a9e1bfc28057750d835540f49c740" />
		<rom name="Music/SpidermanRamones.mp3" size="2027724" crc="12743fb6" md5="f2fcc8bb991861e01c33134f9fdadc39" sha1="bcefdb3a7ee10690f1a5f8e454fed8eef12b3585" />
		<rom name="screenshot.jpg" size="516260" crc="7e91e7b9" md5="0f5a35d24641939958e530cb9bef23b3" sha1="dfdd0d652e4d418b5fcf59eee66c1e19c3bf9747" />
		<rom name="Spiderman 2010a vp9 FS.vpt" size="15801856" crc="026383fd" md5="fc8a2f3444f285dd5301372e98089d68" sha1="4e93af7b408a5d4eb6928b12cd74c0045c9fb78f" />
	</machine>
	<machine name="Spider-Man (JPSalas)(1.0.2)[VP9][FullScreen JPSalas][En, Sp]">
		<description>Spider-Man (JPSalas)(1.0.2)[VP9][FullScreen JPSalas][En, Sp]</description>
		<rom name="Full Screen/Spider-Man (1.02)(Full Screen) screenshot.jpg" size="1555859" crc="5c5049ea" md5="67ea3b31a6f8adb2caf243acd8e37c27" sha1="97b89001005a5fb9093a5aca42621a7d29067aaf" />
		<rom name="Full Screen/Spider-Man_JP_VP9_1.02_FS B.png" size="1240718" crc="52bf23a4" md5="6cae490759c8d64f52aa5620970d1dee" sha1="1d6b4d1701c66844d1bde6d6aae989da513be3b5" />
		<rom name="Full Screen/Spider-Man_JP_VP9_1.02_FS P.png" size="2922339" crc="a40ee5b7" md5="9a5b485fa7a2f9769c2f573721c357fc" sha1="ddeebe180289117614b79b735bbf3be03403ce14" />
		<rom name="Full Screen/Spider-Man_JP_VP9_1.02_FS W.png" size="102756" crc="7de59506" md5="bbffc427873f68b1782d9036cd4144fd" sha1="92bf2edb0f5b14191902e87835c35d82495e57ad" />
		<rom name="Full Screen/Spider-Man_JP_VP9_1.02_FS.vpt" size="26058752" crc="4ddd1a36" md5="6b7bf76ef9b524964b768952c0c5d6ac" sha1="c59d156a5d4b06b135706944f64332c650567ec6" />
		<rom name="Full Screen/Spider-Man_JP_VP9_Enu.hta" size="10121" crc="e244f945" md5="14c14123d17a7357556bd57ace18b0b3" sha1="5ccfeb631f179806b68269dc6e446cbe675e525e" />
		<rom name="Full Screen/Spider-Man_JP_VP9_Esp.hta" size="12001" crc="966a7e70" md5="90462dcd5bbc9d66337674a77ef8a7fa" sha1="e3ee9f8c66607f5f88df64451577b578ede4da85" />
		<rom name="Hyperpin pack/Readme.txt" size="1255" crc="03a63fe7" md5="2cd5b3a030ef77a902014728d4bd7989" sha1="45fa464d20c37e9b755ea6711cf2d55e3e04c82b" />
		<rom name="Hyperpin pack/Spider-Man (1.02)(JPSalas)[Highrise (DMD), Manofwar (UVP Server)][VP9] screenshot.png" size="2002312" crc="38be4280" md5="c5df0c9b333c15a826d7356d23051b33" sha1="e3587450e184f3c6afd6d03937fef3c1cc08c121" />
		<rom name="Hyperpin pack/UltraVPServer_0.6.8.exe" size="1751552" crc="144428bf" md5="d5a214506ec9023b1ce379a53a36c38c" sha1="038cc39e9c5b9abe202500b91b8f237c4bfbf736" />
		<rom name="Hyperpin pack/Emulators/Visual Pinball/Tables/Spider-Man_JP_VP9_1.02_DMDFS.vpt" size="25737728" crc="e28d481f" md5="dab3172610e624e2aed168594dfcb9d4" sha1="100c6ad545f5588bd8ec3a0b9b1b3353abe5915f" />
		<rom name="Hyperpin pack/Emulators/Visual Pinball/Tables/Spider-Man_JP_VP9_Enu.hta" size="10121" crc="e244f945" md5="14c14123d17a7357556bd57ace18b0b3" sha1="5ccfeb631f179806b68269dc6e446cbe675e525e" />
		<rom name="Hyperpin pack/Media/Visual Pinball/Backglass Images/Spider-Man (JP Salas 2009).png" size="1937746" crc="9e31633b" md5="9f092523a25bc26a0d13b20a090bf2ed" sha1="b13f69323da65c2ab3ae5ab2931029faebd6a956" />
		<rom name="Hyperpin pack/Media/Visual Pinball/Backglass Images/Spiderman_JP_DMD_3_monitor_or_16-9_monitor.png" size="1520674" crc="44cfb76a" md5="f917f4c262306fbbc9d89d447efae94c" sha1="3d9df5cfb4353760357726c9955cf56fac2cc01c" />
		<rom name="Hyperpin pack/Media/Visual Pinball/Table Images/Spider-Man (JP Salas 2009).png" size="3035605" crc="151c28ad" md5="05fa5c4e5595e6e7f00bddc07b3e1e68" sha1="d849e02b6aaca1f4e252c409a38256d801cb8371" />
		<rom name="Hyperpin pack/Media/Visual Pinball/Wheel Images/Spider-Man (JP Salas 2009).png" size="102756" crc="7de59506" md5="bbffc427873f68b1782d9036cd4144fd" sha1="92bf2edb0f5b14191902e87835c35d82495e57ad" />
		<rom name="Hyperpin pack/UltraVP/Spider-Man (JP Salas 2009).uvp" size="13824" crc="d0b64165" md5="f489a2e6040dda710c776a1430312db2" sha1="91e46763ccb30409c396e3a1849123683a327d36" />
		<rom name="UVP pack/Backglass/Spider-Man.png" size="8643837" crc="e55709cb" md5="9b3b95e44dcf895fddcfc5713b88e516" sha1="7c901a4fe2f0f77356e729b89b42b2be4da5b8d9" />
		<rom name="UVP pack/Playfield/Spider-Man.png" size="5976601" crc="6a43f92b" md5="046da8ff57ca738639b87666b85c389b" sha1="f85211dc4ec674d07ef7ffc7093318970aebc105" />
		<rom name="UVP pack/Table/Spider-Man.vpt" size="26018304" crc="41624908" md5="3a2b8e082bb0ee718acc4594b052a39a" sha1="c584afd28241a6219efe97bf4c0ad0c4924f36ad" />
		<rom name="UVP pack/UVP Files/Spider-Man.uvp" size="10752" crc="6e565834" md5="f9ebf971efd237b8afd42a8be24d111d" sha1="16fb13027d9b5859e55d7cc8c577e97a2f6baaec" />
		<rom name="UVP pack/UVP Files/UltraVPServer_0.6.4.exe" size="1734144" crc="5b7e1dc8" md5="aebe14325c480193040cd3587ae80854" sha1="6f068bdf436462448ab8dcf5505ec509e4118c86" />
		<rom name="UVP pack/Wheel/Spider-man.png" size="102756" crc="7de59506" md5="bbffc427873f68b1782d9036cd4144fd" sha1="92bf2edb0f5b14191902e87835c35d82495e57ad" />
	</machine>
	<machine name="Supergirl (Bob5453)(2010a)[VP9][FullScreen Bob5453]">
		<description>Supergirl (Bob5453)(2010a)[VP9][FullScreen Bob5453]</description>
		<rom name="Music/supergirl-movie.mp3" size="2559710" crc="3117e291" md5="2acb2de3c16a24fc88cf3f91d5c0ea72" sha1="67ca6cc08c21d78fb29657b197abcceba9cf4514" />
		<rom name="Supergirl (Bob5453)(2010)[VP9][FullScreen Bob5453].vpt" size="6080512" crc="89d940c1" md5="137a261d4fcefa4a2a9f3e0ff0525b91" sha1="4cddedf508856f8dde832273c7461518514fc763" />
		<rom name="Supergirl (Bob5453)(2010a)[VP9][FullScreen Bob5453].vpt" size="6080512" crc="f11d48f6" md5="bbae7758ecedce9d40e12ed8b6e7a2a9" sha1="a3614a233c38c5cd6dfab01282ede8d3aa4bc6a5" />
		<rom name="Supergirl (FullScreen) screenshot.jpg" size="541483" crc="8a617c6c" md5="a23840c0c7b0a6c2c33508119b352428" sha1="4fbafa234d7054b0cd2553b3666c9b8ba8ce3ab4" />
	</machine>
	<machine name="Three Stooges, The (Bob5453)(2010a)[VP9][FullScreen Bob5453]">
		<description>Three Stooges, The (Bob5453)(2010a)[VP9][FullScreen Bob5453]</description>
		<rom name="2010/Three Stooges, The (2010)(FullScreen) screenshot.jpg" size="413798" crc="241e26b7" md5="221015f02f61010f37188b49c4301c1f" sha1="5603b378d53042a0e20a0fdba2f72e6aeb7eb5d2" />
		<rom name="2010/Three Stooges, The (2010a)(FullScreen) screenshot.jpg" size="381199" crc="a4e3de4f" md5="cd3b52bdc981db657f8f56b461c76b3a" sha1="60e88263d29c33765ec8b3f4180126fd45e25dfa" />
		<rom name="2010/Three Stooges, The (Bob5453)(2010)[VP9][FullScreen Bob5453].vpt" size="16110080" crc="d793b4c6" md5="13bf51fd1ad079437bfa141a80b46ef4" sha1="a80540b85625c27bf3ccc2d16e69b9b58ce3d4c5" />
		<rom name="2010/Three Stooges, The (Bob5453)(2010a)[VP9][FullScreen Bob5453].vpt" size="16912384" crc="34215f07" md5="374c346e2a79b356b6d205add6172a57" sha1="c8c7d21efa1047e1043d27ab768a5323feecfaf5" />
	</machine>
	<machine name="TMNT (SteveOz)(1.01)[VP9][FullScreen SteveOz][B2S rosve]">
		<description>TMNT (SteveOz)(1.01)[VP9][FullScreen SteveOz][B2S rosve]</description>
		<rom name="Music/TNMTCowabunga.mp3" size="1821998" crc="f3e371f5" md5="35832b12214c375c665b507dda2d2cab" sha1="13b12551766874a1f27de3066e189ec954219a0c" />
		<rom name="TMNT (SteveOz)(1.0)[VP9][FullScreen SteveOz][B2S rosve]/b2s.vbs" size="6795" crc="79e56d18" md5="317dae398559429c240f4d36faa893ce" sha1="7cd86b0772576c5e6fbe43e408eb4917ec8257cd" />
		<rom name="TMNT (SteveOz)(1.0)[VP9][FullScreen SteveOz][B2S rosve]/How to install TMNT_FS_B2S.txt" size="1261" crc="ad6a648a" md5="b0538c4facd7af98049c7a18bd0f551d" sha1="1016532165c96e169e0241924a7289eda3337185" />
		<rom name="TMNT (SteveOz)(1.0)[VP9][FullScreen SteveOz][B2S rosve]/ScreenRes.txt" size="23" crc="b7466635" md5="36c20cafe143011ec8c08e4bd95eb909" sha1="321ebcccd63c0b19d435a85bd8eb2f04e6460369" />
		<rom name="TMNT (SteveOz)(1.0)[VP9][FullScreen SteveOz][B2S rosve]/TMNT_FS_B2S.exe" size="1440768" crc="a239323d" md5="7ad079688f7f8ba88245d937f373f4cd" sha1="a9c0ea3d540113454c0e34e170ccdb8623f9a6cc" />
		<rom name="TMNT (SteveOz)(1.0)[VP9][FullScreen SteveOz][B2S rosve]/TMNT_FS_B2S.vpt" size="24801280" crc="c7fa7630" md5="100304bd89a45ad537ee77c0b5b2801a" sha1="381f7f195127f34c9f28dceab62feb240707b683" />
		<rom name="TMNT (SteveOz)(1.01)[VP9][FullScreen SteveOz][B2S rosve]/b2s.vbs" size="6795" crc="79e56d18" md5="317dae398559429c240f4d36faa893ce" sha1="7cd86b0772576c5e6fbe43e408eb4917ec8257cd" />
		<rom name="TMNT (SteveOz)(1.01)[VP9][FullScreen SteveOz][B2S rosve]/How to install TMNT_FS_B2S.txt" size="1339" crc="f0e604f7" md5="d00f7255e45f56e5d0c6c31fea9111ce" sha1="425f07e6a0f9f390542602da2b62558dc82e8b53" />
		<rom name="TMNT (SteveOz)(1.01)[VP9][FullScreen SteveOz][B2S rosve]/ScreenRes.txt" size="29" crc="70187aba" md5="87ab9d5dafb8a6ea38d1f953b2455f0a" sha1="da1e7b9a49e539b0be4a83ed9e328e8fdd810f7a" />
		<rom name="TMNT (SteveOz)(1.01)[VP9][FullScreen SteveOz][B2S rosve]/TMNT_FS_B2S.exe" size="1440768" crc="b3765dd4" md5="87517cc56d9ce94a07b589ccc060651a" sha1="65f0bc19c62586f4319c69429c56f4f30d5cc534" />
		<rom name="TMNT (SteveOz)(1.01)[VP9][FullScreen SteveOz][B2S rosve]/TMNT_FS_B2S.vpt" size="24801280" crc="b742b999" md5="5152d15e4dbcd52d3be7ef6d41c6503f" sha1="555561e19bcc6433c19daa062f0b7fa00cf38239" />
		<rom name="TMNT (FullScreen) screenshot.jpg" size="1286156" crc="8d6fbe89" md5="9e72f9a9bd1ec93c280e03e68e017e3c" sha1="d7f85d6b29b67b045130d487cf0d4fcf6e442e71" />
	</machine>
	<machine name="Ultimate Spider-Man (Bob5453)(2011)[VP9][FullScreen Bob5453]">
		<description>Ultimate Spider-Man (Bob5453)(2011)[VP9][FullScreen Bob5453]</description>
		<rom name="Music/SpidermanRamones.mp3" size="2027724" crc="12743fb6" md5="f2fcc8bb991861e01c33134f9fdadc39" sha1="bcefdb3a7ee10690f1a5f8e454fed8eef12b3585" />
		<rom name="Music/USAP1.mp3" size="3434403" crc="8c7a61aa" md5="9dd367986642db1694dee95cbe73630d" sha1="09f69c59984dbe399b025e4de3f3d6fbc7731f16" />
		<rom name="Music/USAP2.mp3" size="3673476" crc="de001c55" md5="4a1d3412b5b808401738610dd5a5929a" sha1="4ae4b07c5a28d87265db87b19601316324d0dae6" />
		<rom name="Music/USAP3.mp3" size="3810566" crc="5aeef4f2" md5="6ffd75c8bb4b12dc2a5d3a3f68122c75" sha1="1d836b4899017cb6c28462d343d08a735a7cd905" />
		<rom name="Ultimate Spider-Man (2011) screenshot.jpg" size="519150" crc="c6bfcf47" md5="d98415bf408c99ae972f326f3cc1ec29" sha1="49b42f4b2dd54ebd5b642aaedba4b721dc6075b6" />
		<rom name="Ultimate Spider-Man (Bob5453)(2011)[VP9][FullScreen Bob5453].vpt" size="8244736" crc="4f5c7113" md5="52331fd5000ad9a1460d0f00373c6bab" sha1="604935b5af356e8bb050024089d0d07e7da4e6ac" />
	</machine>
</datafile>