<?xml version="1.0" encoding="utf-8"?>
<!DOCTYPE datafile PUBLIC "-//Logiqx//DTD ROM Management Datafile//EN" "http://www.logiqx.com/Dats/datafile.dtd">
<datafile>
	<header>
		<name>Visual Pinball [VP6] Recreated Tables [Flipperless]</name>
		<description>Visual Pinball [VP6] Recreated Tables [Flipperless] (2024-11-07)</description>
		<version></version>
		<date>2024-11-07</date>
		<author></author>
	</header>
	<machine name="10th Inning (United)(1948)(Warrior)(Beta 2)[VP6][Novelty flipper]">
		<description>10th Inning (United)(1948)(Warrior)(Beta 2)[VP6][Novelty flipper]</description>
		<rom name="10th Inning (United 1948).vpt" size="2400256" crc="9475d5f7" md5="a0bc69b4b082be639dd47b05fc3c72bf" sha1="9b404e4246785bce39aabb3d51ee1fc48d96aa9d" />
		<rom name="10th Inning README.txt" size="4338" crc="acf50054" md5="63a707786bd2e6e889317e9019329123" sha1="82dba72ae6805f137dfff7220176f43019dbef29" />
		<rom name="10th Inning.png" size="603473" crc="86fcc044" md5="ca4277af7ae988d1aaa34519e901e761" sha1="38f10caf7116030727a1373d3a71d7c3ab99004f" />
	</machine>
	<machine name="Aero Golf (Bally)(1934)(Patrick, tiltjlp)(1.0)[VP6][Flipperless]">
		<description>Aero Golf (Bally)(1934)(Patrick, tiltjlp)(1.0)[VP6][Flipperless]</description>
		<rom name="AeroGolf.vpt" size="920064" crc="d7466218" md5="3a6a395ea04c1efbd729821af6a0acdf" sha1="06b012262e3261e3ec156d7c447aa39c49705293" />
		<rom name="screenshot.jpg" size="76242" crc="72996984" md5="cff86a2b576f2b4447c5789ed9c90f23" sha1="f60910104a05cf3adbbff3125b8e661985360aaf" />
	</machine>
	<machine name="Airway (Bally)(1933)(Patrick, tiltjlp)(1.0)[VP6][Flipperless]">
		<description>Airway (Bally)(1933)(Patrick, tiltjlp)(1.0)[VP6][Flipperless]</description>
		<rom name="AirWay.vpt" size="864256" crc="7330fa97" md5="c23dcf989167a66d1aadd9d711704a35" sha1="ed05c57ec50038f0c6e1d9b98869d9de19a48465" />
		<rom name="AirwayPins.JPG" size="59833" crc="4ca405a9" md5="92be05a884dfd5428761aef2f7dcbbd9" sha1="135d08912c9b136ce31979e8afe48fd9fc77b3b9" />
		<rom name="screenshot.jpg" size="73538" crc="9944efc8" md5="f3253e03cc6973e38b235fc424266887" sha1="1a82e2ff6f7a52d7587a597334025f070d2ba4b8" />
	</machine>
	<machine name="Airway (Bally)(1933)(Redswal)(1.0)[VP6][Flipperless]">
		<description>Airway (Bally)(1933)(Redswal)(1.0)[VP6][Flipperless]</description>
		<rom name="Airway(Bally1933) by Redswall.vpt" size="1411072" crc="2aa3d673" md5="a4fd1fac9bbf0b8cec282c13df1b8f50" sha1="78e9eafaf455d2377696c585715ab4a3eaecd610" />
		<rom name="flyer.jpg" size="191080" crc="34f17ee0" md5="7dd1c306e7845061af85b91b5705fb3b" sha1="9c232a1fb991442bfbfd3ef4d9a640ddf8621a3f" />
		<rom name="screenshot.jpg" size="77581" crc="34820886" md5="f76bdbdb9f1d0602a389e138e6add033" sha1="c24b70042d3c6213a24f25f9bb864cd73e47972c" />
	</machine>
	<machine name="All American (Chicago Coin)(1940)(Redswal)(1.0)[VP6][Flipperless]">
		<description>All American (Chicago Coin)(1940)(Redswal)(1.0)[VP6][Flipperless]</description>
		<rom name="All American(ChicagoCoin1940).vpt" size="1108992" crc="ac3ecbba" md5="fa973ee607c21a9d5133817d12eac2e3" sha1="c4a3284ad2de27a754b961221590026cb0245136" />
		<rom name="screenshot.jpg" size="75271" crc="e4f79bc2" md5="060587689f92886249584bbdd5685596" sha1="1d5250e836adc138340238270af591df051698a2" />
	</machine>
	<machine name="Angle Light (Coincraft Corp)(1935)(Redswal)(1.0)[VP6][Flipperless]">
		<description>Angle Light (Coincraft Corp)(1935)(Redswal)(1.0)[VP6][Flipperless]</description>
		<rom name="anglelight.vpt" size="859136" crc="3bdb3007" md5="110321302f13cc78c759b05823382aa6" sha1="27e468208fd74c046e0db3ed0e868b6e7357c8d4" />
		<rom name="screenshot.jpg" size="51108" crc="da9808da" md5="cbe52fef247a6ef70a9d0a08896960da" sha1="a6d0cdc385383a3af429c47d6d103a1276d625c2" />
	</machine>
	<machine name="Antique Victorian Bagatelle (xxxx)(188x)(Patrick, tiltjlp)(1.0)[VP6][Bagatelle]">
		<description>Antique Victorian Bagatelle (xxxx)(188x)(Patrick, tiltjlp)(1.0)[VP6][Bagatelle]</description>
		<rom name="AntiqueVictorian.vpt" size="1326592" crc="df69a1c0" md5="d87c1d8329a0ef7aa0a65ed8d99989ac" sha1="bfaf638d71028e16f08efa49578f0a95a30219fe" />
		<rom name="screenshot.jpg" size="52703" crc="245e33bd" md5="c72e1162c918330cfb33f664d62130ce" sha1="49be1d86834c292f96e9231702c7e94fc08e6467" />
	</machine>
	<machine name="Apollo (Jouef Corp.)(1950)(Patrick, tiltjlp)(2.0)[VP6][Bagatelle]">
		<description>Apollo (Jouef Corp.)(1950)(Patrick, tiltjlp)(2.0)[VP6][Bagatelle]</description>
		<rom name="old/Apollo.vpt" size="604160" crc="350df77e" md5="0713f9424c87d302abc932f0e4e3c784" sha1="6b7d758db9b44a1b1f677309d0f161f13efc3a0d" />
		<rom name="Apollo.vpt" size="530944" crc="104e032c" md5="ec385e422b9bb4bd3d8344cc3c66a855" sha1="0d1ac7be43d4f1e15008d8435fe7b77ed908e3c5" />
	</machine>
	<machine name="Aquanine (Sankyo)(2004)(Patrick, tiltjlp)(1.0)[VP6][Pachinko]">
		<description>Aquanine (Sankyo)(2004)(Patrick, tiltjlp)(1.0)[VP6][Pachinko]</description>
		<rom name="Aquanine2.vpt" size="3781120" crc="bd3487af" md5="42c04a67a97c9af0f736953ce62002d7" sha1="a4dab772bed51d4cae2fcbdcd755fc541c21c362" />
		<rom name="screenshot.jpg" size="146915" crc="f46a5086" md5="641dd1c2bc15b6ee97a96da72d49da2a" sha1="c132bcb935fcdf4f5370998e398f4ec4cea57394" />
	</machine>
	<machine name="Autocount (A.B.T.)(1933)(Patrick, tiltjlp)(1.0)[VP6][Flipperless]">
		<description>Autocount (A.B.T.)(1933)(Patrick, tiltjlp)(1.0)[VP6][Flipperless]</description>
		<rom name="autocount.vpt" size="1438720" crc="3ca0c0ea" md5="8843dcee490c49571e6452e45c69beca" sha1="ebbdacd15c50db608d386e49c4a485c2af73c8fa" />
	</machine>
	<machine name="Baffle Ball Sr. (Gottlieb)(1932)(Destruk)(1.0)[VP7][MOD v3 Antonello Bacchetti][Flipperless]">
		<description>Baffle Ball Sr. (Gottlieb)(1932)(Destruk)(1.0)[VP7][MOD v3 Antonello Bacchetti][Flipperless]</description>
		<rom name="Baffle Ball Sr (Gottlieb 1932) v3.txt" size="202" crc="827fb49f" md5="c9cbea4b42631ef3e804e59586c2d7a8" sha1="77c5adf2d3c5fd3323afe3e44a96580874fafc23" />
		<rom name="Baffle Ball Sr (Gottlieb 1932) v3.vpt" size="1048576" crc="5bc2d217" md5="9e6fc4726e82a8af2f9847419ba81c92" sha1="c512252f34d834553a22aae2bc24a7678458efcc" />
		<rom name="bafflesr.jpg" size="148775" crc="361e6be4" md5="fa8e19058bd87d747fc708adb7d0defa" sha1="8085004c5ad2b1241aa9a51dccd59b5076fa98fb" />
		<rom name="Test of authorization.gif" size="157898" crc="e9e24150" md5="64f857e1e7f452f607799e2ddffda5fe" sha1="5ae2a18058ed22690bc9d5dac1472ae3f02fb0d0" />
	</machine>
	<machine name="Baffle Ball Sr. (Gottlieb)(1932)(Destruk)(v2)[VP6][Flipperless]">
		<description>Baffle Ball Sr. (Gottlieb)(1932)(Destruk)(v2)[VP6][Flipperless]</description>
		<rom name="Baffle Ball Sr. rules.txt" size="2278" crc="af296d41" md5="bc12bf3f378c78cfd4164c6a904863c4" sha1="a27cd6f4bebc88c8f52ee3ee75541287b826a273" />
		<rom name="Baffle Ball Sr..vpt" size="621056" crc="f6efd5e7" md5="92c2729346b8f6ca5014ad403ffa0903" sha1="944233cbf642253625f7405fce7606d1191f1a83" />
		<rom name="flyer.jpg" size="126828" crc="1e7dc7c6" md5="eeffccb2c04e8e7c842e1f0ba6682239" sha1="fc6c2916eaddf0820dacf62130ce890fdb474e52" />
		<rom name="screenshot.jpg" size="43641" crc="87161817" md5="95687bfb4491eb0b6b081e57000842ad" sha1="013edce8944c345d42c3b5ff0afd2ead26d50ecc" />
	</machine>
	<machine name="Baffle Card (Gottlieb)(1946)(Redswal)(1.0)[VP6][Flipperless]">
		<description>Baffle Card (Gottlieb)(1946)(Redswal)(1.0)[VP6][Flipperless]</description>
		<rom name="bafflecard.vpt" size="1212928" crc="af58286f" md5="52731508aa2425c9add1146ef23f5047" sha1="5cd83aaa4ec4a86ce97d9f4968bf117198a53f96" />
		<rom name="screenshot.jpg" size="77759" crc="7115831c" md5="67665439d45330b00639f640513c8a9e" sha1="872e3b02fc47091d951f2cbba2553ce07721f8d3" />
	</machine>
	<machine name="Bajazzo (Jentzsch &amp; Meerz)(1904)(Oliver Moell)(1.0)[VP6][Flipperless]">
		<description>Bajazzo (Jentzsch &amp; Meerz)(1904)(Oliver Moell)(1.0)[VP6][Flipperless]</description>
		<rom name="Bajazzo_oliver_moell.vpt" size="343552" crc="a5e9e81c" md5="8bf60cb8277f10a980f6222ccc9f5dec" sha1="cdf3cec9f5faa36fb55760b4c3eb0baff484187e" />
		<rom name="screenshot.jpg" size="31160" crc="04dcf7bd" md5="24bef72d6d0440565e236b020a41f917" sha1="f8bb3dd90f64515dfcf3238c839a5fd2023e300c" />
	</machine>
	<machine name="Bali (Bally)(1974)(Patrick)(1.0)[VP6][Bingo]">
		<description>Bali (Bally)(1974)(Patrick)(1.0)[VP6][Bingo]</description>
		<rom name="balibingo.jpg" size="85427" crc="4eb363b7" md5="e8ba71b10bef0514adf6c3fd228cc85c" sha1="e80a1a4e5297d4500d4fad66724cfdbd0cdaf5fe" />
		<rom name="balibingo.vpt" size="1459200" crc="a3dfecc4" md5="ddd1fe84362a26f7a54460deb03af971" sha1="a91aa922099f8e35d720ff3213f18a05af6f9499" />
		<rom name="flyer.jpg" size="430941" crc="4ab85880" md5="b2c9257c6358a4d38d57cc6a23c85280" sha1="09550620b7609cca46c48dc7dc544f8eb75383e0" />
	</machine>
	<machine name="Bali (Bally)(1974)(Patrick)(True)[VP6][Bingo]">
		<description>Bali (Bally)(1974)(Patrick)(True)[VP6][Bingo]</description>
		<rom name="Truebali.jpg" size="119065" crc="65a493c8" md5="61ec55c60e46109fa640ebda1b0dd19c" sha1="4e9497c40e7c57b5853ced14fbce58985752c95d" />
		<rom name="TrueBali.vpt" size="1428480" crc="a2e79c30" md5="ae11e4696ac22e4d70891f43964cf0ba" sha1="e5abbef5dc3b4068457ca38c4b9b7658fe48f356" />
	</machine>
	<machine name="Bally Reserve (Bally)(1938)(Redswal)(1.0)[VP6][Flipperless]">
		<description>Bally Reserve (Bally)(1938)(Redswal)(1.0)[VP6][Flipperless]</description>
		<rom name="Bally Reserve 10.vpt" size="739328" crc="2bc6b1f0" md5="6a941b8cdd7c341b100547639bb92565" sha1="1e653d0209669be8dc679f77fdfb080d95e3ad2c" />
		<rom name="billboard ad.jpg" size="125169" crc="ef02cba2" md5="15973b20f34910461ea88f51c8baa004" sha1="17f0374752eea7d600afef83b707fdd83e4303b8" />
		<rom name="screenshot.jpg" size="53672" crc="0a5c7b53" md5="b88d81c72d6a77abbf850a2715279655" sha1="d3542907e88cbf8e23cff48ace6a2ab07c10b3bd" />
	</machine>
	<machine name="Baseball (Mills Novelty Company)(1920)(Druadic)(4.3l)[VP6][Counter Top Game]">
		<description>Baseball (Mills Novelty Company)(1920)(Druadic)(4.3l)[VP6][Counter Top Game]</description>
		<rom name="old/Baseball (Mills Novelty Company)(1920)(druadic)(1.0)[Counter Top Game].vpt" size="3341312" crc="b2e1eb85" md5="6f2f761cb427735ca9d03e00684ad8e8" sha1="c7648e2ad6b2106e3d466d9dea340b4f0ec3a118" />
		<rom name="old/BaseballVP641L.vpt" size="2771968" crc="8bc8748e" md5="4e050221fb97e64c2194780f9cc75769" sha1="b297468d641925844739ad1599c9b204373c6c2e" />
		<rom name="old/readme.doc" size="5632" crc="9f91fb51" md5="30cff1e846399c25f1dafb66410c1e81" sha1="b2ada82fbb5843c155e98029b1991259b71a01ef" />
		<rom name="BaseballVP643L.vpt" size="685568" crc="4958f52e" md5="9a4f77f621c2177bf1dbec67eb048b9f" sha1="635e67ba79a0133a31367e262093d5d87786d86b" />
		<rom name="screenshot.jpg" size="63635" crc="6ff1d402" md5="d21f2edaa540bd8f1c1d8ad7117a2367" sha1="ac73ec2257315d069cdf428f34125699a76240c5" />
	</machine>
	<machine name="Big Bat Baseball (Minty)(1974)(Patrick, tiltjlp)(2.0)[VP6][Counter Top Game]">
		<description>Big Bat Baseball (Minty)(1974)(Patrick, tiltjlp)(2.0)[VP6][Counter Top Game]</description>
		<rom name="BBNut.mp3" size="96967" crc="25481146" md5="d3ea7119b20578bb9b946764e92d9850" sha1="fa2b6cec3ff09562012ce4a5a5986ba44e637f0d" />
		<rom name="BigBatBT.vpt" size="951808" crc="eef33e05" md5="749ef5821e0e4bc6e7c55cb05dcf5f44" sha1="dc6b0e77ce2b3ca6f1941a28d8e3044e8f45a27a" />
		<rom name="screenshot.jpg" size="49669" crc="b5bf25dc" md5="291e7af485e7aacd0b7ee97d70cc19d6" sha1="213c5120dce1dc6362f27d0d66fb4d9d776589fc" />
	</machine>
	<machine name="Big Hit (Exhibit Supply)(1946)(Ash)(Beta1)[VP6][Flipperless]">
		<description>Big Hit (Exhibit Supply)(1946)(Ash)(Beta1)[VP6][Flipperless]</description>
		<rom name="Big Hit (Exhibit Supply 1946).vpt" size="1157632" crc="be62788e" md5="cbc549fc28c32482dff5e4a1b17d8326" sha1="407864a2ae76a5787d23450864aa4962e27b9abf" />
		<rom name="screenshot.jpg" size="77658" crc="2883d613" md5="bf615e19bc62902c9bbe8fe0856bf8c2" sha1="9bd9bca44ddd9ce1691c048aeffc06de41fe1a83" />
	</machine>
	<machine name="Bingo1 (Hung)(0.9.02)[Bingo][VP6]">
		<description>Bingo1 (Hung)(0.9.02)[Bingo][VP6]</description>
		<rom name="Bingo1.vpt" size="987648" crc="c9b61572" md5="2c99a7d8a1f2f307e471ef7074c7f80c" sha1="ab4564e0fe4383a7044bc7d07f433c121d8d192b" />
		<rom name="Bingo1_Instructions_ver_v0.9.02.txt" size="4490" crc="c06f9a74" md5="50bd992587fe23531fea26f762fb731c" sha1="f227ca116e27fcd98762986added8a283b15df5b" />
		<rom name="screenshot.jpg" size="100405" crc="0c3bab0d" md5="0fe14a34fb23c0f4c4fdaf490bd59d17" sha1="20d3e046854910882ebf494c3662cdbf7385cdaa" />
	</machine>
	<machine name="Blue Ribbon (Bally)(1933)(Patrick, tiltjlp)(1.0)[VP6][Flipperless]">
		<description>Blue Ribbon (Bally)(1933)(Patrick, tiltjlp)(1.0)[VP6][Flipperless]</description>
		<rom name="BlueRibbon.vpt" size="825856" crc="ca5fbc88" md5="1c5f70817425b84a6517e039962f5b32" sha1="c489140e215c71b95f4769f5cb43730db58b55b9" />
		<rom name="screenshot.jpg" size="74865" crc="5ac14757" md5="1cc01708dbefa9da25cb23a4dd06b48f" sha1="79af64b836acbf7b56fa8ac90709c8837e602d08" />
	</machine>
	<machine name="Boom Boom Pocket Edition (Harvey Mfg)(192x-6x)(tiltjlp)(1.0)[VP6][Bagatelle]">
		<description>Boom Boom Pocket Edition (Harvey Mfg)(192x-6x)(tiltjlp)(1.0)[VP6][Bagatelle]</description>
		<rom name="BoomBoom3.vpt" size="722944" crc="82bee58d" md5="efb1d7e0c1d9c0488a9ad8019ce5dd01" sha1="bcb590245c656bf58d8fbaf48911263cd2bea172" />
	</machine>
	<machine name="Bouncerino (xxxx)(194x-5x)(Patrick, tiltjlp)(1.0)[VP6][Trade Stimulator]">
		<description>Bouncerino (xxxx)(194x-5x)(Patrick, tiltjlp)(1.0)[VP6][Trade Stimulator]</description>
		<rom name="Bouncerino.vpt" size="624128" crc="3a1abf19" md5="b5f8111f17977bce1d3658eea6d8f921" sha1="5bca103ab4e14ad030820a5a9ed0898e141bc189" />
	</machine>
	<machine name="Bowlette (Gottlieb)(1950)(Patrick)(1.0)[VP6][Bowling]">
		<description>Bowlette (Gottlieb)(1950)(Patrick)(1.0)[VP6][Bowling]</description>
		<rom name="Bowlette flyer.jpg" size="124184" crc="3b04c852" md5="30dde6f9fe012bd623ee59caed7fcf8f" sha1="b568ef78d6b4560cf38b9497c8ba3eac5163d7ef" />
		<rom name="Bowlette.vpt" size="1007616" crc="023ea5f1" md5="54c4654f63049eab6f28eab1e959f2ba" sha1="7b1c3e8f3a8653b45c619113216e6e8b5e3ade1c" />
	</machine>
	<machine name="Buddy 'A' Bowling (EA Nagey)(193x)(Nissananimal, Patrick, Destruk, tamiya9202, tiltjlp)(2.0 deluxe)[VP6][Bagatelle]">
		<description>Buddy 'A' Bowling (EA Nagey)(193x)(Nissananimal, Patrick, Destruk, tamiya9202, tiltjlp)(2.0 deluxe)[VP6][Bagatelle]</description>
		<rom name="1.0/BuddyBowlingDeluxe.vpt" size="656896" crc="63f190f6" md5="50abb43984cfde65fc466ae71f0c5702" sha1="ff14ab43835913ca0c46bfe2fe97c777bd4587e8" />
		<rom name="1.0/screenshot.jpg" size="57813" crc="f2b716dd" md5="07a0a48309fe3449f8519eb7a04513a4" sha1="c78341e909aa3a900e7e337789f74cea630ca4cf" />
		<rom name="BuddyBowlingDeluxe2.vpt" size="705536" crc="1a35278a" md5="df00af55352e0545f52f165b32b782e2" sha1="fad0b03c01e772b19101e02ab72a70dc8b61e4bc" />
		<rom name="screenshot.jpg" size="80970" crc="87146db7" md5="ed7ae5bbacd6e5119fe513ea81c6ba0f" sha1="407bd8c1f3242035c3340e324c155b1fdd71cfa9" />
	</machine>
	<machine name="Buddy 'A' Bowling (EA Nagey)(193x)(Nissananimal, Patrick, tiltjlp)(3.0)[VP6][Bagatelle]">
		<description>Buddy 'A' Bowling (EA Nagey)(193x)(Nissananimal, Patrick, tiltjlp)(3.0)[VP6][Bagatelle]</description>
		<rom name="Old/Buddy Bowling1.vpt" size="545792" crc="e2b65e3f" md5="96b6954496da059281216826fb25b90d" sha1="61c28db1f57b4f7a6288fa836623e1b65cfae231" />
		<rom name="Old/Buddy Bowling2.vpt" size="608768" crc="65299382" md5="4088ac875dff40a04342671a9a7b65ec" sha1="70bf167691f1c6834f26cdb351b103243f4396bd" />
		<rom name="Old/screenshot.jpg" size="57681" crc="313bb928" md5="9fbae9de6dcfcdd8b00b5348c9233ed6" sha1="9be0c241305eb4a94130dc02b8f8886f596bfa6a" />
		<rom name="Buddy Bowling.vpt" size="544768" crc="52c034ad" md5="3861a44d5563c45b2efb0fe2aaa057b7" sha1="ce3ff5157d0e1e3d80b5656d1833b39f0d66014d" />
	</machine>
	<machine name="Bumper (Bally)(1936)(Redswal)(1.0)[VP6][Flipperless]">
		<description>Bumper (Bally)(1936)(Redswal)(1.0)[VP6][Flipperless]</description>
		<rom name="bumper.vpt" size="786944" crc="c31aeea6" md5="63b9f6dd0d9c4451bb9b813b59f9fa1c" sha1="47396568f06c2e68eecc2dc100f6227e081b717f" />
		<rom name="screenshot.jpg" size="58999" crc="350898ec" md5="a45631a9bddb6388a704217d733ee246" sha1="6da97799bfd96c09c2ba4a895afbc8b90253f51e" />
	</machine>
	<machine name="Buster Ball (Genco)(1931)(Redswal)(1.0)[VP6][Flipperless]">
		<description>Buster Ball (Genco)(1931)(Redswal)(1.0)[VP6][Flipperless]</description>
		<rom name="Buster Ball.vpt" size="485376" crc="608ae671" md5="e216493f4b1824b5f82f4d3b01866ebc" sha1="37461c4da0210f6afec680434ada94c1efee4dd9" />
		<rom name="screenshot.jpg" size="29696" crc="42400127" md5="9567d9f5ad5f2672809d28062d75ea14" sha1="28fe207fea94f0265b5d7de236d7b7b87b97bd95" />
	</machine>
	<machine name="Buster Ball (Genco)(1931)(tiltjlp)(1.0)[VP6][Flipperless]">
		<description>Buster Ball (Genco)(1931)(tiltjlp)(1.0)[VP6][Flipperless]</description>
		<rom name="GencoBusterBall.vpt" size="513024" crc="4cd681b5" md5="7cc0c7b2530b7d332c33f238fa1fb7c7" sha1="cf4fcc74ca19776dc08a2c00629ca85b8e97baa4" />
	</machine>
	<machine name="Coconuts (Amusement Coin Machine)(1932)(druadic)(1.1)[VP6][Countertop Game]">
		<description>Coconuts (Amusement Coin Machine)(1932)(druadic)(1.1)[VP6][Countertop Game]</description>
		<rom name="CoconutsVP6L11.vpt" size="1027072" crc="1c8c3d90" md5="f9b4a3d7661f30e394ff2d099c564cb6" sha1="a3258c018d4027462024b827b12eb8c3f26ec594" />
		<rom name="screenshot.jpg" size="97066" crc="2cd54f2f" md5="500e2944c52b4dc7e38a20dab72aa86c" sha1="1c5fc0b43d7c5778a39c3ba2cc3c4c226e1a2638" />
	</machine>
	<machine name="Coppers, The (xxxx)(192x-193x)(Patrick, tiltjlp)(1.0)[VP6][Trade Stimulator]">
		<description>Coppers, The (xxxx)(192x-193x)(Patrick, tiltjlp)(1.0)[VP6][Trade Stimulator]</description>
		<rom name="Coppers.vpt" size="478720" crc="fe8e885e" md5="b1c7f902ccd898170cdffa74e957a803" sha1="631d800073a9809379edec157811ddc9429189e6" />
		<rom name="screenshot.jpg" size="638973" crc="4cf0dafd" md5="63887fc804a1c38f66baae607222cd17" sha1="eb4f0655201a7fa723deab92f736fc1729c7ba40" />
	</machine>
	<machine name="Daisy (Peo Manufacturing)(1932)(druadic)(1.0 Epsilon)[VP6][Counter Top Game]">
		<description>Daisy (Peo Manufacturing)(1932)(druadic)(1.0 Epsilon)[VP6][Counter Top Game]</description>
		<rom name="DaisyVP6L.vpt" size="379904" crc="770bf6c3" md5="39f7e7fac7396932841b9ce64eff35b3" sha1="bb8fd6cc8817659a5cce407309f50a41d97363a6" />
		<rom name="screenshot.jpg" size="50112" crc="463ec71e" md5="6eacb328ef5e0b809eb444385d1defe2" sha1="b9b9308150a1486200826daf7a0185bda66ed2ed" />
	</machine>
	<machine name="Deco 1940 (xxxx)(194x)(Patrick, tiltjlp)(1.0)[VP6][Bagatelle]">
		<description>Deco 1940 (xxxx)(194x)(Patrick, tiltjlp)(1.0)[VP6][Bagatelle]</description>
		<rom name="deco1940.vpt" size="558592" crc="29f55005" md5="02f087d35c482868488d7b03eb1ba33c" sha1="a620b0a59bb784d323ac5ebadbae2c8089f3d003" />
	</machine>
	<machine name="Deco Bagatelle Board (xxxx)(1940)(Patrick)(1.0)[VP6][Bagatelle]">
		<description>Deco Bagatelle Board (xxxx)(1940)(Patrick)(1.0)[VP6][Bagatelle]</description>
		<rom name="deco1940.vpt" size="564736" crc="436edce7" md5="0f2aaf8e3b81183a15179567b538d1cb" sha1="04a27c22589c4747501afdeb1d70681b5d3f32bd" />
	</machine>
	<machine name="Deco Bagatelle Board (xxxx)(1940)(Patrick, tiltjlp)(2.0)[VP6][Bagatelle]">
		<description>Deco Bagatelle Board (xxxx)(1940)(Patrick, tiltjlp)(2.0)[VP6][Bagatelle]</description>
		<rom name="deco1940.vpt" size="558592" crc="29f55005" md5="02f087d35c482868488d7b03eb1ba33c" sha1="a620b0a59bb784d323ac5ebadbae2c8089f3d003" />
		<rom name="screenshot.jpg" size="55933" crc="c0b9f8e5" md5="6f613186d532ef25f44893fcb0bb74a3" sha1="f964cd1915c7b7266538142b107e50cef7ccd152" />
	</machine>
	<machine name="Deuce Is Wild, The (Peo Manufacturing)(1931)(druadic)(1.2)[VP6][Counter Top Game]">
		<description>Deuce Is Wild, The (Peo Manufacturing)(1931)(druadic)(1.2)[VP6][Counter Top Game]</description>
		<rom name="DeuceWild.vpt" size="915968" crc="3f93cf04" md5="b5da93c676e12eafcadf7eac5fc6ddf6" sha1="36cd208caf8566d9ae7c953e782e8f2fdf8c82b7" />
		<rom name="readme.doc" size="10752" crc="ff9b75f6" md5="3bd860c4114278707ee2b8d151053a5c" sha1="89240d406978f206663c25fb0aa4ca04957aad85" />
	</machine>
	<machine name="Dynamite Girl (Daiichi)(2004)(Patrick)(1.0)[VP6][Pachinko]">
		<description>Dynamite Girl (Daiichi)(2004)(Patrick)(1.0)[VP6][Pachinko]</description>
		<rom name="Dynamitegirl.vpt" size="873472" crc="1ab18b9f" md5="afdc784f0c653427372e85af9ca25267" sha1="e902b5a66671e32f9fdea37feee0a0b48a52089d" />
		<rom name="screenshot.jpg" size="74107" crc="8ef980ed" md5="a61781085125929a83a9d7a59a753216" sha1="85c4ce7378ddb7487d3c9610ca75bac3d627b8e9" />
	</machine>
	<machine name="Electra 2 (Sigma)(19xx)(Patrick)(1.0)[VP6][Slot Machine]">
		<description>Electra 2 (Sigma)(19xx)(Patrick)(1.0)[VP6][Slot Machine]</description>
		<rom name="Electra2.vpt" size="599552" crc="00416693" md5="299192c29cd816afc739a1cbba65ea6c" sha1="696d6a2b12816324c1ea4a5849897d9b662304d9" />
		<rom name="screenshot.jpg" size="52814" crc="16f65497" md5="bd2427c5302e6983d2dc1fab9385c170" sha1="9666148cfaf01f4e36ba4be084d32b0f6fdbec40" />
	</machine>
	<machine name="Favorite (Buckley Manufacturing Company)(1932)(Patrick, tiltjlp)(1.0)[VP6][Bagatelle]">
		<description>Favorite (Buckley Manufacturing Company)(1932)(Patrick, tiltjlp)(1.0)[VP6][Bagatelle]</description>
		<rom name="BuckleyFavorite.vpt" size="990720" crc="3de7d2d2" md5="9e43da5f6eecc56f714f5b2116a45d96" sha1="660c8abba13d680755f76af0a09a92daa7785e79" />
		<rom name="screenshot.jpg" size="51922" crc="32544904" md5="5960dc3e0f34e14b184e169be22b67e0" sha1="2935584dbae452eb9816e2b855054ccce205077c" />
	</machine>
	<machine name="Flying Trapeze (Gottlieb)(1934)(tiltjlp, Forchia)(1.0)[VP6][Flipperless]">
		<description>Flying Trapeze (Gottlieb)(1934)(tiltjlp, Forchia)(1.0)[VP6][Flipperless]</description>
		<rom name="FlyingTrapezeSenior.vpt" size="631296" crc="22c32636" md5="e5e53c5cbb105ae81a5d3e6c658263e6" sha1="feea9b21bfa6e64c51f3b015fee273d7a0e1100d" />
		<rom name="screenshot.jpg" size="86723" crc="87ec7171" md5="1fb89afc0c7f6b6eab9e583da7170c2b" sha1="1c9c76ccd864432547e4d8f05dbd44c5ecb2513f" />
	</machine>
	<machine name="Fun Fair Gun Shoot (xxxx)(1960)(Patrick, tiltjlp)(1.0)[VP6][Counter Top Game]">
		<description>Fun Fair Gun Shoot (xxxx)(1960)(Patrick, tiltjlp)(1.0)[VP6][Counter Top Game]</description>
		<rom name="funfair.vpt" size="2086912" crc="b03d2629" md5="a60b3ee1505f2eaa08028ffcd29e8229" sha1="43b771f7b461e2e393436abc29da52e891dcc0c1" />
		<rom name="screenshot.jpg" size="147414" crc="5a68c0fb" md5="063ebdf89f1590a80788374d177b20b3" sha1="fe64c2364fb98ee705bcf12f27241c64bad22999" />
	</machine>
	<machine name="Gayety (Bally)(1951)(Redswal)(1.0)[VP6][Bingo]">
		<description>Gayety (Bally)(1951)(Redswal)(1.0)[VP6][Bingo]</description>
		<rom name="flyer 1.jpg" size="415871" crc="a008727a" md5="35dfc17cbb6c414967b49ae7f86c56a7" sha1="20acb2d1c8fc74ceb79e338d696001e008c56204" />
		<rom name="flyer 2.jpg" size="121764" crc="31bee7b6" md5="0b7ff7d0310445c3aaf7f517dcb7f348" sha1="80d0b9625c98c07aa3b114471afc552af7ff0058" />
		<rom name="Gayety (Bally 1951).vpt" size="1165824" crc="959b8bd4" md5="9eb42d665a844ac1fceb504ed3b922ce" sha1="1893ae102aa55062d8e7aa9ab3773169027efcd6" />
		<rom name="screenshot.jpg" size="90280" crc="e526ea1b" md5="4673406fd57a11c224aab1e4b190a222" sha1="2cc66819d8cd1718bd6de24378e466bbedb308d5" />
	</machine>
	<machine name="Golden Nugget (Genco)(1953)(druadic)(1.01)[VP6][Counter Top Game]">
		<description>Golden Nugget (Genco)(1953)(druadic)(1.01)[VP6][Counter Top Game]</description>
		<rom name="flyer.jpg" size="183764" crc="5eb50144" md5="5fca9b5964ff3aac4cfabb6790d4a8bb" sha1="6c1cad51ac1eceb491848152ed5bd98dd3a75a39" />
		<rom name="GoldenNugget.vpt" size="1204736" crc="fb38a782" md5="42a23877066ff8cd19c0998ce87ff7b8" sha1="e644ae52a9ab9a18ef114bdc0c50e593b30875df" />
		<rom name="screenshot.jpg" size="60656" crc="e5f592ed" md5="1d5b92a01758d2d87ffc23fe3fe10178" sha1="ccbf6c8e4b013d19eb2f311ed482e200643b109e" />
	</machine>
	<machine name="Heavy Hitter (Bally)(1948)(druadic)(1.2)[VP6][Pitch &amp; Bat]">
		<description>Heavy Hitter (Bally)(1948)(druadic)(1.2)[VP6][Pitch &amp; Bat]</description>
		<rom name="flyer.jpg" size="132059" crc="0e57940c" md5="91de4adb8cc066c3286044c09308d1b5" sha1="b42ba70fe42275d9c6e9e1435d019490e579c8df" />
		<rom name="HeavyHitter.vpt" size="630272" crc="e06d1d85" md5="1496a9283bbc7b20914d5e3954faa6cb" sha1="adfb811e1211ecffd7be11d84a2bb00058b10e73" />
	</machine>
	<machine name="Jimmy das Gummipferd (Mun-Ma)(1950)(Cyberyogi)(0.9)[VP6][Flipperless]">
		<description>Jimmy das Gummipferd (Mun-Ma)(1950)(Cyberyogi)(0.9)[VP6][Flipperless]</description>
		<rom name="Jimmy das Gummipferd v0.9.jpg" size="229760" crc="a55af06e" md5="eff1c742e1e86cea2ff41ad0c569d6f2" sha1="b284f41542035b8c9e6626c859b35f1a873d040f" />
		<rom name="Jimmy das Gummipferd v0.9.vpt" size="3113472" crc="b070527d" md5="f78a42d62fd2a25ecae722f74695ae50" sha1="29ed27088e8d5f06aa1c8abd57cf3b4629be6267" />
		<rom name="JimmyDasGummipferd backglass.jpeg" size="60207" crc="d77991c3" md5="15192bbc4f083ce220c09181f7a13a39" sha1="220c056bbf2274cbb8ba604592cdc01bda870b0d" />
		<rom name="JimmyDasGummipferd.txt" size="30332" crc="12121903" md5="d61fd1d30b37b665f8f2d8c6f3af2c3c" sha1="6e893d1e4d157738749e33ded54fdc82c2160360" />
		<rom name="La Bamba LET.ttf" size="39265" crc="e60c6e8e" md5="8666001912c7b3b7ad4d5326ab121b6f" sha1="6e22d73b18e5c4f8b6b651fbff7e8eab14c2f051" />
		<rom name="Seedware1.22 VP.htm" size="9370" crc="7a9f4d27" md5="11fbb9a5d4d6abf4bdea9734437d0c1a" sha1="93565e78a74bdbc43c0dd642f97217ef13c9ec7c" />
	</machine>
	<machine name="Juggle Ball (Rock-ola)(1932)(Druadic)(GAMMA 1.1.2 V.2)[VP6][Counter Top Game]">
		<description>Juggle Ball (Rock-ola)(1932)(Druadic)(GAMMA 1.1.2 V.2)[VP6][Counter Top Game]</description>
		<rom name="old/Juggle Ball (Rock-ola)(1932)(druadic)(GAMMA 1.12 V.2)[Counter Top Game].vpt" size="1441280" crc="46a1bfcb" md5="8539e37679618bdd0f5eec396601697b" sha1="a70bac1248cfa4844a367d16393f4c82c8210284" />
		<rom name="adv.jpg" size="60038" crc="180c9d9f" md5="340169cc4f2040054b38de1a63a28430" sha1="cc3fe91428031978eae854fe8694fe0ce11bdf0f" />
		<rom name="JBreadme.doc" size="5632" crc="059b3aa7" md5="d186870182ab17bed6cab9bcd37e51df" sha1="dc063636cc6d03d7194c4a528b28b51701b3ebae" />
		<rom name="JuggleBallVP6UPGRDlkd.vpt" size="1441280" crc="16e8c5fa" md5="679c9888867205cde41ee8dad38c3815" sha1="c08a943c0cae03201c739ffc444f9d7721f55e3b" />
		<rom name="screenshot.jpg" size="91128" crc="a845e194" md5="7bbb971c5576a60159c05a2568bee1d3" sha1="f2098bc14ff41be2e306b3768d299e9db4540747" />
	</machine>
	<machine name="Kicker &amp; Catcher (J.F. Frantz Mfg. Co.)(1952)(Patrick, tiltjlp)(1.0)[VP6][Counter Top Game]">
		<description>Kicker &amp; Catcher (J.F. Frantz Mfg. Co.)(1952)(Patrick, tiltjlp)(1.0)[VP6][Counter Top Game]</description>
		<rom name="kickercatcher.jpg" size="48413" crc="d4310c77" md5="aa2c7e0f91997093e301b63139a7a85e" sha1="e8ba02d4bd3211fd7b5a0d4de0c17b3b0260a6b9" />
		<rom name="kickercatcher.vpt" size="813568" crc="18dd70a2" md5="6de471ed0ddf55148fb3aff169a99f36" sha1="a92b4e50ed1c767487782801675441a28eaa1bcf" />
	</machine>
	<machine name="League Champ (Bally)(1996)(Destruk, Apocalypse)(1.1)[VP6][Bowling]">
		<description>League Champ (Bally)(1996)(Destruk, Apocalypse)(1.1)[VP6][Bowling]</description>
		<rom name="League Champ 1.1.jpg" size="65360" crc="47cb54a4" md5="515e2a7373196bb17605879f5920ab41" sha1="f11c686cd0caedd8b6c2bb0e21baa6a5c593393f" />
		<rom name="League Champ 1.1.vpt" size="471040" crc="8fe11912" md5="6dc20a054f715e94b6c14a55545aebaf" sha1="2eb2654a9a1ea66f0b371b9eef09ca6a6fe01b09" />
	</machine>
	<machine name="Log Cabin (Caille Brothers)(1904)(druadic)(1.0)[VP62L][Trade Stimulator]">
		<description>Log Cabin (Caille Brothers)(1904)(druadic)(1.0)[VP62L][Trade Stimulator]</description>
		<rom name="LogCabinVP62L.vpt" size="363008" crc="9d7fe303" md5="f40219f09deee5e798d1631f3eca9335" sha1="1d7d33a86064bb711733b563972c1a18e28f413c" />
		<rom name="screenshot.jpg" size="35714" crc="2ceebba4" md5="40c0c9aa7f2b65568488e25d4a27501b" sha1="a9144182028e891767e20a54863b465004205470" />
	</machine>
	<machine name="Log Cabin (Caille Brothers)(1904)(druadic)(1.0)[VP Dogfood 5][Trade Stimulator]">
		<description>Log Cabin (Caille Brothers)(1904)(druadic)(1.0)[VP Dogfood 5][Trade Stimulator]</description>
		<rom name="LogCabin.vpt" size="604160" crc="56011ad7" md5="4f957e83151313d4f0d7ba1d82890b8f" sha1="88ca2fe9e9e61183d3638dac287734099717f26e" />
		<rom name="readme.doc" size="10240" crc="00118d81" md5="21ee55d83de368603478720daa0d18ec" sha1="7f2b748615f8547feaf406f4aa7e5f2bdf06b96a" />
	</machine>
	<machine name="Monte Carlo (Genco)(1932)(tiltjlp)(1.0 bugfix 2)[VP6][Counter Top Game]">
		<description>Monte Carlo (Genco)(1932)(tiltjlp)(1.0 bugfix 2)[VP6][Counter Top Game]</description>
		<rom name="old/Monte Carlo (Genco)(1932)(tiltjlp)(1.0 bugfix)[Counter Top Game].vpt" size="457216" crc="56487ba0" md5="bfd94b0c17773f6245000871893826ae" sha1="5053be526208526357811eefcad925320cd3bf5a" />
		<rom name="old/Monte Carlo (Genco)(1932)(tiltjlp)(1.0)[Counter Top Game].vpt" size="457216" crc="24055d6c" md5="ef162d9db37301bf4e1a54f996402021" sha1="02892d491193102070a02f22d0cb993e27f16ae0" />
		<rom name="GencoMonteCarlo.vpt" size="457216" crc="17543498" md5="c1de252e08339cb5e1c4ebd58140bce8" sha1="33d8549ec5a60383c45088d6b8e7a7df97367a47" />
		<rom name="screenshot.jpg" size="50061" crc="a1df441b" md5="12be77b7b627132648abc920f42edb6c" sha1="6699372e77828fd373801d7e689c21d5b6fb7d73" />
	</machine>
	<machine name="Pee-Wee (Genco)(194x)(Druadic)(Gamma 1.5 Final)[VP6][Counter Top Game]">
		<description>Pee-Wee (Genco)(194x)(Druadic)(Gamma 1.5 Final)[VP6][Counter Top Game]</description>
		<rom name="PeeWeeVP6L.vpt" size="341504" crc="8ac109a8" md5="c1ac714e4a8b6f954aa2e1289e1371b3" sha1="eec2a466c60b375eca16e078a2e694e8a8366bb8" />
		<rom name="screenshot.jpg" size="46795" crc="6383faab" md5="6b1dc7b60a2ae37505b86b554daa9d21" sha1="8bc5c4111699294c355ae166a7b339b09e507e68" />
	</machine>
	<machine name="Penny Drop (xxxx)(193x-4x)(tiltjlp)(2.0)[VP6][Trade Stimulator]">
		<description>Penny Drop (xxxx)(193x-4x)(tiltjlp)(2.0)[VP6][Trade Stimulator]</description>
		<rom name="old/penny drop TS.vpt" size="932864" crc="bccca73e" md5="33eb4a5336723bf4d9b0c4b168dc916d" sha1="df240582ea3ca291a7a86566885104e2afd5eb2a" />
		<rom name="Penny Drop Information.doc" size="23552" crc="ac0ec8a2" md5="ac67d6c07f0fdc9ba342b719b183bef7" sha1="0babfe82d89b73b5edcf8d5a910cdc1da88a63e5" />
		<rom name="penny drop TS.vpt" size="930816" crc="d8058152" md5="20bc17c7f9d0825df1c5fb08e1348f3e" sha1="bb9a082342bf37c43a944d02c50363f9ef24e973" />
	</machine>
	<machine name="Seven Up (Genco)(1941)(Eric Steinhardt, John L Patton, Russ Jensen)(2.0)[VP6][Flipperless]">
		<description>Seven Up (Genco)(1941)(Eric Steinhardt, John L Patton, Russ Jensen)(2.0)[VP6][Flipperless]</description>
		<rom name="screenshot.jpg" size="83862" crc="f0066740" md5="11f570162bcbfd2172549a503bf54b8d" sha1="2f9e0f835e1e1d97cdee9900753f18a42adf023e" />
		<rom name="sevenup.vpt" size="1233408" crc="64e7d459" md5="1f26f852db1d4696b8f5b4c3160f06bf" sha1="331a4c8187c199afcd180fc70f999dac4247c55f" />
		<rom name="SevenUpDocumentation.rtf" size="13153" crc="e7afa8c1" md5="2d6724aa3c491b3a7e68b78b96d4721b" sha1="aee7f99bd9863a3304912edff1b60dfc7b53595d" />
	</machine>
	<machine name="Skee Ball (Fisher Price)(197x-8x)(tiltjlp)(2.0)[VP6][Counter Top Game]">
		<description>Skee Ball (Fisher Price)(197x-8x)(tiltjlp)(2.0)[VP6][Counter Top Game]</description>
		<rom name="1.0/SkeeBall.vpt" size="425984" crc="95d80442" md5="a10dbeb4dadb0752555cd5799cc5a7eb" sha1="d4659fc306c9a19481dce1072cc2031a88aedfeb" />
		<rom name="screenshot.jpg" size="503373" crc="f2e6eab8" md5="593b23616e397fe5e93e4c0f583f2731" sha1="50637549154d915fa777e1bb524b30f8666ea129" />
		<rom name="SkeeBall.vpt" size="427520" crc="c29b0364" md5="c9e97ac8720e22957de866d4928be6bf" sha1="e5c93083a2a03b8774c16d819bcb604735fabce7" />
	</machine>
	<machine name="Speedometer Pinball (xxxx)(195x-6x)(Patrick, tiltjlp)(1.0)[VP6][Counter Top Game]">
		<description>Speedometer Pinball (xxxx)(195x-6x)(Patrick, tiltjlp)(1.0)[VP6][Counter Top Game]</description>
		<rom name="screenshot.jpg" size="350011" crc="e9335f0b" md5="c0b92d3455450bf67acac2147df34b9f" sha1="4a5e2f9cbc5d7b74bdde5f420ce2870b02962c18" />
		<rom name="Speedometer.vpt" size="481792" crc="31311fee" md5="a455eb5b76509eb2e90efc7785581edf" sha1="40cf2a6c66b11ffdf4903ca62198fd3295187b28" />
	</machine>
	<machine name="Tiger Tim &amp; Bruin Boys (Chad Valley)(192x)(Patrick, tiltjlp)(1.0)[VP6][Bagatelle]">
		<description>Tiger Tim &amp; Bruin Boys (Chad Valley)(192x)(Patrick, tiltjlp)(1.0)[VP6][Bagatelle]</description>
		<rom name="tigertim.vpt" size="529408" crc="ad7d5a16" md5="26bfd64c1ac6413e32cb62430ae7839b" sha1="fcea715046294bf32947996940db547ea737b910" />
	</machine>
	<machine name="World's Fair Jigsaw (Rock-Ola)(1933)(Chris La Mantia)(0.2)[VP6][Flipperless]">
		<description>World's Fair Jigsaw (Rock-Ola)(1933)(Chris La Mantia)(0.2)[VP6][Flipperless]</description>
		<rom name="ads.jpg" size="102103" crc="21874ccf" md5="db22751a6ebae8086aeaa8c135f13c2f" sha1="0b36664c154b7095cf2a38b1d163e33f5372f106" />
		<rom name="screeshot.jpg" size="78232" crc="9eec6f32" md5="e94c6081c12e1cec40e04abcd1349420" sha1="bd5984bb6a93f40550d19a0f0151b45de0615a5f" />
		<rom name="World's Fair Jigsaw (1933 Rock-Ola) 0.2.vpt" size="980992" crc="01040be7" md5="b326632febac21be330be5d8b2959962" sha1="867735d4777bee3c8237989dfe7c0de49f9a6acc" />
		<rom name="World's Fair Readme.txt" size="2995" crc="d424e01d" md5="ac903d795181a312879373153949e367" sha1="a3d3ce386d01ee51598d9231aa0bbcdf7eb02c8e" />
		<rom name="World's Fair RevHistory.txt" size="294" crc="b18f5b96" md5="586269579c9396d37313b31aa5f8bc25" sha1="12cac1b01a04774d567f871e0e51365f8b40c0b6" />
	</machine>
	<machine name="World's Series (Rock-ola)(1934)(DavidSSS)(1.5)[VP6][Flipperless]">
		<description>World's Series (Rock-ola)(1934)(DavidSSS)(1.5)[VP6][Flipperless]</description>
		<rom name="Fonts/baskvill.ttf" size="54976" crc="18b28dd5" md5="9ecec61376083fd290b75d94fdaca380" sha1="dd637614eed073f093391c2b7b8ff80699da755f" />
		<rom name="Fonts/gc05004t.ttf" size="84116" crc="c90f7327" md5="e9ca5587b53ca54005c8fc237deb5d79" sha1="5e1625cab087fa21cb749c14554bfed49c47b133" />
		<rom name="Fonts/scriptbl.ttf" size="55500" crc="33015757" md5="e825587941cbb3fd56b4cd2b1172387a" sha1="5c466909eaa448884f1c81b0dfac59cb32ea9b27" />
		<rom name="World's Series DS 1.5.vpt" size="10224128" crc="f11b5daa" md5="ae870680c3b78df1291e84c36cd22e49" sha1="0fbd4a21cf9721fc17fe36e2ca931ca8b7850f03" />
		<rom name="World's Series release notes.pdf" size="24584" crc="0d3c8551" md5="f3607184e196e57ef80934f87d3d0ea6" sha1="652ad242909faa0a60abd55d55c07cd679418bb7" />
		<rom name="World's Series Screenshot3.jpg" size="156606" crc="46f26992" md5="1f85d6f4d84d862f49b1e0d407347a88" sha1="8bc13e0ae0a8d05ee37e6498244febde2843aa1c" />
	</machine>
</datafile>