<?xml version="1.0" encoding="utf-8"?>
<!DOCTYPE datafile PUBLIC "-//Logiqx//DTD ROM Management Datafile//EN" "http://www.logiqx.com/Dats/datafile.dtd">
<datafile>
	<header>
		<name>Visual Pinball [VP99x] Recreated Tables [Flipperless]</name>
		<description>Visual Pinball [VP99x] Recreated Tables [Flipperless] (2024-11-07)</description>
		<version></version>
		<date>2024-11-07</date>
		<author></author>
	</header>
	<machine name="3 in LINE (Bally)(1935)(Romolo)(1.0)[VP995][Flipperless]">
		<description>3 in LINE (Bally)(1935)(Romolo)(1.0)[VP995][Flipperless]</description>
		<rom name="3 in LINE (Bally 1935)VP995.vpt" size="3944448" crc="a816f264" md5="ae6c8e4b6d5ac5064cde0f24dda6ec8a" sha1="b87dcc5d3fced2e5bb53ae126587105ec4353a62" />
		<rom name="3 in LINE ss.jpg" size="81669" crc="844f332b" md5="a8e9d44e6a7f633c486fbbd4cda734b2" sha1="7416228a7d5530c52b62e22ddab5564e4742f299" />
	</machine>
	<machine name="Air Hockey (Nintendo Switch 2018) (Romolo)(1.0)[VP995][Other]">
		<description>Air Hockey (Nintendo Switch 2018) (Romolo)(1.0)[VP995][Other]</description>
		<rom name="Air Hockey (Nintendo Switch 2018)VP995.vpt" size="1654784" crc="a5f4c8f6" md5="506dd5a6ff3951d378abe776f6860a28" sha1="a482344dff1d9637dfc2f96524c473f15f0814f8" />
		<rom name="Air Hockey img.jpg" size="157051" crc="52822a29" md5="b0eb3507eae0f55d680c14f6034e8622" sha1="87641c224019aac4fae03b9ead517477db95a552" />
	</machine>
	<machine name="Alle Neune (NSM)(1976)(STAT)(1.2)[VP990][Bowling Wall Machine]">
		<description>Alle Neune (NSM)(1976)(STAT)(1.2)[VP990][Bowling Wall Machine]</description>
		<rom name="Alle Neune1.0.vpt" size="4665344" crc="f6c3763f" md5="4f8827acb99d1461ee327a9e10d46d85" sha1="e36541bd2b0a988787f4245f54833eed119c88c0" />
		<rom name="alle Neune.jpg" size="145772" crc="249f327a" md5="072e86ebda6dbeb0ffb27683692d6fc0" sha1="425c32ff5d45587e9807cd454147aa4c4c18712e" />
		<rom name="Alle Neune.vpt" size="7995392" crc="abe6e90c" md5="d69fe2fcd36f2cc538451d96b751b50c" sha1="80da6bf8ac98d931bf488d446495f6a956a0c904" />
	</machine>
	<machine name="Ballyround (Bally)(1932)(Romolo)(1.0)[VP995][Flipperless]">
		<description>Ballyround (Bally)(1932)(Romolo)(1.0)[VP995][Flipperless]</description>
		<rom name="Ballyround (Bally 1932)VP995.vpt" size="2015232" crc="85910c9f" md5="c7bda5d725ad3686198dc0bd5a1f457d" sha1="2e4742bc0f369804fae155dc02f4759db15d7c32" />
		<rom name="Ballyround ss.jpg" size="69572" crc="9070da58" md5="d453fd21061c4a3a331bc553e212f876" sha1="b393daa8f777d05ee74693507fb9c58d0acda108" />
	</machine>
	<machine name="Battle (Bally)(1935)(Romolo)(1.0)[VP995][Flipperless]">
		<description>Battle (Bally)(1935)(Romolo)(1.0)[VP995][Flipperless]</description>
		<rom name="Battle (Bally 1935)Vp995.vpt" size="2441216" crc="d595139c" md5="2b333462e125d948e06436c67a72ba22" sha1="e4716e84d587b9638c149112974c7ed9d321aa07" />
		<rom name="Battle Bally 1935Vp995.jpg" size="107230" crc="2ea8408b" md5="cf5792b95362b32a1fb1d43f3208b16a" sha1="2d7a94d3a71485cb0e053810a37083833aef3102" />
	</machine>
	<machine name="Bulls-Eye Drop Ball (Chicago Coin)(1960)(Romolo)(1.0)[VP995][Upright Model][Flipperless]">
		<description>Bulls-Eye Drop Ball (Chicago Coin)(1960)(Romolo)(1.0)[VP995][Upright Model][Flipperless]</description>
		<rom name="Bulls-Eye Drop Ball (Chicago Coin 1960)VP9.vpt" size="3407872" crc="ff843618" md5="7ebc4eec547a5a5d64a96467c576c1ae" sha1="080fede116dfbacf856ac3d2b00b9dbe76d42565" />
		<rom name="Bulls-Eye Drop Ball ss.jpg" size="139002" crc="aa953a82" md5="be5a925e3ff30edda966f4cea2b570a3" sha1="f588c49a63731e00990fdaad8d1659068f81e7e5" />
	</machine>
	<machine name="Carnival Target Gallery (Midway)(1963)(Romolo)(1.0)[VP995][Pitch and Bat]">
		<description>Carnival Target Gallery (Midway)(1963)(Romolo)(1.0)[VP995][Pitch and Bat]</description>
		<rom name="Carnival Target Gallery (Midway 1963)VP995.vpt" size="5955584" crc="5d6e436f" md5="78fa00690e29f42bccfe067f698c584b" sha1="f4a62fd127485c4cbd722f91e25de6ed745b0f1c" />
	</machine>
	<machine name="Ice Cold Beer (Taito)(1983)(mfugemann)(1.3)[VP990][Ball Bearing Rolling Game]">
		<description>Ice Cold Beer (Taito)(1983)(mfugemann)(1.3)[VP990][Ball Bearing Rolling Game]</description>
		<rom name="Ice Cold Beer_1_0.vpt" size="11227136" crc="8d2e73d8" md5="d5fd199f1ba9fdc7a4bd91d534aaea1c" sha1="731bedd2fc38f3643796047f9e4f86d39aa63616" />
		<rom name="Ice Cold Beer_1_1.vpt" size="10276864" crc="27ce7237" md5="87063e9c9f9cfe61c56b5599111a1214" sha1="e0940493f25e180e58b279e38b313b187caf1980" />
		<rom name="Ice Cold Beer_1_2.vpt" size="10276864" crc="e9f0e3d9" md5="adca7f5ba27d28a2e4c8e80e8e7d47bc" sha1="18118144f159413704c5b18a5f10c4a799a7ee89" />
		<rom name="Ice Cold Beer_1_3.vpt" size="10276864" crc="f637adb3" md5="a68b8768fb650c19821a4d8c0dc7acf0" sha1="6309dafc2f3ffe112b5060ef5fe6824da8772872" />
		<rom name="screenshot.png" size="1533654" crc="ba2f43c3" md5="8a828827c652cccd4abbe6a269d8a8aa" sha1="0a73335e720fba845b7a9c519d0f136ae162a2b5" />
	</machine>
	<machine name="Joker Ball (Midway)(1960)(romolo)(1.0)[VP995][Flipperless]">
		<description>Joker Ball (Midway)(1960)(romolo)(1.0)[VP995][Flipperless]</description>
		<rom name="Joker Ball (Midway 1960)VP995RW.vpt" size="2592768" crc="82eb2278" md5="9a154628351932b5ebaccfb66a721f0a" sha1="87ae82a7b7a73be6c9afc3a76b69bfa1c5af410f" />
	</machine>
	<machine name="King Pin (Chicago Coin)(1951)(Romolo)(1.0)[VP995][Flipperless]">
		<description>King Pin (Chicago Coin)(1951)(Romolo)(1.0)[VP995][Flipperless]</description>
		<rom name="_King Pin Chicago Coin 1951.jpg" size="118863" crc="3d1714f3" md5="2c1ac06b687e9c1cbdea869667284574" sha1="3789071ebf935e189eaba6484c92f495b9c1c43f" />
		<rom name="King Pin (Chicago Coin 1951).vpt" size="7618560" crc="e8fd18cc" md5="9a19cd9105ad420e04a50502ac83d4f6" sha1="7a082b2fa5976bd5f14e2ec56be21bc9966aec30" />
	</machine>
	<machine name="Little Manhattan (Caille-Schiemer Co)(1901)(Romolo)(1.0)[VP995][Flipperless]">
		<description>Little Manhattan (Caille-Schiemer Co)(1901)(Romolo)(1.0)[VP995][Flipperless]</description>
		<rom name="Little Manhattan (Caille-Schiemer Co 1901)VP995.vpt" size="1748992" crc="83303947" md5="a1ec8ff2437ec69f6642cde840b370df" sha1="755fdd1881d744539e84c23c18662a77ae705a95" />
		<rom name="Little Manhattan ss.jpg" size="57477" crc="c209ba59" md5="d3564eabc1093193d2f8cb9a7851bfeb" sha1="b921bd2d1a19ebdd633da4838533b75420073074" />
	</machine>
	<machine name="Lucky Strike (Genco)(1940)(Romolo)(1.0)[VP995][Bowling]">
		<description>Lucky Strike (Genco)(1940)(Romolo)(1.0)[VP995][Bowling]</description>
		<rom name="Lucky Strike (Genco 1940)vp995.vpt" size="5206016" crc="4026423b" md5="2a27451c3941261bc77da6ddb82a1025" sha1="e53adf08103d9300b2219b8d5799a0415935ebf9" />
	</machine>
	<machine name="Mat-Cha-Skor (Peo Manufacturing Co.)(1933)(Romolo)(1.0)[VP995][Flipperless]">
		<description>Mat-Cha-Skor (Peo Manufacturing Co.)(1933)(Romolo)(1.0)[VP995][Flipperless]</description>
		<rom name="Mat-Cha-Skor (Peo Manufacturing Co. 1933)VP995.vpt" size="2281472" crc="946f14d6" md5="68fdfc6df5d090c8088d332d27b30242" sha1="e4880bfa70c395f5f657d81b488cfc0d8855ff43" />
	</machine>
	<machine name="Merry-Go-Round (A.B.T. Manufacturing Co.)(1933)(Romolo)(1.0)[VP995][Bagatelle]">
		<description>Merry-Go-Round (A.B.T. Manufacturing Co.)(1933)(Romolo)(1.0)[VP995][Bagatelle]</description>
		<rom name="Merry-Go-Round33 ss.jpg" size="95279" crc="96a08f9f" md5="1a049276a3db9722a2b170062203cd11" sha1="0f2c57557fc4990a9ed93439a0e8bf65d030196c" />
		<rom name="Merry-Go-Round (A.B.T. Manufacturing Co.1933)VP995.vpt" size="958464" crc="5bdd30da" md5="a5f212d40c8c8566111caa8566f534a7" sha1="78330988d53220aa7c9a91bdb5e891571fff5421" />
	</machine>
	<machine name="Music Mite (Williams)(1951)(Romolo)(1.0)[VP995][Jukebox]">
		<description>Music Mite (Williams)(1951)(Romolo)(1.0)[VP995][Jukebox]</description>
		<rom name="Music Mite (WILLIAMS 1951)Vp995.jpg" size="103239" crc="5677c3b4" md5="bc5ea28cd12cd8ea9b4547380f782671" sha1="7f76b084e6e2b93cd931e1c20513fe021c9b5fcc" />
		<rom name="Music Mite (WILLIAMS 1951)Vp995.vpt" size="51142656" crc="8952c24f" md5="108d48e2f65a0fe0a93d9cb7a0c64696" sha1="934a1f274e4f8321d310a71c45b102de7a541521" />
		<rom name="Music Mite (WILLIAMS 1951)Vp995newer.vpt" size="49479680" crc="982d33bd" md5="2d5ba9dfaf71907a10f729515626192b" sha1="a0aba599e070553e6053607bf935f67ebdf85bec" />
		<rom name="Music Mite img.jpg" size="425435" crc="9a881463" md5="fba68ab7c55d897fcc2d648ecf56d66c" sha1="3ed1e1d737314692191c26c63a41ac5c099d1011" />
	</machine>
	<machine name="Mystery Score (Extra Ball Model) (Midway)(1965)(Romolo)(1.0)[VP995][Flipperless]">
		<description>Mystery Score (Extra Ball Model) (Midway)(1965)(Romolo)(1.0)[VP995][Flipperless]</description>
		<rom name="Mystery Score (Midway 1965)VP995.vpt" size="4628480" crc="a49f7b97" md5="30c48de1506b1369e8252bd5901068db" sha1="885c34d6971d5585b199c71f1c040c988f0cef46" />
		<rom name="Mystery Score ss.jpg" size="175455" crc="197cb142" md5="3e0d7b3745a75ffb7d3c8746ab2c6b52" sha1="6bcc955a3079d96be329ad7d5919b49af78f4a4e" />
	</machine>
	<machine name="PMU mecanisme BONZINI (BUSSOZ BONZINI Paris, France)(1935)(Romolo)(1.0)[VP995][Bingo Machine]">
		<description>PMU mecanisme BONZINI (BUSSOZ BONZINI Paris, France)(1935)(Romolo)(1.0)[VP995][Bingo Machine]</description>
		<rom name="PMU mecanisme BONZINI (BUSSOZ BONZINI Paris, France 1935).vpt" size="3076096" crc="9efc8789" md5="11ddcd964d2011aa20acea19da4f5650" sha1="67d36278b9f9a3c96c71177af50a8955968f60b7" />
		<rom name="PMU mecanisme BONZINI img.jpg" size="74675" crc="1e7a3cb4" md5="38684c3bd8720446ee9fba632b25366e" sha1="3c52d40c8f1f26df6d59742a3b2672f47dab7ef4" />
	</machine>
	<machine name="Rodeo Shooting Gallery (Chicago Coin)(1972)(romolo)(1.0)[VP995][Flipperless]">
		<description>Rodeo Shooting Gallery (Chicago Coin)(1972)(romolo)(1.0)[VP995][Flipperless]</description>
		<rom name="Rodeo Shooting Gallery (Chicago Coin 1972)VP995.vpt" size="4009984" crc="b7ad0ee5" md5="8a113355138a1508a7de99c6bbd2f98a" sha1="839a61f841e2f020ea8df33e382d48b7cc65331e" />
	</machine>
	<machine name="Rola (Max Langenhaun)(1930)(Romolo)(1.0)[VP995][Flipperless]">
		<description>Rola (Max Langenhaun)(1930)(Romolo)(1.0)[VP995][Flipperless]</description>
		<rom name="Rola (Max Langenhaun 1930)Vp995.vpt" size="4612096" crc="e94e013a" md5="2bdf195313376a79041c1a608c28d555" sha1="b59c0079a962a4a0a318b88bf8cc8cf0bb72731c" />
		<rom name="Rola.jpg" size="86551" crc="be2af3a2" md5="7f591c141b68f77cf7a82c0892f988ed" sha1="b9441219f4143d20f5484bbcb2161f3bd87ca195" />
	</machine>
	<machine name="Skill Derby (Replay Model) (Bally)(1960)(Romolo)(1.0)[VP995][Mechanical Backbox Animation]">
		<description>Skill Derby (Replay Model) (Bally)(1960)(Romolo)(1.0)[VP995][Mechanical Backbox Animation]</description>
		<rom name="Skill Derby (Bally 1960)VP995.vpt" size="5419008" crc="d734b3f5" md5="41f769800590d14e3dd741312ff0cc06" sha1="5d3555c482a2a8bbce7c7b6bb3f29705f44d2c15" />
		<rom name="Skill Derby.jpg" size="104123" crc="f7672425" md5="ca4e6eb87bd88d8da11b212d192cf441" sha1="dd903df3d8ab843162764dbaa4210e662d6a66dc" />
	</machine>
	<machine name="Spin-A-Way (Lindstrom Tool and Toy Company)(1934)(Romolo)(1.0)[VP995][Flipperless]">
		<description>Spin-A-Way (Lindstrom Tool and Toy Company)(1934)(Romolo)(1.0)[VP995][Flipperless]</description>
		<rom name="Spin-A-Way (Lindstrom 1934)VP9.vpt" size="909312" crc="c9aac916" md5="a99023119a1bbf80d9854e9b196a4fab" sha1="f210aac135308350dbb4b4e5d2172b1311fbc7db" />
		<rom name="spin-a-way-lindstrom-1934vp9.jpg" size="74002" crc="8b70caa7" md5="48e3b41f93477d33fbe6ce9d48ff57fb" sha1="8ab4c5297b2b3d6050c0a40f7a1cf909f7cf37a3" />
	</machine>
	<machine name="Whoopee Ball (Unknown Manufacturer)(1931)(Romolo)(1.0)[VP995][Flipperless]">
		<description>Whoopee Ball (Unknown Manufacturer)(1931)(Romolo)(1.0)[VP995][Flipperless]</description>
		<rom name="Whoopee Ball (Unknown Manufacturer 1931).jpg" size="100486" crc="d6722254" md5="8a10eed0831a617b660a6684d23118f2" sha1="41b0d0e240979c57ef593b77191b3c5ac38df7eb" />
		<rom name="Whoopee Ball (Unknown Manufacturer 1931).vpt" size="2338816" crc="38ce8cef" md5="fe47090326b1c249a1fb7ee1228b2ce1" sha1="b6ea41217a05660452ef837b7f90cb2a7bd43759" />
	</machine>
	<machine name="Wings (Rock-Ola Mfg. Corp.)(1933)(Romolo)(1.0)[VP995][Flipperless]">
		<description>Wings (Rock-Ola Mfg. Corp.)(1933)(Romolo)(1.0)[VP995][Flipperless]</description>
		<rom name="Wings (Rock-Ola Mfg. Corp. 1933).jpg" size="144195" crc="de0d8dea" md5="fe8a0759d3f4bf14ad7e2c8a2c6da130" sha1="05a373acdd5594bc6e8471e4117716e519b489d5" />
		<rom name="Wings (Rock-Ola Mfg. Corp. 1933).vpt" size="3661824" crc="8d2916d3" md5="70282284d3baadaba39a0a7606c047e1" sha1="a270324d7147c9b057c60da3945c9ca8e7ddea8e" />
	</machine>
	<machine name="Zeke's Peak (Taito)(1984)(mfuegemann)(1.4)[VP990][Bingo]">
		<description>Zeke's Peak (Taito)(1984)(mfuegemann)(1.4)[VP990][Bingo]</description>
		<rom name="readme.txt" size="1366" crc="77364369" md5="96ead15b637798652c6af0eb972d1c5f" sha1="16997adf65940ba2face9a5858b2796fecdd634b" />
		<rom name="screenshot.jpg" size="542732" crc="e979d7f4" md5="7a36bf4bd1a106a8ecefc226698d3173" sha1="761be004e96c51e63df0121b7f756c643efd4380" />
		<rom name="ZekesPeak_1_0.vpt" size="15290368" crc="f6cbbf4d" md5="1b3cc74ca2dca0233702a72a2b859fd4" sha1="8e93ebbac23634cd4de1f841e13e9f1087d3f5c6" />
		<rom name="ZekesPeak_1_1.vpt" size="15601664" crc="15fb44e3" md5="de05af1d10c1c6c3c6fcd77c1301962d" sha1="c486f2bb4e455b2caa4d79989accf32ad616b70f" />
		<rom name="ZekesPeak_1_2.vpt" size="17072128" crc="94a80e32" md5="1e3e98306496822c7bcb96758494876e" sha1="7baf2339c467d312aedfb2c141e154efac3b5386" />
		<rom name="ZekesPeak_1_3.vpt" size="17072128" crc="7b8db7eb" md5="c8aa9683f4dc11dccf055875da43d82c" sha1="4fc05824fc98d030d69e0ef6d8e7c356a964e34e" />
		<rom name="ZekesPeak_1_4.vpt" size="17072128" crc="0f27b0fc" md5="99c19a77d496364fbc76032914e04c18" sha1="3329c9220b01ee40f402fbef00407ae8df48f85c" />
	</machine>
</datafile>