<?xml version="1.0" encoding="utf-8"?>
<!DOCTYPE datafile PUBLIC "-//Logiqx//DTD ROM Management Datafile//EN" "http://www.logiqx.com/Dats/datafile.dtd">
<datafile>
	<header>
		<name>Visual Pinball [VP8] Recreated Tables [MODs, HACKs]</name>
		<description>Visual Pinball [VP8] Recreated Tables [MODs, HACKs] (2024-11-07)</description>
		<version></version>
		<date>2024-11-07</date>
		<author></author>
	</header>
	<machine name="Ali Baba (Gottlieb)(1948)(Duglis, Robair)[VP8][MOD v1.1.0 Humid]">
		<description>Ali Baba (Gottlieb)(1948)(Duglis, Robair)[VP8][MOD v1.1.0 Humid]</description>
		<rom name="Ali Baba Mod 1.1 (Gottlieb 1948).vpt" size="3111936" crc="8442dbfd" md5="4c8c6c9a0b30e964e257e202f2f1fb7c" sha1="a610e775e4b37f4b3c43c0eeda531b6f7af08b5b" />
		<rom name="Ali Baba Screen.jpg" size="281787" crc="c19cc5c8" md5="a70921a6e9cef44f3721d507a378258f" sha1="87120e1ea9cb5e3c4183a0c6ec767db0886ae9b7" />
	</machine>
	<machine name="Butterfly (Segasa d.b.a. Sonic)(1977)(Gerhard, Germax)(1.0)[VP8](MOD v1.1 Humid)">
		<description>Butterfly (Segasa d.b.a. Sonic)(1977)(Gerhard, Germax)(1.0)[VP8](MOD v1.1 Humid)</description>
		<rom name="(1.0)[VP8](MOD v1.0 Humid)/Butterfly screenshot.jpg" size="247650" crc="c64f5532" md5="6617d0680eb0d1e2892057dbfc348610" sha1="a8ff56d950830fe8b6c9476b36aaea07160b09c7" />
		<rom name="(1.0)[VP8](MOD v1.0 Humid)/Butterfly V1.0.vpt" size="2919936" crc="eaed12f0" md5="3d03884944cad96b655ad3b9a4d1e8f2" sha1="961ca6d0433fc396658f9c3fa3993ddd84e42ff5" />
		<rom name="(1.1)[VP8](MOD v1.1 Humid)/Butterfly 1.1.jpg" size="244249" crc="b903d667" md5="9a1d0c9f4461b86529909797c8163b52" sha1="f1dce86933ad94a6fecad41a3dc8395fca2ffdda" />
		<rom name="(1.1)[VP8](MOD v1.1 Humid)/Butterfly V1.1.vpt" size="3103744" crc="521cd66a" md5="134e7c927d7477c8b1e0ea19a83dfea3" sha1="567fbfaeb8573a592fd4217860e8faa3fe6efa1c" />
	</machine>
	<machine name="Dragon (Interflip)(1977)(Steveir, Hugh Janus, Duglis, Leon Spalding)(1.0)[VP8][MOD v1.0 Humid]">
		<description>Dragon (Interflip)(1977)(Steveir, Hugh Janus, Duglis, Leon Spalding)(1.0)[VP8][MOD v1.0 Humid]</description>
		<rom name="Dragon (Interflip 1977).vpt" size="7371776" crc="e4ecb4a9" md5="8ef29aa31a76a5b732f2d062e18afdbd" sha1="0077b9e05df8153c6846bbd0c00c0ee123e94a48" />
		<rom name="Dragon Screen.jpg" size="263801" crc="9502b43d" md5="66dacf1d01e37a63450c995afe04552d" sha1="26fdf0653d0a1d8309ece5abea96bc7a794b47eb" />
	</machine>
	<machine name="Empire Strikes Back, The (A. Hankin &amp; Co.)(1980)(Eala Dubh Sidhe)(RC1)[VP8][MOD v1.0a King Clam]">
		<description>Empire Strikes Back, The (A. Hankin &amp; Co.)(1980)(Eala Dubh Sidhe)(RC1)[VP8][MOD v1.0a King Clam]</description>
		<rom name="1.0a/ESB Mod v1a.jpg" size="190841" crc="109eef1e" md5="72fe368f95de0de175dad39482819d71" sha1="1fb632e15796d997f3bb3622c839099cd794816f" />
		<rom name="1.0a/Mod notes.txt" size="721" crc="24802359" md5="172b6390e79784dbeb23b97a34e8d95d" sha1="5b7dd06b5753767b63a666057a52da1c9698691f" />
		<rom name="1.0a/The Empire Strikes Back (Mod v.1a).vpt" size="8195072" crc="9b461960" md5="44b1a86b381b8f55843d548b003da1d3" sha1="18635e761ae65c305fdf395ff39d666b75712de9" />
		<rom name="1.0/Mod notes.txt" size="647" crc="ccc28823" md5="c34e392f32312563741faaacb7528b20" sha1="64828a0811881217c2da590ae2db4438039a764c" />
		<rom name="1.0/The Empire Strikes Back (Mod v.1).vpt" size="8195072" crc="923e7f96" md5="1473a20fd1234d0ee260bd53b3c03176" sha1="c64d450edbabd1e75e3f04414b86d2ff1112c7fc" />
		<rom name="Fonts/starjedi.ttf" size="25656" crc="fcaba86d" md5="af7c07faaff0d16720c25db7990579e2" sha1="795839dd1b9630949c56f447529140608bb894b7" />
		<rom name="Fonts/trana___.ttf" size="58232" crc="a65607b4" md5="66dc9095c3f6fb48dbe4874d7304ca47" sha1="f89519a6452ebc2bcaf130fd136bcfcc59b28fa6" />
		<rom name="Empire Strikes Back, The (mod) screenshot.jpg" size="190937" crc="d012e723" md5="a963ef3c13c317113fdd7b204c68e455" sha1="379a9e35f07f2747aa3369d07c5354941cf17817" />
		<rom name="permission to mod ESB.jpg" size="96452" crc="101fdf62" md5="61872addb263de64f8b46c6d0cb4532f" sha1="62b651e676aca1f135f9dde824ac99dfeced9102" />
	</machine>
	<machine name="Hi-Diver (Gottlieb)(1959)(Leon Spalding)(RC1)[VP8][MOD v1.0 Humid]">
		<description>Hi-Diver (Gottlieb)(1959)(Leon Spalding)(RC1)[VP8][MOD v1.0 Humid]</description>
		<rom name="Hi Diver Mod 1.0 Gottlieb 1959.vpt" size="2964992" crc="d660e84f" md5="9aa1d8efa87d52d54d8f4c202908e6b2" sha1="ded721eff6e98fb143f0db208470004568c4bb82" />
		<rom name="Hi Diver Screen.jpg" size="273541" crc="c02d0a23" md5="16e40bbd6458b9d846b0e827a09f76f4" sha1="0d4fdfa1dd87c7da9f336c863623782b86c7ac2f" />
	</machine>
	<machine name="North Star (Gottlieb)(1964)(Leon Spalding)(RC2)[VP8][MOD Gfx v1.0 Humid]">
		<description>North Star (Gottlieb)(1964)(Leon Spalding)(RC2)[VP8][MOD Gfx v1.0 Humid]</description>
		<rom name="Fonts/bradhitc.ttf" size="105296" crc="66d17504" md5="0252223e8c36008b595f5e379ad5e524" sha1="bc773a38f567c9ecec65485bc588065f2215a386" />
		<rom name="North Star Gottlieb 1964.vpt" size="3161600" crc="cc5fbc41" md5="830db520dde3890da595c75ddb21aa64" sha1="d8ed533324429d4591a0343939e66aecdcb6144e" />
		<rom name="North Star.jpg" size="277892" crc="755f3aec" md5="40038861cf33516245bb4543c1688e24" sha1="c07431468c03243d0d6b341a068048c8509ebc86" />
	</machine>
	<machine name="Out of Sight (Gottlieb)(1974)(Redswal)(1.0)[VP8][MOD v1 King Clam]">
		<description>Out of Sight (Gottlieb)(1974)(Redswal)(1.0)[VP8][MOD v1 King Clam]</description>
		<rom name="ARIAL.ttf" size="273020" crc="2164d13d" md5="8d223b3ad8d4819e9dcf22757e4cc2c4" sha1="54409697aa6122190669cac73b49866f5210b184" />
		<rom name="gottlieb score.ttf" size="2508" crc="65115886" md5="62b06e1b2029dabfcbec85a9e312bca5" sha1="76f6eede4bd05a0d2418640e3a6224b6ac1aaab9" />
		<rom name="LED.ttf" size="32368" crc="8bb9cccf" md5="941981e889de59e543f3fa469822a352" sha1="5de776ed3038467bc45ed06040dc30fa9b3b4e8c" />
		<rom name="mod notes.txt" size="1512" crc="55da25d2" md5="aa6358a9f7c5afb820b4ecc0f3ddd7b6" sha1="73b774e7f305cb19bbbdf999f3e0838eb77167bb" />
		<rom name="OoS Flyer.jpg" size="358980" crc="53d76051" md5="9b50a1fb32b4ba92061ed5ab8c639167" sha1="adcdcb10d4a637dfa93230107a427303754c4f4b" />
		<rom name="Out of Sight mod 1.jpg" size="175965" crc="49a63400" md5="07210ae2f2dfb3d0b3239f89cf8c22a6" sha1="82fac25e231cfdc3bc3dbf95708c4e32d020b0b0" />
		<rom name="Out of Sight Mod 1.vpt" size="3801600" crc="4298f89b" md5="ef8f2883f3bdc572b506b8d59ec19f9f" sha1="31ad2b6a289769aa3e91e90500b2cb53cfdbcad3" />
		<rom name="Out of Sight Rules.txt" size="2033" crc="6c799001" md5="f90dc822d0b93715d02160d938473d25" sha1="4f5fe64d2a334dc98f88b88ef485cb92521d94b2" />
		<rom name="permission.txt" size="469" crc="1aa7e8cf" md5="fddd95ba59578a276a60dcd4dc4caadc" sha1="edf73ae2acc137d64d6fc5adcd8dd29e7c55b0c0" />
		<rom name="TIMES.ttf" size="322824" crc="4b7e20b0" md5="79032e1bc16b127ac3863dcdd3ca9168" sha1="5af74eae397a38d825573c17e2426f41047df142" />
	</machine>
	<machine name="Rocky Girl (Giuliano Lodola)(1979)(Redswal)(1.0)[VP8][MOD v1 King Clam]">
		<description>Rocky Girl (Giuliano Lodola)(1979)(Redswal)(1.0)[VP8][MOD v1 King Clam]</description>
		<rom name="permission.txt" size="349" crc="d125fda3" md5="aa6b29790991539cae427453c8e10fab" sha1="511c5ed85946c2dbdb33c08f07dcc56aa1b146c4" />
		<rom name="rocky Girl Mod 1.jpg" size="187459" crc="f3d49492" md5="07d1c7df362f8f1bee80e15b20bef0a9" sha1="bfa4d12fff91ea817fd956dddced96303515b9f5" />
		<rom name="Rocky Girl Mod 1.vpt" size="7773696" crc="115eae40" md5="84831bbdfd25457ac15d9743905caa42" sha1="626667acf2ad1036f641944380be515ff26b3a2a" />
	</machine>
	<machine name="Solar Ride (Gottlieb)(1979)(Robair)[MOD v1 Satch fixed v2 by OWJ][VP8]">
		<description>Solar Ride (Gottlieb)(1979)(Robair)[MOD v1 Satch fixed v2 by OWJ][VP8]</description>
		<rom name="Solar Ride-Mod by OWJ.vpt" size="2834432" crc="129ae521" md5="98154f413f59d6027f159977aedda98a" sha1="5e394f48071889a1775e2a1c9318aa207a37892e" />
		<rom name="Solar_Ride-Mod_by_OWJ.jpg" size="286341" crc="db668d33" md5="9bf33aff8a5e449369bfa1f092a6d22e" sha1="549d45306ff10323c9b829910cd6bd89cc0a8fd4" />
		<rom name="williamspinball.ttf" size="23548" crc="02e83ad1" md5="a50ceaf415b07a0c9e467b03f2127a82" sha1="a3285aedc5d4d42e7bf6a06713562bc94a165f97" />
	</machine>
</datafile>