<?xml version="1.0" encoding="utf-8"?>
<!DOCTYPE datafile PUBLIC "-//Logiqx//DTD ROM Management Datafile//EN" "http://www.logiqx.com/Dats/datafile.dtd">
<datafile>
	<header>
		<name>Visual Pinball [VP9] PinMame Tables [WideScreen]</name>
		<description>Visual Pinball [VP9] PinMame Tables [WideScreen] (2024-11-07)</description>
		<version></version>
		<date>2024-11-07</date>
		<author></author>
	</header>
	<machine name="Asteroid Annie and the Aliens (Pinuck)(1.1)[VP9][WideScreen]">
		<description>Asteroid Annie and the Aliens (Pinuck)(1.1)[VP9][WideScreen]</description>
		<rom name="Asteroid Annie VP9 WS 1.1.jpg" size="909881" crc="24c078bd" md5="7e9d46fa99f3f772d2c454037d84c7c5" sha1="3c19e63b4f1909b14789c9016304dabd7c50f9a6" />
		<rom name="Asteroid Annie VP9 WS 1.1.vpt" size="24817664" crc="6681fb8f" md5="40bdde07ef45e81b84bd8e095cf6cb3d" sha1="b0bd48f7680508b89d75e52d63a3686e318e4b6f" />
	</machine>
	<machine name="Machine, The - Bride of Pinbot (Williams)(1991)(unclewilly)(1.01)[VP9][WideScreen]">
		<description>Machine, The - Bride of Pinbot (Williams)(1991)(unclewilly)(1.01)[VP9][WideScreen]</description>
		<rom name="BrideOfPinbot.uw.V1.01.WS.vpt" size="27768832" crc="0dbd2832" md5="9eedd878a7471f28f8f3f417a2d95703" sha1="839fd6ea0e632ee344154f24f7d079f20e133e22" />
	</machine>
	<machine name="Robot (Zaccaria)(1985)(hmueck)(1.2)[VP9][WS]">
		<description>Robot (Zaccaria)(1985)(hmueck)(1.2)[VP9][WS]</description>
		<rom name="Robot WS 1.2.vpt" size="24465408" crc="d99e7f65" md5="d2ab8643deb81ffc2bd5ae1893a53df1" sha1="52e0f3705e5e6909b2d41a62728ca3d1de7f5dd3" />
	</machine>
</datafile>