<?xml version="1.0" encoding="utf-8"?>
<!DOCTYPE datafile PUBLIC "-//Logiqx//DTD ROM Management Datafile//EN" "http://www.logiqx.com/Dats/datafile.dtd">
<datafile>
	<header>
		<name>MAME - Update CHDs (v0.271 to v0.274)</name>
		<description>MAME - Update CHDs (v0.271 to v0.274)</description>
		<version></version>
		<author></author>
	</header>
	<machine name="oygt">
		<description>Omatsuri Yasan: Ganso Takoyaki</description>
		<year>2009</year>
		<manufacturer>Cave</manufacturer>
		<disk name="oygt" sha1="86581acca549544ec5d1945e46ca95bb76f05b40" />
	</machine>
	<machine name="oyks">
		<description>Omatsuri Yasan: Kingyo Sukui</description>
		<year>2009</year>
		<manufacturer>Cave</manufacturer>
		<disk name="oyks" sha1="5aea6e0e64e1a2bb01b6225c215634961376e308" />
	</machine>
</datafile>