<?xml version="1.0" encoding="utf-8"?>
<!DOCTYPE datafile PUBLIC "-//Logiqx//DTD ROM Management Datafile//EN" "http://www.logiqx.com/Dats/datafile.dtd">
<datafile>
	<header>
		<name>a800_cass</name>
		<description>Atari 400 / 800 cassettes</description>
		<version>0.267</version>
		<author>Pleasuredome</author>
	</header>
	<machine name="serpent">
		<description>Serpentine</description>
		<year>1982</year>
		<publisher>Broderbund</publisher>
		<rom name="serpentine (atari 400) (side a).cas" size="18938" crc="7a42459f" sha1="f717fdf02c55ecdbd8f4284da249bd87abb09708" />
		<rom name="serpentine (atari 400) (side b).cas" size="19059" crc="386999b4" sha1="4a308f95f94c00ee861ba7facbfcd0ca31e01f1f" />
	</machine>
	<machine name="zaxxon">
		<description>Zaxxon (set 1)</description>
		<year>1983</year>
		<publisher>Datasoft</publisher>
		<rom name="zaxxon (1983, datasoft, inc.).cas" size="20596" crc="bd63c369" sha1="8dda73ce267d9fe7afe0a0d6833525144c746c41" />
	</machine>
	<machine name="zaxxona">
		<description>Zaxxon (set 2)</description>
		<year>1984</year>
		<publisher>US Gold</publisher>
		<rom name="zaxxon (us_gold).cas" size="20612" crc="83f30fc0" sha1="3e26e3b98bd17a5097b80b27d8b595fe1411b66b" />
	</machine>
</datafile>