<?xml version="1.0" encoding="utf-8"?>
<!DOCTYPE datafile PUBLIC "-//Logiqx//DTD ROM Management Datafile//EN" "http://www.logiqx.com/Dats/datafile.dtd">
<datafile>
	<header>
		<name>abc80_rom</name>
		<description>Luxor ABC 80 memory card ROMs</description>
		<version>0.267</version>
		<author>Pleasuredome</author>
	</header>
	<machine name="abcdos">
		<description>ABC-DOS</description>
		<year>19??</year>
		<publisher>unknown</publisher>
		<rom name="abcdos.3d" size="4096" crc="2cb2192f" sha1="a6b3a9587714f8db807c05bee6c71c0684363744" />
	</machine>
	<machine name="dosdd80">
		<description>ABC-DOS DD</description>
		<year>19??</year>
		<publisher>unknown</publisher>
		<rom name="abcdos.3d" size="4096" crc="36db4c15" sha1="ae462633f3a9c142bb029beb14749a84681377fa" />
	</machine>
	<machine name="iec">
		<description>IEC option 4027 v1.02.4b</description>
		<year>19??</year>
		<publisher>unknown</publisher>
		<rom name="abc80-iec-option-4027-ver1.02.4b" size="1024" crc="b4998599" sha1="1d46d1334599c31025cc8481daa4d38d470a7b48" />
	</machine>
	<machine name="printer">
		<description>Printer option 9704</description>
		<year>19??</year>
		<publisher>unknown</publisher>
		<rom name="abc80-printer-option-9704.3b" size="1024" crc="f2f0d808" sha1="6355495542e77411137426effbe1059532735bb2" />
	</machine>
	<machine name="printera">
		<description>Printer option 9704 0.1</description>
		<year>19??</year>
		<publisher>unknown</publisher>
		<rom name="abc80-printer-option-9704-0.1.3b" size="1024" crc="5bfaee54" sha1="fc62d8c27c69c7ca0870faa922ccd7aa1b650ecf" />
	</machine>
	<machine name="ufd20">
		<description>UFD-DOS v.20</description>
		<year>19??</year>
		<publisher>unknown</publisher>
		<rom name="abcdos.3d" size="4096" crc="69b09c0b" sha1="403997a06cf6495b8fa13dc74eff6a64ef7aa53e" />
	</machine>
</datafile>