<?xml version="1.0" encoding="utf-8"?>
<!DOCTYPE datafile PUBLIC "-//Logiqx//DTD ROM Management Datafile//EN" "http://www.logiqx.com/Dats/datafile.dtd">
<datafile>
	<header>
		<name>abc830_flop</name>
		<description>Luxor ABC 830 diskettes</description>
		<version>0.267</version>
		<author>Pleasuredome</author>
	</header>
	<machine name="basope10">
		<description>Basope v1.0 (Finland)</description>
		<year>198?</year>
		<publisher>&lt;unknown&gt;</publisher>
		<rom name="basope10.td0" size="51302" crc="8a27ee8c" sha1="04b0c6d03f0f1ba89b1ada86d4c9cebd889a83ff" />
	</machine>
	<machine name="catnetl">
		<description>CAT800L v8.6 for CATNET v1.3</description>
		<year>198?</year>
		<publisher>Luxor</publisher>
		<rom name="catnetl.td0" size="32173" crc="bc671658" sha1="1a2f4cdd2c0be20cdccaa7123b5493c4bb0ef850" />
	</machine>
	<machine name="demo11">
		<description>Demo ABC800 v1.1</description>
		<year>198?</year>
		<publisher>Luxor</publisher>
		<rom name="demo11.dsk" size="163840" crc="f57d142d" sha1="f9c67904ddc8fa598353dcdcd8c0bc3eb4e91524" />
	</machine>
	<machine name="graf16">
		<description>Grafiikka 800 v1.6 (Finland)</description>
		<year>198?</year>
		<publisher>&lt;unknown&gt;</publisher>
		<rom name="graf16.td0" size="59476" crc="e622b7a9" sha1="e8113c05633a5e47f0a918828a4f7e4729680047" />
	</machine>
	<machine name="kompil">
		<description>Kompil</description>
		<year>198?</year>
		<publisher>unknown</publisher>
		<rom name="830_kompil.img" size="163840" crc="961c00be" sha1="1672c14c931633d9f6e7f8af629e081daa710570" />
	</machine>
	<machine name="kronstat">
		<description>Kronstat v2.1</description>
		<year>198?</year>
		<publisher>ABC-klubben</publisher>
		<rom name="kronstat.td0" size="186394" crc="0531a3fb" sha1="fc487008d193165dd2feca131114450e62aa6b4c" />
	</machine>
	<machine name="ord800">
		<description>ORD 800 v2.4</description>
		<year>198?</year>
		<publisher>P-Data</publisher>
		<rom name="ord800.td0" size="65069" crc="c18e7944" sha1="5dbbd05f954370a23c3a2ab279e1afe09b029414" />
	</machine>
	<machine name="pascal10">
		<description>Pascal 800 v1.04</description>
		<year>198?</year>
		<publisher>&lt;unknown&gt;</publisher>
		<rom name="pascal10.td0" size="77214" crc="5ded710c" sha1="66be481e7bff83c1dc3c7c7af85bc34f6813dc6e" />
	</machine>
	<machine name="prommis">
		<description>PROMMIS v6.2</description>
		<year>1983</year>
		<publisher>ELogik</publisher>
		<rom name="pr800_62.td0" size="51535" crc="b6935ddf" sha1="c5c45d4ed1557ae8fa8813896dfa34f215fee8f7" />
	</machine>
	<machine name="red800">
		<description>Bokföring 800 v2.0</description>
		<year>198?</year>
		<publisher>P-Data</publisher>
		<rom name="red800.td0" size="141304" crc="47fb91c9" sha1="a93c5499b546dce56eb19e254479e8b4feef0c53" />
	</machine>
	<machine name="sana800">
		<description>Sana 800 v2.3 (Finland)</description>
		<year>198?</year>
		<publisher>P-Data</publisher>
		<rom name="sana23.td0" size="50916" crc="f50eed61" sha1="cf18d22798f03348de6acf701232e8091370d4b3" />
	</machine>
	<machine name="sys10fi">
		<description>Systeemilevy ABC800 v1.0 (Finland)</description>
		<year>198?</year>
		<publisher>Luxor</publisher>
		<rom name="sys10fi.td0" size="22884" crc="524dc681" sha1="81a3e8f791bf57345705a871ea4ca8c00502951c" />
	</machine>
	<machine name="sys10sw">
		<description>Systemskiva ABC800 v1.0</description>
		<year>198?</year>
		<publisher>Luxor</publisher>
		<rom name="sys10sw.td0" size="24026" crc="8f49bb1d" sha1="27c9186dd1363b74344ff70a6abffe613e7091ac" />
	</machine>
	<machine name="trim">
		<description>Trim</description>
		<year>198?</year>
		<publisher>unknown</publisher>
		<rom name="trim.img" size="163840" crc="f3a6b2ff" sha1="a4253906d483697891314537882c82ff9288cfeb" />
	</machine>
	<machine name="tty800a">
		<description>TTY800 v1.5 (no autoboot)</description>
		<year>1983</year>
		<publisher>Front-Line</publisher>
		<rom name="tty800.td0" size="40815" crc="b7c23baf" sha1="9b72c40d859cf549316e565b9dd60ec64bb7a23d" />
	</machine>
	<machine name="tty800">
		<description>TTY800 v1.5</description>
		<year>1983</year>
		<publisher>Front-Line</publisher>
		<rom name="tty800ub.td0" size="53398" crc="1a88baeb" sha1="2bcfda8a819b748c4cb54b6495082a3b9980dca6" />
	</machine>
	<machine name="ufd619a6">
		<description>System disk v6.19a6 for UFD-DOS</description>
		<year>198?</year>
		<publisher>Luxor</publisher>
		<rom name="ufd619a6.td0" size="136796" crc="0244874e" sha1="26d188d04bf78ccb6abf087b8577c3e7dd423940" />
	</machine>
	<machine name="ufd619">
		<description>System disk v6.19 for UFD-DOS</description>
		<year>198?</year>
		<publisher>Luxor</publisher>
		<rom name="ufd619.td0" size="119474" crc="d3f9487e" sha1="ad22609421d9abb4c803899b405d087ff3b91c38" />
	</machine>
</datafile>