<?xml version="1.0" encoding="utf-8"?>
<!DOCTYPE datafile PUBLIC "-//Logiqx//DTD ROM Management Datafile//EN" "http://www.logiqx.com/Dats/datafile.dtd">
<datafile>
	<header>
		<name>adam_cass</name>
		<description>Coleco Adam Digital Data Packs</description>
		<version>0.267</version>
		<author>Pleasuredome</author>
	</header>
	<machine name="2010adv">
		<description>2010 - The Text Adventure Game</description>
		<year>1984</year>
		<publisher>Coleco</publisher>
		<rom name="2010 - the text adventure game (1984) (coleco).ddp" size="262144" crc="f7ff1a75" sha1="ca821f251d7620d308374e98edd08cc6a1510a5b" />
	</machine>
	<machine name="adamani1">
		<description>ADAMania #01</description>
		<year>19??</year>
		<publisher>&lt;unknown&gt;</publisher>
		<rom name="adamania #01.ddp" size="262144" crc="97ddd681" sha1="695ae0e709d9d33150961868aabc4f2ef6c9c201" />
	</machine>
	<machine name="adamani2">
		<description>ADAMania #02</description>
		<year>19??</year>
		<publisher>&lt;unknown&gt;</publisher>
		<rom name="adamania #02.ddp" size="262144" crc="0f195970" sha1="7b6b2089ca57e9d378811e3168235247fd576ff3" />
	</machine>
	<machine name="adamani3">
		<description>ADAMania #03</description>
		<year>19??</year>
		<publisher>&lt;unknown&gt;</publisher>
		<rom name="adamania #03.ddp" size="262144" crc="e997866d" sha1="58aa1a9256910f23078b70ee47582d9093332b9d" />
	</machine>
	<machine name="adamlnk2">
		<description>ADAMLink II</description>
		<year>1984</year>
		<publisher>Coleco</publisher>
		<rom name="adam link ii communications package (1983)(coleco).ddp" size="262144" crc="6dbf9745" sha1="571bec0d8f2a99a7f7b368d76c7b343b438ff841" />
	</machine>
	<machine name="adamsrib">
		<description>ADAM's R.I.B. I</description>
		<year>1984</year>
		<publisher>Tapeware Technologies</publisher>
		<rom name="adam's r.i.b. i (1984) (tapeware technologies).ddp" size="262144" crc="04d86fee" sha1="c783f073f7ba4faaf2768b3c97ed1e532fc311fb" />
	</machine>
	<machine name="adamtut">
		<description>ADAM Tutor</description>
		<year>198?</year>
		<publisher>Villiard &amp; Reynolds</publisher>
		<rom name="adam tutor (198x) (villiard &amp; reynolds).ddp" size="262144" crc="f775fafe" sha1="492c01df6c82f22685b7642c811f85e07c96a4a2" />
	</machine>
	<machine name="addictus">
		<description>Addictus</description>
		<year>1989</year>
		<publisher>Reedy Software</publisher>
		<rom name="addictus v1.01 (1989)(reedy software).ddp" size="262144" crc="0a31f69b" sha1="aa75b3efbc80df9e73ef35fe068bde62d67a7577" />
	</machine>
	<machine name="addictusa">
		<description>Addictus (alt)</description>
		<year>1989</year>
		<publisher>Reedy Software</publisher>
		<rom name="addictus (1989) (reedy software).ddp" size="262144" crc="30584c67" sha1="7c6b6a44647e6fff3f1be207174cb30503f92e2b" />
	</machine>
	<machine name="addrbook">
		<description>Address Book Filer with AutoDialer</description>
		<year>1984</year>
		<publisher>Coleco</publisher>
		<rom name="address book filer with autodialer (1984) (coleco).ddp" size="262144" crc="8fba1389" sha1="47b5737eafd9e778aba2a05c93f4551a4b3eb21a" />
	</machine>
	<machine name="autoaid">
		<description>Auto-AID for SmartBASIC</description>
		<year>1984</year>
		<publisher>FutureVision</publisher>
		<rom name="auto-aid for smartbasic v1.0 (1984) (futurevision).ddp" size="262144" crc="394284af" sha1="3c98d98665fe4e12265455419f460e97faf79c41" />
	</machine>
	<machine name="autobckp">
		<description>AutoBackup</description>
		<year>198?</year>
		<publisher>Walters Software Co.</publisher>
		<rom name="autobackup - autoload (198x) (walters software co.).ddp" size="262144" crc="55b9ccf1" sha1="a1196b2c9a91042e1c549afbf3a0d40413dc24a9" />
		<rom name="autobackup - autosave (198x) (walters software co.).ddp" size="262144" crc="13f5f1ad" sha1="2a7c0fb50fbd1a9d64fb1d53b1354222b5f426f7" />
	</machine>
	<machine name="basicpgm">
		<description>basicpgm</description>
		<year>19??</year>
		<publisher>&lt;unknown&gt;</publisher>
		<rom name="basicpgm.ddp" size="262144" crc="50668433" sha1="1853f441cfe8cc9a679a0a8186364a735e9d2d9c" />
	</machine>
	<machine name="bestbrod">
		<description>The Best of Brøderbund</description>
		<year>1984</year>
		<publisher>Coleco</publisher>
		<rom name="best of broderbund, the (1984) (coleco).ddp" size="262144" crc="8a1d3ab5" sha1="a6646acea19a2d96cc262f478225f8216fdbb2fa" />
	</machine>
	<machine name="bestbroda">
		<description>The Best of Brøderbund (alt)</description>
		<year>1984</year>
		<publisher>Coleco</publisher>
		<rom name="best of broderbund, the (1984) (coleco) [a1].ddp" size="262144" crc="cc8d3dc4" sha1="dabbdc85d4cd22c98a864d337958d3e7b48ff120" />
	</machine>
	<machine name="bestea">
		<description>Best of Electronic Arts (prototype)</description>
		<year>1985</year>
		<publisher>Coleco</publisher>
		<rom name="best of electronic arts - pinball construction set &amp; the hard hat mack (19xx)(k-byte - coleco).ddp" size="262144" crc="a494a006" sha1="fcdee1391b4fc8098bfca7547af7cce1f3b4df89" />
	</machine>
	<machine name="blankddp">
		<description>Blank Digital Data Pack</description>
		<year>19??</year>
		<publisher>&lt;unknown&gt;</publisher>
		<rom name="256k digital data pack.ddp" size="262144" crc="3fe56492" sha1="71b8e1122f2693eda166efc29f674d6bc01c3400" />
	</machine>
	<machine name="blankddpa">
		<description>Blank Digital Data Pack (alt)</description>
		<year>19??</year>
		<publisher>&lt;unknown&gt;</publisher>
		<rom name="256k digital data pack [a1].ddp" size="262144" crc="03781521" sha1="e1a73a5e7df3627c37d13e35ef2a58549d59353a" />
	</machine>
	<machine name="buckrog">
		<description>Buck Rogers - Planet of Zoom</description>
		<year>1983</year>
		<publisher>Coleco</publisher>
		<rom name="buck rogers - planet of doom (1983)(sega).ddp" size="262144" crc="c85f0f99" sha1="443b60e1b703d2c701a9f1e78a0efcdfeca1285e" />
	</machine>
	<machine name="buckroga">
		<description>Buck Rogers - Planet of Zoom (alt)</description>
		<year>1983</year>
		<publisher>Coleco</publisher>
		<rom name="super buck rogers - planet of zoom (1983) (coleco) [a1].ddp" size="262144" crc="69aa76a7" sha1="f394b00b027ea4459eaccb03d1bff4c3dc231cab" />
	</machine>
	<machine name="cartcopy">
		<description>Coleco Game Cartridge Copy</description>
		<year>1984</year>
		<publisher>Coleco</publisher>
		<rom name="coleco game cartridge copy (1984) (coleco).ddp" size="262144" crc="cda050a1" sha1="2227328bf2f15eb8bf784e1fc331c1a8a3f2867b" />
	</machine>
	<machine name="conlife">
		<description>Conway's Game of Life</description>
		<year>199?</year>
		<publisher>&lt;unknown&gt;</publisher>
		<rom name="conway's game of life (199x) (unknown).ddp" size="262144" crc="f4286eaa" sha1="dc1c9dc5db9103240e7c68c17f222a216fb2e18e" />
	</machine>
	<machine name="copycart">
		<description>CopyCart+ (v1.1)</description>
		<year>1985</year>
		<publisher>M.M.S.G.</publisher>
		<rom name="copycart+ v1.1 (19xx)(-).ddp" size="262144" crc="68e33a4d" sha1="609435b33a088b888d15daaa215371381e1ec193" />
	</machine>
	<machine name="copyutil">
		<description>Copy Utilities (v2.0)</description>
		<year>19??</year>
		<publisher>&lt;unknown&gt;</publisher>
		<rom name="copy utilities v2.0.ddp" size="262144" crc="a36d2f6b" sha1="54546df91844998092eabe0348ad3d7a4b36123d" />
	</machine>
	<machine name="dkong">
		<description>Donkey Kong</description>
		<year>1984</year>
		<publisher>Coleco</publisher>
		<rom name="super donkey kong (1984) (coleco).ddp" size="262144" crc="5d965b30" sha1="ef98f236c1879cac66869ce7fb73417d435c7a00" />
	</machine>
	<machine name="dkongjr">
		<description>Donkey Kong Junior</description>
		<year>1984</year>
		<publisher>Coleco</publisher>
		<rom name="super donkey kong junior (1984) (coleco).ddp" size="262144" crc="819ea0fc" sha1="edb51bdc1e3336906afe2ed65062eaccdb4742b4" />
	</machine>
	<machine name="dkongjrp13">
		<description>Donkey Kong Junior (prototype, rev. 13, 5 screen)</description>
		<year>1984</year>
		<publisher>Coleco</publisher>
		<rom name="super donkey kong junior - 5 screen (1984) (coleco) (prototype) (rev. 13).ddp" size="262144" crc="d1fb3bc9" sha1="794fb6a66b1bfc6bf9b056e4dcd887285cb61c32" />
	</machine>
	<machine name="dkongjrp14">
		<description>Donkey Kong Junior (prototype, rev. 14, 5 screen)</description>
		<year>1984</year>
		<publisher>Coleco</publisher>
		<rom name="donkey kong jr rev 14 (1983)(coleco - nintendo).ddp" size="262144" crc="61c762d7" sha1="5a023b3808b30afa6abc08f7aaa368cc1e7fdde5" />
	</machine>
	<machine name="dlair">
		<description>Dragon's Lair</description>
		<year>1984</year>
		<publisher>Coleco</publisher>
		<rom name="dragon's lair (1984) (coleco).ddp" size="262144" crc="690b2172" sha1="55624e0adbf35f2ad6e5cada6612f65a22b88ef1" />
	</machine>
	<machine name="egp2">
		<description>Electronic Game Pack II</description>
		<year>1986</year>
		<publisher>Ape Software</publisher>
		<rom name="electronic game pack ii (1986) (ape software).ddp" size="262144" crc="084bfd3c" sha1="4284d0794e799eb8d699d7adbddc91ce193bd75b" />
	</machine>
	<machine name="eosdisk">
		<description>E.O.S. Disk Manager</description>
		<year>1984</year>
		<publisher>Coleco</publisher>
		<rom name="e.o.s. disk manager (1984) (coleco).ddp" size="262144" crc="53fbaf72" sha1="a78466b931597543f4de77620031175173ad2bc0" />
	</machine>
	<machine name="evolutio">
		<description>Evolution</description>
		<year>1987</year>
		<publisher>Sydney Development</publisher>
		<rom name="evolution (1983)(sydney development).ddp" size="262144" crc="dbe97156" sha1="f7ada015cf2a9f77f38d1b1fb73769e6e8ac2e44" />
	</machine>
	<machine name="expertyp">
		<description>ExperType</description>
		<year>1984</year>
		<publisher>Coleco</publisher>
		<rom name="expertype - smart writer typing tuition program (19xx)(-).ddp" size="262144" crc="e02fa52d" sha1="3fb29729ed0634ef6cca1753cc992dcf5c7d66c1" />
	</machine>
	<machine name="famfeud">
		<description>Family Feud</description>
		<year>1984</year>
		<publisher>Coleco</publisher>
		<rom name="family feud (1984) (coleco).ddp" size="262144" crc="ca1cc594" sha1="6f3a544007826610ef0c5db40804023736af0312" />
	</machine>
	<machine name="fffback">
		<description>Flash Facts - Flashbacks</description>
		<year>1984</year>
		<publisher>Coleco</publisher>
		<rom name="flash facts - flashbacks (1984) (coleco).ddp" size="262144" crc="3bce9ea3" sha1="aeb6850b90dd38539ab033d2f391305cec8da3ab" />
	</machine>
	<machine name="fffbacka">
		<description>Flash Facts - Flashbacks (alt)</description>
		<year>1984</year>
		<publisher>Coleco</publisher>
		<rom name="flash facts - flashbacks (1984) (coleco) [a1].ddp" size="262144" crc="97847c0f" sha1="62328cd04d99859e3e633d32391e477bf1733db6" />
	</machine>
	<machine name="fftrivia">
		<description>Flash Facts - Trivia</description>
		<year>1984</year>
		<publisher>Coleco</publisher>
		<rom name="flash facts - trivia (1984)(coleco).ddp" size="262144" crc="531c3bd4" sha1="9cefe8cef86e6c84a1970f1f71aa69425210a816" />
	</machine>
	<machine name="ffvocab">
		<description>Flash Facts - Vocabulator</description>
		<year>1984</year>
		<publisher>Coleco</publisher>
		<rom name="flash facts - vocabulator (1984)(coleco).ddp" size="262144" crc="3b82819e" sha1="84b3337cbb4f63f8ac13a8acb716f224140391d3" />
	</machine>
	<machine name="fla_alg">
		<description>Electronic Flashcard Maker - Algebra I</description>
		<year>198?</year>
		<publisher>Coleco?</publisher>
		<rom name="electronic flashcard maker - algebra i (198x) (unknown).ddp" size="262144" crc="0c21ac4a" sha1="6d074161a443a4ecb37b6dda4f5d00ffb916af09" />
	</machine>
	<machine name="fla_his1">
		<description>Electronic Flashcard Maker - American History I</description>
		<year>198?</year>
		<publisher>Coleco?</publisher>
		<rom name="electronic flashcard maker - american history i (198x) (unknown).ddp" size="262144" crc="3f67783a" sha1="727f6b5e0fed746fc6bcbc10d226a19a01694140" />
	</machine>
	<machine name="fla_his2">
		<description>Electronic Flashcard Maker - American History II</description>
		<year>198?</year>
		<publisher>Coleco?</publisher>
		<rom name="electronic flashcard maker - american history ii (198x) (unknown).ddp" size="262144" crc="d87b7811" sha1="f58a7657de63de5544c121247be1f0fecd06534b" />
	</machine>
	<machine name="ghaaug04">
		<description>gHAAUG #04 - SmartBASIC - Game Arc #4</description>
		<year>19??</year>
		<publisher>gHAAUG</publisher>
		<rom name="ghaaug #04 - smartbasic - game arc #4.ddp" size="262144" crc="03c75aa4" sha1="9fd49907dd711d9d78b03ff1c1af72f5b66e8353" />
	</machine>
	<machine name="godosd">
		<description>GoDOS (v1.2, demo)</description>
		<year>1990</year>
		<publisher>Phoenix 2000</publisher>
		<rom name="godos v1.2 demo (ddp #01) (1990) (phoenix 2000).ddp" size="262144" crc="205f65c0" sha1="09a69e6b6f209b3c46e2e8bf774ce7021e7e1be0" />
	</machine>
	<machine name="godosda">
		<description>GoDOS (v1.2, demo, alt)</description>
		<year>1990</year>
		<publisher>Phoenix 2000</publisher>
		<rom name="godos v1.2 demo (ddp #02) (1990) (phoenix 2000).ddp" size="262144" crc="99ed9b19" sha1="cdaf8032571708471d59ce3ddd4bd1f21ee84367" />
	</machine>
	<machine name="godosprg">
		<description>GoDOS BASIC Programs #01</description>
		<year>1990</year>
		<publisher>Joe Quinn</publisher>
		<rom name="godos basic programs #01 (1990) (joe quinn).ddp" size="262144" crc="cc6ef8d6" sha1="0608b4a8e9555bed6e0c20cffda27df473ee7915" />
	</machine>
	<machine name="hackguid">
		<description>Hacker's Guide to ADAM</description>
		<year>1985</year>
		<publisher>Peter &amp; Ben Hinkle</publisher>
		<rom name="hacker's guide to adam (1985) (peter &amp; ben hinkle).ddp" size="262144" crc="fa9e0844" sha1="96bdecbc9fe060a8eb7247161029cfda6ca18139" />
	</machine>
	<machine name="jeopardy">
		<description>Jeopardy (prototype)</description>
		<year>1984</year>
		<publisher>Coleco</publisher>
		<rom name="jeopardy (1984) (coleco) (prototype).ddp" size="262144" crc="45c120b5" sha1="72803def9f780cea89a14ec9157d1cdc4e9f3753" />
	</machine>
	<machine name="labelwrk">
		<description>The Label Works</description>
		<year>198?</year>
		<publisher>Walters Software</publisher>
		<rom name="label works, the (198x) (walters software co.).ddp" size="262144" crc="eedbf0d0" sha1="2d0904aac4794d24dd24e6116f36f9b38d366fa1" />
	</machine>
	<machine name="lgcatlog">
		<description>L&amp;G Enterprises Video Catalog</description>
		<year>19??</year>
		<publisher>L&amp;G Enterprises</publisher>
		<rom name="(catalogs) l&amp;g eneterprises video catalog.ddp" size="262144" crc="bd416a0c" sha1="668b7fe2d10fe8bd9994e74efecf1eb1ec6433f4" />
	</machine>
	<machine name="malcal93">
		<description>M.A.L. Powerpaint Calendar '93</description>
		<year>1993</year>
		<publisher>Maine ADAM Library</publisher>
		<rom name="(maine adam library) m.a.l. powerpaint calendar '93.ddp" size="262144" crc="a6fcadf5" sha1="2bae8ff1e3764241aab9fc6b50eae854738d4081" />
	</machine>
	<machine name="malcal98">
		<description>M.A.L. Powerpaint Calendar '98</description>
		<year>1998</year>
		<publisher>Maine ADAM Library</publisher>
		<rom name="(maine adam library) m.a.l. powerpaint calendar '98.ddp" size="262144" crc="f6be0e9c" sha1="06d777c5799db4565b6954f6ff9b0da92ce7b92d" />
	</machine>
	<machine name="malhow1">
		<description>M.A.L. How To Vol. I - Install a Phone Outlet</description>
		<year>199?</year>
		<publisher>Maine ADAM Library</publisher>
		<rom name="m.a.l. how to vol. i - install a phone outlet (199x) (maine adam library).ddp" size="262144" crc="017503bd" sha1="966e659b2e94cd7ff1d147e23a0d79ae80d0d76c" />
	</machine>
	<machine name="malhow2">
		<description>M.A.L. How To Vol. II - Build Your Own Computer Desk Hutch</description>
		<year>199?</year>
		<publisher>Maine ADAM Library</publisher>
		<rom name="m.a.l. how to vol. ii - build your own computer desk hutch (199x) (maine adam library).ddp" size="262144" crc="b472434d" sha1="244985d48da47ee66da000c04c39a3c7a578703e" />
	</machine>
	<machine name="malhow5">
		<description>M.A.L. How To Vol. V - How to Build an Acoustic Printer Stand</description>
		<year>199?</year>
		<publisher>Maine ADAM Library</publisher>
		<rom name="m.a.l. how to vol. v - how to build an acoustic printer stand (199x) (maine adam library).ddp" size="262144" crc="e22f74ad" sha1="a680c3b03a1f6f2661a09285ea61bd41ddac941c" />
	</machine>
	<machine name="multibkp">
		<description>Multicart Backup</description>
		<year>198?</year>
		<publisher>&lt;unknown&gt;</publisher>
		<rom name="multicart backup (198x) (unknown).ddp" size="262144" crc="f9f1ce7e" sha1="ec1fb7636de040860c01230b3a05426f896f91c6" />
	</machine>
	<machine name="recipefi">
		<description>Recipe Filer</description>
		<year>1984</year>
		<publisher>Coleco</publisher>
		<rom name="recipe filer (1984) (coleco).ddp" size="262144" crc="a9c479bc" sha1="543c2f66103f598dfcbe2bf9e39af5266b778e6a" />
	</machine>
	<machine name="scarry">
		<description>Richard Scarry's Best Electronic Wordbook Ever</description>
		<year>1984</year>
		<publisher>Coleco</publisher>
		<rom name="richard scarry's best electronic wordbook ever (1984) (coleco).ddp" size="262144" crc="dcba7f52" sha1="19274fc480154af210a85bb17d17fb0a8df52887" />
	</machine>
	<machine name="scarrya">
		<description>Richard Scarry's Best Electronic Wordbook Ever (alt)</description>
		<year>1984</year>
		<publisher>Coleco</publisher>
		<rom name="richard scarry's best electronic wordbook ever (1984) (coleco) [a1].ddp" size="262144" crc="bf33f35b" sha1="5ed65eaafe8075b4f05876bb3158a8742a07817c" />
	</machine>
	<machine name="smartbas">
		<description>SmartBASIC (v1.0)</description>
		<year>1983</year>
		<publisher>Coleco</publisher>
		<rom name="smartbasic v1.0 (1983) (coleco).ddp" size="262144" crc="aa52c12f" sha1="bce8367bde3ac49f27480cb5d6a21a657e44255b" />
	</machine>
	<machine name="smartbasa">
		<description>SmartBASIC (v1.0, alt)</description>
		<year>1983</year>
		<publisher>Coleco</publisher>
		<rom name="smartbasic v1.0 (1983) (coleco) [a1].ddp" size="262144" crc="e27df400" sha1="280e5c07f0323f819c9a552445135bbfc8728d1c" />
	</machine>
	<machine name="smartbon">
		<description>SmartBASIC Bonanza</description>
		<year>1985</year>
		<publisher>Martin Consulting</publisher>
		<rom name="smartbasic bonanza (1985) (martin consulting ltd.).ddp" size="262144" crc="5550b3d9" sha1="a4644160cae98e1d3ad4e1a8bf4b292a667fe583" />
	</machine>
	<machine name="smartfil">
		<description>Smart Filer</description>
		<year>1984</year>
		<publisher>Coleco</publisher>
		<rom name="smart filer (1984)(coleco industries).ddp" size="262144" crc="30f1e1bd" sha1="b83e2e46d089401d6e41bf1d9ea3e82d3681e23e" />
	</machine>
	<machine name="smartlet">
		<description>Smart Letters &amp; Forms</description>
		<year>1984</year>
		<publisher>Coleco</publisher>
		<rom name="smart letters and forms (1984)(coleco).ddp" size="262144" crc="8271b8d4" sha1="4b982126a4f27c6350f91b680c1d48d0c2f627f8" />
	</machine>
	<machine name="smartlog">
		<description>SmartLOGO</description>
		<year>198?</year>
		<publisher>Logo Computer Systems</publisher>
		<rom name="smartlogo (1984)(logo computer systems).ddp" size="262144" crc="15377f7e" sha1="6cdd5489c560afa0024a4489e23332ea70e21f05" />
	</machine>
	<machine name="smartspl">
		<description>SmartSPELLER</description>
		<year>198?</year>
		<publisher>Strategic Software Inc.</publisher>
		<rom name="smartspeller (198x) (strategic software inc.).ddp" size="262144" crc="45616de4" sha1="883a987c71cf6e148ecc5ec88d17e05a25ab407d" />
	</machine>
	<machine name="smarttrx">
		<description>SmartTrix I - Data Doctor</description>
		<year>19??</year>
		<publisher>&lt;unknown&gt;</publisher>
		<rom name="smarttrix i - data doctor.ddp" size="262144" crc="e2e98c26" sha1="b49735b212c8277729eaff256437b5bce3b9685f" />
	</machine>
	<machine name="smarttyp">
		<description>Smart Type (v1.1)</description>
		<year>1985</year>
		<publisher>Reedy Software</publisher>
		<rom name="smarttype v1.1 (1985) (reedy software).ddp" size="262144" crc="ab1a4ffd" sha1="d14ec9688be8d37339a6d9338a242a108df5e46c" />
	</machine>
	<machine name="smartwri">
		<description>SmartWRITER Elite</description>
		<year>199?</year>
		<publisher>Walters Software Co.</publisher>
		<rom name="smartwriter elite (199x) (walters software co.).ddp" size="262144" crc="0644a754" sha1="c76a1e20a08eeccbf017ca89a1bbe120f974db7f" />
	</machine>
	<machine name="snowdrag">
		<description>Temple of the Snow Dragon</description>
		<year>1988</year>
		<publisher>Digital Adventures</publisher>
		<rom name="temple of the snow dragon (1988) (digital adventures).ddp" size="262144" crc="1a7aaf37" sha1="57ddb806366c334d0f0a902a4b6c50b03db97e70" />
	</machine>
	<machine name="softadam">
		<description>Coleco Presents - Software for ADAM!</description>
		<year>1984</year>
		<publisher>Coleco</publisher>
		<rom name="software for the coleco adam (19xx)(-).ddp" size="262144" crc="00945c08" sha1="89ecf49641828f4e649f1bee4c8eac6e503a8f82" />
	</machine>
	<machine name="stellar5">
		<description>Stellar 5</description>
		<year>1985</year>
		<publisher>Hanania Enterprises</publisher>
		<rom name="stellar 5 (1985) (hanania enterprises).ddp" size="262144" crc="c54fbe05" sha1="9a3a553822c103c17af199ced00d8c6a97fa09ae" />
	</machine>
	<machine name="subroc">
		<description>SubRoc (prototype)</description>
		<year>1984</year>
		<publisher>Coleco</publisher>
		<rom name="subroc (1983)(sega).ddp" size="262144" crc="0fa5c062" sha1="aef813ff70f98404742609df0fe8ba6d3861e4a0" />
	</machine>
	<machine name="troltale">
		<description>Troll's Tale (prototype)</description>
		<year>198?</year>
		<publisher>Coleco</publisher>
		<rom name="trolls tale (19xx)(-)(pd).ddp" size="262144" crc="ad9cf5aa" sha1="73afbb7145ea79d3064a8a7ce43e1d6d1f0c992d" />
	</machine>
	<machine name="ukas_nz">
		<description>U.K.A.S. - Mini Reviews N-Z</description>
		<year>199?</year>
		<publisher>U.K. ADAM Subscribers</publisher>
		<rom name="zzz-unk-ukas mini_review n-z.ddp" size="262144" crc="b690604b" sha1="512541b9ae02760009a7b954c9b607ce85bc3910" />
	</machine>
	<machine name="undv2">
		<description>NIAD SmartBasic Utils UNDV #2</description>
		<year>1983</year>
		<publisher>Lazer Microsystems</publisher>
		<rom name="niad smartbasic utils undv #2 (1983)(lazer microsystems).ddp" size="262144" crc="484a3b8e" sha1="c31dfb4c5f5af9e862c795882ebcd30f809f249d" />
	</machine>
	<machine name="wackywrd">
		<description>Wacky Word Games</description>
		<year>1984</year>
		<publisher>Coleco</publisher>
		<rom name="wacky word games (1984) (coleco).ddp" size="262144" crc="262ff8c4" sha1="d035bb85856b7a8408f95f1d4fb3e7b5c511eac5" />
	</machine>
	<machine name="wizpin">
		<description>Wizard's Pinball Arcade</description>
		<year>1987</year>
		<publisher>Wizard's Lair Software</publisher>
		<rom name="wizard's pinball arcade (1987) (wizard's lair software).ddp" size="262144" crc="01017fc4" sha1="d0670fba4967ca63bb45d9c0818522bc20e3ef2d" />
	</machine>
	<machine name="xbasutil">
		<description>EBU - Extended BASIC Utilities v1.0</description>
		<year>198?</year>
		<publisher>Extended Software</publisher>
		<rom name="extended basic utilities (198x) (extended software).ddp" size="262144" crc="fd48e2c4" sha1="516b9ea4aa64a8269da1ff354774667806973795" />
	</machine>
	<machine name="zaxxon">
		<description>Zaxxon</description>
		<year>1984</year>
		<publisher>Coleco</publisher>
		<rom name="super zaxxon (1984) (coleco).ddp" size="262144" crc="f12489a7" sha1="7fb6e8204e745d481abaff53735f3ffffa5f65bc" />
	</machine>
</datafile>