<?xml version="1.0" encoding="utf-8"?>
<!DOCTYPE datafile PUBLIC "-//Logiqx//DTD ROM Management Datafile//EN" "http://www.logiqx.com/Dats/datafile.dtd">
<datafile>
	<header>
		<name>advision</name>
		<description>Entex Adventure Vision cartridges</description>
		<version>0.267</version>
		<author>Pleasuredome</author>
	</header>
	<machine name="codered">
		<description>Code Red</description>
		<year>2013</year>
		<publisher>Mega</publisher>
		<rom name="code_red_final_looped.bin" size="4096" crc="6fa040cd" sha1="f0bd83a551944207931d0679ea2c1dc924312a63" />
	</machine>
	<machine name="defender">
		<description>Defender</description>
		<year>1982</year>
		<publisher>Entex Industries</publisher>
		<rom name="defender.bin" size="4096" crc="3e280096" sha1="33e6bc08b3e8a951942e078102e90fbc8ba729a8" />
	</machine>
	<machine name="scobra">
		<description>Super Cobra</description>
		<year>1982</year>
		<publisher>Entex Industries</publisher>
		<rom name="supcobra.bin" size="4096" crc="b6045c9e" sha1="fd059081d8d82f51dd1415cc3710f1fa5ebb1336" />
	</machine>
	<machine name="spacefrc">
		<description>Space Force</description>
		<year>1982</year>
		<publisher>Entex Industries</publisher>
		<rom name="spcforce.bin" size="4096" crc="c70d4028" sha1="86c1a6eb8a5070f4be32bf4e83c0d5951e831d27" />
	</machine>
	<machine name="turtles">
		<description>Turtles</description>
		<year>1982</year>
		<publisher>Entex Industries</publisher>
		<rom name="turtles.bin" size="4096" crc="33a23eba" sha1="88748cf4080646e0a2f115a7f6e6001916314816" />
	</machine>
</datafile>