<?xml version="1.0" encoding="utf-8"?>
<!DOCTYPE datafile PUBLIC "-//Logiqx//DTD ROM Management Datafile//EN" "http://www.logiqx.com/Dats/datafile.dtd">
<datafile>
	<header>
		<name>amiga_hardware</name>
		<description>Commodore Amiga Hardware driver disks</description>
		<version>0.267</version>
		<author>Pleasuredome</author>
	</header>
	<machine name="a570">
		<description>A570 Utilities</description>
		<year>1992</year>
		<publisher>Commodore</publisher>
		<rom name="370132_a570_utilities.adf" size="901120" crc="30097474" sha1="958b97674e3e99fb9b0e3117009f27d4e7a9220b" />
	</machine>
	<machine name="a590_ram">
		<description>A590 RAM Test Software</description>
		<year>1990</year>
		<publisher>Commodore</publisher>
		<rom name="317830-01_a590_ram_test.adf" size="901120" crc="6583d1d0" sha1="7779b825b8555956d341ff7e909ab71d89e2321c" />
	</machine>
	<machine name="a590_seagate">
		<description>A590 Setup Disk 1.23 (Seagate Harddisk)</description>
		<year>1988</year>
		<publisher>Commodore</publisher>
		<rom name="317734-04.adf" size="901120" crc="7f1623a7" sha1="1f3e20206eb83f60745e19538de3123089c8da24" />
	</machine>
	<machine name="a590_wd">
		<description>A590 Setup Disk 1.23 (Western Digital Harddisk)</description>
		<year>1990</year>
		<publisher>Commodore</publisher>
		<rom name="317734-03_a590_wd.adf" size="901120" crc="a88fda41" sha1="7424f8645e1903e3e4ec8bb824186868319be1f3" />
	</machine>
	<machine name="a590">
		<description>A590 Setup Disk 1.1 (SCSI Harddisk)</description>
		<year>1989</year>
		<publisher>Commodore</publisher>
		<rom name="317734-01_a590_scsi.adf" size="901120" crc="a560a938" sha1="9c6136c6580779a948cd1c0b50cb229512af415c" />
	</machine>
	<machine name="a2024">
		<description>A2024 JumpStart</description>
		<year>1988</year>
		<publisher>Commodore</publisher>
		<rom name="317809-01_a2024_jumpstart.adf" size="901120" crc="dad46588" sha1="30c2c1f1d98bd008b2c67f3b23480181935d4b01" />
	</machine>
	<machine name="a2058">
		<description>A2058 RAM Test Disk</description>
		<year>1988</year>
		<publisher>Commodore</publisher>
		<rom name="317719-01_a2058_ram_test.adf" size="901120" crc="5dba7fc3" sha1="76fbce4bef7df0f6042c85376d9bdfd4d4911e74" />
	</machine>
	<machine name="a2091">
		<description>A2091 Setup Disk 1.30</description>
		<year>1991</year>
		<publisher>Commodore</publisher>
		<rom name="317806-04_a2091_setup.adf" size="901120" crc="122c8f93" sha1="603e106c1a44a209171610af8d48bc35ad31c9bc" />
	</machine>
	<machine name="a2232">
		<description>A2232 Install</description>
		<year>1990</year>
		<publisher>Commodore</publisher>
		<rom name="317769-01_a2232_install.adf" size="901120" crc="3caa21b7" sha1="24f47f6f88712f046303b8812a598043440a5e6d" />
	</machine>
	<machine name="a2300">
		<description>A2300 Genlock Demo</description>
		<year>1990</year>
		<publisher>Commodore</publisher>
		<rom name="317718-02_a2300_genlock_demo.adf" size="901120" crc="464ff0f6" sha1="26b94e8d52d35e2746b74610bb9b65eb2f899297" />
	</machine>
	<machine name="a2320">
		<description>A2320 Test / Demo</description>
		<year>1990</year>
		<publisher>Commodore</publisher>
		<rom name="317210-01_a2320_test_demo.adf" size="901120" crc="cff98aae" sha1="f46f7de0d908ed68abfd784d84b964cbce7dc503" />
	</machine>
</datafile>