<?xml version="1.0" encoding="utf-8"?>
<!DOCTYPE datafile PUBLIC "-//Logiqx//DTD ROM Management Datafile//EN" "http://www.logiqx.com/Dats/datafile.dtd">
<datafile>
	<header>
		<name>amiga_a1000</name>
		<description>Commodore Amiga 1000 System disks</description>
		<version>0.267</version>
		<author>Pleasuredome</author>
	</header>
	<machine name="emutos93">
		<description>EmuTOS 0.9.3</description>
		<year>2014</year>
		<publisher>EmuTOS development team</publisher>
		<rom name="emutos_093.adf" size="901120" crc="96f5cc88" sha1="fa3a3aa314d50e1131a5b65a048519c76c836bd2" />
	</machine>
	<machine name="wbenc10">
		<description>Workbench 1.0</description>
		<year>1985</year>
		<publisher>Commodore</publisher>
		<rom name="327244-01_kickstart.adf" size="901120" crc="fc1c4ce8" sha1="e2f7fd40b5f626f1719628e720bc4440cca7c961" />
		<rom name="327245-01_workbench.adf" size="901120" crc="9578c4db" sha1="8d853d46a9817161ba0a4f493ae6856d36e8d685" />
		<rom name="327246-01_extras.adf" size="901120" crc="6cf114a5" sha1="895f0157c8ec8b9233ec1550e1531a28e11277b4" />
	</machine>
	<machine name="wbenc11n">
		<description>Workbench 1.1 (US)</description>
		<year>1985</year>
		<publisher>Commodore</publisher>
		<rom name="317483-02_kickstart_ntsc.adf" size="901120" crc="73789bf8" sha1="68b667395be3a50be86fb6ad78155e1741255822" />
	</machine>
	<machine name="wbenc11">
		<description>Workbench 1.1</description>
		<year>1986</year>
		<publisher>Commodore</publisher>
		<rom name="316167-01_extras.adf" size="901120" crc="9c9fb14c" sha1="45a2506556ce3b13404194b26d04f451984c689a" />
		<rom name="327244-02_kickstart_pal.adf" size="901120" crc="70d0030a" sha1="0d79e2444421e5b66b5f295a5d3685d286208128" />
	</machine>
	<machine name="wbenc12">
		<description>Workbench 1.2</description>
		<year>1986</year>
		<publisher>Commodore</publisher>
		<rom name="317483-03_kickstart.adf" size="901120" crc="9d68d211" sha1="44682d10a7f62896b46180491d60db4ee8c30529" />
	</machine>
	<machine name="wbenc13">
		<description>Workbench 1.3</description>
		<year>1988</year>
		<publisher>Commodore</publisher>
		<rom name="317747-01_kickstart.adf" size="901120" crc="5fd0ef3b" sha1="a80b001b98a997969bf709cecd07f8578f861148" />
	</machine>
</datafile>