<?xml version="1.0" encoding="utf-8"?>
<!DOCTYPE datafile PUBLIC "-//Logiqx//DTD ROM Management Datafile//EN" "http://www.logiqx.com/Dats/datafile.dtd">
<datafile>
	<header>
		<name>basf7100</name>
		<description>BASF 7100 floppy disks</description>
		<version>0.267</version>
		<author>Pleasuredome</author>
	</header>
	<machine name="bkurs">
		<description>BASIC-Kurs</description>
		<year>198?</year>
		<publisher>&lt;unknown&gt;</publisher>
		<rom name="bkurs.td0" size="81863" crc="2cea78e6" sha1="9a8efff663d4467e8198593d85db7dfd298bd98c" />
	</machine>
	<machine name="bos93">
		<description>BOS 9.3</description>
		<year>198?</year>
		<publisher>BASF</publisher>
		<rom name="bos93.td0" size="99887" crc="8959f98a" sha1="5f81d4f1f1e1b5eaebf211c6a2738e895bcf1bec" />
	</machine>
</datafile>