<?xml version="1.0" encoding="utf-8"?>
<!DOCTYPE datafile PUBLIC "-//Logiqx//DTD ROM Management Datafile//EN" "http://www.logiqx.com/Dats/datafile.dtd">
<datafile>
	<header>
		<name>bingobear</name>
		<description>Bingo Bear modules</description>
		<version>0.267</version>
		<author>Pleasuredome</author>
	</header>
	<machine name="doctor">
		<description>Doctor Bingo Bear</description>
		<year>1986</year>
		<publisher>Hasbro / Tiger Electronics</publisher>
		<rom name="cm62063.ic101" size="16384" crc="d7a12642" sha1="b93c7ef2414d17d20d240b05a960d7ff71b46102" />
	</machine>
	<machine name="space">
		<description>Space Bingo Bear</description>
		<year>1986</year>
		<publisher>Hasbro / Tiger Electronics</publisher>
		<rom name="cm62065.ic101" size="16384" crc="ad17a05d" sha1="ada0800c8157d41f03b59362c4d5d083a6703e99" />
	</machine>
</datafile>