<?xml version="1.0" encoding="utf-8"?>
<!DOCTYPE datafile PUBLIC "-//Logiqx//DTD ROM Management Datafile//EN" "http://www.logiqx.com/Dats/datafile.dtd">
<datafile>
	<header>
		<name>casio_rompack</name>
		<description>Casio ROM Packs</description>
		<version>0.267</version>
		<author>Pleasuredome</author>
	</header>
	<machine name="ro251">
		<description>How to Play your Casio ROM Keyboard (RO-251)</description>
		<year>1984</year>
		<publisher>Casio / Sight &amp; Sound International Inc.</publisher>
		<rom name="ro251.bin" size="6144" crc="6bfd4921" sha1="6b57f18f2f170c01dc929f60b55a0535e041a09d" />
	</machine>
	<machine name="ro255">
		<description>Rock On (RO-255)</description>
		<year>1988</year>
		<publisher>Casio / Sight &amp; Sound International Inc.</publisher>
		<rom name="ro255.bin" size="6144" crc="d291058e" sha1="f4b55026eba270f7b39f6edb94e14281746ba936" />
	</machine>
	<machine name="ro257">
		<description>Super Songs (RO-257)</description>
		<year>1985</year>
		<publisher>Casio / Sight &amp; Sound International Inc.</publisher>
		<rom name="ro257.bin" size="6144" crc="223e407d" sha1="79f7088c694b8b04a284bcd652ec1f84def75b5c" />
	</machine>
	<machine name="ro258">
		<description>Latin Hits (RO-258)</description>
		<year>1985</year>
		<publisher>Casio / Sight &amp; Sound International Inc.</publisher>
		<rom name="ro258.bin" size="6144" crc="4112184a" sha1="b0b2ab34ef781483487873e56dee1456b7182e40" />
	</machine>
	<machine name="ro260">
		<description>Music Collection (RO-260)</description>
		<year>1985</year>
		<publisher>Casio / Sight &amp; Sound International Inc.</publisher>
		<rom name="ro260.bin" size="6144" crc="e2301ec4" sha1="bb992e3d454970562cb8069eddc44a89d0107b33" />
	</machine>
	<machine name="ro261">
		<description>Pop Selection (RO-261)</description>
		<year>1985</year>
		<publisher>Casio / Sight &amp; Sound International Inc.</publisher>
		<rom name="ro261.bin" size="6144" crc="32e63470" sha1="80895e00eb6987349a7bafabba3fca991625b1fa" />
	</machine>
	<machine name="ro262">
		<description>Country Greats (RO-262)</description>
		<year>1986</year>
		<publisher>Casio / Sight &amp; Sound International Inc.</publisher>
		<rom name="ro262.bin" size="6144" crc="3d2db7d8" sha1="4ba5ba833af70e4ea9abda83974ca97bdd6e0b56" />
	</machine>
	<machine name="ro265">
		<description>Pop Superstars (RO-265)</description>
		<year>1986</year>
		<publisher>Casio / Sight &amp; Sound International Inc.</publisher>
		<rom name="ro265.bin" size="6144" crc="a508af10" sha1="86422cab2e55633ab04dc12adc9ca3d4d6ade8c2" />
	</machine>
	<machine name="ro270">
		<description>Christmas (RO-270)</description>
		<year>1986</year>
		<publisher>Casio / Sight &amp; Sound International Inc.</publisher>
		<rom name="ro270.bin" size="6144" crc="654e8ba2" sha1="ffb682d1fe313567fbabad8b6e4e0497dca2dd14" />
	</machine>
	<machine name="ro272">
		<description>Rock &amp; Roll Classics (RO-272)</description>
		<year>1986</year>
		<publisher>Casio / Sight &amp; Sound International Inc.</publisher>
		<rom name="ro272.bin" size="6144" crc="1ddca979" sha1="7264cdeeea56194d4b8c37cffb5a9a45ace7c006" />
	</machine>
	<machine name="ro274">
		<description>Hot Pop &amp; Rock (RO-274)</description>
		<year>1987</year>
		<publisher>Casio / Sight &amp; Sound International Inc.</publisher>
		<rom name="ro274.bin" size="6144" crc="b174be9a" sha1="a34f8c72616d6dbe82df56ec1dab174606eafa15" />
	</machine>
	<machine name="ro276">
		<description>T.V. Tunes (RO-276)</description>
		<year>1987</year>
		<publisher>Casio / Sight &amp; Sound International Inc.</publisher>
		<rom name="ro276.bin" size="6144" crc="be4240b7" sha1="08761ccbd6a467af1b61c3e7eea0c50028682344" />
	</machine>
	<machine name="ro355">
		<description>Great Standards (RO-355)</description>
		<year>1984</year>
		<publisher>Casio / Sight &amp; Sound International Inc. / HP Hal Leonard Publishing Corporation</publisher>
		<rom name="ro355.bin" size="6144" crc="dc0624c8" sha1="13b6aea39843792d4195ed64a047c0bf681f9873" />
	</machine>
	<machine name="ro454">
		<description>Popular Hindi Film Songs (RO-454)</description>
		<year>1991</year>
		<publisher>Casio / IPRS</publisher>
		<rom name="ro454.bin" size="6144" crc="68c946b3" sha1="b8380f12c80c4849988341ba3bd7afcdac89ddb8" />
	</machine>
	<machine name="ro551">
		<description>World Songs (RO-551)</description>
		<year>198?</year>
		<publisher>Casio</publisher>
		<rom name="ro551.bin" size="6144" crc="85d88a29" sha1="943c9c89f0fb79e55714c8d7e103b77449add1f1" />
	</machine>
	<machine name="ro554">
		<description>Family Songs (RO-554)</description>
		<year>198?</year>
		<publisher>Casio</publisher>
		<rom name="ro554.bin" size="6144" crc="b2a7e464" sha1="00585688adc4e0d8a21722e79f75c14ed5b24f5b" />
	</machine>
</datafile>