<?xml version="1.0" encoding="utf-8"?>
<!DOCTYPE datafile PUBLIC "-//Logiqx//DTD ROM Management Datafile//EN" "http://www.logiqx.com/Dats/datafile.dtd">
<datafile>
	<header>
		<name>fidel_sc6</name>
		<description>Fidelity SC6 modules</description>
		<version>0.267</version>
		<author>Pleasuredome</author>
	</header>
	<machine name="sc6">
		<description>SC6: original program</description>
		<year>1982</year>
		<publisher>Fidelity Electronics</publisher>
		<rom name="101-1035a01" size="4096" crc="0024971f" sha1="76b16364913ada2fb94b9e6a8524b924e6832ddf" />
	</machine>
</datafile>