<?xml version="1.0" encoding="utf-8"?>
<!DOCTYPE datafile PUBLIC "-//Logiqx//DTD ROM Management Datafile//EN" "http://www.logiqx.com/Dats/datafile.dtd">
<datafile>
	<header>
		<name>fidel_scc</name>
		<description>Fidelity SCC modules</description>
		<version>0.267</version>
		<author>Pleasuredome</author>
	</header>
	<machine name="cb9">
		<description>Challenger Book Openings 1</description>
		<year>1982</year>
		<publisher>Fidelity Electronics</publisher>
		<rom name="cb9.bin" size="8192" crc="421147e8" sha1="ccf62f6f218e8992baf30973fe41b35e14a1cc1a" />
	</machine>
	<machine name="cb16a">
		<description>Challenger Book Openings 2 (set 2)</description>
		<year>1982</year>
		<publisher>Fidelity Electronics</publisher>
		<rom name="101-1042a02" size="8192" crc="3c0ad4a9" sha1="f651d96778b7109eba73740176da489d90a71271" />
	</machine>
	<machine name="cb16">
		<description>Challenger Book Openings 2 (set 1)</description>
		<year>1982</year>
		<publisher>Fidelity Electronics</publisher>
		<rom name="cb16_b.bin" size="8192" crc="591b3e4a" sha1="f75ae850f2f70808b5423f847ff12ee890752bf8" />
		<rom name="cb16_c.bin" size="8192" crc="1bdf0a21" sha1="1c6f673c0bf846e705d15c802f433ac1dc9b153c" />
	</machine>
</datafile>