<?xml version="1.0" encoding="utf-8"?>
<!DOCTYPE datafile PUBLIC "-//Logiqx//DTD ROM Management Datafile//EN" "http://www.logiqx.com/Dats/datafile.dtd">
<datafile>
	<header>
		<name>gls</name>
		<description>VTech Genius Leader Select cartridges</description>
		<version>0.267</version>
		<author>Pleasuredome</author>
	</header>
	<machine name="srs">
		<description>Spielend Richtig Schreiben</description>
		<year>199?</year>
		<publisher>Video Technology</publisher>
		<rom name="27-05763-000.u2" size="262144" crc="5c6ada02" sha1="ee948b077a20fd3f4b4cdfcabeb09b17f9cc99c8" />
	</machine>
</datafile>