<?xml version="1.0" encoding="utf-8"?>
<!DOCTYPE datafile PUBLIC "-//Logiqx//DTD ROM Management Datafile//EN" "http://www.logiqx.com/Dats/datafile.dtd">
<datafile>
	<header>
		<name>gmaster</name>
		<description>Hartung Game Master cartridges</description>
		<version>0.267</version>
		<author>Pleasuredome</author>
	</header>
	<machine name="bublboy">
		<description>Bubble Boy</description>
		<year>1990</year>
		<publisher>Hartung</publisher>
		<rom name="bubbleboy.bin" size="16384" crc="edd0679d" sha1="5f6f81b1a5ba6d21e5fb5bc38aa9ee0770b46b97" />
	</machine>
	<machine name="carracing">
		<description>Car Racing (Super F-1)</description>
		<year>1990</year>
		<publisher>Hartung</publisher>
		<rom name="carracing.bin" size="32768" crc="71babd86" sha1="8f45fea8e9d01a1ed71a7ed5a8a6690bd40834f9" />
	</machine>
	<machine name="cgalaxy">
		<description>Continental Galaxy</description>
		<year>1990</year>
		<publisher>Hartung</publisher>
		<rom name="cgalaxy.bin" size="16384" crc="fedec9d5" sha1="f2afe09e8b6368cf2fb956afe7fd055107f943ee" />
	</machine>
	<machine name="dungeon">
		<description>Dungeon Adventure</description>
		<year>1990</year>
		<publisher>Hartung</publisher>
		<rom name="dungeona.bin" size="32768" crc="60afb4b5" sha1="6048a84ac5a5a51a6522c662398e44cdf2934588" />
	</machine>
	<machine name="fallbloc">
		<description>Falling Block</description>
		<year>1990</year>
		<publisher>Hartung</publisher>
		<rom name="fallblock.bin" size="8192" crc="58e409fb" sha1="f6f7e3dae361fbd56d4a8457d81bb4f3828c48ab" />
	</machine>
	<machine name="finitezn">
		<description>Finite Zone</description>
		<year>199?</year>
		<publisher>Hartung</publisher>
		<rom name="finite_zone.bin" size="16384" crc="35741cd9" sha1="148dc46f748f8b16d2e292400cd5fbe3f4891b91" />
	</machine>
	<machine name="gobang">
		<description>Go Bang</description>
		<year>1990</year>
		<publisher>Hartung</publisher>
		<rom name="gobang.bin" size="16384" crc="fda2c4e6" sha1="959c16b1657154bb352cb4d6a3e177d7b46850c6" />
	</machine>
	<machine name="hspace">
		<description>Hyper Space</description>
		<year>1990</year>
		<publisher>Hartung</publisher>
		<rom name="hyperspace.bin" size="32768" crc="95e0ceac" sha1="b3f95ea3dbc881262e734a2e35feb44a1ddd5641" />
	</machine>
	<machine name="kungfu">
		<description>Kung Fu</description>
		<year>1990</year>
		<publisher>Hartung</publisher>
		<rom name="kungfu.bin" size="32768" crc="3ea0670b" sha1="01647f87f59f2b05bb46f7bdb2fab38bcd8e3d6e" />
	</machine>
	<machine name="moveit">
		<description>Move It</description>
		<year>1992</year>
		<publisher>Bon Treasure</publisher>
		<rom name="moveit.bin" size="32768" crc="3be5590c" sha1="68bcf5f97ee09f716c66f67fa304b40769b44ea8" />
	</machine>
	<machine name="pinball">
		<description>Pin Ball</description>
		<year>1990</year>
		<publisher>Hartung</publisher>
		<rom name="pinball.bin" size="32768" crc="f5ffc768" sha1="1a30e6b969a8f3824e1aae0bbeb38dabbc75da8b" />
	</machine>
	<machine name="scastle">
		<description>Space Castle</description>
		<year>1990</year>
		<publisher>Hartung</publisher>
		<rom name="scastle.bin" size="16384" crc="11d734f1" sha1="6b213a19fc65e967b1b6beba4c4e9e1491b59268" />
	</machine>
	<machine name="soccer">
		<description>Soccer (3 on 3)</description>
		<year>1990</year>
		<publisher>Hartung</publisher>
		<rom name="soccer.bin" size="32768" crc="76cf4c92" sha1="a4b6e7f98e953e47f5aa427752e8a936e7582bc9" />
	</machine>
	<machine name="spaceinv">
		<description>Space Invader</description>
		<year>1992</year>
		<publisher>Bon Treasure</publisher>
		<rom name="space_invader.bin" size="32768" crc="7c8318c4" sha1="abe9a6c98b06adcec1ba8e4ee1cbda26689bbb87" />
	</machine>
	<machine name="swarrior">
		<description>Space Warrior</description>
		<year>199?</year>
		<publisher>Hartung</publisher>
		<rom name="space_warrior.bin" size="32768" crc="af61d552" sha1="7fb7731716013277c42712bfa6c5ab7cc2467349" />
	</machine>
	<machine name="tankwar">
		<description>Tank War</description>
		<year>199?</year>
		<publisher>Hartung</publisher>
		<rom name="tank_war.bin" size="32768" crc="50ce2e30" sha1="f570dae807af62c29f3364cff53a51b51efd60fe" />
	</machine>
	<machine name="tennis">
		<description>Tennis</description>
		<year>1990</year>
		<publisher>Hartung</publisher>
		<rom name="tennis.bin" size="32768" crc="48d425cf" sha1="080642009569d7cfdb3d1afe0ce5315842ce4ae8" />
	</machine>
	<machine name="uchamp">
		<description>Urban Champion</description>
		<year>1990</year>
		<publisher>Hartung</publisher>
		<rom name="urbanchamp.bin" size="32768" crc="d53e6cac" sha1="0bea8b120b3cb02136519010cb217fd0b819617d" />
	</machine>
</datafile>