<?xml version="1.0" encoding="utf-8"?>
<!DOCTYPE datafile PUBLIC "-//Logiqx//DTD ROM Management Datafile//EN" "http://www.logiqx.com/Dats/datafile.dtd">
<datafile>
	<header>
		<name>iq151_cart</name>
		<description>IQ-151 cartridges</description>
		<version>0.267</version>
		<author>Pleasuredome</author>
	</header>
	<machine name="amos">
		<description>AMOS v4.1</description>
		<year>198?</year>
		<publisher>&lt;unknown&gt;</publisher>
		<rom name="amos_assembler.rom" size="16384" crc="fea64786" sha1="c531d3d857eea7384ef69c24ce91f576feafa8b0" />
		<rom name="amos_pascal1.rom" size="16384" crc="f6709004" sha1="333340f3e5c20eecd9eb5dcea03b02372e61eeec" />
		<rom name="amos_pascal.rom" size="16384" crc="e6409320" sha1="1da85d3382e3313a79b3e1384d60db48ea350d52" />
	</machine>
	<machine name="basic6">
		<description>BASIC 6</description>
		<year>198?</year>
		<publisher>ZPA Novy Bor</publisher>
		<rom name="basic6.rom" size="8192" crc="8d9fd36f" sha1="2fa3b142938ed5e8ec7c62a0a14a55cbde231a2e" />
	</machine>
	<machine name="basicg">
		<description>BASIC-G</description>
		<year>198?</year>
		<publisher>ZPA Novy Bor</publisher>
		<rom name="basicg_a.rom" size="4096" crc="1890de5e" sha1="0b04458518b3bc23d6af52a373f9f88aa5eb28a6" />
		<rom name="basicg_b.rom" size="8192" crc="ac632b85" sha1="062a6812b167a8a94ee391a3e73a024b3fab3506" />
	</machine>
</datafile>