<?xml version="1.0" encoding="utf-8"?>
<!DOCTYPE datafile PUBLIC "-//Logiqx//DTD ROM Management Datafile//EN" "http://www.logiqx.com/Dats/datafile.dtd">
<datafile>
	<header>
		<name>kc_cart</name>
		<description>VEB Mikroelektronik KC 85 cartridges</description>
		<version>0.267</version>
		<author>Pleasuredome</author>
	</header>
	<machine name="basic">
		<description>BASIC (M006)</description>
		<year>198?</year>
		<publisher>VEB Mikroelektronik</publisher>
		<rom name="m006.bin" size="16384" crc="d7c43af0" sha1="68d8c0d19e9dab213b0d27506728a8badebd734b" />
	</machine>
	<machine name="develop">
		<description>Development (M027)</description>
		<year>1989</year>
		<publisher>VEB Mikroelektronik</publisher>
		<rom name="m027.bin" size="8192" crc="16a61a21" sha1="04fe21279ebcf07e2dae4b9a462a43023b117e6a" />
	</machine>
	<machine name="forth">
		<description>FORTH (M026)</description>
		<year>1989</year>
		<publisher>VEB Mikroelektronik</publisher>
		<rom name="m026.bin" size="8192" crc="501dfa5f" sha1="6e95a5a16e555c1e768b27dfa5216a2b648c2297" />
	</machine>
	<machine name="texor">
		<description>Texor (M012)</description>
		<year>1988</year>
		<publisher>VEB Mikroelektronik</publisher>
		<rom name="m012.bin" size="8192" crc="02263b40" sha1="b1fe2880dab227a277243161377a4e41f1d3f67e" />
	</machine>
	<machine name="typestar">
		<description>TypeStar (M033)</description>
		<year>1990</year>
		<publisher>VEB Mikroelektronik</publisher>
		<rom name="m033.bin" size="16384" crc="4f24ad1e" sha1="95dec095fb23fcd19ab61d37a643b179b9e513a1" />
	</machine>
</datafile>