<?xml version="1.0" encoding="utf-8"?>
<!DOCTYPE datafile PUBLIC "-//Logiqx//DTD ROM Management Datafile//EN" "http://www.logiqx.com/Dats/datafile.dtd">
<datafile>
	<header>
		<name>leapster_explorer_cart</name>
		<description>LeapFrog Leapster Explorer cartridges</description>
		<version>0.267</version>
		<author>Pleasuredome</author>
	</header>
	<machine name="advsktch">
		<description>Adventure Sketchers (USA) (Creativity Learning Game)</description>
		<year>2013</year>
		<publisher>LeapFrog</publisher>
		<rom name="leapster_explorer_adventure_sketchers_mxic_c276.bin" size="69206016" crc="ecf7a832" sha1="98dda23b39c9f66e0d9783e7c9ce7b703235526d" />
	</machine>
	<machine name="mrpencil">
		<description>Mr. Pencil Saves Doodleburg (USA)</description>
		<year>2010</year>
		<publisher>LeapFrog</publisher>
		<rom name="leapster_explorer_mr_pencil_saves_doodleburg_mxic_c276.bin" size="69206016" crc="e30fdc01" sha1="fe58616c7d61c1651380bb71c11ad639e22d00da" />
	</machine>
	<machine name="tblt">
		<description>TinkerBell and the Lost Treasure (USA)</description>
		<year>2010</year>
		<publisher>LeapFrog</publisher>
		<rom name="leapster_explorer_tinker_bell_lost_treasure_mxic_c276.bin" size="69206016" crc="1d88cffa" sha1="50941cf44bcbec559f0110f9151ee98b82d755ca" />
	</machine>
</datafile>