<?xml version="1.0" encoding="utf-8"?>
<!DOCTYPE datafile PUBLIC "-//Logiqx//DTD ROM Management Datafile//EN" "http://www.logiqx.com/Dats/datafile.dtd">
<datafile>
	<header>
		<name>mikrosha_cass</name>
		<description>Mikrosha cassettes</description>
		<version>0.267</version>
		<author>Pleasuredome</author>
	</header>
	<machine name="6games">
		<description>6GAMES</description>
		<year>19??</year>
		<publisher>&lt;unknown&gt;</publisher>
		<rom name="6games.rkm" size="14310" crc="1a1ac8d3" sha1="fc8c1a48043caaf42487677a070d81caf119238b" />
	</machine>
	<machine name="alambush">
		<description>Alien Ambush</description>
		<year>1990</year>
		<publisher>Sedov E. A.</publisher>
		<rom name="alambush.rkm" size="5604" crc="4b247561" sha1="5f6130c571bb4877b27c1e4c37a17db680e8b2ab" />
	</machine>
	<machine name="ball">
		<description>The Ball Game</description>
		<year>1990</year>
		<publisher>Sandy Pat Corp.</publisher>
		<rom name="ball.rkm" size="2620" crc="ff43291b" sha1="f7fbdae6169c08a4140d685d0d504cc84be82375" />
	</machine>
	<machine name="barmen">
		<description>Barmen (v1.5)</description>
		<year>1988</year>
		<publisher>ALG</publisher>
		<rom name="barmen.rkm" size="4102" crc="01a1e046" sha1="f129df0395d261edf50c4c79a8d3375249a935ef" />
	</machine>
	<machine name="basic">
		<description>Mikrosha BASIC</description>
		<year>19??</year>
		<publisher>&lt;unknown&gt;</publisher>
		<rom name="basic.rkm" size="6662" crc="c5a43e45" sha1="57eb33af3215d0d1ff36a2826915f57697fbda5d" />
	</machine>
	<machine name="bdash">
		<description>Boulder Dash (v2)</description>
		<year>1989</year>
		<publisher>Clever Hands Software</publisher>
		<rom name="boulder.rkm" size="15367" crc="2da99b60" sha1="2620046d21618cf22607827c19334ba000902c27" />
	</machine>
	<machine name="bomber">
		<description>Bomber Aircraft</description>
		<year>1990</year>
		<publisher>Jup Corp</publisher>
		<rom name="bomber.rkm" size="4627" crc="8ba227ef" sha1="a15ad12ec2981b53607f4ae755acecbb69939b3c" />
	</machine>
	<machine name="chess">
		<description>Chess</description>
		<year>19??</year>
		<publisher>&lt;unknown&gt;</publisher>
		<rom name="chess.rkm" size="28935" crc="58537b41" sha1="48be1de74007024d52d4c2a5d162b99d946677e7" />
	</machine>
	<machine name="cirk">
		<description>Cirk (v1.2)</description>
		<year>1986</year>
		<publisher>Popov S.N.</publisher>
		<rom name="circus.rkm" size="7655" crc="bd44cf25" sha1="2cc3472632e962b0e32637a4eea9090b5307eba9" />
	</machine>
	<machine name="crossfir">
		<description>Cross Fire (v004)</description>
		<year>1988</year>
		<publisher>Zyryanov A.V.</publisher>
		<rom name="crossfir.rkm" size="11127" crc="0e204a60" sha1="f41be5612ea4648ce51a2495fa2c2b20c4e910fb" />
	</machine>
	<machine name="digger">
		<description>DIGGER</description>
		<year>19??</year>
		<publisher>&lt;unknown&gt;</publisher>
		<rom name="digger.rkm" size="16903" crc="3c87e474" sha1="df90405bf22d34b3b950c286433106ee793634a7" />
	</machine>
	<machine name="disasm">
		<description>Disassembler Mikron</description>
		<year>19??</year>
		<publisher>&lt;unknown&gt;</publisher>
		<rom name="disasm.rkm" size="4102" crc="6ed063ca" sha1="26f7fbd5f38a6854a57537514cd5cb73ab7fe252" />
	</machine>
	<machine name="garden">
		<description>GARDEN</description>
		<year>19??</year>
		<publisher>&lt;unknown&gt;</publisher>
		<rom name="garden.rkm" size="2775" crc="f3775690" sha1="acade9758e93c4c0cfb2b21c965ffb675d8a265e" />
	</machine>
	<machine name="gonka">
		<description>GONKA</description>
		<year>19??</year>
		<publisher>&lt;unknown&gt;</publisher>
		<rom name="gonka.rkm" size="6407" crc="2fe3906e" sha1="538df44ced2d99bf64b0214eb14ff15316eb6bc9" />
	</machine>
	<machine name="hockey">
		<description>HOCKEY</description>
		<year>19??</year>
		<publisher>&lt;unknown&gt;</publisher>
		<rom name="hockey.rkm" size="3782" crc="ec827443" sha1="5eee9e1754e06c696a0ad3fac8682a3e27e90814" />
	</machine>
	<machine name="kindzadz">
		<description>KINDZADZ</description>
		<year>19??</year>
		<publisher>&lt;unknown&gt;</publisher>
		<rom name="kindzadz.rkm" size="7942" crc="c74f0aeb" sha1="9d3ccc98f310500664e67af1a5570b0fc59145b2" />
	</machine>
	<machine name="klad">
		<description>KLAD</description>
		<year>19??</year>
		<publisher>&lt;unknown&gt;</publisher>
		<rom name="klad.rkm" size="13142" crc="230df87b" sha1="a4ec0fff855880940e4e52d44a2c77904ed46358" />
	</machine>
	<machine name="lestnica">
		<description>LESTNICA</description>
		<year>19??</year>
		<publisher>&lt;unknown&gt;</publisher>
		<rom name="lestnica.rkm" size="7974" crc="4a84d351" sha1="2f6ed3300a887599829e04e515b9994b95c33ccb" />
	</machine>
	<machine name="life">
		<description>LIFE</description>
		<year>19??</year>
		<publisher>&lt;unknown&gt;</publisher>
		<rom name="life.rkm" size="2311" crc="91e944ef" sha1="82acc8808e13f97de93eb5d16c1bdea90aaab96d" />
	</machine>
	<machine name="lifea">
		<description>LIFE (Alt)</description>
		<year>19??</year>
		<publisher>&lt;unknown&gt;</publisher>
		<rom name="life_alt.rkm" size="4044" crc="97b09fb4" sha1="6a466c2c3c05ae5a088d53d5dbda0343b844c873" />
	</machine>
	<machine name="liqsky">
		<description>LIQSKY</description>
		<year>19??</year>
		<publisher>&lt;unknown&gt;</publisher>
		<rom name="liqsky.rkm" size="6150" crc="80b8c8d4" sha1="1fdcdcf29c86aac21af7a7e175733241e7dc0b18" />
	</machine>
	<machine name="mach3">
		<description>MACH3</description>
		<year>19??</year>
		<publisher>&lt;unknown&gt;</publisher>
		<rom name="mach3.rkm" size="10828" crc="0cd7a8de" sha1="12d28b2c9f33944512bc3989e3a18d2f947099ea" />
	</machine>
	<machine name="mars">
		<description>MARS</description>
		<year>19??</year>
		<publisher>&lt;unknown&gt;</publisher>
		<rom name="mars.rkm" size="2566" crc="fd41d17b" sha1="c07be352e17220e646f3070d7ae73bb49cda935a" />
	</machine>
	<machine name="maze">
		<description>MAZE</description>
		<year>19??</year>
		<publisher>&lt;unknown&gt;</publisher>
		<rom name="maze.rkm" size="7927" crc="48c87ace" sha1="2acc0e902de20f65bd7e65cdd729b7783132b9eb" />
	</machine>
	<machine name="mines">
		<description>MINES</description>
		<year>19??</year>
		<publisher>&lt;unknown&gt;</publisher>
		<rom name="mines.rkm" size="15254" crc="7b793982" sha1="2fee48d284e5343e4425ea50da664c7c17ff55ce" />
	</machine>
	<machine name="othello">
		<description>OTHELLO</description>
		<year>19??</year>
		<publisher>&lt;unknown&gt;</publisher>
		<rom name="othello.rkm" size="26118" crc="980c48e4" sha1="834464dccadd67b878daf5aad9bcc32418784072" />
	</machine>
	<machine name="pacman">
		<description>PACMAN</description>
		<year>19??</year>
		<publisher>&lt;unknown&gt;</publisher>
		<rom name="pacman.rkm" size="4614" crc="c4d20c46" sha1="d849257cee833763cf6343b45749cdf59dfe674d" />
	</machine>
	<machine name="panika">
		<description>PANIKA</description>
		<year>19??</year>
		<publisher>&lt;unknown&gt;</publisher>
		<rom name="panika.rkm" size="5087" crc="d3fea12a" sha1="d5b701507e1296040b8e501414a4666f5eb45d34" />
	</machine>
	<machine name="pentis">
		<description>PENTIS</description>
		<year>19??</year>
		<publisher>&lt;unknown&gt;</publisher>
		<rom name="pentis.rkm" size="2311" crc="bec45e41" sha1="13564739d43b768b964e340f4e06a64b245f729e" />
	</machine>
	<machine name="perelet">
		<description>PERELET</description>
		<year>19??</year>
		<publisher>&lt;unknown&gt;</publisher>
		<rom name="perelet.rkm" size="5639" crc="c0db3b48" sha1="ad6031227f51cff998bdf2f90dfe6d5125470dc5" />
	</machine>
	<machine name="reversi2">
		<description>REVERSI2</description>
		<year>19??</year>
		<publisher>&lt;unknown&gt;</publisher>
		<rom name="reversi2.rkm" size="4359" crc="c823f70a" sha1="63166699a60ee812f3c3cb4f1061634cc110aeee" />
	</machine>
	<machine name="reversi">
		<description>REVERSI</description>
		<year>19??</year>
		<publisher>&lt;unknown&gt;</publisher>
		<rom name="reversi.rkm" size="3590" crc="a9de9e39" sha1="04bba2c8ef8e12c813058cd7a8b09c1089effd41" />
	</machine>
	<machine name="rikoshet">
		<description>RIKOSHET</description>
		<year>19??</year>
		<publisher>&lt;unknown&gt;</publisher>
		<rom name="rikoshet.rkm" size="12246" crc="cf0a24e5" sha1="34ba2bab06e6d10b4edffea8b32e0f54aef0abf0" />
	</machine>
	<machine name="rocker">
		<description>ROCKER</description>
		<year>19??</year>
		<publisher>&lt;unknown&gt;</publisher>
		<rom name="rocker.rkm" size="1899" crc="fb1e15b0" sha1="e7551d9140783cabebb7887f8c7dfe7154d0a108" />
	</machine>
	<machine name="saboteur">
		<description>SABOTEUR</description>
		<year>19??</year>
		<publisher>&lt;unknown&gt;</publisher>
		<rom name="saboteur.rkm" size="3350" crc="c3e61ae9" sha1="b1693f1609c3bbe759481ee07dd983413868dcc7" />
	</machine>
	<machine name="shturmk">
		<description>SHTURM_K</description>
		<year>19??</year>
		<publisher>&lt;unknown&gt;</publisher>
		<rom name="shturm_k.rkm" size="1320" crc="36229c54" sha1="ae9618d50d800e4f5ab81ea931a19647ca151100" />
	</machine>
	<machine name="skachki">
		<description>SKACHKI</description>
		<year>19??</year>
		<publisher>&lt;unknown&gt;</publisher>
		<rom name="skachki.rkm" size="1456" crc="b513f4b8" sha1="a2781309d727979add0d89c4f52220b473f7361c" />
	</machine>
	<machine name="snakes">
		<description>SNAKES</description>
		<year>19??</year>
		<publisher>&lt;unknown&gt;</publisher>
		<rom name="snakes.rkm" size="4566" crc="09319e81" sha1="0ab0a944c50a37d7367daf81394a155a9c1a4b6b" />
	</machine>
	<machine name="sprint">
		<description>SPRINT</description>
		<year>19??</year>
		<publisher>&lt;unknown&gt;</publisher>
		<rom name="sprint.rkm" size="3356" crc="0984170e" sha1="19788fdf347ebca03d86665755a40ee9fc381404" />
	</machine>
	<machine name="stakan2">
		<description>STAKAN2</description>
		<year>19??</year>
		<publisher>&lt;unknown&gt;</publisher>
		<rom name="stakan2.rkm" size="1532" crc="95df4998" sha1="77ac182d1463276940227e3c3a6b571346115492" />
	</machine>
	<machine name="stakan3">
		<description>STAKAN3</description>
		<year>19??</year>
		<publisher>&lt;unknown&gt;</publisher>
		<rom name="stakan3.rkm" size="1272" crc="a32917e9" sha1="46c578096ad22b81c4697d62cd50e97972a05092" />
	</machine>
	<machine name="stakan">
		<description>STAKAN</description>
		<year>19??</year>
		<publisher>&lt;unknown&gt;</publisher>
		<rom name="stakan.rkm" size="2310" crc="5fde6b74" sha1="489bee9edb1a409fc64d8a3e04cee49b76a67595" />
	</machine>
	<machine name="starrid">
		<description>STARRID</description>
		<year>19??</year>
		<publisher>&lt;unknown&gt;</publisher>
		<rom name="starrid.rkm" size="16723" crc="d9040afe" sha1="0b3b44167855e3c7766812a9922dc742ddd0570c" />
	</machine>
	<machine name="starwars">
		<description>STARWARS</description>
		<year>19??</year>
		<publisher>&lt;unknown&gt;</publisher>
		<rom name="starwars.rkm" size="4983" crc="4e701c5c" sha1="2711d35391476175f04d0eaf33f365a6e2053f16" />
	</machine>
	<machine name="tennis">
		<description>TENNIS</description>
		<year>19??</year>
		<publisher>&lt;unknown&gt;</publisher>
		<rom name="tennis.rkm" size="727" crc="e65a672a" sha1="a0759475bc6aeab32cc13014847a84763a627591" />
	</machine>
	<machine name="tennisdk">
		<description>TENNISDK</description>
		<year>19??</year>
		<publisher>&lt;unknown&gt;</publisher>
		<rom name="tennisdk.rkm" size="6553" crc="b13060b8" sha1="a87c7235b2ea2cd06e1a2cfa75e46420ee3f5f96" />
	</machine>
	<machine name="tetris">
		<description>TETRIS</description>
		<year>19??</year>
		<publisher>&lt;unknown&gt;</publisher>
		<rom name="tetris.rkm" size="3176" crc="2ec6d032" sha1="6c5952dd68960bf5ee325473976a38954600db29" />
	</machine>
	<machine name="torpatt">
		<description>TORPATT</description>
		<year>19??</year>
		<publisher>&lt;unknown&gt;</publisher>
		<rom name="torpatt.rkm" size="4359" crc="db4b71f6" sha1="19397cb13a5b1a63665dc16a9113f6bb14342585" />
	</machine>
	<machine name="udav">
		<description>UDAV</description>
		<year>19??</year>
		<publisher>&lt;unknown&gt;</publisher>
		<rom name="udav.rkm" size="2055" crc="dcd8d47f" sha1="d3cdfbda89a659439945810fda89b908735668e0" />
	</machine>
	<machine name="volcano">
		<description>VOLCANO</description>
		<year>19??</year>
		<publisher>&lt;unknown&gt;</publisher>
		<rom name="volcano.rkm" size="4103" crc="94694d56" sha1="733eb02c1762aac2a27bd7eaa706b439208174cb" />
	</machine>
	<machine name="wayp">
		<description>WAYP</description>
		<year>19??</year>
		<publisher>&lt;unknown&gt;</publisher>
		<rom name="wayp.rkm" size="2982" crc="aeb2eb07" sha1="6cbf9217d3e804173b0261a3da9934be2c37abed" />
	</machine>
	<machine name="xonix">
		<description>XONIX</description>
		<year>19??</year>
		<publisher>&lt;unknown&gt;</publisher>
		<rom name="xonix.rkm" size="2055" crc="dc7ce2aa" sha1="8db8e84bf408f2d8a0f44827206046eb8f540be7" />
	</machine>
	<machine name="xonixzm">
		<description>XONIXZM</description>
		<year>19??</year>
		<publisher>&lt;unknown&gt;</publisher>
		<rom name="xonixzm.rkm" size="3814" crc="d658b31f" sha1="dcc475751e4f8d464012c18f9ad977dbe050c622" />
	</machine>
	<machine name="xonmicr">
		<description>Xonix (Micron)</description>
		<year>19??</year>
		<publisher>Micron</publisher>
		<rom name="xonmicr.rkm" size="2822" crc="a2658748" sha1="561ac9989c2b8605719d0b340a513fb5a691d7dd" />
	</machine>
	<machine name="zstanciy">
		<description>Z-Stanciya</description>
		<year>1987</year>
		<publisher>SNP</publisher>
		<rom name="zstation.rkm" size="1895" crc="d496dea7" sha1="4aabce2dc4349a82c1ba59be8705f2f8cac77401" />
	</machine>
</datafile>