<?xml version="1.0" encoding="utf-8"?>
<!DOCTYPE datafile PUBLIC "-//Logiqx//DTD ROM Management Datafile//EN" "http://www.logiqx.com/Dats/datafile.dtd">
<datafile>
	<header>
		<name>misterx</name>
		<description>Yeno MisterX cartridges</description>
		<version>0.267</version>
		<author>Pleasuredome</author>
	</header>
	<machine name="allgeme2">
		<description>Allgemeinwissen II</description>
		<year>1989</year>
		<publisher>Video Technology / Yeno</publisher>
		<rom name="27-5041-00-0.bin" size="131072" crc="cf68c0ec" sha1="d582f454195a416e4bcc235558af0311b543aab0" />
	</machine>
	<machine name="ftrivia">
		<description>Fantasie-Trivia</description>
		<year>1989</year>
		<publisher>Video Technology / Yeno</publisher>
		<rom name="27-5041-00-0.bin" size="131072" crc="cf68c0ec" sha1="d582f454195a416e4bcc235558af0311b543aab0" />
	</machine>
	<machine name="megaquiz">
		<description>Mega-Quiz</description>
		<year>1991</year>
		<publisher>Video Technology / Yeno</publisher>
		<rom name="lh531a71.u1" size="131072" crc="0bc51c1b" sha1="9636e19df58df6a7d779adf743ea807703bacd2e" />
	</machine>
</datafile>