<?xml version="1.0" encoding="utf-8"?>
<!DOCTYPE datafile PUBLIC "-//Logiqx//DTD ROM Management Datafile//EN" "http://www.logiqx.com/Dats/datafile.dtd">
<datafile>
	<header>
		<name>msx1_flop_525</name>
		<description>MSX1 5.25" disk images</description>
		<version>0.267</version>
		<author>Pleasuredome</author>
	</header>
	<machine name="amazonia">
		<description>Amazônia (Brazil)</description>
		<year>1989</year>
		<publisher>ProKit</publisher>
		<rom name="amazonia - prokit.dsk" size="184320" crc="b5d87d1a" sha1="f2ac9ea9d873a8ffa14fc3d36ca8c74fdd1d3030" />
	</machine>
	<machine name="bkpdisco">
		<description>BKP Disco (Brazil)</description>
		<year>19??</year>
		<publisher>Enigma Software</publisher>
		<rom name="bkp disco - enigma software.dsk" size="184320" crc="6d2e1a90" sha1="83ed8f6ae6310a6d348c6443e409eb40282ca32e" />
	</machine>
	<machine name="condemc">
		<description>O Conde de Monte Cristo (Brazil)</description>
		<year>1988</year>
		<publisher>Nemesis Informática</publisher>
		<rom name="o conde de monte cristo - nemesis informatica.dsk" size="184320" crc="7c8bf6be" sha1="ae11b322736943e3a7068c1f5fb56fbecbc2a241" />
	</machine>
	<machine name="diskmec2">
		<description>Disk Mechanic v2.0 (Brazil)</description>
		<year>1990</year>
		<publisher>Discovery Informática</publisher>
		<rom name="disk mechanic v2.0 - discovery informatica.dsk" size="368640" crc="48d7c1d0" sha1="03b80134729235c0febc77becf353a7fd294ad32" />
	</machine>
	<machine name="graphicv">
		<description>Graphic View (Brazil)</description>
		<year>1989</year>
		<publisher>Paulisoft Informática</publisher>
		<rom name="graphic view - paulisoft informatica.dsk" size="368640" crc="9b6365af" sha1="69fb0677a955669fbf229936e820683700b472c3" />
	</machine>
	<machine name="graphos3p">
		<description>Graphos III Pro (Brazil)</description>
		<year>1989</year>
		<publisher>ProKit</publisher>
		<rom name="graphos iii pro - prokit.dsk" size="368640" crc="73b2706b" sha1="ae20bf30e1f4c774d2c51542938fcbe579cfadf1" />
	</machine>
	<machine name="gsystem">
		<description>Gradius System (Brazil)</description>
		<year>1990</year>
		<publisher>Nemesis Informática</publisher>
		<rom name="gradius system - nemesis informatica.dsk" size="368640" crc="b06b588d" sha1="66d244adebb62c87c342e3230bc8ca600e189d36" />
	</machine>
	<machine name="msxdostb">
		<description>MSX-DOS Tools (Brazil, v4.3)</description>
		<year>1991</year>
		<publisher>Nemesis Informática</publisher>
		<rom name="msx-dos tools v4.3 (1991)(nemesis informatica)(br).dsk" size="184320" crc="e93070dd" sha1="f78578bf88fa08d0268d7ed2f3cb62406527c500" />
	</machine>
	<machine name="msxword3">
		<description>MSX-Word v3.0 (Brazil)</description>
		<year>1988</year>
		<publisher>Cibertron Software</publisher>
		<rom name="msx-word v3.0 - cibertron software.dsk" size="184320" crc="36b7cff0" sha1="f9fc432b6c1ef5335862b329bb1f47905af1b434" />
	</machine>
	<machine name="postmkr">
		<description>Poster Maker (Brazil)</description>
		<year>1989</year>
		<publisher>Discovery Informática</publisher>
		<rom name="professonal cards - discovery informatica.dsk" size="368640" crc="5c794568" sha1="6a0d422e604000d1c1110c7aab9100f334e8f09b" />
	</machine>
	<machine name="profcard">
		<description>Professional Cards (Brazil)</description>
		<year>1990</year>
		<publisher>Discovery Informática</publisher>
		<rom name="professonal cards - discovery informatica.dsk" size="368640" crc="88b10895" sha1="8f3ba18e72d25a8dae360f318d6ab4d3e60d1957" />
	</machine>
	<machine name="profpubl">
		<description>Professional Publisher (Brazil)</description>
		<year>1990</year>
		<publisher>Discovery Informática</publisher>
		<rom name="professonal publisher - discovery informatica.dsk" size="368640" crc="ebf4ca7a" sha1="e85ff831a494d7569b24dda18c28de052246c299" />
	</machine>
	<machine name="profstrp">
		<description>Professional Stripes (Brazil)</description>
		<year>1990</year>
		<publisher>Discovery Informática</publisher>
		<rom name="professonal stripes - discovery informatica.dsk" size="368640" crc="145c1508" sha1="05aabdc54a1e39603f103c7c149292e73aaf9a35" />
	</machine>
	<machine name="propaint">
		<description>Professional Paint (Brazil)</description>
		<year>19??</year>
		<publisher>Hitek</publisher>
		<rom name="professonal paint - hitek.dsk" size="368640" crc="ea839104" sha1="c19f872b4739b2ce976da48016c77f509be6c59c" />
	</machine>
	<machine name="retrafal">
		<description>Retrato Falado (Brazil)</description>
		<year>19??</year>
		<publisher>MSX Shop</publisher>
		<rom name="retrato falado - msx shop.dsk" size="368640" crc="a5287f7d" sha1="b7ae32e83e5febc47365188f38aa9ee3064bd45e" />
	</machine>
	<machine name="serrapel">
		<description>Serra Pelada (Brazil)</description>
		<year>1987</year>
		<publisher>Pro Kit</publisher>
		<rom name="serra pelada - pro kit.dsk" size="368640" crc="48312507" sha1="46fd964d8cc3210661c08ed53bf215c8d00d45ef" />
	</machine>
	<machine name="supercalc2">
		<description>SuperCalc 2 (Brazil)</description>
		<year>1985</year>
		<publisher>Compucenter Informática</publisher>
		<rom name="supercalc2 - compucenter informatica.dsk" size="368640" crc="8fbc99a1" sha1="4f6d34519afa7617350100881bb25ddbcb1ec947" />
	</machine>
</datafile>