<?xml version="1.0" encoding="utf-8"?>
<!DOCTYPE datafile PUBLIC "-//Logiqx//DTD ROM Management Datafile//EN" "http://www.logiqx.com/Dats/datafile.dtd">
<datafile>
	<header>
		<name>msx2_cart</name>
		<description>MSX2 cartridges</description>
		<version>0.267</version>
		<author>Pleasuredome</author>
	</header>
	<machine name="1942k">
		<description>1942 (Korea)</description>
		<year>1987</year>
		<publisher>Zemina</publisher>
		<rom name="1942-2.rom" size="131072" crc="d5d79f15" sha1="2fc15ef2c728a2472cfa3a34053e07f821dc18d4" />
	</machine>
	<machine name="1942">
		<description>1942 (Japan)</description>
		<year>1987</year>
		<publisher>ASCII</publisher>
		<rom name="1942 (japan).rom" size="131072" crc="c99e5601" sha1="c9135b1e451193bd4c06d8143eaca934cc89fe05" status="baddump" />
	</machine>
	<machine name="aclassmj">
		<description>Inemuri-ryuu Asada Tetsuya no A-kyuu Mahjong (Japan)</description>
		<year>1988</year>
		<publisher>Pony Canyon</publisher>
		<rom name="r58y5151 8849 d" size="131072" crc="f5174422" sha1="66508bbdc3b133b9a69ea96789bc134eea46796a" />
	</machine>
	<machine name="acrojet">
		<description>AcroJet (Japan)</description>
		<year>1988</year>
		<publisher>System Soft</publisher>
		<rom name="acrojet (japan).rom" size="131072" crc="d2ee4051" sha1="1f17e46190635a3214057d33ad4a768939d5a071" status="baddump" />
	</machine>
	<machine name="aleste">
		<description>Aleste (Japan)</description>
		<year>1988</year>
		<publisher>Compile</publisher>
		<rom name="aleste 1988 (c)compile 8828 d" size="262144" crc="c29edd84" sha1="12f6f31f495bfb384c9ca9067bfbf8f98af6adf9" />
	</machine>
	<machine name="alestew">
		<description>Aleste (Woomb)</description>
		<year>2006</year>
		<publisher>Compile</publisher>
		<rom name="aleste - compile (woomb).rom" size="262144" crc="1bf06397" sha1="11b712633bd0e44e8d59ceba5a2d6b1c20a43ef9" />
	</machine>
	<machine name="algtsub">
		<description>Algeese no Tsubasa (Japan)</description>
		<year>1988</year>
		<publisher>Kogado</publisher>
		<rom name="alges no yoku (japan).rom" size="262144" crc="225705cc" sha1="a8059dc1820b461418713acf2af14f3a25734bd3" status="baddump" />
	</machine>
	<machine name="alibaba">
		<description>Ali Baba (Arab, v1.04)</description>
		<year>1989</year>
		<publisher>Al Alamiah</publisher>
		<rom name="ali baba (al-alamiah, 1989).rom" size="131072" crc="f5427547" sha1="f9e8cc6e47d5632e3b28500197f8e9187295c52b" />
	</machine>
	<machine name="alien8">
		<description>Alien 8 Remake</description>
		<year>2008</year>
		<publisher>RetroWorks</publisher>
		<rom name="alien 8 remake - retroworks.rom" size="32768" crc="a5f5b69d" sha1="4a3069426214aeecac1a57632a9978cbfb2acc21" />
	</machine>
	<machine name="amesoccr">
		<description>American Soccer (Japan)</description>
		<year>1987</year>
		<publisher>Nidecom</publisher>
		<rom name="american soccer (japan).rom" size="65536" crc="bcf03d8b" sha1="1545566bd7decb1612009daa2daa71758fa6e4a1" status="baddump" />
	</machine>
	<machine name="amorbrun10">
		<description>Los Amores de Brunilda (v1.0)</description>
		<year>2019</year>
		<publisher>Retroworks</publisher>
		<rom name="los amores de brunilda - retroworks (v1.0).rom" size="1277952" crc="edbfb59e" sha1="6d45d269058616873b12c477b72d254b14e8963f" />
	</machine>
	<machine name="amorbrun">
		<description>Los Amores de Brunilda (v1.01)</description>
		<year>2019</year>
		<publisher>Retroworks</publisher>
		<rom name="los amores de brunilda - retroworks (v1.01).rom" size="1277952" crc="9eb9bad0" sha1="fe239a9d71352f4b45e6df64a38341544c197cfb" />
	</machine>
	<machine name="androgyn">
		<description>Han Seimei Senki Androgynus (Japan)</description>
		<year>1988</year>
		<publisher>Nihon Telenet</publisher>
		<rom name="lh532055" size="262144" crc="c6f74489" sha1="55183b7b7df66950dbb65ef1065d7d987e0fdf5a" />
	</machine>
	<machine name="androgyna">
		<description>Han Seimei Senki Androgynus (Japan, alt)</description>
		<year>1988</year>
		<publisher>Nihon Telenet</publisher>
		<rom name="han seimei senki andorogynus (japan) (alt 1).rom" size="262144" crc="eaf2bfcd" sha1="ae3c3c2c022f566d2e790aba193470d5826f36cf" status="baddump" />
	</machine>
	<machine name="arabpoet">
		<description>Arab Poetry (Arab, v1.20)</description>
		<year>1989</year>
		<publisher>Al Alamiah</publisher>
		<rom name="arab poetry (al alamiah, 1989).rom" size="131072" crc="36477f60" sha1="b20e02cbffef692c7aee6281eb36729ee1e928ef" />
	</machine>
	<machine name="arctic">
		<description>Arctic - Active Rail Playing (Japan)</description>
		<year>1989</year>
		<publisher>Pony Canyon</publisher>
		<rom name="arctic - active rail playing (japan).rom" size="131072" crc="ae3167ee" sha1="e8e416977f5dae3635362c513bba004ea89a0bf4" status="baddump" />
	</machine>
	<machine name="arctica">
		<description>Arctic - Active Rail Playing (Japan, alt)</description>
		<year>1989</year>
		<publisher>Pony Canyon</publisher>
		<rom name="arctic - active rail playing (japan) (alt 1).rom" size="131072" crc="614554c4" sha1="9c89215dd36eded769691708eb8c82dec1ce5109" status="baddump" />
	</machine>
	<machine name="aressha">
		<description>A Ressha de Ikou - Take the A Train. (Japan)</description>
		<year>1989</year>
		<publisher>Pony Canyon</publisher>
		<rom name="pony canyon 8929e" size="131072" crc="c956e1df" sha1="5fd07ed5b7c0492d42ed91a54a0fe80ce6e4e40d" />
	</machine>
	<machine name="arknoid2k">
		<description>Arkanoid 2 (Korea)</description>
		<year>1988</year>
		<publisher>Zemina</publisher>
		<rom name="arkanoid 2 - zemina.rom" size="131072" crc="1a7bdaa8" sha1="c843b8b0e5ed98d3bae68e701fb709ea178ed968" status="baddump" />
	</machine>
	<machine name="arknoid2">
		<description>Arkanoid 2 (Japan)</description>
		<year>1987</year>
		<publisher>Nidecom</publisher>
		<rom name="lh2310bl" size="131072" crc="00d36af6" sha1="1642891b693df616f27431299352e1d7750ac94b" />
	</machine>
	<machine name="ashguin2">
		<description>AshGuine 2 - Kokuu no Gajou (Japan)</description>
		<year>1987</year>
		<publisher>Panasoft / T&amp;E Soft</publisher>
		<rom name="lh532056" size="262144" crc="47a82d74" sha1="efdf63f01293251dc593163a42f31556fd042282" />
	</machine>
	<machine name="ashguin3a">
		<description>AshGuine - Fukushuu no Honoo (Japan, alt)</description>
		<year>1987</year>
		<publisher>Panasoft / Micro Cabin</publisher>
		<rom name="lh532064.0" size="131072" crc="4b3fcd15" sha1="edc60b3cea0d07a642ee8a6af9f885253775602f" />
		<rom name="lh532064.1" size="131072" crc="2e2c013e" sha1="29c50e5ea62613a3a936573ceeeb205d8e19f5d9" />
	</machine>
	<machine name="ashguin3b">
		<description>AshGuine - Fukushuu no Honoo (Japan, alt 2)</description>
		<year>1987</year>
		<publisher>Panasoft / Micro Cabin</publisher>
		<rom name="ashguine story 3 - micro cabin (alt 2).rom" size="262144" crc="02a1f8cc" sha1="ca4a73c5cffec2e6fb7bb6805c842b16ffb47438" status="baddump" />
	</machine>
	<machine name="ashguin3">
		<description>AshGuine - Fukushuu no Honoo (Japan)</description>
		<year>1987</year>
		<publisher>Panasoft / Micro Cabin</publisher>
		<rom name="lh532064" size="262144" crc="353382ce" sha1="6fd90e7573abdb5a7bd6e4e8dc44db80fc163e30" />
	</machine>
	<machine name="ashguine">
		<description>Densetsu no Seisenshi AshGuine (Japan)</description>
		<year>1987</year>
		<publisher>Panasoft</publisher>
		<rom name="lh531080" size="131072" crc="3cb34efb" sha1="f57b46154cf0711e3f5218e00f67c375d95d1d5d" />
	</machine>
	<machine name="asteka2">
		<description>Taiyou no Shinden - Asteka II (Japan)</description>
		<year>1987</year>
		<publisher>Nihon Falcom</publisher>
		<rom name="lh532057" size="262144" crc="ae82a874" sha1="414fd2a22076f45502c2329b45bda9f8730dcaae" />
	</machine>
	<machine name="barbduel">
		<description>Barbarian the Duel</description>
		<year>2019</year>
		<publisher>MSXdev</publisher>
		<rom name="barbarian the duel - bitvision software.rom" size="1114112" crc="4cb79add" sha1="7c6538f1406723f032938aee79588615b5ca8f3e" />
	</machine>
	<machine name="bombjack">
		<description>Bomb Jack</description>
		<year>2010</year>
		<publisher>Kralizec</publisher>
		<rom name="bomb jack - kralizec.rom" size="65536" crc="66ce5954" sha1="aacdfbd5eda687377e66df2e376bd28679fbc160" />
	</machine>
	<machine name="bombjacka">
		<description>Bomb Jack (alt)</description>
		<year>2010</year>
		<publisher>Kralizec</publisher>
		<rom name="bomb jack - kralizec (alt).rom" size="65536" crc="668c1ee3" sha1="6ca9f56cef15277adcff3f0cafdc59f5eb042fa2" />
	</machine>
	<machine name="boomboyd">
		<description>Booming Boy (demo)</description>
		<year>2015</year>
		<publisher>MSX Area</publisher>
		<rom name="booming boy - msx area (demo).rom" size="32768" crc="95442274" sha1="bebd1634db968c2b076dc2563baf4b64d0ee4550" />
	</machine>
	<machine name="bublbobl">
		<description>Bubble Bobble (Japan)</description>
		<year>1987</year>
		<publisher>Taito</publisher>
		<rom name="lh231596" size="131072" crc="6524d9fc" sha1="e73946f1f26589d77926276ca4f9dbee60c53fde" />
	</machine>
	<machine name="bublbobla">
		<description>Bubble Bobble (Japan, alt)</description>
		<year>1987</year>
		<publisher>Taito</publisher>
		<rom name="bubble bobble (japan) (alt 1).rom" size="131072" crc="8b73f133" sha1="c5edd1c74e72ddaeba1027da1e848e2c4fda94f5" status="baddump" />
	</machine>
	<machine name="bubldrm">
		<description>Bubble Dream</description>
		<year>2012</year>
		<publisher>MRC Tenliner Challenge</publisher>
		<rom name="bubble dream - kotai.rom" size="65536" crc="705d4c8a" sha1="c22dae889c2285ef327a250d440ac7c3e28b83b4" />
	</machine>
	<machine name="cheese2">
		<description>Cheese 2 (Japan)</description>
		<year>1985</year>
		<publisher>Neos</publisher>
		<rom name="cheese 2 (japan) (program).rom" size="32768" crc="2ffb49c3" sha1="930b4896c1590ebbb74d330447ec36e3feb5cab6" status="baddump" />
	</machine>
	<machine name="cockpit">
		<description>The Cockpit (Japan)</description>
		<year>1987</year>
		<publisher>Nidecom</publisher>
		<rom name="lh2310bd" size="131072" crc="5f354e65" sha1="e36e16acfdfa76fa72b218da2bebc668db39d21e" />
	</machine>
	<machine name="contra">
		<description>Contra (Japan)</description>
		<year>1989</year>
		<publisher>Konami</publisher>
		<rom name="contra (japan).rom" size="131072" crc="4e82660d" sha1="90003c78975d00b1e5612fd00dffabb70d616ecd" status="baddump" />
	</machine>
	<machine name="cr3">
		<description>CR3</description>
		<year>2017</year>
		<publisher>NabetaJisho</publisher>
		<rom name="cr3 - nabetajisho (2017).rom" size="32768" crc="53f67b40" sha1="57d50db266744de42f5d03fba8e8eb6b05dc6ace" />
	</machine>
	<machine name="crimson">
		<description>Crimson (Japan)</description>
		<year>1987</year>
		<publisher>Scaptrust</publisher>
		<rom name="lh532079" size="262144" crc="8528a795" sha1="a21adba681956ec35816af673a9d4f6c7743253a" />
	</machine>
	<machine name="daikokai">
		<description>Daikoukai Jidai (Japan)</description>
		<year>1990</year>
		<publisher>Koei</publisher>
		<rom name="lh534g63" size="524288" crc="ec7a8012" sha1="2a4aef32db28c059c30f5f972f1c09708ef6ce62" />
	</machine>
	<machine name="daisenr">
		<description>Daisenryaku MSX2 (Japan)</description>
		<year>1986</year>
		<publisher>Micro Cabin</publisher>
		<rom name="lh531073" size="131072" crc="a987a0d8" sha1="10c38f91d8f5db2438414ea58f26dcac78352088" />
	</machine>
	<machine name="daisenra">
		<description>Daisenryaku MSX2 (Japan, alt)</description>
		<year>1986</year>
		<publisher>Micro Cabin</publisher>
		<rom name="daisenryaku - micro cabin (alt).rom" size="131072" crc="43f14f1f" sha1="052691219a7a6e8eadbeb6efa91b8e83c96aa691" status="baddump" />
	</machine>
	<machine name="dbuster">
		<description>Dragon Buster (Japan)</description>
		<year>1987</year>
		<publisher>Namco</publisher>
		<rom name="namcot msx2 db" size="131072" crc="49252882" sha1="ecbf33a376a7a108176f8d1009d042e01519241c" />
	</machine>
	<machine name="dforest">
		<description>Deep Forest (Japan)</description>
		<year>1987</year>
		<publisher>Xain Soft</publisher>
		<rom name="deep forest (japan).rom" size="131072" crc="f221b845" sha1="fc9adbd816109f7705f342c01f168bb09ca4b2ff" status="baddump" />
	</machine>
	<machine name="dforesta">
		<description>Deep Forest (Japan, alt)</description>
		<year>1987</year>
		<publisher>Xain Soft</publisher>
		<rom name="deep forest (japan) (alt 1).rom" size="131072" crc="3615e623" sha1="35c02d8d590d92053f083b0c0c897277a5375af6" status="baddump" />
	</machine>
	<machine name="dimxd">
		<description>DIM X (demo)</description>
		<year>2016</year>
		<publisher>Kai Magazine</publisher>
		<rom name="dim x - kai magazine.rom" size="1048576" crc="d14be968" sha1="07e00d4d290e8b9b6ba5ca0f36c84b8daed14e6c" />
	</machine>
	<machine name="dires">
		<description>[Dires] - Giger . Loop (Japan)</description>
		<year>1988</year>
		<publisher>The Links</publisher>
		<rom name="lh531090" size="131072" crc="5acbd591" sha1="1ba6b699b4e34c23ee60db4e58e1265dc03f0b50" />
	</machine>
	<machine name="doublvis">
		<description>Bishoujo Shashinkan - The Double Vision (Japan)</description>
		<year>1988</year>
		<publisher>Hard</publisher>
		<rom name="lh532048" size="262144" crc="e1148738" sha1="87a7fa43602f74c47151e79f1aaf7f641331ba51" />
	</machine>
	<machine name="dquest2a">
		<description>Dragon Quest II - Akuryou no Kamigami (Japan, alt)</description>
		<year>1987</year>
		<publisher>Enix</publisher>
		<rom name="dragon quest ii (japan) (alt 1).rom" size="262144" crc="e012ee7a" sha1="77fcce7b7c9c915fb0adff059141d4d4307f5a22" status="baddump" />
	</machine>
	<machine name="dquest2">
		<description>Dragon Quest II - Akuryou no Kamigami (Japan)</description>
		<year>1987</year>
		<publisher>Enix</publisher>
		<rom name="lh532073" size="262144" crc="0bf0c3f5" sha1="05280f0a26ac5c42ab63b80a487bb909683e7461" />
	</machine>
	<machine name="dquest">
		<description>Dragon Quest (Japan)</description>
		<year>1986</year>
		<publisher>Sony</publisher>
		<rom name="cxk381000" size="131072" crc="7729e7a9" sha1="5577e483caca553cfbfc0cba26f3ab2444569f81" />
	</machine>
	<machine name="druid">
		<description>Druid (Japan)</description>
		<year>1988</year>
		<publisher>Jaleco</publisher>
		<rom name="druid (japan).rom" size="131072" crc="94982598" sha1="b11c0ded529af18c29ec46b9e0a795ed0405e7ec" status="baddump" />
	</machine>
	<machine name="druida">
		<description>Druid (Japan, alt)</description>
		<year>1988</year>
		<publisher>Jaleco</publisher>
		<rom name="druid (japan) (alt 1).rom" size="131072" crc="c3242b0a" sha1="af3524caccd33ccb7a5b42b1ce4314d055e01672" status="baddump" />
	</machine>
	<machine name="drwn4078a">
		<description>Darwin 4078 (Japan, alt)</description>
		<year>1987</year>
		<publisher>Hudson Soft</publisher>
		<rom name="darwin 4078 (japan) (alt 1).rom" size="131072" crc="ce86a52f" sha1="3bb2f9f4be38b5b08da03ee190c39caec30e2f08" status="baddump" />
	</machine>
	<machine name="drwn4078b">
		<description>Darwin 4078 (Japan, alt 2)</description>
		<year>1987</year>
		<publisher>Hudson Soft</publisher>
		<rom name="darwin 4078 (japan) (alt 2).rom" size="131072" crc="6fb05f43" sha1="3f072673752badfbd234d6005ddad60a494a9438" status="baddump" />
	</machine>
	<machine name="drwn4078">
		<description>Darwin 4078 (Japan)</description>
		<year>1987</year>
		<publisher>Panasoft</publisher>
		<rom name="rp231024" size="131072" crc="7098faf0" sha1="d4da7236bd09d735dcb92127c73e43b3ca94dd7f" />
	</machine>
	<machine name="dskpro116">
		<description>DSKPRO (v11.6)</description>
		<year>2017</year>
		<publisher>Pirates do Caribe</publisher>
		<rom name="dskpro - pirates do caribe (v11.6).rom" size="32768" crc="d4e00d75" sha1="8d2b1bbaee6f9ab86b6764c51a94d89e2a1959a0" />
	</machine>
	<machine name="dslayer4a">
		<description>Dragon Slayer IV - Drasle Family (Japan, alt)</description>
		<year>1987</year>
		<publisher>Nihon Falcom</publisher>
		<rom name="dragon slayer iv - drasle family (japan) (alt 1).rom" size="262144" crc="53163cbc" sha1="3f87c3413c8cc2a25e1f64cfdcd01155a13711f0" status="baddump" />
	</machine>
	<machine name="dslayer4">
		<description>Dragon Slayer IV - Drasle Family (Japan)</description>
		<year>1987</year>
		<publisher>Nihon Falcom</publisher>
		<rom name="lh532037" size="262144" crc="98095852" sha1="6d7a8ea1b283ecc1cc94c359e5f053a6e82ab3f5" />
	</machine>
	<machine name="dynabowl">
		<description>Dynamite Bowl (Japan)</description>
		<year>1987</year>
		<publisher>Toshiba EMI</publisher>
		<rom name="ps-2021g" size="131072" crc="9935e9bd" sha1="bd70b00ccb8fafca883c7160585e9c5920cca58f" />
	</machine>
	<machine name="dynabowla">
		<description>Dynamite Bowl (Japan, alt)</description>
		<year>1987</year>
		<publisher>Toshiba EMI</publisher>
		<rom name="dynamite bowl (japan) (alt 1).rom" size="131072" crc="a4996aaa" sha1="a6d285e515ad1e2c15b4352d9b699ebe060b1dba" status="baddump" />
	</machine>
	<machine name="ehagaki">
		<description>Ehagaki-you Waapuro (Japan)</description>
		<year>1985</year>
		<publisher>Hitachi</publisher>
		<rom name="ehagaki-you waapuro - hitachi.rom" size="32768" crc="2517f94d" sha1="f625afc51ac52b27a7345d2cf6ff1b4aa39c8e2b" status="baddump" />
	</machine>
	<machine name="eidolon">
		<description>The Eidolon (Japan)</description>
		<year>1986</year>
		<publisher>PonyCa</publisher>
		<rom name="ponyca0l01" size="131072" crc="14913432" sha1="cd8ee800822ff0cd295621faafafc73be4bacad0" />
	</machine>
	<machine name="elthlead">
		<description>Elthlead (Japan)</description>
		<year>1988</year>
		<publisher>NCS</publisher>
		<rom name="elthlead (japan).rom" size="131072" crc="a8e9ac9b" sha1="caeca37113c56e696d7053d90f5f9f3e02de8ad1" status="baddump" />
	</machine>
	<machine name="emperor">
		<description>L'Empereur (Japan)</description>
		<year>1990</year>
		<publisher>Koei</publisher>
		<rom name="lh534g2s" size="524288" crc="c7521809" sha1="22f5998b4de47bf2ccc077d5881ac448e6b0484d" />
	</machine>
	<machine name="equivocal10">
		<description>Equivocal (v1.0)</description>
		<year>2009</year>
		<publisher>Passion MSX2 Contest</publisher>
		<rom name="equivocal - the new image (v1.0).rom" size="32768" crc="31ed76f6" sha1="a1fb6a9876601b343e1766935cedf61dab1a8f7d" />
	</machine>
	<machine name="equivocal">
		<description>Equivocal (v1.5)</description>
		<year>2009</year>
		<publisher>Passion MSX2 Contest</publisher>
		<rom name="equivocal - the new image (v1.5).rom" size="32768" crc="085ca3ea" sha1="21e43a08613fe97436e9e1bdf1f4d0dc7a0c058b" />
	</machine>
	<machine name="eurosens">
		<description>Europa Sensen (Japan)</description>
		<year>1992</year>
		<publisher>Koei</publisher>
		<rom name="lh538a36" size="1048576" crc="413d4700" sha1="475c3af7495922759a5f424d2e22d7e4073d5992" />
	</machine>
	<machine name="f15se">
		<description>F-15 Strike Eagle (Japan)</description>
		<year>1987</year>
		<publisher>System Soft</publisher>
		<rom name="sms-1026" size="131072" crc="53cce88d" sha1="39bc111c953bdf25683db7ff4c0bad79b5c49958" />
	</machine>
	<machine name="famibill">
		<description>Family Billiards (Japan)</description>
		<year>1987</year>
		<publisher>Pack-In-Video</publisher>
		<rom name="m27512zb" size="65536" crc="7c867d98" sha1="924fcf87b3747dae06e621975903ee73c42016f2" />
	</machine>
	<machine name="famiboxi">
		<description>Family Boxing (Japan)</description>
		<year>1988</year>
		<publisher>Sony</publisher>
		<rom name="hbs-g066c sharp 8822 d" size="262144" crc="7030f2ab" sha1="d78d763e72e23418f31dc3ce91deea1e8ee10490" />
	</machine>
	<machine name="famiparo">
		<description>Famicle Parodic (Japan)</description>
		<year>1988</year>
		<publisher>Bit²</publisher>
		<rom name="lh532074" size="262144" crc="0e03847b" sha1="f12ad34dc3b4279da0fc7094f3d50d6b8bb517dc" />
	</machine>
	<machine name="famista">
		<description>Pro Yakyuu Family Stadium - Pennant Race (Japan)</description>
		<year>1989</year>
		<publisher>Namco</publisher>
		<rom name="msx2 fs" size="262144" crc="356b7d2a" sha1="970e26f3c2c085e39267115991add6ccc6e9ff80" />
	</machine>
	<machine name="fantzon2a">
		<description>Fantasy Zone II - The Tears of Opa-Opa (Japan, alt)</description>
		<year>1987</year>
		<publisher>Pony Canyon</publisher>
		<rom name="fantasy zone ii - the tears of opa-opa (japan) (alt 1).rom" size="262144" crc="3459ce01" sha1="1f39c472f1e02511fa7eaaf8ed9fcce4d45861b9" status="baddump" />
	</machine>
	<machine name="fantzon2">
		<description>Fantasy Zone II - The Tears of Opa-Opa (Japan)</description>
		<year>1987</year>
		<publisher>Pony Canyon</publisher>
		<rom name="r68y-5815" size="262144" crc="1bdfaeeb" sha1="a58ca651f4c12bf07cf3840d5e37b534f5fc075e" />
	</machine>
	<machine name="fireball">
		<description>Fire Ball (Japan)</description>
		<year>1987</year>
		<publisher>HummingBird</publisher>
		<rom name="lh230941" size="131072" crc="cdcdc6c0" sha1="cdeadd6cf7bf5b53aa7d901446b0ce586542c580" />
	</machine>
	<machine name="fleetco2">
		<description>Fleet Commander II - Tasogare no Kaiiki (Japan)</description>
		<year>1990</year>
		<publisher>ASCII</publisher>
		<rom name="fleetco2.bin" size="262144" crc="9f152e9b" sha1="8cbfd94324f297a418e7eec6920dfead7b9bed08" />
	</machine>
	<machine name="fs_sr021">
		<description>FS-SR021 MSX2 Word Processor (Japan)</description>
		<year>1988</year>
		<publisher>Panasonic</publisher>
		<rom name="fs-sr021 msx2 word processor - panasonic.dsk" size="737280" crc="a1ef5c89" sha1="f47f225b75784bb4d2ee533fa8fb57d9525c0029" />
		<rom name="fs-sr021.rom" size="2097152" crc="c3cdb67a" sha1="13007f9340670deda42c4b53c06c19d3d3c09704" status="baddump" />
	</machine>
	<machine name="gakumono">
		<description>Gakuen Monogatari - High School Story (Japan)</description>
		<year>1988</year>
		<publisher>Great</publisher>
		<rom name="gakuen monogatari - high school story (japan).rom" size="262144" crc="fbdafe4e" sha1="32dd4df2b39461c0694f6bb84de0709478a69d31" status="baddump" />
	</machine>
	<machine name="gambler2">
		<description>Gambler Jikochuushinha 2 - Jishou! Kyougou Janshi Hen (Japan)</description>
		<year>1988</year>
		<publisher>Game Arts</publisher>
		<rom name="lh53210b game arts" size="262144" crc="eb67d4d6" sha1="1f3f586255dd49b0f912bf41e07e88fe3eb3fb61" />
	</machine>
	<machine name="garakuta">
		<description>Garakuta (Japan)</description>
		<year>1988</year>
		<publisher>Wachi Software</publisher>
		<rom name="lh31434" size="65536" crc="33c37313" sha1="f4da2be2ee712ba2e7cccf56fcd15483fe0023ed" />
	</machine>
	<machine name="garyuou">
		<description>Garyuu Ou (Japan)</description>
		<year>1987</year>
		<publisher>Xain Soft</publisher>
		<rom name="garyuu ou (japan).rom" size="262144" crc="2fb0ed30" sha1="1f26dfa026b116c80c951a995633b4c2f7fa033d" status="baddump" />
	</machine>
	<machine name="garyuoua">
		<description>Garyuu Ou (Japan, alt)</description>
		<year>1987</year>
		<publisher>Xain Soft</publisher>
		<rom name="garyuu ou (japan) (alt 1).rom" size="262144" crc="40d009fe" sha1="2a1c91bcc9b1b621773232061d74b7098420f1d4" status="baddump" />
	</machine>
	<machine name="gekipen2s">
		<description>Gekitotsu Pennant Race 2 (Japan, sample)</description>
		<year>1989</year>
		<publisher>Konami</publisher>
		<rom name="gekitotsu pennant race 2 - konami (sample).rom" size="131072" crc="8bb42802" sha1="9b796a0f1cb735eb3ce4216d2749364ee22ac110" status="baddump" />
	</machine>
	<machine name="gekipen2">
		<description>Gekitotsu Pennant Race 2 (Japan)</description>
		<year>1989</year>
		<publisher>Konami</publisher>
		<rom name="gekitotsu pennant race 2 (japan).rom" size="131072" crc="c44c6330" sha1="93b07e3cd5ae2f00b36824a74f83a3ef0d65d0d5" status="baddump" />
	</machine>
	<machine name="gekipenn">
		<description>Gekitotsu Pennant Race - The Pro Yakyuu (Japan)</description>
		<year>1988</year>
		<publisher>Konami</publisher>
		<rom name="gekitotsu pennant race - the pro yakyuu (japan).rom" size="131072" crc="c08faf0e" sha1="e22a6317747903475095008d0d5ad9427ddb34af" status="baddump" />
	</machine>
	<machine name="gekipenna">
		<description>Gekitotsu Pennant Race - The Pro Yakyuu (Japan, alt)</description>
		<year>1988</year>
		<publisher>Konami</publisher>
		<rom name="gekitotsu pennant race - the pro yakyuu (japan) (alt 1).rom" size="131072" crc="b0a7800f" sha1="b8f4ee146c3cdb8f506371d001e6398ecda85251" status="baddump" />
	</machine>
	<machine name="gekipennb">
		<description>Gekitotsu Pennant Race - The Pro Yakyuu (Japan, alt 2)</description>
		<year>1988</year>
		<publisher>Konami</publisher>
		<rom name="gekitotsu pennant race - the pro yakyuu (japan) (alt 2).rom" size="131072" crc="0ad36e2b" sha1="ad995ede603a28c72dad06c245fc7d4dad85d230" status="baddump" />
	</machine>
	<machine name="gekipennc">
		<description>Gekitotsu Pennant Race - The Pro Yakyuu (Japan, alt 3)</description>
		<year>1988</year>
		<publisher>Konami</publisher>
		<rom name="gekitotsu pennant race - the pro yakyuu (japan) (alt 3).rom" size="131072" crc="bc1b1ace" sha1="d89922ed43ea4fc0b87d7e5baef3f072bb566849" status="baddump" />
	</machine>
	<machine name="genchohi">
		<description>Aoki Ookami to Shiroki Mejika - Genchou Hishi (Japan)</description>
		<year>1992</year>
		<publisher>Koei</publisher>
		<rom name="lh538f96" size="1048576" crc="075ab646" sha1="74d1c7f66242335c736da29413037bd23384efaa" status="baddump" />
	</machine>
	<machine name="genghis">
		<description>Aoki Ookami to Shiroki Mejika - Genghis Khan (Japan)</description>
		<year>1988</year>
		<publisher>Koei</publisher>
		<rom name="tc534000p" size="524288" crc="3b5b3fd8" sha1="8a4bcf0f38c9f243443a4d4865278f695bd83dc8" />
	</machine>
	<machine name="ggoemon">
		<description>Ganbare Goemon! Karakuri Douchuu (Japan)</description>
		<year>1987</year>
		<publisher>Konami</publisher>
		<rom name="ganbare goemon - karakuri douchuu (japan).rom" size="131072" crc="40e53ea3" sha1="fd71df03b0e9f3caf701ecfc6d5232060cab3b13" status="baddump" />
	</machine>
	<machine name="gogoboom">
		<description>Gogoboom</description>
		<year>2022</year>
		<publisher>ESP Soft</publisher>
		<rom name="gogoboom - esp soft (2022).rom" size="32768" crc="879e79b5" sha1="89823917c4ac7481b1c2e65d7d8f3580ee7d1c67" />
	</machine>
	<machine name="goldfan">
		<description>Gold Fan</description>
		<year>2016</year>
		<publisher>N.I</publisher>
		<rom name="gold fan - n.i.rom" size="32768" crc="ef4a0bc9" sha1="502174aa7f495dab970423f97cf08c4aa30472ad" />
	</machine>
	<machine name="goongoodgp">
		<description>The Goonies r Good Enough (Kralizec goodbye present)</description>
		<year>2012</year>
		<publisher>Kralizec</publisher>
		<rom name="the goonies r good enough - kralizec (goodbyte present).rom" size="524288" crc="9ad2183b" sha1="440030109b3a0af8fa0c86dd216b5089761bd4f1" />
	</machine>
	<machine name="grlyblok">
		<description>Girly Block (Japan)</description>
		<year>1988</year>
		<publisher>The Links</publisher>
		<rom name="lh230965" size="131072" crc="28094960" sha1="bb99fe7702733ab0f9e8856e91f5ddcb55d30b5f" />
	</machine>
	<machine name="hacker">
		<description>Hacker (Japan)</description>
		<year>1988</year>
		<publisher>Pony Canyon</publisher>
		<rom name="hacker (japan).rom" size="131072" crc="8df56d42" sha1="920f141db0d42952130855ac1dce446c327e7d9c" status="baddump" />
	</machine>
	<machine name="hainomaj">
		<description>Hai no Majutsushi (Japan)</description>
		<year>1989</year>
		<publisher>Konami</publisher>
		<rom name="hai no majutsushi (japan).rom" size="131072" crc="e0e72736" sha1="25022c4f5cfc805e93026fd5fda781e9a1807474" status="baddump" />
	</machine>
	<machine name="hardball">
		<description>Hardball (Japan)</description>
		<year>1987</year>
		<publisher>Sony</publisher>
		<rom name="g 060c 8744 d" size="131072" crc="1d7040af" sha1="32151ddc4303290c09889bf8107493dd34296043" />
	</machine>
	<machine name="hbiv1">
		<description>Video Digitizer (Japan)</description>
		<year>1989</year>
		<publisher>Sony</publisher>
		<rom name="auto graphic loader - sony.dsk" size="737280" crc="b7675805" sha1="5133282dd32361d8f3c94de05b3dd6b1773f8231" />
	</machine>
	<machine name="herolanc">
		<description>Heroes of the Lance (Japan)</description>
		<year>1991</year>
		<publisher>Pony Canyon</publisher>
		<rom name="heroes of the lance (japan).rom" size="524288" crc="95f2eb6d" sha1="6e1d2d5b0688860b0a04d53fe9e5e3939dfba547" status="baddump" />
	</machine>
	<machine name="hghwfghtd">
		<description>Highway Fighter (demo)</description>
		<year>2017</year>
		<publisher>Kai Magazine</publisher>
		<rom name="highway fighter - kai magazine (demo).rom" size="1048576" crc="91c398e9" sha1="36af1d3bc2d083914577f66591fc5cb851785c2b" />
	</machine>
	<machine name="higemaru">
		<description>Higemaru Makaijima - Nanatsu no Shima Daibouken (Japan)</description>
		<year>1987</year>
		<publisher>ASCII</publisher>
		<rom name="higemaru makai shima - nanatsu no shima daibouken (japan).rom" size="131072" crc="17baf3ed" sha1="de0eb1c46c47924879e2a49f9eafba0ab344fe5f" status="baddump" />
	</machine>
	<machine name="highsc">
		<description>High School! Kimengumi (Japan)</description>
		<year>1987</year>
		<publisher>Pony Canyon</publisher>
		<rom name="high school kimengumi (japan).rom" size="131072" crc="1123545c" sha1="13fbb273a95481330d33c9edc4263e30ccf1774d" status="baddump" />
	</machine>
	<machine name="hinotori">
		<description>Hi no Tori - Houou-hen (Japan)</description>
		<year>1987</year>
		<publisher>Konami</publisher>
		<rom name="hinotori - houou hen (japan).rom" size="131072" crc="3ab5ae57" sha1="d723f2eb1c887db5448fd56be5e7c57e60d88e63" status="baddump" />
	</machine>
	<machine name="hinotoria">
		<description>Hi no Tori - Houou-hen (Japan, alt)</description>
		<year>1987</year>
		<publisher>Konami</publisher>
		<rom name="hinotori - houou hen (japan) (alt 1).rom" size="131072" crc="d95116b0" sha1="612c18616bc800d9eb69b9da3cd29eca31f50c1c" status="baddump" />
	</machine>
	<machine name="hinotorib">
		<description>Hi no Tori - Houou-hen (Japan, alt 2)</description>
		<year>1987</year>
		<publisher>Konami</publisher>
		<rom name="hinotori - houou hen (japan) (alt 2).rom" size="131072" crc="5928f406" sha1="300f20adde3941ab10eb158db48250e8e856a911" status="baddump" />
	</machine>
	<machine name="holein1s">
		<description>Hole in One Special (Japan)</description>
		<year>1987</year>
		<publisher>HAL Kenkyuujo</publisher>
		<rom name="m5m231001 219p" size="131072" crc="f35df283" sha1="facb967717c21fed9b375481908aa337b3361c45" />
	</machine>
	<machine name="holein1sa">
		<description>Hole in One Special (Japan, alt)</description>
		<year>1987</year>
		<publisher>HAL Kenkyuujo</publisher>
		<rom name="hole in one special (japan) (alt 1).rom" size="131072" crc="4708bdd1" sha1="3837d3a72498caa070866d947956a2e30fb94fbe" status="baddump" />
	</machine>
	<machine name="hydlide3w">
		<description>Hydlide 3 - The Space Memories (Woomb)</description>
		<year>2006</year>
		<publisher>T&amp;E Soft</publisher>
		<rom name="hydlide 3 - t&amp;e soft (woomb).rom" size="524288" crc="2eddf082" sha1="e10f5d2e622dd7dfe7df2e15d209edd3025adba7" />
	</machine>
	<machine name="hydlide3">
		<description>Hydlide 3 - The Space Memories (Japan)</description>
		<year>1987</year>
		<publisher>T&amp;E Soft</publisher>
		<rom name="hydlide3 4m-rom" size="524288" crc="00db86c8" sha1="f182d4785e3eed00292f7ff4795c9dcc6c990a0a" />
	</machine>
	<machine name="ideyumj">
		<description>Ide Yousuke Meijin no Jissen Mahjong (Japan)</description>
		<year>1988</year>
		<publisher>Pack-In Video</publisher>
		<rom name="lh230952" size="131072" crc="935f1bde" sha1="219e9acc2c023c25a8bbe9fb7d1764ffcff66034" />
	</machine>
	<machine name="ikari">
		<description>Ikari (Japan)</description>
		<year>1987</year>
		<publisher>SNK</publisher>
		<rom name="ikari (japan).rom" size="262144" crc="a9a66075" sha1="e065238580b9e118b6c9e789d797cdd99e0a1c69" status="baddump" />
	</machine>
	<machine name="ikaria">
		<description>Ikari (Japan, alt)</description>
		<year>1987</year>
		<publisher>SNK</publisher>
		<rom name="ikari (japan) (alt 1).rom" size="262144" crc="93999a38" sha1="fe8aae62fdec28631d8f7b6659dd95135c1bcbb7" status="baddump" />
	</machine>
	<machine name="inferno">
		<description>Inferno</description>
		<year>2012</year>
		<publisher>#msxdev Compo</publisher>
		<rom name="inferno - aetherbyte.rom" size="262144" crc="5f04baac" sha1="42a05d3f93ce7e7469cc992f37558350faaefa8a" />
	</machine>
	<machine name="inindo">
		<description>Inindou - Datou Nobunaga (Japan)</description>
		<year>1991</year>
		<publisher>Koei</publisher>
		<rom name="lh5380sz" size="1048576" crc="881b3849" sha1="0cc6c30c6918fcf780e57d40f58a4cf2a82225cd" />
	</machine>
	<machine name="ishinara">
		<description>Ishin no Arashi (Japan)</description>
		<year>1989</year>
		<publisher>Koei</publisher>
		<rom name="hn62404p" size="524288" crc="8bc34dca" sha1="6420d61002da325403fcb6f41afb1d348eeba3b4" />
	</machine>
	<machine name="jailbreak">
		<description>Jailbreak (v1.02)</description>
		<year>2010</year>
		<publisher>Passion MSX2 Contest</publisher>
		<rom name="jailbreak - infinite (v1.02).rom" size="262144" crc="7ab201a1" sha1="157426bb6935678a2c5568f5ec40691520e52d20" />
	</machine>
	<machine name="jailbreaka">
		<description>Jailbreak (alt)</description>
		<year>2010</year>
		<publisher>Passion MSX2 Contest</publisher>
		<rom name="jailbreak - infinite (alt).rom" size="262144" crc="2a52fb5b" sha1="35183cc25784436973ab4f2667a64e21ab63b019" />
	</machine>
	<machine name="jailbreakb">
		<description>Jailbreak (alt 2)</description>
		<year>2010</year>
		<publisher>Passion MSX2 Contest</publisher>
		<rom name="jailbreak - infinite (alt 2).rom" size="262144" crc="40e0d767" sha1="3e18ead4dcbeef4985a43bb5d082969e2ea424ac" />
	</machine>
	<machine name="jansei">
		<description>Jansei (Japan)</description>
		<year>1986</year>
		<publisher>Sony</publisher>
		<rom name="jansei (japan).rom" size="131072" crc="00b8e82e" sha1="0eb3a48a8ab90826726f0c06daadf4bf13390758" status="baddump" />
	</machine>
	<machine name="janseia">
		<description>Jansei (Japan, alt)</description>
		<year>1986</year>
		<publisher>Sony</publisher>
		<rom name="jansei (japan) (alt 1).rom" size="131072" crc="2c2924ed" sha1="d78293133b075f48c9dc5c4cf0c4a985ae964b08" status="baddump" />
	</machine>
	<machine name="kempelen">
		<description>Kempelen Chess (Japan)</description>
		<year>1988</year>
		<publisher>Pony Canyon</publisher>
		<rom name="kempelen chess (japan).rom" size="131072" crc="053aa66e" sha1="a0c486d0f25a3dc586717d5d3e1f5a46d36735fc" status="baddump" />
	</machine>
	<machine name="kikikai">
		<description>Kiki KaiKai (Japan)</description>
		<year>1986</year>
		<publisher>Sony</publisher>
		<rom name="rp231024d 0856" size="131072" crc="5c859406" sha1="6dd28797f9d1fe7cc041077ebe77d08f2ccc0937" />
	</machine>
	<machine name="kingkon2k">
		<description>King Kong 2 - Yomigaeru Densetsu (Korea)</description>
		<year>1987</year>
		<publisher>Zemina</publisher>
		<rom name="kingkong2k.rom" size="131072" crc="cf8fa105" sha1="bd9852ea114e8b8ff781115d1d6e6da6f8dfafff" status="baddump" />
	</machine>
	<machine name="kingkon2">
		<description>King Kong 2 - Yomigaeru Densetsu (Japan)</description>
		<year>1986</year>
		<publisher>Konami</publisher>
		<rom name="king kong 2 - yomigaeru densetsu (japan).rom" size="131072" crc="23b78a2d" sha1="fe4bd35e87dd50fddd255172129b9bec38691188" status="baddump" />
	</machine>
	<machine name="kisei">
		<description>Kisei (Japan)</description>
		<year>1987</year>
		<publisher>Sony</publisher>
		<rom name="lh5116-15" size="131072" crc="167a53da" sha1="2e2543ac99193f76b4f35463142294c016f0cf3d" />
	</machine>
	<machine name="kitahei">
		<description>Honkaku Shougi Kitahei (Japan)</description>
		<year>1986</year>
		<publisher>Micro Cabin</publisher>
		<rom name="rp231024d" size="131072" crc="0767af40" sha1="b74f759ba3837968a04e9b64321b47cf087e76ff" />
	</machine>
	<machine name="knghtlrr">
		<description>Knight Lore Remake</description>
		<year>2009</year>
		<publisher>Retroworks</publisher>
		<rom name="knight lore remake - retroworks.rom" size="49152" crc="82780931" sha1="d4a188a7ee514c18dc65f3c6dea7668b6cedc374" />
	</machine>
	<machine name="kororift">
		<description>Koronis Rift (Japan)</description>
		<year>1987</year>
		<publisher>Pony Canyon</publisher>
		<rom name="koronis rift (europe).rom" size="262144" crc="fb348de6" sha1="523330d609ca0e527f3e28a078635b3d28489ec9" status="baddump" />
	</machine>
	<machine name="labyrint">
		<description>Labyrinth (Japan)</description>
		<year>1987</year>
		<publisher>Pack-In Video</publisher>
		<rom name="labyrinth (japan).rom" size="262144" crc="9926f43c" sha1="e003d57d2102e8fdf5d9eea7bd78a3cf67d75778" status="baddump" />
	</machine>
	<machine name="labyrinta">
		<description>Labyrinth (Japan, alt)</description>
		<year>1987</year>
		<publisher>Pack-In Video</publisher>
		<rom name="labyrinth (japan) (alt 1).rom" size="262144" crc="a295e608" sha1="51e4231e245ffd733590e3205fa3ffea92ad509f" status="baddump" />
	</machine>
	<machine name="lifeartd">
		<description>Life on Earth (demo)</description>
		<year>2018</year>
		<publisher>Kai Magazine</publisher>
		<rom name="life on earth - kai magazine (demo).rom" size="1048576" crc="7605e4f3" sha1="2795cec5fbbf93e8b4d521938728f390037f33e4" />
	</machine>
	<machine name="lillysag10">
		<description>Lilly's Saga - The Stones of Evergreen (v1.0)</description>
		<year>2022</year>
		<publisher>MSXdev</publisher>
		<rom name="lillys saga - fabulous 8bit (v1.0).rom" size="1245184" crc="bdde2cd7" sha1="e0f4d38b0df46b7326c3a39e1ea41887946b7f50" />
	</machine>
	<machine name="lillysag11">
		<description>Lilly's Saga - The Stones of Evergreen (v1.1)</description>
		<year>2022</year>
		<publisher>MSXdev</publisher>
		<rom name="lillys saga - fabulous 8bit (v1.1).rom" size="1245184" crc="c6e66a22" sha1="45094cb02a5446d964e88453820787461b6a0eb2" />
	</machine>
	<machine name="lillysag">
		<description>Lilly's Saga - The Stones of Evergreen (v1.2)</description>
		<year>2022</year>
		<publisher>MSXdev</publisher>
		<rom name="lillys saga - fabulous 8bit (v1.2).rom" size="1245184" crc="76e6b758" sha1="d18e26f75f6d978fefe56efea46f59b9ad1b71a5" />
	</machine>
	<machine name="lupin2a">
		<description>Lupin Sansei - Babylon no Ougon Densetsu (Japan, alt)</description>
		<year>1988</year>
		<publisher>Toho</publisher>
		<rom name="lupin sansei - babylon no ougon densetsu (japan) (alt 1).rom" size="131072" crc="5a090675" sha1="1aee947b1ad6d478c0def550868a3851c2910809" status="baddump" />
	</machine>
	<machine name="lupin2">
		<description>Lupin Sansei - Babylon no Ougon Densetsu (Japan)</description>
		<year>1988</year>
		<publisher>Toho</publisher>
		<rom name="lupin sansei - babylon no ougon densetsu (japan).rom" size="131072" crc="bfe150c4" sha1="c4a919f31d20008b5d6540aa5d2be59aa4cef5cf" status="baddump" />
	</machine>
	<machine name="lupin">
		<description>Lupin Sansei - Cagliostro no Shiro (Japan)</description>
		<year>1987</year>
		<publisher>Toho</publisher>
		<rom name="lh231062" size="131072" crc="c4096e6b" sha1="e89fc7437d8f9aed1640689a32ebbf047699b147" />
	</machine>
	<machine name="lupina">
		<description>Lupin Sansei - Cagliostro no Shiro (Japan, alt)</description>
		<year>1987</year>
		<publisher>Toho</publisher>
		<rom name="lupin sansei - cagliostro no shiro (japan) (alt 1).rom" size="131072" crc="f12bec91" sha1="ae8172bcf76adfa3d401467cbc89cbec2db86ee2" status="baddump" />
	</machine>
	<machine name="madrider">
		<description>Mad Rider (Japan)</description>
		<year>1987</year>
		<publisher>Carry Lab</publisher>
		<rom name="mad rider (japan).rom" size="131072" crc="f87bd172" sha1="4c44939a95a20d701f60830499254e5dabedeeaa" status="baddump" />
	</machine>
	<machine name="madridera">
		<description>Mad Rider (Japan, alt)</description>
		<year>1987</year>
		<publisher>Carry Lab</publisher>
		<rom name="mad rider (japan) (alt 1).rom" size="131072" crc="dfc2a720" sha1="a53feafa4c70d2378998f0dcb837905e5070c541" status="baddump" />
	</machine>
	<machine name="malayahi">
		<description>Malaya no Hihou (Japan)</description>
		<year>1988</year>
		<publisher>Pony Canyon</publisher>
		<rom name="malaya no hibou (japan).rom" size="131072" crc="f7a9591d" sha1="e6c01bd90cf0b2793282fc53e9a3150a6d7804c5" status="baddump" />
	</machine>
	<machine name="manbow2a">
		<description>Manbow 2 (alt)</description>
		<year>2007</year>
		<publisher>Sunrise</publisher>
		<rom name="manbow 2 - sunrise (alt).rom" size="524288" crc="492b06b8" sha1="c2a2663302c845468dddfe7f4eee8823b7d4bdd6" />
	</machine>
	<machine name="manbow2">
		<description>Manbow 2</description>
		<year>2007</year>
		<publisher>Sunrise</publisher>
		<rom name="manbow 2 - sunrise.rom" size="524288" crc="64d8454a" sha1="e3b9241291b5f19ab239726360258a31e02565a3" />
	</machine>
	<machine name="megascsi">
		<description>MEGA-SCSI (1024KB)</description>
		<year>1995</year>
		<publisher>ESE Artists' Factory</publisher>
		<rom name="mega-scsi - ese artists factory.dsk" size="737280" crc="59e65112" sha1="616c63e979c992182c2664c9ca65ea7e984d5c8d" status="baddump" />
	</machine>
	<machine name="memory10">
		<description>Memory (v1.0)</description>
		<year>2022</year>
		<publisher>MSXdev</publisher>
		<rom name="memory - jipe msxvillage (v1.0).rom" size="131072" crc="0189bbaa" sha1="85cf4af6b6b753697528b6034da7109ea9e6d34c" />
	</machine>
	<machine name="memory">
		<description>Memory (v1.1)</description>
		<year>2022</year>
		<publisher>MSXdev</publisher>
		<rom name="memory - jipe msxvillage (v1.1).rom" size="131072" crc="8a77b470" sha1="2e5d968e05fd815b765d5706ab06a51aefe797d8" />
	</machine>
	<machine name="mgear2ss">
		<description>Metal Gear 2 - Solid Snake (Japan)</description>
		<year>1990</year>
		<publisher>Konami</publisher>
		<rom name="metal gear 2 - solid snake (japan).rom" size="524288" crc="18b1f34b" sha1="af567ea6e27912d6d5bf1c8e9bc18e9b393fd1ab" status="baddump" />
	</machine>
	<machine name="mgear2ssd">
		<description>Metal Gear 2 - Solid Snake (demo) (Japan)</description>
		<year>1990</year>
		<publisher>Konami</publisher>
		<rom name="metal gear 2 - solid snake (japan) (demo).rom" size="131072" crc="dcee5080" sha1="21ac0ae7da47abf30986b479489134c79405f95d" status="baddump" />
	</machine>
	<machine name="mgear2ssvc">
		<description>Metal Gear 2 - Solid Snake (Japan, Virtual Console)</description>
		<year>2010</year>
		<publisher>Konami</publisher>
		<rom name="megarom.rom" size="524288" crc="a02a1669" sha1="d8cd8c87d720cf0bf52a7f432999979de5438bd5" status="baddump" />
	</machine>
	<machine name="mgear">
		<description>Metal Gear (Europe, translated)</description>
		<year>1987</year>
		<publisher>Konami</publisher>
		<rom name="metal gear (europe).rom" size="131072" crc="e85c5731" sha1="b656bd19df58fc1ba4628342b87beeec5948e0b3" status="baddump" />
	</machine>
	<machine name="mgearj">
		<description>Metal Gear (Japan)</description>
		<year>1987</year>
		<publisher>Konami</publisher>
		<rom name="metal gear (japan).rom" size="131072" crc="fafe1303" sha1="a52021f1b257c7c35d626d5d642134091c45e4f4" status="baddump" />
	</machine>
	<machine name="mgearjvc">
		<description>Metal Gear (Japan, Virtual Console)</description>
		<year>2010</year>
		<publisher>Konami</publisher>
		<rom name="megarom.rom" size="262144" crc="ed46831f" sha1="6228aef9c26276b9ed4157d1c5b3912d27ee6ce5" />
	</machine>
	<machine name="michela2">
		<description>Michelangelo II (Japan)</description>
		<year>1988</year>
		<publisher>AViC Soft</publisher>
		<rom name="michelangelo ii - avic soft.rom" size="131072" crc="f77e2c8d" sha1="effda370998ede9aee5e9779ccc10db9418176d2" status="baddump" />
	</machine>
	<machine name="mikkoku">
		<description>Maison Ikkoku (Japan)</description>
		<year>1987</year>
		<publisher>Micro Cabin</publisher>
		<rom name="lh5320z1" size="262144" crc="f4d127c0" sha1="ee501fde62b25ddd1c82798ee1b233b8813e717b" />
	</machine>
	<machine name="mikkokuk">
		<description>Maison Ikkoku Kanketsu Hen (Japan)</description>
		<year>1988</year>
		<publisher>Micro Cabin</publisher>
		<rom name="lh534082" size="524288" crc="94191aae" sha1="55fb4e3d3a762b613b635ee9745d92f0f3711272" />
	</machine>
	<machine name="mirai">
		<description>Mirai (Japan)</description>
		<year>1987</year>
		<publisher>Xain Soft</publisher>
		<rom name="mirai (japan).rom" size="131072" crc="70aa93cf" sha1="1c17e58f1a602e07f185bce1aa8589fae76e8b44" status="baddump" />
	</machine>
	<machine name="mississp">
		<description>Murder on the Mississippi (Japan)</description>
		<year>1987</year>
		<publisher>Jaleco</publisher>
		<rom name="lh2310aa" size="131072" crc="3f69a464" sha1="d53a8efefe3714269538a91e5256c2938fe13239" />
	</machine>
	<machine name="moeronet">
		<description>Moero! Nettou Yakyuu '88 (Japan)</description>
		<year>1988</year>
		<publisher>Jaleco</publisher>
		<rom name="d23c2001c" size="262144" crc="68745c64" sha1="1cbd5c7849f97dea1e3375a842f784ff9283310c" />
	</machine>
	<machine name="monmonmo">
		<description>Mon Mon Monster (Japan)</description>
		<year>1989</year>
		<publisher>Hot-B</publisher>
		<rom name="monmonmonster.bin" size="131072" crc="ebccb796" sha1="ab087d04eb5c2c8894758c7cee32ccafd80989a7" />
	</machine>
	<machine name="moronslt">
		<description>The Adventures of Moron van der Slut - Escape from Castro Castro</description>
		<year>2010</year>
		<publisher>Passion MSX2 Contest</publisher>
		<rom name="the adventures of moron van der slut - the new image.rom" size="131072" crc="08545471" sha1="74ace233682d2e4355a02e52bbd078358811a35b" />
	</machine>
	<machine name="mrblln">
		<description>Mr. Balloon</description>
		<year>2014</year>
		<publisher>#msxdev Compo</publisher>
		<rom name="mr. balloon - mapax.rom" size="32768" crc="c1585a6e" sha1="1a1d4f63751c3d4d208638eb37f48b3c1657f8c8" />
	</machine>
	<machine name="msxdos2e">
		<description>MSX-DOS 2.20 (Europe)</description>
		<year>1989</year>
		<publisher>H.S.H.</publisher>
		<rom name="mdos22de.dsk" size="368640" crc="9be0bfd1" sha1="22e88a2ec002f652ffb216bc6e257578ec08b501" />
		<rom name="msxdos220.rom" size="65536" crc="1c430991" sha1="c36c9e0f96738a340381e23b4f97245388801a46" />
	</machine>
	<machine name="msxdos2j">
		<description>Japanese MSX-DOS 2.20 (Japan, 256KB)</description>
		<year>1989</year>
		<publisher>ASCII</publisher>
		<rom name="ascii_msxdos22.rom" size="65536" crc="47eea028" sha1="42f4e3360eb134857b0efa82c1abedf342680124" />
		<rom name="mdos22de.dsk" size="368640" crc="9be0bfd1" sha1="22e88a2ec002f652ffb216bc6e257578ec08b501" />
		<rom name="mdos22dj.dsk" size="368640" crc="d9ef5567" sha1="92f151e4a2220d502f085256fe8091b01dba3327" />
	</machine>
	<machine name="msxdos2j_0">
		<description>Japanese MSX-DOS 2.20 (Japan)</description>
		<year>1988</year>
		<publisher>ASCII</publisher>
		<rom name="mdos22v1.rom" size="65536" crc="93cccc2d" sha1="ac26be7fc8386d12ed6a3de4f05fd462967599a8" />
	</machine>
	<machine name="msxdos2j_128">
		<description>Japanese MSX-DOS 2.20 (Japan, 128KB)</description>
		<year>1988</year>
		<publisher>ASCII</publisher>
		<rom name="mdos22v1.rom" size="65536" crc="93cccc2d" sha1="ac26be7fc8386d12ed6a3de4f05fd462967599a8" />
	</machine>
	<machine name="msxdos2ja">
		<description>Japanese MSX-DOS 2.20 (Japan, 256KB, alt)</description>
		<year>1989</year>
		<publisher>ASCII</publisher>
		<rom name="mdos22v3.rom" size="65536" crc="845f5ab6" sha1="6dcf76a0076f8c7f025979d7d060367fb5ed56bc" />
	</machine>
	<machine name="msxdos2jb">
		<description>Japanese MSX-DOS 2.20 (Japan, 256KB, alt 2)</description>
		<year>1989</year>
		<publisher>ASCII</publisher>
		<rom name="mdos22v2.rom" size="65536" crc="8687c4f1" sha1="9155145d3e8522daf33f821f1ab68ce165960c1a" />
	</machine>
	<machine name="msxwrit2">
		<description>Japanese MSX-Write II (Japan)</description>
		<year>1988</year>
		<publisher>ASCII</publisher>
		<rom name="japanese msx-write ii (japan) (program).rom" size="524288" crc="459478cb" sha1="9afdee40e7b243f99cc50dd1ad710ab0928dd820" status="baddump" />
	</machine>
	<machine name="murdclub">
		<description>Final Mystery Murder Club - Satsujin Club (Japan)</description>
		<year>1988</year>
		<publisher>Micro Cabin</publisher>
		<rom name="lh534060" size="524288" crc="fe797d88" sha1="c1923ab5c5dcaf67af3e23fd1ac42e2d4c61aca7" />
	</machine>
	<machine name="nekkejud">
		<description>Nekketsu Juudou (Japan)</description>
		<year>1989</year>
		<publisher>Pony Canyon</publisher>
		<rom name="nekketsu juudou (japan).rom" size="262144" crc="758c6087" sha1="721a2ded692d34d864d0440ac347c60880942d19" status="baddump" />
	</machine>
	<machine name="nekkejuda">
		<description>Nekketsu Juudou (Japan, alt)</description>
		<year>1989</year>
		<publisher>Pony Canyon</publisher>
		<rom name="nekketsu juudou (japan) (alt 1).rom" size="262144" crc="fda1977a" sha1="1d97922a5ab63e73611d0edbe952f041af3385b3" status="baddump" />
	</machine>
	<machine name="ninjakun">
		<description>Ninja-kun - Ashura no Shou (Japan)</description>
		<year>1987</year>
		<publisher>HAL Kenkyuujo</publisher>
		<rom name="lh2310as" size="131072" crc="f56a00e6" sha1="5c278deb1390eb45c79b7667b1ea1c54183123ac" />
	</machine>
	<machine name="nobubufu">
		<description>Nobunaga no Yabou - Bushou Fuuunroku (Japan)</description>
		<year>1991</year>
		<publisher>Koei</publisher>
		<rom name="lh53806j" size="1048576" crc="0ff8e2c7" sha1="cb6bd26961387def757c7faeec7563d77d404d01" />
	</machine>
	<machine name="nobuseng">
		<description>Nobunaga no Yabou - Sengoku Gunyuuden (Japan)</description>
		<year>1989</year>
		<publisher>Koei</publisher>
		<rom name="lh534a76" size="524288" crc="69c11d81" sha1="89943ae938fb308f4b5149ebc0cbea597b9b0223" />
	</machine>
	<machine name="nobuzenk">
		<description>Nobunaga no Yabou - Zenkokuban (Japan)</description>
		<year>1987</year>
		<publisher>Koei</publisher>
		<rom name="lh534045" size="524288" crc="653f1c73" sha1="fbfdd89ec183ceae63d3d66b0ab45faa951b525a" />
	</machine>
	<machine name="norensha">
		<description>No Ren-Sha (v0.13)</description>
		<year>2016</year>
		<publisher>Ochixn</publisher>
		<rom name="no ren-sha - ochixn (v0.13).rom" size="16384" crc="fe6ae769" sha1="33d966f64b215d6428aec60888ce1a397f1d1163" />
	</machine>
	<machine name="nov15964">
		<description>MSX-SCSI Interface (Novaxis v1.59.64)</description>
		<year>1996</year>
		<publisher>MSX Computer Club Gouda</publisher>
		<rom name="nov15964.rom" size="16384" crc="ecf385f2" sha1="352ec8c99fe1397a88ecb3aee6dbb4d121c818e9" />
		<rom name="tools.dsk" size="737280" crc="c0eeb656" sha1="7bdfcf691c5c32d90cd02ae81d23be8a84abdeb4" status="baddump" />
	</machine>
	<machine name="nov15965">
		<description>MSX-SCSI Interface (Novaxis v1.59.65)</description>
		<year>2019</year>
		<publisher>Jurgen Kramer</publisher>
		<rom name="nov15955.dat" size="16384" crc="8182020b" sha1="e4860092464094a41cb2e403280da831df81b221" />
	</machine>
	<machine name="nov15966">
		<description>MSX-SCSI Interface (Novaxis v1.59.66)</description>
		<year>2019</year>
		<publisher>Jurgen Kramer</publisher>
		<rom name="nov15956.dat" size="16384" crc="f4091223" sha1="5fc9aaed426872dde95fd1d48c25e18532c9f266" />
	</machine>
	<machine name="oconner">
		<description>O'Conner Among the Falling Walls</description>
		<year>1990</year>
		<publisher>Santa Claus Software</publisher>
		<rom name="o-conner among the falling walls - santa claus software.rom" size="32768" crc="745074f0" sha1="df48303d948c75a96b75ee51bc35f25f4c6c3ae2" />
	</machine>
	<machine name="ogre">
		<description>Ogre (Japan)</description>
		<year>1986</year>
		<publisher>System Soft</publisher>
		<rom name="lh23105d" size="131072" crc="f2544e2e" sha1="c9c272ffa69d3e0af5be42e7636b02dc2af6ea8c" />
	</machine>
	<machine name="ogrea">
		<description>Ogre (Japan, alt)</description>
		<year>1986</year>
		<publisher>System Soft</publisher>
		<rom name="ogre (japan) (alt 1).rom" size="524288" crc="b19e88aa" sha1="82397096d5ef436b99b943c2a52d6eff87694183" status="baddump" />
	</machine>
	<machine name="opbrcup">
		<description>Operatión Brazil World Cup</description>
		<year>2014</year>
		<publisher>Panochi Games</publisher>
		<rom name="operation brazil world cup - panochi games (2014).rom" size="32768" crc="1c30e149" sha1="2ef6363477f50c3ba38f0b11f6182428abe71f77" />
	</machine>
	<machine name="ouketani">
		<description>Ouke no Tani - El Giza no Fuuin (Japan)</description>
		<year>1988</year>
		<publisher>Konami</publisher>
		<rom name="ouke no tani - el giza no fuuin (japan).rom" size="131072" crc="b1cb1052" sha1="5ec8811254dc762c6852289a08acf22954404f0d" status="baddump" />
	</machine>
	<machine name="ouketaniec">
		<description>Ouke no Tani - El Giza no Fuuin - Edit Contest Yuushuu Sakuhinshuu (Japan)</description>
		<year>1988</year>
		<publisher>Konami</publisher>
		<rom name="ouke no tani - el giza no fuuin - edit contest yuushuu sakuhinshuu (japan).rom" size="131072" crc="774c70fc" sha1="2e0436303648097e8e936c5467574aff5e3f1517" status="baddump" />
	</machine>
	<machine name="outrun">
		<description>Out Run (Japan)</description>
		<year>1988</year>
		<publisher>Pony Canyon</publisher>
		<rom name="out run (japan).rom" size="262144" crc="0a9f8d6c" sha1="0f10d77d1536993b8455b3b47278ca5782ef9275" status="baddump" />
	</machine>
	<machine name="pachipro">
		<description>Pachi Pro Densetsu (Japan)</description>
		<year>1988</year>
		<publisher>HAL Kenkyuujo</publisher>
		<rom name="pachi pro densetsu (japan).rom" size="131072" crc="252798f6" sha1="78507f3f8b8601d99bbedb6517bec6cddf0bd5b4" status="baddump" />
	</machine>
	<machine name="pacmandxd">
		<description>Pac-Man Collection DX (demo)</description>
		<year>2006</year>
		<publisher>Opcode Games</publisher>
		<rom name="pac-man collection dx - opcode games (demo).rom" size="32768" crc="45b4ac48" sha1="b1a97ef65f2bc3e79b628a51fde8dc98f37d9db6" />
	</machine>
	<machine name="pacmania">
		<description>Pac-Mania (Japan)</description>
		<year>1989</year>
		<publisher>Namco</publisher>
		<rom name="sharp msx2 pn 8929 d" size="262144" crc="7df16fc8" sha1="d5902afbd8dfb1ea96fc8cf4d62cf6e4fa40d4f7" status="baddump" />
	</machine>
	<machine name="pengod">
		<description>Pengo (demo)</description>
		<year>2010</year>
		<publisher>Paxanga Soft</publisher>
		<rom name="pengo - paxanga soft (demo).rom" size="131072" crc="9df4abd4" sha1="6e2597e3dd2558043550a4307d01426998136722" />
	</machine>
	<machine name="pengof">
		<description>Pengo (freeware)</description>
		<year>2012</year>
		<publisher>Paxanga Soft</publisher>
		<rom name="pengo - paxanga soft (freeware).rom" size="131072" crc="92831a85" sha1="efd0e4d8df8951be7fa1c129beb50e55999ce099" />
	</machine>
	<machine name="penguin2a">
		<description>Penguin-kun Wars 2 (Japan, alt)</description>
		<year>1988</year>
		<publisher>ASCII</publisher>
		<rom name="penguin-kun wars 2 (japan) (alt 1).rom" size="262144" crc="70dc14a6" sha1="788c53657d9ea180d04f29ccaf1f1c29a9b75519" status="baddump" />
	</machine>
	<machine name="penguin2">
		<description>Penguin-kun Wars 2 (Japan)</description>
		<year>1988</year>
		<publisher>ASCII</publisher>
		<rom name="penguin-kun wars 2 (japan).rom" size="262144" crc="b1b24da1" sha1="b7104477c8801fe54d1ba91f3a77ac6e4f399f52" status="baddump" />
	</machine>
	<machine name="penpenbu">
		<description>Penpen Bubble</description>
		<year>2017</year>
		<publisher>N.I</publisher>
		<rom name="penpen bubble - n.i (2017).rom" size="8192" crc="a7bad95e" sha1="818458f16f7915a38a7a8d7ca332955eecde47a2" />
	</machine>
	<machine name="pforce2s">
		<description>Police Force 2 (Spanish)</description>
		<year>2008</year>
		<publisher>MRC Mega-Challenge</publisher>
		<rom name="police force 2 - german gomez herrera (2008) (spanish).rom" size="32768" crc="01bdc5d8" sha1="e243cb1cb7d7a8c44d68f1a2e2be34a2e6ab220b" />
	</machine>
	<machine name="pforce2">
		<description>Police Force 2 (English)</description>
		<year>2008</year>
		<publisher>MRC Mega-Challenge</publisher>
		<rom name="police force 2 - german gomez herrera (2008) (english).rom" size="32768" crc="45131906" sha1="8cfcf72662b67bb77d4dce81949b4b6814a314f7" />
	</machine>
	<machine name="pntfight">
		<description>Pointless Fighting</description>
		<year>2014</year>
		<publisher>#msxdev Compo</publisher>
		<rom name="pointless fighting - baka-yo softcorp.rom" size="2097152" crc="eb07b1fe" sha1="f026d150f97a1c9a13a5d5ce3e2621f7214b9dbb" />
	</machine>
	<machine name="predator">
		<description>Predator (Japan)</description>
		<year>1988</year>
		<publisher>Pack-In Video</publisher>
		<rom name="predator (japan).rom" size="131072" crc="e85a4a6b" sha1="ae6ad52d5ebcad7722ea070109a286fe13b06cb7" status="baddump" />
	</machine>
	<machine name="profmjg">
		<description>Professional Mahjong Gokuu (Japan)</description>
		<year>1988</year>
		<publisher>ASCII</publisher>
		<rom name="rp231024d" size="131072" crc="2abb1ec4" sha1="81143d2a8ef7cc593a604f3cc890312b42bdff01" />
	</machine>
	<machine name="projcta2">
		<description>Project A2 - Shijou Saidai no Hyouteki (Japan)</description>
		<year>1987</year>
		<publisher>Pony</publisher>
		<rom name="ponyca r58y5109 rp231024d" size="131072" crc="1b285fe3" sha1="418f6248221c79039fe6c44fc5a9514842e3ec71" />
	</machine>
	<machine name="proyakfn">
		<description>Pro Yakyuu Fan (Japan)</description>
		<year>1987</year>
		<publisher>Nihon Telenet</publisher>
		<rom name="lh532055" size="262144" crc="c065bc29" sha1="f52690157a51c662ffdf4ae3592ada93d7be4032" />
	</machine>
	<machine name="quarth">
		<description>Quarth (Japan)</description>
		<year>1990</year>
		<publisher>Konami</publisher>
		<rom name="quarth (japan).rom" size="131072" crc="a0014e7f" sha1="0c62591033aa4e5e6b9eeb21eb2e5e60dcd8ee8e" status="baddump" />
	</machine>
	<machine name="quarthd">
		<description>Quarth (demo) (Japan)</description>
		<year>1990</year>
		<publisher>Konami</publisher>
		<rom name="quarth (japan) (demo).rom" size="131072" crc="c4ccb75f" sha1="1ccac7caeaaa1c5a89503221b0a5eec2f34b1c91" status="baddump" />
	</machine>
	<machine name="quarthk">
		<description>Quarth (Korea)</description>
		<year>1990</year>
		<publisher>Daou</publisher>
		<rom name="quarth (korea).rom" size="131072" crc="6681d322" sha1="2312bff70c83e60d1ca0fb9ca78a50637d02771c" status="baddump" />
	</machine>
	<machine name="quinpl">
		<description>Quinpl (Japan)</description>
		<year>1988</year>
		<publisher>Bit²</publisher>
		<rom name="hn27512p-25" size="131072" crc="8a39b738" sha1="58ad36c600ba8da36796440051df81d54036b0c4" />
		<rom name="m27512zb" size="131072" crc="3c242580" sha1="3d9d0356242a6b5395f4fa9e8473184797d55fe6" />
	</machine>
	<machine name="randoom10">
		<description>Randoom (v1.0)</description>
		<year>2022</year>
		<publisher>MSXdev</publisher>
		<rom name="randoom - robosoft inc (v1.0).rom" size="32768" crc="e5b67415" sha1="7c9c168abaa148a8b7b858664ff80bc6b7bffa03" />
	</machine>
	<machine name="randoom">
		<description>Randoom (v1.1)</description>
		<year>2022</year>
		<publisher>MSXdev</publisher>
		<rom name="randoom - robosoft inc (v1.1).rom" size="32768" crc="21b76ba1" sha1="650197eb887c34149315bf934faac508c9a0baef" />
	</machine>
	<machine name="rastan">
		<description>Rastan Saga (Japan)</description>
		<year>1988</year>
		<publisher>Taito</publisher>
		<rom name="lh532069" size="262144" crc="84461e73" sha1="f787271597abbcb1297e4e8a4a9561959a195649" />
	</machine>
	<machine name="relics">
		<description>Relics (Japan)</description>
		<year>1986</year>
		<publisher>Bothtec / Sony</publisher>
		<rom name="cxkk381000" size="262144" crc="babc68f2" sha1="02c3ec94190c6fce6fa4984d92be48b2697e7706" />
	</machine>
	<machine name="replicrt">
		<description>Replicart (Japan)</description>
		<year>1987</year>
		<publisher>Sony</publisher>
		<rom name="rp231024d" size="131072" crc="6eee12c4" sha1="afb693fd0a138cfc59a2bf81eabd7ca2abd4e162" />
	</machine>
	<machine name="retjelda">
		<description>Return of Jelda (Japan)</description>
		<year>1987</year>
		<publisher>Carry Lab</publisher>
		<rom name="lh23109y" size="131072" crc="5ccc09ab" sha1="59f679c5ebf75de98b5e909da9182dbd80413364" />
	</machine>
	<machine name="ricktomi">
		<description>Rick to Mick no Daibouken (Japan)</description>
		<year>1987</year>
		<publisher>HummingBird</publisher>
		<rom name="rick to mick no daibouken (japan).rom" size="131072" crc="e79aa962" sha1="a57f8ec4f89ab84936f46821969de6bca9f46d8e" status="baddump" />
	</machine>
	<machine name="romancia">
		<description>Romancia (Japan)</description>
		<year>1986</year>
		<publisher>Nihon Falcom</publisher>
		<rom name="cxk831000" size="131072" crc="17f9ee7f" sha1="b63fc17c1d004ca4d7f3b1ef8962210a779ca665" />
	</machine>
	<machine name="royalbld">
		<description>Royal Blood (Japan)</description>
		<year>1991</year>
		<publisher>Koei</publisher>
		<rom name="lh538a01" size="1048576" crc="fb9e42e1" sha1="522a53034cf40448d441683f3308fcb4b65e6d7c" />
	</machine>
	<machine name="rtishtar">
		<description>The Return of Ishtar (Japan)</description>
		<year>1988</year>
		<publisher>Namco</publisher>
		<rom name="lh532084" size="262144" crc="8ee8212c" sha1="d17acc97bf2f853a5fff58da733e4cd53cdaa3ed" />
	</machine>
	<machine name="safarikd10">
		<description>Safari Kids (v1.0)</description>
		<year>2022</year>
		<publisher>MSXdev</publisher>
		<rom name="safari kids - jipe msxvillage (v1.0).rom" size="753664" crc="9ec400a5" sha1="3aef2a9170e2db64f8cb618361f35e6a6cf02696" />
	</machine>
	<machine name="safarikd">
		<description>Safari Kids (v1.1)</description>
		<year>2022</year>
		<publisher>MSXdev</publisher>
		<rom name="safari kids - jipe msxvillage (v1.1).rom" size="753664" crc="7a5af4eb" sha1="989606d5929cb22bdff365368adf9e3fb0f51e81" />
	</machine>
	<machine name="sangoku2">
		<description>Sangokushi II (Japan)</description>
		<year>1991</year>
		<publisher>Koei</publisher>
		<rom name="lh538056" size="1048576" crc="c89b93b5" sha1="25ffc7e8ca90274566c31e10b5998cca6522673a" />
	</machine>
	<machine name="sangokus">
		<description>Sangokushi (Japan)</description>
		<year>1988</year>
		<publisher>Koei</publisher>
		<rom name="sangokushi (japan).rom" size="524288" crc="b83aa6f5" sha1="dab5a9f93a35fcb92c01e4250b01928fe8bd294b" status="baddump" />
	</machine>
	<machine name="sanpei2">
		<description>Tsuri Kichi Sanpei - Tsuri Sennin Hen (Japan)</description>
		<year>1989</year>
		<publisher>Victor Ongaku Sangyou</publisher>
		<rom name="tsurikichi sanpei - tsuri sennin hen (japan).rom" size="262144" crc="24238b21" sha1="108e9164ef6cf1ffe6e3c5303bfbbc3bd807b6df" status="baddump" />
	</machine>
	<machine name="sanpei">
		<description>Tsuri Kichi Sanpei - Blue Marlin Hen (Japan)</description>
		<year>1988</year>
		<publisher>Victor Ongaku Sangyou</publisher>
		<rom name="tsurikichi sanpei - blue marine hen (japan).rom" size="131072" crc="ff7395a3" sha1="338460029d65ebce0d9119d811187a35c866a958" status="baddump" />
	</machine>
	<machine name="scramble">
		<description>Scramble Formation (Japan)</description>
		<year>1987</year>
		<publisher>Taito</publisher>
		<rom name="lh532044" size="262144" crc="226795e0" sha1="24384e63bfe450bce6abd327eae3e27969025379" />
	</machine>
	<machine name="seikima2a">
		<description>Seikima II Special - Akuma no Gyakushuu (Japan, alt)</description>
		<year>1987</year>
		<publisher>Sony</publisher>
		<rom name="seikima ii special - akuma no gyakushuu (japan) (alt 1).rom" size="131072" crc="816aceb5" sha1="510f6d854f813269f67ee15a4cc2ed77d96d2903" status="baddump" />
	</machine>
	<machine name="seikima2">
		<description>Seikima II Special - Akuma no Gyakushuu (Japan)</description>
		<year>1987</year>
		<publisher>Sony</publisher>
		<rom name="lh231083 8729 d" size="131072" crc="e37b681e" sha1="c74a5a6164536750d6b3ea90e19798ab6fad79d7" />
	</machine>
	<machine name="sf2">
		<description>Street Fighter II</description>
		<year>20??</year>
		<publisher>Norakomi</publisher>
		<rom name="street fighter ii - norakomi.rom" size="2015232" crc="3dea2b45" sha1="9375e3c90882ba49e7036f1668049e8684f81a75" />
	</machine>
	<machine name="shanghai">
		<description>Shanghai (Japan)</description>
		<year>1987</year>
		<publisher>System Soft</publisher>
		<rom name="shanghai (japan).rom" size="131072" crc="3b815dc6" sha1="77d95640c80bc4868d04a913f9dbf4b5f6d877d2" status="baddump" />
	</machine>
	<machine name="shift">
		<description>Shift</description>
		<year>2009</year>
		<publisher>Passion MSX2 Contest</publisher>
		<rom name="shift - infinite.rom" size="262144" crc="490f36fd" sha1="dbcfa55870a267112c9a71bcf85b481b11d98e04" />
	</machine>
	<machine name="shifta">
		<description>Shift (alt)</description>
		<year>2009</year>
		<publisher>Passion MSX2 Contest</publisher>
		<rom name="shift - infinite (alt).rom" size="262144" crc="eb90341c" sha1="ee095ee6361f0a767250fe19c9bc805bba8da4e9" />
	</machine>
	<machine name="shiryo">
		<description>Shiryou Sensen - War of the Dead (Japan)</description>
		<year>1987</year>
		<publisher>Victor Music Industry</publisher>
		<rom name="lh532053" size="262144" crc="39e1c37a" sha1="3194153a9c93aa24b37804a764f112bdef091bf8" />
	</machine>
	<machine name="shldrbld">
		<description>Shoulder Blade OVERDRIVE</description>
		<year>2018</year>
		<publisher>MSXdev</publisher>
		<rom name="shoulder blade overdrive - gw's-workshop (2018) [msxdev2018].rom" size="49152" crc="88ce879b" sha1="349fc714c0c19b7cd749f75e618fffb6c2855fcb" />
	</machine>
	<machine name="sloderun">
		<description>Super Lode Runner (Japan)</description>
		<year>1987</year>
		<publisher>Irem</publisher>
		<rom name="irem_slr_lh231065.rom" size="131072" crc="80ecac11" sha1="4164dcdfe0613d0f4c53b6f3581548bbbad5eb43" status="baddump" />
	</machine>
	<machine name="sloderuna">
		<description>Super Lode Runner (Japan, alt)</description>
		<year>1987</year>
		<publisher>Irem</publisher>
		<rom name="super lode runner - irem (alt)" size="131072" crc="4203feb9" sha1="b9d46267d081882dfd89342d3e09b82d7e8f618d" status="baddump" />
	</machine>
	<machine name="smw10">
		<description>Super Mario World (v1.0)</description>
		<year>2021</year>
		<publisher>Noramos</publisher>
		<rom name="super mario world - noramos (v1.0).rom" size="2097152" crc="616d55ac" sha1="7f5a81cdc9bf9722ce205ad22987339a542bc700" />
	</machine>
	<machine name="smw">
		<description>Super Mario World (v1.1)</description>
		<year>2021</year>
		<publisher>Noramos</publisher>
		<rom name="super mario world - noramos (v1.1).rom" size="2097152" crc="cb06f496" sha1="f80484c8544b33f3dae37527a5606936f781e6fb" />
	</machine>
	<machine name="smwap">
		<description>Super Mario World (advanced prototype)</description>
		<year>2016</year>
		<publisher>Noramos</publisher>
		<rom name="super mario world - daemos (advanced prototype).rom" size="1335296" crc="9d90c0a6" sha1="77b37d7028d5f657239eb24f0c16097a6e183f8d" />
	</machine>
	<machine name="smwd1">
		<description>Super Mario World (demo 1)</description>
		<year>2016</year>
		<publisher>Daemos</publisher>
		<rom name="super mario world - daemos (demo 1).rom" size="327680" crc="9d1404cb" sha1="1e1bc7e0e3cd1a7dc7ad4908b6c1637d2ba51393" />
	</machine>
	<machine name="smwd2">
		<description>Super Mario World (demo 2)</description>
		<year>2016</year>
		<publisher>Daemos</publisher>
		<rom name="super mario world - daemos (demo 2).rom" size="573440" crc="829ad1f0" sha1="67510173a72aa37f1c83eb701cfaf3fb3a24413d" />
	</machine>
	<machine name="smwep">
		<description>Super Mario World (early prototype)</description>
		<year>2016</year>
		<publisher>Daemos</publisher>
		<rom name="super mario world - daemos (early prototype).rom" size="655360" crc="ab7e3601" sha1="18da9f90b68f7acff2b81bde44e36313224b2b88" />
	</machine>
	<machine name="sorpresa">
		<description>La Sorpresa (Spanish)</description>
		<year>2022</year>
		<publisher>Oniric Factor</publisher>
		<rom name="la sorpresa - oniric factor (spanish).rom" size="2097152" crc="6625b67c" sha1="2814976435c53dfe6be1d48223b51a647836f80a" />
	</machine>
	<machine name="sorpresap">
		<description>A Surpresa (Portuguese)</description>
		<year>2022</year>
		<publisher>Oniric Factor</publisher>
		<rom name="a surpresa - oniric factor (portuguese).rom" size="2097152" crc="df04ae4e" sha1="6d287af21a6303cc029d0c7c8451a4a61c0cb812" />
	</machine>
	<machine name="spmanbow">
		<description>Space Manbow (Japan)</description>
		<year>1989</year>
		<publisher>Konami</publisher>
		<rom name="space manbow (japan).rom" size="262144" crc="27405eed" sha1="f6199f48ff994fc9a8e33a8581bb3bb16dd301ab" status="baddump" />
	</machine>
	<machine name="srambosp">
		<description>Super Rambo Special (Japan)</description>
		<year>1986</year>
		<publisher>Pack-In Video</publisher>
		<rom name="super rambo special (japan).rom" size="131072" crc="b2392ef3" sha1="2a3c7ad70e34989fa5170028bad760e65ebe9d57" status="baddump" />
	</machine>
	<machine name="srambospk">
		<description>Super Rambo Special (Korea)</description>
		<year>1986</year>
		<publisher>Zemina</publisher>
		<rom name="super rambo special - korea.rom" size="131072" crc="04d98634" sha1="4cd1c5cadfd96ec96d6ef9f8825b67a3f24e9602" status="baddump" />
	</machine>
	<machine name="srunner">
		<description>Super Runner (Japan)</description>
		<year>1987</year>
		<publisher>Pony Canyon</publisher>
		<rom name="r59y5111-w82" size="131072" crc="5a5be701" sha1="3202af113265e67e130a0b948dc167a9f9e9cc79" />
	</machine>
	<machine name="starvirg">
		<description>Star Virgin (Japan)</description>
		<year>1988</year>
		<publisher>Pony Canyon</publisher>
		<rom name="star virgin (japan).rom" size="131072" crc="cbdfcc35" sha1="2fc050dbc44ba9dfb72299129d48e5e5e1c892c3" status="baddump" />
	</machine>
	<machine name="starvirga">
		<description>Star Virgin (Japan, alt)</description>
		<year>1988</year>
		<publisher>Pony Canyon</publisher>
		<rom name="star virgin (japan) (alt 1).rom" size="131072" crc="441fc425" sha1="2bfa08db95502ee9bde61c5fe7b6557c0e4aef5a" status="baddump" />
	</machine>
	<machine name="stramars">
		<description>Strategic Mars (Japan)</description>
		<year>1989</year>
		<publisher>db-Soft</publisher>
		<rom name="lh230949" size="131072" crc="4a3abb65" sha1="dc56cff1211bacd94f59e188e44a58d6f40a0c26" />
	</machine>
	<machine name="striton">
		<description>Super Triton (Japan)</description>
		<year>1986</year>
		<publisher>Xain Soft</publisher>
		<rom name="831000-20" size="131072" crc="cbb00ef1" sha1="795d47c6aae378d0d5bedc9f104a597bcc1ee16b" />
	</machine>
	<machine name="suikoden">
		<description>Suikoden - Tenmei no Chikai (Japan)</description>
		<year>1989</year>
		<publisher>Koei</publisher>
		<rom name="lh534a1b" size="524288" crc="187d3a21" sha1="de251a0af1df3be18469578dc00d414e572ee33e" />
	</machine>
	<machine name="supdaisn">
		<description>Super Daisenryaku (Japan)</description>
		<year>1988</year>
		<publisher>Micro Cabin</publisher>
		<rom name="lh532097" size="262144" crc="8df9945a" sha1="d1cc2a77fb17608d542c50e2a1404cf5b4231521" />
	</machine>
	<machine name="swdianna10">
		<description>The Sword of Ianna (v1.0)</description>
		<year>2017</year>
		<publisher>Retroworks</publisher>
		<rom name="the sword of ianna - retroworks (v1.0).rom" size="720896" crc="cd601351" sha1="1f3fb7c72c49ffb1c6dd43a6f8b2d1f5eed99bbc" />
	</machine>
	<machine name="swdianna11">
		<description>The Sword of Ianna (v1.1)</description>
		<year>2017</year>
		<publisher>Retroworks</publisher>
		<rom name="the sword of ianna - retroworks (v1.1).rom" size="720896" crc="6dddeb62" sha1="1463f1e0216ad9f944bb1da748a01034da445cef" />
	</machine>
	<machine name="swdianna12a">
		<description>The Sword of Ianna (v1.2, alt)</description>
		<year>2017</year>
		<publisher>Retroworks</publisher>
		<rom name="the sword of ianna - retroworks (v1.2, alt).rom" size="720896" crc="92ea1d53" sha1="cab6baae17b522851241c8b373d8328e274ec05f" />
	</machine>
	<machine name="swdianna">
		<description>The Sword of Ianna (v1.2)</description>
		<year>2017</year>
		<publisher>Retroworks</publisher>
		<rom name="the sword of ianna - retroworks (v1.2).rom" size="720896" crc="3e9aeb2b" sha1="82cf4caa78571a750403e592e3ac87c249ac4604" />
	</machine>
	<machine name="synthsar">
		<description>Synthe Saurus v1.1 (Japan)</description>
		<year>1988</year>
		<publisher>Bit²</publisher>
		<rom name="synthe saurus (japan) (program).rom" size="65536" crc="7122e8e3" sha1="cf088b4eefe7f426e438dd2fe7a3433140abba52" status="baddump" />
	</machine>
	<machine name="teiketsu">
		<description>Teitoku no Ketsudan (Japan)</description>
		<year>1991</year>
		<publisher>Koei</publisher>
		<rom name="lh53804y" size="1048576" crc="c31f459c" sha1="b2ce0bc86f82f727db956dfbbe2a3fd0cb72f5fc" />
	</machine>
	<machine name="tengoku">
		<description>Tengoku Yoitoko (Japan)</description>
		<year>1987</year>
		<publisher>Taito</publisher>
		<rom name="lh23109a" size="131072" crc="7e637801" sha1="00c70cf37c71cb8f99567ae407ff6dd52c4774c2" />
	</machine>
	<machine name="testcart">
		<description>Service Test Cart MSX2 (Europe?)</description>
		<year>19??</year>
		<publisher>Philips</publisher>
		<rom name="stcmsx2p.bin" size="16384" crc="4e4fbe2a" sha1="f29cef9d13d50d9e3158064c6bb381def6ff384d" />
	</machine>
	<machine name="testram">
		<description>TestRAM</description>
		<year>1998</year>
		<publisher>A&amp;L Soft</publisher>
		<rom name="testram - a&amp;l soft.rom" size="16384" crc="829209ad" sha1="5a57829f0cf38b6fa8f027bb5b14f2a95e4014de" />
	</machine>
	<machine name="tetris">
		<description>Tetris (Japan)</description>
		<year>1988</year>
		<publisher>BPS</publisher>
		<rom name="lh2307d7 8934 e" size="131072" crc="aa598dfd" sha1="af310ee21b5534f32ea92c0ae34a44d828d157a7" />
	</machine>
	<machine name="thebet">
		<description>The Bet</description>
		<year>2021</year>
		<publisher>Orazio Cacciola</publisher>
		<rom name="the bet (la scommessa) orazio cacciola (2021).rom" size="524288" crc="b9e3ffa5" sha1="947603a34739816f34ab49e71f61138aba38ceec" />
	</machine>
	<machine name="tkshogi2">
		<description>Tanigawa Kouji no Shougi Shinan II (Japan)</description>
		<year>1988</year>
		<publisher>Pony Canyon</publisher>
		<rom name="tanikawa hiroshi no shougi shinan 2 (japan).rom" size="131072" crc="f640670c" sha1="39d500fbf22168be2a12ac89ff5a50131bb1c30b" status="baddump" />
	</machine>
	<machine name="topzip">
		<description>Topple Zip (Japan)</description>
		<year>1988</year>
		<publisher>Bothtec</publisher>
		<rom name="cxk381000" size="131072" crc="96b33497" sha1="e3036a7bc6ed3ece1c85d5e37fb2ff39ba98ba47" />
	</machine>
	<machine name="ultima3">
		<description>Ultima Exodus (Japan)</description>
		<year>1987</year>
		<publisher>Pony Canyon</publisher>
		<rom name="r68y5552" size="262144" crc="37b9e10f" sha1="18be429f8b5c7bc4775c99292110aa09341cd644" />
	</machine>
	<machine name="uruseiya">
		<description>Urusei Yatsura (Japan)</description>
		<year>1987</year>
		<publisher>Micro Cabin</publisher>
		<rom name="lh534039" size="524288" crc="e564a25f" sha1="92bada2d019fcd6eee6d332a8068a9ddfa30d518" />
	</machine>
	<machine name="usas">
		<description>The Treasure of Usas (Europe) ~ Uşas (Japan)</description>
		<year>1987</year>
		<publisher>Konami</publisher>
		<rom name="treasure of usas, the (japan, europe).rom" size="131072" crc="30396650" sha1="4ff2aad8371e382e203c7f29b665612a8c9d937c" status="baddump" />
	</machine>
	<machine name="usasa">
		<description>The Treasure of Usas (Europe) ~ Uşas (Japan) (alt)</description>
		<year>1987</year>
		<publisher>Konami</publisher>
		<rom name="treasure of usas, the (japan, europe) (alt 1).rom" size="131072" crc="1f1f1f26" sha1="632cb0834441626d20cc113cfad2e3a7ec0e0dc7" status="baddump" />
	</machine>
	<machine name="vampkill1">
		<description>Vampire Killer (Europe) ~ Akumajou Dracula (Japan) (alt)</description>
		<year>1986</year>
		<publisher>Konami</publisher>
		<rom name="vampire killer (japan, europe) (alt 1).rom" size="131072" crc="0aedea40" sha1="5460a88c25386b1b950b57fc1325fd75587cc825" status="baddump" />
	</machine>
	<machine name="vampkill2">
		<description>Vampire Killer (Europe) ~ Akumajou Dracula (Japan) (alt 2)</description>
		<year>1986</year>
		<publisher>Konami</publisher>
		<rom name="vampire killer (japan, europe) (alt 2).rom" size="131072" crc="038c250d" sha1="b58e77f819dfbde72845801cff4b4e0a2f20ef5f" status="baddump" />
	</machine>
	<machine name="vampkill3">
		<description>Vampire Killer (Europe) ~ Akumajou Dracula (Japan) (alt 3)</description>
		<year>1986</year>
		<publisher>Konami</publisher>
		<rom name="vampire killer (japan, europe) (alt 3).rom" size="131072" crc="217935d0" sha1="e78511a2b8cca37a96aa396c938863c92a20c797" status="baddump" />
	</machine>
	<machine name="vampkill">
		<description>Vampire Killer (Europe) ~ Akumajou Dracula (Japan)</description>
		<year>1986</year>
		<publisher>Konami</publisher>
		<rom name="vampire killer (japan, europe).rom" size="131072" crc="5953d084" sha1="5ef7d03b138a2023f6def241b671c666f97ed83b" status="baddump" />
	</machine>
	<machine name="vectroids">
		<description>Vectroids</description>
		<year>2019</year>
		<publisher>Norakomi</publisher>
		<rom name="vectroids - norakomi.rom" size="523008" crc="6b87cf7a" sha1="47bf4393d5aa3a3f7b11131f4f8cdcd8933148de" />
	</machine>
	<machine name="victnin2">
		<description>Victorious Nine II - Koukou Yakyuu Hen (Japan)</description>
		<year>1987</year>
		<publisher>Nidecom</publisher>
		<rom name="lh23109h" size="131072" crc="94ebc319" sha1="7ed1308179c41ae62cfb46124ab0ce22d8b0513b" />
	</machine>
	<machine name="whodarsr">
		<description>Who Dares Wins (remake)</description>
		<year>2016</year>
		<publisher>MSX Cartridge Shop</publisher>
		<rom name="who dares wins (remake) - retroforce.rom" size="262144" crc="ba806b22" sha1="4ebd62ae6a43846de266c193b92c962e464e4a6f" />
	</machine>
	<machine name="wildpzzl">
		<description>Wild Puzzle</description>
		<year>2016</year>
		<publisher>Mapax</publisher>
		<rom name="wild puzzle - mapax.rom" size="1048576" crc="2d327502" sha1="48b3e0acf9029d2b83e850b75696e61e0a50a7ac" />
	</machine>
	<machine name="wildpzzla">
		<description>Wild Puzzle (alt)</description>
		<year>2016</year>
		<publisher>Mapax</publisher>
		<rom name="wild puzzle - mapax (alt).rom" size="1048576" crc="004afa32" sha1="718b1cdecc61ec28ce4e739793852b9a863863ad" />
	</machine>
	<machine name="wildpzzlb">
		<description>Wild Puzzle (alt 2)</description>
		<year>2016</year>
		<publisher>Mapax</publisher>
		<rom name="wild puzzle - mapax (alt 2).rom" size="1048576" crc="5935f135" sha1="de5ab36ed1c91d94dd08cd74a3e2bc2eb90da3d6" />
	</machine>
	<machine name="wizardry">
		<description>Wizardry - Proving Grounds of Mad Overlord! (Japan)</description>
		<year>1988</year>
		<publisher>ASCII</publisher>
		<rom name="wizardry (japan).rom" size="524288" crc="08a5ca60" sha1="34635bf3518c7b33164f3d96da769c7a01102d28" status="baddump" />
	</machine>
	<machine name="woodypoc">
		<description>Woody Poco (Japan)</description>
		<year>1987</year>
		<publisher>dB-Soft</publisher>
		<rom name="nec d23c10101c w48" size="131072" crc="aea8d064" sha1="ebe20c85c5314957fafc223c26bf393847e3bb03" />
	</machine>
	<machine name="woodypoca">
		<description>Woody Poco (Japan, alt)</description>
		<year>1987</year>
		<publisher>dB-Soft</publisher>
		<rom name="woody poco (japan) (alt 1).rom" size="131072" crc="d1621bae" sha1="f2361230358bd945690ca1c2a9dcc1cbce83941b" status="baddump" />
	</machine>
	<machine name="wordprca">
		<description>Word Processor (Arab)</description>
		<year>1987</year>
		<publisher>Al Alamiah</publisher>
		<rom name="word processor - al alamiah.rom" size="32768" crc="6ba8823f" sha1="48c18d42e8dd38790dfc664d3658d59ab7cdb23a" status="baddump" />
	</machine>
	<machine name="xevious">
		<description>Xevious - Fardraut Saga (Japan)</description>
		<year>1989</year>
		<publisher>Namco</publisher>
		<rom name="sharp msx2 xv-f 8852 d" size="262144" crc="97591725" sha1="f84d7fc089b31440cac1f4fbee3d45b2f6c90e37" />
	</machine>
	<machine name="xeviousa">
		<description>Xevious - Fardraut Saga (Japan, alt)</description>
		<year>1989</year>
		<publisher>Namco</publisher>
		<rom name="xevious - fardraut saga (japan) (alt 1).rom" size="262144" crc="21489e1d" sha1="ab3f375b6890b2a9bb1b6124f0fa690950c749f2" status="baddump" />
	</machine>
	<machine name="yaksa">
		<description>Yaksa (Japan)</description>
		<year>1987</year>
		<publisher>Wolf Team</publisher>
		<rom name="wolf 07" size="262144" crc="ff974ee3" sha1="3e57fad130be79223068ab29f1e77ecb7f2ad237" />
	</machine>
	<machine name="yamaskrt">
		<description>Yamamura Misa Suspense - Kyouto Ryuu no Tera Satsujin Jiken (Japan)</description>
		<year>1988</year>
		<publisher>Taito</publisher>
		<rom name="lh532065" size="262144" crc="dcb1a61e" sha1="f9486dd810d6321bad4bc9d7703a67d630167f98" />
	</machine>
	<machine name="yuurei">
		<description>Yuurei-kun (Japan)</description>
		<year>1988</year>
		<publisher>System Sacom</publisher>
		<rom name="lh53201l" size="262144" crc="712ae3c6" sha1="efed48854beb2803d9f2b5644edff2aacf7c6af9" />
	</machine>
	<machine name="zanacex">
		<description>Zanac EX (Japan)</description>
		<year>1986</year>
		<publisher>Pony</publisher>
		<rom name="r58y5093" size="131072" crc="d153b2f2" sha1="23e702084e3031158a50a0560746767bbc1b7bee" />
	</machine>
	<machine name="zanacexa">
		<description>Zanac EX (Japan, alt)</description>
		<year>1986</year>
		<publisher>Pony</publisher>
		<rom name="zanac ex (japan) (alt 1).rom" size="131072" crc="089c8164" sha1="9200fd6f1e92f78e3d9c6d082837f719ad0500d4" status="baddump" />
	</machine>
	<machine name="zanacexw">
		<description>Zanac EX (Japan, Woomb)</description>
		<year>1986</year>
		<publisher>Pony</publisher>
		<rom name="zanac ex - pony (woomb).rom" size="131072" crc="8261cd87" sha1="0f19ca841713c286c96a3f170db1985ddca02064" />
	</machine>
	<machine name="zevimodo100">
		<description>Zevimodoki (v1.00)</description>
		<year>2017</year>
		<publisher>MSXdev</publisher>
		<rom name="zevimodoki - gws-workshop (v1.00).rom" size="65536" crc="ac82f40e" sha1="514621d3295e8c51cd53617e6a3be9255fa9729f" />
	</machine>
	<machine name="zevimodo">
		<description>Zevimodoki (v1.10)</description>
		<year>2017</year>
		<publisher>MSXdev</publisher>
		<rom name="zevimodoki - gws-workshop (v1.10).rom" size="65536" crc="7c2fdceb" sha1="d7c9253056f7079c4e36f76f163c0a7ce3fc01e3" />
	</machine>
	<machine name="zoids">
		<description>Zoids - Chuuou Tairiku no Tatakai (Japan)</description>
		<year>1988</year>
		<publisher>Toshiba EMI</publisher>
		<rom name="lh230956" size="131072" crc="2605031e" sha1="d526249c1a35cf1174300df75bc28662f579290a" />
	</machine>
	<machine name="zombihun">
		<description>Zombie Hunter (Japan)</description>
		<year>1989</year>
		<publisher>Hi-Score Software</publisher>
		<rom name="zombie hunter (japan).rom" size="131072" crc="a29e6ab4" sha1="a322d4e572467be5e1b452214143f88db526b49f" status="baddump" />
	</machine>
	<machine name="zukkoke">
		<description>Zukkoke Yajikita Onmitsu Douchuu (Japan)</description>
		<year>1987</year>
		<publisher>HAL Kenkyuujo</publisher>
		<rom name="lh23108j" size="131072" crc="d0ececc6" sha1="094d11ebf8a20b6bfc07902c7f136bdd18b1e7ca" />
	</machine>
	<machine name="zukkokea">
		<description>Zukkoke Yajikita Onmitsu Douchuu (Japan, alt)</description>
		<year>1987</year>
		<publisher>HAL Kenkyuujo</publisher>
		<rom name="zukkoke yajikita onmitsu douchuu (japan) (alt 1).rom" size="131072" crc="4968e84e" sha1="06c527db4fbe929b4da005e7463078c05944f477" status="baddump" />
	</machine>
	<machine name="zukkokeb">
		<description>Zukkoke Yajikita Onmitsu Douchuu (Japan, alt 2)</description>
		<year>1987</year>
		<publisher>HAL Kenkyuujo</publisher>
		<rom name="zukkoke yajikita onmitsu douchuu (japan) (alt 2).rom" size="131072" crc="85fb6d18" sha1="e6b3e209c35ef4160ec1365b0eb9dd8ddb281b5c" status="baddump" />
	</machine>
</datafile>