<?xml version="1.0" encoding="utf-8"?>
<!DOCTYPE datafile PUBLIC "-//Logiqx//DTD ROM Management Datafile//EN" "http://www.logiqx.com/Dats/datafile.dtd">
<datafile>
	<header>
		<name>mz2000_cass</name>
		<description>MZ-2000 cassettes</description>
		<version>0.267</version>
		<author>Pleasuredome</author>
	</header>
	<machine name="harvestc">
		<description>Harvest (Color?)</description>
		<year>19??</year>
		<publisher>マイクロネット (Micronet)</publisher>
		<rom name="harvest_color.mzt" size="47808" crc="7e50de6f" sha1="646450d817f3b27ced3a5f34d62d76e1d29bff57" />
	</machine>
	<machine name="harvestg">
		<description>Harvest (Green?)</description>
		<year>19??</year>
		<publisher>マイクロネット (Micronet)</publisher>
		<rom name="harvest_green.mzt" size="47808" crc="fe0b6a0b" sha1="5ba88252496cc12a1f9807b36a664aa32d7dc1a4" />
	</machine>
	<machine name="jelda2">
		<description>Jelda 2</description>
		<year>1984</year>
		<publisher>キャリーラボ (Carry Lab)</publisher>
		<rom name="jelda2.wav" size="6435154" crc="b7d61f11" sha1="8ff3932682e70f74f5d542059450e1a83b987c6a" />
	</machine>
	<machine name="jelda">
		<description>Jelda</description>
		<year>1983</year>
		<publisher>キャリーラボ (Carry Lab)</publisher>
		<rom name="jelda.wav" size="3676194" crc="5812e3f2" sha1="d751932064f53a764b756846393526dd511f5cff" />
	</machine>
	<machine name="mz1z001">
		<description>BASIC MZ-1Z001 v1.0c</description>
		<year>1982</year>
		<publisher>Sharp</publisher>
		<rom name="mz-1z001.mzt" size="19675" crc="1324490f" sha1="88e19a54011f2ab2a7a882302bcb98c03338a739" status="baddump" />
	</machine>
	<machine name="mz1z002">
		<description>BASIC MZ-1Z002 v1.0a</description>
		<year>1982</year>
		<publisher>Sharp</publisher>
		<rom name="mz-1z002.mzt" size="23911" crc="1b2bd21d" sha1="c116b54abb4aac0cc32d000be287a10bf832e6ee" status="baddump" />
	</machine>
	<machine name="sstream">
		<description>Star Stream</description>
		<year>19??</year>
		<publisher>&lt;unknown&gt;</publisher>
		<rom name="star stream.mzt" size="21248" crc="28e2db60" sha1="f309b5803e8e5241301f2e738d00d0975bbfc00f" />
	</machine>
	<machine name="vosque2k">
		<description>Vosque 2000</description>
		<year>19??</year>
		<publisher>&lt;unknown&gt;</publisher>
		<rom name="vosque2000.mzt" size="26752" crc="56f9000e" sha1="93319cecc92ffe7305ff1b8ecb26d0fd2db3bd47" />
	</machine>
</datafile>