<?xml version="1.0" encoding="utf-8"?>
<!DOCTYPE datafile PUBLIC "-//Logiqx//DTD ROM Management Datafile//EN" "http://www.logiqx.com/Dats/datafile.dtd">
<datafile>
	<header>
		<name>nascom_flop</name>
		<description>Nascom disk images</description>
		<version>0.267</version>
		<author>Pleasuredome</author>
	</header>
	<machine name="asteroid">
		<description>Asteroids</description>
		<year>1985</year>
		<publisher>Richard C. Espley</publisher>
		<rom name="asteroid.dsk" size="655360" crc="96d6b7b6" sha1="ecf667413ec6fdec7a421ececcf572a00354ff10" />
	</machine>
	<machine name="avcdemo">
		<description>AVC Demo Disk</description>
		<year>1982</year>
		<publisher>Lucas Logic</publisher>
		<rom name="avc-demo.dsk" size="655360" crc="81877f78" sha1="11fadb5ea69a949fdeadac3938683b14728b18df" />
	</machine>
	<machine name="cpmgames">
		<description>CP/M Games for the AVC</description>
		<year>19??</year>
		<publisher>&lt;unknown&gt;</publisher>
		<rom name="cpmgames.dsk" size="394240" crc="626c680a" sha1="9bd57fa8edce2017ad94a45d9721c86a37657d3b" />
	</machine>
	<machine name="cpmv22d">
		<description>CP/M 2.2 rev 2.1 System Disk (Double Sided)</description>
		<year>1982</year>
		<publisher>Lucas Logic</publisher>
		<rom name="cpmv22d.dsk" size="788480" crc="16724ed8" sha1="3db077c46c2cb52794443fa853621538323c352f" />
	</machine>
	<machine name="cpmv22s">
		<description>CP/M 2.2 rev 2.1 System Disk (Single Sided)</description>
		<year>1982</year>
		<publisher>Lucas Logic</publisher>
		<rom name="cpmv22s.dsk" size="394240" crc="dee5c9d2" sha1="00f187d9828d87fba14d8267cd020bd13d8cbdb9" />
	</machine>
	<machine name="divtools">
		<description>Tools &amp; Toolkits</description>
		<year>198?</year>
		<publisher>&lt;unknown&gt;</publisher>
		<rom name="divtools.dsk" size="655360" crc="58751dc6" sha1="7078e928c2ef17fccd53e1d1eb2fd9bfe9371c2c" />
	</machine>
	<machine name="dosadv">
		<description>Nascom Disk Adventure</description>
		<year>1983</year>
		<publisher>Richard C. Espley</publisher>
		<rom name="dosadv.dsk" size="655360" crc="bd37aa35" sha1="b9483567951830955c6fe944c934c5b3ddf2007c" />
	</machine>
	<machine name="nassem">
		<description>NAS-Sembler 1.5</description>
		<year>1982</year>
		<publisher>Lucas Logic</publisher>
		<rom name="nas-sem.dsk" size="655360" crc="997e014a" sha1="ce86f41ebbb57322ff026b693dd49603e104f55c" />
	</machine>
	<machine name="utd1066">
		<description>NAS-DOS Utility Disk</description>
		<year>1982</year>
		<publisher>M F Hessey</publisher>
		<rom name="utd1066.dsk" size="655360" crc="ad1bf5b1" sha1="99c15344cdf4bdfe628a237f6e1759dc5b023e32" />
	</machine>
</datafile>