<?xml version="1.0" encoding="utf-8"?>
<!DOCTYPE datafile PUBLIC "-//Logiqx//DTD ROM Management Datafile//EN" "http://www.logiqx.com/Dats/datafile.dtd">
<datafile>
	<header>
		<name>ondra</name>
		<description>Ondra &amp; Ondra ViLi cassettes</description>
		<version>0.267</version>
		<author>Pleasuredome</author>
	</header>
	<machine name="copyfile">
		<description>Copyfile Utility</description>
		<year>19??</year>
		<publisher>&lt;unknown&gt;</publisher>
		<rom name="copyfile.wav" size="112800" crc="b3049df0" sha1="9172a09b22d2e532c96f87ffab098f8b292fecf3" />
	</machine>
	<machine name="editasm">
		<description>Microsoft Editor/Assembler 10.0</description>
		<year>19??</year>
		<publisher>&lt;unknown&gt;</publisher>
		<rom name="editasm.wav" size="1015968" crc="62b18cc1" sha1="71850e204e17c44d3dcd7cda9e9d8717d96063a8" />
	</machine>
	<machine name="galaxian">
		<description>GALAXIANS</description>
		<year>19??</year>
		<publisher>&lt;unknown&gt;</publisher>
		<rom name="galaxians.wav" size="1449244" crc="e9245841" sha1="bc24392a6ac9db4730363cea8efda4f090d3d1b1" />
	</machine>
	<machine name="jetpac">
		<description>Jetpac</description>
		<year>19??</year>
		<publisher>&lt;unknown&gt;</publisher>
		<rom name="jetpac.wav" size="1304736" crc="d69d30d2" sha1="9919166ce9b954188af163bcfe52db6df4da8df6" />
	</machine>
	<machine name="jetset">
		<description>Jet Set Willy</description>
		<year>19??</year>
		<publisher>&lt;unknown&gt;</publisher>
		<rom name="jetsetwilly.wav" size="2308256" crc="753c51fd" sha1="4342dc96eb60fe5ee92222542c714dc22eda77a0" />
	</machine>
	<machine name="karel">
		<description>KAREL</description>
		<year>19??</year>
		<publisher>&lt;unknown&gt;</publisher>
		<rom name="karel.wav" size="385184" crc="c10354de" sha1="e640e63e5fc4fe34af33ecfaf57196cc00917b71" />
	</machine>
	<machine name="mikos">
		<description>MIKOS v0.5</description>
		<year>19??</year>
		<publisher>&lt;unknown&gt;</publisher>
		<rom name="mikos.wav" size="297120" crc="4ba186d4" sha1="56e15d9e064afa2196a235ff25f504256779ca5a" />
	</machine>
	<machine name="pascal">
		<description>Hisoft Pascal System</description>
		<year>19??</year>
		<publisher>&lt;unknown&gt;</publisher>
		<rom name="pascal.wav" size="1732768" crc="e9b74b24" sha1="6ba4fd152e8c2e60483f7725ab73f8e5bf39445d" />
	</machine>
	<machine name="planetoi">
		<description>PLANETOIDS</description>
		<year>19??</year>
		<publisher>&lt;unknown&gt;</publisher>
		<rom name="planetoids.wav" size="1355936" crc="8d517fd8" sha1="e34600276d188018b66a1077697c9a63b9565692" />
	</machine>
	<machine name="pssst">
		<description>PSSST</description>
		<year>19??</year>
		<publisher>&lt;unknown&gt;</publisher>
		<rom name="pssst.wav" size="1380112" crc="745ed80b" sha1="2bab363cc8efbac52c46d1ecc09184a667c9c1f3" />
	</machine>
</datafile>