<?xml version="1.0" encoding="utf-8"?>
<!DOCTYPE datafile PUBLIC "-//Logiqx//DTD ROM Management Datafile//EN" "http://www.logiqx.com/Dats/datafile.dtd">
<datafile>
	<header>
		<name>orion_cass</name>
		<description>Orion 128 cassettes</description>
		<version>0.267</version>
		<author>Pleasuredome</author>
	</header>
	<machine name="21">
		<description>21$</description>
		<year>19??</year>
		<publisher>&lt;unknown&gt;</publisher>
		<rom name="21.rko" size="15464" crc="bf670dbf" sha1="32e0eab8d830f5b9b419c0323333030ef5de5ca5" />
	</machine>
	<machine name="adventr">
		<description>ADVENTR$</description>
		<year>19??</year>
		<publisher>&lt;unknown&gt;</publisher>
		<rom name="adventr.rko" size="32872" crc="bd9e4871" sha1="03f49725523bb52200e7b6d71cdec44666ecb8e8" />
	</machine>
	<machine name="airfght">
		<description>AIRFGHT$</description>
		<year>19??</year>
		<publisher>&lt;unknown&gt;</publisher>
		<rom name="airfght.rko" size="10083" crc="415a4002" sha1="616e912cb39b050b4bfa95fab4a6df98c98855be" />
	</machine>
	<machine name="almaz2">
		<description>ALMAZ2$</description>
		<year>19??</year>
		<publisher>&lt;unknown&gt;</publisher>
		<rom name="almaz2.rko" size="22627" crc="a7d108f0" sha1="e16caad145b31491839a0a748ed1596241210ad2" />
	</machine>
	<machine name="almaz">
		<description>ALMAZ$</description>
		<year>19??</year>
		<publisher>&lt;unknown&gt;</publisher>
		<rom name="almaz.rko" size="23251" crc="76562a35" sha1="15dd352a4086c3b8cb03d370f54949c3da7ecce9" />
	</machine>
	<machine name="almazh">
		<description>ALMAZH$</description>
		<year>19??</year>
		<publisher>&lt;unknown&gt;</publisher>
		<rom name="almazh.rko" size="10707" crc="c1aa6568" sha1="0c6ebcbd30ea8e6d14f0b9c8a3093fb31550dee4" />
	</machine>
	<machine name="bomber">
		<description>BOMBER$</description>
		<year>19??</year>
		<publisher>&lt;unknown&gt;</publisher>
		<rom name="bomber.rko" size="4899" crc="7fa2b2fc" sha1="ba832dff2b6bd5e557afffcf43f5f100f01cae5f" />
	</machine>
	<machine name="boulder">
		<description>BOULDER$</description>
		<year>19??</year>
		<publisher>&lt;unknown&gt;</publisher>
		<rom name="boulder.rko" size="15443" crc="9c7790e8" sha1="306c404a944076b9638e4a659de7f26f8cf31f6d" />
	</machine>
	<machine name="buran">
		<description>BURAN$</description>
		<year>19??</year>
		<publisher>&lt;unknown&gt;</publisher>
		<rom name="buran.rko" size="5907" crc="161dcf1d" sha1="514f1870147a7bcf3d04fc50a3045ffec857d28a" />
	</machine>
	<machine name="cave">
		<description>CAVE$</description>
		<year>19??</year>
		<publisher>&lt;unknown&gt;</publisher>
		<rom name="cave.rko" size="17539" crc="0949fc15" sha1="d92180a479d891f4c5f87bcc0eaca3a53218e505" />
	</machine>
	<machine name="chess2">
		<description>CHESS2$</description>
		<year>19??</year>
		<publisher>&lt;unknown&gt;</publisher>
		<rom name="chess2.rko" size="9299" crc="308f3ead" sha1="e135b21e02d51599a5c76767a2b151ea65ed42e6" />
	</machine>
	<machine name="chess3">
		<description>CHESS3$</description>
		<year>19??</year>
		<publisher>&lt;unknown&gt;</publisher>
		<rom name="chess3.rko" size="28696" crc="8a67b3c2" sha1="32517aab85e0492f44caec60132d54162a24b9d9" />
	</machine>
	<machine name="chess4">
		<description>CHESS4$</description>
		<year>19??</year>
		<publisher>&lt;unknown&gt;</publisher>
		<rom name="chess4.rko" size="29075" crc="3f4bf881" sha1="26953f0f0cf6c351917df1d9a18fe14ac946df31" />
	</machine>
	<machine name="chess">
		<description>CHESS$</description>
		<year>19??</year>
		<publisher>&lt;unknown&gt;</publisher>
		<rom name="chess.rko" size="8371" crc="7ce3e18c" sha1="687407e5e6cdb91beb47f172b63496548913fc17" />
	</machine>
	<machine name="copter">
		<description>COPTER$</description>
		<year>19??</year>
		<publisher>&lt;unknown&gt;</publisher>
		<rom name="copter.rko" size="2440" crc="a2c7e905" sha1="6d4667aee3447062aa692a0516ee476cb75060ff" />
	</machine>
	<machine name="digger">
		<description>DIGGER$</description>
		<year>19??</year>
		<publisher>&lt;unknown&gt;</publisher>
		<rom name="digger.rko" size="11336" crc="a1d36188" sha1="f843955e79c7f9bdcfaf39fbd76c98118fef288c" />
	</machine>
	<machine name="dinamit">
		<description>DINAMIT$</description>
		<year>19??</year>
		<publisher>&lt;unknown&gt;</publisher>
		<rom name="dinamit.rko" size="21859" crc="ab333404" sha1="e96e4c5821dd022a955cb09ab7e699d2ace11384" />
	</machine>
	<machine name="dolt">
		<description>DOLT$</description>
		<year>19??</year>
		<publisher>&lt;unknown&gt;</publisher>
		<rom name="dolt.rko" size="19800" crc="30fc05d8" sha1="b181421b9d986095318f36dfcd5bbd64b6874cb0" />
	</machine>
	<machine name="downear">
		<description>DOWNEAR$</description>
		<year>19??</year>
		<publisher>&lt;unknown&gt;</publisher>
		<rom name="downear.rko" size="32867" crc="88f1a0c2" sha1="634bda446e9e85ed524259dc839a644ae491c308" />
	</machine>
	<machine name="durant">
		<description>DURANT$</description>
		<year>19??</year>
		<publisher>&lt;unknown&gt;</publisher>
		<rom name="durant.rko" size="22856" crc="83e18460" sha1="240e1cca909c2b8773577658e47f91ab971eabb4" />
	</machine>
	<machine name="faeton">
		<description>FAETON$</description>
		<year>19??</year>
		<publisher>&lt;unknown&gt;</publisher>
		<rom name="faeton.rko" size="29843" crc="259ef6dd" sha1="c64bffd7df2741b6b6bbc52cb8c8547e3a05e51d" />
	</machine>
	<machine name="fisher">
		<description>FISHER$</description>
		<year>19??</year>
		<publisher>&lt;unknown&gt;</publisher>
		<rom name="fisher.rko" size="34899" crc="28d38419" sha1="e86b2b3b1607c18f8793e1add6686ecbb2ea90e7" />
	</machine>
	<machine name="gran">
		<description>GRAN$</description>
		<year>19??</year>
		<publisher>&lt;unknown&gt;</publisher>
		<rom name="gran.rko" size="6024" crc="8b6ceff9" sha1="5f3398105a40f063408468733720247e48f0ebb6" />
	</machine>
	<machine name="handicr">
		<description>HANDICR$</description>
		<year>19??</year>
		<publisher>&lt;unknown&gt;</publisher>
		<rom name="handicr.rko" size="24947" crc="70a5381e" sha1="15f404458868ceaa4f4dcfd7e2548d967f001d20" />
	</machine>
	<machine name="jetset">
		<description>JET-SET$</description>
		<year>19??</year>
		<publisher>&lt;unknown&gt;</publisher>
		<rom name="jet-set.rko" size="32867" crc="8ff25f3d" sha1="7c97f03c889767dcc0c3e059b9f5af0445a59245" />
	</machine>
	<machine name="klad">
		<description>KLAD$</description>
		<year>19??</year>
		<publisher>&lt;unknown&gt;</publisher>
		<rom name="klad.rko" size="26984" crc="6ca8462d" sha1="426d0d8e54dc71d523b36dce4c8851d3d1c50642" />
	</machine>
	<machine name="kort">
		<description>KORT$</description>
		<year>19??</year>
		<publisher>&lt;unknown&gt;</publisher>
		<rom name="kort.rko" size="34307" crc="0e678a05" sha1="d79344f4f893b010c1ec97f1e0e6efee7a4bfd72" />
	</machine>
	<machine name="krest1">
		<description>KREST1$</description>
		<year>19??</year>
		<publisher>&lt;unknown&gt;</publisher>
		<rom name="krest1.rko" size="4771" crc="c050e199" sha1="1efe13de48e1e95815043b8f23e59afd06a1638c" />
	</machine>
	<machine name="krest2">
		<description>KREST2$</description>
		<year>19??</year>
		<publisher>&lt;unknown&gt;</publisher>
		<rom name="krest2.rko" size="2067" crc="9b867add" sha1="2ed85e501b014fb0a5a64f63a6c5e5440d63da65" />
	</machine>
	<machine name="krot">
		<description>KROT$</description>
		<year>19??</year>
		<publisher>&lt;unknown&gt;</publisher>
		<rom name="krot.rko" size="4723" crc="a38cbcf3" sha1="a3333225589e5b022ace9dfe3b1821dbb59701f6" />
	</machine>
	<machine name="kznva">
		<description>KZNVA$</description>
		<year>19??</year>
		<publisher>&lt;unknown&gt;</publisher>
		<rom name="kznva.rko" size="15331" crc="69d0cfdf" sha1="36d84cc3f49eed402af942f5d8edcb5253619c3b" />
	</machine>
	<machine name="ladder">
		<description>LADDER$</description>
		<year>19??</year>
		<publisher>&lt;unknown&gt;</publisher>
		<rom name="ladder.rko" size="6995" crc="0423cd07" sha1="efab64e4f3d9b23405c9843efaba119a54643978" />
	</machine>
	<machine name="land2">
		<description>LAND2$</description>
		<year>19??</year>
		<publisher>&lt;unknown&gt;</publisher>
		<rom name="land2.rko" size="4200" crc="e343761f" sha1="24bac0798e2cd1fde31aa407890a598e7850b8d7" />
	</machine>
	<machine name="land3">
		<description>LAND3$</description>
		<year>19??</year>
		<publisher>&lt;unknown&gt;</publisher>
		<rom name="land3.rko" size="21864" crc="a15f2662" sha1="2c42504acd6606327a99aa0bcf9788205f9462d9" />
	</machine>
	<machine name="land5">
		<description>LAND5$</description>
		<year>19??</year>
		<publisher>&lt;unknown&gt;</publisher>
		<rom name="land5.rko" size="10531" crc="c0fcfdf7" sha1="be3992abeb9c94894f2bd66a1a191e5f1aaa3886" />
	</machine>
	<machine name="land">
		<description>LAND$</description>
		<year>19??</year>
		<publisher>&lt;unknown&gt;</publisher>
		<rom name="land.rko" size="16723" crc="b7b7c32e" sha1="41d617e6c451d7920f061169a0f2c31b1ffa9b47" />
	</machine>
	<machine name="lklend">
		<description>LK-LEND$</description>
		<year>19??</year>
		<publisher>&lt;unknown&gt;</publisher>
		<rom name="lk-lend.rko" size="21843" crc="edcb3691" sha1="a8cbe889c2ec8e477b6ebf506067b05a1baba7f2" />
	</machine>
	<machine name="loderun">
		<description>LODERUN$</description>
		<year>19??</year>
		<publisher>&lt;unknown&gt;</publisher>
		<rom name="loderun.rko" size="30312" crc="ae4fdf7e" sha1="43b8b05d3a086545cc09fc0c4450bc1ffdf8ab8f" />
	</machine>
	<machine name="magie">
		<description>MAGIE$</description>
		<year>19??</year>
		<publisher>&lt;unknown&gt;</publisher>
		<rom name="magie.rko" size="32248" crc="28619969" sha1="7268d6582352ee4c5a31903e82057d7227946680" />
	</machine>
	<machine name="manner">
		<description>MANNER$</description>
		<year>19??</year>
		<publisher>&lt;unknown&gt;</publisher>
		<rom name="manner.rko" size="39411" crc="fcc68aa7" sha1="4a568d3bd95b3e83c63d0d3183ce9e51bc90ec65" />
	</machine>
	<machine name="mars">
		<description>MARS$</description>
		<year>19??</year>
		<publisher>&lt;unknown&gt;</publisher>
		<rom name="mars.rko" size="5203" crc="fbe74c91" sha1="980d6e358a37ab84d2fc431f3193d9590d9b94c0" />
	</machine>
	<machine name="mminer">
		<description>M_MINER$</description>
		<year>19??</year>
		<publisher>&lt;unknown&gt;</publisher>
		<rom name="m_miner.rko" size="32915" crc="b7be5a44" sha1="afdc0f843e918f2aa47b24143a336de91cda215c" />
	</machine>
	<machine name="mole">
		<description>MOLE$</description>
		<year>19??</year>
		<publisher>&lt;unknown&gt;</publisher>
		<rom name="mole.rko" size="18003" crc="49a745c3" sha1="a1bfe63dba8a5bf19e0620905b5ec86e8aeba974" />
	</machine>
	<machine name="moonfox">
		<description>MOONFOX$</description>
		<year>19??</year>
		<publisher>&lt;unknown&gt;</publisher>
		<rom name="moonfox.rko" size="15331" crc="7db14c5d" sha1="2024111644a20ce7bbb2a3dd0f74f99c1cf2ec33" />
	</machine>
	<machine name="nardy">
		<description>NARDY$</description>
		<year>19??</year>
		<publisher>&lt;unknown&gt;</publisher>
		<rom name="nardy.rko" size="6483" crc="79ab8890" sha1="b10ff556dbbd1c233f0e46f21d2028b825fccfa5" />
	</machine>
	<machine name="otello">
		<description>OTELLO$</description>
		<year>19??</year>
		<publisher>&lt;unknown&gt;</publisher>
		<rom name="otello.rko" size="26707" crc="737b11e4" sha1="b2fe87673765e83660b3cff581eb23953e99f6dd" />
	</machine>
	<machine name="pacman">
		<description>PACMAN$</description>
		<year>19??</year>
		<publisher>&lt;unknown&gt;</publisher>
		<rom name="pacman.rko" size="14435" crc="c5568c14" sha1="a61f9e6af8c9a1de45b5f359e39266856e9e194b" />
	</machine>
	<machine name="pauk">
		<description>PAUK$</description>
		<year>19??</year>
		<publisher>&lt;unknown&gt;</publisher>
		<rom name="pauk.rko" size="4760" crc="a25dee87" sha1="0dfe62b23534014c3abe26ccb8ee7c042ca806f3" />
	</machine>
	<machine name="pingvin">
		<description>PINGVIN$</description>
		<year>19??</year>
		<publisher>&lt;unknown&gt;</publisher>
		<rom name="pingvin.rko" size="13395" crc="1245a324" sha1="6845653a23c8b6c89b5c83a1d4d73ad0e52e4bb6" />
	</machine>
	<machine name="piton">
		<description>PITON$</description>
		<year>19??</year>
		<publisher>&lt;unknown&gt;</publisher>
		<rom name="piton.rko" size="14568" crc="0df08e01" sha1="75b0390d40779b680a953a5a9119c277d642ad5f" />
	</machine>
	<machine name="poker">
		<description>POKER$</description>
		<year>19??</year>
		<publisher>&lt;unknown&gt;</publisher>
		<rom name="poker.rko" size="9299" crc="f68dfde6" sha1="0d95e2c9ad5dd668f44e11b99102facdb4b2c3d1" />
	</machine>
	<machine name="pool">
		<description>POOL$</description>
		<year>19??</year>
		<publisher>&lt;unknown&gt;</publisher>
		<rom name="pool.rko" size="4435" crc="0a01adb7" sha1="5b868ddb45dbab2720bdb20cfca231577f81b61d" />
	</machine>
	<machine name="races">
		<description>RACES$</description>
		<year>19??</year>
		<publisher>&lt;unknown&gt;</publisher>
		<rom name="races.rko" size="11832" crc="2d523118" sha1="6a0cff31aaa28d3259639c084b232eaf1c426a69" />
	</machine>
	<machine name="rally">
		<description>RALLY$</description>
		<year>19??</year>
		<publisher>&lt;unknown&gt;</publisher>
		<rom name="rally.rko" size="10995" crc="3dffecb3" sha1="d2156117d48664341eb1e441e29e04231100e1d3" />
	</machine>
	<machine name="ranger">
		<description>RANGER$</description>
		<year>19??</year>
		<publisher>&lt;unknown&gt;</publisher>
		<rom name="ranger.rko" size="31827" crc="baab4bf8" sha1="0c6791705ebf76a885f8fd959fd83117279cd8f2" />
	</machine>
	<machine name="reversi">
		<description>REVERSI$</description>
		<year>19??</year>
		<publisher>&lt;unknown&gt;</publisher>
		<rom name="reversi.rko" size="23635" crc="008060c1" sha1="026950064a3c3d86e10ffecc80843eb63a2d162c" />
	</machine>
	<machine name="ricos">
		<description>RICOS$</description>
		<year>19??</year>
		<publisher>&lt;unknown&gt;</publisher>
		<rom name="ricos.rko" size="7011" crc="304d3beb" sha1="1da34c25f55a63b8c7daa92ebb0c7efb95753663" />
	</machine>
	<machine name="saboter">
		<description>SABOTER$</description>
		<year>19??</year>
		<publisher>&lt;unknown&gt;</publisher>
		<rom name="saboter.rko" size="32787" crc="11fc8565" sha1="9a81ed84fffbc1294607ba57647cdddd5ec37ba7" />
	</machine>
	<machine name="scdl">
		<description>SCDL$</description>
		<year>19??</year>
		<publisher>&lt;unknown&gt;</publisher>
		<rom name="scdl.rko" size="931" crc="80cad3f0" sha1="8f9ef4620f6feecc7f346c10bccd833a87b12c65" />
	</machine>
	<machine name="shar">
		<description>SHAR$</description>
		<year>19??</year>
		<publisher>&lt;unknown&gt;</publisher>
		<rom name="shar.rko" size="3427" crc="02362801" sha1="94ed63e25f2fe63897e118d54b11ecc36a464dbd" />
	</machine>
	<machine name="shashki">
		<description>SHASHKI$</description>
		<year>19??</year>
		<publisher>&lt;unknown&gt;</publisher>
		<rom name="shashki.rko" size="4360" crc="f4c25fc8" sha1="0363a9fd9caa28fae468e68aef4d30f96cdeab2f" />
	</machine>
	<machine name="sokoban">
		<description>SOKOBAN$</description>
		<year>19??</year>
		<publisher>&lt;unknown&gt;</publisher>
		<rom name="sokoban.rko" size="14184" crc="19ddc428" sha1="51fc403b234dbc2457794296bfea14bf3b0be9a3" />
	</machine>
	<machine name="speaker">
		<description>SPEAKER$</description>
		<year>19??</year>
		<publisher>&lt;unknown&gt;</publisher>
		<rom name="speaker.rko" size="2643" crc="882a2796" sha1="0d44b7273ec8cb8e4a8809617acd6e79697d83ad" />
	</machine>
	<machine name="spking">
		<description>SPKING$</description>
		<year>19??</year>
		<publisher>&lt;unknown&gt;</publisher>
		<rom name="spking.rko" size="4835" crc="1f614369" sha1="b9a3ada73bdd01eea30beac21fbd849094dd21cb" />
	</machine>
	<machine name="starwar">
		<description>STARWAR$</description>
		<year>19??</year>
		<publisher>&lt;unknown&gt;</publisher>
		<rom name="starwar.rko" size="3411" crc="7a278dba" sha1="7a95af5714e34657953e11160f49107c908c76b1" />
	</machine>
	<machine name="striker">
		<description>STRIKER$</description>
		<year>19??</year>
		<publisher>&lt;unknown&gt;</publisher>
		<rom name="striker.rko" size="5331" crc="2da5c1f2" sha1="bca3f448eefbdc1dca86869e15316137d86ae1e8" />
	</machine>
	<machine name="synt">
		<description>SYNT$</description>
		<year>19??</year>
		<publisher>&lt;unknown&gt;</publisher>
		<rom name="synt.rko" size="1875" crc="f47a717b" sha1="313002ea7e1c481f789c493f2f1b86de7cd849a4" />
	</machine>
	<machine name="tennis">
		<description>TENNIS$</description>
		<year>19??</year>
		<publisher>&lt;unknown&gt;</publisher>
		<rom name="tennis.rko" size="2920" crc="cb649594" sha1="27fc02cdc34b7c17d6fc5fc1538d47df6dfd3f47" />
	</machine>
	<machine name="tetris2">
		<description>TETRIS2$</description>
		<year>19??</year>
		<publisher>&lt;unknown&gt;</publisher>
		<rom name="tetris2.rko" size="2776" crc="a1fb7b2a" sha1="fd4359f230e5e7e06974c96c951a396327125ae0" />
	</machine>
	<machine name="tetris3">
		<description>TETRIS3$</description>
		<year>19??</year>
		<publisher>&lt;unknown&gt;</publisher>
		<rom name="tetris3.rko" size="1944" crc="2ee5b0a9" sha1="4e3d31c810f9638cb8ca4d42e5bd0c8beefaad99" />
	</machine>
	<machine name="tetris">
		<description>TETRIS$</description>
		<year>19??</year>
		<publisher>&lt;unknown&gt;</publisher>
		<rom name="tetris.rko" size="4883" crc="8a63a7e6" sha1="a821318d998ab9ef846ec880413cf5659b3f65a7" />
	</machine>
	<machine name="thrusta">
		<description>THRUSTA$</description>
		<year>19??</year>
		<publisher>&lt;unknown&gt;</publisher>
		<rom name="thrusta.rko" size="20579" crc="bc2e4443" sha1="0793c791a90bff343213f3a52f1bc58461fb6976" />
	</machine>
	<machine name="tutan">
		<description>TUTAN$</description>
		<year>19??</year>
		<publisher>&lt;unknown&gt;</publisher>
		<rom name="tutan.rko" size="12371" crc="f876d7b2" sha1="2b3d7c94a7a32a48103617a4fcce2555eb5340d9" />
	</machine>
	<machine name="udav">
		<description>UDAV$</description>
		<year>19??</year>
		<publisher>&lt;unknown&gt;</publisher>
		<rom name="udav.rko" size="4248" crc="7a8d63f0" sha1="bfab2ce9f1328a4d416098af77c8687957866618" />
	</machine>
	<machine name="us079">
		<description>US_07_9$</description>
		<year>19??</year>
		<publisher>&lt;unknown&gt;</publisher>
		<rom name="us_07_9.rko" size="9160" crc="9a7d19ad" sha1="a964f983b3410af91c3f1d4039be62cc3ceb747e" />
	</machine>
	<machine name="valley">
		<description>VALLEY$</description>
		<year>19??</year>
		<publisher>&lt;unknown&gt;</publisher>
		<rom name="valley.rko" size="23635" crc="9055ff7d" sha1="3caa9c8b905aa9f2a769f42255a825fa26064458" />
	</machine>
	<machine name="vavilon">
		<description>VAVILON$</description>
		<year>19??</year>
		<publisher>&lt;unknown&gt;</publisher>
		<rom name="vavilon.rko" size="21843" crc="b0600b26" sha1="8c887e6feb917c328e6a7c7b112a9778473d5838" />
	</machine>
	<machine name="vitamin">
		<description>VITAMIN$</description>
		<year>19??</year>
		<publisher>&lt;unknown&gt;</publisher>
		<rom name="vitamin.rko" size="9576" crc="b4df3f6f" sha1="5112a728acc0c70075c9669adeaab7ee8915dc53" />
	</machine>
	<machine name="war">
		<description>WAR$</description>
		<year>19??</year>
		<publisher>&lt;unknown&gt;</publisher>
		<rom name="war.rko" size="8531" crc="27f22685" sha1="ce1a7f8a869060fd0bc1a2bacf95f0bebc4a6e6b" />
	</machine>
	<machine name="xonix">
		<description>XONIX$</description>
		<year>19??</year>
		<publisher>&lt;unknown&gt;</publisher>
		<rom name="xonix.rko" size="7763" crc="b69b140d" sha1="d5c9059387cee54c5cac74a9553d2eb8f5930a2e" />
	</machine>
	<machine name="zoo2">
		<description>ZOO2$</description>
		<year>19??</year>
		<publisher>&lt;unknown&gt;</publisher>
		<rom name="zoo2.rko" size="8083" crc="6f0db0e3" sha1="c3829eabbe7859baa774d405ab227052d00681ed" />
	</machine>
	<machine name="zoo">
		<description>ZOO$</description>
		<year>19??</year>
		<publisher>&lt;unknown&gt;</publisher>
		<rom name="zoo.rko" size="14931" crc="713710a8" sha1="2b42d2290a09c6e50a442142445693ec846d3d44" />
	</machine>
</datafile>