<?xml version="1.0" encoding="utf-8"?>
<!DOCTYPE datafile PUBLIC "-//Logiqx//DTD ROM Management Datafile//EN" "http://www.logiqx.com/Dats/datafile.dtd">
<datafile>
	<header>
		<name>osborne1</name>
		<description>Osborne-1 floppies</description>
		<version>0.267</version>
		<author>Pleasuredome</author>
	</header>
	<machine name="actcpm">
		<description>60K CP/M vers 2.20 for Osborne</description>
		<year>19??</year>
		<publisher>Australian Computer &amp; Telecommunications</publisher>
		<rom name="occ1_harddisk.imd" size="89702" crc="25d9be14" sha1="709dac1ab239d9ff46b1692b6d4847191a066a20" />
	</machine>
	<machine name="amcall">
		<description>AMCALL (v2.06)</description>
		<year>1982</year>
		<publisher>MicroCALL Services</publisher>
		<rom name="os1mcal.td0" size="40392" crc="ee61a8e9" sha1="1ad5d000e1865ebf7118cbd2fbeee581b3ad226f" />
	</machine>
	<machine name="amcalla">
		<description>AMCALL (v2.06, Alt)</description>
		<year>1982</year>
		<publisher>MicroCALL Services</publisher>
		<rom name="amcall.imd" size="71587" crc="9f767e1d" sha1="aef5a9496312f2380d3f8b8bec22bb07fe51c76b" />
	</machine>
	<machine name="basic80">
		<description>BASIC-80 (Rev. 5.21)</description>
		<year>1981</year>
		<publisher>Microsoft</publisher>
		<rom name="os1basic.td0" size="57070" crc="8d84da83" sha1="44ba697241dbdf9e1bbb7e93e37bf0c4ac34fe30" />
	</machine>
	<machine name="blank">
		<description>Osborne 1 blank disk</description>
		<year>19??</year>
		<publisher>&lt;unknown&gt;</publisher>
		<rom name="os1blank.td0" size="7218" crc="1bddbfb4" sha1="f721ad6d307f8f22f229ae9345a56269d44a0c76" />
	</machine>
	<machine name="cpm22a">
		<description>60k CP/M v2.2 (Alt)</description>
		<year>1981</year>
		<publisher>Digital Research</publisher>
		<rom name="os1sysd.td0" size="57670" crc="8b67b9cc" sha1="ab49f0ed731e197940b46bf79c6536a9f622d3bb" />
	</machine>
	<machine name="cpm22">
		<description>60k CP/M v2.2</description>
		<year>1981</year>
		<publisher>Digital Research</publisher>
		<rom name="os1syss.td0" size="49640" crc="47fcb5a7" sha1="287c56f0083303768eea526c98a098b04f0749be" />
	</machine>
	<machine name="dbase2">
		<description>dBase II (v2.3)</description>
		<year>1982</year>
		<publisher>&lt;unknown&gt;</publisher>
		<rom name="os1dbase.td0" size="56706" crc="1266f67c" sha1="641c271af3681a00e7a2750e20d7fabcaa5adb9f" />
	</machine>
	<machine name="dddist">
		<description>Double Density Distribution (v1.4)</description>
		<year>1982</year>
		<publisher>Osmosis Computer</publisher>
		<rom name="osmos-dd.td0" size="834" crc="8b47a452" sha1="1a4746512678b498dce28f28f96396ba31043ccc" />
	</machine>
	<machine name="drivec">
		<description>Drive C: (Rev. F)</description>
		<year>1983</year>
		<publisher>Drive C:</publisher>
		<rom name="drive_c.imd" size="78223" crc="eb70fcef" sha1="f3b743f61c6e84a6f970d63ca4a9f614df03d9d6" />
	</machine>
	<machine name="interrog">
		<description>Interrogator</description>
		<year>1984</year>
		<publisher>Dysan</publisher>
		<rom name="intgr.imd" size="35037" crc="36969e37" sha1="05bd4022495cd19babbd935456aed71d9afc1bdd" />
	</machine>
	<machine name="mdm740">
		<description>MDM740 modem program</description>
		<year>1984</year>
		<publisher>&lt;unknown&gt;</publisher>
		<rom name="os1mdm7.td0" size="46928" crc="2a6383d2" sha1="bf31f5cf2852744f661d20a8f7c6b57993b7c9b6" />
	</machine>
	<machine name="microlnk">
		<description>The Micro Link (v2.3)</description>
		<year>1981</year>
		<publisher>Wordcraft</publisher>
		<rom name="microlnk.imd" size="6835" crc="1115ea79" sha1="8c3895dbda2010065713a44acf6a5b8ba3db7d5a" />
	</machine>
	<machine name="mileston">
		<description>Milestone (Rev 1.09)</description>
		<year>1981</year>
		<publisher>Organic Software</publisher>
		<rom name="milst-1.imd" size="91489" crc="e10e14e6" sha1="f6145ae7b1289a9d8b0f9353b97a98964f557c85" />
		<rom name="milstn-2.imd" size="16021" crc="0c20006d" sha1="0666ad4b1e29d473bc95b19b7566f3dd5ce67e64" />
	</machine>
	<machine name="osmosis">
		<description>Osmosis CP/M Disk Emulation System (v1.0)</description>
		<year>1983</year>
		<publisher>Osmosis Computer</publisher>
		<rom name="osmo-emu.td0" size="3154" crc="5040c443" sha1="49fc78621b7a9356ebe9ed88fe8ceb1dd9befdbf" />
	</machine>
	<machine name="rt60a">
		<description>RT-60A Real Time Clock Software (v2.7)</description>
		<year>19??</year>
		<publisher>JG Communications</publisher>
		<rom name="rt-60a.td0" size="13793" crc="241b2497" sha1="1385701061152202db14550f1aad6cd4b190286f" />
	</machine>
	<machine name="sysconf">
		<description>Osborne-1 System Confidence Test (v2.04)</description>
		<year>19??</year>
		<publisher>&lt;unknown&gt;</publisher>
		<rom name="diag_2.04.imd" size="85196" crc="666ceb5e" sha1="c4e8d74ac67e38df3e9112114955331dd03f50ac" />
	</machine>
	<machine name="sysconfa">
		<description>Osborne-1 System Confidence Test (v2.04, Alt)</description>
		<year>19??</year>
		<publisher>&lt;unknown&gt;</publisher>
		<rom name="os1dias.td0" size="46760" crc="04b4bec8" sha1="d764df88e9f18ca67823f41797bd536e2d4cc606" />
	</machine>
	<machine name="sysconfb">
		<description>Osborne-1 System Confidence Test (v2.00)</description>
		<year>19??</year>
		<publisher>&lt;unknown&gt;</publisher>
		<rom name="occ1_diag_2.1.imd" size="26436" crc="5bbc80d5" sha1="0e481b668e689ad47910f7e90b1371a416954758" />
	</machine>
	<machine name="utils">
		<description>Utilities</description>
		<year>19??</year>
		<publisher>&lt;unknown&gt;</publisher>
		<rom name="os1utils.td0" size="55960" crc="65fc65e4" sha1="92c19e0e53917c4d5efc28bfd5fc30c7be0cbec5" />
	</machine>
	<machine name="wordstar">
		<description>Wordstar (rel. 2.26)</description>
		<year>1981</year>
		<publisher>Micropro International</publisher>
		<rom name="os1wrdst.td0" size="62774" crc="147a38ba" sha1="8b4a7475febec0517fae459bd37926257eaff2f7" />
	</machine>
	<machine name="xutils">
		<description>Extended Utilities</description>
		<year>19??</year>
		<publisher>&lt;unknown&gt;</publisher>
		<rom name="os1xutls.td0" size="35382" crc="630d7091" sha1="a8bc164cf8cb4f5fba49422ac10447ecacbb60dd" />
	</machine>
</datafile>