<?xml version="1.0" encoding="utf-8"?>
<!DOCTYPE datafile PUBLIC "-//Logiqx//DTD ROM Management Datafile//EN" "http://www.logiqx.com/Dats/datafile.dtd">
<datafile>
	<header>
		<name>pc200</name>
		<description>Sinclair PC200 disk images</description>
		<version>0.267</version>
		<author>Pleasuredome</author>
	</header>
	<machine name="msdos">
		<description>Microsoft MS DOS Operating System</description>
		<year>1988</year>
		<publisher>Amstrad</publisher>
		<rom name="Sinclair PC200 - Boot Disk.img" size="737280" crc="f9eae66d" sha1="cb1e8fef3050a492c03d32441b3a67020bb9a482" />
		<rom name="Sinclair PC200 - Gem Disk.img" size="737280" crc="24afbde6" sha1="cfbd50c982b3b5d3a6f642450449362226ba3659" />
	</machine>
	<machine name="promo">
		<description>PC200 Promotion</description>
		<year>1988</year>
		<publisher>Amstrad</publisher>
		<rom name="Sinclair PC200 - PP201 Games Disk.img" size="737280" crc="e12bc20c" sha1="4f6813043b920d6d206efddac68b02576fe42fa8" />
		<rom name="Sinclair PC200 - PP201 Organizer Disk.img" size="737280" crc="7de018a4" sha1="5ff5d58ab0b8ca06ecd7271f0a27c6252f5188dd" />
	</machine>
</datafile>