<?xml version="1.0" encoding="utf-8"?>
<!DOCTYPE datafile PUBLIC "-//Logiqx//DTD ROM Management Datafile//EN" "http://www.logiqx.com/Dats/datafile.dtd">
<datafile>
	<header>
		<name>pda600</name>
		<description>Amstrad PenPad PDA 600 PCMCIA cards</description>
		<version>0.267</version>
		<author>Pleasuredome</author>
	</header>
	<machine name="games">
		<description>Games (Crazy Money, Mosaic and Pagged)</description>
		<year>199?</year>
		<publisher>Maddox Games</publisher>
		<rom name="games.bin" size="524288" crc="0ec748d8" sha1="fd1c24cde1decf76080b962ee1fdf5bd8c78c673" />
	</machine>
	<machine name="gamesd">
		<description>Games Demo (Game 44, Squares and FliView)</description>
		<year>199?</year>
		<publisher>Maddox Games</publisher>
		<rom name="games_demo.bin" size="524288" crc="e0c5d590" sha1="bc550a00de6b6829d2cb8063b2c5507b631ae03f" />
	</machine>
</datafile>