<?xml version="1.0" encoding="utf-8"?>
<!DOCTYPE datafile PUBLIC "-//Logiqx//DTD ROM Management Datafile//EN" "http://www.logiqx.com/Dats/datafile.dtd">
<datafile>
	<header>
		<name>pi_storyreader_v2_cart</name>
		<description>Publications International Ltd Story Reader 2.0 cartridges</description>
		<version>0.267</version>
		<author>Pleasuredome</author>
	</header>
	<machine name="ts2">
		<description>Toy Story 2</description>
		<year>200?</year>
		<publisher>Publications International Ltd / Disney</publisher>
		<rom name="storyreaderv2_toystory2.bin" size="1048576" crc="b3b4b613" sha1="0e0bd3a9865ac35a0c8c0dae9cfaac15f5b30a89" />
	</machine>
</datafile>