<?xml version="1.0" encoding="utf-8"?>
<!DOCTYPE datafile PUBLIC "-//Logiqx//DTD ROM Management Datafile//EN" "http://www.logiqx.com/Dats/datafile.dtd">
<datafile>
	<header>
		<name>psion2</name>
		<description>Psion Organiser II Datapack</description>
		<version>0.267</version>
		<author>Pleasuredome</author>
	</header>
	<machine name="abcode">
		<description>Anteta Barcode Reader v5.1</description>
		<year>198?</year>
		<publisher>Anteta</publisher>
		<rom name="anteta.opk" size="31046" crc="0ca68683" sha1="2599a7240f3d361a375e61e4d3d11e4ba2d63fef" />
	</machine>
	<machine name="airnav">
		<description>Airnav Professional 2C</description>
		<year>198?</year>
		<publisher>&lt;unknown&gt;</publisher>
		<rom name="airnav.opk" size="64978" crc="e5e5b8b4" sha1="0a11ee4eb491962faacdac4dfe296a97475c0b6e" />
	</machine>
	<machine name="andoverc">
		<description>Andover Controls Hand-Held Operator's Terminal</description>
		<year>198?</year>
		<publisher>Psion</publisher>
		<rom name="andover.opk" size="12959" crc="dee5a895" sha1="a2fe553b3d0d5dc38ec5efb393e665676223b3dd" />
	</machine>
	<machine name="anglerpa">
		<description>Angler Pack</description>
		<year>1988</year>
		<publisher>Skyfact Software</publisher>
		<rom name="angler.opk" size="9365" crc="92bc7d19" sha1="feaf62bc4349e91ac9c7beb6bd4a5e5cb548d520" />
	</machine>
	<machine name="ascribe4">
		<description>AutoScribe Plus v4.11</description>
		<year>1989</year>
		<publisher>Widget Software</publisher>
		<rom name="ascribe411.opk" size="16328" crc="62c9fda6" sha1="f49b48b82eed30e4dc862f1e7d256e94f3c80f24" />
	</machine>
	<machine name="ascribe5">
		<description>AutoScribe Plus v5.11</description>
		<year>198?</year>
		<publisher>Widget Software</publisher>
		<rom name="ascribe511.opk" size="16026" crc="f15837ff" sha1="a23eba4ba8e94bdc3d3e3245cf13aad82093a03d" />
	</machine>
	<machine name="assem">
		<description>Assembler Pack v1.0</description>
		<year>1989</year>
		<publisher>A.R. Software</publisher>
		<rom name="assem.opk" size="30276" crc="a3f863c7" sha1="505afa975ed0068c5cce0a004c924824f8004674" />
	</machine>
	<machine name="barcomm">
		<description>Dynasys Barcomm 2 v4.2</description>
		<year>198?</year>
		<publisher>Dynasys Technologies Inc.</publisher>
		<rom name="barcomm42.opk" size="52674" crc="d099ef44" sha1="38c277f8f71b10780cdc34da8f7c8c356c6b2585" />
	</machine>
	<machine name="bcprinte">
		<description>Barcode Printer I v1.42</description>
		<year>198?</year>
		<publisher>Gaascom Ltd.</publisher>
		<rom name="barcodeprinter.opk" size="16389" crc="9db80aad" sha1="2b39f10c9d09d3b473c816e434929893bffe8b62" />
	</machine>
	<machine name="bcread31">
		<description>Bad Code Reader 3.1</description>
		<year>198?</year>
		<publisher>Psion</publisher>
		<rom name="bar31.opk" size="11263" crc="3951726d" sha1="4ae19527dee89dc2909e716d1dbff40f17a1f361" />
	</machine>
	<machine name="bcread32">
		<description>Bad Code Reader 3.2</description>
		<year>198?</year>
		<publisher>Psion</publisher>
		<rom name="bar32.opk" size="11375" crc="d5c7079c" sha1="a04eeafcc3125131d18a0063b7db56e7a59f5108" />
	</machine>
	<machine name="cipher">
		<description>Cipher v7.604</description>
		<year>198?</year>
		<publisher>British Telecom</publisher>
		<rom name="cipher7604.opk" size="103611" crc="6e1f4e6d" sha1="c67d83f0fcd73160e0c6e2b565b1d7b4807470d2" />
	</machine>
	<machine name="clink22">
		<description>Comms Link 2.2</description>
		<year>198?</year>
		<publisher>Psion</publisher>
		<rom name="comms22.opk" size="22448" crc="5e5dc3eb" sha1="7901979615bbdb2a1f260cc8eed447c99723d18b" />
	</machine>
	<machine name="clink24">
		<description>Comms Link 2.4</description>
		<year>198?</year>
		<publisher>Psion</publisher>
		<rom name="comms24.opk" size="22515" crc="3a42d92f" sha1="b7603f07f5479b1939e0486d819e1552a0e7dcac" />
	</machine>
	<machine name="clink25">
		<description>Comms Link 2.5</description>
		<year>198?</year>
		<publisher>Psion</publisher>
		<rom name="comms25.opk" size="22510" crc="5c985379" sha1="dd4e5d17b83883cac75c5220dad0c51ddb6ba1c1" />
	</machine>
	<machine name="clink40">
		<description>Comms Link 4.0</description>
		<year>1987</year>
		<publisher>Psion</publisher>
		<rom name="comms40.opk" size="32312" crc="9d210b51" sha1="2307a773b30a95f3f09225821d619ff6cdd8ae7d" />
	</machine>
	<machine name="clink41">
		<description>Comms Link 4.1</description>
		<year>198?</year>
		<publisher>Psion</publisher>
		<rom name="comms41.opk" size="32403" crc="dfb1dc85" sha1="4f0a6dd1cdeb4d3ed0d8e84017e2d73ac7f5e0c2" />
	</machine>
	<machine name="clink42">
		<description>Comms Link 4.2</description>
		<year>198?</year>
		<publisher>Psion</publisher>
		<rom name="comms42.opk" size="32411" crc="9d7aa280" sha1="2d31f4c48f222ffa67fafe5689cc19d8187eafed" />
	</machine>
	<machine name="clip">
		<description>Clipboard Inspection System</description>
		<year>1991</year>
		<publisher>Rafiq Mahmood</publisher>
		<rom name="clip.opk" size="32270" crc="6c7afbdd" sha1="6505cb269ec5cc63cd57cc54b0b12181f155f9f3" />
		<rom name="notice.opk" size="16007" crc="e1a5d6e0" sha1="46e4f89ba13381e8684fe40194ea2ddaa4f8c924" />
	</machine>
	<machine name="cnf41hi">
		<description>CNF41 HART interface 1.0</description>
		<year>198?</year>
		<publisher>Psion</publisher>
		<rom name="cnf41_10.opk" size="60686" crc="720be551" sha1="74b7162acbada7f35a77010c201cf5506d909aae" />
	</machine>
	<machine name="coastal3">
		<description>Coastal v3.1</description>
		<year>198?</year>
		<publisher>Maritek Ltd</publisher>
		<rom name="coastal31.opk" size="25888" crc="87b055bf" sha1="1ca616d5a31a6589de7cb206cba84054ee921627" />
	</machine>
	<machine name="coastal4">
		<description>Coastal v4.2</description>
		<year>1989</year>
		<publisher>Maritek Ltd</publisher>
		<rom name="coastal42.opk" size="32659" crc="380bf6a2" sha1="46fd072f43bf92afadf0bb3e0f7a5beef9c8443d" />
	</machine>
	<machine name="cosc1">
		<description>Concise Oxford Spelling Checker v0.1</description>
		<year>1986</year>
		<publisher>Psion</publisher>
		<rom name="spllchk1.opk" size="65537" crc="39348a17" sha1="ba85c07037bcc84774d00c58811d664af5b0338b" />
	</machine>
	<machine name="cosc2">
		<description>Concise Oxford Spelling Checker v2.0</description>
		<year>1989</year>
		<publisher>Psion</publisher>
		<rom name="spllchk2.opk" size="65537" crc="8d23cb58" sha1="1cdf200e3361fd6dd4a64d56fc94397002084cfb" />
	</machine>
	<machine name="dataorg">
		<description>The Data Organiser v2.4</description>
		<year>1987</year>
		<publisher>Harvester Information Systems</publisher>
		<rom name="hvdo24.opk" size="16254" crc="c1718598" sha1="f18ee33dcdeb7ccb1d3d80ef9c4bd6c806476ff9" />
	</machine>
	<machine name="dataorgs">
		<description>The Data Organiser v2.5 (Spanish)</description>
		<year>1987</year>
		<publisher>Harvester Information Systems</publisher>
		<rom name="hvdo25s.opk" size="16387" crc="6b146a51" sha1="10c80af1591c11865a9eb30edf84edae97dcc9ba" />
	</machine>
	<machine name="datorgd">
		<description>The Data Organiser v2.52 (German)</description>
		<year>1987</year>
		<publisher>Harvester Information Systems</publisher>
		<rom name="hvdo252d.opk" size="16386" crc="f3f5f53b" sha1="6f8dfff172c25953c893c5ef106ffda25e30291a" />
	</machine>
	<machine name="datorgi">
		<description>The Data Organiser v2.52 (Italian)</description>
		<year>1987</year>
		<publisher>Harvester Information Systems</publisher>
		<rom name="hvdo252i.opk" size="16387" crc="b05824d8" sha1="d3dd7a5fed08eef6e53d54508f6f2d4a2e48432c" />
	</machine>
	<machine name="diallink">
		<description>Dial-Link</description>
		<year>198?</year>
		<publisher>Widget Software</publisher>
		<rom name="diallink.opk" size="16275" crc="e435edd2" sha1="394e343881b669d8764304706d788df4fd029632" />
	</machine>
	<machine name="digit27">
		<description>Digitron SF12 v2.7</description>
		<year>198?</year>
		<publisher>Silvertree Eng., Digitron Inst.</publisher>
		<rom name="digitron27.opk" size="54157" crc="aa2a1682" sha1="d6b3362574c5171350bf1f8320b566e1a65d1a7a" />
	</machine>
	<machine name="digit110">
		<description>Digitron SF10 v1.10</description>
		<year>198?</year>
		<publisher>Silvertree Eng., Digitron Inst.</publisher>
		<rom name="digitron110.opk" size="29134" crc="37d2dcee" sha1="05a17b8fdd0206fe1dd4e496aed1a973b9591402" />
	</machine>
	<machine name="digit114">
		<description>Digitron SF10 v1.14</description>
		<year>198?</year>
		<publisher>Silvertree Eng., Digitron Inst.</publisher>
		<rom name="digitron114.opk" size="29326" crc="a838a41c" sha1="22b2e76828dafcdf8caab7c651f7078e730f1a39" />
	</machine>
	<machine name="dynape43">
		<description>Dynapen v4.3</description>
		<year>198?</year>
		<publisher>Dynasys Technologies Inc.</publisher>
		<rom name="dynapen43.opk" size="52482" crc="6f2d2423" sha1="86c3452242a0782656bfbefd07e22eda75482f79" />
	</machine>
	<machine name="dynape44">
		<description>Dynapen 4.4</description>
		<year>198?</year>
		<publisher>Dynasys Technologies Inc.</publisher>
		<rom name="dynapen44.opk" size="55408" crc="fecb74ce" sha1="452c3776029475d025d9f7cfd562e3c5f24fe310" />
	</machine>
	<machine name="dynaplat">
		<description>Dynapoll Attend</description>
		<year>198?</year>
		<publisher>Dynasys Technologies Inc.</publisher>
		<rom name="dynaplat.opk" size="3677" crc="5ac6177f" sha1="205dc67dbf5ff265ba04b8f0fdb0ce9a160f784c" />
	</machine>
	<machine name="dynapoll">
		<description>Dyna/Poll 485 station v1.0</description>
		<year>198?</year>
		<publisher>Dynasys Technologies Inc.</publisher>
		<rom name="dynapoll.opk" size="1545" crc="3d6d1f77" sha1="b02dd1d1b9e0558cc7844ed8d029b958f13ca67c" />
	</machine>
	<machine name="ecm30">
		<description>Comms Modem v3.0</description>
		<year>198?</year>
		<publisher>Extech</publisher>
		<rom name="barcomm30.opk" size="25112" crc="58770787" sha1="129ec0fd2642bdef02a92e8432825f650cfacfbd" />
	</machine>
	<machine name="ecp2">
		<description>Extech Comms Printer II 4.3</description>
		<year>198?</year>
		<publisher>Extech</publisher>
		<rom name="extprt43.opk" size="46397" crc="443d0905" sha1="10a3576786f5ac65082b2856bc1578373f30d6fc" />
	</machine>
	<machine name="ferreth">
		<description>Ferret Helper v5.1N</description>
		<year>198?</year>
		<publisher>Ferret Information Systems</publisher>
		<rom name="ferret51n.opk" size="16357" crc="0c374de4" sha1="604308fbaeadc8f4bc0b6d79de1ac9e03bd7bfab" />
	</machine>
	<machine name="filepak">
		<description>FilePak v2.0</description>
		<year>198?</year>
		<publisher>KA</publisher>
		<rom name="filepak20.opk" size="16342" crc="c24a599b" sha1="c3042eee28bd58174828a04a599818c91a011756" />
	</machine>
	<machine name="finance2">
		<description>Finance Pack II</description>
		<year>1989</year>
		<publisher>Aware</publisher>
		<rom name="finance2.opk" size="32709" crc="e9295ae2" sha1="e168479fd171777e63441d7dd63ec6a46914d678" />
	</machine>
	<machine name="finance">
		<description>Finance Pack</description>
		<year>1986</year>
		<publisher>Aware</publisher>
		<rom name="finance1a.opk" size="16359" crc="33cca342" sha1="89d90fbeb27c30dae069db392cc06fd914dc2652" />
		<rom name="finance1b.opk" size="16379" crc="1c34e46b" sha1="5ada96fe015abfc6712236c65d9e6644ac0826e7" />
	</machine>
	<machine name="finge14i">
		<description>Finger Organiser v1.4 (Italian)</description>
		<year>198?</year>
		<publisher>Harvester Information Systems</publisher>
		<rom name="hvfo14i.opk" size="12033" crc="c744ea48" sha1="5124337b4e75104d88e2dd0338444f5f88a4fc7d" />
	</machine>
	<machine name="finge15d">
		<description>Finger Organiser v1.5 (German)</description>
		<year>198?</year>
		<publisher>Harvester Information Systems</publisher>
		<rom name="hvfo15d.opk" size="12968" crc="ded87814" sha1="19965f5644f7682ab727ab1c9987792c2471ae6f" />
	</machine>
	<machine name="finger13">
		<description>Finger Organiser v1.3</description>
		<year>198?</year>
		<publisher>Harvester Information Systems</publisher>
		<rom name="hvfo13.opk" size="13753" crc="84d9d158" sha1="9dcc8f2abfa9808e151686d5342dbfb0115167f4" />
	</machine>
	<machine name="finger14">
		<description>Finger Organiser v1.4</description>
		<year>198?</year>
		<publisher>Harvester Information Systems</publisher>
		<rom name="hvfo14.opk" size="13890" crc="36785487" sha1="51a6abfcb68846425ae90e63ee228b39eba6ebb2" />
	</machine>
	<machine name="flightma">
		<description>Flightmaster v2.19</description>
		<year>1993</year>
		<publisher>Software 2000, Inc.</publisher>
		<rom name="flghtmstr219a.opk" size="130236" crc="47ad1343" sha1="f228c64bf9fc5a849f38fd52bc24f22f94c0c9b3" />
		<rom name="flghtmstr219b.opk" size="130806" crc="a8dbcfd4" sha1="36826de1fcc552b4698ee6a10d06a269fc1f8977" />
	</machine>
	<machine name="flightmb">
		<description>Flightmaster v2.28</description>
		<year>1994</year>
		<publisher>Software 2000, Inc.</publisher>
		<rom name="flghtmstr228a.opk" size="130684" crc="1d720f92" sha1="00e4e1898aed868faf89debba152b84623da55ef" />
		<rom name="flghtmstr228b.opk" size="131038" crc="08a685eb" sha1="98a9ba0ec54f8b7c5ad7a005fb5ce95cedcfa0e5" />
	</machine>
	<machine name="fm375">
		<description>FileMaster v3.75</description>
		<year>1988</year>
		<publisher>Widget Software</publisher>
		<rom name="filemaster375.opk" size="16335" crc="810554d7" sha1="505c7a52dc9f4563908532706d2b0e8122d59ce5" />
	</machine>
	<machine name="fm376">
		<description>FileMaster v3.76</description>
		<year>1988</year>
		<publisher>Widget Software</publisher>
		<rom name="filemaster376.opk" size="16201" crc="1c8cd832" sha1="6fe29328f19d3c36780a261c6df7e6cef5c291f8" />
	</machine>
	<machine name="fm3762">
		<description>FileMaster v3.762</description>
		<year>1988</year>
		<publisher>Widget Software</publisher>
		<rom name="filemaster3762.opk" size="16194" crc="f626ed8a" sha1="08d70630ecf3b0160ee7a5c509bece1e1cc5bc39" />
	</machine>
	<machine name="fmalt">
		<description>FileMaster</description>
		<year>1988</year>
		<publisher>Widget Software</publisher>
		<rom name="filemaster.opk" size="16240" crc="1386cc71" sha1="1468a8c93adbe8af4dea563073ffd77db8e537df" />
	</machine>
	<machine name="fnkey31">
		<description>FnKey v3.1</description>
		<year>1989</year>
		<publisher>Cubsoft</publisher>
		<rom name="fnkey31.opk" size="4333" crc="46c198dc" sha1="1f9a94216c738649f00b51e3e5d07a0487a1bff9" />
	</machine>
	<machine name="fnkey40">
		<description>FnKey v4.0</description>
		<year>1989</year>
		<publisher>Cubsoft</publisher>
		<rom name="fnkey40.opk" size="6822" crc="39ca0011" sha1="6a40cdb13c895ff5ac8e37894389b99a2bfbc4fe" />
	</machine>
	<machine name="formmast">
		<description>Form Master</description>
		<year>198?</year>
		<publisher>Cascade Systems Ltd.</publisher>
		<rom name="formmaster.opk" size="16234" crc="9e457b90" sha1="04d1f60543faeec8d4aa7fd7134ed3a636c954c8" />
	</machine>
	<machine name="formul11">
		<description>Formulator v1.1</description>
		<year>198?</year>
		<publisher>Psion</publisher>
		<rom name="xform1.opk" size="31604" crc="5a690ead" sha1="c226ade8e78bbbcccadfb4cf5007107f1ffe06d2" />
	</machine>
	<machine name="formul21">
		<description>Formulator v2.1</description>
		<year>198?</year>
		<publisher>Psion</publisher>
		<rom name="xform2.opk" size="32407" crc="cf3fd9c4" sha1="712ebace6fb711bd98ea7053105f3a072ffa695c" />
	</machine>
	<machine name="fpakdriv">
		<description>FlashPak Driver v1.9</description>
		<year>198?</year>
		<publisher>Psion</publisher>
		<rom name="flashpak.opk" size="7135" crc="1138998a" sha1="954a60febab3c86233e2d62ddf42d6e4940eb858" />
	</machine>
	<machine name="gamesorg">
		<description>The Games Organiser v0.2</description>
		<year>1987</year>
		<publisher>Harvester Information Systems</publisher>
		<rom name="hvgo02.opk" size="32770" crc="7120b260" sha1="5e707aacb669960406ece6d1d304c1e1009502c0" />
	</machine>
	<machine name="geac">
		<description>GEAC Program Pack</description>
		<year>198?</year>
		<publisher>Psion</publisher>
		<rom name="geac.opk" size="29662" crc="2787177f" sha1="ff39d6158111a807a44832b89d092dacbd083fe7" />
	</machine>
	<machine name="gorgit">
		<description>The Games Organiser (Italian)</description>
		<year>1987</year>
		<publisher>Harvester Information Systems</publisher>
		<rom name="hvgoti.opk" size="16377" crc="87b94723" sha1="42628f60499c6beca4aaca21771aaa73a98e4742" />
	</machine>
	<machine name="gpack">
		<description>Games Pack</description>
		<year>1989</year>
		<publisher>S.I.S. Ltd, Psion</publisher>
		<rom name="games.opk" size="32633" crc="1e31b975" sha1="66cd712eb36ce145b465a32f5c256a315452a31c" />
	</machine>
	<machine name="gpackma">
		<description>Games Pack (Mick Andon)</description>
		<year>198?</year>
		<publisher>Mick Andon</publisher>
		<rom name="gpack.opk" size="16559" crc="508604b2" sha1="866639b6ae22011a40f47cbdfdee684790f073a0" />
	</machine>
	<machine name="infor23i">
		<description>The Informed Organiser 2.3 (Italian)</description>
		<year>198?</year>
		<publisher>Harvester Information Systems</publisher>
		<rom name="hvio23i.opk" size="16031" crc="ecac1464" sha1="4a19152755613337205c8a3749a252b509e7f513" />
	</machine>
	<machine name="infor23s">
		<description>The Informed Organiser 2.3 (Spanish)</description>
		<year>198?</year>
		<publisher>Harvester Information Systems</publisher>
		<rom name="hvio23s.opk" size="15904" crc="6610186b" sha1="9100666f4fc7ae9b67d499346f1955e938c8a79f" />
	</machine>
	<machine name="inkas">
		<description>Inkasencki v6.1</description>
		<year>199?</year>
		<publisher>&lt;unknown&gt;</publisher>
		<rom name="inkas.opk" size="48983" crc="fbade179" sha1="803c827124a59ff45ceaaf9f66b76b8ff08aba23" />
	</machine>
	<machine name="jotter25">
		<description>Jotter v2.5</description>
		<year>198?</year>
		<publisher>Camel Systems Ltd</publisher>
		<rom name="jotter25.opk" size="32749" crc="4129ad0a" sha1="8f602c2fb1d84c9315e204098f4a32af5a759cb5" />
	</machine>
	<machine name="letor32s">
		<description>The Letter Organiser 3.2 (Spanish)</description>
		<year>198?</year>
		<publisher>Harvester Information Systems</publisher>
		<rom name="hvlo32s.opk" size="16374" crc="cdcd065c" sha1="b96198b53eeadb1d5fbb2d8b12c2ff41848c0190" />
	</machine>
	<machine name="letor311">
		<description>The Letter Organiser 3.11 (Italian)</description>
		<year>198?</year>
		<publisher>Harvester Information Systems</publisher>
		<rom name="hvlo311i.opk" size="16244" crc="7cba777a" sha1="1f2a3b68bd6e2bee5f80e9410e8790e2c1c2fe28" />
	</machine>
	<machine name="maths">
		<description>Maths Pack</description>
		<year>1986</year>
		<publisher>Psion</publisher>
		<rom name="maths.opk" size="16089" crc="8cce0583" sha1="9b847068e2f6af575b1ba760245007f436bdf1dd" />
	</machine>
	<machine name="mcr20">
		<description>Magnetic Card Reader 2.0</description>
		<year>198?</year>
		<publisher>Psion</publisher>
		<rom name="swipe20.opk" size="748" crc="a7d1d051" sha1="325ac98d9330bb68d23d72610899c9176998a26b" />
	</machine>
	<machine name="msp100">
		<description>KDG Mobrey MSP100 v1.0</description>
		<year>198?</year>
		<publisher>KDG Mobrey</publisher>
		<rom name="msp100.opk" size="54730" crc="62bac741" sha1="c6af1491665adf744142ad354b6f52b1dcfde813" />
	</machine>
	<machine name="nss43">
		<description>National Survey Software v4.3</description>
		<year>198?</year>
		<publisher>Neil Draycott (?)</publisher>
		<rom name="nss43.opk" size="219159" crc="91b563c3" sha1="a72c6f6fd586d9400a2c3dfcb712d3175da46685" />
	</machine>
	<machine name="numbase">
		<description>Numbase v1.23</description>
		<year>198?</year>
		<publisher>Eidersoft</publisher>
		<rom name="numbase.opk" size="32280" crc="c6eb1d7a" sha1="c16a48671cab827c37684907cbcff4bfd76d7bec" />
	</machine>
	<machine name="onewayin">
		<description>One-Way Interface</description>
		<year>198?</year>
		<publisher>On-Line Design Inc</publisher>
		<rom name="owi.bin" size="2430" crc="958509a9" sha1="934a729911d070c7de106684c354eebf16ee78ae" />
	</machine>
	<machine name="pager13">
		<description>Pager 1.3</description>
		<year>198?</year>
		<publisher>Psion</publisher>
		<rom name="pager13.opk" size="15226" crc="05045d72" sha1="4ccc8d32d34e65ec0bc3b0f50cda9b1146d1b6af" />
	</machine>
	<machine name="persfin">
		<description>Personal Finance</description>
		<year>1987</year>
		<publisher>Willow Enterprises Ltd</publisher>
		<rom name="persfin.opk" size="16179" crc="2fb0f433" sha1="21bedf9bd3de307650c9b6cad3f11dc9094d0a92" />
	</machine>
	<machine name="plink20">
		<description>Paralink 2.0</description>
		<year>1989</year>
		<publisher>Silvertree Engineering Ltd.</publisher>
		<rom name="paralink20.opk" size="6062" crc="75a3596d" sha1="43dfdd4b39d9da00ccb7aa74b66d610e90867b75" />
	</machine>
	<machine name="plink22f">
		<description>Paralink 2.2 French</description>
		<year>198?</year>
		<publisher>Widget Software, Silvertree Eng.</publisher>
		<rom name="paralink22f.opk" size="7983" crc="5bad3e99" sha1="216da892a6c4877678effc5bfc0346279e66a608" />
	</machine>
	<machine name="plink33">
		<description>Paralink 3.3</description>
		<year>198?</year>
		<publisher>Silvertree Engineering Ltd.</publisher>
		<rom name="paralink33.opk" size="16352" crc="b672445b" sha1="b3b49dd46fa6b0753d8aa5df4e447c263dbb58f5" />
	</machine>
	<machine name="plink34">
		<description>Paralink 3.4</description>
		<year>198?</year>
		<publisher>Silvertree Engineering Ltd.</publisher>
		<rom name="paralink34.opk" size="16352" crc="3a22f0ae" sha1="e55cf03aed678da812096a926e70355f26ea2229" />
	</machine>
	<machine name="portfoli">
		<description>Portfolio Pack</description>
		<year>1987</year>
		<publisher>DIP, Psion</publisher>
		<rom name="portfolio.opk" size="16361" crc="d2836be1" sha1="ca207dedec6f14c0c32ed1092ef13bdb60431ad4" />
	</machine>
	<machine name="pprint16">
		<description>Psion Printer 1.6</description>
		<year>198?</year>
		<publisher>Psion</publisher>
		<rom name="printer16.opk" size="4550" crc="cb3c7bff" sha1="b3d3ef91ce07584504a5ddc92503e2bc291c8832" />
	</machine>
	<machine name="pprint21">
		<description>Psion Printer 2.1</description>
		<year>198?</year>
		<publisher>Psion</publisher>
		<rom name="printer21.opk" size="4913" crc="701f489e" sha1="784d07d2ad525bed5dc9511bd1716029cc91f1fc" />
	</machine>
	<machine name="pprint22">
		<description>Psion Printer 2.2</description>
		<year>198?</year>
		<publisher>Psion</publisher>
		<rom name="printer22.opk" size="4945" crc="d12a5b5d" sha1="18b2b5e7d84c8dbe7fe96c9c046e8239af65b9e6" />
	</machine>
	<machine name="prakfrvc">
		<description>Prakpak French Vocabulary I</description>
		<year>198?</year>
		<publisher>Mackay</publisher>
		<rom name="prakfrvc.opk" size="32727" crc="17137e83" sha1="e64f4da7bb1804bd759bdda9bab4d1122f12f6da" />
	</machine>
	<machine name="prudent">
		<description>Prudential Rate Book v2.33</description>
		<year>198?</year>
		<publisher>Prudential Plc.</publisher>
		<rom name="prudential233.opk" size="165556" crc="8128b048" sha1="1cbeafa4b0676895fdb69726a41bd152c71a26a5" />
	</machine>
	<machine name="psitex20">
		<description>PsiTex v2.000</description>
		<year>198?</year>
		<publisher>Microtima</publisher>
		<rom name="psitex200.opk" size="16238" crc="cce04194" sha1="f6498b365ddff6e0df07b7286a69d1e78f4a2f4d" />
	</machine>
	<machine name="purefin">
		<description>Pure Finance Pack</description>
		<year>1987</year>
		<publisher>DIP</publisher>
		<rom name="purfin.opk" size="16388" crc="0f7c25df" sha1="3c04b2273029cf0df4c7535c78e36afea06b52c4" />
	</machine>
	<machine name="relay42">
		<description>Dynasys Relay-Comm v4.2</description>
		<year>198?</year>
		<publisher>Dynasys Technologies Inc.</publisher>
		<rom name="relay42.opk" size="47391" crc="ab218a1e" sha1="3b138489f0fbb00e027a3ca67cc33a7b09052c63" />
	</machine>
	<machine name="result">
		<description>Result Vers 4L</description>
		<year>1989</year>
		<publisher>Terrace Software</publisher>
		<rom name="result.opk" size="16382" crc="8a7cd79f" sha1="40a385ab126c4a6b5ee23ed2097da15ec73aceb1" />
	</machine>
	<machine name="rs232l11">
		<description>RS232 Link 1.1</description>
		<year>198?</year>
		<publisher>Psion</publisher>
		<rom name="comms11.opk" size="8137" crc="48c1564b" sha1="2c81bc1174290ed825945508f5ff4f62505831d6" />
	</machine>
	<machine name="rs232l15">
		<description>RS232 Link 1.5</description>
		<year>198?</year>
		<publisher>Psion</publisher>
		<rom name="comms15.opk" size="7736" crc="b11cd524" sha1="b7d09c946c45915f854ac79cab24f652914ebd68" />
	</machine>
	<machine name="safe">
		<description>S.A.F.E.</description>
		<year>198?</year>
		<publisher>Harvester Information Systems</publisher>
		<rom name="hvsafe.opk" size="41585" crc="6f306437" sha1="e24ad66550381b6c4413639d95e5f8c5a6157353" />
	</machine>
	<machine name="sams13">
		<description>S.A.M.S. v1.3</description>
		<year>198?</year>
		<publisher>Harvester Information Systems</publisher>
		<rom name="hvsams13.opk" size="44571" crc="81488b12" sha1="92ad09a032d60993bff7ab0be37efc65a1aa35ec" />
	</machine>
	<machine name="schip11s">
		<description>Harvester Superchip 1.1 (Spanish)</description>
		<year>198?</year>
		<publisher>Harvester Information Systems</publisher>
		<rom name="hvsc11s.opk" size="52306" crc="8b235ac7" sha1="fc8af39daba209b9aa6fafc20802a74356d0ea16" />
	</machine>
	<machine name="schip12i">
		<description>Harvester Superchip 1.2 (Italian)</description>
		<year>198?</year>
		<publisher>Harvester Information Systems</publisher>
		<rom name="hvsc12i.opk" size="40884" crc="55b1083b" sha1="e4b1cd281a10afb6d2c971331c64aa565a7f2c17" />
	</machine>
	<machine name="schip12">
		<description>Harvester Superchip v1.2</description>
		<year>198?</year>
		<publisher>Harvester Information Systems</publisher>
		<rom name="hvsc12.opk" size="31521" crc="51fe98ea" sha1="9579f63e3f2991ceeb1933645a038620eee62361" />
	</machine>
	<machine name="scior101">
		<description>The Scientific Organiser v1.01</description>
		<year>198?</year>
		<publisher>Harvester Information Systems</publisher>
		<rom name="hvso101.opk" size="29394" crc="69752fd1" sha1="fd7a54ec04d0efdee4601c0a10316d8edc403ade" />
	</machine>
	<machine name="sdrp">
		<description>SDRP 01.05</description>
		<year>198?</year>
		<publisher>Datacom Group Ltd.</publisher>
		<rom name="sdrp.opk" size="52878" crc="550d0a7e" sha1="53669d69ec7aada6ea73f86697cd2eca6ed98a90" />
	</machine>
	<machine name="sigset20">
		<description>SigSet v2.01</description>
		<year>198?</year>
		<publisher>Microtima</publisher>
		<rom name="sigset201.opk" size="8248" crc="8696fb8a" sha1="ada45c41b083b68c1823da0a951b7a8a593d1648" />
	</machine>
	<machine name="slep">
		<description>S.L.E.P</description>
		<year>198?</year>
		<publisher>Harvester Information Systems</publisher>
		<rom name="hvslep.opk" size="26686" crc="a5476e29" sha1="23b596a46a1ae82a7c4d6837d7919cd33079a62d" />
	</machine>
	<machine name="sold12">
		<description>S.O.L.D. v1.2</description>
		<year>198?</year>
		<publisher>Harvester Information Systems</publisher>
		<rom name="hvsold12.opk" size="42674" crc="a302f1a5" sha1="39111deada8cca0af85f09d2b4165c8ecfe5aa41" />
	</machine>
	<machine name="sonylisa">
		<description>Sony Lisa-1 v3.0</description>
		<year>198?</year>
		<publisher>Sony</publisher>
		<rom name="sony_lisa1.opk" size="16521" crc="417a9b34" sha1="b2747bcf6be33f0c27f263dbbdfe2512e68e1810" />
	</machine>
	<machine name="sonyprm">
		<description>Sony Dealer Commander v2.2</description>
		<year>198?</year>
		<publisher>Sony</publisher>
		<rom name="sony_prm1.opk" size="9789" crc="2983982e" sha1="13caa1fee9578759401c1dcc091d8de4f5cca1da" />
	</machine>
	<machine name="ssheet12">
		<description>Pocket Spreadsheet v1.2</description>
		<year>198?</year>
		<publisher>Psion</publisher>
		<rom name="sprdsht_v12.opk" size="29806" crc="3eaf213f" sha1="b0cbc97cc42a98738b3fcc3ea7af79415234d041" />
	</machine>
	<machine name="ssheet13">
		<description>Pocket Spreadsheet v1.3</description>
		<year>198?</year>
		<publisher>Psion</publisher>
		<rom name="sprdsht_v13.opk" size="30385" crc="435e34ab" sha1="10e2c95d668e2b27c9a9326a54fc0adc7010e954" />
	</machine>
	<machine name="ssheet33">
		<description>Pocket Spreadsheet v3.3</description>
		<year>1987</year>
		<publisher>Psion</publisher>
		<rom name="sprdsht_v33.opk" size="32504" crc="28e2fcdb" sha1="f8869c5ff1bfb0ee4bec33eeadd5205962ec4ade" />
	</machine>
	<machine name="ssheet34">
		<description>Pocket Spreadsheet v3.4</description>
		<year>1987</year>
		<publisher>Psion</publisher>
		<rom name="sprdsht_v34.opk" size="32508" crc="6afc6dcc" sha1="b0b2059fd1c59ba7c7b55235745fd36186bdd5ca" />
	</machine>
	<machine name="textbase">
		<description>Textbase</description>
		<year>198?</year>
		<publisher>Eidersoft</publisher>
		<rom name="textbase.opk" size="15527" crc="84dcbde2" sha1="7d9e7b20012e51a958d49dc395898df6ac081435" />
	</machine>
	<machine name="topfin21">
		<description>Top Finance v2.1</description>
		<year>1988</year>
		<publisher>Aware</publisher>
		<rom name="topfin21.opk" size="16338" crc="480d3056" sha1="4d869fd7429465db78ceaa0f59ca5a447316474b" />
	</machine>
	<machine name="topfin22">
		<description>Top Finance v2.2</description>
		<year>1988</year>
		<publisher>Aware</publisher>
		<rom name="topfin22.opk" size="16350" crc="8bfbfc3f" sha1="add342d0125896f802908bd6b6a13aa13a942311" />
	</machine>
	<machine name="travel12">
		<description>Travel Pack v1.2</description>
		<year>1988</year>
		<publisher>Organised Solutions Ltd, Psion</publisher>
		<rom name="travel12.opk" size="65458" crc="03946bc2" sha1="49be125001d557ea654aabd2dabab5c4f71f626f" />
	</machine>
	<machine name="travel15">
		<description>Travel Pack v1.5</description>
		<year>1988</year>
		<publisher>Organised Solutions Ltd, Psion</publisher>
		<rom name="travel15.opk" size="65493" crc="38310574" sha1="5be0e7b121998c7d238fe8c639b732d0272d70ea" />
	</machine>
	<machine name="travel20">
		<description>Travel Pack v2.0</description>
		<year>198?</year>
		<publisher>Organised Solutions Ltd, Psion</publisher>
		<rom name="travel20.opk" size="65535" crc="2f00fb63" sha1="ec1898eb489ba01c137d712d9dd604f4da699124" />
	</machine>
	<machine name="trep16">
		<description>T.R.E.P v1.6</description>
		<year>198?</year>
		<publisher>APT Projects Ltd.</publisher>
		<rom name="treplz16.opk" size="16667" crc="3d270a1e" sha1="f1c460ee457dac2f311cab98c0a374065ba85cbd" />
	</machine>
	<machine name="tsc">
		<description>Thesaurus and Spelling Checker</description>
		<year>1990</year>
		<publisher>Psion</publisher>
		<rom name="thesaurus.opk" size="262150" crc="b24ca0af" sha1="31ba8482e5a0c17e2fe83341f393668c0bdcae0f" />
	</machine>
	<machine name="xbase20">
		<description>XBase v2.0</description>
		<year>198?</year>
		<publisher>Cubsoft</publisher>
		<rom name="xbase2.opk" size="16350" crc="faecaac5" sha1="6bcc4d0fed68fdac3c628ab5858c6a81da7627a7" />
	</machine>
	<machine name="xbase30">
		<description>XBase v3.0</description>
		<year>198?</year>
		<publisher>Cubsoft</publisher>
		<rom name="xbase3.opk" size="16336" crc="4a97fe68" sha1="a1dde293b421ffbb248459e2af465fdbdba7f2bb" />
	</machine>
	<machine name="xforma">
		<description>Formulator (Alt)</description>
		<year>198?</year>
		<publisher>Psion Ltd</publisher>
		<rom name="xforma.opk" size="32773" crc="462ad96e" sha1="221235da3ecf22ac71a7ab248afc2d681ccd6d6d" />
	</machine>
	<machine name="xformtop">
		<description>Formulator Top</description>
		<year>198?</year>
		<publisher>Psion Ltd</publisher>
		<rom name="xformtop.opk" size="47862" crc="9e109d42" sha1="a91e9eb195ce865c38099cd56ceb29ec52323377" />
	</machine>
</datafile>