<?xml version="1.0" encoding="utf-8"?>
<!DOCTYPE datafile PUBLIC "-//Logiqx//DTD ROM Management Datafile//EN" "http://www.logiqx.com/Dats/datafile.dtd">
<datafile>
	<header>
		<name>pyl601</name>
		<description>Pyldin-601 disk images</description>
		<version>0.267</version>
		<author>Pleasuredome</author>
	</header>
	<machine name="arch1">
		<description>arch1</description>
		<year>19??</year>
		<publisher>&lt;unknown&gt;</publisher>
		<rom name="arch1.img" size="1474560" crc="599291b5" sha1="e0059300c85287416960a4b04a29a171fef9fd73" />
	</machine>
	<machine name="arch2">
		<description>arch2</description>
		<year>19??</year>
		<publisher>&lt;unknown&gt;</publisher>
		<rom name="arch2.img" size="1474560" crc="c408196e" sha1="7da1bebbf0b72975449c3c95ab81a3b3f4ff605c" />
	</machine>
	<machine name="arch3">
		<description>arch3</description>
		<year>19??</year>
		<publisher>&lt;unknown&gt;</publisher>
		<rom name="arch3.img" size="1474560" crc="9f8c04a3" sha1="3e5ad3ee8a313838c4dad852f234601442615de7" />
	</machine>
	<machine name="arch4">
		<description>arch4</description>
		<year>19??</year>
		<publisher>&lt;unknown&gt;</publisher>
		<rom name="arch4.img" size="1474560" crc="485b0468" sha1="2155c61f8220ba9a592c56bd06ce2b89d83bae1a" />
	</machine>
	<machine name="arch5">
		<description>arch5</description>
		<year>19??</year>
		<publisher>&lt;unknown&gt;</publisher>
		<rom name="arch5.img" size="1474560" crc="3c8febd0" sha1="c6f12d50d2660a20d40dd36ec4a0345607f05a1f" />
	</machine>
	<machine name="arch6">
		<description>arch6</description>
		<year>19??</year>
		<publisher>&lt;unknown&gt;</publisher>
		<rom name="arch6.img" size="1474560" crc="86941e6b" sha1="0424b8b4007c42379c97ea77b13851bffc4f0223" />
	</machine>
	<machine name="arch7">
		<description>arch7</description>
		<year>19??</year>
		<publisher>&lt;unknown&gt;</publisher>
		<rom name="arch7.img" size="1474560" crc="7b68d0b5" sha1="3077e9f08d76a7514802bf9ad1de23472649388b" />
	</machine>
	<machine name="disk2">
		<description>disk2</description>
		<year>19??</year>
		<publisher>&lt;unknown&gt;</publisher>
		<rom name="disk2.img" size="737280" crc="59893e2b" sha1="7c10d4352012a0224dabe3fc8772eaeb96630028" />
	</machine>
	<machine name="disk3">
		<description>disk3</description>
		<year>19??</year>
		<publisher>&lt;unknown&gt;</publisher>
		<rom name="disk3.img" size="737280" crc="577ca2ca" sha1="2d78bf13bfaa91aab66488d7ec4ef05a2dda398f" />
	</machine>
	<machine name="disk4">
		<description>disk4</description>
		<year>19??</year>
		<publisher>&lt;unknown&gt;</publisher>
		<rom name="disk4.img" size="737280" crc="3e15e083" sha1="3d793d10c0de62e1aac6c3ed4db8ceb65e14938f" />
	</machine>
	<machine name="disk5">
		<description>disk5</description>
		<year>19??</year>
		<publisher>&lt;unknown&gt;</publisher>
		<rom name="disk5.img" size="737280" crc="edbc93bc" sha1="f9a0056c1c22388754367c39fac6c584bffc753f" />
	</machine>
	<machine name="games">
		<description>games</description>
		<year>19??</year>
		<publisher>&lt;unknown&gt;</publisher>
		<rom name="games.img" size="737280" crc="c30180ff" sha1="08805812491e0991cac0890a9f467d2da6099f80" />
	</machine>
	<machine name="sash">
		<description>sash</description>
		<year>19??</year>
		<publisher>&lt;unknown&gt;</publisher>
		<rom name="sash.img" size="737280" crc="cc5a1d3d" sha1="cb9e833d56ce5d7629cb417e51769cbc9c0a9e24" />
	</machine>
	<machine name="sys1">
		<description>sys1</description>
		<year>19??</year>
		<publisher>&lt;unknown&gt;</publisher>
		<rom name="sys1.img" size="368640" crc="031d41f7" sha1="171b0df7430346d313584ba7885b29711af6f686" />
	</machine>
	<machine name="system">
		<description>system</description>
		<year>19??</year>
		<publisher>&lt;unknown&gt;</publisher>
		<rom name="system.img" size="737280" crc="b28312a4" sha1="21c7af90355b93af0bb02a925c21fcba5a7316e0" />
	</machine>
</datafile>