<?xml version="1.0" encoding="utf-8"?>
<!DOCTYPE datafile PUBLIC "-//Logiqx//DTD ROM Management Datafile//EN" "http://www.logiqx.com/Dats/datafile.dtd">
<datafile>
	<header>
		<name>ql_cart</name>
		<description>Sinclair QL cartridges</description>
		<version>0.267</version>
		<author>Pleasuredome</author>
	</header>
	<machine name="tk2_212">
		<description>Toolkit II (v2.12)</description>
		<year>2005</year>
		<publisher>Tony Tebby</publisher>
		<rom name="tk2_212.bin" size="16384" crc="076a331c" sha1="da87b88fbe56dc1e27be46a6719a88bdec7d914e" />
	</machine>
	<machine name="tk2_213">
		<description>Toolkit II (v2.13)</description>
		<year>2009</year>
		<publisher>Tony Tebby</publisher>
		<rom name="tk2_213.bin" size="16384" crc="70f522e0" sha1="7c9b67db8ce5cc32090fc59c553982f2eed4d967" />
	</machine>
	<machine name="tk2">
		<description>Toolkit II (v2.10)</description>
		<year>1985</year>
		<publisher>Tony Tebby</publisher>
		<rom name="tk2_210.bin" size="16384" crc="b53efc95" sha1="8f033523141050e1ab8dc93d0e70f897037e6ef5" />
	</machine>
</datafile>