<?xml version="1.0" encoding="utf-8"?>
<!DOCTYPE datafile PUBLIC "-//Logiqx//DTD ROM Management Datafile//EN" "http://www.logiqx.com/Dats/datafile.dtd">
<datafile>
	<header>
		<name>ql_flop</name>
		<description>Sinclair QL diskettes</description>
		<version>0.267</version>
		<author>Pleasuredome</author>
	</header>
	<machine name="abacus">
		<description>Abacus</description>
		<year>1984</year>
		<publisher>Psion</publisher>
		<rom name="qlabacus.img" size="737280" crc="a46480b3" sha1="33ce866cfaee8a8554d93269ddf4878f5722fec7" />
	</machine>
	<machine name="archive">
		<description>Archive</description>
		<year>1984</year>
		<publisher>Psion</publisher>
		<rom name="qlarchive.img" size="737280" crc="38e13094" sha1="859b83941663965b3e6a4acd55a2d25723e438e2" />
	</machine>
	<machine name="easel">
		<description>Easel</description>
		<year>1984</year>
		<publisher>Psion</publisher>
		<rom name="qleasel.img" size="737280" crc="6e8674e0" sha1="1a24d700349766c02a5b42eb9d1c9496120f7f22" />
	</machine>
	<machine name="quill">
		<description>Quill</description>
		<year>1984</year>
		<publisher>Psion</publisher>
		<rom name="qlquill.img" size="737280" crc="ac41ceca" sha1="4f855a10ce9c5bdd3b36cd9b9b02540c123b0932" />
	</machine>
	<machine name="simulatr">
		<description>The Simulator</description>
		<year>1988</year>
		<publisher>Ekotek Datasystems</publisher>
		<rom name="master.img" size="737280" crc="d04455e5" sha1="f5df5468c85b470ebe81a536fc6d4d69130698a3" />
		<rom name="runcopy.img" size="737280" crc="53fcaa62" sha1="0584a0fd321bd2db5230cb84382c6c5aab4213d7" />
	</machine>
</datafile>