<?xml version="1.0" encoding="utf-8"?>
<!DOCTYPE datafile PUBLIC "-//Logiqx//DTD ROM Management Datafile//EN" "http://www.logiqx.com/Dats/datafile.dtd">
<datafile>
	<header>
		<name>qx10_flop</name>
		<description>Epson QX-10 diskettes</description>
		<version>0.267</version>
		<author>Pleasuredome</author>
	</header>
	<machine name="cpm22_83">
		<description>CP/M-80 R2.2 for QX-10 &amp; QX-16 1983</description>
		<year>1983</year>
		<publisher>Epson</publisher>
		<rom name="qx10_cpm.imd" size="273195" crc="47d0c8cc" sha1="f6a10a280925d26d4c74cdf17e01ace13ead4773" />
	</machine>
	<machine name="cpm22mf">
		<description>QX-10 MultiFonts CP/M v.2.2</description>
		<year>198?</year>
		<publisher>Epson</publisher>
		<rom name="cpm22m1.td0" size="143444" crc="7d2c8c24" sha1="391cab93776bb81b2fab9bbbf25fb3ff714068f9" />
		<rom name="q10diags.td0" size="21516" crc="b5efabcb" sha1="962ac668e48e27bb54b40edbaf23c23cc63e1887" />
	</machine>
	<machine name="cpm22">
		<description>CP/M-80 R2.2 for QX-10 &amp; QX-16</description>
		<year>1984</year>
		<publisher>Epson</publisher>
		<rom name="epsnqx10.td0" size="238734" crc="f14a8b30" sha1="f951416a80caba395d4ce1e0fa0d14a8d0b5ea04" />
	</machine>
	<machine name="cpmplus">
		<description>QX-10 CP/M Plus (v3.1A)</description>
		<year>1984</year>
		<publisher>MML Systems</publisher>
		<rom name="cpls_sys.td0" size="268249" crc="6de5a463" sha1="a2742f27c5ff8f0df7d7054237b5819f203fd3e3" status="baddump" />
		<rom name="cplsprgm.td0" size="154362" crc="490e6874" sha1="ca02c9d266e949632b162c1f77819c1b94617aa1" />
		<rom name="q10gsx.td0" size="56948" crc="e687507e" sha1="51b77db3703058a9ea8fc37d1a73180f34151f40" />
		<rom name="qpls-utl.td0" size="108906" crc="5f609110" sha1="ff8d95855941141352f650bdea291fec23e4e737" />
	</machine>
	<machine name="tmp2">
		<description>TMP-II for QX-10 256K (v2.44)</description>
		<year>1983</year>
		<publisher>C.D.L.</publisher>
		<rom name="epsnvldc.td0" size="214626" crc="65487b11" sha1="40bffdc914a8afbfde9eeb6b859ac5da1a7a76f6" />
	</machine>
</datafile>