<?xml version="1.0" encoding="utf-8"?>
<!DOCTYPE datafile PUBLIC "-//Logiqx//DTD ROM Management Datafile//EN" "http://www.logiqx.com/Dats/datafile.dtd">
<datafile>
	<header>
		<name>roland_tnsc2</name>
		<description>Roland TN-SC2 Music Style Cards</description>
		<version>0.267</version>
		<author>Pleasuredome</author>
	</header>
	<machine name="tn_sc2_04">
		<description>TN-SC2-04 Dance</description>
		<year>1992</year>
		<publisher>Roland</publisher>
		<rom name="tn-sc2-04.bin" size="65536" crc="7fd52461" sha1="38e76a348eca1644999361650e2d99f55578a141" />
	</machine>
</datafile>