<?xml version="1.0" encoding="utf-8"?>
<!DOCTYPE datafile PUBLIC "-//Logiqx//DTD ROM Management Datafile//EN" "http://www.logiqx.com/Dats/datafile.dtd">
<datafile>
	<header>
		<name>sage2</name>
		<description>Sage II Disk Images</description>
		<version>0.267</version>
		<author>Pleasuredome</author>
	</header>
	<machine name="cpm68k">
		<description>CP/M 68K v1.1</description>
		<year>1983</year>
		<publisher>Stride Micro</publisher>
		<rom name="master-a.imd" size="611310" crc="4b197ce0" sha1="6fed9530e71535f10c51b0a0e49f4ac5cb0e3bd3" />
		<rom name="master-b.imd" size="472315" crc="97be282a" sha1="0dd3ad00b40c1c1f57fe513140603a0f4b4cbc40" />
		<rom name="master-c.imd" size="536201" crc="bf30bd39" sha1="832620f71444c24c755dba83ce675b7af87248f4" />
	</machine>
	<machine name="psysiv13">
		<description>p-System IV.13</description>
		<year>1983</year>
		<publisher>Sage Computer</publisher>
		<rom name="build.imd" size="610236" crc="69093a41" sha1="5c9a74e34eb50855e36436a8fb2eb776d26d89be" />
		<rom name="business.imd" size="646508" crc="36dd2dc9" sha1="810a8b8633369d58c355a43eaa05f1743da69296" />
		<rom name="system.imd" size="653153" crc="700e2fc1" sha1="ae841edb995cf13292bedce65d2307f58397f28f" />
		<rom name="utility.imd" size="638331" crc="351102c0" sha1="925ce1ebc306aaa6cb630b876c9f2a7c0b22a242" />
	</machine>
	<machine name="psysiv21">
		<description>p-System IV.21</description>
		<year>1983</year>
		<publisher>Stride Micro</publisher>
		<rom name="dk0134b.imd" size="487641" crc="3c8fb047" sha1="35fc78f7ddbd5e2d807f20302b9d958d3c7c68ba" />
		<rom name="dk0135b.imd" size="634300" crc="bb8b65de" sha1="a316e5d71417370f88cd2716266ec6926d493669" />
		<rom name="dk0136b.imd" size="617926" crc="863398ff" sha1="e8e10f3b75f0b71ba9d7efb86a9dfd4da58defa6" />
		<rom name="dk0137b.imd" size="633255" crc="72949a3c" sha1="e0b47243365b361f6e2acb697d50f25ecd4da740" />
	</machine>
	<machine name="sources">
		<description>Sage Sources</description>
		<year>1984</year>
		<publisher>Sage Computer</publisher>
		<rom name="sources1.imd" size="621981" crc="b7d2a0bd" sha1="2d2d2e2efab8a8b8e3aeb42e3a4e9d51396e893b" />
		<rom name="sources2.imd" size="287787" crc="9730cc92" sha1="db9b3770c3cf9243ae853c685b7f723ef8d45326" />
	</machine>
</datafile>