<?xml version="1.0" encoding="utf-8"?>
<!DOCTYPE datafile PUBLIC "-//Logiqx//DTD ROM Management Datafile//EN" "http://www.logiqx.com/Dats/datafile.dtd">
<datafile>
	<header>
		<name>saitek_egr</name>
		<description>Saitek Endgame ROM</description>
		<version>0.267</version>
		<author>Pleasuredome</author>
	</header>
	<machine name="egr2a">
		<description>Endgame ROM (ver. 2, set 2)</description>
		<year>1988</year>
		<publisher>Saitek</publisher>
		<rom name="egrii_a20" size="32768" crc="502ebf3e" sha1="e0662f76f2f3d62fed3087de3c673b37426049bf" />
	</machine>
	<machine name="egr2">
		<description>Endgame ROM (ver. 2, set 1)</description>
		<year>1988</year>
		<publisher>Saitek</publisher>
		<rom name="egrii_707_u4" size="32768" crc="9f751516" sha1="c46053b0af55856f2a6871d4aa65b3bd0e7d865f" />
	</machine>
	<machine name="egr">
		<description>Endgame ROM (ver. 1, set 1)</description>
		<year>1988</year>
		<publisher>Saitek</publisher>
		<rom name="egr.bin" size="32768" crc="1f9800c8" sha1="6147ad3de65b897fa5f6ab06b2f8597403d6e32e" />
	</machine>
	<machine name="egra">
		<description>Endgame ROM (ver. 1, set 2)</description>
		<year>1988</year>
		<publisher>Saitek</publisher>
		<rom name="egr_11c_u4" size="32768" crc="733fb840" sha1="da975f571b4eaaca4626987e8c021d088df63e16" />
	</machine>
</datafile>