<?xml version="1.0" encoding="utf-8"?>
<!DOCTYPE datafile PUBLIC "-//Logiqx//DTD ROM Management Datafile//EN" "http://www.logiqx.com/Dats/datafile.dtd">
<datafile>
	<header>
		<name>segaai</name>
		<description>Sega AI Software</description>
		<version>0.267</version>
		<author>Pleasuredome</author>
	</header>
	<machine name="aienikki">
		<description>AI Enikki</description>
		<year>1989</year>
		<publisher>Sega?</publisher>
		<rom name="ai enikki.bin" size="131072" crc="79bcc160" sha1="6a4280af6d668b0047629ad64e2b85626805913a" />
		<rom name="ai enikki.jpg" size="210681" crc="1d218dab" sha1="8d351acd7a6808ebc2d889caa016d85501c19cca" />
	</machine>
	<machine name="aienikkia">
		<description>AI Enikki (1986)</description>
		<year>1986</year>
		<publisher>Sega?</publisher>
		<rom name="ai enikki (1986).bin" size="98304" crc="1849119c" sha1="2b04fe1ba0196ef24f2e1ea0270785cbbbf29c40" />
		<rom name="ai enikki (1986).jpg" size="415344" crc="8bb40fa4" sha1="801316456a800e6bc19fb840adacb09d328a450b" />
	</machine>
	<machine name="alicewor">
		<description>Alice World</description>
		<year>1988</year>
		<publisher>Sega</publisher>
		<rom name="alice world.bin" size="131072" crc="1647d3a6" sha1="680033fb5d0e4b91cd0078d4ab12e5f4fe122119" />
		<rom name="alice world.jpg" size="453649" crc="9c44ccdb" sha1="4b3e8aa25a868f154630cfe166ad89376f9e5917" />
	</machine>
	<machine name="alicewort">
		<description>Alice World (tape, older)</description>
		<year>1986</year>
		<publisher>Sega</publisher>
		<rom name="alice world (1986).flac" size="70982226" crc="d49d9a74" sha1="40e7c48217dd44156de6126521ea6fd25056a4f1" />
		<rom name="alice world (1986).jpg" size="357096" crc="64b2482d" sha1="e756a4054d2b0f45a02620a581134d86d1496737" />
	</machine>
	<machine name="andersen">
		<description>Andersen Dream</description>
		<year>1988</year>
		<publisher>Sega</publisher>
		<rom name="andersen dream.bin" size="131072" crc="ef23c880" sha1="9f78bd9c2e583fa258451a98db13ec2428cef242" />
		<rom name="andersen dream.jpg" size="466888" crc="0793000a" sha1="62027ae7fd5af95bfbdecdabc1b60dc6fdbac58f" />
	</machine>
	<machine name="andersent">
		<description>Andersen Dream (tape, older)</description>
		<year>1987</year>
		<publisher>Sega</publisher>
		<rom name="andersen dream (1987).flac" size="112724313" crc="884806f2" sha1="439b4bd107f3d0d59bba32c43d1486e0763e4ac4" />
		<rom name="andersen dream (1987).jpg" size="411831" crc="2f03ae8a" sha1="7d16493baec1fdf5e9ba5d284f421be362a39951" />
	</machine>
	<machine name="arabiann">
		<description>Arabian Night</description>
		<year>1988</year>
		<publisher>Sega</publisher>
		<rom name="arabian night.bin" size="262144" crc="c47ca594" sha1="347d525de9a00da557b684caae7d75680aae50fd" />
		<rom name="arabian night.jpg" size="539768" crc="c880f203" sha1="1c1327e16f1a73e40555882fc7065b772434f861" />
	</machine>
	<machine name="arabiannt">
		<description>Arabian Night (tape, older)</description>
		<year>1987</year>
		<publisher>Sega</publisher>
		<rom name="arabian night (1987).flac" size="130947422" crc="f750ca29" sha1="f8e46123f3c7172bbf64ab032cac7b8419f9c5b1" />
		<rom name="arabian night (1987).jpg" size="414478" crc="e4080789" sha1="d40660a456535df962f806a9d6447fb1233ba2ea" />
	</machine>
	<machine name="cinderel">
		<description>Cinderella Labyrinth</description>
		<year>1988</year>
		<publisher>Sega</publisher>
		<rom name="cinderella labyrinth.bin" size="131072" crc="cc865679" sha1="49a4cdb6f775786285271f7ea07334a8fad7a7f9" />
		<rom name="cinderella labyrinth.jpg" size="601568" crc="9d8f9786" sha1="761355f3fd4dfb0a75ca48b6be8833b6f9e8e141" />
	</machine>
	<machine name="cinderelt">
		<description>Cinderella Labyrinth (tape, older)</description>
		<year>1986</year>
		<publisher>Sega</publisher>
		<rom name="cinderella labyrinth (1986).flac" size="63843667" crc="f0f89f0e" sha1="800c0cc4924551ba99a4379a85508ac91cfb453b" />
		<rom name="cinderella labyrinth (1986).jpg" size="512880" crc="4aee47fc" sha1="9b5be6597b1f77ce770d423686109d57cba7395e" />
	</machine>
	<machine name="columbus">
		<description>Columbus Map</description>
		<year>1988</year>
		<publisher>Sega</publisher>
		<rom name="columbus map.bin" size="131072" crc="c95cd4e3" sha1="7aafc37b81d524f046e62dd2e289d142b3c639a6" />
		<rom name="columbus map.jpg" size="459268" crc="c5f6477a" sha1="336b89fa073d6a1303c932d604118a7518582b42" />
	</machine>
	<machine name="columbust">
		<description>Columbus Map (tape, older)</description>
		<year>1987</year>
		<publisher>Sega</publisher>
		<rom name="columbus map (1987).flac" size="64783507" crc="4478e9cc" sha1="615f3bb0a3d4be28ce6f7faf5cb165386475c90d" />
		<rom name="columbus map (1987).jpg" size="662612" crc="631b58cb" sha1="8dff423f00d17cde01b62bce03f46ed922e50a9c" />
	</machine>
	<machine name="cosmictr">
		<description>Cosmic Train</description>
		<year>1988</year>
		<publisher>Sega</publisher>
		<rom name="cosmic train.bin" size="131072" crc="cc70a670" sha1="38b8d458540ede5d91f2e1ea8e6dc9a7ed475d82" />
		<rom name="cosmic train.jpg" size="475288" crc="f0aa8f0e" sha1="e37165b44aa05c0191b6dac73ed8dfd07e647896" />
	</machine>
	<machine name="cosmictrt">
		<description>Cosmic Train (tape, older)</description>
		<year>1987</year>
		<publisher>Sega</publisher>
		<rom name="cosmic train (1987).flac" size="120000310" crc="144f9204" sha1="3d8a0ec86c6e4515857853fedd34588a2545249e" />
		<rom name="cosmic train (1987).jpg" size="440521" crc="735e7ced" sha1="41d2547b802c296620c67ea12866e116fa80d399" />
	</machine>
	<machine name="eigogame">
		<description>Eigo de Game - English Wonder School: Popo's Adventure</description>
		<year>1989</year>
		<publisher>Sega</publisher>
		<rom name="eigo de game 1 - popo no yume.bin" size="262144" crc="096ed76a" sha1="c9ad9479b72c7b58c596feaab984697b6cc1aa9e" />
		<rom name="eigo de game 1 - popo no yume.flac" size="62294686" crc="2a89cd04" sha1="7207aae9543744a198dafaa969a812ddaa667160" />
		<rom name="eigo de game 2 - popoland no himitsu.bin" size="262144" crc="bd55f48c" sha1="8d25a2cbbf53844df94fc1becf461adc8b3f0190" />
		<rom name="eigo de game 2 - popoland no himitsu.flac" size="71325328" crc="f6bbee6c" sha1="c967cf013e7fc02aed7ad5d0979c05cf280fd30e" />
	</machine>
	<machine name="eigoohan">
		<description>Eigo de Ohanashi - English Wonder School: Folk &amp; Fairy Tales</description>
		<year>1989</year>
		<publisher>Sega</publisher>
		<rom name="eigo de ohanashi 1 (side a).flac" size="58086526" crc="7a57c841" sha1="701013bcce40110e13ec3c2adfd2f65f6dfcf06b" />
		<rom name="eigo de ohanashi 1 (side b).flac" size="55647160" crc="bb1debfd" sha1="622b23180a21f55743a4864d446bc31007e287b5" />
		<rom name="eigo de ohanashi 1.bin" size="262144" crc="a43c79ba" sha1="2f69ea2b126803463f512c4b95c5586961214eaa" />
		<rom name="eigo de ohanashi 2 (side a).flac" size="60913103" crc="2b3c496f" sha1="4d826c54b30c9e6df2f4275666cb932405a6cd1f" />
		<rom name="eigo de ohanashi 2 (side b).flac" size="58812097" crc="2cca36eb" sha1="393d1b6ed5318d07a9407644ed921e2b76569ffd" />
		<rom name="eigo de ohanashi 2.bin" size="262144" crc="ce241ffb" sha1="6d903af3c7f7f98090228f011936132ddd4f2cc6" />
	</machine>
	<machine name="eigouta">
		<description>Eigo no Uta</description>
		<year>1989</year>
		<publisher>Sega</publisher>
		<rom name="eigo no uta 1.bin" size="131072" crc="8df52aaa" sha1="89be8e65fdad6d81148ecba1a1cda5af84a6e214" />
		<rom name="eigo no uta 2.bin" size="131072" crc="db423710" sha1="adb9d9c8d0e74cc87eb2a53039f2abddcb5cb5f7" />
	</machine>
	<machine name="gulliver">
		<description>Gulliver Pocket</description>
		<year>1988</year>
		<publisher>Sega</publisher>
		<rom name="gulliver pocket.bin" size="131072" crc="766b1630" sha1="d186bbd6f6e1d4577efc820c80b2e492ac979c4c" />
		<rom name="gulliver pocket.jpg" size="486686" crc="34a25d62" sha1="33624aa0b6c73cd5c7d0454df6f9a0858c02c28f" />
	</machine>
	<machine name="gullivert">
		<description>Gulliver Pocket (tape, older)</description>
		<year>1986</year>
		<publisher>Sega</publisher>
		<rom name="gulliver pocket (1986).flac" size="62076328" crc="12fd6a59" sha1="c0523cad2656df42ce83465540d6637ca956f176" />
		<rom name="gulliver pocket (1986).jpg" size="424585" crc="ad13e8e7" sha1="a79e725c5cafdf9ddd1afa6f38510db390ab3dc5" />
	</machine>
	<machine name="henshin">
		<description>Henshin Kanji</description>
		<year>1988</year>
		<publisher>Sega</publisher>
		<rom name="henshin kanji.bin" size="262144" crc="1248035d" sha1="920386cd72482a389217de9387a7ee39fc226be1" />
	</machine>
	<machine name="mozartac">
		<description>Mozart Academy</description>
		<year>1988</year>
		<publisher>Sega</publisher>
		<rom name="mozart academy.bin" size="131072" crc="09bbee0f" sha1="16df750fd7f1f1882768e0e6cee89b92863cf79e" />
		<rom name="mozart academy.jpg" size="364362" crc="9e8818ad" sha1="8bd614c0df29b6a897a7776212952b7c3bb6b409" />
	</machine>
	<machine name="mozartact">
		<description>Mozart Academy (tape, older)</description>
		<year>1986</year>
		<publisher>Sega</publisher>
		<rom name="mozart academy (1986).flac" size="63942538" crc="165597f8" sha1="5f7e1036e56a361ae89532cdd9996d4c3f8d624c" />
		<rom name="mozart academy (1986).jpg" size="249080" crc="92368896" sha1="b64db5d24a1509c2970ac35864426078083c89d1" />
	</machine>
	<machine name="oceanfan">
		<description>Ocean Fantasy</description>
		<year>1988</year>
		<publisher>Sega</publisher>
		<rom name="ocean fantasy.bin" size="262144" crc="2fe2d406" sha1="eab433b27725b3ef884c66f2ec1ba04af9a61dc1" />
		<rom name="ocean fantasy.jpg" size="470555" crc="fd1f318d" sha1="4ecf38dafbd5f117511835b0ea7faaac171dce29" />
	</machine>
	<machine name="oceanfant">
		<description>Ocean Fantasy (tape, older)</description>
		<year>1987</year>
		<publisher>Sega</publisher>
		<rom name="ocean fantasy (1987).flac" size="146922567" crc="0e67892c" sha1="8d9a1474c87a2e2f147e528b51f9903cf7f08c11" />
		<rom name="ocean fantasy (1987).jpg" size="304726" crc="b927f8c1" sha1="4b59e3bdb7c4ed160cb678f24b5a4e07508a6e43" />
	</machine>
	<machine name="okeihana">
		<description>Okeiko Hanamaru Aiueo</description>
		<year>1988</year>
		<publisher>Sega</publisher>
		<rom name="hanamaru aiueo.bin" size="131072" crc="60bfd7c3" sha1="44fc802e66f086a3cb49e4fcde22ce6f704b405f" />
		<rom name="okeiko aiueo.bin" size="131072" crc="252a0490" sha1="ab9d00a575bf0fb12557315fcd7c7e16caa8d802" />
	</machine>
	<machine name="pinponmm">
		<description>Pinpon Music Melody</description>
		<year>1988</year>
		<publisher>Sega</publisher>
		<rom name="pinpon music melody.bin" size="131072" crc="be1d6294" sha1="2f68fb9df67946faf8d2b28d29ba50bf76e83004" />
		<rom name="pinpon music melody.jpg" size="336083" crc="8b3ef04f" sha1="1b73747727c1d9febb5fb1e8f7164c17d66f7873" />
	</machine>
	<machine name="pinponmmo">
		<description>Pinpon Music Melody (1987)</description>
		<year>1987</year>
		<publisher>Sega</publisher>
		<rom name="pinpon music melody (1987).bin" size="131072" crc="2deecb0c" sha1="3bddf3950921d09cf34e6def23cf491c8fa670c2" />
	</machine>
	<machine name="pinponmr">
		<description>Pinpon Music Rhythm</description>
		<year>1988</year>
		<publisher>Sega</publisher>
		<rom name="pinpon music rhythm.bin" size="131072" crc="eb17ce84" sha1="42a04e7b8eac3a0e9852c75ec612a4e997d5505e" />
		<rom name="pinpon music rhythm.jpg" size="363366" crc="4a66fef5" sha1="f4c5626e06f1d032a153c73c45139bb87a8e8d72" />
	</machine>
	<machine name="pinponmro">
		<description>Pinpon Music Rhythm (1987)</description>
		<year>1987</year>
		<publisher>Sega</publisher>
		<rom name="pinpon music rhythm (1987).bin" size="131072" crc="376195cb" sha1="709d53959082a3e5477fb15c187612c98b0baac5" />
	</machine>
	<machine name="pinponnm">
		<description>Pinpon Numbers</description>
		<year>1987</year>
		<publisher>Sega</publisher>
		<rom name="pinpon numbers.bin" size="131072" crc="8103d3b0" sha1="93ba9244bf6e07789617b2d182043da28aea0999" />
		<rom name="pinpon numbers.jpg" size="408197" crc="525fe509" sha1="8f7c2f44a0948a306444432a9d6be7ea536590c1" />
	</machine>
	<machine name="ranranme">
		<description>Ranran Melody</description>
		<year>1988</year>
		<publisher>Sega</publisher>
		<rom name="ranran melody.bin" size="131072" crc="6e7b1b27" sha1="d66eee759ac03bf877005d699e50af264f0f475b" />
		<rom name="ranran melody.jpg" size="342453" crc="a8961042" sha1="69040f152ddacf87cd6801b017fb1326271434f3" />
	</machine>
	<machine name="robinson">
		<description>Robinson Land</description>
		<year>1988</year>
		<publisher>Sega</publisher>
		<rom name="robinson land.bin" size="131072" crc="60d22b3d" sha1="fa17ec899c8ed87681c110c3ef0e05d46fc9cdf3" />
		<rom name="robinson land.jpg" size="348822" crc="f5170856" sha1="97dd3264326232ab320753fd8228195b67f727b8" />
	</machine>
	<machine name="robinsont">
		<description>Robinson Land (tape, older)</description>
		<year>1987</year>
		<publisher>Sega</publisher>
		<rom name="robinson land (1987).flac" size="61534605" crc="9c7b099d" sha1="e196aafd6b3d4ec90c234205e0a9a6a1696ed38b" />
	</machine>
	<machine name="runrunmu">
		<description>Runrun Music</description>
		<year>1988</year>
		<publisher>Sega</publisher>
		<rom name="runrun music.bin" size="131072" crc="9e8f5233" sha1="f0396cb16b6b5295eef71a4acda5c45d492313e1" />
		<rom name="runrun music.jpg" size="455482" crc="aff199c2" sha1="2bf73ee463808f6f4b5b1b7434b94f04ca5d1a40" />
	</machine>
	<machine name="tantanrh">
		<description>Tantan Rhythm</description>
		<year>1988</year>
		<publisher>Sega</publisher>
		<rom name="tantan rhythm.bin" size="131072" crc="33059c56" sha1="8ee471bc616cd476b64dcd63eb493c980e0dd888" />
		<rom name="tantan rhythm.jpg" size="426500" crc="6306408a" sha1="e9332fbeee99cc502ae3ee6fc9b55f98bf4d44ce" />
	</machine>
	<machine name="wakuwaku">
		<description>Waku Waku ABC to 123</description>
		<year>1988</year>
		<publisher>Sega</publisher>
		<rom name="waku waku abc to 123.bin" size="262144" crc="de094c16" sha1="57e6c027004b2a4086d2a061c1373ee71c5f6faa" />
	</machine>
</datafile>